"p_val","avg_log2FC","pct.1","pct.2","p_val_adj","cluster","gene","delta_pct"
0,3.54639241094657,0.941,0.275,0,"ACKR1_high_endothelial","ACKR1",0.666
0,1.79844489940861,0.816,0.241,0,"ACKR1_high_endothelial","SPRY1",0.575
0,2.5110440229934,0.914,0.347,0,"ACKR1_high_endothelial","AQP1",0.567
0,1.99129472272182,0.851,0.376,0,"ACKR1_high_endothelial","LMCD1",0.475
0,2.16558116934943,0.645,0.209,0,"ACKR1_high_endothelial","COL15A1",0.436
0,3.7447693212925,0.484,0.052,0,"ACKR1_high_endothelial","SELP",0.432
0,2.10047574625156,0.744,0.319,0,"ACKR1_high_endothelial","CXorf36",0.425
0,3.33440586651373,0.413,0.062,0,"ACKR1_high_endothelial","MEOX1",0.351
0,1.64534409525166,0.922,0.643,0,"ACKR1_high_endothelial","HLA-DPA1",0.279
0,1.38311351511353,0.998,0.839,0,"ACKR1_high_endothelial","IGFBP7",0.159
0,1.49288734833884,0.981,0.839,0,"ACKR1_high_endothelial","HLA-DRB1",0.142
0,0.999605585185507,0.998,0.978,0,"ACKR1_high_endothelial","ACTG1",0.02
0,0.622200162521028,0.999,0.997,0,"ACKR1_high_endothelial","RPL8",0.002
1.06965314410924e-310,0.602429623498959,0.999,0.996,2.6211850296397e-306,"ACKR1_high_endothelial","RPS2",0.003
1.64555708405594e-304,2.33694957627907,0.599,0.223,4.03243763447909e-300,"ACKR1_high_endothelial","VWA1",0.376
6.07144348672531e-297,0.524200469298632,0.999,0.997,1.48780722642204e-292,"ACKR1_high_endothelial","RPL3",0.002
8.41919078698404e-295,1.09948367357638,0.964,0.81,2.06312270235044e-290,"ACKR1_high_endothelial","HLA-DRA",0.154
8.80799234639177e-293,1.00825436586418,0.952,0.843,2.1583985244833e-288,"ACKR1_high_endothelial","NPDC1",0.109
6.83517999079041e-280,4.04726058549226,0.259,0.028,1.67496085674319e-275,"ACKR1_high_endothelial","KRT7",0.231
2.59418567617968e-279,1.57437764542808,0.804,0.516,6.35705199947832e-275,"ACKR1_high_endothelial","DUSP23",0.288
1.92486093009658e-272,0.848022850065546,0.995,0.956,4.71687170920168e-268,"ACKR1_high_endothelial","CD74",0.039
1.77285378535792e-264,0.9804533364269,0.965,0.785,4.34437820101959e-260,"ACKR1_high_endothelial","ITM2A",0.18
3.29485641024849e-264,0.509993143943784,0.998,0.995,8.07404563331393e-260,"ACKR1_high_endothelial","RPS4X",0.003
8.87785189012571e-258,0.508793149746756,0.997,0.993,2.1755176056753e-253,"ACKR1_high_endothelial","RPL29",0.004
2.73705198574894e-257,1.7699753005665,0.625,0.26,6.70714589107777e-253,"ACKR1_high_endothelial","LSR",0.365
1.19574509052709e-247,1.93473837986952,0.553,0.205,2.93017334433664e-243,"ACKR1_high_endothelial","IL3RA",0.348
4.24348634915878e-245,3.94500953667804,0.213,0.02,1.03986632986136e-240,"ACKR1_high_endothelial","DOCK11",0.193
1.486875435268e-237,0.483809133058021,0.999,0.995,3.64358825412422e-233,"ACKR1_high_endothelial","RPS6",0.004
2.13924099533082e-233,2.64055514208036,0.324,0.064,5.24221005905818e-229,"ACKR1_high_endothelial","CPVL",0.26
3.95623786349945e-231,0.404788376563583,1,1,9.69476088450541e-227,"ACKR1_high_endothelial","RPL13",0
4.66936082783874e-229,2.71411213597045,0.327,0.069,1.14422687086188e-224,"ACKR1_high_endothelial","ELOVL7",0.258
3.8213400311447e-227,0.433461352137437,0.999,0.996,9.36419374632008e-223,"ACKR1_high_endothelial","RPL7A",0.003
5.81992377919482e-227,1.49132942705909,0.672,0.313,1.42617232209169e-222,"ACKR1_high_endothelial","NES",0.359
2.84698239354265e-223,1.26803971116483,0.864,0.705,6.97653035537627e-219,"ACKR1_high_endothelial","ENG",0.159
4.98425017338903e-223,1.54611888982389,0.63,0.278,1.22139050498898e-218,"ACKR1_high_endothelial","ABCB1",0.352
5.51591826252156e-217,1.33880659869529,0.819,0.548,1.35167577023091e-212,"ACKR1_high_endothelial","LIFR",0.271
1.39276117776487e-213,1.79360708179798,0.592,0.272,3.41296126611282e-209,"ACKR1_high_endothelial","CLEC2B",0.32
2.25805619520081e-212,3.77336437133619,0.201,0.022,5.53336670633959e-208,"ACKR1_high_endothelial","HOPX",0.179
3.17572063565955e-210,1.27711489060815,0.82,0.584,7.78210341768373e-206,"ACKR1_high_endothelial","HLA-DPB1",0.236
6.57928574185141e-210,0.702754354456542,0.986,0.832,1.61225397104069e-205,"ACKR1_high_endothelial","IFI27",0.154
2.23622817471661e-209,1.28888733227151,0.744,0.422,5.47987714214306e-205,"ACKR1_high_endothelial","TSHZ2",0.322
2.65074670024582e-207,0.998419099263848,0.903,0.691,6.49565478895237e-203,"ACKR1_high_endothelial","RAMP3",0.212
1.7612922654352e-206,2.67688775164089,0.307,0.067,4.31604669644895e-202,"ACKR1_high_endothelial","EPB41L3",0.24
3.65836761636491e-205,1.43343742623787,0.791,0.567,8.96482984390221e-201,"ACKR1_high_endothelial","CTSC",0.224
3.24081549304662e-202,0.769654501927137,0.96,0.867,7.94161836571074e-198,"ACKR1_high_endothelial","FXYD5",0.093
7.22437275994643e-201,1.086703208474,0.853,0.641,1.77033254482487e-196,"ACKR1_high_endothelial","ITGA6",0.212
6.67398127584121e-200,0.380525083258879,0.999,0.998,1.63545911164489e-195,"ACKR1_high_endothelial","RPL26",0.001
8.08191539615882e-193,0.923871070307561,0.911,0.765,1.98047336782872e-188,"ACKR1_high_endothelial","LDHA",0.146
1.20984957055739e-189,0.369172209755709,0.999,0.999,2.96473637265087e-185,"ACKR1_high_endothelial","RPS23",0
2.15698515778071e-187,1.32912653092303,0.73,0.445,5.28569212914164e-183,"ACKR1_high_endothelial","CTSH",0.285
4.26425777727859e-187,1.29543538233816,0.762,0.481,1.04495636832212e-182,"ACKR1_high_endothelial","CD320",0.281
1.52778884750624e-185,1.34420548336978,0.738,0.489,3.74384657081405e-181,"ACKR1_high_endothelial","PRSS23",0.249
2.88748380085628e-183,0.418771968602238,0.994,0.989,7.0757790539983e-179,"ACKR1_high_endothelial","GNB2L1",0.005
1.46644786039862e-182,1.09227060270119,0.812,0.583,3.59353048190683e-178,"ACKR1_high_endothelial","ADGRL4",0.229
1.26371150397595e-180,1.85021784730918,0.507,0.207,3.09672504049306e-176,"ACKR1_high_endothelial","RGS16",0.3
7.46509933237884e-180,2.1539830552182,0.348,0.097,1.82932259139944e-175,"ACKR1_high_endothelial","NOV",0.251
3.03821966891128e-179,2.58184819659958,0.302,0.075,7.44515729866709e-175,"ACKR1_high_endothelial","ADM5",0.227
2.92839062798366e-178,3.68807182299074,0.169,0.018,7.17602123387397e-174,"ACKR1_high_endothelial","CADM3-AS1",0.151
5.7487494377933e-177,2.88353816617126,0.216,0.035,1.40873104973125e-172,"ACKR1_high_endothelial","LEF1",0.181
8.93144131187668e-177,3.10599806487732,0.214,0.034,2.18864969347538e-172,"ACKR1_high_endothelial","EPS8L2",0.18
1.32785572330824e-176,2.15036886424067,0.354,0.104,3.25391044996685e-172,"ACKR1_high_endothelial","FAM171A1",0.25
1.97480152691223e-176,0.515156549147355,0.999,0.997,4.83925114169841e-172,"ACKR1_high_endothelial","TMSB10",0.002
4.56081846662078e-176,1.75100470327945,0.49,0.204,1.11762856524542e-171,"ACKR1_high_endothelial","SPHK1",0.286
4.46769346226719e-175,3.08912397832316,0.211,0.034,1.09480828292858e-170,"ACKR1_high_endothelial","PLPP2",0.177
1.58500920416663e-173,0.423250317415063,1,0.994,3.88406505481034e-169,"ACKR1_high_endothelial","RPL12",0.00600000000000001
4.41973454432798e-173,1.79241037193936,0.421,0.145,1.08305595008757e-168,"ACKR1_high_endothelial","MET",0.276
3.26511023391742e-172,2.36194830049944,0.335,0.095,8.00115262821464e-168,"ACKR1_high_endothelial","HLA-DQA1",0.24
7.14189828713839e-170,1.74605702582796,0.457,0.176,1.75012217526326e-165,"ACKR1_high_endothelial","RUNDC3B",0.281
9.98787267216314e-170,2.72814661722784,0.262,0.058,2.44752819831358e-165,"ACKR1_high_endothelial","DEGS2",0.204
8.3973748370361e-168,1.51127271668362,0.562,0.266,2.0577767038157e-163,"ACKR1_high_endothelial","TPD52L1",0.296
2.35436939191015e-167,2.09990826691595,0.299,0.076,5.76938219487583e-163,"ACKR1_high_endothelial","TSPAN13",0.223
2.22163041918125e-165,0.531584935965087,0.983,0.954,5.44410534220365e-161,"ACKR1_high_endothelial","RPL4",0.029
8.50740345295798e-165,2.20913288115316,0.326,0.094,2.08473921614735e-160,"ACKR1_high_endothelial","ADAMTSL1",0.232
2.28888692378396e-164,0.358190078970737,1,0.998,5.60891740673259e-160,"ACKR1_high_endothelial","RPL32",0.002
8.10241094067678e-162,0.403645894695813,0.998,0.994,1.98549580101285e-157,"ACKR1_high_endothelial","RPS9",0.004
6.41235082355096e-161,0.359118637007931,0.999,0.997,1.57134656931116e-156,"ACKR1_high_endothelial","RPL28",0.002
5.3592768868182e-158,0.619129027750399,0.978,0.936,1.3132908011148e-153,"ACKR1_high_endothelial","IFITM2",0.0419999999999999
1.03431371825638e-157,0.38422391176517,0.996,0.991,2.53458576658725e-153,"ACKR1_high_endothelial","NACA",0.005
2.78614669040717e-156,1.69739075840335,0.458,0.19,6.82745246484277e-152,"ACKR1_high_endothelial","CARHSP1",0.268
1.67814123476363e-153,1.99854050136577,0.324,0.096,4.11228509578827e-149,"ACKR1_high_endothelial","SPOCK1",0.228
1.15473957484255e-152,1.93216567739387,0.526,0.267,2.82968932815168e-148,"ACKR1_high_endothelial","LCN6",0.259
2.15931579553297e-151,1.64743398431451,0.483,0.212,5.29140335695354e-147,"ACKR1_high_endothelial","C10orf128",0.271
9.84774078955009e-151,0.670765914697839,0.957,0.825,2.41318888047925e-146,"ACKR1_high_endothelial","A2M",0.132
2.71153505509365e-149,1.11389508539737,0.741,0.523,6.64461665250699e-145,"ACKR1_high_endothelial","HEG1",0.218
4.74656808601574e-143,0.508502795757432,0.993,0.974,1.16314650947816e-138,"ACKR1_high_endothelial","GAPDH",0.019
3.41185596233824e-140,0.856890265800549,0.815,0.593,8.36075303570985e-136,"ACKR1_high_endothelial","ADAM15",0.222
5.00341975971336e-140,0.352836526075453,0.998,0.992,1.22608801211776e-135,"ACKR1_high_endothelial","RPL5",0.00600000000000001
7.36577188533826e-140,1.90710638484439,0.331,0.108,1.80498240050214e-135,"ACKR1_high_endothelial","SLC38A1",0.223
8.61083282938683e-139,2.25517041493734,0.27,0.074,2.11008458484124e-134,"ACKR1_high_endothelial","C14orf132",0.196
1.34070125394991e-138,1.16565133422281,0.449,0.183,3.28538842280426e-134,"ACKR1_high_endothelial","EDN1",0.266
1.24841504900138e-137,0.371379779187011,0.993,0.993,3.05924107757788e-133,"ACKR1_high_endothelial","RPL14",0
1.08087865908243e-135,1.44544941645274,0.55,0.284,2.64869315408148e-131,"ACKR1_high_endothelial","OLFM1",0.266
1.4282126233487e-135,0.77735606747773,0.414,0.153,3.499835033516e-131,"ACKR1_high_endothelial","SELE",0.261
2.06073128148469e-134,0.359583263141632,1,0.995,5.04982200527824e-130,"ACKR1_high_endothelial","RPS19",0.005
2.45362888316451e-134,1.47586501823878,0.366,0.129,6.01261757819464e-130,"ACKR1_high_endothelial","PHLDA1",0.237
1.21169207958045e-131,0.562483972868739,0.966,0.911,2.96925144101188e-127,"ACKR1_high_endothelial","EEF2",0.0549999999999999
8.82502441126562e-131,2.20602456582284,0.228,0.055,2.16257223198064e-126,"ACKR1_high_endothelial","PTPN5",0.173
1.1280822350943e-130,0.614538330478236,0.94,0.894,2.76436551709859e-126,"ACKR1_high_endothelial","GUK1",0.0459999999999999
6.19165627789928e-129,1.27949811446224,0.529,0.268,1.51726537089922e-124,"ACKR1_high_endothelial","GGT5",0.261
8.89922838494102e-129,0.303279725319882,0.999,0.997,2.1807559157298e-124,"ACKR1_high_endothelial","RPS15",0.002
2.22025657240645e-128,0.359848043551263,0.996,0.991,5.44073873068201e-124,"ACKR1_high_endothelial","RPL10A",0.005
2.50350776763116e-128,0.489009243790445,0.987,0.969,6.13484578458016e-124,"ACKR1_high_endothelial","CST3",0.018
9.38226349201823e-128,0.282807650558818,1,0.999,2.29912366871907e-123,"ACKR1_high_endothelial","RPL11",0.001
1.21521683891883e-127,2.72295823163522,0.183,0.036,2.9778888637706e-123,"ACKR1_high_endothelial","TIAM1",0.147
4.01547166748383e-124,1.44000982212233,0.465,0.218,9.83991332116912e-120,"ACKR1_high_endothelial","SPNS2",0.247
1.93266654022125e-123,1.71528116814899,0.37,0.145,4.73599935681218e-119,"ACKR1_high_endothelial","SCARB1",0.225
5.16833777256038e-123,0.504460751592704,0.997,0.984,1.26650117116592e-118,"ACKR1_high_endothelial","S100A10",0.013
2.35248874815175e-121,0.324406405826805,0.999,0.999,5.76477367734586e-117,"ACKR1_high_endothelial","RPS18",0
4.64246503385399e-120,1.32102081295836,0.502,0.254,1.13763605654592e-115,"ACKR1_high_endothelial","SLCO2A1",0.248
5.29343411005286e-120,1.10042189286978,0.635,0.405,1.29715602866845e-115,"ACKR1_high_endothelial","SYNGR2",0.23
6.52466334989343e-120,2.5389838958617,0.188,0.04,1.59886875389138e-115,"ACKR1_high_endothelial","TMC6",0.148
6.60870163521797e-119,1.27832941252786,0.564,0.322,1.61946233571016e-114,"ACKR1_high_endothelial","HLA-DQB1",0.242
1.42702528246573e-118,1.42231215171741,0.48,0.238,3.49692545468227e-114,"ACKR1_high_endothelial","ZNF385D",0.242
4.99758088703799e-118,1.57208652367756,0.393,0.168,1.22465719636866e-113,"ACKR1_high_endothelial","PDIA5",0.225
1.50097225888767e-115,0.954316833306755,0.753,0.588,3.67813252040423e-111,"ACKR1_high_endothelial","ATP1A1",0.165
4.54100453176552e-115,1.097574216438,0.689,0.495,1.11277316050914e-110,"ACKR1_high_endothelial","AKR1C3",0.194
8.49188027691731e-115,0.86850889683072,0.762,0.548,2.08093526185859e-110,"ACKR1_high_endothelial","IGFBP2",0.214
9.6197214231733e-115,0.2827612576616,1,0.999,2.35731273474862e-110,"ACKR1_high_endothelial","RPL10",0.001
1.86838657172635e-114,0.650967222614815,0.892,0.784,4.57848129401543e-110,"ACKR1_high_endothelial","ARPC1B",0.108
8.21471491258026e-113,1.17465061526457,0.656,0.509,2.01301588932779e-108,"ACKR1_high_endothelial","HLA-DRB5",0.147
8.78761231800246e-113,1.79091136624402,0.318,0.117,2.1534043985265e-108,"ACKR1_high_endothelial","FGR",0.201
1.5793873587786e-112,1.20105800411691,0.552,0.314,3.87028872268697e-108,"ACKR1_high_endothelial","ADCY4",0.238
1.21509192812194e-110,0.442095663339228,0.971,0.967,2.97758276986281e-106,"ACKR1_high_endothelial","RPS10",0.004
1.17450230194449e-108,2.06612388466971,0.228,0.065,2.87811789091498e-104,"ACKR1_high_endothelial","LHX6",0.163
2.70628362083568e-108,0.935934782694806,0.696,0.473,6.63174801285784e-104,"ACKR1_high_endothelial","HLA-DMA",0.223
3.66190819654876e-108,0.689662850585338,0.862,0.762,8.97350603564274e-104,"ACKR1_high_endothelial","BRI3",0.1
1.10076032647063e-107,1.40186937237988,0.418,0.193,2.69741318001627e-103,"ACKR1_high_endothelial","CPXM2",0.225
5.43711935772532e-107,1.35411049679086,0.502,0.28,1.33236609861059e-102,"ACKR1_high_endothelial","AGPAT2",0.222
8.85982003427203e-107,1.6886087739361,0.347,0.142,2.17109889939836e-102,"ACKR1_high_endothelial","FGF2",0.205
2.04331858245497e-106,0.763866112814952,0.829,0.676,5.0071521863059e-102,"ACKR1_high_endothelial","NKTR",0.153
2.40613053559946e-106,1.93438215590999,0.263,0.086,5.89622287748647e-102,"ACKR1_high_endothelial","FBXO31",0.177
9.66221327468566e-106,0.269046902769236,1,0.998,2.36772536296172e-101,"ACKR1_high_endothelial","RPL19",0.002
2.7357369559384e-105,1.75605194843259,0.295,0.106,6.70392341052704e-101,"ACKR1_high_endothelial","SYT15",0.189
1.93357155201445e-104,0.319070893211006,0.997,0.995,4.73821708821142e-100,"ACKR1_high_endothelial","RPS3",0.002
2.33709326743139e-101,1.4920102257341,0.388,0.178,5.72704705184062e-97,"ACKR1_high_endothelial","SMAD9",0.21
9.62519669321477e-100,0.841456681602927,0.776,0.624,2.35865444967228e-95,"ACKR1_high_endothelial","CSTB",0.152
1.43207976066669e-99,1.17313450883204,0.378,0.162,3.50931145351374e-95,"ACKR1_high_endothelial","JAG2",0.216
3.94170483455758e-99,2.10457791906128,0.219,0.065,9.65914769708334e-95,"ACKR1_high_endothelial","CLDN11",0.154
4.99206594878596e-98,0.396266532519793,0.982,0.97,1.22330576075e-93,"ACKR1_high_endothelial","RPLP0",0.012
4.38542432640689e-97,1.5886522862538,0.331,0.137,1.07464823118601e-92,"ACKR1_high_endothelial","SLCO2B1",0.194
6.87692363491959e-97,1.65614453350198,0.402,0.198,1.68519013673704e-92,"ACKR1_high_endothelial","PTP4A3",0.204
2.5017757804354e-95,0.44440948011085,0.972,0.918,6.13060154995696e-91,"ACKR1_high_endothelial","GLTSCR2",0.0539999999999999
8.37634134564938e-95,1.66715599082574,0.284,0.106,2.05262244675138e-90,"ACKR1_high_endothelial","CSRP2",0.178
1.69929499452354e-94,0.401785837329877,0.994,0.966,4.16412238407993e-90,"ACKR1_high_endothelial","GNG11",0.028
2.79317785223663e-94,0.881181304407671,0.764,0.61,6.84468232690587e-90,"ACKR1_high_endothelial","PMP22",0.154
3.22127663446079e-93,0.594142014751786,0.893,0.725,7.89373839274616e-89,"ACKR1_high_endothelial","CEBPD",0.168
1.49289442471277e-91,1.14406651195655,0.54,0.332,3.65833778775863e-87,"ACKR1_high_endothelial","MALL",0.208
1.98151766621393e-90,0.38420648681427,0.993,0.972,4.85570904105723e-86,"ACKR1_high_endothelial","IGFBP4",0.021
2.3073885703349e-89,1.03632572160335,0.577,0.367,5.65425569160566e-85,"ACKR1_high_endothelial","SLFN5",0.21
6.42405839665474e-89,0.886463530814947,0.612,0.376,1.57421551010024e-84,"ACKR1_high_endothelial","NUPR1",0.236
2.88811310627961e-87,1.08238495315733,0.473,0.257,7.07732116693818e-83,"ACKR1_high_endothelial","ANKRD29",0.216
4.93615536074004e-87,1.45331989783739,0.4,0.202,1.20960487114935e-82,"ACKR1_high_endothelial","DAAM1",0.198
7.75062911815568e-87,0.551343271046133,0.951,0.884,1.89929166540405e-82,"ACKR1_high_endothelial","MT-ND5",0.0669999999999999
1.65472073317754e-85,0.269398994363894,0.999,0.992,4.05489315665157e-81,"ACKR1_high_endothelial","RPS7",0.00700000000000001
7.76448198481702e-85,0.625905108173719,0.859,0.745,1.90268631037941e-80,"ACKR1_high_endothelial","TSPAN7",0.114
1.14104019438455e-84,0.673570023454922,0.791,0.637,2.79611899633934e-80,"ACKR1_high_endothelial","CYYR1",0.154
3.63148251844943e-84,0.507119989891558,0.911,0.837,8.89894791146032e-80,"ACKR1_high_endothelial","S100A11",0.0740000000000001
3.89234563796128e-84,1.34496911220003,0.412,0.219,9.53819298582411e-80,"ACKR1_high_endothelial","C9orf142",0.193
4.15609911428827e-84,0.401563820581693,0.966,0.93,1.01845208795634e-79,"ACKR1_high_endothelial","PPIA",0.0359999999999999
2.56212062317295e-83,1.09963945196531,0.485,0.278,6.27847658708532e-79,"ACKR1_high_endothelial","SMAGP",0.207
3.45746809758083e-83,1.07413222639889,0.573,0.381,8.47252557312182e-79,"ACKR1_high_endothelial","EGLN1",0.192
3.9707658929369e-83,1.94039560436312,0.191,0.057,9.73036182064187e-79,"ACKR1_high_endothelial","SLCO4A1",0.134
6.54635725656267e-83,0.877032599096507,0.692,0.527,1.60418484572068e-78,"ACKR1_high_endothelial","SSFA2",0.165
5.2813977218753e-82,1.02446725399129,0.493,0.284,1.29420651174554e-77,"ACKR1_high_endothelial","GFOD1",0.209
8.47402711836111e-82,0.634766391673114,0.839,0.706,2.07656034535439e-77,"ACKR1_high_endothelial","CD34",0.133
1.81027851076593e-81,1.39116235992549,0.254,0.094,4.43608749063192e-77,"ACKR1_high_endothelial","RASA4",0.16
6.92586627319783e-81,1.29112867675924,0.374,0.183,1.69718353024713e-76,"ACKR1_high_endothelial","NTN4",0.191
8.36819579832837e-81,1.09279900964168,0.522,0.319,2.05062638038037e-76,"ACKR1_high_endothelial","THSD7A",0.203
2.59689122323088e-80,1.15814699550111,0.441,0.239,6.36368194252728e-76,"ACKR1_high_endothelial","SMIM10",0.202
3.43114704959952e-80,1.65843157378279,0.275,0.112,8.40802584504363e-76,"ACKR1_high_endothelial","PDE10A",0.163
8.62710081583534e-80,0.233169258428456,0.999,0.998,2.11407105492045e-75,"ACKR1_high_endothelial","PTMA",0.001
2.70257816787762e-79,0.203334636250649,1,1,6.6226678003841e-75,"ACKR1_high_endothelial","EEF1A1",0
2.89781422529682e-79,0.513896750605928,0.895,0.829,7.10109375908985e-75,"ACKR1_high_endothelial","PRDX1",0.0660000000000001
6.55736152098156e-79,0.238809966352357,1,0.998,1.60688144071653e-74,"ACKR1_high_endothelial","RPS12",0.002
2.28844862992774e-78,0.244704163247508,0.996,0.996,5.60784336763792e-74,"ACKR1_high_endothelial","RPL18",0
4.87527812769871e-78,1.8022971125904,0.237,0.088,1.19468690519257e-73,"ACKR1_high_endothelial","BDKRB2",0.149
5.61952231701961e-78,1.05555426569443,0.505,0.311,1.37706394378566e-73,"ACKR1_high_endothelial","TMTC1",0.194
1.28463646862731e-77,0.231114196487814,0.999,0.998,3.14800166637121e-73,"ACKR1_high_endothelial","RPS24",0.001
2.46110500170576e-76,1.95211186030988,0.193,0.063,6.03093780667997e-72,"ACKR1_high_endothelial","TACR1",0.13
6.4376190012956e-76,1.13562249483924,0.34,0.157,1.57753853626749e-71,"ACKR1_high_endothelial","FAM89A",0.183
1.0408646508363e-75,0.892666917703569,0.618,0.453,2.55063882687435e-71,"ACKR1_high_endothelial","NAA10",0.165
7.51849340463614e-75,0.514714258080089,0.902,0.849,1.84240680880609e-70,"ACKR1_high_endothelial","CLIC1",0.053
7.76557480015156e-75,0.581818579428111,0.839,0.724,1.90295410477714e-70,"ACKR1_high_endothelial","CDC37",0.115
2.18045066814913e-74,0.41574888111147,0.958,0.931,5.34319436229945e-70,"ACKR1_high_endothelial","LGALS3",0.0269999999999999
6.7119066475625e-74,0.251361512713433,0.997,0.993,1.64475272398519e-69,"ACKR1_high_endothelial","RPL18A",0.004
1.77928212932826e-73,1.23272921117669,0.358,0.178,4.36013085791889e-69,"ACKR1_high_endothelial","DSP",0.18
2.41673281842011e-73,0.832118145931401,0.642,0.467,5.92220377153848e-69,"ACKR1_high_endothelial","PPP1R14B",0.175
3.0910446480957e-73,1.18501720091042,0.356,0.176,7.57460491015852e-69,"ACKR1_high_endothelial","SCN1B",0.18
2.76742891913103e-72,0.755993755497241,0.708,0.508,6.7815845663306e-68,"ACKR1_high_endothelial","TM4SF18",0.2
8.47716628509495e-72,1.88282627718999,0.182,0.059,2.07732959816252e-67,"ACKR1_high_endothelial","ST6GALNAC1",0.123
2.59054806456108e-71,0.318310741797807,0.976,0.968,6.34813803220692e-67,"ACKR1_high_endothelial","BTF3",0.00800000000000001
2.96396815490556e-71,0.986788297913751,0.42,0.224,7.26320396359609e-67,"ACKR1_high_endothelial","ACTA2",0.196
4.32319857821777e-71,0.794123530771408,0.6,0.395,1.05939981159226e-66,"ACKR1_high_endothelial","CTGF",0.205
1.83146590969826e-70,0.90749655003651,0.522,0.332,4.48800721171557e-66,"ACKR1_high_endothelial","PDE2A",0.19
2.75709011331936e-70,0.413215194833537,0.917,0.86,6.75624932268909e-66,"ACKR1_high_endothelial","CRIP2",0.0570000000000001
4.67466140119985e-69,1.19180548363986,0.4,0.222,1.14552577636402e-64,"ACKR1_high_endothelial","FBXO34",0.178
6.84611784975826e-69,1.69470069357179,0.186,0.062,1.67764117908326e-64,"ACKR1_high_endothelial","HRH1",0.124
1.13022704123822e-68,0.808651993088948,0.67,0.497,2.76962136455425e-64,"ACKR1_high_endothelial","NRP1",0.173
1.8560901311879e-67,1.73970818744241,0.184,0.062,4.54834886647596e-63,"ACKR1_high_endothelial","PLEKHO1",0.122
2.0527223127167e-67,0.838975425263727,0.642,0.475,5.03019602731226e-63,"ACKR1_high_endothelial","GYPC",0.167
7.85156688716057e-67,2.01321981561636,0.185,0.064,1.9240264656987e-62,"ACKR1_high_endothelial","TESC",0.121
4.45923606572885e-66,1.04801412693191,0.485,0.306,1.09273579790686e-61,"ACKR1_high_endothelial","C4orf32",0.179
9.28602327510949e-66,0.554259024964122,0.674,0.481,2.27554000356558e-61,"ACKR1_high_endothelial","PTPRB",0.193
1.4911670732458e-65,0.956415843065596,0.537,0.362,3.65410491298883e-61,"ACKR1_high_endothelial","IMPDH2",0.175
3.42538598413062e-64,0.239901370821388,0.997,0.993,8.3939083541121e-60,"ACKR1_high_endothelial","RPL6",0.004
2.29148953199059e-63,0.794180381073986,0.748,0.599,5.61529509814294e-59,"ACKR1_high_endothelial","ID3",0.149
2.82673016254256e-63,1.24300618381661,0.316,0.156,6.92690226331055e-59,"ACKR1_high_endothelial","TMEM255B",0.16
4.29534454478351e-63,0.253195782497153,0.996,0.99,1.0525741806992e-58,"ACKR1_high_endothelial","RPS5",0.00600000000000001
4.37647712919491e-63,0.846024944567306,0.496,0.309,1.07245572050921e-58,"ACKR1_high_endothelial","KDR",0.187
1.66796545106748e-62,0.778069758100125,0.678,0.532,4.08734933784085e-58,"ACKR1_high_endothelial","SYNE1",0.146
2.80816661585929e-62,0.643136964080759,0.723,0.59,6.88141229216319e-58,"ACKR1_high_endothelial","ITGB4",0.133
3.93060770450707e-62,1.49707463988074,0.231,0.096,9.63195417989458e-58,"ACKR1_high_endothelial","PTK2B",0.135
4.48265114580285e-62,1.87103339394374,0.15,0.046,1.09847366327899e-57,"ACKR1_high_endothelial","RASGRP3",0.104
1.07634029873375e-61,1.03877388111712,0.374,0.201,2.63757190204706e-57,"ACKR1_high_endothelial","SORBS2",0.173
9.42902168248069e-61,0.474209172300492,0.951,0.933,2.31058176329189e-56,"ACKR1_high_endothelial","CD59",0.0179999999999999
1.92344205916179e-60,0.415982065576591,0.925,0.88,4.71339476597598e-56,"ACKR1_high_endothelial","COX4I1",0.045
2.01125392691662e-60,0.38407680667733,0.94,0.912,4.92857774790919e-56,"ACKR1_high_endothelial","RPS4Y1",0.0279999999999999
1.12245163879785e-59,0.454810293788698,0.917,0.848,2.75056774087412e-55,"ACKR1_high_endothelial","SNHG7",0.0690000000000001
1.2501461404384e-59,1.28052060303527,0.345,0.191,3.0634831171443e-55,"ACKR1_high_endothelial","NME1",0.154
1.55272789872373e-59,1.13111561855127,0.372,0.208,3.8049597158225e-55,"ACKR1_high_endothelial","CCDC109B",0.164
8.5926860823796e-59,0.895572504952703,0.457,0.279,2.10563772448712e-54,"ACKR1_high_endothelial","TPM2",0.178
1.08783982613587e-58,0.645097054400125,0.72,0.588,2.66575149394596e-54,"ACKR1_high_endothelial","JAM2",0.132
1.42516493772113e-58,0.957684637184601,0.466,0.299,3.49236667988563e-54,"ACKR1_high_endothelial","LTBR",0.167
2.31210578227447e-58,0.600126501109854,0.742,0.618,5.66581521946359e-54,"ACKR1_high_endothelial","ACTN1",0.124
2.38879989343332e-58,0.600787183941852,0.762,0.659,5.85375413885835e-54,"ACKR1_high_endothelial","BCAP31",0.103
2.48254406828892e-58,1.16043252255578,0.33,0.17,6.083474239342e-54,"ACKR1_high_endothelial","NNMT",0.16
3.93901154735554e-58,1.21436228133021,0.338,0.181,9.65254779679475e-54,"ACKR1_high_endothelial","NR5A2",0.157
1.64704195445551e-57,0.401306558122097,0.899,0.767,4.03607630939323e-53,"ACKR1_high_endothelial","GIMAP7",0.132
2.8461754518377e-57,0.365899597931355,0.909,0.886,6.97455294472829e-53,"ACKR1_high_endothelial","EDF1",0.023
4.90790585417122e-57,1.75166615915393,0.168,0.06,1.20268232956466e-52,"ACKR1_high_endothelial","SNTG2",0.108
6.53073418241518e-56,1.84386428488078,0.158,0.055,1.60035641140084e-51,"ACKR1_high_endothelial","TTYH3",0.103
1.70104320081823e-55,0.416335615715578,0.901,0.858,4.16840636360507e-51,"ACKR1_high_endothelial","SERBP1",0.043
7.21392433959724e-55,0.663063619930519,0.685,0.56,1.7677721594183e-50,"ACKR1_high_endothelial","LIMS2",0.125
3.08144615612703e-54,0.220611694549715,0.996,0.99,7.55108380558929e-50,"ACKR1_high_endothelial","RPL13A",0.00600000000000001
3.46261574048705e-54,0.726081389866783,0.635,0.491,8.48513987206351e-50,"ACKR1_high_endothelial","LPAR6",0.144
7.10078127877396e-54,0.401542382615462,0.944,0.882,1.74004645236356e-49,"ACKR1_high_endothelial","BTG1",0.0619999999999999
1.03013891554905e-53,0.351578562480388,0.955,0.914,2.52435541255294e-49,"ACKR1_high_endothelial","TAGLN2",0.0409999999999999
4.19396763129091e-53,0.292978822436836,0.979,0.952,1.02773176804784e-48,"ACKR1_high_endothelial","H3F3A",0.027
5.89066271722599e-53,0.891285411956991,0.485,0.324,1.44350689885623e-48,"ACKR1_high_endothelial","SLC39A10",0.161
1.55564062904139e-52,1.19943183192861,0.344,0.196,3.81209736146591e-48,"ACKR1_high_endothelial","DBN1",0.148
3.20933943554128e-52,0.949528319627489,0.393,0.234,7.86448628679391e-48,"ACKR1_high_endothelial","NOB1",0.159
2.83132984868696e-51,0.498765245381937,0.792,0.714,6.9381737942074e-47,"ACKR1_high_endothelial","RPL17",0.0780000000000001
5.69110772705973e-51,1.23871871811457,0.286,0.149,1.39460594851599e-46,"ACKR1_high_endothelial","BZW2",0.137
7.06137532627362e-51,1.27485652978851,0.277,0.14,1.73039002370335e-46,"ACKR1_high_endothelial","OAF",0.137
7.44992705124726e-51,0.547276898608908,0.833,0.722,1.82560462390814e-46,"ACKR1_high_endothelial","LY6E",0.111
9.68482269337014e-51,0.438830281329263,0.848,0.783,2.37326580101035e-46,"ACKR1_high_endothelial","TUBB",0.0649999999999999
1.11833449630593e-50,0.834964299881618,0.499,0.341,2.74047868319768e-46,"ACKR1_high_endothelial","C10orf54",0.158
2.11987432306461e-49,0.972960201421748,0.416,0.263,5.19475202866983e-45,"ACKR1_high_endothelial","FAM129B",0.153
6.13067731085082e-49,1.7762887478731,0.153,0.057,1.50232247502399e-44,"ACKR1_high_endothelial","FAM65B",0.096
7.22199069398864e-49,1.42702811767087,0.228,0.107,1.76974881956192e-44,"ACKR1_high_endothelial","APCDD1",0.121
2.48155258166398e-48,0.841997817868016,0.436,0.28,6.08104460136759e-44,"ACKR1_high_endothelial","MVP",0.156
2.74117071348789e-48,1.41157508727051,0.175,0.07,6.71723883340209e-44,"ACKR1_high_endothelial","AVPR2",0.105
2.82033403212654e-48,0.680059569396936,0.609,0.466,6.91122854572609e-44,"ACKR1_high_endothelial","NBL1",0.143
7.68619547848401e-48,0.386122180106521,0.962,0.913,1.88350220200251e-43,"ACKR1_high_endothelial","LMNA",0.0489999999999999
8.08565642325138e-48,0.557395233182259,0.735,0.622,1.98139010651775e-43,"ACKR1_high_endothelial","RAN",0.113
9.12363695820877e-48,0.69945771755765,0.603,0.459,2.23574723660906e-43,"ACKR1_high_endothelial","CCDC3",0.144
1.32745906633095e-47,1.00561644566002,0.296,0.157,3.25293844204399e-43,"ACKR1_high_endothelial","HLA-DMB",0.139
3.14766748118878e-47,0.665183174219354,0.627,0.491,7.71335916265311e-43,"ACKR1_high_endothelial","HIPK3",0.136
8.098570170363e-47,0.878541593010414,0.458,0.312,1.98455462024745e-42,"ACKR1_high_endothelial","SPTLC2",0.146
1.19771867410987e-46,1.31494236611191,0.232,0.11,2.93500961090624e-42,"ACKR1_high_endothelial","ZNRF3",0.122
2.39211699090156e-46,0.820550151450145,0.519,0.382,5.86188268620426e-42,"ACKR1_high_endothelial","HNRNPAB",0.137
3.58408897408983e-46,0.824910609682878,0.442,0.293,8.78281003100713e-42,"ACKR1_high_endothelial","MOB2",0.149
2.11154514067672e-45,0.915588639290233,0.415,0.27,5.17434136722829e-41,"ACKR1_high_endothelial","ELOVL1",0.145
3.18317563562257e-45,0.550137965604739,0.762,0.665,7.8003718950931e-41,"ACKR1_high_endothelial","CALCRL",0.097
3.93600385855732e-45,0.709353355153625,0.547,0.406,9.64517745539471e-41,"ACKR1_high_endothelial","MGMT",0.141
5.5661197584306e-45,0.83349181302435,0.498,0.358,1.36397764680342e-40,"ACKR1_high_endothelial","BACE2",0.14
8.6548636326211e-45,0.753579067231101,0.249,0.125,2.1208743331738e-40,"ACKR1_high_endothelial","PTGDS",0.124
1.88528336765888e-44,1.54256046022679,0.153,0.059,4.61988689244809e-40,"ACKR1_high_endothelial","SLC7A1",0.094
2.22751780632e-44,1.17511370859354,0.265,0.138,5.45853238438716e-40,"ACKR1_high_endothelial","LGALS9",0.127
2.4283347874385e-44,0.581491148901933,0.722,0.654,5.95063439661805e-40,"ACKR1_high_endothelial","BSG",0.0679999999999999
2.53718457162329e-44,0.522069924665526,0.737,0.617,6.21737079276287e-40,"ACKR1_high_endothelial","PLVAP",0.12
5.50401313331036e-44,1.06472558718416,0.31,0.176,1.3487584183177e-39,"ACKR1_high_endothelial","CACHD1",0.134
1.2265972706351e-43,1.42769564687886,0.23,0.114,3.00577661169131e-39,"ACKR1_high_endothelial","HACE1",0.116
1.49790653005064e-43,0.800876290509874,0.558,0.435,3.6706199518891e-39,"ACKR1_high_endothelial","FAM89B",0.123
1.69944118907338e-43,0.926856728424771,0.356,0.215,4.16448063382432e-39,"ACKR1_high_endothelial","TES",0.141
1.85028073035109e-43,0.584032215427913,0.669,0.556,4.53411292972534e-39,"ACKR1_high_endothelial","ENTPD1",0.113
2.54630531999024e-43,0.949742684899526,0.156,0.061,6.23972118663609e-39,"ACKR1_high_endothelial","IL6",0.095
2.68234225088014e-43,1.06702439631155,0.342,0.207,6.57307968578179e-39,"ACKR1_high_endothelial","EVL",0.135
3.08699001638384e-43,0.394091701300753,0.837,0.766,7.5646690351486e-39,"ACKR1_high_endothelial","EIF3G",0.071
3.29715832340543e-43,0.479917016796472,0.77,0.687,8.079686471505e-39,"ACKR1_high_endothelial","CLTA",0.083
3.45320290128874e-43,0.980568850513271,0.324,0.187,8.46207370960806e-39,"ACKR1_high_endothelial","HSPA12B",0.137
4.17853727712897e-43,0.687786865688903,0.583,0.461,1.02395055976045e-38,"ACKR1_high_endothelial","TRIOBP",0.122
4.27175831363102e-43,1.25634331980063,0.215,0.102,1.04679437475528e-38,"ACKR1_high_endothelial","SLC12A7",0.113
4.36089223523488e-43,0.444284815593044,0.801,0.725,1.06863664224431e-38,"ACKR1_high_endothelial","TPM4",0.0760000000000001
1.12796584542388e-42,0.653458587925573,0.587,0.452,2.76408030421122e-38,"ACKR1_high_endothelial","TMEM173",0.135
2.38455246818568e-42,0.537760408756464,0.663,0.495,5.843345823289e-38,"ACKR1_high_endothelial","MYL9",0.168
3.50578856449865e-42,0.83925431159898,0.463,0.326,8.59093487730394e-38,"ACKR1_high_endothelial","HPCAL1",0.137
5.08555637544163e-42,0.725623132465784,0.562,0.435,1.24621558980197e-37,"ACKR1_high_endothelial","TPST2",0.127
5.77210593322728e-42,0.957838977523951,0.386,0.247,1.41445455893735e-37,"ACKR1_high_endothelial","PIK3R3",0.139
9.78048088079875e-42,1.04151509418285,0.298,0.169,2.39670683983973e-37,"ACKR1_high_endothelial","MEX3C",0.129
1.75603156170184e-41,0.619385163943601,0.788,0.732,4.30315534195036e-37,"ACKR1_high_endothelial","PDLIM1",0.056
2.21602085476482e-41,0.423936292504419,0.841,0.782,5.4303591046012e-37,"ACKR1_high_endothelial","FCGRT",0.0589999999999999
4.36701587392031e-41,0.870226430068453,0.4,0.26,1.07013723990417e-36,"ACKR1_high_endothelial","RAPGEF3",0.14
4.52891273202965e-41,0.644570531070863,0.562,0.428,1.10981006498387e-36,"ACKR1_high_endothelial","PDCD5",0.134
5.21136582157267e-41,1.04161808353355,0.236,0.117,1.27704519457638e-36,"ACKR1_high_endothelial","PRR5",0.119
8.77147231491513e-41,0.845470446809261,0.428,0.29,2.14944929076995e-36,"ACKR1_high_endothelial","GNS",0.138
1.41943379571811e-40,0.511829421427383,0.64,0.501,3.47832251640723e-36,"ACKR1_high_endothelial","FLNA",0.139
2.41556170375459e-40,0.274291392623677,0.986,0.963,5.91933395505062e-36,"ACKR1_high_endothelial","GSN",0.023
3.82255491122863e-40,1.12176025052476,0.251,0.133,9.36717080996575e-36,"ACKR1_high_endothelial","MRAS",0.118
4.43710657879803e-40,1.22677100847685,0.198,0.094,1.08731296713446e-35,"ACKR1_high_endothelial","DNM3",0.104
6.92729160528812e-40,0.391255833414008,0.509,0.331,1.69753280787585e-35,"ACKR1_high_endothelial","MYC",0.178
9.33159011475401e-40,0.220408757793897,0.998,0.993,2.28670615762047e-35,"ACKR1_high_endothelial","IFITM3",0.005
1.21345916941993e-39,0.359824111847121,0.904,0.863,2.97358169466354e-35,"ACKR1_high_endothelial","ECSCR.1",0.041
1.25420892965591e-39,0.615097637041659,0.597,0.473,3.07343898212181e-35,"ACKR1_high_endothelial","AHR",0.124
2.22292147508955e-39,1.28448358915835,0.206,0.1,5.44726907470694e-35,"ACKR1_high_endothelial","CDC25B",0.106
3.29528988872013e-39,0.508070108078619,0.611,0.462,8.07510787230868e-35,"ACKR1_high_endothelial","IL1R1",0.149
6.16894033746126e-39,1.14239839298492,0.237,0.124,1.51169882969488e-34,"ACKR1_high_endothelial","DDX39A",0.113
7.12415456870095e-39,1.41696256793378,0.166,0.073,1.74577407706017e-34,"ACKR1_high_endothelial","CLEC1A",0.093
9.44588109488728e-39,0.547950616675274,0.546,0.394,2.31471316230213e-34,"ACKR1_high_endothelial","FILIP1L",0.152
2.34742828019092e-38,0.350267336466111,0.879,0.821,5.75237300060784e-34,"ACKR1_high_endothelial","PSMA7",0.0580000000000001
2.56720063193529e-38,0.488860188115612,0.712,0.619,6.29092514855744e-34,"ACKR1_high_endothelial","EIF3D",0.093
1.05380470925488e-37,0.8657105114908,0.356,0.224,2.58234844002908e-33,"ACKR1_high_endothelial","ABI3",0.132
1.1147433185504e-37,1.15474756260335,0.216,0.108,2.73167850210775e-33,"ACKR1_high_endothelial","SULT1C2",0.108
1.43259770222349e-37,1.33639439867858,0.175,0.08,3.51058066929865e-33,"ACKR1_high_endothelial","STON1",0.095
1.85742393191248e-37,0.36210794538219,0.877,0.79,4.55161734515154e-33,"ACKR1_high_endothelial","BCAM",0.087
2.36765268240548e-37,0.300181839863104,0.927,0.896,5.80193289823463e-33,"ACKR1_high_endothelial","ATP5G2",0.031
3.23338829954481e-37,1.30788175992924,0.159,0.069,7.92341802803457e-33,"ACKR1_high_endothelial","SEMA3D",0.09
3.73683952193047e-37,0.524256200100481,0.705,0.625,9.1571252484906e-33,"ACKR1_high_endothelial","GRN",0.08
4.34228110607763e-37,0.784103725906306,0.328,0.196,1.06407598504432e-32,"ACKR1_high_endothelial","POLR2J3",0.132
6.91771375943247e-37,0.743042415333225,0.511,0.385,1.69518575674893e-32,"ACKR1_high_endothelial","MKL2",0.126
7.94273771288484e-37,0.575830090186739,0.625,0.512,1.94636787654243e-32,"ACKR1_high_endothelial","NHP2",0.113
9.03441868801623e-37,0.31760293640343,0.63,0.457,2.21388429949838e-32,"ACKR1_high_endothelial","TAGLN",0.173
9.37662600143891e-37,1.18896164227997,0.171,0.077,2.29774220165261e-32,"ACKR1_high_endothelial","CA8",0.094
1.83471960889607e-36,0.912711160106106,0.316,0.193,4.49598040159981e-32,"ACKR1_high_endothelial","CPLX1",0.123
2.32894594243534e-36,1.084345755684,0.236,0.126,5.70708203193779e-32,"ACKR1_high_endothelial","NQO1",0.11
2.33732250350139e-36,0.951642544316978,0.334,0.212,5.72760879483016e-32,"ACKR1_high_endothelial","PITPNC1",0.122
3.45320916650803e-36,0.379878506479123,0.815,0.741,8.46208906252794e-32,"ACKR1_high_endothelial","EIF3L",0.074
3.68489897802177e-36,1.06677803286803,0.232,0.122,9.02984494564234e-32,"ACKR1_high_endothelial","KITLG",0.11
6.53366851310056e-36,0.435799314328722,0.762,0.695,1.60107546913529e-31,"ACKR1_high_endothelial","EIF3H",0.0670000000000001
7.04678072576549e-36,0.63115277452024,0.504,0.363,1.72681361684883e-31,"ACKR1_high_endothelial","GMFG",0.141
7.53725792193877e-36,0.359843259046538,0.845,0.77,1.8470050537711e-31,"ACKR1_high_endothelial","CNN3",0.075
2.73633118097195e-35,0.201557289338601,0.902,0.849,6.70537955897177e-31,"ACKR1_high_endothelial","PECAM1",0.053
2.77670873842365e-35,0.318437463715312,0.91,0.871,6.80432476350714e-31,"ACKR1_high_endothelial","SLC25A6",0.039
4.33767686890743e-35,0.816919098041584,0.378,0.251,1.06294771672577e-30,"ACKR1_high_endothelial","LRRC1",0.127
6.18192380982714e-35,0.522568091231412,0.671,0.579,1.51488042959814e-30,"ACKR1_high_endothelial","SSR2",0.0920000000000001
8.14693608225774e-35,0.789094264975657,0.425,0.301,1.99640668695726e-30,"ACKR1_high_endothelial","SRM",0.124
8.20610495049355e-35,0.865587916844045,0.311,0.188,2.01090601811844e-30,"ACKR1_high_endothelial","EPHA4",0.123
8.74004421542687e-35,0.454551660975334,0.728,0.644,2.14174783499035e-30,"ACKR1_high_endothelial","WNK1",0.084
1.02180326823447e-34,0.213470778394861,0.954,0.905,2.50392890880858e-30,"ACKR1_high_endothelial","RAMP2",0.0489999999999999
2.4991271264064e-34,0.799684926688844,0.412,0.288,6.12411102325888e-30,"ACKR1_high_endothelial","OSBPL1A",0.124
3.91340561970086e-34,0.844760579618118,0.382,0.258,9.58980047107695e-30,"ACKR1_high_endothelial","TIMM10",0.124
9.580221056929e-34,0.557536166278515,0.683,0.607,2.34763317000045e-29,"ACKR1_high_endothelial","ENO1",0.0760000000000001
1.06856704158271e-33,0.859234166035011,0.326,0.205,2.61852353539844e-29,"ACKR1_high_endothelial","NUDT14",0.121
1.64377136739947e-33,0.630552392791428,0.554,0.442,4.02806173581241e-29,"ACKR1_high_endothelial","VAT1",0.112
1.89377323861137e-33,0.915657361338112,0.324,0.206,4.64069132121716e-29,"ACKR1_high_endothelial","RNF125",0.118
2.05131694377753e-33,0.23515973801955,0.97,0.953,5.02675217072683e-29,"ACKR1_high_endothelial","EEF1B2",0.017
3.82980981935162e-33,0.365928183159174,0.813,0.745,9.38494896232113e-29,"ACKR1_high_endothelial","ZFAS1",0.0679999999999999
3.89996062250498e-33,0.262319648313212,0.944,0.881,9.55685350544845e-29,"ACKR1_high_endothelial","RNASE1",0.0629999999999999
4.14805810694436e-33,1.13143062497446,0.165,0.075,1.01648163910671e-28,"ACKR1_high_endothelial","DES",0.09
5.33086125547403e-33,1.20567317545924,0.158,0.072,1.30632755065391e-28,"ACKR1_high_endothelial","SLC16A14",0.086
7.93439956032978e-33,1.11905095606297,0.189,0.094,1.94432461225881e-28,"ACKR1_high_endothelial","TEAD4",0.095
8.79665918261316e-33,0.842766938340909,0.331,0.211,2.15562133269936e-28,"ACKR1_high_endothelial","MCF2L",0.12
9.28312721469731e-33,0.219511845107113,0.973,0.96,2.27483032396158e-28,"ACKR1_high_endothelial","EEF1D",0.013
1.13625867191964e-32,1.06300954228296,0.231,0.128,2.78440187553907e-28,"ACKR1_high_endothelial","IMPDH1",0.103
1.36793941457704e-32,1.13407673028076,0.218,0.118,3.35213553542103e-28,"ACKR1_high_endothelial","PAICS",0.1
1.58065670250404e-32,0.558082918373739,0.58,0.469,3.87339924948614e-28,"ACKR1_high_endothelial","PDLIM5",0.111
2.33501347641065e-32,0.49542566907117,0.667,0.574,5.7219505239443e-28,"ACKR1_high_endothelial","ENSA",0.0930000000000001
2.61643646098793e-32,1.14343311800269,0.204,0.106,6.41157754765092e-28,"ACKR1_high_endothelial","HN1",0.098
2.67339686447903e-32,0.498275866208453,0.669,0.584,6.55115901640586e-28,"ACKR1_high_endothelial","RNH1",0.0850000000000001
3.32240302079595e-32,0.682517895423756,0.507,0.394,8.14154860246047e-28,"ACKR1_high_endothelial","RALGAPA2",0.113
3.46438480729164e-32,0.964017699862506,0.219,0.117,8.48947497026816e-28,"ACKR1_high_endothelial","WTIP",0.102
5.63831343341056e-32,0.580128706556722,0.562,0.452,1.38166870685726e-27,"ACKR1_high_endothelial","CCT3",0.11
8.81335872934683e-32,0.368643866971897,0.803,0.756,2.15971355662644e-27,"ACKR1_high_endothelial","RAB13",0.047
1.02970406339743e-31,0.667552083811919,0.434,0.314,2.52328980735541e-27,"ACKR1_high_endothelial","LAMA5",0.12
1.05621753751291e-31,0.428466856524083,0.743,0.674,2.58826107567538e-27,"ACKR1_high_endothelial","STAT3",0.069
1.98054110209542e-31,0.943559855289363,0.246,0.14,4.85331597068483e-27,"ACKR1_high_endothelial","LYN",0.106
2.39054895949611e-31,0.2825539382007,0.882,0.784,5.85804022524522e-27,"ACKR1_high_endothelial","ETS2",0.098
2.71600918303762e-31,0.997432497778104,0.199,0.103,6.65558050303369e-27,"ACKR1_high_endothelial","ITPR3",0.096
6.11432371976597e-31,0.482028068571714,0.654,0.554,1.49831502752865e-26,"ACKR1_high_endothelial","ATF4",0.1
6.69487859275363e-31,0.732380803335275,0.288,0.173,1.64057999915428e-26,"ACKR1_high_endothelial","MYH11",0.115
7.26147025352546e-31,0.905671394036451,0.27,0.162,1.77942328562641e-26,"ACKR1_high_endothelial","GOLGA8B",0.108
1.35244431183751e-30,0.715709086072917,0.435,0.316,3.31416478615782e-26,"ACKR1_high_endothelial","TIMM13",0.119
2.10758543598423e-30,0.669047776795285,0.413,0.292,5.16463811087935e-26,"ACKR1_high_endothelial","CPNE8",0.121
2.59644245704341e-30,0.703431921048414,0.434,0.312,6.36258224098488e-26,"ACKR1_high_endothelial","SH3BGRL2",0.122
5.86268295107422e-30,0.921594439702089,0.267,0.16,1.43665045716074e-25,"ACKR1_high_endothelial","SYBU",0.107
5.88845711981703e-30,0.832390538717299,0.312,0.2,1.44296641721116e-25,"ACKR1_high_endothelial","ARHGAP23",0.112
8.44782204637233e-30,0.553730361732699,0.584,0.486,2.07013879246354e-25,"ACKR1_high_endothelial","TUFM",0.098
1.1513470120176e-29,0.394884061040086,0.723,0.65,2.82137585294912e-25,"ACKR1_high_endothelial","SEC61B",0.073
2.53153369217829e-29,0.908805934074451,0.293,0.184,6.2035233126829e-25,"ACKR1_high_endothelial","CD58",0.109
2.97586875067376e-29,0.993149479122833,0.277,0.171,7.29236637352604e-25,"ACKR1_high_endothelial","NOS3",0.106
4.42479706651969e-29,0.41128172574028,0.717,0.648,1.08429652115065e-24,"ACKR1_high_endothelial","ATP5B",0.069
4.63522760547178e-29,0.273687556613741,0.994,0.988,1.13586252472086e-24,"ACKR1_high_endothelial","MT-CO1",0.00600000000000001
4.75044908733232e-29,0.673032436489135,0.516,0.409,1.16409754885079e-24,"ACKR1_high_endothelial","TUBB6",0.107
4.88770263165971e-29,0.533993626428936,0.578,0.467,1.19773152988821e-24,"ACKR1_high_endothelial","HMGB2",0.111
4.93682016907973e-29,0.861211635138342,0.194,0.102,1.20976778243299e-24,"ACKR1_high_endothelial","MYLK",0.092
5.85074981325516e-29,0.439661022277457,0.714,0.638,1.43372624173818e-24,"ACKR1_high_endothelial","PKM",0.076
6.98372183330336e-29,0.924087712508462,0.188,0.097,1.71136103525099e-24,"ACKR1_high_endothelial","BOK",0.091
8.4063631947725e-29,0.907578914365561,0.323,0.212,2.059979300879e-24,"ACKR1_high_endothelial","RPGR",0.111
9.1758413155873e-29,0.811451526759306,0.315,0.202,2.24853991438467e-24,"ACKR1_high_endothelial","MCTP1",0.113
1.01883071755977e-28,1.79257292675757,0.167,0.086,2.4966446733802e-24,"ACKR1_high_endothelial","RP11-473M20.16",0.081
1.92144663061927e-28,0.463893665292435,0.616,0.525,4.70850496833252e-24,"ACKR1_high_endothelial","FBL",0.091
2.56425335855423e-28,0.839823342002555,0.337,0.227,6.28370285513715e-24,"ACKR1_high_endothelial","SPATA13",0.11
3.29666780324194e-28,0.672767742398043,0.435,0.317,8.07848445184437e-24,"ACKR1_high_endothelial","SERTAD4-AS1",0.118
3.54186648719757e-28,1.15374475828434,0.169,0.086,8.67934382687764e-24,"ACKR1_high_endothelial","NOP16",0.083
3.83666396492959e-28,0.587833570679764,0.495,0.382,9.40174504605995e-24,"ACKR1_high_endothelial","RPL22L1",0.113
4.90128996710134e-28,0.856237559311233,0.316,0.207,1.20106110643818e-23,"ACKR1_high_endothelial","LPCAT4",0.109
5.08612463160802e-28,1.0667589145931,0.155,0.075,1.24635484097555e-23,"ACKR1_high_endothelial","MDFI",0.08
5.32092868892186e-28,0.644243659395535,0.47,0.358,1.3038935752203e-23,"ACKR1_high_endothelial","ARHGEF3",0.112
6.86891023525137e-28,0.672928906666345,0.423,0.309,1.68322645314835e-23,"ACKR1_high_endothelial","PKP4",0.114
8.72205931354762e-28,0.396186247974842,0.705,0.619,2.13734063478484e-23,"ACKR1_high_endothelial","C14orf166",0.086
9.30958634494645e-28,0.288587131934486,0.899,0.861,2.28131413382913e-23,"ACKR1_high_endothelial","CCDC85B",0.038
1.08302401019115e-27,0.871921693905767,0.278,0.174,2.65395033697342e-23,"ACKR1_high_endothelial","SNHG15",0.104
1.30555038656968e-27,0.82973143218182,0.269,0.165,3.19925122228901e-23,"ACKR1_high_endothelial","PHYKPL",0.104
1.37369549771418e-27,0.688938433964895,0.404,0.288,3.36624081714861e-23,"ACKR1_high_endothelial","SOX4",0.116
1.61777299885044e-27,0.650702909958798,0.433,0.323,3.96435273368301e-23,"ACKR1_high_endothelial","URM1",0.11
1.82045292460589e-27,0.758307754491316,0.317,0.209,4.46101989174674e-23,"ACKR1_high_endothelial","PTPN18",0.108
1.98659992265178e-27,0.695385106322216,0.429,0.314,4.86816311045819e-23,"ACKR1_high_endothelial","CCDC69",0.115
2.37767724309484e-27,0.855398264264883,0.294,0.189,5.82649808420391e-23,"ACKR1_high_endothelial","PCDH1",0.105
4.31501522633267e-27,0.45028100645959,0.671,0.59,1.05739448121282e-22,"ACKR1_high_endothelial","TNFRSF1A",0.0810000000000001
4.47811672877162e-27,0.297575293555953,0.902,0.86,1.09736250438549e-22,"ACKR1_high_endothelial","PFN1",0.042
5.32934648475251e-27,0.962646987743268,0.232,0.137,1.3059563560886e-22,"ACKR1_high_endothelial","MRPL15",0.095
5.46737614052319e-27,0.395097905463368,0.709,0.624,1.33978052323521e-22,"ACKR1_high_endothelial","S100A16",0.085
5.76518075843184e-27,0.746413763465626,0.333,0.223,1.41275754485372e-22,"ACKR1_high_endothelial","EHBP1L1",0.11
5.82745674961931e-27,0.451722068383701,0.682,0.588,1.42801827649421e-22,"ACKR1_high_endothelial","TSPAN4",0.0940000000000001
6.26378851905981e-27,0.652324781034589,0.407,0.293,1.53494137659561e-22,"ACKR1_high_endothelial","ARHGEF15",0.114
8.17347013936409e-27,0.459606284962557,0.672,0.59,2.00290885765117e-22,"ACKR1_high_endothelial","EIF4A1",0.0820000000000001
1.38686872447398e-26,0.643758139196853,0.459,0.346,3.3985218093235e-22,"ACKR1_high_endothelial","PPP2R2A",0.113
1.62260980796749e-26,1.14390715251739,0.165,0.085,3.97620533442433e-22,"ACKR1_high_endothelial","LPCAT1",0.08
3.2969444114743e-26,0.511656536989393,0.584,0.485,8.07916228031778e-22,"ACKR1_high_endothelial","PLSCR1",0.099
4.06927988455601e-26,0.493364497346063,0.589,0.492,9.9717703571045e-22,"ACKR1_high_endothelial","ABHD17A",0.097
4.16396320756773e-26,0.55774268183269,0.63,0.559,1.02037918401447e-21,"ACKR1_high_endothelial","SLK",0.071
4.50822191373265e-26,0.818381632292046,0.288,0.186,1.10473977996019e-21,"ACKR1_high_endothelial","MALT1",0.102
4.88617622756359e-26,0.624343140342328,0.502,0.4,1.19735748456446e-21,"ACKR1_high_endothelial","MGAT1",0.102
8.74244374718574e-26,0.762949987484513,0.31,0.205,2.14233584024787e-21,"ACKR1_high_endothelial","ORMDL2",0.105
9.21120198363984e-26,0.72797134597799,0.45,0.34,2.25720504609094e-21,"ACKR1_high_endothelial","FAM13C",0.11
1.16726793552629e-25,0.638263118614907,0.45,0.342,2.86039007600717e-21,"ACKR1_high_endothelial","FZD4",0.108
1.40461542857247e-25,0.273805634454587,0.888,0.856,3.44201010771683e-21,"ACKR1_high_endothelial","EIF3K",0.032
1.441869224309e-25,0.442539653081873,0.646,0.563,3.5333005341692e-21,"ACKR1_high_endothelial","TMBIM4",0.0830000000000001
2.39142755213504e-25,0.502299375909927,0.558,0.466,5.86019321650692e-21,"ACKR1_high_endothelial","PRMT1",0.092
2.40380840496145e-25,0.437131124153583,0.591,0.487,5.89053249635803e-21,"ACKR1_high_endothelial","TNXB",0.104
5.18104312228033e-25,0.40088990863373,0.671,0.577,1.26961461711479e-20,"ACKR1_high_endothelial","SLC25A5",0.0940000000000001
6.77805045859071e-25,0.349449546184071,0.985,0.963,1.66096126487765e-20,"ACKR1_high_endothelial","TXNIP",0.022
7.99459144809798e-25,0.638324674853191,0.431,0.327,1.95907463435641e-20,"ACKR1_high_endothelial","EFHD2",0.104
9.30926193057198e-25,0.541857199066199,0.503,0.393,2.28123463608666e-20,"ACKR1_high_endothelial","PPIC",0.11
9.54348151959759e-25,0.662072370015626,0.368,0.26,2.33863014637739e-20,"ACKR1_high_endothelial","PARVB",0.108
1.24157716331796e-24,0.751322605753292,0.324,0.222,3.04248483871067e-20,"ACKR1_high_endothelial","AP1S1",0.102
1.29331492477569e-24,0.76903491832169,0.3,0.198,3.16926822316283e-20,"ACKR1_high_endothelial","MRPL12",0.102
1.71174135012776e-24,0.480677208539341,0.465,0.351,4.19462217848808e-20,"ACKR1_high_endothelial","MCAM",0.114
1.71637096082261e-24,0.579799961932684,0.509,0.407,4.20596703949582e-20,"ACKR1_high_endothelial","TMBIM1",0.102
1.77351440683287e-24,0.279436488806327,0.886,0.832,4.34599705394394e-20,"ACKR1_high_endothelial","PABPC1",0.054
1.90427437588697e-24,0.332541952099918,0.756,0.701,4.66642435811101e-20,"ACKR1_high_endothelial","PARK7",0.055
2.00894278612835e-24,0.332352603932559,0.77,0.718,4.92291429740752e-20,"ACKR1_high_endothelial","PPIB",0.052
2.23462765308649e-24,0.647034868868918,0.421,0.314,5.47595506388844e-20,"ACKR1_high_endothelial","PCAT19",0.107
2.28476294906452e-24,0.407695078695456,0.671,0.594,5.5988116066826e-20,"ACKR1_high_endothelial","CSNK2B",0.0770000000000001
2.47993426096286e-24,0.644824320809669,0.335,0.231,6.0770789064895e-20,"ACKR1_high_endothelial","PLCB1",0.104
2.71112992026102e-24,0.746003542881182,0.318,0.217,6.64362386959964e-20,"ACKR1_high_endothelial","GNL3",0.101
3.08673286407832e-24,0.733861748789518,0.317,0.215,7.56403888342391e-20,"ACKR1_high_endothelial","FAM84B",0.102
3.27298932863849e-24,0.726817941730459,0.321,0.218,8.02046034982862e-20,"ACKR1_high_endothelial","ARFRP1",0.103
4.05405803574024e-24,0.63293468162226,0.356,0.252,9.93446921658146e-20,"ACKR1_high_endothelial","C14orf119",0.104
4.83289287720173e-24,0.600562135093194,0.49,0.392,1.18430039955828e-19,"ACKR1_high_endothelial","PEF1",0.098
8.53902843430784e-24,0.538777580863041,0.494,0.388,2.09248891782713e-19,"ACKR1_high_endothelial","SLC39A1",0.106
8.56386335333122e-24,0.46418902376915,0.627,0.549,2.09857471473382e-19,"ACKR1_high_endothelial","HSPE1",0.078
9.69261893699062e-24,0.298826727532084,0.853,0.783,2.37517627050955e-19,"ACKR1_high_endothelial","SPARC",0.07
1.31213244209381e-23,0.531988329081035,0.564,0.47,3.21538054935088e-19,"ACKR1_high_endothelial","DDAH2",0.094
2.28974114815338e-23,0.514108969188635,0.387,0.273,5.61101068354987e-19,"ACKR1_high_endothelial","ORAI1",0.114
2.39783882461971e-23,0.303150634921215,0.809,0.746,5.8759040397306e-19,"ACKR1_high_endothelial","MYH9",0.0630000000000001
2.59202905716196e-23,0.63953803611289,0.321,0.218,6.35176720457539e-19,"ACKR1_high_endothelial","GPRC5B",0.103
2.59459678121614e-23,0.560518351449887,0.497,0.399,6.35805941237015e-19,"ACKR1_high_endothelial","HSD17B11",0.098
3.49147302031581e-23,0.707291890234113,0.394,0.297,8.55585463628388e-19,"ACKR1_high_endothelial","HOXD9",0.097
3.56289428843876e-23,0.342914085765926,0.752,0.69,8.73087245381919e-19,"ACKR1_high_endothelial","NUCB1",0.0620000000000001
3.6385001191007e-23,0.992539789725424,0.185,0.105,8.91614454185625e-19,"ACKR1_high_endothelial","MAPK12",0.08
3.99932112998782e-23,0.329391722886804,0.724,0.633,9.80033642903516e-19,"ACKR1_high_endothelial","TSC22D3",0.091
4.61469697668352e-23,0.848235973668109,0.255,0.164,1.1308314941363e-18,"ACKR1_high_endothelial","ATP5SL",0.091
6.51255344812255e-23,0.406826492630876,0.658,0.578,1.59590122246243e-18,"ACKR1_high_endothelial","ERP29",0.0800000000000001
6.52746668305384e-23,0.474975160695315,0.596,0.521,1.59955571068234e-18,"ACKR1_high_endothelial","PIK3C2A",0.075
7.15797996178338e-23,0.766950955108105,0.243,0.151,1.75406298963502e-18,"ACKR1_high_endothelial","C17orf62",0.092
1.43504262572843e-22,0.692555300969056,0.294,0.198,3.51657195434751e-18,"ACKR1_high_endothelial","TANC1",0.096
1.47710184057892e-22,0.256977502520124,0.879,0.835,3.61963806033863e-18,"ACKR1_high_endothelial","RAB11A",0.044
1.49747742849687e-22,0.20384593600503,0.943,0.931,3.66956843853158e-18,"ACKR1_high_endothelial","CD99",0.0119999999999999
1.52958857927461e-22,0.61063240227144,0.398,0.298,3.74825681351243e-18,"ACKR1_high_endothelial","CORO1B",0.1
2.31769220950336e-22,0.501770744203989,0.568,0.487,5.67950475938798e-18,"ACKR1_high_endothelial","MEF2A",0.081
2.65550558993064e-22,0.800700476636508,0.265,0.174,6.50731644812503e-18,"ACKR1_high_endothelial","NUDCD1",0.091
3.54350522811524e-22,0.585886803573068,0.329,0.226,8.68335956149641e-18,"ACKR1_high_endothelial","PDLIM7",0.103
6.55298193708868e-22,0.403367034144276,0.66,0.582,1.60580822368358e-17,"ACKR1_high_endothelial","ACTR2",0.0780000000000001
1.92297927292195e-21,0.459171806049425,0.561,0.47,4.71226070829524e-17,"ACKR1_high_endothelial","ECH1",0.0910000000000001
2.21620920074351e-21,0.81505019772968,0.255,0.166,5.43082064642196e-17,"ACKR1_high_endothelial","MAPK11",0.089
3.00814842528787e-21,0.274801915950753,0.814,0.771,7.37146771616793e-17,"ACKR1_high_endothelial","LMO2",0.0429999999999999
3.83025300399831e-21,0.413476139320821,0.549,0.45,9.38603498629785e-17,"ACKR1_high_endothelial","GIMAP6",0.099
4.5826867661199e-21,0.901063059972967,0.16,0.088,1.12298739203768e-16,"ACKR1_high_endothelial","SEMA3F",0.072
5.43312758953648e-21,0.766424379266993,0.243,0.155,1.33138791581591e-16,"ACKR1_high_endothelial","MRTO4",0.088
5.61388464176598e-21,0.9359803782043,0.163,0.091,1.37568243146475e-16,"ACKR1_high_endothelial","GOSR2",0.072
6.15906287310575e-21,0.457500004118984,0.526,0.435,1.50927835705456e-16,"ACKR1_high_endothelial","FLI1",0.091
8.02751465959234e-21,0.91760410323229,0.152,0.083,1.9671424673331e-16,"ACKR1_high_endothelial","AIMP2",0.069
9.05269353338864e-21,0.842512094757057,0.193,0.116,2.21836255035689e-16,"ACKR1_high_endothelial","RGS5",0.077
1.06127038366174e-20,0.61290092063524,0.428,0.328,2.60064307516309e-16,"ACKR1_high_endothelial","TMEM204",0.1
1.12795664139758e-20,0.41707571108916,0.589,0.51,2.76405774974478e-16,"ACKR1_high_endothelial","SNRPE",0.079
1.6528529597709e-20,0.697618557188779,0.269,0.177,4.0503161779186e-16,"ACKR1_high_endothelial","ZNF608",0.092
1.66247829661228e-20,0.533792744433581,0.449,0.357,4.07390306584839e-16,"ACKR1_high_endothelial","NDUFA8",0.092
1.71602687302199e-20,0.453495281717078,0.556,0.472,4.20512385234039e-16,"ACKR1_high_endothelial","LAMB2",0.0840000000000001
1.86933337201732e-20,0.616383746538145,0.314,0.217,4.58080142812844e-16,"ACKR1_high_endothelial","AHNAK2",0.097
1.89184034945996e-20,0.59672257326147,0.364,0.269,4.63595477635163e-16,"ACKR1_high_endothelial","MYO5C",0.095
4.72763978343706e-20,0.327804217284593,0.739,0.666,1.15850812893125e-15,"ACKR1_high_endothelial","HSPD1",0.073
4.73224952188212e-20,0.229009825197694,0.956,0.943,1.15963774533721e-15,"ACKR1_high_endothelial","NEAT1",0.013
6.0745179070038e-20,0.374254121815685,0.709,0.661,1.48856061311128e-15,"ACKR1_high_endothelial","ENY2",0.0479999999999999
6.09052812193728e-20,0.494584668419031,0.506,0.421,1.49248391628073e-15,"ACKR1_high_endothelial","TAF10",0.085
6.27951629161151e-20,0.345145559182598,0.675,0.604,1.5387954672594e-15,"ACKR1_high_endothelial","CAPZB",0.0710000000000001
8.47442023175831e-20,0.474486619570634,0.499,0.408,2.07665667779238e-15,"ACKR1_high_endothelial","DNAJC15",0.091
8.58093967695793e-20,0.89674944910926,0.16,0.09,2.10275926783854e-15,"ACKR1_high_endothelial","EML1",0.07
9.11504866462518e-20,0.688038051109988,0.251,0.163,2.2336426752664e-15,"ACKR1_high_endothelial","MLH3",0.088
1.20390348596061e-19,0.599777924739641,0.35,0.255,2.95016549234648e-15,"ACKR1_high_endothelial","SHROOM4",0.095
1.23052478938292e-19,0.634399370602521,0.229,0.144,3.01540099638284e-15,"ACKR1_high_endothelial","STARD9",0.085
1.33640188973373e-19,0.793614603054503,0.197,0.12,3.2748528307925e-15,"ACKR1_high_endothelial","TBCD",0.077
1.48540610137611e-19,0.200701255482549,0.922,0.908,3.63998765142215e-15,"ACKR1_high_endothelial","HINT1",0.014
2.15355450983315e-19,0.248968586629541,0.878,0.83,5.27728532634613e-15,"ACKR1_high_endothelial","EIF4B",0.048
2.66903166025388e-19,0.382874707200145,0.616,0.54,6.54046208345213e-15,"ACKR1_high_endothelial","POLE4",0.076
2.69611150017404e-19,0.938687921034373,0.155,0.088,6.6068212311765e-15,"ACKR1_high_endothelial","SGF29",0.067
2.9757712356573e-19,0.467458111683092,0.538,0.45,7.29212741297822e-15,"ACKR1_high_endothelial","EIF2S3",0.088
3.31213427911186e-19,0.799085127245841,0.211,0.132,8.11638505096363e-15,"ACKR1_high_endothelial","KRT18",0.079
3.60851546847832e-19,0.693704711593023,0.317,0.229,8.84266715550613e-15,"ACKR1_high_endothelial","CORO1C",0.088
4.85979234631517e-19,0.628640825198562,0.325,0.234,1.19089211446453e-14,"ACKR1_high_endothelial","FKBP11",0.091
5.33058393352575e-19,0.722768367695921,0.302,0.215,1.30625959291048e-14,"ACKR1_high_endothelial","IMP4",0.087
7.22907315814295e-19,0.466590779834935,0.471,0.378,1.77148437740293e-14,"ACKR1_high_endothelial","CLIC2",0.093
7.324723755067e-19,0.616073532183216,0.307,0.219,1.79492355617917e-14,"ACKR1_high_endothelial","GOLGA8A",0.088
7.48787461539307e-19,0.737284525615866,0.265,0.182,1.83490367450207e-14,"ACKR1_high_endothelial","EMG1",0.083
8.21120705176325e-19,0.551237818079829,0.383,0.293,2.01215628803458e-14,"ACKR1_high_endothelial","CYB5B",0.09
1.12062300346633e-18,0.267555910599433,0.777,0.716,2.74608666999425e-14,"ACKR1_high_endothelial","SNCG",0.0610000000000001
1.18995951298458e-18,0.99054578059217,0.151,0.086,2.91599578656872e-14,"ACKR1_high_endothelial","RRS1",0.065
1.24547044759918e-18,0.670132900504588,0.3,0.214,3.05202533184179e-14,"ACKR1_high_endothelial","NXN",0.086
1.31066857432725e-18,0.644035240177997,0.298,0.209,3.21179334138894e-14,"ACKR1_high_endothelial","PSMG4",0.089
1.42243875431878e-18,0.646464741373998,0.272,0.188,3.48568616745817e-14,"ACKR1_high_endothelial","PRAF2",0.084
1.61494848095318e-18,0.556732140890951,0.418,0.333,3.95743125257576e-14,"ACKR1_high_endothelial","TKT",0.085
2.21342801549112e-18,0.559007534369479,0.379,0.29,5.42400535196099e-14,"ACKR1_high_endothelial","COL4A1",0.089
2.28820865170786e-18,0.593523824458072,0.331,0.239,5.60725530101012e-14,"ACKR1_high_endothelial","MTURN",0.092
2.82206199315096e-18,0.329581336700836,0.665,0.591,6.91546291421642e-14,"ACKR1_high_endothelial","NOP10",0.0740000000000001
3.27737431416899e-18,0.575191812221548,0.394,0.305,8.03120575687112e-14,"ACKR1_high_endothelial","GABARAP",0.089
4.06243388612865e-18,0.293347381360031,0.74,0.702,9.95499423795825e-14,"ACKR1_high_endothelial","GPX1",0.038
5.6136779326416e-18,0.258132418968173,0.747,0.694,1.37563177739382e-13,"ACKR1_high_endothelial","ATP6V0E1",0.053
6.07494659495866e-18,0.396475258735509,0.549,0.462,1.48866566309462e-13,"ACKR1_high_endothelial","ATP5F1",0.087
6.34553785641278e-18,0.215413155385414,0.904,0.87,1.55497405171395e-13,"ACKR1_high_endothelial","EIF3E",0.034
7.35641579290698e-18,0.505233331913351,0.39,0.3,1.80268969005186e-13,"ACKR1_high_endothelial","COA4",0.09
7.52246063878888e-18,0.403005081576431,0.592,0.523,1.84337897953522e-13,"ACKR1_high_endothelial","ETS1",0.069
7.83846112998802e-18,0.513083998662007,0.372,0.28,1.92081489990356e-13,"ACKR1_high_endothelial","ABCD4",0.092
9.09897672971611e-18,0.407349894876841,0.599,0.53,2.22970424761693e-13,"ACKR1_high_endothelial","FRMD4B",0.069
9.92254204644315e-18,0.762882203988023,0.246,0.167,2.43151892848089e-13,"ACKR1_high_endothelial","SLC39A14",0.079
1.00703186994864e-17,0.733025823566093,0.205,0.129,2.46773159730913e-13,"ACKR1_high_endothelial","DGAT1",0.076
1.28973456688504e-17,0.623752966963974,0.277,0.192,3.16049455615178e-13,"ACKR1_high_endothelial","FGD4",0.085
1.37909963166015e-17,0.224597398527448,0.739,0.643,3.3794836473832e-13,"ACKR1_high_endothelial","GIMAP1",0.096
1.75046614384158e-17,0.253274929884065,0.784,0.737,4.28951728548378e-13,"ACKR1_high_endothelial","ATP5D",0.047
1.83905053966791e-17,0.310175312870625,0.67,0.602,4.50659334745622e-13,"ACKR1_high_endothelial","PHB2",0.0680000000000001
2.04614977648938e-17,0.491784600724834,0.448,0.363,5.01409002728723e-13,"ACKR1_high_endothelial","SIGIRR",0.085
2.21530256639022e-17,0.640408150316919,0.425,0.347,5.42859893893923e-13,"ACKR1_high_endothelial","CNKSR3",0.078
2.32253784401079e-17,0.617807996174752,0.372,0.287,5.69137898674845e-13,"ACKR1_high_endothelial","RASAL2",0.085
2.4117973830731e-17,0.401902983313867,0.606,0.534,5.91010948722064e-13,"ACKR1_high_endothelial","EIF3M",0.072
2.58642540045853e-17,0.622743061897263,0.347,0.262,6.33803544382362e-13,"ACKR1_high_endothelial","LRRC8C",0.085
2.63346199447637e-17,0.460629356257541,0.494,0.413,6.45329861746434e-13,"ACKR1_high_endothelial","FAM177A1",0.081
3.13670343802003e-17,0.598989642597209,0.359,0.275,7.68649177486808e-13,"ACKR1_high_endothelial","GIT1",0.084
3.85985510366141e-17,0.381529635233301,0.559,0.477,9.45857493152228e-13,"ACKR1_high_endothelial","NDUFV2",0.0820000000000001
5.30725593701474e-17,0.41354758197763,0.554,0.474,1.30054306736546e-12,"ACKR1_high_endothelial","G3BP1",0.0800000000000001
5.67395235547795e-17,0.618016855658043,0.304,0.219,1.39040202470987e-12,"ACKR1_high_endothelial","MRPS12",0.085
9.7189601832126e-17,0.544947051457685,0.422,0.342,2.38163119289625e-12,"ACKR1_high_endothelial","CERS2",0.08
1.19547799219952e-16,0.410057030165811,0.544,0.471,2.92951881988493e-12,"ACKR1_high_endothelial","PPP2R1A",0.0730000000000001
1.40810874875256e-16,0.396714273809761,0.535,0.46,3.45057048881815e-12,"ACKR1_high_endothelial","SPCS3",0.075
1.44109302253769e-16,0.666220035676178,0.218,0.143,3.53139845172861e-12,"ACKR1_high_endothelial","KLHL5",0.075
1.49011269788151e-16,0.751929571036847,0.154,0.09,3.65152116615865e-12,"ACKR1_high_endothelial","RP11-902B17.1",0.064
1.63109664118452e-16,0.425443966936326,0.536,0.458,3.99700231922267e-12,"ACKR1_high_endothelial","RBMS1",0.078
1.81119384707167e-16,0.791084668760264,0.196,0.126,4.43833052224913e-12,"ACKR1_high_endothelial","MINA",0.07
2.19271571981857e-16,0.653941882547338,0.32,0.238,5.3732498714154e-12,"ACKR1_high_endothelial","CNTNAP3B",0.082
2.46818994435908e-16,0.645426988000399,0.261,0.183,6.04829945865192e-12,"ACKR1_high_endothelial","NCBP2-AS2",0.078
2.47588380778934e-16,0.795823863247686,0.183,0.115,6.06715327098777e-12,"ACKR1_high_endothelial","IL27RA",0.068
2.4867705041322e-16,0.465000790593496,0.539,0.471,6.09383112037596e-12,"ACKR1_high_endothelial","CCND3",0.0680000000000001
2.61468891551043e-16,0.454380795671863,0.461,0.376,6.40729518745832e-12,"ACKR1_high_endothelial","CNOT6L",0.085
2.9125714149451e-16,0.396107946028698,0.554,0.477,7.13725625232297e-12,"ACKR1_high_endothelial","XRN2",0.0770000000000001
3.01787602848408e-16,0.827035326642743,0.214,0.143,7.39530520780025e-12,"ACKR1_high_endothelial","TBC1D4",0.071
3.10688302101506e-16,0.487135202342294,0.433,0.348,7.61341684299741e-12,"ACKR1_high_endothelial","CASP4",0.085
3.25190792807487e-16,0.40586835885394,0.537,0.464,7.96880037774747e-12,"ACKR1_high_endothelial","CCT7",0.073
3.28687142465698e-16,0.808537240448471,0.208,0.137,8.05447842612192e-12,"ACKR1_high_endothelial","MYO1B",0.071
3.39413296162636e-16,0.303278963936934,0.714,0.648,8.31732282246539e-12,"ACKR1_high_endothelial","ACTN4",0.0659999999999999
4.47890393345688e-16,0.491539249305972,0.45,0.371,1.09755540889361e-11,"ACKR1_high_endothelial","PPP2R5A",0.079
4.87762862331462e-16,0.545711435704616,0.335,0.25,1.19526289414325e-11,"ACKR1_high_endothelial","COL4A2",0.085
5.81783136971204e-16,0.562173321292436,0.34,0.255,1.42565957714794e-11,"ACKR1_high_endothelial","GNB4",0.085
7.46348400972224e-16,0.343609449070279,0.647,0.591,1.82892675658244e-11,"ACKR1_high_endothelial","APRT",0.056
8.5075348778585e-16,0.246538356315379,0.815,0.782,2.08477142181923e-11,"ACKR1_high_endothelial","MGST2",0.0329999999999999
9.90165302533863e-16,0.552366144325067,0.354,0.272,2.42640007385923e-11,"ACKR1_high_endothelial","TMEM208",0.082
9.97517811468569e-16,0.733078646682156,0.21,0.139,2.44441739700373e-11,"ACKR1_high_endothelial","ISOC2",0.071
1.22241388223249e-15,0.453548565409238,0.419,0.335,2.99552521841071e-11,"ACKR1_high_endothelial","RAI14",0.084
1.47010221028862e-15,0.584170409607863,0.296,0.215,3.60248546631226e-11,"ACKR1_high_endothelial","MAGI1",0.081
1.48042369874895e-15,0.368437469819631,0.452,0.368,3.62777827378429e-11,"ACKR1_high_endothelial","OCIAD2",0.084
1.72275747131098e-15,0.390039272163379,0.562,0.497,4.22161718344756e-11,"ACKR1_high_endothelial","RALY",0.0650000000000001
1.84009313771035e-15,0.486943334580795,0.448,0.37,4.50914823395922e-11,"ACKR1_high_endothelial","MYO1C",0.078
1.89775026191687e-15,0.536636727877691,0.332,0.249,4.65043701682728e-11,"ACKR1_high_endothelial","ATP11C",0.083
2.63420081732308e-15,0.549784510806268,0.373,0.295,6.45510910285022e-11,"ACKR1_high_endothelial","ABCE1",0.078
3.01786774486165e-15,0.248917179364851,0.663,0.578,7.39528490878347e-11,"ACKR1_high_endothelial","NUAK1",0.0850000000000001
3.05427451424839e-15,0.65415625513448,0.333,0.258,7.48449969716568e-11,"ACKR1_high_endothelial","RAPH1",0.075
3.32150757086516e-15,0.891346273670362,0.162,0.101,8.13935430240507e-11,"ACKR1_high_endothelial","UCK2",0.061
3.35649185075303e-15,0.256182388479593,0.744,0.708,8.2250832802703e-11,"ACKR1_high_endothelial","NEDD8",0.036
3.48008862670048e-15,0.432497642908527,0.508,0.438,8.52795717972952e-11,"ACKR1_high_endothelial","C1QBP",0.07
4.27646632759443e-15,0.244139166658601,0.796,0.757,1.04794807357702e-10,"ACKR1_high_endothelial","DDX17",0.039
4.35635987683035e-15,0.776522050018881,0.15,0.09,1.06752598781728e-10,"ACKR1_high_endothelial","TTL",0.06
5.76146279881433e-15,0.516165722622521,0.424,0.349,1.41184645884945e-10,"ACKR1_high_endothelial","ADRM1",0.075
5.97293338059207e-15,0.267981625350014,0.752,0.714,1.46366732491409e-10,"ACKR1_high_endothelial","UBXN1",0.038
6.03946151289504e-15,0.660967480619128,0.267,0.193,1.47997004373493e-10,"ACKR1_high_endothelial","TOMM40",0.074
6.91806785948724e-15,0.817532401138743,0.169,0.108,1.69527252896735e-10,"ACKR1_high_endothelial","OBFC1",0.061
7.01468973038877e-15,0.601773648945984,0.312,0.237,1.71894971843177e-10,"ACKR1_high_endothelial","ZNRF1",0.075
8.41628373440505e-15,0.323946899347031,0.597,0.518,2.06241032911596e-10,"ACKR1_high_endothelial","ASPH",0.079
8.50352714281735e-15,0.41721680597707,0.375,0.29,2.08378932634739e-10,"ACKR1_high_endothelial","CRYBG3",0.085
8.95760194624841e-15,0.329999525136763,0.586,0.518,2.19506035692817e-10,"ACKR1_high_endothelial","DDT",0.0679999999999999
9.08253415067074e-15,0.368740277817904,0.571,0.512,2.22567499362186e-10,"ACKR1_high_endothelial","RCN1",0.0589999999999999
1.12366834157666e-14,0.570965566031707,0.275,0.197,2.7535492710336e-10,"ACKR1_high_endothelial","SAMHD1",0.078
1.16327682558769e-14,0.689077358074423,0.21,0.142,2.85060986110264e-10,"ACKR1_high_endothelial","MRPS25",0.068
1.23841523900252e-14,0.228924012161625,0.817,0.779,3.03473654317567e-10,"ACKR1_high_endothelial","FIS1",0.0379999999999999
1.27341053781047e-14,0.25007286562981,0.728,0.682,3.12049252290455e-10,"ACKR1_high_endothelial","SNU13",0.0459999999999999
1.3112426154197e-14,0.440641914222343,0.452,0.374,3.21320002908597e-10,"ACKR1_high_endothelial","TPRKB",0.078
1.36244429401691e-14,0.822002868286124,0.155,0.096,3.33866974248844e-10,"ACKR1_high_endothelial","UCHL3",0.059
1.59729430148576e-14,0.217021265779081,0.779,0.692,3.91416968579086e-10,"ACKR1_high_endothelial","PRCP",0.0870000000000001
1.78393878475476e-14,0.505654837527438,0.291,0.211,4.37154199204154e-10,"ACKR1_high_endothelial","LMBR1",0.08
2.0960223157179e-14,0.284989809065924,0.713,0.676,5.13630268466671e-10,"ACKR1_high_endothelial","ATP5O",0.0369999999999999
2.67925938376897e-14,0.358745894866055,0.553,0.488,6.56552511992587e-10,"ACKR1_high_endothelial","POLR1D",0.0650000000000001
2.83663796646089e-14,0.727488058001473,0.151,0.092,6.95118133681241e-10,"ACKR1_high_endothelial","MYD88",0.059
2.86950931952159e-14,0.462288601836289,0.393,0.315,7.03173258748767e-10,"ACKR1_high_endothelial","MFSD10",0.078
2.87047587468996e-14,0.674421588872745,0.223,0.153,7.03410113092775e-10,"ACKR1_high_endothelial","ZNF217",0.07
2.92892204526283e-14,0.349873401996419,0.489,0.397,7.17732347191655e-10,"ACKR1_high_endothelial","SMAD1",0.092
2.99589273364454e-14,0.531461477413657,0.356,0.279,7.34143514379595e-10,"ACKR1_high_endothelial","TPGS1",0.077
3.00179379787516e-14,0.621452976595307,0.256,0.184,7.35589570169308e-10,"ACKR1_high_endothelial","NARF",0.072
3.49608412163004e-14,0.231598821003591,0.754,0.714,8.5671541400544e-10,"ACKR1_high_endothelial","ARPC3",0.04
4.45313123064821e-14,0.437270638864407,0.438,0.362,1.09123980807034e-09,"ACKR1_high_endothelial","HEXA",0.076
4.88059717781107e-14,0.423123809246843,0.501,0.438,1.1959903384226e-09,"ACKR1_high_endothelial","PSMA2",0.063
5.13021721212736e-14,0.644771246267643,0.232,0.163,1.25715972783181e-09,"ACKR1_high_endothelial","TMEM184B",0.069
5.64082084152772e-14,0.538679549612467,0.296,0.22,1.38228314721637e-09,"ACKR1_high_endothelial","PFKP",0.076
5.90839643309307e-14,0.695652785177406,0.179,0.116,1.44785254592946e-09,"ACKR1_high_endothelial","RPP25L",0.063
5.93786806066886e-14,0.550898986007749,0.285,0.209,1.4550745682669e-09,"ACKR1_high_endothelial","TMEM140",0.076
6.56950402000127e-14,0.334176656045579,0.642,0.592,1.60985696010131e-09,"ACKR1_high_endothelial","UFC1",0.05
6.75060425416963e-14,0.393470649475178,0.494,0.418,1.65423557248427e-09,"ACKR1_high_endothelial","PLP2",0.076
6.88192675127292e-14,0.972676363013965,0.193,0.131,1.68641615039943e-09,"ACKR1_high_endothelial","ATOH8",0.062
6.97295003215557e-14,0.485101662372596,0.366,0.29,1.70872140537972e-09,"ACKR1_high_endothelial","C19orf24",0.076
7.1833480068529e-14,0.663088452119114,0.235,0.167,1.7602794290793e-09,"ACKR1_high_endothelial","GFOD2",0.068
7.3993584898329e-14,0.33995727189,0.574,0.509,1.81321279793355e-09,"ACKR1_high_endothelial","PSMC5",0.0649999999999999
7.42769621322932e-14,0.381231240078501,0.474,0.399,1.82015695705184e-09,"ACKR1_high_endothelial","PTBP3",0.075
1.0559967758218e-13,0.431223739763287,0.412,0.33,2.58772009915132e-09,"ACKR1_high_endothelial","ANKRD28",0.082
1.12850585875558e-13,0.6182641387092,0.292,0.221,2.76540360688054e-09,"ACKR1_high_endothelial","KARS",0.071
1.15240799576475e-13,0.773183238009875,0.182,0.12,2.82397579362151e-09,"ACKR1_high_endothelial","PPP1R9B",0.062
1.18793933010605e-13,0.657739441124507,0.244,0.175,2.91104532842489e-09,"ACKR1_high_endothelial","IFRD2",0.069
1.3455447739342e-13,0.305044042680872,0.584,0.518,3.29725746852575e-09,"ACKR1_high_endothelial","COX5A",0.0659999999999999
1.43439914702844e-13,0.655416773257606,0.178,0.116,3.5149951097932e-09,"ACKR1_high_endothelial","PTGES2",0.062
1.62620446464913e-13,0.357442445574949,0.502,0.429,3.98501404062269e-09,"ACKR1_high_endothelial","PSMB2",0.073
1.67369524570576e-13,0.765907497957901,0.173,0.113,4.10139019960197e-09,"ACKR1_high_endothelial","R3HDM4",0.06
1.90844705322634e-13,0.416634431076442,0.436,0.356,4.67664950393115e-09,"ACKR1_high_endothelial","RPL7L1",0.08
2.23309565512024e-13,0.228887456843374,0.795,0.77,5.47220090287215e-09,"ACKR1_high_endothelial","NDRG1",0.025
2.66608268161284e-13,0.608330691412503,0.235,0.166,6.53323561129225e-09,"ACKR1_high_endothelial","BLVRA",0.069
2.71733477721241e-13,0.47401617354112,0.366,0.291,6.658828871559e-09,"ACKR1_high_endothelial","EIF3B",0.075
2.7449911912881e-13,0.376735966522938,0.351,0.268,6.72660091425148e-09,"ACKR1_high_endothelial","HS3ST1",0.083
3.02526246216356e-13,0.297585975103748,0.607,0.53,7.4134056635318e-09,"ACKR1_high_endothelial","EHD4",0.077
3.07322009113565e-13,0.230738067441144,0.772,0.733,7.5309258333279e-09,"ACKR1_high_endothelial","RPS27L",0.039
3.07417514885252e-13,0.333586318684137,0.593,0.538,7.53326620226311e-09,"ACKR1_high_endothelial","XRCC6",0.0549999999999999
3.12754801886159e-13,0.354063030551903,0.522,0.443,7.66405642022033e-09,"ACKR1_high_endothelial","PGM5",0.079
3.18358111342942e-13,0.597176889931176,0.221,0.153,7.8013655184588e-09,"ACKR1_high_endothelial","RP11-147L13.11",0.068
3.72850805712744e-13,0.484641670348931,0.384,0.31,9.13670899399079e-09,"ACKR1_high_endothelial","C12orf10",0.074
4.14005152716335e-13,0.497705272010685,0.301,0.228,1.01451962673138e-08,"ACKR1_high_endothelial","TAF9",0.073
4.14954722692118e-13,0.52499737850117,0.365,0.291,1.01684654795703e-08,"ACKR1_high_endothelial","MAZ",0.074
4.28921200850219e-13,0.541191386014586,0.278,0.207,1.05107140268346e-08,"ACKR1_high_endothelial","DUSP22",0.071
5.40368373701234e-13,0.610033846364276,0.245,0.177,1.32417269975487e-08,"ACKR1_high_endothelial","PUM3",0.068
5.44238804608776e-13,0.45081618135665,0.4,0.331,1.33365719069381e-08,"ACKR1_high_endothelial","AK2",0.069
6.58834991437464e-13,0.46458428783396,0.371,0.295,1.61447514651751e-08,"ACKR1_high_endothelial","DIAPH1",0.076
7.0503605458723e-13,0.55240153511175,0.284,0.212,1.72769085176601e-08,"ACKR1_high_endothelial","SEC61A1",0.072
7.31224038153994e-13,0.328209675186502,0.545,0.474,1.79186450549636e-08,"ACKR1_high_endothelial","TAF1D",0.0710000000000001
7.54541037217618e-13,0.47077924581077,0.376,0.303,1.84900281170177e-08,"ACKR1_high_endothelial","ARHGAP31",0.073
8.85039928557684e-13,0.598096707858125,0.238,0.17,2.16879034493061e-08,"ACKR1_high_endothelial","TSPAN12",0.068
9.34973791294588e-13,0.208225807833361,0.826,0.796,2.29115327556739e-08,"ACKR1_high_endothelial","ALDOA",0.0299999999999999
9.42579410420114e-13,0.580440087795972,0.303,0.233,2.30979084523449e-08,"ACKR1_high_endothelial","TIMM9",0.07
9.5431332527509e-13,0.203613411550568,0.798,0.758,2.33854480358661e-08,"ACKR1_high_endothelial","RABAC1",0.04
1.00589005189901e-12,0.460267495729274,0.379,0.308,2.46493357217854e-08,"ACKR1_high_endothelial","ACAT1",0.071
1.00830951881697e-12,0.515415887718657,0.283,0.212,2.47086247586097e-08,"ACKR1_high_endothelial","NCK1",0.071
1.04477501986696e-12,0.618682303725871,0.23,0.164,2.56022118618398e-08,"ACKR1_high_endothelial","UHRF2",0.066
1.05370246370088e-12,0.332605917985937,0.637,0.586,2.582097887299e-08,"ACKR1_high_endothelial","RSL1D1",0.051
1.07759003842315e-12,0.704952121805661,0.158,0.102,2.64063438915593e-08,"ACKR1_high_endothelial","ALG3",0.056
1.07797874348017e-12,0.254942060506535,0.714,0.643,2.64158691089815e-08,"ACKR1_high_endothelial","NET1",0.071
1.15912182608945e-12,0.497677307124023,0.298,0.224,2.8404280348322e-08,"ACKR1_high_endothelial","SLC30A1",0.074
1.26102375721587e-12,0.654776753196708,0.169,0.111,3.09013871705749e-08,"ACKR1_high_endothelial","AFAP1",0.058
1.31255779738495e-12,0.237784168943447,0.778,0.736,3.21642288249182e-08,"ACKR1_high_endothelial","ARPC2",0.042
1.45117539167399e-12,0.320666634824582,0.531,0.455,3.55610529729712e-08,"ACKR1_high_endothelial","ENDOD1",0.076
1.4618090960883e-12,0.742620334553207,0.169,0.111,3.58216318996438e-08,"ACKR1_high_endothelial","GBE1",0.058
1.62353535921048e-12,0.422948552567002,0.467,0.4,3.97847339774529e-08,"ACKR1_high_endothelial","CD55",0.067
1.86577878734271e-12,0.283137001770718,0.624,0.565,4.5720909183833e-08,"ACKR1_high_endothelial","DDX46",0.0590000000000001
1.86698870596506e-12,0.397348895357046,0.446,0.375,4.57505582396737e-08,"ACKR1_high_endothelial","MED4",0.071
1.92477862926586e-12,0.270260264486391,0.612,0.543,4.71667003101598e-08,"ACKR1_high_endothelial","HEBP2",0.069
1.94553036347939e-12,0.286665194896139,0.683,0.638,4.76752215570625e-08,"ACKR1_high_endothelial","SERPINB6",0.045
1.9933239357054e-12,0.437922385861438,0.345,0.269,4.88464030444609e-08,"ACKR1_high_endothelial","DOC2B",0.076
2.06006409269118e-12,0.574980284823525,0.299,0.23,5.04818705913974e-08,"ACKR1_high_endothelial","GPATCH2",0.069
2.06221467074008e-12,0.598382860543797,0.254,0.187,5.05345705064857e-08,"ACKR1_high_endothelial","CNDP2",0.067
2.17296849263792e-12,0.574496898347069,0.247,0.18,5.32485929120922e-08,"ACKR1_high_endothelial","OGT",0.067
2.21083491321621e-12,0.496945148767059,0.389,0.317,5.41765095483633e-08,"ACKR1_high_endothelial","EVA1C",0.072
2.41661460046916e-12,0.681447123107834,0.19,0.131,5.92191407844968e-08,"ACKR1_high_endothelial","ABCF2",0.059
2.42742973035232e-12,0.517786038262056,0.302,0.231,5.94841655422836e-08,"ACKR1_high_endothelial","GLRX3",0.071
2.47988818234753e-12,0.506600128393395,0.341,0.271,6.07696599084262e-08,"ACKR1_high_endothelial","LAPTM4B",0.07
2.6015508281502e-12,0.306760435083365,0.612,0.551,6.37510030438207e-08,"ACKR1_high_endothelial","C19orf70",0.0609999999999999
3.30361402245561e-12,0.310076888698846,0.387,0.303,8.09550616202747e-08,"ACKR1_high_endothelial","GJA1",0.084
3.40266995921914e-12,0.343865383361454,0.499,0.431,8.33824273506649e-08,"ACKR1_high_endothelial","DPP7",0.068
3.53943009681693e-12,0.247652427416721,0.708,0.667,8.67337345224989e-08,"ACKR1_high_endothelial","BMPR2",0.0409999999999999
3.80984725414627e-12,0.538943087126729,0.264,0.196,9.33603069628544e-08,"ACKR1_high_endothelial","LYPLA2",0.068
3.87234169972961e-12,0.716145293041561,0.168,0.111,9.4891733351874e-08,"ACKR1_high_endothelial","FAM207A",0.057
4.25871427465597e-12,0.366321120234061,0.509,0.444,1.04359793300445e-07,"ACKR1_high_endothelial","PHB",0.065
4.46238538501287e-12,0.586494329868275,0.242,0.176,1.0935075385974e-07,"ACKR1_high_endothelial","GFM1",0.066
4.70603403168121e-12,0.257976462457884,0.638,0.588,1.15321363946348e-07,"ACKR1_high_endothelial","SSBP1",0.05
5.00762876451478e-12,0.3140585464755,0.32,0.243,1.22711942874435e-07,"ACKR1_high_endothelial","SGK1",0.077
5.29503893483103e-12,0.405124375561275,0.522,0.456,1.29754929098034e-07,"ACKR1_high_endothelial","C1orf115",0.066
5.45745918141365e-12,0.46794356764864,0.379,0.311,1.33735037240541e-07,"ACKR1_high_endothelial","RPS6KA2",0.068
5.51038567573114e-12,0.301074137019953,0.631,0.595,1.35032000983792e-07,"ACKR1_high_endothelial","SNRPB",0.036
5.81128999100504e-12,0.432493245241563,0.417,0.345,1.42405661229579e-07,"ACKR1_high_endothelial","DDRGK1",0.072
6.18571630960732e-12,0.375177493128148,0.419,0.343,1.51580978166927e-07,"ACKR1_high_endothelial","IMP3",0.076
6.34672315570484e-12,0.504274650881515,0.295,0.225,1.55526450930547e-07,"ACKR1_high_endothelial","TRIO",0.07
6.47656087757532e-12,0.414393190649939,0.416,0.349,1.58708124304983e-07,"ACKR1_high_endothelial","PQBP1",0.067
6.61483143612631e-12,0.340897520899653,0.548,0.497,1.62096444342275e-07,"ACKR1_high_endothelial","EBPL",0.051
7.36327394398335e-12,0.719935845290712,0.196,0.138,1.80437027997312e-07,"ACKR1_high_endothelial","GNG4",0.058
7.73493329312355e-12,0.263057678126138,0.179,0.119,1.89544540347993e-07,"ACKR1_high_endothelial","C8orf4",0.06
7.82820667076929e-12,0.22479452488458,0.797,0.77,1.91830204467201e-07,"ACKR1_high_endothelial","ELK3",0.027
8.13445659414225e-12,0.513122496617899,0.245,0.178,1.99334858839456e-07,"ACKR1_high_endothelial","TMA16",0.067
8.50270734181295e-12,0.317999899002208,0.56,0.501,2.08358843411126e-07,"ACKR1_high_endothelial","LAMTOR5",0.0590000000000001
8.55674349038213e-12,0.557064464841433,0.248,0.183,2.09682999231814e-07,"ACKR1_high_endothelial","MRPS2",0.065
9.61380865394278e-12,0.444313278790503,0.413,0.349,2.35586381064868e-07,"ACKR1_high_endothelial","SEPN1",0.064
1.02542360230052e-11,0.538742675954784,0.222,0.158,2.51280053743744e-07,"ACKR1_high_endothelial","ZNF467",0.064
1.02911919317716e-11,0.452833422392645,0.39,0.323,2.52185658288062e-07,"ACKR1_high_endothelial","STK25",0.067
1.11487838212286e-11,0.537101650915359,0.35,0.284,2.73200947539206e-07,"ACKR1_high_endothelial","PALM",0.066
1.14799384348041e-11,0.697928765371427,0.17,0.114,2.81315891344874e-07,"ACKR1_high_endothelial","TRNT1",0.056
1.23041257362366e-11,0.549038353499599,0.246,0.181,3.01512601166477e-07,"ACKR1_high_endothelial","HRAS",0.065
1.3889107489729e-11,0.467845627305966,0.3,0.23,3.40352579035809e-07,"ACKR1_high_endothelial","AHSA1",0.07
1.43655192541743e-11,0.682271862396531,0.193,0.134,3.52027049323542e-07,"ACKR1_high_endothelial","CRTC3",0.059
1.55846282601385e-11,0.523689856085917,0.257,0.191,3.81901315514694e-07,"ACKR1_high_endothelial","RRP7A",0.066
1.88728048551019e-11,0.701375922384325,0.163,0.109,4.62478082974272e-07,"ACKR1_high_endothelial","SNAPC2",0.054
2.04243134738678e-11,0.665204283522416,0.165,0.111,5.00497801677129e-07,"ACKR1_high_endothelial","TFEB",0.054
2.07230524838852e-11,0.673444804081507,0.207,0.148,5.07818401117606e-07,"ACKR1_high_endothelial","TBC1D10A",0.059
2.09967628929046e-11,0.716465042228928,0.173,0.117,5.14525674690627e-07,"ACKR1_high_endothelial","SENCR",0.056
2.14362130527773e-11,0.506574643992251,0.272,0.204,5.25294400858309e-07,"ACKR1_high_endothelial","GRK5",0.068
2.15523696956572e-11,0.675412396052934,0.163,0.109,5.2814081939208e-07,"ACKR1_high_endothelial","B4GALT2",0.054
2.23318265035847e-11,0.273259969197691,0.68,0.615,5.47241408470343e-07,"ACKR1_high_endothelial","ID1",0.0650000000000001
2.32785213849061e-11,0.500137803479629,0.331,0.263,5.70440166537125e-07,"ACKR1_high_endothelial","MKKS",0.068
2.36084963444119e-11,0.555104953820327,0.248,0.184,5.78526202919813e-07,"ACKR1_high_endothelial","SH3BP4",0.064
2.41715198358631e-11,0.336735021240279,0.512,0.448,5.92323093577824e-07,"ACKR1_high_endothelial","PSMB5",0.064
2.69628969249772e-11,0.668784765703903,0.152,0.1,6.60725789146567e-07,"ACKR1_high_endothelial","GATC",0.052
2.81461944763524e-11,0.302350521226387,0.537,0.472,6.89722495643016e-07,"ACKR1_high_endothelial","RNPS1",0.0650000000000001
2.86803600306415e-11,0.2664387765443,0.633,0.575,7.02812222550871e-07,"ACKR1_high_endothelial","MT-ND4L",0.0580000000000001
2.91236209631085e-11,0.463581524572567,0.332,0.266,7.13674331700975e-07,"ACKR1_high_endothelial","NCBP2",0.066
3.0238111971965e-11,0.600563326185422,0.212,0.151,7.40984933873003e-07,"ACKR1_high_endothelial","CA5B",0.061
3.41859578449639e-11,0.786859721878832,0.16,0.107,8.37726896990839e-07,"ACKR1_high_endothelial","SBNO2",0.053
3.4234581793628e-11,0.42882067361866,0.389,0.322,8.38918426852855e-07,"ACKR1_high_endothelial","RPN1",0.067
3.61330544924315e-11,0.49351041175796,0.225,0.162,8.85440500337034e-07,"ACKR1_high_endothelial","HMOX2",0.063
3.77381718077912e-11,0.331544972728278,0.514,0.448,9.24773900149924e-07,"ACKR1_high_endothelial","VCP",0.066
3.87539820037333e-11,0.487880238217114,0.297,0.228,9.49666329001485e-07,"ACKR1_high_endothelial","SLC25A39",0.069
4.08557221948777e-11,0.606648917462288,0.207,0.148,1.00116947238548e-06,"ACKR1_high_endothelial","SLC10A3",0.059
4.25221205263101e-11,0.579840786964654,0.236,0.175,1.04200456349723e-06,"ACKR1_high_endothelial","MAD2L2",0.061
5.15092468296157e-11,0.422102464954747,0.259,0.191,1.26223409355973e-06,"ACKR1_high_endothelial","PPL",0.068
5.21837950368869e-11,0.558383945901304,0.213,0.154,1.27876389737891e-06,"ACKR1_high_endothelial","WDR74",0.059
6.70034419392504e-11,0.400744036316327,0.449,0.388,1.64191934472133e-06,"ACKR1_high_endothelial","CCT5",0.061
6.89398250503634e-11,0.361611552543693,0.521,0.462,1.68937041285915e-06,"ACKR1_high_endothelial","SNRPD1",0.059
7.14314834019853e-11,0.294139062103073,0.553,0.496,1.75042850076565e-06,"ACKR1_high_endothelial","PSMA1",0.0570000000000001
8.22182926311312e-11,0.341444149767772,0.387,0.319,2.01475926092587e-06,"ACKR1_high_endothelial","PLCB4",0.068
9.7841334955362e-11,0.49046244605335,0.302,0.237,2.39760191308115e-06,"ACKR1_high_endothelial","C16orf52",0.065
1.00597076655117e-10,0.573915388657478,0.215,0.155,2.46513136343365e-06,"ACKR1_high_endothelial","TRIM27",0.06
1.08361714833624e-10,0.598306550968972,0.201,0.144,2.65540382199797e-06,"ACKR1_high_endothelial","FES",0.057
1.08575428302992e-10,0.208784193352969,0.685,0.628,2.66064087056483e-06,"ACKR1_high_endothelial","H2AFZ",0.0570000000000001
1.21018630627574e-10,0.220312797730025,0.716,0.678,2.9655615435287e-06,"ACKR1_high_endothelial","SNRPD2",0.0379999999999999
1.30601148483046e-10,0.372723321060136,0.463,0.408,3.20038114357705e-06,"ACKR1_high_endothelial","NAA20",0.055
1.35802005868776e-10,0.382232634368442,0.493,0.44,3.32782815381435e-06,"ACKR1_high_endothelial","PRDX4",0.053
1.37047771522305e-10,0.624665412058381,0.2,0.144,3.35835564115409e-06,"ACKR1_high_endothelial","NIP7",0.056
1.43743752262107e-10,0.508494568539092,0.271,0.208,3.52244064918293e-06,"ACKR1_high_endothelial","MRPL24",0.063
1.61955865811345e-10,0.269222299531194,0.691,0.646,3.968728491707e-06,"ACKR1_high_endothelial","NDUFB2",0.0449999999999999
1.69969543367807e-10,0.346780877041038,0.481,0.419,4.16510366022812e-06,"ACKR1_high_endothelial","IGBP1",0.062
2.07883857082393e-10,0.325204848978796,0.459,0.39,5.09419391780404e-06,"ACKR1_high_endothelial","PRPSAP1",0.069
2.15096335012208e-10,0.402892633335412,0.305,0.237,5.27093568947416e-06,"ACKR1_high_endothelial","DNM1L",0.068
2.1889523017207e-10,0.414366880329272,0.33,0.262,5.36402761536658e-06,"ACKR1_high_endothelial","FLII",0.068
2.5420291453078e-10,0.359471706777706,0.423,0.36,6.22924242057676e-06,"ACKR1_high_endothelial","TMEM259",0.063
2.61318832375641e-10,0.540276940822806,0.237,0.177,6.40361798736509e-06,"ACKR1_high_endothelial","NEK3",0.06
2.80328765473543e-10,0.604967484601432,0.207,0.151,6.86945639792917e-06,"ACKR1_high_endothelial","ARRDC1",0.056
2.92544642192863e-10,0.494680802021331,0.293,0.232,7.16880645693612e-06,"ACKR1_high_endothelial","MANF",0.061
3.30770401137992e-10,0.402986473280433,0.327,0.261,8.10552867988648e-06,"ACKR1_high_endothelial","BFAR",0.066
4.60543646464928e-10,0.557280208470491,0.157,0.106,1.12856220566231e-05,"ACKR1_high_endothelial","PLXNB2",0.051
4.79215720218682e-10,0.272449257413791,0.494,0.423,1.17431812239588e-05,"ACKR1_high_endothelial","PHPT1",0.071
4.96158699536908e-10,0.304559131813904,0.311,0.241,1.21583689321519e-05,"ACKR1_high_endothelial","SEMA6B",0.07
5.17102385765494e-10,0.364118731563704,0.347,0.276,1.26715939631834e-05,"ACKR1_high_endothelial","ASS1",0.071
5.49026608514772e-10,0.609787006895019,0.16,0.109,1.34538970416545e-05,"ACKR1_high_endothelial","KIAA1522",0.051
5.60883153493784e-10,0.268691291626523,0.486,0.423,1.37444416763652e-05,"ACKR1_high_endothelial","YWHAH",0.063
5.85925953850444e-10,0.599639640525097,0.178,0.126,1.43581154991051e-05,"ACKR1_high_endothelial","MRRF",0.052
7.21312505009739e-10,0.382984519211236,0.395,0.333,1.76757629352636e-05,"ACKR1_high_endothelial","EPN1",0.062
7.86875962881164e-10,0.345323792952027,0.478,0.418,1.92823954704029e-05,"ACKR1_high_endothelial","MKNK2",0.06
8.09205987313537e-10,0.450039465627253,0.304,0.244,1.98295927191182e-05,"ACKR1_high_endothelial","HIP1",0.06
8.16711226466781e-10,0.324520316115745,0.519,0.469,2.00135086045685e-05,"ACKR1_high_endothelial","PGAM1",0.05
9.62985620678017e-10,0.426881501601178,0.361,0.301,2.35979626347148e-05,"ACKR1_high_endothelial","TSNAX",0.06
1.00910507808818e-09,0.536562515611748,0.243,0.186,2.47281199385508e-05,"ACKR1_high_endothelial","C20orf27",0.057
1.02043035293044e-09,0.245474040401894,0.588,0.539,2.50056457985604e-05,"ACKR1_high_endothelial","NDUFS6",0.0489999999999999
1.11449081505339e-09,0.549051418602247,0.201,0.146,2.73105974228833e-05,"ACKR1_high_endothelial","SDF2L1",0.055
1.12125314720956e-09,0.515468859275404,0.222,0.164,2.74763083723702e-05,"ACKR1_high_endothelial","SAMD1",0.058
1.18590037534836e-09,0.46186211341071,0.281,0.219,2.90604886979116e-05,"ACKR1_high_endothelial","TSPAN9",0.062
1.21197009055301e-09,0.30093956643316,0.534,0.481,2.96993270690016e-05,"ACKR1_high_endothelial","C1orf43",0.053
1.35195170386234e-09,0.291924886461339,0.572,0.527,3.31295765031466e-05,"ACKR1_high_endothelial","PRELID1",0.0449999999999999
1.37063344445566e-09,0.455298278176336,0.264,0.205,3.3587372556386e-05,"ACKR1_high_endothelial","DIAPH2",0.059
1.57855434495724e-09,0.343140210577882,0.388,0.325,3.86824742231771e-05,"ACKR1_high_endothelial","IKBIP",0.063
1.82959644207205e-09,0.401767907454872,0.356,0.293,4.48342608129757e-05,"ACKR1_high_endothelial","CTSF",0.063
1.91456407408813e-09,0.518726923443997,0.25,0.194,4.69163926355295e-05,"ACKR1_high_endothelial","PRPF19",0.056
1.92289268727883e-09,0.366968703272295,0.274,0.211,4.71204853017676e-05,"ACKR1_high_endothelial","IL4R",0.063
1.97513393466754e-09,0.601637825518418,0.194,0.142,4.8400657069028e-05,"ACKR1_high_endothelial","FGD6",0.052
2.26639631996768e-09,0.290813513677046,0.517,0.462,5.5538041820808e-05,"ACKR1_high_endothelial","POLR2E",0.055
2.43737350577831e-09,0.20119617425429,0.786,0.77,5.97278377590976e-05,"ACKR1_high_endothelial","SEC11A",0.016
2.45312717283097e-09,0.371336027776205,0.384,0.325,6.01138813702228e-05,"ACKR1_high_endothelial","ACP1",0.059
2.49100273904925e-09,0.317608029765168,0.452,0.395,6.10420221204018e-05,"ACKR1_high_endothelial","MRPL41",0.057
2.5651936713284e-09,0.455991435795201,0.26,0.202,6.28600709159023e-05,"ACKR1_high_endothelial","ZNF91",0.058
2.64100631679688e-09,0.53625938244989,0.334,0.277,6.47178597931077e-05,"ACKR1_high_endothelial","HLF",0.057
2.68236642978661e-09,0.447097053585914,0.33,0.272,6.57313893619209e-05,"ACKR1_high_endothelial","NME4",0.058
3.21589312709493e-09,0.353123674833896,0.424,0.37,7.88054610794613e-05,"ACKR1_high_endothelial","AIP",0.054
3.46020253943084e-09,0.26727277349339,0.566,0.51,8.47922632287528e-05,"ACKR1_high_endothelial","PNRC2",0.0559999999999999
3.81818463333254e-09,0.481488609341571,0.291,0.231,9.35646144398138e-05,"ACKR1_high_endothelial","DPM2",0.06
4.0768757075526e-09,0.399915108109417,0.348,0.287,9.99038392135765e-05,"ACKR1_high_endothelial","ZNF524",0.061
4.44760260896532e-09,0.352851376011495,0.403,0.339,0.000108988501932695,"ACKR1_high_endothelial","CMIP",0.064
4.74245540841349e-09,0.343935334468282,0.397,0.339,0.000116213869783173,"ACKR1_high_endothelial","NTAN1",0.058
4.84946699446344e-09,0.479278708300147,0.236,0.179,0.000118836188699327,"ACKR1_high_endothelial","MRPL37",0.057
5.23640185628997e-09,0.322266801263036,0.489,0.437,0.000128318027488386,"ACKR1_high_endothelial","CFI",0.052
5.28148397062328e-09,0.459223501503099,0.26,0.203,0.000129422764700123,"ACKR1_high_endothelial","HABP4",0.057
5.32962349826035e-09,0.31239397318404,0.574,0.533,0.00013060242382487,"ACKR1_high_endothelial","JTB",0.0409999999999999
5.98166021742407e-09,0.305640556829911,0.497,0.445,0.000146580583627977,"ACKR1_high_endothelial","TMEM147",0.052
6.13047261512736e-09,0.254079030456866,0.441,0.375,0.000150227231433696,"ACKR1_high_endothelial","CD109",0.066
6.26388065145095e-09,0.502462700022599,0.259,0.203,0.000153496395363806,"ACKR1_high_endothelial","TRIM25",0.056
6.32073419503787e-09,0.214633244789837,0.702,0.666,0.000154889591449403,"ACKR1_high_endothelial","PTTG1IP",0.0359999999999999
6.40591942656172e-09,0.48856830099587,0.27,0.213,0.000156977055547895,"ACKR1_high_endothelial","SRGAP2",0.057
6.9913274966236e-09,0.554673255462689,0.182,0.132,0.000171322480304761,"ACKR1_high_endothelial","STAT5A",0.05
7.81266262037466e-09,0.409090999431808,0.317,0.258,0.000191449297512281,"ACKR1_high_endothelial","LY96",0.059
8.08015586804005e-09,0.421980866302177,0.264,0.208,0.000198004219546321,"ACKR1_high_endothelial","NAPRT",0.056
8.38235013434551e-09,0.32702972088609,0.515,0.463,0.000205409490042137,"ACKR1_high_endothelial","SHISA5",0.052
8.48019359021856e-09,0.339948687995787,0.384,0.321,0.000207807143928306,"ACKR1_high_endothelial","MED28",0.063
8.81261076748663e-09,0.35229907377789,0.467,0.416,0.00021595302685726,"ACKR1_high_endothelial","GSPT1",0.051
9.33382582976428e-09,0.473772281048305,0.228,0.173,0.000228725401958374,"ACKR1_high_endothelial","GPIHBP1",0.055
9.39303306377369e-09,0.226896049184334,0.609,0.572,0.000230176275227774,"ACKR1_high_endothelial","PSMB3",0.037
1.01570267269283e-08,0.44147549811208,0.162,0.114,0.000248897939943379,"ACKR1_high_endothelial","MLST8",0.048
1.03673037662573e-08,0.287813433622255,0.552,0.506,0.000254050778792135,"ACKR1_high_endothelial","TAPBP",0.046
1.04591013597897e-08,0.319958540988848,0.363,0.297,0.000256300278821648,"ACKR1_high_endothelial","TIMM8B",0.066
1.0498147141994e-08,0.369725773692828,0.164,0.114,0.000257257095714564,"ACKR1_high_endothelial","SEMA3E",0.05
1.0702979240681e-08,0.508880371301986,0.194,0.143,0.000262276506292887,"ACKR1_high_endothelial","RBM12",0.051
1.08870527216113e-08,0.326635814934086,0.373,0.313,0.000266787226943084,"ACKR1_high_endothelial","PSMA5",0.06
1.25756911603538e-08,0.492778984429899,0.192,0.141,0.000308167311884471,"ACKR1_high_endothelial","PES1",0.051
1.30404994839186e-08,0.330932662917818,0.522,0.473,0.000319557439853426,"ACKR1_high_endothelial","ATP2B1",0.049
1.35055021297556e-08,0.285107349643536,0.486,0.437,0.000330952329689662,"ACKR1_high_endothelial","CNPY2",0.049
1.41939164513269e-08,0.45117880917625,0.211,0.158,0.000347821922639765,"ACKR1_high_endothelial","EXOSC7",0.053
1.43419746241133e-08,0.288662554529385,0.509,0.458,0.000351450088163897,"ACKR1_high_endothelial","TBCB",0.051
1.45623456811518e-08,0.6233114327823,0.196,0.147,0.000356850280916625,"ACKR1_high_endothelial","TMEM223",0.049
1.5097996259978e-08,0.282097219251624,0.597,0.555,0.000369976398350761,"ACKR1_high_endothelial","TINAGL1",0.0419999999999999
1.5242489629876e-08,0.336097367967006,0.456,0.402,0.000373517208380112,"ACKR1_high_endothelial","EI24",0.054
1.53187787366068e-08,0.422258021199086,0.333,0.276,0.000375386672940549,"ACKR1_high_endothelial","STARD3",0.057
1.57419736458606e-08,0.45349066567171,0.236,0.183,0.000385757064191814,"ACKR1_high_endothelial","POLD2",0.053
1.58230464371087e-08,0.366842718209406,0.449,0.399,0.000387743752941348,"ACKR1_high_endothelial","ZMIZ1",0.05
1.69400956625905e-08,0.433507315517389,0.297,0.241,0.000415117044211779,"ACKR1_high_endothelial","ESYT1",0.056
1.71670155844387e-08,0.231518201388746,0.622,0.579,0.000420677716896671,"ACKR1_high_endothelial","RAB5C",0.043
1.76138215110678e-08,0.373058286528035,0.329,0.27,0.000431626696128717,"ACKR1_high_endothelial","SLC29A1",0.059
1.89105082322076e-08,0.337235776127268,0.451,0.394,0.000463402004230248,"ACKR1_high_endothelial","ESF1",0.057
2.05773845285543e-08,0.477866864148935,0.265,0.212,0.000504248807872222,"ACKR1_high_endothelial","DUSP11",0.053
2.09338770884355e-08,0.33246785822066,0.415,0.359,0.000512984658052111,"ACKR1_high_endothelial","CCDC124",0.056
2.30118987820149e-08,0.325439630283396,0.474,0.415,0.000563906579653275,"ACKR1_high_endothelial","OXA1L",0.059
2.33389229737327e-08,0.425887698969308,0.231,0.179,0.00057192030747132,"ACKR1_high_endothelial","DDX54",0.052
2.64446837664085e-08,0.460707852916833,0.316,0.261,0.000648026975695839,"ACKR1_high_endothelial","DCTPP1",0.055
2.73012586291393e-08,0.328280274821271,0.503,0.46,0.000669017342707059,"ACKR1_high_endothelial","MYDGF",0.043
2.78368019387825e-08,0.561823377435645,0.208,0.159,0.000682140831509865,"ACKR1_high_endothelial","LTV1",0.049
2.8285724334503e-08,0.426136365444544,0.154,0.108,0.000693141674816997,"ACKR1_high_endothelial","RAB30-AS1",0.046
3.42616353914974e-08,0.246381008030912,0.524,0.469,0.000839581375268643,"ACKR1_high_endothelial","SHC1",0.055
3.51574933268074e-08,0.224457137898354,0.606,0.565,0.000861534373973415,"ACKR1_high_endothelial","CAP1",0.041
3.68630708510441e-08,0.288108316591767,0.521,0.476,0.000903329551204835,"ACKR1_high_endothelial","SEPT10",0.045
3.82753244696059e-08,0.290708581989419,0.479,0.421,0.000937936826127692,"ACKR1_high_endothelial","TRAPPC1",0.058
4.53344127335734e-08,0.37431489946821,0.29,0.236,0.00111091978403622,"ACKR1_high_endothelial","GRAMD1A",0.054
4.82170381962849e-08,0.554319852178408,0.181,0.133,0.00118155852099996,"ACKR1_high_endothelial","BID",0.048
5.00202645170773e-08,0.285774377728803,0.448,0.387,0.00122574658199098,"ACKR1_high_endothelial","SERPINH1",0.061
5.07908677250812e-08,0.663917120213191,0.175,0.13,0.00124463021360312,"ACKR1_high_endothelial","HIVEP1",0.045
5.58748047551236e-08,0.345263594580428,0.355,0.299,0.0013692120905243,"ACKR1_high_endothelial","UBN1",0.056
5.60591580316061e-08,0.282064534355324,0.446,0.394,0.00137372966756451,"ACKR1_high_endothelial","PBX1",0.052
5.67500735693019e-08,0.562454480144666,0.15,0.107,0.00139066055281574,"ACKR1_high_endothelial","NR2C2AP",0.043
6.06903923293312e-08,0.295524392241196,0.504,0.461,0.00148721806403026,"ACKR1_high_endothelial","HSPA5",0.043
6.11301967971209e-08,0.554376768074698,0.17,0.124,0.00149799547251345,"ACKR1_high_endothelial","FLJ20021",0.046
6.18095820507056e-08,0.280627262450284,0.419,0.367,0.00151464380815254,"ACKR1_high_endothelial","APEX1",0.052
6.20073989014794e-08,0.228785247279406,0.596,0.549,0.00151949131008075,"ACKR1_high_endothelial","EIF4H",0.0469999999999999
6.48855889307146e-08,0.443526632309493,0.318,0.268,0.00159002135674716,"ACKR1_high_endothelial","EBNA1BP2",0.05
7.83394626266319e-08,0.408538910763883,0.325,0.273,0.00191970853166562,"ACKR1_high_endothelial","PDCD2",0.052
7.83576991372963e-08,0.33186807830855,0.446,0.402,0.00192015541735945,"ACKR1_high_endothelial","EIF6",0.044
8.71628674274989e-08,0.413432170394827,0.239,0.188,0.00213592606631086,"ACKR1_high_endothelial","RUVBL2",0.051
8.86898941664728e-08,0.524430594411383,0.155,0.112,0.00217334585654942,"ACKR1_high_endothelial","RCC2",0.043
9.32576525075436e-08,0.660387709992259,0.152,0.111,0.00228527877469736,"ACKR1_high_endothelial","GFER",0.041
9.63841703569538e-08,0.206817549792651,0.665,0.632,0.00236189409459715,"ACKR1_high_endothelial","ATP5A1",0.033
9.80733989662014e-08,0.363062012558577,0.324,0.267,0.00240328864166676,"ACKR1_high_endothelial","NOC3L",0.057
9.94441801319078e-08,0.558420904834714,0.198,0.151,0.0024368796341324,"ACKR1_high_endothelial","PAFAH1B3",0.047
1.03083451206713e-07,0.448028299230147,0.188,0.14,0.00252605997182049,"ACKR1_high_endothelial","WDR36",0.048
1.05577985328412e-07,0.416058392525316,0.248,0.196,0.00258718853047274,"ACKR1_high_endothelial","HTRA2",0.052
1.09500489381225e-07,0.520016858842008,0.217,0.169,0.00268330949228691,"ACKR1_high_endothelial","ZDHHC20",0.048
1.1933272914989e-07,0.579690448074973,0.165,0.121,0.00292424852781805,"ACKR1_high_endothelial","SNRNP35",0.044
1.28542912158097e-07,0.227705889465128,0.538,0.487,0.00314994406243418,"ACKR1_high_endothelial","LINC01420",0.051
1.34662394130857e-07,0.306245620713823,0.457,0.409,0.00329990196817666,"ACKR1_high_endothelial","ATP5J2",0.048
1.34687606244902e-07,0.392414183623705,0.326,0.273,0.00330051979103133,"ACKR1_high_endothelial","NANS",0.053
1.38652269443583e-07,0.381334178226084,0.316,0.264,0.003397673862715,"ACKR1_high_endothelial","MIEN1",0.052
1.47419780652864e-07,0.436281302639266,0.261,0.211,0.00361252172489842,"ACKR1_high_endothelial","GAR1",0.05
1.47538268722966e-07,0.266468344287387,0.403,0.351,0.00361542527505628,"ACKR1_high_endothelial","SLC40A1",0.052
1.51053803205719e-07,0.284257022024088,0.496,0.454,0.00370157344755613,"ACKR1_high_endothelial","NFAT5",0.042
1.5642446711816e-07,0.30563581089506,0.417,0.365,0.00383318156673052,"ACKR1_high_endothelial","PTPRG",0.052
1.69308916172275e-07,0.376438731149436,0.326,0.274,0.00414891499080159,"ACKR1_high_endothelial","FAM50A",0.052
1.84436436576446e-07,0.421616438203154,0.315,0.262,0.0045196148783058,"ACKR1_high_endothelial","SAMM50",0.053
1.85142492233207e-07,0.408912770665309,0.287,0.237,0.00453691677217474,"ACKR1_high_endothelial","STT3B",0.05
1.85797453315051e-07,0.615967052582733,0.162,0.12,0.00455296659348532,"ACKR1_high_endothelial","SHC2",0.042
1.92947497946657e-07,0.342938179243755,0.345,0.29,0.00472817843718283,"ACKR1_high_endothelial","MRPL14",0.055
2.08255549658832e-07,0.436823729233034,0.315,0.265,0.00510330224438967,"ACKR1_high_endothelial","SSRP1",0.05
2.19360631753274e-07,0.268824915444663,0.462,0.408,0.00537543228111399,"ACKR1_high_endothelial","PRMT2",0.054
2.20175989378286e-07,0.354245422398942,0.274,0.22,0.0053954126197149,"ACKR1_high_endothelial","PLOD3",0.054
2.241659595093e-07,0.39088611379494,0.259,0.206,0.00549318683777541,"ACKR1_high_endothelial","KNOP1",0.053
2.26435730949117e-07,0.257379383161192,0.578,0.534,0.00554880758690812,"ACKR1_high_endothelial","CUTA",0.0439999999999999
2.26903641556578e-07,0.22334768076007,0.581,0.548,0.00556027373634393,"ACKR1_high_endothelial","MRPL20",0.0329999999999999
2.42493957257409e-07,0.591964841410169,0.153,0.112,0.00594231442259281,"ACKR1_high_endothelial","CECR5",0.041
2.4954163601164e-07,0.208764472748033,0.478,0.423,0.00611501779046524,"ACKR1_high_endothelial","NAMPT",0.055
2.66702005793871e-07,0.498580774188037,0.252,0.204,0.00653553265197882,"ACKR1_high_endothelial","ZDHHC17",0.048
2.82046122535265e-07,0.468075527167766,0.195,0.15,0.00691154023272666,"ACKR1_high_endothelial","WDR46",0.045
2.85523724672173e-07,0.453352025968397,0.215,0.167,0.0069967588730916,"ACKR1_high_endothelial","DCHS1",0.048
2.88372196236946e-07,0.488195253461638,0.184,0.14,0.00706656066878635,"ACKR1_high_endothelial","TRADD",0.044
3.01466613218531e-07,0.461699987729255,0.202,0.157,0.00738743935692009,"ACKR1_high_endothelial","KCTD3",0.045
3.04221134962561e-07,0.226241577833739,0.603,0.571,0.00745493891225755,"ACKR1_high_endothelial","TMED9",0.032
3.22931470010316e-07,0.49580695385667,0.16,0.119,0.00791343567260278,"ACKR1_high_endothelial","FARSA",0.041
3.26297872386672e-07,0.405892650256964,0.236,0.187,0.00799592936283539,"ACKR1_high_endothelial","SLC35F6",0.049
3.44382200240069e-07,0.200889675066795,0.538,0.487,0.00843908581688289,"ACKR1_high_endothelial","AKAP13",0.051
3.5130402681987e-07,0.317289172676998,0.363,0.308,0.00860870517722091,"ACKR1_high_endothelial","OFD1",0.055
3.7408043708858e-07,0.241172283620906,0.496,0.443,0.00916684111085564,"ACKR1_high_endothelial","EHD2",0.053
3.78617517035445e-07,0.210016095064819,0.603,0.565,0.00927802225495358,"ACKR1_high_endothelial","ATP6V1F",0.038
3.962847297196e-07,0.565498433865659,0.177,0.135,0.00971095730177879,"ACKR1_high_endothelial","DEF8",0.042
3.99611310899943e-07,0.454588742336988,0.154,0.113,0.0097924751736031,"ACKR1_high_endothelial","CHERP",0.041
4.29438199115767e-07,0.362413942604375,0.308,0.257,0.0105233830693319,"ACKR1_high_endothelial","KIF1C",0.051
4.37703005782479e-07,0.378066337498469,0.256,0.206,0.0107259121566996,"ACKR1_high_endothelial","DGKH",0.05
4.55868030534671e-07,0.247570841360038,0.573,0.537,0.0111710460882521,"ACKR1_high_endothelial","APPL1",0.0359999999999999
4.79304310436396e-07,0.268065239434882,0.411,0.359,0.0117453521272439,"ACKR1_high_endothelial","CHMP4A",0.052
5.08017572640656e-07,0.531320519485879,0.191,0.148,0.0124489706175593,"ACKR1_high_endothelial","TIMM50",0.043
5.30275969526068e-07,0.487182631317676,0.159,0.117,0.0129944126332363,"ACKR1_high_endothelial","GALNT10",0.042
5.35307256307179e-07,0.328585492083476,0.388,0.341,0.0131177043158074,"ACKR1_high_endothelial","RBM42",0.047
5.53399648180054e-07,0.236027784883997,0.556,0.52,0.0135610583786522,"ACKR1_high_endothelial","NDUFA12",0.036
5.54025232416041e-07,0.422040491651135,0.176,0.132,0.0135763883203551,"ACKR1_high_endothelial","SLC35A4",0.044
5.55713868556693e-07,0.348252558650634,0.293,0.244,0.0136177683489818,"ACKR1_high_endothelial","MGAT4B",0.049
5.6455556846242e-07,0.350615458810665,0.3,0.248,0.0138344342051716,"ACKR1_high_endothelial","SRFBP1",0.052
5.68150779671131e-07,0.401827741028307,0.208,0.162,0.0139225348558411,"ACKR1_high_endothelial","TAF1C",0.046
6.74888916845021e-07,0.290955171456032,0.484,0.441,0.0165381529072872,"ACKR1_high_endothelial","RRAGA",0.043
7.03046900497165e-07,0.327488014260637,0.423,0.376,0.017228164296683,"ACKR1_high_endothelial","FRYL",0.047
7.04813214118633e-07,0.334397632004977,0.365,0.317,0.0172714478119771,"ACKR1_high_endothelial","NOP56",0.048
7.46869385017812e-07,0.359252323349541,0.354,0.306,0.0183020342798615,"ACKR1_high_endothelial","CDK4",0.048
7.5162707569456e-07,0.481034496029602,0.239,0.194,0.0184186214898952,"ACKR1_high_endothelial","DUS1L",0.045
7.92204738536155e-07,0.481921505827,0.255,0.209,0.0194129771178285,"ACKR1_high_endothelial","NFYB",0.046
7.97751544039969e-07,0.201583277604225,0.624,0.583,0.0195489015866994,"ACKR1_high_endothelial","HNRNPR",0.041
8.0030044650117e-07,0.419143432861311,0.249,0.202,0.0196113624415112,"ACKR1_high_endothelial","SMIM12",0.047
8.02923579452268e-07,0.44573894287611,0.22,0.174,0.0196756423144778,"ACKR1_high_endothelial","PTPMT1",0.046
8.53032502073192e-07,0.508233372459999,0.23,0.184,0.0209035614633036,"ACKR1_high_endothelial","PPP5C",0.046
8.56359652705617e-07,0.301365729166427,0.395,0.345,0.0209850932895512,"ACKR1_high_endothelial","VEGFB",0.05
8.86173540221728e-07,0.481087392616901,0.202,0.158,0.0217156826031335,"ACKR1_high_endothelial","TRIAP1",0.044
9.26848544002646e-07,0.20576890019642,0.666,0.643,0.0227124235707848,"ACKR1_high_endothelial","ZNHIT1",0.023
9.28685992958635e-07,0.409084372701592,0.187,0.143,0.0227574502574514,"ACKR1_high_endothelial","FAM160A2",0.044
9.33999501187119e-07,0.539136159673408,0.163,0.122,0.0228876577765904,"ACKR1_high_endothelial","EEF1G",0.041
9.39103347576046e-07,0.346421793342037,0.34,0.293,0.023012727532351,"ACKR1_high_endothelial","C17orf89",0.047
9.45052389861115e-07,0.350897364833199,0.184,0.14,0.0231585088135466,"ACKR1_high_endothelial","TMEM150A",0.044
9.53357046833426e-07,0.532486424209989,0.158,0.118,0.0233620144326531,"ACKR1_high_endothelial","ZNF407",0.04
9.54500462993488e-07,0.295019944276097,0.317,0.264,0.0233900338456554,"ACKR1_high_endothelial","MRPL17",0.053
1.04409464201763e-06,0.34820869634788,0.306,0.258,0.025585539202642,"ACKR1_high_endothelial","CADPS2",0.048
1.14090270991806e-06,0.492619950894877,0.205,0.162,0.0279578209065421,"ACKR1_high_endothelial","PAK1IP1",0.043
1.15313746911835e-06,0.493548107494143,0.197,0.154,0.0282576336807451,"ACKR1_high_endothelial","PHF5A",0.043
1.18551985168843e-06,0.401671498567982,0.34,0.293,0.029051163965625,"ACKR1_high_endothelial","MLEC",0.047
1.20121855901712e-06,0.241752191298445,0.471,0.425,0.0294358607887145,"ACKR1_high_endothelial","PXN",0.046
1.20950842534524e-06,0.344398158733136,0.241,0.193,0.0296390039630852,"ACKR1_high_endothelial","LENG1",0.048
1.21409823262371e-06,0.393302265543004,0.272,0.225,0.0297514771904441,"ACKR1_high_endothelial","MFSD6",0.047
1.24038123950167e-06,0.210394103228281,0.633,0.607,0.0303955422739883,"ACKR1_high_endothelial","FLOT1",0.026
1.29008492368084e-06,0.304653850047029,0.376,0.326,0.031613531054799,"ACKR1_high_endothelial","TXNDC17",0.05
1.31234133679612e-06,0.429289777297224,0.165,0.124,0.0321589244581889,"ACKR1_high_endothelial","ICMT",0.041
1.32428684028775e-06,0.288091639716936,0.27,0.218,0.0324516490212514,"ACKR1_high_endothelial","COBLL1",0.052
1.43407725680411e-06,0.306545602763587,0.369,0.319,0.0351420631779848,"ACKR1_high_endothelial","EVA1B",0.05
1.44317823096492e-06,0.274006037102354,0.409,0.361,0.0353650825497954,"ACKR1_high_endothelial","PSMD13",0.048
1.44386097504782e-06,0.262876189338572,0.474,0.436,0.0353818131935468,"ACKR1_high_endothelial","ATP6V0B",0.038
1.48203838253371e-06,0.460742884003092,0.196,0.153,0.0363173505639886,"ACKR1_high_endothelial","PCDH12",0.043
1.55780529352525e-06,0.28271227421916,0.355,0.306,0.0381740187178362,"ACKR1_high_endothelial","MRPS15",0.049
1.59275193816463e-06,0.309365162193821,0.426,0.384,0.0390303862447243,"ACKR1_high_endothelial","AKR1A1",0.042
1.62524493342953e-06,0.301583693882975,0.42,0.376,0.0398266270936906,"ACKR1_high_endothelial","HACD3",0.044
1.65426673102424e-06,0.451419904194934,0.207,0.163,0.040537806243749,"ACKR1_high_endothelial","TMEM181",0.044
1.74179100503071e-06,0.221572535022511,0.567,0.526,0.0426825885782776,"ACKR1_high_endothelial","NUDC",0.0409999999999999
1.86058918509603e-06,0.384570561759161,0.294,0.25,0.0455937379807783,"ACKR1_high_endothelial","MRPL9",0.044
2.05892594061473e-06,0.382888226264142,0.414,0.372,0.0504539801747639,"ACKR1_high_endothelial","PIM3",0.042
2.09015663934313e-06,0.370061573623294,0.248,0.201,0.0512192884471035,"ACKR1_high_endothelial","DHRS4L2",0.047
2.11215012567383e-06,0.232174017852221,0.585,0.551,0.0517582388296372,"ACKR1_high_endothelial","ENAH",0.0339999999999999
2.12165031474055e-06,0.439060921836147,0.236,0.191,0.0519910409627171,"ACKR1_high_endothelial","RIN2",0.045
2.13966873222165e-06,0.237979490509029,0.497,0.453,0.0524325822830914,"ACKR1_high_endothelial","HIGD2A",0.044
2.20192399814339e-06,0.401837133315522,0.196,0.153,0.0539581475745037,"ACKR1_high_endothelial","EIF4E2",0.043
2.20708422068539e-06,0.3774041793804,0.25,0.204,0.0540845988278954,"ACKR1_high_endothelial","MDH1",0.046
2.2694919565483e-06,0.205844265052866,0.652,0.62,0.0556139003952162,"ACKR1_high_endothelial","CFLAR",0.032
2.34402114477227e-06,0.287688815694447,0.296,0.247,0.0574402381526445,"ACKR1_high_endothelial","FSCN1",0.049
2.42663936492161e-06,0.481313291230167,0.183,0.143,0.0594647976374041,"ACKR1_high_endothelial","MACROD1",0.04
2.59286479138389e-06,0.262841060739722,0.417,0.369,0.0635381517128622,"ACKR1_high_endothelial","MRPS18B",0.048
2.61181737725336e-06,0.231580541413722,0.587,0.546,0.0640025848295936,"ACKR1_high_endothelial","MYCT1",0.0409999999999999
2.62335502316282e-06,0.207216814304822,0.572,0.539,0.0642853148426048,"ACKR1_high_endothelial","NOL7",0.0329999999999999
2.65045509541918e-06,0.496640789935974,0.177,0.136,0.064949402113247,"ACKR1_high_endothelial","C16orf91",0.041
2.71353307499048e-06,0.213112052310824,0.543,0.505,0.0664951280026416,"ACKR1_high_endothelial","PSMD8",0.038
2.73784989746619e-06,0.279595233660304,0.424,0.38,0.067091011737409,"ACKR1_high_endothelial","AUP1",0.044
2.93062074792655e-06,0.455280461605355,0.2,0.158,0.0718148614279401,"ACKR1_high_endothelial","GCHFR",0.042
2.98573637136561e-06,0.350484139867909,0.345,0.301,0.0731654697803142,"ACKR1_high_endothelial","HERC2",0.044
2.99359156923464e-06,0.284260236005594,0.439,0.398,0.0733579614040948,"ACKR1_high_endothelial","PRR13",0.041
3.07897146072115e-06,0.253807611406437,0.425,0.379,0.0754501956449719,"ACKR1_high_endothelial","ATXN7L3B",0.046
3.08058926694512e-06,0.285114183214883,0.311,0.263,0.0754898399864903,"ACKR1_high_endothelial","NDUFAF2",0.048
3.09948339774067e-06,0.24546083289147,0.187,0.143,0.075952840661635,"ACKR1_high_endothelial","PHLDA3",0.044
3.25745271091891e-06,0.354433209336732,0.181,0.139,0.079823878681068,"ACKR1_high_endothelial","DDX56",0.042
3.32146490457464e-06,0.423111576171935,0.159,0.12,0.0813924974866016,"ACKR1_high_endothelial","EFTUD2",0.039
3.33181691534971e-06,0.276538016024204,0.27,0.222,0.0816461735106447,"ACKR1_high_endothelial","TUBA4A",0.048
3.34809862287688e-06,0.209113804120551,0.401,0.355,0.0820451567535978,"ACKR1_high_endothelial","UBALD2",0.046
3.53007938755718e-06,0.326997025928967,0.214,0.169,0.0865045953920888,"ACKR1_high_endothelial","APBB2",0.045
3.60177678191034e-06,0.284631361583571,0.424,0.381,0.0882615400407128,"ACKR1_high_endothelial","SNRPC",0.043
3.64433820068864e-06,0.387354433480237,0.216,0.173,0.089304507607875,"ACKR1_high_endothelial","NDN",0.043
3.89235062424168e-06,0.500333935198525,0.186,0.147,0.0953820520470424,"ACKR1_high_endothelial","CPTP",0.039
3.98034632769218e-06,0.442262526886479,0.172,0.133,0.0975383867600969,"ACKR1_high_endothelial","EIF2B2",0.039
4.00455816170924e-06,0.546787582366211,0.158,0.121,0.0981316977526849,"ACKR1_high_endothelial","AGPAT3",0.037
4.33995510835042e-06,0.354959628886635,0.257,0.213,0.106350599930127,"ACKR1_high_endothelial","METRN",0.044
4.35157354605245e-06,0.423536971657148,0.176,0.135,0.106635309746015,"ACKR1_high_endothelial","ACOT13",0.041
4.5642637860657e-06,0.315853912665605,0.233,0.188,0.11184728407754,"ACKR1_high_endothelial","TYMP",0.045
4.61391450582519e-06,0.337949288619359,0.388,0.346,0.113063974965246,"ACKR1_high_endothelial","SLC2A4RG",0.042
4.72747034730746e-06,0.251557001343116,0.372,0.324,0.115846660860769,"ACKR1_high_endothelial","ATXN3",0.048
4.97881888373222e-06,0.271439435244646,0.405,0.361,0.122005956745858,"ACKR1_high_endothelial","TRIM47",0.044
4.99041545205358e-06,0.278725180009189,0.398,0.355,0.122290130652573,"ACKR1_high_endothelial","SSBP4",0.043
5.13723728248297e-06,0.309435456781095,0.349,0.305,0.125887999607245,"ACKR1_high_endothelial","PSMA3-AS1",0.044
5.14894618269282e-06,0.347345580605675,0.328,0.284,0.126174926206887,"ACKR1_high_endothelial","NECAP2",0.044
5.30043015076657e-06,0.396055978994052,0.28,0.238,0.129887040844535,"ACKR1_high_endothelial","E2F4",0.042
5.31892952780743e-06,0.355931038250938,0.194,0.153,0.130340368078921,"ACKR1_high_endothelial","NAV1",0.041
5.97513565886842e-06,0.377488352780291,0.331,0.291,0.146420699320571,"ACKR1_high_endothelial","PSMC4",0.04
6.63637255039292e-06,0.395873829327407,0.288,0.247,0.162624309347378,"ACKR1_high_endothelial","PTPRK",0.041
7.04298029933731e-06,0.542814388208851,0.182,0.143,0.172588232235261,"ACKR1_high_endothelial","ARHGAP27",0.039
7.20324885975724e-06,0.432391689439404,0.193,0.153,0.176515613308351,"ACKR1_high_endothelial","NUBP1",0.04
7.21956676417996e-06,0.276285961257644,0.411,0.368,0.17691548355623,"ACKR1_high_endothelial","TMEM43",0.043
7.24987866434097e-06,0.646719091249345,0.16,0.124,0.177658276669675,"ACKR1_high_endothelial","ST8SIA4",0.036
7.3524954544115e-06,0.51324034341233,0.154,0.118,0.180172901110354,"ACKR1_high_endothelial","ACYP1",0.036
7.49760247210273e-06,0.353645047057886,0.257,0.214,0.183728748578877,"ACKR1_high_endothelial","MRPL27",0.043
7.96579170435475e-06,0.232728707125491,0.443,0.4,0.195201725715213,"ACKR1_high_endothelial","WDR1",0.043
8.28185360800664e-06,0.243902433923632,0.479,0.437,0.202946822664203,"ACKR1_high_endothelial","LSM8",0.042
8.33777886365864e-06,0.419312620886605,0.167,0.13,0.204317271053955,"ACKR1_high_endothelial","ADARB1",0.037
8.45044689805217e-06,0.341017183779502,0.302,0.259,0.207078201236769,"ACKR1_high_endothelial","TCF12",0.043
8.56191068852241e-06,0.276309396502547,0.395,0.349,0.209809621422242,"ACKR1_high_endothelial","EPHB4",0.046
8.71121223959533e-06,0.310842664410887,0.2,0.158,0.213468255931284,"ACKR1_high_endothelial","CTSS",0.042
8.84383021023264e-06,0.327173545181108,0.24,0.197,0.216718059301751,"ACKR1_high_endothelial","TBC1D1",0.043
9.32332367857736e-06,0.240684053669361,0.494,0.463,0.228468046743538,"ACKR1_high_endothelial","DRAP1",0.031
9.9177784033434e-06,0.323212416930725,0.339,0.297,0.24303515977393,"ACKR1_high_endothelial","IDH3G",0.042
1.02395379029758e-05,0.305510495372705,0.384,0.34,0.250919876312421,"ACKR1_high_endothelial","CELF2",0.044
1.03626369139506e-05,0.366365495171965,0.209,0.168,0.253936417576359,"ACKR1_high_endothelial","DUSP3",0.041
1.05401102729169e-05,0.2691458780938,0.373,0.327,0.258285402237829,"ACKR1_high_endothelial","BAZ1A",0.046
1.06072911672906e-05,0.456642279972709,0.174,0.136,0.259931670054457,"ACKR1_high_endothelial","TRUB2",0.038
1.06498179073044e-05,0.300797598452525,0.362,0.322,0.260973787818496,"ACKR1_high_endothelial","CCNL2",0.04
1.14173273847085e-05,0.458695208178662,0.174,0.137,0.279781607562281,"ACKR1_high_endothelial","CHMP6",0.037
1.23629276497327e-05,0.272939011709158,0.412,0.371,0.302953542056701,"ACKR1_high_endothelial","RBPMS",0.041
1.30319834128854e-05,0.313097445295528,0.263,0.22,0.319348753532756,"ACKR1_high_endothelial","CARD19",0.043
1.33750131986466e-05,0.26418022139698,0.403,0.359,0.327754698432835,"ACKR1_high_endothelial","PSMC1",0.044
1.34066639391404e-05,0.31692803577397,0.28,0.236,0.328530299828637,"ACKR1_high_endothelial","SYNE3",0.044
1.36366966266349e-05,0.239554236573162,0.42,0.377,0.334167250835688,"ACKR1_high_endothelial","COPRS",0.043
1.40458596402824e-05,0.358378962271307,0.15,0.114,0.34419379048512,"ACKR1_high_endothelial","KPNA2",0.036
1.45597656877943e-05,0.256049861062913,0.465,0.43,0.356787058179399,"ACKR1_high_endothelial","CCT2",0.035
1.48059236032502e-05,0.359238104762816,0.2,0.16,0.362819157897647,"ACKR1_high_endothelial","OSBPL5",0.04
1.51425643822259e-05,0.341178273631734,0.346,0.304,0.371068540186446,"ACKR1_high_endothelial","GON4L",0.042
1.53195536218247e-05,0.360184565263621,0.16,0.122,0.375405661502813,"ACKR1_high_endothelial","CBLB",0.038
1.5447973220279e-05,0.288028107398819,0.419,0.379,0.378552583762938,"ACKR1_high_endothelial","KIAA1551",0.04
1.5494874382378e-05,0.241510505241665,0.411,0.367,0.379701896740172,"ACKR1_high_endothelial","ESYT2",0.044
1.5596725150851e-05,0.355389771138592,0.319,0.278,0.382197749821604,"ACKR1_high_endothelial","PQLC1",0.041
1.74711859223803e-05,0.423974610554034,0.203,0.164,0.42813141102793,"ACKR1_high_endothelial","TRAK2",0.039
1.74857397939435e-05,0.546200681778038,0.171,0.136,0.428488053650586,"ACKR1_high_endothelial","CASP10",0.035
1.74861449114946e-05,0.504426182953015,0.163,0.128,0.428497981056176,"ACKR1_high_endothelial","NSMCE2",0.035
1.75927021400062e-05,0.450316347994032,0.17,0.133,0.431109165940853,"ACKR1_high_endothelial","RPP38",0.037
1.83598162351964e-05,0.270333676376571,0.472,0.437,0.449907296843487,"ACKR1_high_endothelial","SSU72",0.035
1.86948683724967e-05,0.354420092902938,0.217,0.176,0.45811774946803,"ACKR1_high_endothelial","QTRT1",0.041
1.91711368358369e-05,0.228874914000651,0.471,0.431,0.469788708162184,"ACKR1_high_endothelial","PSMB7",0.04
2.03585197795277e-05,0.296434493972508,0.353,0.312,0.498885527197326,"ACKR1_high_endothelial","EML4",0.041
2.21046072689818e-05,0.40441457278035,0.245,0.205,0.541673401126399,"ACKR1_high_endothelial","GPATCH4",0.04
2.22390047354797e-05,0.313522144072516,0.294,0.25,0.54496681104293,"ACKR1_high_endothelial","MRPS16",0.044
2.30529304315353e-05,0.379471121524818,0.197,0.159,0.564912060224774,"ACKR1_high_endothelial","ST6GALNAC4",0.038
2.35626593921353e-05,0.218999222895697,0.277,0.23,0.577402968404276,"ACKR1_high_endothelial","ZNF593",0.047
2.42024475217149e-05,0.234401969652678,0.501,0.464,0.593080976519623,"ACKR1_high_endothelial","BUD31",0.037
2.55770320740974e-05,0.31131673092726,0.252,0.211,0.626765170975756,"ACKR1_high_endothelial","CREB3",0.041
2.57789185820391e-05,0.382889572706464,0.173,0.136,0.631712399852868,"ACKR1_high_endothelial","NPIPB5",0.037
2.62538602889329e-05,0.318070565582363,0.351,0.313,0.643350846380301,"ACKR1_high_endothelial","ECI1",0.038
2.7048698182537e-05,0.26070091097683,0.462,0.421,0.66282834896307,"ACKR1_high_endothelial","MAP4K4",0.041
2.74158248669641e-05,0.285193746129889,0.329,0.288,0.671824788364956,"ACKR1_high_endothelial","FBXW5",0.041
2.75258957297451e-05,0.279406443916188,0.394,0.355,0.674522074857404,"ACKR1_high_endothelial","LAMTOR2",0.039
2.84476817005208e-05,0.278470017221406,0.3,0.255,0.697110440071263,"ACKR1_high_endothelial","FNDC3B",0.045
3.1316598259165e-05,0.229232514757758,0.411,0.367,0.767413240340838,"ACKR1_high_endothelial","CARD8",0.044
3.19232061450925e-05,0.540771186930027,0.166,0.132,0.782278166585492,"ACKR1_high_endothelial","PNO1",0.034
3.19957841677289e-05,0.25047163886094,0.396,0.353,0.784056691030196,"ACKR1_high_endothelial","OPTN",0.043
3.21711993805502e-05,0.389898976977546,0.298,0.258,0.788355240820382,"ACKR1_high_endothelial","SERTAD2",0.04
3.3250857757439e-05,0.347027230623951,0.293,0.253,0.814812269346043,"ACKR1_high_endothelial","EMC6",0.04
3.44474035255201e-05,0.33977508227263,0.2,0.161,0.84413362339287,"ACKR1_high_endothelial","IMMT",0.039
3.66227364010967e-05,0.321962702893556,0.243,0.202,0.897440155508875,"ACKR1_high_endothelial","PYCARD",0.041
3.66823517744306e-05,0.320054690861256,0.324,0.282,0.898901030232421,"ACKR1_high_endothelial","DBNL",0.042
3.73764433283214e-05,0.302027109140613,0.293,0.253,0.915909743760515,"ACKR1_high_endothelial","PTGIS",0.04
3.77456783708495e-05,0.284480472214444,0.364,0.321,0.924957848477667,"ACKR1_high_endothelial","TXNL4A",0.043
3.79145716605815e-05,0.201251774049111,0.555,0.528,0.929096578542549,"ACKR1_high_endothelial","CCT4",0.027
4.02924444281578e-05,0.25400947812044,0.343,0.3,0.987366350712007,"ACKR1_high_endothelial","CELF1",0.043
4.25094320847623e-05,0.209205231649525,0.489,0.445,1,"ACKR1_high_endothelial","SVIL",0.044
4.28045925948758e-05,0.282475033865647,0.459,0.425,1,"ACKR1_high_endothelial","PREX2",0.034
4.28494468007034e-05,0.416256642477636,0.21,0.174,1,"ACKR1_high_endothelial","HPRT1",0.036
4.33565863253863e-05,0.370145024496696,0.236,0.198,1,"ACKR1_high_endothelial","CPT1A",0.038
4.44008331618797e-05,0.292836755557077,0.301,0.261,1,"ACKR1_high_endothelial","SURF4",0.04
4.78469444164752e-05,0.202312150698095,0.515,0.483,1,"ACKR1_high_endothelial","AURKAIP1",0.032
4.81072046736864e-05,0.337747118316313,0.21,0.172,1,"ACKR1_high_endothelial","LINC00936",0.038
5.05965977790083e-05,0.249098526218772,0.416,0.377,1,"ACKR1_high_endothelial","H2AFY",0.039
5.09559482568199e-05,0.211577946903481,0.364,0.322,1,"ACKR1_high_endothelial","SSNA1",0.042
5.11864230945742e-05,0.324654378943882,0.156,0.122,1,"ACKR1_high_endothelial","MT-ATP8",0.034
5.26037258962902e-05,0.367549915849508,0.208,0.171,1,"ACKR1_high_endothelial","TCIRG1",0.037
5.30833320443149e-05,0.405273080828456,0.201,0.165,1,"ACKR1_high_endothelial","G6PC3",0.036
5.53619528882245e-05,0.3614946066207,0.18,0.144,1,"ACKR1_high_endothelial","SCNM1",0.036
5.58811382509462e-05,0.332324306563725,0.291,0.251,1,"ACKR1_high_endothelial","CEP112",0.04
5.69209437147994e-05,0.240784383292862,0.304,0.262,1,"ACKR1_high_endothelial","TWF2",0.042
5.70034182416152e-05,0.297828165772566,0.311,0.271,1,"ACKR1_high_endothelial","STARD7",0.04
5.88393221624822e-05,0.400287930966157,0.162,0.128,1,"ACKR1_high_endothelial","SLC39A3",0.034
5.94057428219276e-05,0.310464339368302,0.202,0.163,1,"ACKR1_high_endothelial","ASMTL",0.039
5.98736381622799e-05,0.268251431616215,0.24,0.199,1,"ACKR1_high_endothelial","OSMR",0.041
6.62650647274233e-05,0.261041711581796,0.398,0.366,1,"ACKR1_high_endothelial","PCGF2",0.032
6.70266975150992e-05,0.242971515397892,0.417,0.379,1,"ACKR1_high_endothelial","COX14",0.038
7.01281370189779e-05,0.302828144852554,0.38,0.345,1,"ACKR1_high_endothelial","KAT6A",0.035
7.01922962624712e-05,0.346034542808819,0.154,0.121,1,"ACKR1_high_endothelial","HOXA10",0.033
7.04287208276704e-05,0.327085533632336,0.185,0.148,1,"ACKR1_high_endothelial","SOX13",0.037
7.19581652823382e-05,0.458353173363188,0.186,0.152,1,"ACKR1_high_endothelial","MLLT3",0.034
7.25399534138193e-05,0.222733645722188,0.219,0.179,1,"ACKR1_high_endothelial","SURF6",0.04
7.34511061078133e-05,0.301502008672423,0.228,0.189,1,"ACKR1_high_endothelial","DFFA",0.039
7.47945389513147e-05,0.353268677933005,0.232,0.194,1,"ACKR1_high_endothelial","BRMS1",0.038
8.03383747820161e-05,0.289704704580083,0.381,0.348,1,"ACKR1_high_endothelial","ANXA4",0.033
8.26822494368249e-05,0.370961231618428,0.236,0.2,1,"ACKR1_high_endothelial","C11orf1",0.036
8.65011540045559e-05,0.413043954870708,0.164,0.131,1,"ACKR1_high_endothelial","GIMAP5",0.033
8.97610918759766e-05,0.375657977701175,0.151,0.119,1,"ACKR1_high_endothelial","MID1",0.032
9.30239350170701e-05,0.229540002355183,0.312,0.273,1,"ACKR1_high_endothelial","C9orf3",0.039
9.49393490401727e-05,0.249505242448014,0.501,0.475,1,"ACKR1_high_endothelial","MAP2K2",0.026
9.73748605896154e-05,0.33291408076184,0.24,0.203,1,"ACKR1_high_endothelial","TGFB1I1",0.037
9.94389217603465e-05,0.235682316512738,0.418,0.387,1,"ACKR1_high_endothelial","CYC1",0.031
0.000100356167852864,0.220596329787332,0.421,0.381,1,"ACKR1_high_endothelial","SAT2",0.04
0.000101620820064696,0.408551864857337,0.162,0.13,1,"ACKR1_high_endothelial","THAP9-AS1",0.032
0.000101779934053096,0.461251702605695,0.163,0.131,1,"ACKR1_high_endothelial","SIRT5",0.032
0.00010955882181136,0.377475293608844,0.172,0.138,1,"ACKR1_high_endothelial","DALRD3",0.034
0.000111298384856329,0.288307727789841,0.252,0.213,1,"ACKR1_high_endothelial","RAB27A",0.039
0.000111518149185032,0.34549410288634,0.209,0.174,1,"ACKR1_high_endothelial","CREBZF",0.035
0.000113445251979148,0.253902535197856,0.407,0.372,1,"ACKR1_high_endothelial","GRHPR",0.035
0.00011412089676847,0.376673414775663,0.262,0.226,1,"ACKR1_high_endothelial","NADK",0.036
0.000117151596525785,0.369162526953491,0.194,0.159,1,"ACKR1_high_endothelial","PSMD9",0.035
0.000117161751830186,0.272553548655336,0.339,0.301,1,"ACKR1_high_endothelial","BAX",0.038
0.000121335036547996,0.352217949582263,0.256,0.22,1,"ACKR1_high_endothelial","CNPY3",0.036
0.00012730392497647,0.332198567383903,0.195,0.16,1,"ACKR1_high_endothelial","SLC12A6",0.035
0.000129818822487043,0.3366948964722,0.273,0.238,1,"ACKR1_high_endothelial","RNF126",0.035
0.000132945316365945,0.322793347036041,0.224,0.189,1,"ACKR1_high_endothelial","ELOF1",0.035
0.000135793527184821,0.489819403444192,0.15,0.119,1,"ACKR1_high_endothelial","COQ9",0.031
0.000138790654312869,0.248700335684608,0.312,0.273,1,"ACKR1_high_endothelial","ACTR1A",0.039
0.000140313277739404,0.214650152587577,0.308,0.267,1,"ACKR1_high_endothelial","AK1",0.041
0.000141668898714711,0.339337347186381,0.323,0.29,1,"ACKR1_high_endothelial","CHST12",0.033
0.000143958513415461,0.261982768935404,0.182,0.146,1,"ACKR1_high_endothelial","BET1",0.036
0.000152377113790285,0.322424408745306,0.229,0.193,1,"ACKR1_high_endothelial","PPP1R12C",0.036
0.000158502104190274,0.294427571465517,0.173,0.139,1,"ACKR1_high_endothelial","EMC8",0.034
0.000159059913660863,0.280588772955684,0.346,0.31,1,"ACKR1_high_endothelial","TMEM50B",0.036
0.000159238847436052,0.406079614945549,0.191,0.157,1,"ACKR1_high_endothelial","ILF3-AS1",0.034
0.000161387409968328,0.258448917265465,0.331,0.293,1,"ACKR1_high_endothelial","ETHE1",0.038
0.000162154161051527,0.295721312532727,0.252,0.215,1,"ACKR1_high_endothelial","STX4",0.037
0.000162864720151466,0.360058679694727,0.214,0.18,1,"ACKR1_high_endothelial","EEF1E1",0.034
0.0001675126046901,0.342358525506771,0.157,0.125,1,"ACKR1_high_endothelial","MAPKAPK5-AS1",0.032
0.000168988171508413,0.322758403335494,0.257,0.221,1,"ACKR1_high_endothelial","TSTA3",0.036
0.00017009490257617,0.28376420401903,0.314,0.278,1,"ACKR1_high_endothelial","MPLKIP",0.036
0.000173686489430136,0.204206844230876,0.551,0.526,1,"ACKR1_high_endothelial","PYURF",0.025
0.000175511370975454,0.354300255338548,0.165,0.133,1,"ACKR1_high_endothelial","MAK16",0.032
0.000181350357892542,0.375150167708519,0.188,0.156,1,"ACKR1_high_endothelial","AP1M1",0.032
0.000184036326623722,0.318948163881805,0.227,0.193,1,"ACKR1_high_endothelial","DGKZ",0.034
0.000187553394743288,0.316946003391563,0.158,0.126,1,"ACKR1_high_endothelial","SOCS6",0.032
0.000201138185041699,0.247051689517806,0.276,0.237,1,"ACKR1_high_endothelial","ZNF580",0.039
0.000205413619337666,0.219542069741405,0.515,0.489,1,"ACKR1_high_endothelial","RASIP1",0.026
0.000205598969300549,0.390574951659987,0.181,0.149,1,"ACKR1_high_endothelial","DVL1",0.032
0.00020687937753053,0.241475896041639,0.339,0.304,1,"ACKR1_high_endothelial","EMC3",0.035
0.000210296159956114,0.369264910150042,0.216,0.183,1,"ACKR1_high_endothelial","SNAPC5",0.033
0.000210442559210311,0.344380629500725,0.216,0.183,1,"ACKR1_high_endothelial","TNFRSF10B",0.033
0.000212653823257367,0.407628438856709,0.207,0.174,1,"ACKR1_high_endothelial","PACS1",0.033
0.000214201210652869,0.419244759312781,0.183,0.15,1,"ACKR1_high_endothelial","CHST7",0.033
0.000214781510216378,0.360623561535988,0.247,0.213,1,"ACKR1_high_endothelial","DAZAP1",0.034
0.000215978154192509,0.423314474350654,0.178,0.147,1,"ACKR1_high_endothelial","RBFA",0.031
0.000216267365893448,0.332819836375306,0.17,0.139,1,"ACKR1_high_endothelial","PSME3",0.031
0.000216945308285322,0.240716854169861,0.317,0.28,1,"ACKR1_high_endothelial","CENPB",0.037
0.000228067771150051,0.250302549945149,0.381,0.349,1,"ACKR1_high_endothelial","PPP4C",0.032
0.000234156572798002,0.253297962797979,0.366,0.332,1,"ACKR1_high_endothelial","PIEZO1",0.034
0.000240675438111953,0.34494653705728,0.171,0.139,1,"ACKR1_high_endothelial","SPNS1",0.032
0.00025868314161032,0.229853065300809,0.439,0.402,1,"ACKR1_high_endothelial","MYOF",0.037
0.000272907537847254,0.486632547893633,0.167,0.138,1,"ACKR1_high_endothelial","ZPR1",0.029
0.000275492823852906,0.226151740216136,0.341,0.304,1,"ACKR1_high_endothelial","CUEDC2",0.037
0.000279901754159819,0.211736543120477,0.3,0.262,1,"ACKR1_high_endothelial","AIF1L",0.038
0.000293023845764578,0.299421724995139,0.263,0.229,1,"ACKR1_high_endothelial","SDHAF2",0.034
0.000295460016906516,0.210879280515832,0.401,0.363,1,"ACKR1_high_endothelial","EGLN2",0.038
0.000295780394063385,0.301446558939795,0.155,0.124,1,"ACKR1_high_endothelial","MARVELD1",0.031
0.000310396595931085,0.312760682821316,0.293,0.26,1,"ACKR1_high_endothelial","EIF2S1",0.033
0.000318667412133038,0.261793745383675,0.327,0.293,1,"ACKR1_high_endothelial","TEX264",0.034
0.000321700156309291,0.292885680560542,0.203,0.17,1,"ACKR1_high_endothelial","SLC43A3",0.033
0.000324222306293521,0.333117604881427,0.199,0.167,1,"ACKR1_high_endothelial","PDCL3",0.032
0.000327698605559916,0.267368350862369,0.35,0.316,1,"ACKR1_high_endothelial","PDCD10",0.034
0.000327913004181862,0.249951627982735,0.272,0.235,1,"ACKR1_high_endothelial","GATAD2B",0.037
0.000332311271497341,0.332109828263769,0.184,0.152,1,"ACKR1_high_endothelial","ZFAND3",0.032
0.000340790141192941,0.366765933252686,0.168,0.138,1,"ACKR1_high_endothelial","RBM15B",0.03
0.000343745654880706,0.290679923884151,0.299,0.266,1,"ACKR1_high_endothelial","ASNA1",0.033
0.000346777261962603,0.293548012894547,0.253,0.217,1,"ACKR1_high_endothelial","AGRN",0.036
0.000353960852663473,0.369685048651002,0.243,0.21,1,"ACKR1_high_endothelial","SMAP1",0.033
0.000354247445866828,0.232722865325682,0.406,0.374,1,"ACKR1_high_endothelial","NELFE",0.032
0.00035629388008197,0.233396443650143,0.236,0.198,1,"ACKR1_high_endothelial","MTX1",0.038
0.000360152488905096,0.2237824578381,0.417,0.387,1,"ACKR1_high_endothelial","TOMM22",0.03
0.000364734839665214,0.283913978579948,0.205,0.171,1,"ACKR1_high_endothelial","LSM10",0.034
0.000385808695570489,0.455573051376257,0.157,0.127,1,"ACKR1_high_endothelial","ZDHHC8",0.03
0.0003880545946941,0.263703038328185,0.257,0.222,1,"ACKR1_high_endothelial","FAR1",0.035
0.000409169374493511,0.263417424205559,0.251,0.218,1,"ACKR1_high_endothelial","APOPT1",0.033
0.000411124161900922,0.265272045243392,0.424,0.399,1,"ACKR1_high_endothelial","FRY",0.025
0.000419767343705635,0.33247879612938,0.247,0.214,1,"ACKR1_high_endothelial","SEC13",0.033
0.000438824924727341,0.276942420690224,0.275,0.24,1,"ACKR1_high_endothelial","SMARCC1",0.035
0.00044086071229498,0.258919817469469,0.192,0.159,1,"ACKR1_high_endothelial","PLCG1",0.033
0.000448967415338913,0.279458207785223,0.191,0.158,1,"ACKR1_high_endothelial","RBM12B",0.033
0.00045097542095293,0.234466637539686,0.282,0.244,1,"ACKR1_high_endothelial","TRAPPC6A",0.038
0.000451626401490122,0.209142222108009,0.524,0.5,1,"ACKR1_high_endothelial","ALKBH7",0.024
0.000471313598252402,0.23959925389963,0.36,0.326,1,"ACKR1_high_endothelial","CNIH1",0.034
0.0004732431056736,0.290729983847592,0.256,0.222,1,"ACKR1_high_endothelial","STAT5B",0.034
0.00047639205277326,0.207823243512496,0.44,0.406,1,"ACKR1_high_endothelial","TMEM256",0.034
0.000482109769706115,0.350518902270526,0.152,0.123,1,"ACKR1_high_endothelial","ZNF581",0.029
0.000491704221518543,0.274481826791387,0.232,0.198,1,"ACKR1_high_endothelial","BMP2K",0.034
0.000494065370659727,0.213839596298935,0.303,0.265,1,"ACKR1_high_endothelial","NFATC3",0.038
0.000520518571763205,0.20226734925918,0.405,0.369,1,"ACKR1_high_endothelial","LINC00116",0.036
0.000530175773945669,0.218549958512836,0.304,0.267,1,"ACKR1_high_endothelial","NOL8",0.037
0.000540589156038525,0.325237514532382,0.197,0.166,1,"ACKR1_high_endothelial","GARS",0.031
0.000544881635558349,0.226092448398658,0.295,0.26,1,"ACKR1_high_endothelial","MSRA",0.035
0.000575162704747842,0.298606124322071,0.221,0.187,1,"ACKR1_high_endothelial","KIAA2013",0.034
0.000576539455159624,0.254785203478167,0.196,0.164,1,"ACKR1_high_endothelial","TRIM4",0.032
0.000579747943396497,0.360757116093648,0.179,0.15,1,"ACKR1_high_endothelial","PNKP",0.029
0.000602061274163278,0.392399794563603,0.172,0.142,1,"ACKR1_high_endothelial","AGPAT5",0.03
0.000609741973060869,0.225433300018553,0.397,0.366,1,"ACKR1_high_endothelial","NDUFA6",0.031
0.000614960729899014,0.263203076042266,0.233,0.199,1,"ACKR1_high_endothelial","GTF2F2",0.034
0.000642957115601698,0.349690410454013,0.153,0.125,1,"ACKR1_high_endothelial","IRAK1",0.028
0.000646595975525128,0.286436445258137,0.165,0.134,1,"ACKR1_high_endothelial","NUP160",0.031
0.000654517868512716,0.340156445549055,0.264,0.232,1,"ACKR1_high_endothelial","PSMC2",0.032
0.000661049527151697,0.290451817174995,0.279,0.247,1,"ACKR1_high_endothelial","TXNDC9",0.032
0.000667021922415765,0.261474038566802,0.257,0.221,1,"ACKR1_high_endothelial","SMC4",0.036
0.000668772078913763,0.236652704038349,0.252,0.217,1,"ACKR1_high_endothelial","NUTM2B-AS1",0.035
0.000671943303741263,0.226319188993903,0.363,0.33,1,"ACKR1_high_endothelial","MRPL11",0.033
0.000678990028598903,0.258191958165747,0.254,0.22,1,"ACKR1_high_endothelial","SRP19",0.034
0.00068529589602713,0.278607188964829,0.207,0.175,1,"ACKR1_high_endothelial","NOC2L",0.032
0.000701967795042505,0.435751839526841,0.169,0.14,1,"ACKR1_high_endothelial","LEMD3",0.029
0.000731066786682605,0.291447666950168,0.268,0.234,1,"ACKR1_high_endothelial","TCEA3",0.034
0.000733629465253425,0.352921770808207,0.174,0.144,1,"ACKR1_high_endothelial","PLD2",0.03
0.000739614094951793,0.386778298005911,0.2,0.171,1,"ACKR1_high_endothelial","NCK2",0.029
0.000755586525836871,0.268067470447146,0.336,0.304,1,"ACKR1_high_endothelial","MRPL28",0.032
0.000758160271450563,0.252085293088441,0.265,0.232,1,"ACKR1_high_endothelial","MRPL36",0.033
0.000763314859879764,0.205570847069394,0.493,0.471,1,"ACKR1_high_endothelial","P4HB",0.022
0.000779213096736562,0.237223491206934,0.353,0.324,1,"ACKR1_high_endothelial","HSF1",0.029
0.000781891172888428,0.244206321709779,0.299,0.263,1,"ACKR1_high_endothelial","GRINA",0.036
0.000794545021694103,0.284172795574718,0.211,0.18,1,"ACKR1_high_endothelial","ADSL",0.031
0.000798188412590664,0.370644861456611,0.229,0.199,1,"ACKR1_high_endothelial","PFDN6",0.03
0.000802835972131388,0.240586676415602,0.339,0.307,1,"ACKR1_high_endothelial","VDAC1",0.032
0.000804854416386492,0.244499683912187,0.351,0.32,1,"ACKR1_high_endothelial","MAP1LC3A",0.031
0.000813164801850059,0.247987988087473,0.272,0.238,1,"ACKR1_high_endothelial","CHCHD1",0.034
0.000817590606590341,0.264992912964231,0.224,0.192,1,"ACKR1_high_endothelial","SF3B3",0.032
0.000819854000672341,0.457085963124498,0.162,0.135,1,"ACKR1_high_endothelial","PSMG1",0.027
0.000823259617720731,0.229386683557073,0.212,0.178,1,"ACKR1_high_endothelial","CDC34",0.034
0.000876356635672911,0.390105841030951,0.154,0.127,1,"ACKR1_high_endothelial","TSR1",0.027
0.000894222758198745,0.258933831818334,0.423,0.398,1,"ACKR1_high_endothelial","CCT8",0.025
0.000898165393579341,0.209577760648256,0.197,0.165,1,"ACKR1_high_endothelial","CCNT2",0.032
0.000956235185932464,0.220260315892704,0.279,0.245,1,"ACKR1_high_endothelial","TMCC3",0.034
0.000984232154959856,0.211320738733705,0.354,0.324,1,"ACKR1_high_endothelial","VASP",0.03
0.00100420010366464,0.265687052244243,0.153,0.124,1,"ACKR1_high_endothelial","ITGA3",0.029
0.00101405172171765,0.209983514899804,0.388,0.356,1,"ACKR1_high_endothelial","MRPL54",0.032
0.00103317147551608,0.346253104180556,0.15,0.122,1,"ACKR1_high_endothelial","MIR222HG",0.028
0.00108725067485418,0.253126716217328,0.239,0.209,1,"ACKR1_high_endothelial","WWC2",0.03
0.00109400127380863,0.31003460128949,0.189,0.159,1,"ACKR1_high_endothelial","MPDU1",0.03
0.00110787830755344,0.293309350807978,0.193,0.165,1,"ACKR1_high_endothelial","SIKE1",0.028
0.00113416586899653,0.26653858089435,0.264,0.235,1,"ACKR1_high_endothelial","SCAMP3",0.029
0.00113429219341242,0.255071793149237,0.199,0.169,1,"ACKR1_high_endothelial","ABR",0.03
0.00113834846205539,0.34365042280473,0.194,0.166,1,"ACKR1_high_endothelial","TPRA1",0.028
0.00117891768596912,0.242732160587111,0.301,0.269,1,"ACKR1_high_endothelial","SMIM10L1",0.032
0.00119161996317711,0.277824295410119,0.283,0.252,1,"ACKR1_high_endothelial","CNRIP1",0.031
0.0011955314887318,0.340091548117209,0.201,0.173,1,"ACKR1_high_endothelial","COA1",0.028
0.00121351682688522,0.212484843157535,0.431,0.402,1,"ACKR1_high_endothelial","PSMD7",0.029
0.00122377913274091,0.402281086956987,0.163,0.137,1,"ACKR1_high_endothelial","STK17A",0.026
0.00125612293953981,0.251606074143071,0.338,0.307,1,"ACKR1_high_endothelial","FYTTD1",0.031
0.0012717479155166,0.254378956244329,0.271,0.242,1,"ACKR1_high_endothelial","JAGN1",0.029
0.00127943212369416,0.250926771625832,0.241,0.21,1,"ACKR1_high_endothelial","MRPS23",0.031
0.00128667511872236,0.379633993030216,0.168,0.141,1,"ACKR1_high_endothelial","AHCY",0.027
0.00132865746936816,0.213759412150144,0.154,0.126,1,"ACKR1_high_endothelial","EIF4EBP1",0.028
0.00133789533115067,0.308484240226309,0.224,0.195,1,"ACKR1_high_endothelial","PLEKHM2",0.029
0.00134100097043376,0.292895349082735,0.276,0.247,1,"ACKR1_high_endothelial","GGCT",0.029
0.0013943305920428,0.232402023969077,0.321,0.291,1,"ACKR1_high_endothelial","MRPS7",0.03
0.00144408541327494,0.235847623137858,0.333,0.302,1,"ACKR1_high_endothelial","KLC1",0.031
0.00147661249173799,0.254705837098695,0.387,0.361,1,"ACKR1_high_endothelial","FAM3C",0.026
0.00160176406444937,0.314911613286479,0.159,0.132,1,"ACKR1_high_endothelial","AP1AR",0.027
0.00163262852010159,0.363614520605223,0.212,0.183,1,"ACKR1_high_endothelial","KEAP1",0.029
0.00163961606831784,0.217789000005033,0.15,0.123,1,"ACKR1_high_endothelial","KDM5D",0.027
0.00164653924757304,0.297763200480819,0.189,0.161,1,"ACKR1_high_endothelial","ACSL5",0.028
0.00166678679821986,0.260830355205123,0.312,0.285,1,"ACKR1_high_endothelial","M6PR",0.027
0.00174373689378291,0.233108646808781,0.172,0.143,1,"ACKR1_high_endothelial","NDST1",0.029
0.00177531009940444,0.289471842003155,0.282,0.254,1,"ACKR1_high_endothelial","BAG6",0.028
0.00187543208846683,0.205517833571865,0.489,0.476,1,"ACKR1_high_endothelial","UQCRC2",0.013
0.00191537701765735,0.223233327453425,0.376,0.349,1,"ACKR1_high_endothelial","NOSIP",0.027
0.00192338260705367,0.204788980760843,0.197,0.167,1,"ACKR1_high_endothelial","VPS13D",0.03
0.00194024203745217,0.279902642759867,0.224,0.196,1,"ACKR1_high_endothelial","DCAF13",0.028
0.00200284694410332,0.325763784414755,0.169,0.143,1,"ACKR1_high_endothelial","DNPH1",0.026
0.002002921129903,0.314917511612207,0.214,0.187,1,"ACKR1_high_endothelial","MCMBP",0.027
0.00201717807895168,0.253863495238763,0.225,0.196,1,"ACKR1_high_endothelial","SLC35B1",0.029
0.00207743322383067,0.259927743439341,0.267,0.237,1,"ACKR1_high_endothelial","GPI",0.03
0.00207767285613392,0.259843755379195,0.33,0.302,1,"ACKR1_high_endothelial","COX20",0.028
0.00210515228522066,0.216619901400222,0.383,0.357,1,"ACKR1_high_endothelial","FRG1",0.026
0.00216633841583274,0.278820817294633,0.281,0.251,1,"ACKR1_high_endothelial","ASL",0.03
0.00219015515114485,0.315856814479671,0.166,0.14,1,"ACKR1_high_endothelial","DDX10",0.026
0.00222016563064895,0.26174803653084,0.239,0.209,1,"ACKR1_high_endothelial","CD79B",0.03
0.00222372071005306,0.243385449110041,0.196,0.166,1,"ACKR1_high_endothelial","SLMAP",0.03
0.0022258817809126,0.302739230169666,0.3,0.275,1,"ACKR1_high_endothelial","BRIX1",0.025
0.00222697431230914,0.250083682251378,0.16,0.133,1,"ACKR1_high_endothelial","HSPBP1",0.027
0.0023160911245053,0.278746235077716,0.239,0.211,1,"ACKR1_high_endothelial","GPCPD1",0.028
0.002345591752608,0.292169972373376,0.231,0.204,1,"ACKR1_high_endothelial","MCUR1",0.027
0.00237731218823663,0.299770693111804,0.307,0.282,1,"ACKR1_high_endothelial","EBF1",0.025
0.00242027196834742,0.384938291021647,0.188,0.162,1,"ACKR1_high_endothelial","ARHGAP18",0.026
0.00245174227330645,0.257601720238285,0.166,0.139,1,"ACKR1_high_endothelial","CLN3",0.027
0.00248039939478583,0.204048362198022,0.294,0.263,1,"ACKR1_high_endothelial","IFITM1",0.031
0.00249587606184425,0.252108132404853,0.28,0.252,1,"ACKR1_high_endothelial","ELAVL1",0.028
0.00261913400873714,0.224362171835152,0.247,0.217,1,"ACKR1_high_endothelial","PBDC1",0.03
0.0026706759345375,0.380970005424062,0.239,0.213,1,"ACKR1_high_endothelial","EBF3",0.026
0.00277830606846812,0.21696824621503,0.346,0.32,1,"ACKR1_high_endothelial","BTF3L4",0.026
0.00279176618480205,0.291617740069777,0.236,0.209,1,"ACKR1_high_endothelial","RILP",0.027
0.00292596083006244,0.235087817967538,0.345,0.32,1,"ACKR1_high_endothelial","RBFOX2",0.025
0.00303367375426567,0.240123532261929,0.322,0.297,1,"ACKR1_high_endothelial","GTF3C6",0.025
0.00305290470940119,0.292754704606364,0.213,0.187,1,"ACKR1_high_endothelial","MRPL45",0.026
0.0030556373907784,0.244553442053374,0.357,0.331,1,"ACKR1_high_endothelial","DARS",0.026
0.00315255366871773,0.251376297830408,0.251,0.223,1,"ACKR1_high_endothelial","PTRHD1",0.028
0.00316416615019996,0.307851827758507,0.158,0.134,1,"ACKR1_high_endothelial","WDR6",0.024
0.00317542031687564,0.329065007224725,0.23,0.202,1,"ACKR1_high_endothelial","BMI1",0.028
0.00324250524928982,0.3599694748413,0.154,0.131,1,"ACKR1_high_endothelial","SP110",0.023
0.00327590641833321,0.301815659255238,0.156,0.131,1,"ACKR1_high_endothelial","MED8",0.025
0.00328556929701144,0.225920297742017,0.308,0.28,1,"ACKR1_high_endothelial","PRRC2A",0.028
0.00336539549359512,0.201869175867768,0.423,0.403,1,"ACKR1_high_endothelial","KLF13",0.02
0.00340378532155269,0.299461738907404,0.274,0.248,1,"ACKR1_high_endothelial","CDC123",0.026
0.00343863928280203,0.311830240975244,0.215,0.188,1,"ACKR1_high_endothelial","ASCC3",0.027
0.0034526330101461,0.382196094887244,0.175,0.152,1,"ACKR1_high_endothelial","ATP11A",0.023
0.00345720214435887,0.230164279814554,0.317,0.291,1,"ACKR1_high_endothelial","CLPP",0.026
0.0034706994814222,0.317282850341582,0.239,0.211,1,"ACKR1_high_endothelial","RPA3",0.028
0.00349373672492112,0.260041870520306,0.177,0.152,1,"ACKR1_high_endothelial","CDIP1",0.025
0.00350216342866076,0.331218506697802,0.176,0.152,1,"ACKR1_high_endothelial","SRPRB",0.024
0.00356314758882596,0.208347203992097,0.354,0.326,1,"ACKR1_high_endothelial","FAM32A",0.028
0.00360922650988401,0.246733197603615,0.212,0.184,1,"ACKR1_high_endothelial","TM2D2",0.028
0.00374595191889069,0.318368779972998,0.169,0.144,1,"ACKR1_high_endothelial","DLST",0.025
0.00379254634864701,0.255127760700421,0.233,0.206,1,"ACKR1_high_endothelial","RAPGEF4",0.027
0.00391468397761131,0.378050017756782,0.157,0.133,1,"ACKR1_high_endothelial","FRMD4A",0.024
0.00400368076731577,0.272217412798551,0.39,0.371,1,"ACKR1_high_endothelial","ADGRG1",0.019
0.00405458879575649,0.205554675340147,0.392,0.369,1,"ACKR1_high_endothelial","PRKCSH",0.023
0.00409366791822519,0.285550574273828,0.202,0.176,1,"ACKR1_high_endothelial","ARRB1",0.026
0.00410016619770174,0.246669165018642,0.274,0.247,1,"ACKR1_high_endothelial","ZNF721",0.027
0.00422208813372389,0.334247936237478,0.195,0.17,1,"ACKR1_high_endothelial","THUMPD3-AS1",0.025
0.00422968866587908,0.305395743931044,0.239,0.212,1,"ACKR1_high_endothelial","ANKS1A",0.027
0.00441192257623715,0.265170489881821,0.185,0.159,1,"ACKR1_high_endothelial","CRCP",0.026
0.00456465750654513,0.205286669487103,0.32,0.291,1,"ACKR1_high_endothelial","DDB1",0.029
0.00456943130664269,0.250975422292684,0.151,0.127,1,"ACKR1_high_endothelial","GPAT4",0.024
0.00458466168382704,0.400254107668061,0.199,0.176,1,"ACKR1_high_endothelial","CHCHD3",0.023
0.00465895990722214,0.232798790817192,0.367,0.346,1,"ACKR1_high_endothelial","NDUFS2",0.021
0.00473448474373483,0.30111880928374,0.183,0.158,1,"ACKR1_high_endothelial","NR2F6",0.025
0.0047798038387406,0.325229298869611,0.2,0.176,1,"ACKR1_high_endothelial","C15orf57",0.024
0.00488491316052465,0.246435197794475,0.304,0.28,1,"ACKR1_high_endothelial","YIF1A",0.024
0.00490528911742275,0.20298996886069,0.291,0.265,1,"ACKR1_high_endothelial","KIAA0141",0.026
0.00493923864411755,0.255317444251199,0.193,0.167,1,"ACKR1_high_endothelial","UBE2W",0.026
0.00495746956749815,0.300088798986045,0.159,0.135,1,"ACKR1_high_endothelial","STK19",0.024
0.00520332968789373,0.255900484621866,0.293,0.267,1,"ACKR1_high_endothelial","VMA21",0.026
0.00525801553669214,0.207787915540326,0.295,0.272,1,"ACKR1_high_endothelial","COPS5",0.023
0.00531104124560667,0.222843654256621,0.332,0.306,1,"ACKR1_high_endothelial","PRKAR2A",0.026
0.00545412722151709,0.249707682226947,0.22,0.194,1,"ACKR1_high_endothelial","DNAJB12",0.026
0.00548026970140371,0.339170860608444,0.2,0.176,1,"ACKR1_high_endothelial","PKD1",0.024
0.00561306183033485,0.27030569686254,0.204,0.179,1,"ACKR1_high_endothelial","TMEM11",0.025
0.00562403467165914,0.251365071859288,0.229,0.203,1,"ACKR1_high_endothelial","ECSIT",0.026
0.00562988063453809,0.413999198435236,0.151,0.128,1,"ACKR1_high_endothelial","CDC37L1",0.023
0.0059076792075954,0.241375417038003,0.357,0.337,1,"ACKR1_high_endothelial","WBSCR22",0.02
0.00595052192500507,0.212936319234947,0.23,0.204,1,"ACKR1_high_endothelial","RPF2",0.026
0.00645435653160925,0.297739079112526,0.155,0.132,1,"ACKR1_high_endothelial","RFX3",0.023
0.00660447731010935,0.232833707318856,0.194,0.17,1,"ACKR1_high_endothelial","THAP7",0.024
0.00682126984383487,0.292110413647435,0.158,0.135,1,"ACKR1_high_endothelial","ZNF480",0.023
0.00686963484441824,0.207673969709266,0.278,0.25,1,"ACKR1_high_endothelial","DNPEP",0.028
0.00708049247063425,0.285499664848728,0.185,0.161,1,"ACKR1_high_endothelial","TCTN3",0.024
0.0071408903907094,0.258779896509821,0.311,0.289,1,"ACKR1_high_endothelial","LYRM1",0.022
0.00717466029344182,0.277991445530293,0.268,0.243,1,"ACKR1_high_endothelial","KPNA3",0.025
0.00731397312357522,0.203957083101295,0.338,0.315,1,"ACKR1_high_endothelial","STIM2",0.023
0.00732235184642229,0.285112207004045,0.217,0.194,1,"ACKR1_high_endothelial","ZNHIT3",0.023
0.00772811395907433,0.243172513277911,0.304,0.281,1,"ACKR1_high_endothelial","UBE2Z",0.023
0.00782543735031608,0.232508962384896,0.246,0.22,1,"ACKR1_high_endothelial","MPZL1",0.026
0.00788266974741174,0.212049557603033,0.155,0.133,1,"ACKR1_high_endothelial","SLFN11",0.022
0.00800204844990514,0.202850548890951,0.309,0.286,1,"ACKR1_high_endothelial","HSD17B10",0.023
0.00801134196805537,0.26183245039759,0.169,0.146,1,"ACKR1_high_endothelial","NOL11",0.023
0.00804906787703688,0.208412961038892,0.311,0.288,1,"ACKR1_high_endothelial","CCM2L",0.023
0.00825420614380703,0.221848352221619,0.216,0.192,1,"ACKR1_high_endothelial","TMEM126A",0.024
0.00851508421798847,0.226950096556428,0.202,0.177,1,"ACKR1_high_endothelial","RRP36",0.025
0.00865135911779039,0.289820583621463,0.187,0.165,1,"ACKR1_high_endothelial","CNST",0.022
0.00904905612556828,0.252294556367868,0.204,0.18,1,"ACKR1_high_endothelial","STIP1",0.024
0.00925695899977532,0.219841003183495,0.167,0.144,1,"ACKR1_high_endothelial","HCG18",0.023
0.00988743031577273,0.224146755559588,0.237,0.215,1,"ACKR1_high_endothelial","SIRT2",0.022
0,6.33961135170618,0.84,0.051,0,"Arterial_endothelial","IGF2",0.789
0,5.52530424694219,0.849,0.071,0,"Arterial_endothelial","CXCL12",0.778
0,8.78098959016152,0.674,0.004,0,"Arterial_endothelial","SEMA3G",0.67
0,4.76905004497852,0.708,0.06,0,"Arterial_endothelial","TSPAN2",0.648
0,4.601201038142,0.655,0.062,0,"Arterial_endothelial","MMP2",0.593
0,7.79405915578428,0.599,0.009,0,"Arterial_endothelial","SERPINE2",0.59
0,4.34603812554757,0.619,0.049,0,"Arterial_endothelial","FILIP1",0.57
0,4.09960936382212,0.636,0.078,0,"Arterial_endothelial","ARL15",0.558
0,3.5585581901936,0.74,0.182,0,"Arterial_endothelial","EMP3",0.558
0,2.93019238923007,0.825,0.271,0,"Arterial_endothelial","FBLN2",0.554
0,8.19436892913156,0.556,0.003,0,"Arterial_endothelial","TMEM178A",0.553
0,5.95558605589418,0.546,0.015,0,"Arterial_endothelial","HEY1",0.531
0,4.03988527381773,0.584,0.059,0,"Arterial_endothelial","ATP2A3",0.525
0,4.21823832878716,0.529,0.038,0,"Arterial_endothelial","LTBP1",0.491
0,2.73212262587317,0.624,0.134,0,"Arterial_endothelial","JAG2",0.49
0,4.04119725191539,0.534,0.048,0,"Arterial_endothelial","PPP1R14A",0.486
0,3.32269162349081,0.747,0.263,0,"Arterial_endothelial","SULF1",0.484
0,3.49541687841136,0.554,0.088,0,"Arterial_endothelial","ACE",0.466
0,5.8265829657897,0.483,0.017,0,"Arterial_endothelial","PCSK5",0.466
0,2.49536765277807,0.806,0.347,0,"Arterial_endothelial","IFI6",0.459
0,2.14083541958669,0.755,0.297,0,"Arterial_endothelial","CDH13",0.458
0,5.94418596313376,0.467,0.015,0,"Arterial_endothelial","NEBL",0.452
0,2.57218658282754,0.61,0.162,0,"Arterial_endothelial","LPCAT2",0.448
0,2.79795107066333,0.633,0.186,0,"Arterial_endothelial","MECOM",0.447
0,2.49973192996514,0.551,0.113,0,"Arterial_endothelial","VEGFC",0.438
0,2.26221808349635,0.778,0.342,0,"Arterial_endothelial","DST",0.436
0,2.85741123658706,0.553,0.125,0,"Arterial_endothelial","PLLP",0.428
0,3.23909571263883,0.5,0.072,0,"Arterial_endothelial","PDGFD",0.428
0,3.05675114491292,0.521,0.104,0,"Arterial_endothelial","MAP1B",0.417
0,2.55809939492838,0.757,0.34,0,"Arterial_endothelial","LTBP4",0.417
0,3.31656643959963,0.546,0.133,0,"Arterial_endothelial","CRIP1",0.413
0,9.34377787225716,0.403,0.001,0,"Arterial_endothelial","GJA5",0.402
0,3.23554518900983,0.464,0.066,0,"Arterial_endothelial","PALLD",0.398
0,3.3050961405546,0.448,0.059,0,"Arterial_endothelial","SYT11",0.389
0,2.27449535823389,0.924,0.538,0,"Arterial_endothelial","RHOB",0.386
0,3.7729037476978,0.44,0.055,0,"Arterial_endothelial","ADAMTS6",0.385
0,4.508423344231,0.404,0.024,0,"Arterial_endothelial","FBLIM1",0.38
0,2.77657921372708,0.896,0.527,0,"Arterial_endothelial","FN1",0.369
0,6.89656754985019,0.373,0.004,0,"Arterial_endothelial","ADRA2C",0.369
0,6.04139924485847,0.375,0.007,0,"Arterial_endothelial","CLIC5",0.368
0,5.75993267018442,0.38,0.012,0,"Arterial_endothelial","SYT1",0.368
0,4.08635487685453,0.401,0.035,0,"Arterial_endothelial","COL21A1",0.366
0,4.85750513262818,0.375,0.011,0,"Arterial_endothelial","GLIPR2",0.364
0,8.93876593384824,0.363,0.001,0,"Arterial_endothelial","LINC00982",0.362
0,1.84594744680843,0.856,0.505,0,"Arterial_endothelial","PPA1",0.351
0,2.13561269075193,0.922,0.587,0,"Arterial_endothelial","ICAM2",0.335
0,4.1127080917794,0.354,0.019,0,"Arterial_endothelial","FBLN5",0.335
0,4.71341567667491,0.364,0.034,0,"Arterial_endothelial","PI16",0.33
0,7.56482498943131,0.324,0.002,0,"Arterial_endothelial","PRDM16",0.322
0,3.9061040476837,0.357,0.038,0,"Arterial_endothelial","C19orf33",0.319
0,2.28616980015419,0.926,0.618,0,"Arterial_endothelial","CLDN5",0.308
0,6.70653193989491,0.303,0.004,0,"Arterial_endothelial","AC004540.4",0.299
0,4.5718061104487,0.26,0.01,0,"Arterial_endothelial","SCD5",0.25
0,5.70539054539176,0.251,0.004,0,"Arterial_endothelial","EPHA3",0.247
0,8.37088170497337,0.246,0.001,0,"Arterial_endothelial","KRT19",0.245
0,5.76550317938017,0.23,0.005,0,"Arterial_endothelial","DHH",0.225
0,4.30637246811728,0.237,0.012,0,"Arterial_endothelial","CLMN",0.225
0,1.75475075677829,0.929,0.706,0,"Arterial_endothelial","SRGN",0.223
0,5.56510846226037,0.231,0.008,0,"Arterial_endothelial","TMEM100",0.223
0,5.62094850387867,0.204,0.004,0,"Arterial_endothelial","SLITRK4",0.2
0,5.855667693281,0.183,0.002,0,"Arterial_endothelial","ANK1",0.181
0,1.66951784575586,0.991,0.839,0,"Arterial_endothelial","IFI27",0.152
0,1.45428927345789,0.973,0.84,0,"Arterial_endothelial","PECAM1",0.133
0,1.43413759313494,0.97,0.854,0,"Arterial_endothelial","CRIP2",0.116
0,1.20092799958852,0.964,0.876,0,"Arterial_endothelial","GNAI2",0.088
0,1.3945074904423,0.987,0.902,0,"Arterial_endothelial","RAMP2",0.085
0,1.86626011474223,0.97,0.913,0,"Arterial_endothelial","TIMP3",0.0569999999999999
0,1.38920321209999,0.984,0.94,0,"Arterial_endothelial","CD81",0.044
0,1.11133317766073,0.987,0.958,0,"Arterial_endothelial","CALM1",0.029
0,1.87491757606063,0.994,0.967,0,"Arterial_endothelial","SRP14",0.027
9.88131291682493e-324,3.4315489317973,0.3,0.027,2.42141573026795e-319,"Arterial_endothelial","TP53I11",0.273
8.85365637347514e-320,4.01242622135598,0.244,0.014,2.16958849432008e-315,"Arterial_endothelial","CD44",0.23
1.6449440387133e-316,11.1477862196845,0.16,0,4.03093536686694e-312,"Arterial_endothelial","AC004947.2",0.16
1.83644319134946e-316,1.74219835928814,0.892,0.574,4.50020404040186e-312,"Arterial_endothelial","BST2",0.318
4.34193075244908e-315,11.3021140546133,0.159,0,1.06399013088765e-310,"Arterial_endothelial","NSG1",0.159
7.66752886710054e-315,1.08972456815462,0.996,0.994,1.87892794888299e-310,"Arterial_endothelial","S100A6",0.002
4.17727767173263e-311,4.1374903517723,0.257,0.019,1.02364189345808e-306,"Arterial_endothelial","PTGER4",0.238
2.03183065492842e-310,2.41911337502409,0.66,0.227,4.97900101990208e-306,"Arterial_endothelial","STMN1",0.433
3.84913768867083e-309,4.29781254650952,0.219,0.01,9.43231190608788e-305,"Arterial_endothelial","HEY2",0.209
1.696436226008e-308,0.991352871919071,0.996,0.988,4.1571169718326e-304,"Arterial_endothelial","CAV1",0.00800000000000001
4.60031755801571e-304,3.07340992362218,0.285,0.026,1.12730781759175e-299,"Arterial_endothelial","ITGB5",0.259
4.73953222755343e-303,1.72671760208616,0.944,0.836,1.16142237236197e-298,"Arterial_endothelial","SLC9A3R2",0.108
2.98240693434485e-301,5.4658756221229,0.168,0.002,7.30838819261206e-297,"Arterial_endothelial","GPRIN3",0.166
1.65793551768271e-294,4.222484131077,0.224,0.013,4.06277098608149e-290,"Arterial_endothelial","KCNJ2",0.211
7.45558920555197e-293,2.56956145684492,0.483,0.109,1.82699213482051e-288,"Arterial_endothelial","TM6SF1",0.374
2.28438605951544e-291,1.57124425220119,0.904,0.645,5.59788803884259e-287,"Arterial_endothelial","GAS6",0.259
1.79580518017255e-287,0.814868564361813,0.998,0.997,4.40062059401283e-283,"Arterial_endothelial","TMSB10",0.001
6.0782196016673e-283,5.15099911550141,0.176,0.005,1.48946771338857e-278,"Arterial_endothelial","FAM20A",0.171
1.01495329083467e-279,2.00637934164119,0.66,0.23,2.48714303919037e-275,"Arterial_endothelial","ASS1",0.43
1.99455972147918e-278,3.57480016384478,0.465,0.114,4.88766859748472e-274,"Arterial_endothelial","ENPP2",0.351
2.85972771686636e-278,2.22194144279851,0.63,0.217,7.00776277018101e-274,"Arterial_endothelial","MAST4",0.413
6.04686576060979e-278,2.49433401525012,0.505,0.125,1.48178445463743e-273,"Arterial_endothelial","PLCG2",0.38
5.17068980123521e-277,2.39348659042692,0.78,0.442,1.26707753579269e-272,"Arterial_endothelial","PLPP1",0.338
4.07604635018977e-273,2.08746729676291,0.73,0.326,9.98835158114004e-269,"Arterial_endothelial","ITPR2",0.404
8.45051145124308e-273,3.23225664518168,0.466,0.116,2.07079783112712e-268,"Arterial_endothelial","BGN",0.35
2.67832188545474e-271,1.24478617953263,0.967,0.922,6.56322778030684e-267,"Arterial_endothelial","HSPB1",0.0449999999999999
1.1529462008893e-269,2.12857361761362,0.51,0.127,2.82529466527924e-265,"Arterial_endothelial","FGF2",0.383
1.41964531809076e-269,1.7647292738332,0.824,0.467,3.4788408519814e-265,"Arterial_endothelial","PTPRB",0.357
4.20513971589115e-268,3.46861765398355,0.249,0.022,1.03046948737913e-263,"Arterial_endothelial","TOX2",0.227
5.10667017630003e-267,2.9260417157156,0.419,0.089,1.25138952670232e-262,"Arterial_endothelial","ABI3BP",0.33
1.69483252497276e-266,4.37614824276594,0.241,0.021,4.15318710244574e-262,"Arterial_endothelial","THBS1",0.22
8.29751150525243e-264,2.85657643040359,0.393,0.075,2.03330519436211e-259,"Arterial_endothelial","FGL2",0.318
1.03544671390991e-263,2.84483700499788,0.691,0.303,2.53736217243624e-259,"Arterial_endothelial","IGFBP3",0.388
3.93730371874485e-260,2.83206831496331,0.373,0.068,9.64836276278425e-256,"Arterial_endothelial","FUT8",0.305
1.1493074931954e-255,2.13605276652042,0.554,0.168,2.81637801207532e-251,"Arterial_endothelial","ANXA3",0.386
2.13767784954204e-254,2.03238542720619,0.769,0.419,5.23837957030277e-250,"Arterial_endothelial","JAG1",0.35
7.17961317319153e-254,4.07242375500868,0.197,0.012,1.75936420809058e-249,"Arterial_endothelial","TMC7",0.185
7.43413591132692e-253,2.53170637984057,0.422,0.091,1.82173500507066e-248,"Arterial_endothelial","PDGFB",0.331
9.12585634049292e-252,1.68592267841534,0.794,0.437,2.23629109623779e-247,"Arterial_endothelial","LAP3",0.357
1.50534182626678e-251,2.46286667231915,0.47,0.119,3.68884014526674e-247,"Arterial_endothelial","CLDN10",0.351
5.3323417401405e-251,0.995983646698276,0.972,0.914,1.30669034342143e-246,"Arterial_endothelial","TAGLN2",0.0579999999999999
1.28454261824558e-250,1.98028738310579,0.738,0.369,3.1477716860108e-246,"Arterial_endothelial","LTC4S",0.369
1.21346789540457e-248,1.46295066969119,0.856,0.569,2.97360307768889e-244,"Arterial_endothelial","CAPZA2",0.287
3.42542244784685e-246,2.31376087966964,0.481,0.126,8.39399770844871e-242,"Arterial_endothelial","SPECC1",0.355
1.8207546255598e-245,1.1569392522009,0.943,0.836,4.46175920993429e-241,"Arterial_endothelial","S100A11",0.107
8.22812363232528e-243,2.63969168615712,0.418,0.095,2.01630169610131e-238,"Arterial_endothelial","COL8A1",0.323
2.71466010578383e-241,1.52819885895963,0.817,0.474,6.65227458922329e-237,"Arterial_endothelial","CDH5",0.343
1.85984981664395e-240,4.071053095277,0.185,0.011,4.55756197568601e-236,"Arterial_endothelial","SLC8A1",0.174
4.60734876524935e-238,1.09459928595869,0.943,0.837,1.12903081492435e-233,"Arterial_endothelial","EPAS1",0.106
1.0875476593995e-235,1.5914296730609,0.779,0.423,2.66503553935848e-231,"Arterial_endothelial","RRAS",0.356
5.62672771901698e-231,1.29431393427533,0.89,0.593,1.37882962754511e-226,"Arterial_endothelial","ADAM15",0.297
3.75807969701504e-228,3.34286285980989,0.246,0.029,9.20917429753535e-224,"Arterial_endothelial","NOS1AP",0.217
5.65158871489112e-228,1.77469607501474,0.752,0.358,1.38492181458407e-223,"Arterial_endothelial","IL32",0.394
1.42822947821366e-227,1.11445357004357,0.948,0.855,3.49987633636258e-223,"Arterial_endothelial","RHOC",0.093
2.33985668263469e-227,3.20300895014355,0.245,0.029,5.73381880079632e-223,"Arterial_endothelial","SSTR1",0.216
2.80500125590847e-225,1.86945622558666,0.662,0.273,6.87365557760371e-221,"Arterial_endothelial","LRRC32",0.389
8.35326896021293e-225,4.20491413928346,0.168,0.009,2.04696855870018e-220,"Arterial_endothelial","PSORS1C1",0.159
1.20064573603362e-223,1.69111637399718,0.753,0.399,2.94218237615038e-219,"Arterial_endothelial","PLS3",0.354
3.69305758807832e-223,2.98705019993467,0.279,0.041,9.04983761958592e-219,"Arterial_endothelial","IRF6",0.238
7.11409293119291e-223,4.40850731599846,0.167,0.009,1.74330847278882e-218,"Arterial_endothelial","ARHGAP24",0.158
2.34178632103709e-220,1.7814610884387,0.686,0.318,5.73854737970139e-216,"Arterial_endothelial","CTTNBP2NL",0.368
3.97632287998998e-220,1.95557943150997,0.552,0.182,9.74397921741544e-216,"Arterial_endothelial","SORBS2",0.37
2.11075181424059e-219,2.40518247774464,0.798,0.526,5.17239732079657e-215,"Arterial_endothelial","GLUL",0.272
3.63165786731679e-217,0.925802282563998,0.972,0.88,8.8993776038598e-213,"Arterial_endothelial","RNASE1",0.092
2.34633351285848e-214,3.02824806623202,0.234,0.028,5.7496902732597e-210,"Arterial_endothelial","RAB31",0.206
7.6412432068226e-214,1.65381992414546,0.738,0.382,1.87248664783188e-209,"Arterial_endothelial","CDC42BPA",0.356
9.91214813812379e-214,2.28121202347807,0.616,0.256,2.42897190124723e-209,"Arterial_endothelial","ELN",0.36
2.54774438684245e-213,2.95603316446725,0.243,0.031,6.24324761995742e-209,"Arterial_endothelial","KCNN4",0.212
4.99028950492519e-213,2.68283020876086,0.384,0.089,1.22287044318192e-208,"Arterial_endothelial","C8orf4",0.295
8.8746579762164e-212,2.30990842388577,0.466,0.135,2.17473493707183e-207,"Arterial_endothelial","CITED4",0.331
4.86742002484606e-210,1.8100516879843,0.616,0.248,1.19276127708853e-205,"Arterial_endothelial","NPTN",0.368
2.65897589878378e-209,1.88961350093579,0.495,0.148,6.51582043996965e-205,"Arterial_endothelial","MET",0.347
5.91861006713854e-209,0.846436978210858,0.97,0.921,1.4503553969523e-204,"Arterial_endothelial","PTRF",0.0489999999999999
2.65751423507122e-205,3.22287527327148,0.218,0.025,6.51223863304203e-201,"Arterial_endothelial","FGF18",0.193
7.71830911012788e-204,2.83705883372269,0.298,0.054,1.89137164743684e-199,"Arterial_endothelial","C4orf48",0.244
2.01225335941139e-202,1.84081794839043,0.682,0.322,4.93102685723761e-198,"Arterial_endothelial","ISG15",0.36
4.57204826886172e-202,1.06070402919657,0.967,0.893,1.12038042828456e-197,"Arterial_endothelial","SEPW1",0.074
1.02626636684093e-200,1.81582705056594,0.653,0.297,2.5148657319437e-196,"Arterial_endothelial","ITSN2",0.356
1.60542583766014e-199,2.37063116171343,0.306,0.057,3.93409601518618e-195,"Arterial_endothelial","VASH1",0.249
1.75630785283174e-197,1.53022997775229,0.71,0.326,4.30383239336418e-193,"Arterial_endothelial","NES",0.384
6.54297218965481e-197,1.33980512295276,0.892,0.722,1.60335533507491e-192,"Arterial_endothelial","HSPG2",0.17
7.10708773069943e-194,1.10661385048157,0.931,0.848,1.7415918484079e-189,"Arterial_endothelial","SH3BGRL3",0.0830000000000001
1.49256517481685e-193,3.05427895648615,0.181,0.016,3.65753096088869e-189,"Arterial_endothelial","FEZ1",0.165
8.93816409503312e-191,1.24786043871757,0.694,0.297,2.19029711148787e-186,"Arterial_endothelial","SOX17",0.397
1.47434815949488e-190,1.03832478220179,0.939,0.804,3.6128901648422e-186,"Arterial_endothelial","PODXL",0.135
1.86216311919673e-190,3.50452752127076,0.192,0.02,4.5632307235916e-186,"Arterial_endothelial","RASL10A",0.172
4.44012666843299e-190,2.03856290216122,0.467,0.147,1.0880530400995e-185,"Arterial_endothelial","FAM89A",0.32
1.18859202318151e-189,1.0118631640652,0.96,0.832,2.91264475280628e-185,"Arterial_endothelial","A2M",0.128
1.05310716468175e-188,2.95654151861747,0.221,0.029,2.58063910705263e-184,"Arterial_endothelial","FAM134B",0.192
7.90455872892391e-188,1.37867498322025,0.854,0.613,1.9370121165228e-183,"Arterial_endothelial","LGALS1",0.241
3.94387636771611e-187,2.40217479490256,0.352,0.083,9.66446903908832e-183,"Arterial_endothelial","KPNA2",0.269
5.88030075039109e-186,2.65874251395115,0.233,0.033,1.44096769888334e-181,"Arterial_endothelial","MAP2",0.2
4.63039114422192e-185,1.91689288666231,0.513,0.182,1.13467734989158e-180,"Arterial_endothelial","COBLL1",0.331
2.21578312542607e-184,3.39488068565276,0.193,0.021,5.42977654885659e-180,"Arterial_endothelial","TBX3",0.172
2.41645901618829e-184,1.76104168673477,0.53,0.189,5.92153281916942e-180,"Arterial_endothelial","KIAA1671",0.341
4.28430329095424e-184,1.63686895711551,0.69,0.341,1.04986852144834e-179,"Arterial_endothelial","IFI44L",0.349
1.06779138294543e-183,0.554525593574406,0.999,0.998,2.61662278390778e-179,"Arterial_endothelial","PTMA",0.001
3.80948019328089e-183,1.8141268127176,0.565,0.222,9.33513121363481e-179,"Arterial_endothelial","AIF1L",0.343
3.49073962712376e-182,2.18504023201582,0.708,0.388,8.55405745626676e-178,"Arterial_endothelial","CTGF",0.32
1.23759572075686e-179,2.07754482897952,0.735,0.426,3.03272831371468e-175,"Arterial_endothelial","C10orf10",0.309
2.94633152133773e-178,2.86490700145914,0.229,0.034,7.2199853930381e-174,"Arterial_endothelial","MFSD4",0.195
6.2942144676378e-178,2.5981927739154,0.285,0.057,1.54239725529464e-173,"Arterial_endothelial","LAPTM5",0.228
3.09804076592753e-176,3.62172665839118,0.154,0.012,7.59174889690542e-172,"Arterial_endothelial","C1orf226",0.142
5.57952845579698e-175,0.86565852768691,0.987,0.964,1.36726344809305e-170,"Arterial_endothelial","GSN",0.023
5.66158041058872e-175,3.19113420869263,0.168,0.016,1.38737027961477e-170,"Arterial_endothelial","MRC2",0.152
9.14369457181408e-173,1.925068836045,0.398,0.111,2.24066235482304e-168,"Arterial_endothelial","ENPP4",0.287
4.63653645965239e-171,3.15374557896536,0.184,0.021,1.13618325943782e-166,"Arterial_endothelial","TTLL7",0.163
9.32841404495329e-169,2.64855517951468,0.216,0.031,2.2859278617158e-164,"Arterial_endothelial","RFTN1",0.185
1.06049417763776e-163,2.37624747062384,0.218,0.033,2.59874098230134e-159,"Arterial_endothelial","CMKLR1",0.185
4.16454809669413e-160,2.40495486707154,0.235,0.04,1.0205225110949e-155,"Arterial_endothelial","CAP2",0.195
8.00626164346562e-160,1.65817650847887,0.482,0.169,1.96193441573125e-155,"Arterial_endothelial","HSPA12B",0.313
2.67403309287346e-159,1.44591937392155,0.699,0.391,6.55271809408643e-155,"Arterial_endothelial","PRKCDBP",0.308
6.95975316006127e-159,1.84545966907943,0.472,0.17,1.70548751187301e-154,"Arterial_endothelial","AGPAT1",0.302
4.32471672998793e-157,0.659187151622283,0.984,0.962,1.05977183468354e-152,"Arterial_endothelial","MYL6",0.022
4.54523119572377e-156,1.36656992073316,0.72,0.426,1.11380890451211e-151,"Arterial_endothelial","MAP4",0.294
3.39992725275053e-155,1.2119091821993,0.803,0.548,8.33152173286517e-151,"Arterial_endothelial","CLIC4",0.255
1.07432742369458e-153,3.08965979230253,0.172,0.021,2.63263935176358e-149,"Arterial_endothelial","KCNJ12",0.151
1.96587936979904e-152,1.7063100853386,0.475,0.173,4.81738739569256e-148,"Arterial_endothelial","DHRS3",0.302
2.37967967561808e-152,2.51360543723407,0.237,0.044,5.8314050451021e-148,"Arterial_endothelial","FAM124B",0.193
3.20366207775929e-152,2.40348170476866,0.259,0.053,7.85057392154913e-148,"Arterial_endothelial","PREX1",0.206
9.11746480735967e-152,1.62541487397292,0.49,0.181,2.23423475104349e-147,"Arterial_endothelial","AGRN",0.309
1.10343404387633e-148,3.10541038542079,0.179,0.024,2.70396512451895e-144,"Arterial_endothelial","HMCN1",0.155
4.92309039476001e-148,1.37741622673418,0.692,0.381,1.20640330123594e-143,"Arterial_endothelial","XAF1",0.311
7.31385839246581e-148,2.8685869105426,0.18,0.024,1.79226099907375e-143,"Arterial_endothelial","MX2",0.156
2.0821163714842e-147,1.58326706121029,0.586,0.273,5.10222616832203e-143,"Arterial_endothelial","FAM69B",0.313
5.37051650031374e-146,2.15429567254314,0.341,0.095,1.31604506840188e-141,"Arterial_endothelial","ATP13A3",0.246
4.92767710413493e-145,1.00604008878345,0.851,0.63,1.20752727436826e-140,"Arterial_endothelial","ACTN4",0.221
1.38192988184172e-144,2.89432923153276,0.199,0.032,3.38641917545313e-140,"Arterial_endothelial","BTNL9",0.167
1.73377355512779e-143,1.61175244311372,0.516,0.213,4.24861209684065e-139,"Arterial_endothelial","LRRC8A",0.303
1.75816516309506e-143,1.75318561036602,0.597,0.291,4.30838373216445e-139,"Arterial_endothelial","DDIT4",0.306
4.13303317844217e-142,1.88585198972704,0.385,0.123,1.01279978037725e-137,"Arterial_endothelial","STK38L",0.262
7.48207700323647e-142,1.68823880958852,0.464,0.174,1.8334829696431e-137,"Arterial_endothelial","SLC48A1",0.29
1.42676090657038e-141,0.807863481007186,0.922,0.791,3.49627760155072e-137,"Arterial_endothelial","LRRFIP1",0.131
7.23060215841502e-140,1.32427876154947,0.723,0.46,1.7718590589196e-135,"Arterial_endothelial","AKAP13",0.263
1.62877030323092e-138,2.34764978947626,0.252,0.055,3.99130162806737e-134,"Arterial_endothelial","SYNJ2",0.197
4.04716082259973e-138,1.03798659216646,0.793,0.519,9.91756759578063e-134,"Arterial_endothelial","SSFA2",0.274
7.12970069910452e-138,1.85942250501803,0.35,0.104,1.74713315631556e-133,"Arterial_endothelial","TNKS1BP1",0.246
8.69624607857666e-138,1.35674728742525,0.666,0.372,2.13101510155521e-133,"Arterial_endothelial","PTPRM",0.294
1.28671234065557e-137,1.64142701997005,0.524,0.228,3.15308859077647e-133,"Arterial_endothelial","IFITM1",0.296
1.4005517429054e-137,1.66223831420386,0.388,0.124,3.43205204598967e-133,"Arterial_endothelial","NAV1",0.264
5.45190737084427e-137,1.90500049986338,0.317,0.086,1.33598990122539e-132,"Arterial_endothelial","MAP4K3",0.231
3.67304301981481e-136,0.915055937494277,0.9,0.769,9.00079192005619e-132,"Arterial_endothelial","MTUS1",0.131
2.94485681299758e-135,1.51899886841505,0.686,0.397,7.21637162025057e-131,"Arterial_endothelial","GADD45A",0.289
1.91262648215502e-134,1.28124268479686,0.661,0.371,4.68689119452087e-130,"Arterial_endothelial","CALU",0.29
4.15103933991087e-134,1.70706638027772,0.51,0.218,1.01721219024516e-129,"Arterial_endothelial","PDLIM4",0.292
1.39332329485522e-133,1.55787602173873,0.505,0.209,3.41433873404271e-129,"Arterial_endothelial","PLCB1",0.296
3.52345323527036e-133,0.878852636497017,0.91,0.8,8.63422215303001e-129,"Arterial_endothelial","STOM",0.11
8.14088288002578e-133,1.34772815205493,0.638,0.337,1.99492334975032e-128,"Arterial_endothelial","CFAP36",0.301
1.69308135599978e-132,1.74071734785122,0.374,0.12,4.14889586287745e-128,"Arterial_endothelial","SOX13",0.254
5.95922056974378e-132,0.987802515433948,0.906,0.794,1.46030700061571e-127,"Arterial_endothelial","CALD1",0.112
3.48664105749965e-131,1.48900651796386,0.582,0.281,8.54401391140289e-127,"Arterial_endothelial","GFOD1",0.301
4.28241018298902e-131,0.510410648312801,0.994,0.994,1.04940461534146e-126,"Arterial_endothelial","IFITM3",0
6.32101546712887e-130,1.87102333692247,0.478,0.199,1.54896484021993e-125,"Arterial_endothelial","CX3CL1",0.279
7.60360514448969e-130,1.64385748807298,0.449,0.173,1.8632634406572e-125,"Arterial_endothelial","PKN3",0.276
1.60877290572318e-129,3.32487549724901,0.186,0.032,3.94229800547465e-125,"Arterial_endothelial","NTRK2",0.154
3.08180623705615e-129,1.53676947470547,0.408,0.141,7.55196618390608e-125,"Arterial_endothelial","APBB2",0.267
1.81619030081504e-128,0.806137055351847,0.912,0.814,4.45057433214727e-124,"Arterial_endothelial","ITGB1",0.0980000000000001
3.4667182531434e-128,0.559947858216705,0.958,0.934,8.4951930793279e-124,"Arterial_endothelial","RAC1",0.0239999999999999
4.23399427431929e-128,1.30724053136393,0.665,0.386,1.03754029692194e-123,"Arterial_endothelial","PKIG",0.279
4.51229130484517e-127,1.35241662265418,0.609,0.32,1.10573698425231e-122,"Arterial_endothelial","SEC11C",0.289
5.02734299743908e-126,1.49251679106238,0.49,0.203,1.23195040152245e-121,"Arterial_endothelial","HES4",0.287
7.73167463398983e-125,2.75287783964346,0.164,0.025,1.89464686905921e-120,"Arterial_endothelial","KCNJ2-AS1",0.139
2.10402900892167e-124,1.83117440141426,0.895,0.754,5.15592308636256e-120,"Arterial_endothelial","MGP",0.141
3.82131213152876e-124,1.44561506747575,0.527,0.237,9.36412537831123e-120,"Arterial_endothelial","ANO6",0.29
4.56014806483683e-124,0.894541747565503,0.835,0.591,1.11746428328826e-119,"Arterial_endothelial","ADGRL4",0.244
1.02691503508654e-123,0.486105586440948,0.984,0.967,2.51645529347956e-119,"Arterial_endothelial","GNAS",0.017
4.34669577397616e-123,1.36125516855377,0.551,0.253,1.06515779941286e-118,"Arterial_endothelial","ORAI1",0.298
1.11847952867283e-122,1.4297931675547,0.545,0.254,2.74083408501278e-118,"Arterial_endothelial","SKIL",0.291
2.41397854298312e-122,1.51226657246295,0.415,0.152,5.91545441958012e-118,"Arterial_endothelial","MSI2",0.263
5.86885753542301e-122,2.29444315121269,0.215,0.045,1.43816353905541e-117,"Arterial_endothelial","RBM38",0.17
1.54255984527397e-121,1.80157431279904,0.324,0.099,3.78004290084387e-117,"Arterial_endothelial","ITGA3",0.225
2.16790811856264e-121,0.686096273477578,0.916,0.865,5.31245884453775e-117,"Arterial_endothelial","FKBP1A",0.051
1.90708630085963e-120,1.24353638930207,0.679,0.401,4.67331498025653e-116,"Arterial_endothelial","FHL1",0.278
3.40893858607842e-119,1.8926569058944,0.279,0.075,8.35360400518516e-115,"Arterial_endothelial","B3GALNT1",0.204
5.10896307216592e-119,1.38705408291732,0.622,0.345,1.25195140083426e-114,"Arterial_endothelial","OCIAD2",0.277
3.11503682394979e-118,1.84343183529912,0.275,0.073,7.63339773708897e-114,"Arterial_endothelial","SEMA3F",0.202
9.10314588666417e-118,1.30532400685604,0.596,0.305,2.23072589952706e-113,"Arterial_endothelial","ANKRD28",0.291
2.20444193028292e-117,2.03438555467874,0.468,0.211,5.40198495015829e-113,"Arterial_endothelial","SLC12A2",0.257
6.2944896680689e-117,1.60417502561075,0.37,0.128,1.54246469316028e-112,"Arterial_endothelial","LGALS9",0.242
1.78697283880831e-116,1.06702044058514,0.795,0.591,4.37897694149976e-112,"Arterial_endothelial","MRPL33",0.204
5.44959293638974e-116,1.41171844470222,0.51,0.231,1.33542274906231e-111,"Arterial_endothelial","PMVK",0.279
5.87605381786476e-116,1.5068174288883,0.435,0.172,1.43992698806776e-111,"Arterial_endothelial","PCDH1",0.263
9.74654079718349e-115,1.51444037622486,0.419,0.16,2.38838982234981e-110,"Arterial_endothelial","MAP7D1",0.259
9.99657478214033e-115,4.13172160596599,0.17,0.031,2.44966065036349e-110,"Arterial_endothelial","SLC6A6",0.139
5.99350005089979e-114,1.28765381875164,0.655,0.385,1.46870718747299e-109,"Arterial_endothelial","FILIP1L",0.27
8.55876650238355e-114,0.89882605021463,0.841,0.643,2.09732573140909e-109,"Arterial_endothelial","AES",0.198
8.6875129031027e-114,1.35167249881892,0.566,0.284,2.12887503690532e-109,"Arterial_endothelial","CPNE2",0.282
4.77690400196295e-113,1.38163890070261,0.57,0.293,1.17058032568102e-108,"Arterial_endothelial","PLCB4",0.277
9.44749434431838e-113,1.32487355884248,0.568,0.276,2.31510848907522e-108,"Arterial_endothelial","GJA4",0.292
1.13362502982694e-112,0.723243139532206,0.902,0.799,2.77794813559093e-108,"Arterial_endothelial","TSPO",0.103
2.35374017996115e-112,1.9117073359031,0.406,0.164,5.76784031099479e-108,"Arterial_endothelial","PGM2L1",0.242
8.93567982483362e-112,2.7596595659803,0.156,0.025,2.18968834107548e-107,"Arterial_endothelial","FADS1",0.131
1.84204683166911e-111,1.469518585356,0.543,0.267,4.51393576100516e-107,"Arterial_endothelial","CRYBG3",0.276
8.21454425899159e-111,2.07045453161245,0.189,0.038,2.01297407066589e-106,"Arterial_endothelial","OCLN",0.151
1.44981967594307e-110,2.27018947529888,0.197,0.042,3.55278311589849e-106,"Arterial_endothelial","USP54",0.155
3.28471723410287e-110,2.05010199566156,0.238,0.06,8.04919958216909e-106,"Arterial_endothelial","EDIL3",0.178
7.95014563389368e-110,2.26001882083431,0.447,0.198,1.94818318758565e-105,"Arterial_endothelial","EDN1",0.249
1.25101242552859e-109,1.42563616309942,0.435,0.175,3.0656059487578e-105,"Arterial_endothelial","EPHA4",0.26
2.40869817733886e-109,2.73214460349797,0.15,0.024,5.90251488356887e-105,"Arterial_endothelial","AQP7",0.126
5.43985533823405e-108,2.02198135664654,0.263,0.073,1.33303655063425e-103,"Arterial_endothelial","EXT1",0.19
1.00199642390386e-107,2.10214218002671,0.254,0.07,2.4553922367764e-103,"Arterial_endothelial","RSAD2",0.184
1.39436951948995e-107,1.62851271751111,0.324,0.106,3.41690250751011e-103,"Arterial_endothelial","CYB561",0.218
1.40534650988711e-107,1.49075448189056,0.438,0.183,3.44380162247836e-103,"Arterial_endothelial","PIK3C2B",0.255
2.49974749435116e-106,2.04064823243762,0.207,0.047,6.12563123490751e-102,"Arterial_endothelial","PPT2",0.16
5.02031185891517e-106,1.07205492778312,0.79,0.616,1.23022742102716e-101,"Arterial_endothelial","PDCD4",0.174
8.12688717257799e-106,1.58882253823794,0.369,0.135,1.99149370164024e-101,"Arterial_endothelial","RPS6KA5",0.234
3.30423072171929e-105,1.91782034341175,0.243,0.064,8.09701738357311e-101,"Arterial_endothelial","GCH1",0.179
5.50605497498373e-105,2.16814829015018,0.178,0.035,1.34925877161976e-100,"Arterial_endothelial","ARHGAP4",0.143
1.34828209246054e-104,1.82972934276128,0.293,0.092,3.30396526757456e-100,"Arterial_endothelial","SETBP1",0.201
1.61705859847013e-104,1.02629516415467,0.743,0.501,3.96260209555106e-100,"Arterial_endothelial","MLLT4",0.242
3.63785237604442e-104,1.54241491362781,0.415,0.171,8.91455724749686e-100,"Arterial_endothelial","TBC1D1",0.244
6.2886563984087e-104,1.54092085007738,0.437,0.188,1.54103525043005e-99,"Arterial_endothelial","MCTP1",0.249
3.66496723654527e-103,1.04289646238432,0.718,0.484,8.9810022131542e-99,"Arterial_endothelial","S1PR1",0.234
8.21096764238751e-103,1.44576372823553,0.399,0.157,2.01209762076706e-98,"Arterial_endothelial","ARHGEF2",0.242
3.8344186911363e-102,0.853547432674094,0.926,0.892,9.3962430026295e-98,"Arterial_endothelial","KCTD12",0.034
1.30108627477249e-100,1.35811537511133,0.415,0.169,3.18831191632998e-96,"Arterial_endothelial","IFNAR2",0.246
1.45971254941326e-100,1.11947928306867,0.686,0.443,3.57702560233718e-96,"Arterial_endothelial","LEPR",0.243
1.6199250912836e-100,0.698124218116214,0.898,0.772,3.96962643619046e-96,"Arterial_endothelial","ATP5J",0.126
1.91127207533995e-100,0.952254243245929,0.788,0.575,4.68357222062055e-96,"Arterial_endothelial","LIMA1",0.213
2.52745007979314e-100,1.30663642444301,0.671,0.453,6.19351642053309e-96,"Arterial_endothelial","ATP1B3",0.218
3.60062922291043e-99,1.8334690945749,0.398,0.169,8.82334191074201e-95,"Arterial_endothelial","ABL2",0.229
7.16612153495252e-99,1.44996824126505,0.477,0.224,1.75605808214012e-94,"Arterial_endothelial","SOS1",0.253
1.1293810496042e-98,1.78729493575314,0.373,0.15,2.76754826205508e-94,"Arterial_endothelial","MRPS6",0.223
2.07816955315812e-98,1.39492172802841,0.522,0.26,5.09255449001398e-94,"Arterial_endothelial","ANKRD29",0.262
5.34693341615081e-98,1.31529808965468,0.475,0.218,1.31026603362776e-93,"Arterial_endothelial","C8orf33",0.257
5.4661942980462e-98,1.74105328877464,0.263,0.078,1.33949091273622e-93,"Arterial_endothelial","MYO5A",0.185
1.09523108692085e-97,1.96079500992936,0.234,0.065,2.68386377849954e-93,"Arterial_endothelial","SLC16A14",0.169
1.6964739122537e-97,1.4639904157544,0.703,0.497,4.15720932197769e-93,"Arterial_endothelial","MYL9",0.206
3.57301200852312e-97,0.958098100747284,0.737,0.497,8.7556659268859e-93,"Arterial_endothelial","COX5A",0.24
4.42184541919867e-97,1.07044539503184,0.679,0.421,1.08357321997463e-92,"Arterial_endothelial","ITGA5",0.258
1.18262862048735e-96,1.31463122747003,0.538,0.282,2.89803143450424e-92,"Arterial_endothelial","AKR1B1",0.256
1.29541297735874e-96,0.829171781263167,0.841,0.679,3.17440950101758e-92,"Arterial_endothelial","TIMP2",0.162
2.89115929322532e-96,1.33872624983564,0.402,0.163,7.08478584804866e-92,"Arterial_endothelial","SH3BP4",0.239
1.02922477008441e-95,1.03985296247043,0.703,0.466,2.52211529909185e-91,"Arterial_endothelial","PPP1R14B",0.237
1.22032717997388e-95,0.966573781321487,0.718,0.49,2.990411754526e-91,"Arterial_endothelial","SWAP70",0.228
1.25302415762129e-95,1.61775660748987,0.424,0.189,3.07053569825096e-91,"Arterial_endothelial","TMEM120A",0.235
5.92319719816079e-95,1.08219651279695,0.707,0.489,1.4514794734093e-90,"Arterial_endothelial","SYNPO",0.218
9.66248503856904e-95,1.19962025445735,0.546,0.282,2.36779195870134e-90,"Arterial_endothelial","BMX",0.264
1.13681555594199e-94,1.81923263162397,0.216,0.056,2.78576651983584e-90,"Arterial_endothelial","AC007246.3",0.16
1.66416664382275e-94,1.51468833614203,0.326,0.116,4.07804036068765e-90,"Arterial_endothelial","PRKX",0.21
1.73269813252404e-94,1.21014756355406,0.643,0.401,4.24597677375017e-90,"Arterial_endothelial","YWHAH",0.242
3.53107694841847e-94,1.0072758012119,0.711,0.479,8.65290406209946e-90,"Arterial_endothelial","LSM7",0.232
6.33787145706503e-94,2.45722234001494,0.176,0.039,1.55309540055379e-89,"Arterial_endothelial","THY1",0.137
1.47498748400337e-93,1.27198487610805,0.548,0.287,3.61445682955025e-89,"Arterial_endothelial","NOTCH4",0.261
3.29920764451412e-93,0.645652904428491,0.9,0.789,8.08470833288184e-89,"Arterial_endothelial","ARPC1B",0.111
1.31855955459085e-92,1.40085827927361,0.43,0.192,3.23113018852487e-88,"Arterial_endothelial","MMP28",0.238
3.9906572434424e-92,1.79042912811722,0.679,0.458,9.77910557505561e-88,"Arterial_endothelial","TAGLN",0.221
9.70220697935643e-92,1.22505053907694,0.547,0.292,2.37752582029129e-87,"Arterial_endothelial","MX1",0.255
1.25712629102333e-91,1.04806417246977,0.671,0.43,3.08058797615268e-87,"Arterial_endothelial","COX17",0.241
1.49404758138351e-91,1.1839793756649,0.478,0.224,3.66116359818029e-87,"Arterial_endothelial","NFIX",0.254
2.6374487609968e-91,1.29133027064882,0.491,0.239,6.46306818882265e-87,"Arterial_endothelial","AK1",0.252
6.2361431078453e-91,1.51177412054907,0.284,0.093,1.52816686857749e-86,"Arterial_endothelial","HOMER3",0.191
3.71366499696032e-90,1.10542252230687,0.587,0.333,9.10033607505125e-86,"Arterial_endothelial","DAP",0.254
8.38141643854527e-90,0.655579509597354,0.878,0.759,2.05386609826552e-85,"Arterial_endothelial","GABARAPL2",0.119
2.88000637977156e-89,1.31578569486592,0.576,0.33,7.05745563363022e-85,"Arterial_endothelial","GUCY1A3",0.246
1.31684034496918e-88,1.4293913590318,0.333,0.123,3.22691726534697e-84,"Arterial_endothelial","SORT1",0.21
4.08615193901224e-88,0.489374607435653,0.962,0.929,1.00131153265495e-83,"Arterial_endothelial","CD99",0.0329999999999999
7.35754357359731e-88,0.650096748792724,0.921,0.85,1.80296605271002e-83,"Arterial_endothelial","PALMD",0.0710000000000001
1.08382666248711e-87,0.821524056503266,0.797,0.555,2.65591723642466e-83,"Arterial_endothelial","FAM107A",0.242
4.01135200906566e-87,1.36064599813293,0.348,0.136,9.8298180982154e-83,"Arterial_endothelial","RP11-147L13.11",0.212
6.1490566544585e-87,1.23814391536778,0.472,0.228,1.50682633317506e-82,"Arterial_endothelial","NHSL2",0.244
3.10647599046403e-86,1.07622302740307,0.654,0.43,7.61241941463211e-82,"Arterial_endothelial","KIAA1462",0.224
3.95039868044773e-86,1.12146674396634,0.588,0.341,9.68045196643717e-82,"Arterial_endothelial","PGRMC2",0.247
4.86748903531972e-86,0.833249708145179,0.79,0.608,1.1927781881051e-81,"Arterial_endothelial","KRT10",0.182
7.29838348930356e-86,1.50824392997482,0.321,0.12,1.78846887405384e-81,"Arterial_endothelial","HIP1R",0.201
1.36066452114079e-85,1.40079462006476,0.357,0.144,3.3343084090555e-81,"Arterial_endothelial","HMOX2",0.213
3.75213600570164e-84,1.92343344468546,0.194,0.051,9.19460928197186e-80,"Arterial_endothelial","MTMR11",0.143
8.76215551531659e-84,1.23020236860155,0.489,0.246,2.14716620902833e-79,"Arterial_endothelial","C9orf3",0.243
1.63713917480014e-83,1.45506079422465,0.328,0.126,4.01180954784775e-79,"Arterial_endothelial","KIF13B",0.202
2.76716815027026e-83,0.543244778546572,0.949,0.907,6.78094555223726e-79,"Arterial_endothelial","MYL12B",0.0419999999999999
5.83339153461798e-83,0.694788043651704,0.855,0.721,1.42947259555814e-78,"Arterial_endothelial","SELM",0.134
1.11337048913502e-82,2.01852975012603,0.178,0.044,2.72831438362538e-78,"Arterial_endothelial","CLDN15",0.134
1.50969205136014e-82,0.551814446942187,0.929,0.878,3.69950037185803e-78,"Arterial_endothelial","RHOA",0.051
4.80053198228962e-82,0.796430146930144,0.786,0.591,1.17637036226007e-77,"Arterial_endothelial","ATP1A1",0.195
6.00834323903276e-82,0.778848278490586,0.824,0.663,1.47234451072498e-77,"Arterial_endothelial","MSN",0.161
1.13453284522671e-81,0.758771671418203,0.817,0.65,2.78017273722805e-77,"Arterial_endothelial","PTTG1IP",0.167
2.914013099522e-81,2.08087740154958,0.205,0.058,7.14078910037866e-77,"Arterial_endothelial","PDZD2",0.147
7.15616592463115e-81,0.663087294565108,0.878,0.706,1.75361845983086e-76,"Arterial_endothelial","CD34",0.172
2.38260760375758e-80,1.39035193368138,0.414,0.195,5.83857993300796e-76,"Arterial_endothelial","CEBPB",0.219
4.03129035917261e-80,1.78261171087922,0.176,0.044,9.87867702515249e-76,"Arterial_endothelial","SH3PXD2B",0.132
5.47311063565372e-80,0.989185057258115,0.68,0.465,1.34118576126694e-75,"Arterial_endothelial","NEDD9",0.215
5.71051886371707e-80,1.22522939428852,0.463,0.231,1.39936264755387e-75,"Arterial_endothelial","WLS",0.232
8.21185185394541e-80,1.84989932671686,0.207,0.059,2.01231429680932e-75,"Arterial_endothelial","MMP15",0.148
1.0936113978903e-79,1.92246886922604,0.182,0.047,2.67989473053018e-75,"Arterial_endothelial","TNFAIP8",0.135
1.16392356720079e-79,0.779036512614864,0.759,0.544,2.85219470142553e-75,"Arterial_endothelial","TUBA1A",0.215
1.53876178117612e-79,1.0715251243619,0.523,0.277,3.77073574477208e-75,"Arterial_endothelial","TAX1BP3",0.246
1.97621773268963e-79,0.996039232631489,0.626,0.38,4.84272155395593e-75,"Arterial_endothelial","TMEM47",0.246
1.21974475588785e-78,1.60351402725124,0.662,0.491,2.98898452430318e-74,"Arterial_endothelial","ADAMTS1",0.171
1.53157465579844e-78,0.629617590242693,0.721,0.421,3.75312369403407e-74,"Arterial_endothelial","LMCD1",0.3
2.67044054905143e-78,0.689381613172893,0.931,0.886,6.54391456545052e-74,"Arterial_endothelial","CLEC14A",0.045
3.52052316187538e-78,0.553987914304145,0.983,0.976,8.62704200817561e-74,"Arterial_endothelial","ACTB",0.00700000000000001
3.70958744040059e-78,1.92257433347224,0.167,0.041,9.09034402270164e-74,"Arterial_endothelial","DGKA",0.126
8.78813277881906e-78,1.23032255339249,0.389,0.174,2.15353193744961e-73,"Arterial_endothelial","CD58",0.215
1.10637930537785e-77,0.735770666631227,0.788,0.594,2.71118248782843e-73,"Arterial_endothelial","ENO1",0.194
1.54231849915329e-77,1.65784096084604,0.215,0.065,3.77945148217513e-73,"Arterial_endothelial","NPTXR",0.15
1.81770791452699e-77,0.759839098254478,0.759,0.532,4.45429324454839e-73,"Arterial_endothelial","HEG1",0.227
3.25215885883185e-77,1.15510729236885,0.465,0.231,7.96941528356746e-73,"Arterial_endothelial","FNDC3B",0.234
4.25825470261063e-77,0.457121200290484,0.959,0.939,1.04348531487473e-72,"Arterial_endothelial","ATP5E",0.02
4.73602652793998e-77,1.90698185412157,0.19,0.052,1.16056330067169e-72,"Arterial_endothelial","TOX",0.138
5.66524167935349e-77,2.32920710489381,0.192,0.054,1.38826747352557e-72,"Arterial_endothelial","SLC5A3",0.138
5.99810341824412e-77,0.719155288896853,0.848,0.719,1.46983524264072e-72,"Arterial_endothelial","CSNK1A1",0.129
7.34217286754443e-77,0.988475953574021,0.588,0.34,1.79919946119176e-72,"Arterial_endothelial","PTPRG",0.248
7.95870380960279e-77,1.19777369162716,0.451,0.224,1.95028036854316e-72,"Arterial_endothelial","HIP1",0.227
2.17863362153515e-76,1.18906732176544,0.415,0.194,5.33874168957187e-72,"Arterial_endothelial","AZIN1",0.221
2.31669200955558e-76,1.4954194304158,0.295,0.113,5.67705376941594e-72,"Arterial_endothelial","FRMD4A",0.182
5.53630456735828e-76,0.579031916848632,0.924,0.859,1.35667143423115e-71,"Arterial_endothelial","PFN1",0.0650000000000001
9.75868575625844e-76,0.662462495327533,0.858,0.741,2.39136594457113e-71,"Arterial_endothelial","ESAM",0.117
1.31767983686756e-75,1.36235807337665,0.446,0.222,3.22897444024396e-71,"Arterial_endothelial","RGS3",0.224
1.40542003045488e-75,1.37432544634183,0.313,0.123,3.44398178462967e-71,"Arterial_endothelial","C14orf1",0.19
4.12231473453496e-75,0.632217865422845,0.855,0.726,1.01017322569779e-70,"Arterial_endothelial","ARPC2",0.129
2.73212906910084e-74,0.83299478502402,0.86,0.748,6.6950822838316e-70,"Arterial_endothelial","HYAL2",0.112
5.88894025687728e-74,1.55392207455799,0.256,0.09,1.44308480994778e-69,"Arterial_endothelial","RASGRF2",0.166
9.09622383020283e-74,1.19045949665173,0.461,0.242,2.2290296495912e-69,"Arterial_endothelial","SHROOM4",0.219
9.68398370356124e-74,1.32451809942377,0.354,0.154,2.37306020655768e-69,"Arterial_endothelial","TUSC3",0.2
1.1187200364511e-73,0.930976330065467,0.642,0.406,2.74142344932343e-69,"Arterial_endothelial","CLTB",0.236
1.71150258192196e-73,1.22681735076278,0.488,0.264,4.19403707699976e-69,"Arterial_endothelial","ERC1",0.224
2.17131248381284e-73,1.75686862722204,0.215,0.068,5.32080124158337e-69,"Arterial_endothelial","IL11RA",0.147
2.53168995800509e-73,1.2651592519586,0.296,0.113,6.20390624209148e-69,"Arterial_endothelial","MSX1",0.183
3.6023136744583e-73,1.22589299280638,0.419,0.2,8.82746965926005e-69,"Arterial_endothelial","TUBA4A",0.219
6.71024325305886e-73,1.02428945892861,0.568,0.332,1.64434510916207e-68,"Arterial_endothelial","SHE",0.236
1.15411967147218e-72,1.76030863528069,0.151,0.036,2.82817025494257e-68,"Arterial_endothelial","PPM1L",0.115
1.48751203704333e-72,1.10675978349868,0.528,0.305,3.64514824677469e-68,"Arterial_endothelial","GLUD1",0.223
1.53601707408405e-72,1.59595239713358,0.219,0.07,3.76400984004296e-68,"Arterial_endothelial","FABP5",0.149
3.95377910892113e-72,0.674502922190606,0.828,0.682,9.68873570641122e-68,"Arterial_endothelial","RTN4",0.146
4.46955691881731e-72,1.11309569141331,0.508,0.284,1.09526492295618e-67,"Arterial_endothelial","ZYX",0.224
5.90010268509182e-72,0.98639696155592,0.607,0.383,1.44582016298175e-67,"Arterial_endothelial","CTSB",0.224
6.1510270859016e-71,0.591942630006273,0.9,0.791,1.50730918740019e-66,"Arterial_endothelial","BCAM",0.109
6.85152261046409e-71,1.0187656230558,0.741,0.551,1.67896561569423e-66,"Arterial_endothelial","MGLL",0.19
6.87117551005814e-71,1.36370759662508,0.306,0.123,1.68378155873975e-66,"Arterial_endothelial","ATP8A1",0.183
8.06186059104633e-71,1.53009584232951,0.236,0.081,1.9755589378359e-66,"Arterial_endothelial","OAS2",0.155
5.02832195462398e-70,0.737152456119827,0.798,0.637,1.23219029498061e-65,"Arterial_endothelial","WNK1",0.161
5.56140796620586e-70,0.779119984876554,0.771,0.597,1.36282302211875e-65,"Arterial_endothelial","ECE1",0.174
8.96989963857647e-70,0.976373212314909,0.452,0.227,2.19807390643316e-65,"Arterial_endothelial","FLNC",0.225
1.20874644759476e-69,0.900762810619744,0.669,0.468,2.96203316983097e-65,"Arterial_endothelial","ZEB1",0.201
2.7884757437729e-69,1.1618539972697,0.447,0.235,6.83315981011548e-65,"Arterial_endothelial","IFIT1",0.212
3.89489721957074e-69,1.73376392293926,0.287,0.116,9.54444563655809e-65,"Arterial_endothelial","SERPINE1",0.171
4.87728707724722e-69,0.938931701418313,0.587,0.361,1.19517919827943e-64,"Arterial_endothelial","ACVRL1",0.226
8.10163603962422e-69,1.08254642583787,0.466,0.247,1.98530591150992e-64,"Arterial_endothelial","LRRC8C",0.219
2.43783254414922e-68,1.30571284528905,0.306,0.126,5.97390864943767e-64,"Arterial_endothelial","EXOC6B",0.18
4.77069954698497e-68,1.27493579358406,0.328,0.142,1.16905992398867e-63,"Arterial_endothelial","FMNL3",0.186
5.06526565049896e-68,0.767627864566149,0.739,0.55,1.24124334765477e-63,"Arterial_endothelial","ARPC5",0.189
5.28648510323418e-68,1.21817764023477,0.428,0.219,1.29545317454754e-63,"Arterial_endothelial","LEPROTL1",0.209
1.91843548852357e-67,0.916219863095996,0.682,0.477,4.70112616462701e-63,"Arterial_endothelial","EFCAB14",0.205
2.45769639251621e-67,0.493205677675347,0.919,0.854,6.02258500986098e-63,"Arterial_endothelial","DYNLL1",0.0650000000000001
6.043405021409e-67,0.883278816502818,0.683,0.486,1.48093640049628e-62,"Arterial_endothelial","KCNN3",0.197
1.57852572372047e-65,1.74286559383607,0.359,0.169,3.86817728597702e-61,"Arterial_endothelial","S100A4",0.19
6.63828164733925e-65,1.31061712698224,0.417,0.217,1.62671091768048e-60,"Arterial_endothelial","PDLIM7",0.2
7.02015080295719e-65,1.06209875310235,0.478,0.266,1.72028795426466e-60,"Arterial_endothelial","TNFRSF1B",0.212
8.61585044585196e-65,1.46972276775766,0.159,0.043,2.11131415175602e-60,"Arterial_endothelial","TNK2",0.116
1.80970774466615e-64,1.51972792246539,0.192,0.06,4.4346888283044e-60,"Arterial_endothelial","NBEAL2",0.132
2.45529852152493e-64,0.806092637359169,0.686,0.49,6.01670902699685e-60,"Arterial_endothelial","TIE1",0.196
3.28593216742277e-64,0.873226260536869,0.753,0.585,8.05217677626949e-60,"Arterial_endothelial","UACA",0.168
4.2671789917909e-64,0.782424512250035,0.786,0.602,1.04567221193836e-59,"Arterial_endothelial","ID1",0.184
5.66350071312114e-64,0.843197360420231,0.793,0.684,1.38784084975033e-59,"Arterial_endothelial","LIMS1",0.109
6.34185406407057e-64,0.714347093179054,0.769,0.587,1.55407133840049e-59,"Arterial_endothelial","JAM2",0.182
1.07722760519811e-63,0.794147346184373,0.655,0.437,2.63974624653797e-59,"Arterial_endothelial","TBCB",0.218
1.83619924067908e-63,1.38638695267963,0.216,0.073,4.49960623928408e-59,"Arterial_endothelial","PHLDB1",0.143
5.86839988978212e-63,0.58547037877034,0.875,0.773,1.43805139299111e-58,"Arterial_endothelial","GNG5",0.102
6.84043500524341e-63,0.58879331755239,0.836,0.721,1.6762485980349e-58,"Arterial_endothelial","APLP2",0.115
8.64323478371393e-63,1.65946681595955,0.163,0.046,2.1180246837491e-58,"Arterial_endothelial","CKB",0.117
2.48646051843948e-62,0.829560564411539,0.611,0.388,6.09307150043595e-58,"Arterial_endothelial","MGAT1",0.223
2.83083020980646e-62,1.34917058943289,0.324,0.146,6.93694942913073e-58,"Arterial_endothelial","FEM1C",0.178
4.03748592468053e-62,1.27882388224837,0.274,0.109,9.89385925842965e-58,"Arterial_endothelial","CAMK1D",0.165
5.17011268014604e-62,0.871327704150973,0.6,0.382,1.26693611226979e-57,"Arterial_endothelial","MSRB3",0.218
7.90906615412008e-62,1.29522513264616,0.316,0.141,1.93811666106713e-57,"Arterial_endothelial","GCHFR",0.175
1.68398417582419e-61,1.04693994347469,0.426,0.221,4.12660322285718e-57,"Arterial_endothelial","CEP85L",0.205
1.73221184636791e-61,1.36241368184706,0.26,0.102,4.24478512952456e-57,"Arterial_endothelial","DENND3",0.158
2.38807347066665e-61,0.895826184605836,0.701,0.498,5.85197403986862e-57,"Arterial_endothelial","FLNA",0.203
3.80078498668257e-61,0.835684937261891,0.607,0.39,9.31382360986565e-57,"Arterial_endothelial","HSPA2",0.217
4.20747030994153e-61,1.03564761810866,0.355,0.164,1.03104059945117e-56,"Arterial_endothelial","NOS3",0.191
4.80323905417392e-61,0.810269035257289,0.635,0.424,1.17703373022532e-56,"Arterial_endothelial","EHD2",0.211
6.66814408820011e-61,0.696369468596299,0.727,0.501,1.63402870881344e-56,"Arterial_endothelial","CD320",0.226
7.89542313192825e-61,1.25504848982517,0.342,0.16,1.93477343847902e-56,"Arterial_endothelial","MAML1",0.182
1.71989586187644e-60,0.386446935249293,0.958,0.925,4.21460480952823e-56,"Arterial_endothelial","CFL1",0.0329999999999999
1.92279546899572e-60,0.778132218381502,0.669,0.458,4.71181029677401e-56,"Arterial_endothelial","BLOC1S1",0.211
4.23986266955736e-60,0.863120271943027,0.481,0.261,1.03897834717503e-55,"Arterial_endothelial","ATP6AP1",0.22
6.90403184858764e-60,1.18048159548764,0.355,0.169,1.6918330044964e-55,"Arterial_endothelial","FDFT1",0.186
1.24619679136863e-59,0.902074180559663,0.536,0.322,3.05380523724883e-55,"Arterial_endothelial","HPCAL1",0.214
2.56269214662073e-59,0.759575717240147,0.751,0.58,6.2798771052941e-55,"Arterial_endothelial","CD46",0.171
4.48704387411443e-59,1.39004780255329,0.238,0.091,1.09955010135174e-54,"Arterial_endothelial","GCNT1",0.147
4.54546031386855e-59,0.747248539662869,0.689,0.495,1.11386504991349e-54,"Arterial_endothelial","ZFYVE21",0.194
8.639407501257e-59,1.34364692575837,0.263,0.107,2.11708680818303e-54,"Arterial_endothelial","SNX18",0.156
9.3359733977872e-59,0.984270645427436,0.413,0.21,2.28778028112775e-54,"Arterial_endothelial","CREM",0.203
9.84618713044417e-59,1.64677986622511,0.156,0.045,2.41280815631534e-54,"Arterial_endothelial","ENO2",0.111
1.72586532951675e-58,1.24562443873021,0.297,0.129,4.22923298998079e-54,"Arterial_endothelial","SMAD3",0.168
3.05975009896855e-58,0.884433593193496,0.531,0.317,7.49791761752242e-54,"Arterial_endothelial","TMTC1",0.214
3.49757913697651e-58,1.19129258829652,0.304,0.133,8.57081767516094e-54,"Arterial_endothelial","KLHL5",0.171
4.42317034445179e-58,1.17451826199059,0.428,0.234,1.08389789290791e-53,"Arterial_endothelial","PTGIS",0.194
4.76385255428653e-58,1.40639399805098,0.483,0.284,1.16738206842791e-53,"Arterial_endothelial","TPM2",0.199
1.1742333822261e-57,1.29419100546287,0.301,0.134,2.87745890314505e-53,"Arterial_endothelial","CDIP1",0.167
2.21168916139889e-57,0.511064885315426,0.881,0.793,5.41974429000797e-53,"Arterial_endothelial","EMP2",0.088
2.68698837785476e-57,0.63185533700773,0.836,0.736,6.58446501993309e-53,"Arterial_endothelial","S100A13",0.1
4.24006868908052e-57,1.08752111671557,0.403,0.21,1.03902883225918e-52,"Arterial_endothelial","GPRC5B",0.193
4.88485170478688e-57,0.882073770382748,0.57,0.363,1.19703291025803e-52,"Arterial_endothelial","FAM127A",0.207
5.25496117790729e-57,1.04261864016612,0.384,0.193,1.28772823664618e-52,"Arterial_endothelial","F11R",0.191
5.61204271075039e-57,2.14375099911707,0.196,0.069,1.37523106626938e-52,"Arterial_endothelial","CRYAB",0.127
6.25793898568608e-57,1.37700357318691,0.25,0.1,1.53350794844237e-52,"Arterial_endothelial","PFN2",0.15
8.85242659588806e-57,0.448756516178677,0.906,0.855,2.16928713732237e-52,"Arterial_endothelial","PSAP",0.051
1.10313905056189e-56,1.44251704652561,0.213,0.078,2.70324224340191e-52,"Arterial_endothelial","FAM212A",0.135
1.57063452655203e-56,0.90818343560004,0.415,0.213,3.84883990731574e-52,"Arterial_endothelial","TES",0.202
1.98016771992976e-56,1.30150057938387,0.272,0.115,4.85240099768788e-52,"Arterial_endothelial","ADARB1",0.157
2.04055716792054e-56,1.1728189794101,0.522,0.324,5.00038533998928e-52,"Arterial_endothelial","IFIT3",0.198
2.31700661425787e-56,1.45810166482093,0.207,0.074,5.6778247082389e-52,"Arterial_endothelial","AP3M2",0.133
3.68506230265256e-56,0.804832817051139,0.545,0.332,9.03024517265009e-52,"Arterial_endothelial","TNS1",0.213
4.23766377080708e-56,1.18661908294156,0.297,0.132,1.03843950703627e-51,"Arterial_endothelial","RNF144B",0.165
5.04675594142191e-56,1.42123842015697,0.203,0.072,1.23670754344544e-51,"Arterial_endothelial","CAPRIN2",0.131
5.20139896695638e-56,0.684280789305823,0.764,0.603,1.27460281685266e-51,"Arterial_endothelial","SPTAN1",0.161
5.24969343697954e-56,1.04860599278583,0.384,0.196,1.28643737673184e-51,"Arterial_endothelial","ATP2A2",0.188
5.34386735238668e-56,1.1792231480832,0.329,0.154,1.30951469470236e-51,"Arterial_endothelial","ITGAV",0.175
5.47614574934919e-56,1.34671634637171,0.219,0.081,1.34192951587802e-51,"Arterial_endothelial","CCNYL1",0.138
7.00488793504292e-56,0.702114962429371,0.706,0.53,1.71654778848227e-51,"Arterial_endothelial","TGOLN2",0.176
8.94312164049065e-56,0.355880561509426,0.978,0.953,2.19151195800223e-51,"Arterial_endothelial","H3F3A",0.025
1.12508660555029e-55,0.951549667233448,0.675,0.492,2.75702472690099e-51,"Arterial_endothelial","CSRP1",0.183
1.36027658493346e-55,0.974462894039296,0.49,0.289,3.33335777137944e-51,"Arterial_endothelial","RALA",0.201
2.17457782519999e-55,1.9961502942358,0.207,0.078,5.32880296065258e-51,"Arterial_endothelial","BMP6",0.129
3.52347178262528e-55,0.960308536261766,0.538,0.333,8.63426760332325e-51,"Arterial_endothelial","WARS",0.205
8.67218187530894e-55,0.580700744223763,0.835,0.679,2.12511816854446e-50,"Arterial_endothelial","EFNB2",0.156
3.51269040034983e-54,0.907358691945857,0.501,0.291,8.60784782605725e-50,"Arterial_endothelial","MOB2",0.21
4.60619439616409e-54,1.01137967871297,0.421,0.227,1.12874793678001e-49,"Arterial_endothelial","B4GALT1",0.194
6.77818115406917e-54,0.454927036965224,0.921,0.863,1.66099329180465e-49,"Arterial_endothelial","CALM2",0.0580000000000001
8.91754888728653e-54,0.85497265022195,0.556,0.348,2.18524535482956e-49,"Arterial_endothelial","FGD5",0.208
1.07389828528999e-53,0.92016456010361,0.396,0.204,2.63158774810312e-49,"Arterial_endothelial","TSPAN9",0.192
1.92022490537449e-53,0.723030597028524,0.764,0.578,4.70551113062018e-49,"Arterial_endothelial","SOX18",0.186
2.94422945247348e-53,0.440842331656632,0.905,0.845,7.21483427328625e-49,"Arterial_endothelial","APP",0.0600000000000001
3.57519185342464e-53,0.784838225869459,0.563,0.356,8.76100763681707e-49,"Arterial_endothelial","MYO1C",0.207
7.10028926757185e-53,1.16304085766322,0.24,0.095,1.73992588501848e-48,"Arterial_endothelial","SDC3",0.145
7.67988975768327e-53,0.865709231354444,0.492,0.288,1.88195698512029e-48,"Arterial_endothelial","MANSC1",0.204
9.02181995872668e-53,1.28875942507769,0.28,0.124,2.21079698088597e-48,"Arterial_endothelial","NQO1",0.156
9.97361064464146e-53,0.728317727213642,0.648,0.444,2.44403328846939e-48,"Arterial_endothelial","DBI",0.204
1.60506413725835e-52,0.731967428265927,0.669,0.491,3.93320966835159e-48,"Arterial_endothelial","KIAA0355",0.178
1.92574138430133e-52,0.453718119437312,0.933,0.889,4.71902926223042e-48,"Arterial_endothelial","TCF4",0.044
1.95180383800619e-52,0.724342201619284,0.731,0.602,4.78289530503416e-48,"Arterial_endothelial","HSD17B12",0.129
1.99286463524883e-52,0.860315945435532,0.496,0.291,4.88351478867727e-48,"Arterial_endothelial","PIGT",0.205
2.99798156779155e-52,1.26585947216819,0.192,0.068,7.34655383187319e-48,"Arterial_endothelial","DMTN",0.124
4.10842940509189e-52,1.03200847825876,0.318,0.15,1.00677062571777e-47,"Arterial_endothelial","CDK2AP2",0.168
5.86317774749387e-52,0.544386417454915,0.813,0.686,1.43677170702337e-47,"Arterial_endothelial","ATP6V0E1",0.127
9.38791105538343e-52,1.08188868161688,0.321,0.152,2.30050760412171e-47,"Arterial_endothelial","TMEM184B",0.169
1.24777372286115e-51,0.758034012799484,0.615,0.411,3.05766950787124e-47,"Arterial_endothelial","SULF2",0.204
1.68957904452088e-51,0.927950499039571,0.413,0.224,4.14031344859842e-47,"Arterial_endothelial","DLGAP4",0.189
1.90800151611186e-51,1.47020411335609,0.159,0.051,4.67555771523211e-47,"Arterial_endothelial","SMAD6",0.108
1.91889246571398e-51,0.875701417560909,0.484,0.284,4.7022459872321e-47,"Arterial_endothelial","SLC44A1",0.2
2.84038424287132e-51,1.22484267947521,0.243,0.101,6.96036158715617e-47,"Arterial_endothelial","WEE1",0.142
3.23035148885637e-51,1.35373978435476,0.178,0.061,7.91597632344252e-47,"Arterial_endothelial","ADPRH",0.117
3.81511199903712e-51,1.40447657352549,0.265,0.117,9.34893195364046e-47,"Arterial_endothelial","TNFRSF12A",0.148
8.07502209442822e-51,0.770764559521988,0.592,0.386,1.97878416423964e-46,"Arterial_endothelial","SUN2",0.206
1.00013808668107e-50,0.735215858032658,0.635,0.442,2.45083838141195e-46,"Arterial_endothelial","ARL2BP",0.193
1.19107343011735e-50,1.40038616209595,0.175,0.06,2.91872544050257e-46,"Arterial_endothelial","PDE4DIP",0.115
1.69596864306296e-50,1.02543732624285,0.294,0.135,4.15597115982579e-46,"Arterial_endothelial","ZEB2",0.159
1.85613816559918e-50,0.520349543605366,0.853,0.747,4.5484665748008e-46,"Arterial_endothelial","CAPNS1",0.106
3.08406344072871e-50,0.576018945257659,0.797,0.645,7.55749746150569e-46,"Arterial_endothelial","BSG",0.152
3.16889079187743e-50,0.974259312224964,0.418,0.23,7.76536688549565e-46,"Arterial_endothelial","MTURN",0.188
4.04730638450437e-50,1.10350551569789,0.303,0.141,9.91792429522795e-46,"Arterial_endothelial","ISG20",0.162
4.52575133085411e-50,0.759515620613406,0.624,0.421,1.1090353636258e-45,"Arterial_endothelial","DOCK9",0.203
6.29118802873437e-50,0.893707586994616,0.441,0.247,1.54165562644136e-45,"Arterial_endothelial","MRPL17",0.194
7.20857354928521e-50,1.22325263450314,0.248,0.105,1.76646094825234e-45,"Arterial_endothelial","TRAK1",0.143
7.40294634522548e-50,1.0341961903013,0.326,0.157,1.8140920018975e-45,"Arterial_endothelial","SMC6",0.169
8.82842490377778e-50,1.33906155150975,0.547,0.37,2.16340552267074e-45,"Arterial_endothelial","CYR61",0.177
1.92076810617247e-49,0.930517626851056,0.35,0.175,4.70684224417563e-45,"Arterial_endothelial","CNDP2",0.175
2.02348120707167e-49,0.877333353922046,0.616,0.432,4.95854069792912e-45,"Arterial_endothelial","HERPUD1",0.184
2.22398537994822e-49,0.796516870266183,0.539,0.338,5.4498761735631e-45,"Arterial_endothelial","MXD4",0.201
2.39092752917642e-49,1.36976009648134,0.163,0.055,5.85896791024681e-45,"Arterial_endothelial","MEX3D",0.108
2.47669617537771e-49,0.782481479053191,0.536,0.335,6.06914397776307e-45,"Arterial_endothelial","SSBP4",0.201
3.09606002313069e-49,1.14912499108892,0.229,0.093,7.58689508668177e-45,"Arterial_endothelial","MYO1E",0.136
3.783228121968e-49,1.22972685154199,0.281,0.13,9.27080051288259e-45,"Arterial_endothelial","CCDC88C",0.151
5.21492762206094e-49,0.986736443748284,0.306,0.145,1.27791801378603e-44,"Arterial_endothelial","FURIN",0.161
5.78979268047776e-49,0.989813213486067,0.46,0.279,1.41878869635107e-44,"Arterial_endothelial","FOSL2",0.181
6.08844231252464e-49,0.785083068832313,0.594,0.399,1.49197278868416e-44,"Arterial_endothelial","PLAC9",0.195
6.11455338648096e-49,1.17333803188897,0.224,0.09,1.49837130735716e-44,"Arterial_endothelial","CUEDC1",0.134
1.23981008399832e-48,1.14674564480438,0.248,0.105,3.03815461083788e-44,"Arterial_endothelial","KIAA1147",0.143
1.36191415067695e-48,0.893027227553643,0.391,0.209,3.33737062623386e-44,"Arterial_endothelial","CPXM2",0.182
1.49093178785919e-48,0.834371514721497,0.599,0.406,3.65352834614894e-44,"Arterial_endothelial","AAK1",0.193
1.55264008920891e-48,1.20883719939599,0.26,0.115,3.80474453860643e-44,"Arterial_endothelial","DDX58",0.145
1.74031783481409e-48,0.979513737340985,0.424,0.24,4.26464885421192e-44,"Arterial_endothelial","BCL6B",0.184
2.16202960714404e-48,1.21023754712512,0.269,0.123,5.29805355230647e-44,"Arterial_endothelial","NOV",0.146
2.63278753197556e-48,0.969694181824625,0.316,0.152,6.45164584710612e-44,"Arterial_endothelial","NDUFA7",0.164
3.99874052733819e-48,0.876440658466403,0.433,0.245,9.79891366224223e-44,"Arterial_endothelial","DOCK6",0.188
4.02242807239406e-48,0.25517694522417,0.999,0.999,9.85695999140164e-44,"Arterial_endothelial","HLA-B",0
9.11145884611924e-48,0.947443591205456,0.43,0.247,2.23276299024152e-43,"Arterial_endothelial","PIK3R3",0.183
9.82316514331849e-48,0.542052565935683,0.822,0.712,2.40716661837019e-43,"Arterial_endothelial","TMOD3",0.11
1.0183932835713e-47,2.37699122976314,0.17,0.062,2.49557274139148e-43,"Arterial_endothelial","BMP2",0.108
1.03606828226572e-47,1.02899482341408,0.328,0.164,2.53888532569215e-43,"Arterial_endothelial","PIK3IP1",0.164
1.09597479608985e-47,1.13857409352952,0.293,0.14,2.68568623781818e-43,"Arterial_endothelial","ST8SIA6",0.153
1.76383203485719e-47,1.43996366659206,0.167,0.058,4.32227040141755e-43,"Arterial_endothelial","STK10",0.109
2.13452571465295e-47,1.2701774387682,0.264,0.12,5.23065526375706e-43,"Arterial_endothelial","DDX60L",0.144
2.81369233166015e-47,1.40537504511181,0.169,0.059,6.89495305873319e-43,"Arterial_endothelial","HERC6",0.11
3.82667417847014e-47,0.905820760524364,0.304,0.143,9.37726507434108e-43,"Arterial_endothelial","CTSS",0.161
5.90082379920147e-47,0.444400865360882,0.898,0.832,1.44599687199432e-42,"Arterial_endothelial","PRDX1",0.0660000000000001
7.32291321130505e-47,0.474952729406804,0.878,0.784,1.7944798824303e-42,"Arterial_endothelial","CAV2",0.094
7.6935305549618e-47,0.429432029152584,0.873,0.795,1.88529966249339e-42,"Arterial_endothelial","ARL6IP5",0.078
2.70364359275835e-46,0.484854454567513,0.877,0.754,6.62527862405434e-42,"Arterial_endothelial","KLF6",0.123
3.52165203991494e-46,0.809681810507818,0.494,0.302,8.62980832381157e-42,"Arterial_endothelial","HCFC1R1",0.192
1.34542137513371e-45,0.859502938355854,0.326,0.161,3.29695507976516e-41,"Arterial_endothelial","SHKBP1",0.165
1.78370007514974e-45,0.804157446019515,0.512,0.326,4.37095703415444e-41,"Arterial_endothelial","GABARAPL1",0.186
1.90659020140983e-45,0.852963525719218,0.432,0.249,4.6720992885548e-41,"Arterial_endothelial","FLII",0.183
4.29715449299318e-45,1.41117915204475,0.175,0.064,1.05301770850798e-40,"Arterial_endothelial","PRRT1",0.111
5.42782539023094e-45,1.26887971886349,0.193,0.075,1.33008861187609e-40,"Arterial_endothelial","GUCY1B3",0.118
5.50837387079255e-45,1.09168567869461,0.248,0.11,1.34982701703771e-40,"Arterial_endothelial","YIF1B",0.138
6.97468389866982e-45,0.898237848749972,0.44,0.261,1.70914628936904e-40,"Arterial_endothelial","IFI35",0.179
7.53809407453645e-45,1.03330457979289,0.243,0.105,1.84720995296516e-40,"Arterial_endothelial","PNMA1",0.138
8.51408422559989e-45,0.538932804212183,0.832,0.744,2.08637633948325e-40,"Arterial_endothelial","GIMAP4",0.088
1.00747073146326e-44,0.589898786474326,0.734,0.574,2.46880702745072e-40,"Arterial_endothelial","TMEM50A",0.16
1.04424329474639e-44,1.07479869509712,0.292,0.14,2.55891819377602e-40,"Arterial_endothelial","WDFY3",0.152
1.14944609168814e-44,0.797188965910932,0.435,0.247,2.81671764768178e-40,"Arterial_endothelial","MIEN1",0.188
1.21432473100019e-44,0.641763657572606,0.64,0.458,2.97570275331597e-40,"Arterial_endothelial","NCKAP1",0.182
1.29222980553985e-44,0.906205552882813,0.36,0.19,3.16660913847541e-40,"Arterial_endothelial","GIPC2",0.17
2.36851518622409e-44,0.829337572456344,0.532,0.344,5.80404646384213e-40,"Arterial_endothelial","MALL",0.188
3.04702252934274e-44,0.724107322375605,0.527,0.33,7.46672870815438e-40,"Arterial_endothelial","APOL3",0.197
7.05275958478117e-44,1.50664665615382,0.151,0.052,1.72827873625063e-39,"Arterial_endothelial","MBNL1-AS1",0.099
7.28747759853555e-44,0.565633290723374,0.747,0.596,1.78579638552114e-39,"Arterial_endothelial","CHMP2A",0.151
8.18232077774559e-44,1.21494772541178,0.236,0.104,2.00507770658656e-39,"Arterial_endothelial","GBE1",0.132
8.39115211243896e-44,0.744900534154382,0.502,0.311,2.05625182515317e-39,"Arterial_endothelial","ILK",0.191
1.96069465769016e-43,0.993920792714996,0.31,0.156,4.80468225866974e-39,"Arterial_endothelial","SAMD9",0.154
2.08141501710385e-43,0.879743640326839,0.35,0.184,5.10050749941299e-39,"Arterial_endothelial","PIR",0.166
2.30819541591382e-43,1.3709276245942,0.192,0.077,5.65623286669681e-39,"Arterial_endothelial","TMEM99",0.115
2.5458081585402e-43,0.895594227316235,0.372,0.202,6.23850289250275e-39,"Arterial_endothelial","NCK1",0.17
2.66106096346845e-43,0.885948266624969,0.438,0.261,6.52092989097943e-39,"Arterial_endothelial","RAPGEF3",0.177
2.83228357437484e-43,1.0091205912079,0.351,0.19,6.94051089900554e-39,"Arterial_endothelial","AFAP1L2",0.161
3.3654993514838e-43,0.687744820924028,0.615,0.423,8.24715616081106e-39,"Arterial_endothelial","ACTR3",0.192
3.42866702375551e-43,1.09249777218043,0.238,0.105,8.40194854171287e-39,"Arterial_endothelial","ATP8B2",0.133
4.2634143615171e-43,1.16800722915098,0.246,0.112,1.04474968928977e-38,"Arterial_endothelial","TECPR1",0.134
4.39483280675757e-43,1.09608956805927,0.225,0.096,1.07695377929594e-38,"Arterial_endothelial","SLC15A3",0.129
5.56336789321546e-43,0.712983003028425,0.544,0.355,1.36330330223245e-38,"Arterial_endothelial","ARPP19",0.189
7.56242054846639e-43,0.574268593801286,0.77,0.651,1.85317115540169e-38,"Arterial_endothelial","GNB1",0.119
8.73264170143388e-43,0.734858967433764,0.555,0.365,2.13993384893637e-38,"Arterial_endothelial","CNOT6L",0.19
9.80760164948546e-43,0.812137876816226,0.448,0.268,2.40335278420641e-38,"Arterial_endothelial","CARD16",0.18
1.13095106332398e-42,0.239743970297766,1,1,2.7713955806754e-38,"Arterial_endothelial","TMSB4X",0
1.17892946484136e-42,1.1639858199917,0.19,0.074,2.88896665359376e-38,"Arterial_endothelial","ITPK1",0.116
1.21911728415198e-42,0.74355475362324,0.477,0.292,2.98744690481443e-38,"Arterial_endothelial","FBN1",0.185
2.00031069467844e-42,1.04016968576551,0.286,0.139,4.90176135730952e-38,"Arterial_endothelial","UBL7",0.147
2.57440231353592e-42,0.609300920076404,0.69,0.521,6.30857286931978e-38,"Arterial_endothelial","PSMB6",0.169
3.18382128521223e-42,0.742526242854486,0.441,0.259,7.80195405941258e-38,"Arterial_endothelial","MARCH2",0.182
4.17710292667453e-42,0.747994316912243,0.587,0.407,1.02359907218159e-37,"Arterial_endothelial","PLP2",0.18
4.52937418928483e-42,1.20179182990981,0.207,0.087,1.10992314508425e-37,"Arterial_endothelial","C3orf14",0.12
5.6817183077469e-42,0.837098889893408,0.418,0.244,1.39230507131338e-37,"Arterial_endothelial","VOPP1",0.174
6.06721002431647e-42,1.1163841677872,0.253,0.118,1.48676981645875e-37,"Arterial_endothelial","SLFN11",0.135
6.78884458985375e-42,0.730025301373576,0.5,0.31,1.66360636674366e-37,"Arterial_endothelial","CCDC12",0.19
6.83357157348275e-42,0.899771644923071,0.369,0.203,1.67456671408195e-37,"Arterial_endothelial","ADAM17",0.166
6.96846813184581e-42,0.916288351872139,0.273,0.129,1.70762311570882e-37,"Arterial_endothelial","SGCB",0.144
7.38776029370096e-42,0.867264458740468,0.418,0.246,1.81037065997142e-37,"Arterial_endothelial","GAS2L1",0.172
7.5022058947006e-42,0.772594203018686,0.51,0.337,1.83841555449638e-37,"Arterial_endothelial","OPTN",0.173
8.21292057151815e-42,0.340820782625578,0.984,0.986,2.01257618605052e-37,"Arterial_endothelial","S100A10",-0.002
1.18297634336508e-41,0.741071686938509,0.489,0.303,2.89888352941612e-37,"Arterial_endothelial","TXNL4A",0.186
1.20656586045357e-41,1.47085049902212,0.204,0.087,2.95668964104147e-37,"Arterial_endothelial","EFNB1",0.117
1.92481848986248e-41,0.672045471065711,0.632,0.46,4.71676770940802e-37,"Arterial_endothelial","ATOX1",0.172
2.93294763453447e-41,1.04291392450583,0.166,0.061,7.18718817842673e-37,"Arterial_endothelial","THBS3",0.105
8.29695902960206e-41,0.653180481859766,0.656,0.477,2.03316981020398e-36,"Arterial_endothelial","MEF2A",0.179
8.32133599132426e-41,0.89746800225582,0.3,0.15,2.03914338467401e-36,"Arterial_endothelial","ZFAND2B",0.15
1.10037640949782e-40,1.36456313148752,0.242,0.112,2.69647239147441e-36,"Arterial_endothelial","RGS5",0.13
1.21246841077855e-40,0.356227151814176,0.958,0.947,2.97115384061285e-36,"Arterial_endothelial","DSTN",0.011
1.27727948916766e-40,1.2590467345762,0.405,0.237,3.12997338820536e-36,"Arterial_endothelial","ACTA2",0.168
1.480912669862e-40,1.11599039276478,0.241,0.11,3.62897649749682e-36,"Arterial_endothelial","PLEKHF2",0.131
1.68032450271089e-40,0.738005053400967,0.527,0.347,4.11763519389304e-36,"Arterial_endothelial","TSPAN3",0.18
1.94293454460742e-40,0.355941565582778,0.967,0.94,4.76116110156049e-36,"Arterial_endothelial","IFITM2",0.027
2.48737660253312e-40,0.707329413691977,0.358,0.191,6.09531636450741e-36,"Arterial_endothelial","ADGRA2",0.167
2.90634870721099e-40,0.807342741382238,0.421,0.25,7.12200750702054e-36,"Arterial_endothelial","RNF5",0.171
3.02159324001715e-40,0.935340708851551,0.419,0.256,7.40441423466203e-36,"Arterial_endothelial","GPX3",0.163
4.32019233009079e-40,0.927025239352558,0.49,0.314,1.05866313048875e-35,"Arterial_endothelial","ARPC5L",0.176
5.63830774777793e-40,0.670991964219429,0.566,0.388,1.38166731359298e-35,"Arterial_endothelial","CCNY",0.178
6.98847385923893e-40,1.24998282358405,0.322,0.174,1.7125255192065e-35,"Arterial_endothelial","MYH11",0.148
7.1286809848399e-40,0.723205732299814,0.454,0.271,1.74688327533502e-35,"Arterial_endothelial","ELOVL1",0.183
8.21932885754389e-40,0.939928413059454,0.423,0.257,2.01414653654113e-35,"Arterial_endothelial","PLXNA2",0.166
8.74346377555858e-40,0.733679938549505,0.561,0.383,2.14258579820063e-35,"Arterial_endothelial","WDR1",0.178
1.45477407759225e-39,0.434005345943448,0.598,0.374,3.5649238771398e-35,"Arterial_endothelial","PNP",0.224
1.54413714982646e-39,0.979480875044656,0.304,0.159,3.78390808564975e-35,"Arterial_endothelial","LRIG1",0.145
2.03125490658673e-39,1.39373833634866,0.169,0.066,4.97759014859078e-35,"Arterial_endothelial","ACOT7",0.103
2.08052658510804e-39,0.921892142189172,0.352,0.196,5.09833039680725e-35,"Arterial_endothelial","DDX60",0.156
4.05256369799811e-39,0.82289431332569,0.5,0.333,9.93080734194438e-35,"Arterial_endothelial","THSD7A",0.167
5.08602412980921e-39,0.89467423647307,0.291,0.147,1.24633021300975e-34,"Arterial_endothelial","CGNL1",0.144
5.15641886082134e-39,0.557880639519933,0.699,0.535,1.26358044184427e-34,"Arterial_endothelial","ADD1",0.164
6.78377858946382e-39,0.806693991595181,0.349,0.188,1.66236494334811e-34,"Arterial_endothelial","TGFB1I1",0.161
7.16350393020437e-39,0.671151534072127,0.521,0.336,1.75541663809658e-34,"Arterial_endothelial","DYNLT1",0.185
1.15449200147518e-38,0.962069593861643,0.237,0.109,2.82908264961493e-34,"Arterial_endothelial","MYO1D",0.128
1.36104632957549e-38,0.881480435521146,0.306,0.158,3.33524403062475e-34,"Arterial_endothelial","RAP2A",0.148
1.82144493467112e-38,0.708691593156981,0.567,0.396,4.46345081241159e-34,"Arterial_endothelial","PLXDC2",0.171
1.91849526126601e-38,0.961098582276239,0.22,0.098,4.70127263773237e-34,"Arterial_endothelial","RNF219",0.122
2.44381177963545e-38,0.878362645780628,0.373,0.212,5.98856076599668e-34,"Arterial_endothelial","PARP9",0.161
2.7198954919785e-38,0.468956878356841,0.811,0.713,6.6651039030933e-34,"Arterial_endothelial","NDUFS5",0.0980000000000001
2.74908222170176e-38,1.32456960856472,0.161,0.062,6.73662598428016e-34,"Arterial_endothelial","AGA",0.099
4.57268988133019e-38,1.04453089500149,0.235,0.108,1.12053765541996e-33,"Arterial_endothelial","SLC27A3",0.127
4.62939064507767e-38,0.964342702246802,0.316,0.173,1.13443217757628e-33,"Arterial_endothelial","DIXDC1",0.143
5.14402838860306e-38,1.41853997758628,0.18,0.074,1.26054415662718e-33,"Arterial_endothelial","TXNRD2",0.106
5.50567467877929e-38,0.705909255148398,0.498,0.322,1.34916558003486e-33,"Arterial_endothelial","STX12",0.176
5.58398292786438e-38,0.804382717376874,0.372,0.208,1.36835501647317e-33,"Arterial_endothelial","CSNK2A2",0.164
5.64316704725928e-38,0.995314569160763,0.204,0.088,1.38285808493089e-33,"Arterial_endothelial","KLHL42",0.116
5.65647314483938e-38,1.06001922577803,0.209,0.091,1.38611874414289e-33,"Arterial_endothelial","CYTH3",0.118
5.8231418407171e-38,0.69877865394271,0.453,0.277,1.42696090806773e-33,"Arterial_endothelial","TMEM160",0.176
6.92843123409625e-38,0.702815900680731,0.577,0.411,1.69781207391529e-33,"Arterial_endothelial","PTPN14",0.166
6.95045947937668e-38,0.733069438854252,0.522,0.345,1.70321009542126e-33,"Arterial_endothelial","DPYSL3",0.177
7.02262703193382e-38,0.722309561257625,0.488,0.312,1.72089475417538e-33,"Arterial_endothelial","MAGT1",0.176
8.05595624521445e-38,0.857432204509258,0.319,0.169,1.9741120778898e-33,"Arterial_endothelial","MYEF2",0.15
9.2072522326627e-38,0.894210909096676,0.359,0.206,2.256237159614e-33,"Arterial_endothelial","NUDT14",0.153
9.88106840336685e-38,0.844903979471839,0.301,0.158,2.42135581224505e-33,"Arterial_endothelial","ZDHHC20",0.143
1.05809401145938e-37,0.714230080420247,0.442,0.269,2.59285937508121e-33,"Arterial_endothelial","CAMK2D",0.173
1.14056027690528e-37,0.419954354558827,0.853,0.774,2.79494295855638e-33,"Arterial_endothelial","MMRN2",0.079
1.21979285032449e-37,1.25131340222122,0.164,0.064,2.98910237972015e-33,"Arterial_endothelial","SLC35E4",0.1
1.39136026849764e-37,0.765494562795843,0.398,0.232,3.40952833795348e-33,"Arterial_endothelial","NPR1",0.166
1.52732700799256e-37,0.871798356115526,0.409,0.247,3.74271483308576e-33,"Arterial_endothelial","JADE1",0.162
2.21620062897908e-37,1.17182651730123,0.2,0.087,5.43079964131323e-33,"Arterial_endothelial","CPPED1",0.113
3.43005564977191e-37,0.911036204854017,0.305,0.161,8.40535136976607e-33,"Arterial_endothelial","ARRB1",0.144
4.41235201521692e-37,1.07155877419685,0.188,0.079,1.08124686132891e-32,"Arterial_endothelial","GLIS3",0.109
4.4491900526249e-37,0.897772695855653,0.412,0.252,1.09027402239573e-32,"Arterial_endothelial","PELI1",0.16
5.77846070323074e-37,0.952269777881902,0.425,0.265,1.41601179532669e-32,"Arterial_endothelial","TUBA1C",0.16
7.50878664090181e-37,0.809076150307458,0.527,0.365,1.84002816635299e-32,"Arterial_endothelial","CD109",0.162
8.98344295527814e-37,0.881018768918685,0.312,0.166,2.20139269619091e-32,"Arterial_endothelial","OSTM1",0.146
1.0173931909552e-36,0.664316803366666,0.531,0.356,2.49312201443572e-32,"Arterial_endothelial","RAB11B",0.175
1.05873167406023e-36,1.09541087222212,0.297,0.161,2.59442196728458e-32,"Arterial_endothelial","NRGN",0.136
1.18962990057032e-36,0.605802986874958,0.595,0.42,2.91518807134756e-32,"Arterial_endothelial","CIB1",0.175
1.30996419213926e-36,0.958187120017153,0.316,0.172,3.21006725283726e-32,"Arterial_endothelial","FAM214A",0.144
1.31059429469102e-36,0.824697273465045,0.323,0.173,3.21161131914034e-32,"Arterial_endothelial","ELOVL5",0.15
1.32895144413371e-36,0.495703797328565,0.804,0.697,3.25659551384966e-32,"Arterial_endothelial","NDUFC2",0.107
1.96102751469965e-36,0.545234956674813,0.818,0.726,4.80549792477149e-32,"Arterial_endothelial","TPM4",0.092
2.35320362867193e-36,1.19977484359659,0.175,0.073,5.76652549206056e-32,"Arterial_endothelial","TACR1",0.102
4.79539482024662e-36,1.19457928626235,0.161,0.064,1.17511150070143e-31,"Arterial_endothelial","AGAP2-AS1",0.097
5.362064794e-36,0.816115397824791,0.409,0.247,1.3139739777697e-31,"Arterial_endothelial","MIB1",0.162
5.94125675368869e-36,0.47231152973128,0.783,0.641,1.45590496749141e-31,"Arterial_endothelial","GIMAP1",0.142
6.91444920903899e-36,1.00060343950987,0.236,0.113,1.694385778675e-31,"Arterial_endothelial","XPR1",0.123
1.06173795394838e-35,0.719101003391074,0.574,0.412,2.6017888561505e-31,"Arterial_endothelial","TMEM30A",0.162
1.12915073405376e-35,1.0330425232851,0.199,0.088,2.76698387379873e-31,"Arterial_endothelial","SREBF2",0.111
1.61771359484818e-35,0.606571350039147,0.612,0.438,3.96420716417547e-31,"Arterial_endothelial","VAT1",0.174
1.69443846297442e-35,1.07286263210135,0.175,0.072,4.15222145351881e-31,"Arterial_endothelial","DDX49",0.103
1.79173391416365e-35,0.570236089637255,0.633,0.455,4.39064395665803e-31,"Arterial_endothelial","ATP5G3",0.178
1.80464062035948e-35,0.769482413511162,0.426,0.264,4.42227184019092e-31,"Arterial_endothelial","CCDC88A",0.162
1.86422590283083e-35,0.949863035405552,0.224,0.104,4.56828557488695e-31,"Arterial_endothelial","CSK",0.12
2.05358567054313e-35,0.591155676555561,0.616,0.45,5.03231168566593e-31,"Arterial_endothelial","SHISA5",0.166
2.46806766575526e-35,0.662332069258012,0.377,0.216,6.04799981493328e-31,"Arterial_endothelial","DAAM1",0.161
3.37215883784919e-35,1.04573505162192,0.267,0.137,8.26347523214944e-31,"Arterial_endothelial","USHBP1",0.13
3.41958193806121e-35,0.551259631878586,0.706,0.573,8.37968553921899e-31,"Arterial_endothelial","GNAQ",0.133
3.46459793891089e-35,0.487485193810387,0.767,0.647,8.48999724930113e-31,"Arterial_endothelial","SEC61B",0.12
3.52217696313281e-35,0.77124235582634,0.281,0.143,8.63109464815694e-31,"Arterial_endothelial","SFXN3",0.138
3.52567364840423e-35,0.763422039089951,0.415,0.255,8.63966327541457e-31,"Arterial_endothelial","PDHB",0.16
4.90029963171065e-35,0.796070999517785,0.324,0.179,1.20081842475069e-30,"Arterial_endothelial","RIN2",0.145
4.95247879540292e-35,1.0450698017893,0.202,0.091,1.21360492881348e-30,"Arterial_endothelial","TRAM2",0.111
5.01984795940394e-35,0.444333596361513,0.895,0.844,1.23011374245194e-30,"Arterial_endothelial","UTRN",0.051
6.86613342884034e-35,0.859048990775826,0.306,0.164,1.68254599673733e-30,"Arterial_endothelial","IFIT5",0.142
7.11336287787275e-35,1.16346627528642,0.163,0.066,1.74312957322272e-30,"Arterial_endothelial","TMEM63A",0.097
7.2742435697589e-35,1.23156339403678,0.16,0.064,1.78255338676942e-30,"Arterial_endothelial","C21orf2",0.096
8.67339983434865e-35,0.751258981644896,0.475,0.309,2.12541662940714e-30,"Arterial_endothelial","TRAPPC2L",0.166
1.1646460400683e-34,0.511169100829088,0.693,0.525,2.85396512118737e-30,"Arterial_endothelial","NDUFS6",0.168
1.2839157394415e-34,0.801311399583958,0.406,0.248,3.14623551950139e-30,"Arterial_endothelial","TGFB1",0.158
1.78108277113584e-34,0.672491112764113,0.544,0.37,4.36454333066839e-30,"Arterial_endothelial","RALB",0.174
1.85477246513599e-34,0.678697752952721,0.393,0.23,4.54511992581573e-30,"Arterial_endothelial","CDC123",0.163
1.85825248503425e-34,0.991250762780307,0.209,0.096,4.55364771457642e-30,"Arterial_endothelial","CCDC91",0.113
1.91212046669613e-34,0.726024381682126,0.453,0.287,4.68565120363886e-30,"Arterial_endothelial","VMP1",0.166
2.01362029429603e-34,1.04487066126085,0.19,0.084,4.93437653117241e-30,"Arterial_endothelial","BCAR3",0.106
2.06986857620013e-34,0.827170973344362,0.34,0.193,5.07221294597841e-30,"Arterial_endothelial","HABP4",0.147
2.74632276796282e-34,1.23355822791796,0.159,0.065,6.72986394289289e-30,"Arterial_endothelial","TGFBR1",0.094
3.07423679878722e-34,0.814460773363176,0.273,0.14,7.53341727542808e-30,"Arterial_endothelial","ALDH16A1",0.133
3.56337740029549e-34,0.488019213363777,0.768,0.645,8.73205631942409e-30,"Arterial_endothelial","ATP5I",0.123
3.5988409526123e-34,0.833598693294113,0.393,0.237,8.81895975437645e-30,"Arterial_endothelial","ELMO1",0.156
4.25479112812461e-34,0.714542523950661,0.468,0.303,1.04263656594694e-29,"Arterial_endothelial","RFK",0.165
4.57016394962463e-34,1.19727960877769,0.166,0.069,1.11991867585552e-29,"Arterial_endothelial","FAM135A",0.097
5.39624081179681e-34,0.797248292647319,0.255,0.126,1.32234881093081e-29,"Arterial_endothelial","EFEMP2",0.129
5.7849518264704e-34,0.603395179121397,0.564,0.39,1.41760244507657e-29,"Arterial_endothelial","EPS8",0.174
6.53816982491613e-34,0.443042673423396,0.815,0.706,1.6021785155957e-29,"Arterial_endothelial","ARPC3",0.109
7.31242796656304e-34,0.879674370587216,0.234,0.113,1.79191047320627e-29,"Arterial_endothelial","IRAK1",0.121
1.15448215262396e-33,0.449506533575567,0.878,0.777,2.82905851500502e-29,"Arterial_endothelial","GIMAP7",0.101
1.18163613396954e-33,1.06024685081142,0.362,0.217,2.89559934629235e-29,"Arterial_endothelial","VCL",0.145
1.37364291253639e-33,0.849491488449206,0.335,0.19,3.36611195717043e-29,"Arterial_endothelial","BCL2L1",0.145
1.93123898956943e-33,0.521820918017301,0.667,0.512,4.73250114393988e-29,"Arterial_endothelial","FKBP2",0.155
2.28562009343149e-33,0.683906904811893,0.488,0.323,5.60091203895386e-29,"Arterial_endothelial","EIF2AK4",0.165
2.54671815752474e-33,0.600417782028825,0.49,0.316,6.24073284501438e-29,"Arterial_endothelial","DYNLT3",0.174
2.96844785853971e-33,0.405411829373313,0.936,0.894,7.27418147735155e-29,"Arterial_endothelial","SYNE2",0.042
3.19854913957749e-33,1.06052770553447,0.161,0.066,7.83804466653465e-29,"Arterial_endothelial","VANGL1",0.095
3.63534479956082e-33,1.0223049598589,0.207,0.097,8.9084124313238e-29,"Arterial_endothelial","ULK1",0.11
4.56080208184602e-33,1.09003297190435,0.275,0.146,1.11762455015637e-28,"Arterial_endothelial","FADS3",0.129
4.68579431529094e-33,0.57945774914719,0.621,0.468,1.14825389696205e-28,"Arterial_endothelial","PDLIM5",0.153
7.80948418818663e-33,0.679854435965577,0.598,0.443,1.91371410031513e-28,"Arterial_endothelial","FEZ2",0.155
7.96828948393765e-33,0.86624995410674,0.262,0.135,1.95262933803892e-28,"Arterial_endothelial","EEF2K",0.127
1.05323852922166e-32,0.478522153713529,0.713,0.566,2.58096101585767e-28,"Arterial_endothelial","UBE2B",0.147
1.38726712392808e-32,1.58799765530359,0.15,0.061,3.39949808718576e-28,"Arterial_endothelial","CNN1",0.089
1.5758293183178e-32,0.700853683141079,0.443,0.284,3.86156974453777e-28,"Arterial_endothelial","DOCK1",0.159
1.64728346540975e-32,0.782584141482703,0.345,0.2,4.03666813198659e-28,"Arterial_endothelial","CCDC6",0.145
1.9934943611579e-32,1.16154284622174,0.18,0.079,4.88505793201743e-28,"Arterial_endothelial","C2orf40",0.101
2.00625653540743e-32,0.777349708793075,0.263,0.135,4.91633164001591e-28,"Arterial_endothelial","KIF26A",0.128
2.05517167726716e-32,0.353502692209289,0.891,0.837,5.03619819514317e-28,"Arterial_endothelial","NDUFA4",0.054
2.21088161599232e-32,0.817930191979917,0.373,0.228,5.41776539998917e-28,"Arterial_endothelial","C1orf21",0.145
2.77239460804964e-32,0.781300423518387,0.35,0.203,6.79375298702565e-28,"Arterial_endothelial","TMEM140",0.147
3.08804224431435e-32,0.626502250070303,0.521,0.361,7.56724751969232e-28,"Arterial_endothelial","ARL5A",0.16
3.39295233727689e-32,0.746090473843907,0.417,0.259,8.31442970249701e-28,"Arterial_endothelial","CDK17",0.158
4.41817453750799e-32,0.456852593829711,0.765,0.654,1.08267367041633e-27,"Arterial_endothelial","ISCU",0.111
4.42302513684073e-32,0.481144841138056,0.75,0.622,1.08386230978282e-27,"Arterial_endothelial","S100A16",0.128
4.51172771883208e-32,1.00408157510495,0.244,0.126,1.1055988774998e-27,"Arterial_endothelial","KITLG",0.118
4.81694111169042e-32,0.98923767642739,0.206,0.097,1.18039141941974e-27,"Arterial_endothelial","ST3GAL2",0.109
6.92204462427203e-32,0.853603616969487,0.28,0.15,1.69624703517786e-27,"Arterial_endothelial","BLOC1S5",0.13
7.30655163456847e-32,0.655592089440603,0.495,0.333,1.790470478051e-27,"Arterial_endothelial","SHOC2",0.162
7.85183712342594e-32,0.801685962126838,0.287,0.155,1.92409268709553e-27,"Arterial_endothelial","PIP5K1C",0.132
9.09290849923343e-32,1.21999352100578,0.151,0.062,2.22821722773715e-27,"Arterial_endothelial","INPP5F",0.089
9.37592332280194e-32,0.636596779027725,0.621,0.495,2.29757001025262e-27,"Arterial_endothelial","SERPING1",0.126
9.98333762543429e-32,0.842886164542008,0.255,0.132,2.44641688511267e-27,"Arterial_endothelial","GIT2",0.123
1.11901905558689e-31,0.561363909376482,0.568,0.401,2.74215619571568e-27,"Arterial_endothelial","ATL3",0.167
1.39188008584619e-31,0.810284651875415,0.242,0.121,3.41080215036608e-27,"Arterial_endothelial","ZNF664",0.121
1.49004848320715e-31,0.83071185129811,0.33,0.19,3.65136380809911e-27,"Arterial_endothelial","DGKE",0.14
1.66474884027877e-31,0.856309826107597,0.263,0.137,4.07946703310313e-27,"Arterial_endothelial","TIMM17A",0.126
1.72395617731058e-31,0.515455533499512,0.724,0.588,4.22455461249958e-27,"Arterial_endothelial","CTNNB1",0.136
1.83596665322881e-31,0.929906561756526,0.314,0.181,4.49903628373719e-27,"Arterial_endothelial","NNMT",0.133
1.97547392620091e-31,0.549952615657246,0.672,0.532,4.84089885615532e-27,"Arterial_endothelial","MAPK3",0.14
2.09623934234172e-31,0.760747875671692,0.264,0.137,5.13683450840839e-27,"Arterial_endothelial","MRPL15",0.127
2.15571110833747e-31,0.76585309292649,0.361,0.215,5.28257007098098e-27,"Arterial_endothelial","PYCR2",0.146
2.45916942857814e-31,0.940026563478105,0.192,0.088,6.02619468473074e-27,"Arterial_endothelial","DRAM1",0.104
2.93987881071462e-31,0.812936771817905,0.234,0.117,7.20417302565617e-27,"Arterial_endothelial","KLF12",0.117
3.34740972462147e-31,0.746518259964148,0.341,0.199,8.20282753018491e-27,"Arterial_endothelial","SEPT6",0.142
3.37975106575101e-31,0.449620087862539,0.752,0.628,8.28207998662285e-27,"Arterial_endothelial","RAB2A",0.124
3.42834349147006e-31,0.7136468179226,0.4,0.247,8.40115572584738e-27,"Arterial_endothelial","LYL1",0.153
4.019607428328e-31,0.772664389253029,0.303,0.168,9.85004800311776e-27,"Arterial_endothelial","DAG1",0.135
4.33832015544787e-31,0.757889803403572,0.379,0.231,1.0631053540925e-26,"Arterial_endothelial","ARHGAP17",0.148
4.45873636905906e-31,0.503857347301949,0.712,0.577,1.09261334723792e-26,"Arterial_endothelial","MINOS1",0.135
4.80601480969029e-31,0.425050397215925,0.764,0.632,1.17771392911461e-26,"Arterial_endothelial","TSC22D3",0.132
5.22925043928954e-31,0.767219062852435,0.361,0.215,1.2814278201479e-26,"Arterial_endothelial","AHNAK2",0.146
5.2936208495258e-31,0.733642178294112,0.343,0.201,1.2972017891763e-26,"Arterial_endothelial","ARHGAP23",0.142
5.38066953937953e-31,0.895639694459151,0.269,0.144,1.31853307062495e-26,"Arterial_endothelial","MYLIP",0.125
6.52777039704328e-31,0.714160229985355,0.412,0.261,1.59963013579546e-26,"Arterial_endothelial","COPS8",0.151
6.70300574224926e-31,0.881532912511121,0.262,0.138,1.64257155713818e-26,"Arterial_endothelial","FES",0.124
7.20717196604296e-31,1.12545925410806,0.163,0.071,1.76611749027883e-26,"Arterial_endothelial","NUP93",0.092
7.66321858739023e-31,0.466492651774954,0.749,0.634,1.87787171483998e-26,"Arterial_endothelial","UQCRQ",0.115
8.03184712157161e-31,0.623492074212926,0.471,0.308,1.96820413714112e-26,"Arterial_endothelial","AAED1",0.163
8.33213372579139e-31,0.366241978693668,0.916,0.877,2.04178936950518e-26,"Arterial_endothelial","CD151",0.039
1.00817110524073e-30,0.854015206404843,0.308,0.174,2.4705232933924e-26,"Arterial_endothelial","IFIH1",0.134
1.02420259960163e-30,0.48448914724278,0.774,0.662,2.50980847032381e-26,"Arterial_endothelial","PLEC",0.112
1.40768448860246e-30,0.492906495889178,0.694,0.553,3.44953083932034e-26,"Arterial_endothelial","BANF1",0.141
2.66254207756037e-30,0.925869135639214,0.188,0.087,6.52455936106169e-26,"Arterial_endothelial","TTL",0.101
2.7554262865389e-30,0.734054105761706,0.311,0.176,6.75217211516359e-26,"Arterial_endothelial","TMEM127",0.135
3.0714993240434e-30,0.869949893263596,0.279,0.152,7.52670909356834e-26,"Arterial_endothelial","R3HCC1",0.127
3.10324204942814e-30,0.669399233718465,0.534,0.376,7.60449464212367e-26,"Arterial_endothelial","KLF3",0.158
3.21480652008233e-30,1.08518561742621,0.168,0.074,7.87788337746175e-26,"Arterial_endothelial","JAZF1",0.094
3.36590424553497e-30,0.393466475324584,0.851,0.752,8.24814835368345e-26,"Arterial_endothelial","RABAC1",0.099
3.85667969327126e-30,0.513679250768286,0.703,0.564,9.45079358836122e-26,"Arterial_endothelial","LIMS2",0.139
4.80495851739254e-30,0.609823000641233,0.611,0.446,1.17745508468704e-25,"Arterial_endothelial","HSPA5",0.165
4.86064471454317e-30,1.09781713429493,0.185,0.086,1.1911009872988e-25,"Arterial_endothelial","PTBP2",0.099
5.04560458397475e-30,0.86362395299778,0.235,0.12,1.23642540330301e-25,"Arterial_endothelial","PPP2R3A",0.115
5.41511858545512e-30,0.446388172634368,0.838,0.772,1.32697480936578e-25,"Arterial_endothelial","CD93",0.0659999999999999
5.46512965577368e-30,0.769170065569807,0.335,0.196,1.33923002214734e-25,"Arterial_endothelial","DIAPH2",0.139
5.53745828585973e-30,0.539731248240971,0.406,0.246,1.35695415294993e-25,"Arterial_endothelial","IL3RA",0.16
5.81180288290521e-30,0.621934694925134,0.522,0.368,1.42418229645592e-25,"Arterial_endothelial","SEPT11",0.154
6.22343385252172e-30,0.590128048321342,0.517,0.354,1.52505246556045e-25,"Arterial_endothelial","TMEM43",0.163
7.97095120215006e-30,0.39159608555307,0.832,0.744,1.95328159208687e-25,"Arterial_endothelial","UBL5",0.088
9.09116189758151e-30,0.606277838430353,0.488,0.327,2.22778922300235e-25,"Arterial_endothelial","NAPA",0.161
1.00321611771868e-29,0.393159849652196,0.808,0.699,2.45838109646962e-25,"Arterial_endothelial","NEDD8",0.109
1.20642988668785e-29,0.547750564663497,0.547,0.378,2.95635643732857e-25,"Arterial_endothelial","NDUFB3",0.169
1.26491707731246e-29,0.833318757619329,0.239,0.123,3.09967929795419e-25,"Arterial_endothelial","PLCD3",0.116
1.29635603899749e-29,0.813834791658478,0.285,0.157,3.17672047356335e-25,"Arterial_endothelial","ABR",0.128
1.3277733542803e-29,0.390822717360184,0.802,0.71,3.25370860466388e-25,"Arterial_endothelial","COX7A2",0.0920000000000001
1.47998175283112e-29,0.716901862636074,0.408,0.256,3.62669528531267e-25,"Arterial_endothelial","FLYWCH2",0.152
1.57493941957615e-29,0.649188878089547,0.462,0.303,3.85938904767135e-25,"Arterial_endothelial","PTK2",0.159
1.71820101390285e-29,0.948298831462961,0.328,0.197,4.21045158456894e-25,"Arterial_endothelial","LDLR",0.131
2.58581788628616e-29,0.54595041057515,0.59,0.428,6.33654673034423e-25,"Arterial_endothelial","SDF4",0.162
3.22090032292563e-29,0.69634623026205,0.394,0.247,7.89281624132925e-25,"Arterial_endothelial","TCF12",0.147
3.32836750501298e-29,0.499183057723584,0.691,0.558,8.15616457103431e-25,"Arterial_endothelial","TMED9",0.133
3.78340330121795e-29,1.03377030859782,0.166,0.074,9.27122978963459e-25,"Arterial_endothelial","CDR2",0.092
3.89548375527355e-29,0.477914214858635,0.694,0.569,9.54588294229783e-25,"Arterial_endothelial","CTNNA1",0.125
4.31221848700046e-29,0.866370353902047,0.49,0.353,1.05670914023946e-24,"Arterial_endothelial","MCAM",0.137
5.07962317201528e-29,1.00589679516639,0.2,0.097,1.24476165830234e-24,"Arterial_endothelial","TLN2",0.103
6.35450928151569e-29,0.459608946707269,0.742,0.618,1.55717249943542e-24,"Arterial_endothelial","LAMP1",0.124
6.55246176929051e-29,0.633115797961904,0.522,0.372,1.60568075656464e-24,"Arterial_endothelial","PHACTR4",0.15
7.13293993015024e-29,0.772478278727367,0.331,0.196,1.74792692988332e-24,"Arterial_endothelial","WWC2",0.135
8.1505136279177e-29,0.457096732065494,0.728,0.604,1.99728336452123e-24,"Arterial_endothelial","RBX1",0.124
1.03382692725755e-28,0.846891588538994,0.286,0.161,2.53339288524464e-24,"Arterial_endothelial","RP11-798M19.6",0.125
1.09740162920335e-28,0.516876085827778,0.656,0.519,2.68918269236282e-24,"Arterial_endothelial","SH3GLB1",0.137
1.17211144743117e-28,0.606774210980979,0.465,0.307,2.87225910193009e-24,"Arterial_endothelial","IFI27L2",0.158
1.51786313961202e-28,0.671457555474138,0.471,0.318,3.71952362361925e-24,"Arterial_endothelial","IFNAR1",0.153
1.6377743069016e-28,0.522470149881158,0.657,0.524,4.01336593906236e-24,"Arterial_endothelial","FRMD4B",0.133
2.69060817360651e-28,1.08210698820272,0.155,0.068,6.59333532942275e-24,"Arterial_endothelial","RAVER2",0.087
2.96441581292295e-28,0.791793538069215,0.211,0.105,7.26430094956768e-24,"Arterial_endothelial","B4GALT2",0.106
3.32274616581963e-28,0.492308682906813,0.621,0.461,8.142389479341e-24,"Arterial_endothelial","NAA10",0.16
3.42104759972672e-28,0.657423064754101,0.345,0.206,8.38327714313034e-24,"Arterial_endothelial","EVI5",0.139
3.45862766275594e-28,0.655879397092533,0.319,0.184,8.47536708758343e-24,"Arterial_endothelial","ATP6V0D1",0.135
3.49587376250654e-28,0.67282057382041,0.512,0.365,8.56663865502228e-24,"Arterial_endothelial","FRYL",0.147
6.01532884881529e-28,0.445963523911475,0.732,0.622,1.47405633440219e-23,"Arterial_endothelial","GNB2",0.11
7.01393854818444e-28,0.535342247450293,0.475,0.313,1.7187656412326e-23,"Arterial_endothelial","SMAD2",0.162
7.10754898679031e-28,0.479662243528639,0.694,0.551,1.74170487921296e-23,"Arterial_endothelial","ZBTB38",0.143
7.7199743475718e-28,0.337479522053018,0.85,0.794,1.89177971387247e-23,"Arterial_endothelial","TCEB2",0.0559999999999999
1.31439461850897e-27,0.695098039027819,0.326,0.193,3.22092401265623e-23,"Arterial_endothelial","LRP6",0.133
1.42779898991105e-27,0.456807164647746,0.679,0.538,3.49882142477702e-23,"Arterial_endothelial","ATP6AP2",0.141
1.87266365415209e-27,0.540692579452028,0.565,0.41,4.58896228449971e-23,"Arterial_endothelial","TRAPPC1",0.155
1.87691987037672e-27,0.641047769571104,0.443,0.294,4.59939214235815e-23,"Arterial_endothelial","CPNE8",0.149
2.10618818267945e-27,0.572168992416526,0.449,0.295,5.16121414165599e-23,"Arterial_endothelial","ARHGAP31",0.154
2.18771844055122e-27,0.683364993916887,0.294,0.168,5.36100403857076e-23,"Arterial_endothelial","EEF1E1",0.126
2.34319789919724e-27,0.32636641946673,0.919,0.902,5.74200645198283e-23,"Arterial_endothelial","PTMS",0.017
2.4359387592674e-27,0.69919546341322,0.306,0.177,5.96926792958476e-23,"Arterial_endothelial","PGP",0.129
2.43974345636933e-27,0.564079720069389,0.505,0.345,5.97859133983304e-23,"Arterial_endothelial","PIN1",0.16
2.93311143454637e-27,0.82590957852453,0.195,0.095,7.18758957035588e-23,"Arterial_endothelial","PYGB",0.1
2.96919689440229e-27,0.598103387671828,0.481,0.325,7.27601698973281e-23,"Arterial_endothelial","C7orf50",0.156
3.0293579188824e-27,1.05146900268181,0.18,0.087,7.42344158022133e-23,"Arterial_endothelial","MSMO1",0.093
3.38248662220053e-27,0.942408799861525,0.222,0.115,8.28878346770239e-23,"Arterial_endothelial","RAB32",0.107
3.39741505927162e-27,0.84221629135418,0.22,0.114,8.32536560274511e-23,"Arterial_endothelial","SERTAD4",0.106
3.42364004616784e-27,0.678191549281385,0.365,0.226,8.3896299331343e-23,"Arterial_endothelial","CD2BP2",0.139
4.05842984982707e-27,0.709166107514929,0.343,0.208,9.94518234700123e-23,"Arterial_endothelial","LASP1",0.135
4.14805120876771e-27,0.721466123153549,0.365,0.23,1.01647994870853e-22,"Arterial_endothelial","ADIPOR2",0.135
5.13599315468458e-27,0.478269249575015,0.684,0.554,1.25857512255546e-22,"Arterial_endothelial","PCMTD1",0.13
6.65025801890123e-27,0.602551482958288,0.541,0.393,1.62964572753175e-22,"Arterial_endothelial","PPIC",0.148
6.66512381412531e-27,0.716433400750798,0.248,0.132,1.63328859065141e-22,"Arterial_endothelial","FAM234A",0.116
7.05548654339843e-27,0.901452980006368,0.185,0.089,1.72894697745979e-22,"Arterial_endothelial","ZSWIM6",0.096
7.25347474991899e-27,0.543570350437762,0.591,0.446,1.77746398746765e-22,"Arterial_endothelial","PARP14",0.145
7.72516646006604e-27,0.636753435579896,0.47,0.318,1.89305204103918e-22,"Arterial_endothelial","SERTAD4-AS1",0.152
8.38386560413209e-27,0.459777679045534,0.754,0.659,2.05446626629257e-22,"Arterial_endothelial","PSIP1",0.095
8.74360461163653e-27,0.954777589804317,0.161,0.073,2.14262031008153e-22,"Arterial_endothelial","NOD1",0.088
8.79472179925615e-27,0.922806123504534,0.206,0.105,2.15514657690772e-22,"Arterial_endothelial","RAB34",0.101
8.93925903651796e-27,0.550349251257843,0.567,0.421,2.19056542689873e-22,"Arterial_endothelial","TM9SF2",0.146
1.05907242031561e-26,0.601664198135564,0.491,0.343,2.5952569659834e-22,"Arterial_endothelial","FAM195B",0.148
1.13790485863008e-26,0.733935006716579,0.256,0.14,2.78843585607302e-22,"Arterial_endothelial","MCC",0.116
1.6424742450688e-26,0.619441752776974,0.377,0.233,4.02488313754109e-22,"Arterial_endothelial","MGAT4B",0.144
1.75362112618567e-26,0.868587034301268,0.204,0.103,4.29724856971799e-22,"Arterial_endothelial","TMCC1",0.101
1.80610777194078e-26,0.596506294096408,0.422,0.277,4.42586709514089e-22,"Arterial_endothelial","BCR",0.145
1.94050323771733e-26,0.647419376065136,0.413,0.271,4.75520318402631e-22,"Arterial_endothelial","ZNFX1",0.142
1.96520133672214e-26,0.674310077314211,0.313,0.182,4.8157258756376e-22,"Arterial_endothelial","CACUL1",0.131
2.00940535392388e-26,0.56294662278607,0.563,0.412,4.92404781979047e-22,"Arterial_endothelial","FKBP9",0.151
2.12831403504529e-26,0.772535536657354,0.266,0.149,5.21543354287849e-22,"Arterial_endothelial","C14orf159",0.117
2.2253378490455e-26,0.512953138718729,0.631,0.491,5.45319039908601e-22,"Arterial_endothelial","CTSZ",0.14
3.06622332896577e-26,0.447222113176943,0.691,0.553,7.51378026763062e-22,"Arterial_endothelial","ATP6V1F",0.138
3.19028920558031e-26,0.409298260146326,0.742,0.624,7.81780369827456e-22,"Arterial_endothelial","KIF5B",0.118
3.29185897384243e-26,0.50701560236076,0.593,0.445,8.06670041540086e-22,"Arterial_endothelial","EIF2AK2",0.148
3.51991833457422e-26,0.806594476792109,0.267,0.15,8.62555987887413e-22,"Arterial_endothelial","ST6GALNAC4",0.117
3.53405980516718e-26,0.748856520357935,0.287,0.165,8.66021355256217e-22,"Arterial_endothelial","INPP5K",0.122
3.95231031455737e-26,0.883917503490764,0.193,0.096,9.68513642582284e-22,"Arterial_endothelial","GATSL3",0.097
4.08432799052897e-26,0.603774220609042,0.326,0.192,1.00086457407912e-21,"Arterial_endothelial","CAPN1",0.134
4.22903453584496e-26,0.692313190862481,0.475,0.333,1.03632491300881e-21,"Arterial_endothelial","DNAJB4",0.142
5.56628588064763e-26,0.691518291263127,0.276,0.156,1.3640183550527e-21,"Arterial_endothelial","CARD6",0.12
6.73407551977267e-26,0.553969586258601,0.44,0.288,1.65018520612029e-21,"Arterial_endothelial","TIMM8B",0.152
6.88452197855453e-26,0.928295567835234,0.186,0.091,1.68705211084479e-21,"Arterial_endothelial","PRR34-AS1",0.095
7.31456529736896e-26,0.678856253176717,0.333,0.199,1.79243422612026e-21,"Arterial_endothelial","PLEKHB2",0.134
8.09376754923875e-26,0.780483003952121,0.254,0.141,1.98337773794096e-21,"Arterial_endothelial","SDF2L1",0.113
8.93330341306783e-26,0.459318722998291,0.683,0.544,2.18910600137227e-21,"Arterial_endothelial","MTCH1",0.139
1.06954762754959e-25,0.628371782290011,0.286,0.163,2.62092646131028e-21,"Arterial_endothelial","PSMD14",0.123
1.13257494778977e-25,0.637763110510436,0.371,0.232,2.77537490955883e-21,"Arterial_endothelial","CCDC107",0.139
1.26645000850076e-25,0.741331815050369,0.255,0.14,3.10343574583111e-21,"Arterial_endothelial","RAI2",0.115
1.39808562959377e-25,0.687298776899802,0.321,0.192,3.42600883531954e-21,"Arterial_endothelial","MAPK14",0.129
1.5551813814789e-25,0.756978461242251,0.243,0.132,3.81097197531405e-21,"Arterial_endothelial","ARRDC2",0.111
1.69272019577714e-25,0.543585120821205,0.556,0.407,4.14801083975188e-21,"Arterial_endothelial","FSTL1",0.149
1.78709899473241e-25,0.760173735601331,0.308,0.185,4.37928608659178e-21,"Arterial_endothelial","SLC25A4",0.123
1.90421207172755e-25,0.698030996745633,0.278,0.159,4.66627168176836e-21,"Arterial_endothelial","GNPTAB",0.119
2.18223939566194e-25,0.575403325962404,0.479,0.331,5.34757763906958e-21,"Arterial_endothelial","LAMP2",0.148
2.20271836930967e-25,0.857445887466986,0.238,0.131,5.39776136399336e-21,"Arterial_endothelial","IQCK",0.107
2.25776978247442e-25,0.91036244655039,0.189,0.094,5.53266485195356e-21,"Arterial_endothelial","NDE1",0.095
2.75883814798869e-25,0.754597884853495,0.305,0.181,6.76053288164628e-21,"Arterial_endothelial","TRIM2",0.124
2.90843014029971e-25,0.748642719005335,0.299,0.176,7.12710805880445e-21,"Arterial_endothelial","PAWR",0.123
3.32764304852814e-25,0.909728213492196,0.215,0.114,8.1543892904182e-21,"Arterial_endothelial","ALCAM",0.101
3.67510213521877e-25,0.647662825759774,0.23,0.123,9.0058377823536e-21,"Arterial_endothelial","SPOCK1",0.107
4.0350327662366e-25,0.598033453774217,0.491,0.342,9.8878477936628e-21,"Arterial_endothelial","MRPL54",0.149
4.07909691616871e-25,0.560116913372859,0.468,0.32,9.99582699307143e-21,"Arterial_endothelial","DICER1",0.148
5.53594794993805e-25,0.611995105672417,0.34,0.21,1.35658404513232e-20,"Arterial_endothelial","SMC4",0.13
5.60593175974168e-25,0.606341554538633,0.643,0.512,1.3737335777247e-20,"Arterial_endothelial","AKR1C3",0.131
7.34146935505221e-25,0.784189462894872,0.189,0.094,1.79902706545555e-20,"Arterial_endothelial","FAM104B",0.095
8.52501970351594e-25,0.546583083042348,0.669,0.551,2.08905607834658e-20,"Arterial_endothelial","LPP",0.118
1.01834222951595e-24,0.806746103972404,0.185,0.092,2.49544763342883e-20,"Arterial_endothelial","FPGS",0.093
1.05244717018393e-24,0.418022778512984,0.748,0.639,2.57902179053573e-20,"Arterial_endothelial","NDUFB2",0.109
1.33149866927073e-24,0.711152269444615,0.298,0.176,3.26283748904792e-20,"Arterial_endothelial","MEX3C",0.122
1.38053643260919e-24,0.499846118257096,0.518,0.37,3.38300452810883e-20,"Arterial_endothelial","PPP2CB",0.148
1.49706450155656e-24,0.666020743696778,0.246,0.136,3.66855656106434e-20,"Arterial_endothelial","KCTD10",0.11
1.77936618145697e-24,0.495182436246972,0.476,0.325,4.36033682766031e-20,"Arterial_endothelial","UBE2E3",0.151
1.88294314442932e-24,0.483511393955609,0.585,0.441,4.61415217542405e-20,"Arterial_endothelial","HIGD2A",0.144
1.90427121162914e-24,0.467599084405794,0.625,0.494,4.6664166040972e-20,"Arterial_endothelial","PSMD8",0.131
1.94993428193025e-24,0.625903880567246,0.37,0.236,4.77831395787008e-20,"Arterial_endothelial","SNAPIN",0.134
1.96144423804116e-24,0.619087824366187,0.464,0.329,4.80651910531986e-20,"Arterial_endothelial","NTHL1",0.135
2.00742843750932e-24,0.860046677894217,0.197,0.101,4.91920338611659e-20,"Arterial_endothelial","TACC2",0.096
2.09401900847398e-24,0.964735469712985,0.155,0.072,5.13139358026549e-20,"Arterial_endothelial","NINJ2",0.083
2.17854803767334e-24,0.67421501123665,0.294,0.172,5.33853196631852e-20,"Arterial_endothelial","IPO9",0.122
2.27092963846662e-24,0.587566216339756,0.314,0.185,5.56491307906246e-20,"Arterial_endothelial","CHMP1A",0.129
2.4973552472062e-24,0.593502414041277,0.347,0.217,6.11976903327879e-20,"Arterial_endothelial","BTBD6",0.13
2.60140006665176e-24,0.77133428326587,0.245,0.137,6.37473086333013e-20,"Arterial_endothelial","KAT5",0.108
2.86010746192983e-24,0.819037220043219,0.197,0.101,7.00869333545906e-20,"Arterial_endothelial","MYO9B",0.096
2.86916938830652e-24,0.504291199523877,0.605,0.478,7.03089958604512e-20,"Arterial_endothelial","CYB5A",0.127
3.10782087412155e-24,0.54312516874177,0.449,0.307,7.61571505203486e-20,"Arterial_endothelial","CAT",0.142
3.2617187116882e-24,0.572295453737395,0.268,0.151,7.99284170299194e-20,"Arterial_endothelial","NDRG4",0.117
3.78486023093542e-24,1.39098452869579,0.287,0.184,9.27479999590724e-20,"Arterial_endothelial","CXCL2",0.103
3.79926594409827e-24,0.338230401768609,0.852,0.763,9.31010119601281e-20,"Arterial_endothelial","EIF4G2",0.089
3.91750196735e-24,0.724490101760777,0.252,0.142,9.59983857099119e-20,"Arterial_endothelial","MAML2",0.11
3.99302665147609e-24,0.53741045710556,0.533,0.388,9.78491180944215e-20,"Arterial_endothelial","PSMD7",0.145
5.27062572021388e-24,0.637702482971784,0.241,0.133,1.29156683273841e-19,"Arterial_endothelial","MRPS28",0.108
5.63496307741874e-24,0.584791179718686,0.43,0.286,1.38084770212146e-19,"Arterial_endothelial","CYFIP1",0.144
7.14932023229451e-24,0.860686507787126,0.165,0.079,1.75194092292377e-19,"Arterial_endothelial","ALS2CL",0.086
7.50987135681572e-24,0.574434328283925,0.39,0.252,1.84029397598769e-19,"Arterial_endothelial","MAGEH1",0.138
7.59957949543108e-24,0.710120817889717,0.226,0.122,1.86227695535538e-19,"Arterial_endothelial","PPM1D",0.104
7.64612526586686e-24,0.448317091903463,0.61,0.468,1.87368299640067e-19,"Arterial_endothelial","DDAH2",0.142
7.70685273211372e-24,0.55674357723746,0.497,0.36,1.88856426200447e-19,"Arterial_endothelial","RNF11",0.137
7.78753146756649e-24,0.944123333958646,0.178,0.089,1.90833458612717e-19,"Arterial_endothelial","TMEM189",0.089
8.43313713683851e-24,0.519948319905712,0.605,0.457,2.06654025538228e-19,"Arterial_endothelial","TMEM173",0.148
8.68811640774035e-24,0.627079091392845,0.285,0.167,2.12902292571677e-19,"Arterial_endothelial","HOXB2",0.118
9.39913675146447e-24,0.92773810463916,0.357,0.241,2.30325846094637e-19,"Arterial_endothelial","SGK1",0.116
9.4408635298274e-24,0.456612112154731,0.638,0.49,2.3134836079842e-19,"Arterial_endothelial","ANAPC11",0.148
9.73948441367668e-24,0.866387692058787,0.187,0.095,2.38666065557147e-19,"Arterial_endothelial","ANAPC15",0.092
1.00337581769679e-23,0.467290627125203,0.582,0.431,2.45877244126599e-19,"Arterial_endothelial","PDCD5",0.151
1.58021913834077e-23,0.608493501228451,0.356,0.227,3.87232699850405e-19,"Arterial_endothelial","TM7SF3",0.129
1.60004773187109e-23,0.605997835175715,0.333,0.205,3.92091696695012e-19,"Arterial_endothelial","DBN1",0.128
1.85409615133548e-23,0.512394477074736,0.565,0.423,4.5434626188476e-19,"Arterial_endothelial","ATP6V0B",0.142
1.89901111276792e-23,0.678034234709938,0.28,0.165,4.65352673183778e-19,"Arterial_endothelial","JAM3",0.115
2.30122242516367e-23,0.465696972901859,0.631,0.492,5.63914555286357e-19,"Arterial_endothelial","LAMTOR5",0.139
2.38617218469153e-23,0.427755712496505,0.82,0.747,5.84731493858658e-19,"Arterial_endothelial","MYH9",0.073
2.83561271237661e-23,0.575276031623279,0.241,0.133,6.94866895167887e-19,"Arterial_endothelial","RALGAPB",0.108
2.92939521438995e-23,0.515225231869907,0.536,0.398,7.17848297286258e-19,"Arterial_endothelial","GOLIM4",0.138
3.13670430920323e-23,0.43879044971936,0.647,0.513,7.68649390970251e-19,"Arterial_endothelial","MTPN",0.134
3.18226793463559e-23,0.732730755243944,0.176,0.088,7.79814757382452e-19,"Arterial_endothelial","PXDN",0.088
3.34525163773897e-23,0.795658288871556,0.249,0.143,8.19753913827936e-19,"Arterial_endothelial","HYAL1",0.106
3.52291033022382e-23,0.524411353655779,0.585,0.447,8.63289176421346e-19,"Arterial_endothelial","MXRA7",0.138
3.8837430094611e-23,0.228637282338019,0.918,0.854,9.51711224468442e-19,"Arterial_endothelial","NPDC1",0.0640000000000001
4.13996970354155e-23,0.248828252806711,0.902,0.858,1.01449957585286e-18,"Arterial_endothelial","SKP1",0.044
4.28238067780832e-23,0.489101711405831,0.623,0.498,1.04939738509693e-18,"Arterial_endothelial","DYNC1I2",0.125
4.46749804215773e-23,0.621372419283086,0.354,0.226,1.09476039523075e-18,"Arterial_endothelial","MANF",0.128
4.66726144406565e-23,0.632462724591808,0.325,0.201,1.14371241686829e-18,"Arterial_endothelial","NAPRT",0.124
5.20254802117718e-23,0.885711790169773,0.174,0.087,1.27488439258947e-18,"Arterial_endothelial","ME2",0.087
5.49870190217805e-23,0.577413224628208,0.384,0.249,1.34745690112873e-18,"Arterial_endothelial","DTD1",0.135
5.81983286700348e-23,0.504102057213198,0.432,0.288,1.4261500440592e-18,"Arterial_endothelial","MVP",0.144
5.94342783045066e-23,0.635538642411699,0.219,0.118,1.45643698985194e-18,"Arterial_endothelial","UTP14C",0.101
6.05095574033249e-23,0.290656483797927,0.875,0.822,1.48278670416848e-18,"Arterial_endothelial","CDC42",0.053
6.81601740847622e-23,0.487882314765104,0.568,0.423,1.6702650659471e-18,"Arterial_endothelial","ADAR",0.145
6.82053600343829e-23,0.362232034278921,0.79,0.694,1.67137234764255e-18,"Arterial_endothelial","IQGAP1",0.0960000000000001
7.24830785324613e-23,0.676377865672349,0.321,0.198,1.77619783943796e-18,"Arterial_endothelial","TANC1",0.123
8.32781606985643e-23,0.761500571601372,0.475,0.336,2.04073132791832e-18,"Arterial_endothelial","IGFBP5",0.139
9.4643451181141e-23,0.83180223395529,0.213,0.116,2.31923777119386e-18,"Arterial_endothelial","CERS5",0.097
1.00436674259208e-22,1.0026945616008,0.192,0.101,2.46120070272188e-18,"Arterial_endothelial","RCAN1",0.091
1.03720071074254e-22,0.632654600861044,0.383,0.251,2.54166034167458e-18,"Arterial_endothelial","EXOC6",0.132
1.149511359535e-22,0.788937812842839,0.224,0.124,2.81687758654051e-18,"Arterial_endothelial","LRRK2",0.1
1.14975820391786e-22,0.925456544096602,0.243,0.141,2.81748247870071e-18,"Arterial_endothelial","MRAS",0.102
1.27592659721639e-22,0.522405171078326,0.507,0.365,3.12665812647876e-18,"Arterial_endothelial","RAB10",0.142
1.33502752304124e-22,0.694898534576553,0.288,0.173,3.27148494521255e-18,"Arterial_endothelial","FOXN2",0.115
1.35759548245164e-22,0.555113201652074,0.35,0.221,3.32678772974774e-18,"Arterial_endothelial","TJP2",0.129
1.4253925005363e-22,0.800907774893258,0.157,0.076,3.4929243225642e-18,"Arterial_endothelial","DUSP18",0.081
1.45602788109386e-22,0.539165773233039,0.458,0.317,3.56799632262051e-18,"Arterial_endothelial","ZNF428",0.141
1.45871678227497e-22,0.619525534591771,0.343,0.216,3.57458547496481e-18,"Arterial_endothelial","PDIA4",0.127
1.52472870671519e-22,0.741916132673684,0.222,0.123,3.73634769580558e-18,"Arterial_endothelial","PDE4D",0.099
1.56169598247394e-22,0.832841061206355,0.185,0.096,3.82693600505239e-18,"Arterial_endothelial","WDR44",0.089
1.75051967589984e-22,0.615367409140294,0.367,0.237,4.28964846579255e-18,"Arterial_endothelial","RB1",0.13
1.8096051224716e-22,0.712749927359699,0.156,0.075,4.43443735261666e-18,"Arterial_endothelial","BPGM",0.081
1.83771311499842e-22,0.589067891961901,0.279,0.164,4.50331598830363e-18,"Arterial_endothelial","STX2",0.115
1.84803074049923e-22,0.95829604175153,0.156,0.075,4.52859932959337e-18,"Arterial_endothelial","ABCC4",0.081
1.84961545902063e-22,0.656305969456434,0.232,0.129,4.53248268233006e-18,"Arterial_endothelial","RUSC1",0.103
1.94687391378274e-22,0.709254999557482,0.306,0.189,4.77081452572459e-18,"Arterial_endothelial","KIFAP3",0.117
2.03552993051447e-22,0.652915630364812,0.368,0.24,4.98806609472571e-18,"Arterial_endothelial","IFI44",0.128
2.27291420545194e-22,0.755786041056213,0.19,0.098,5.56977626045998e-18,"Arterial_endothelial","WIPF3",0.092
2.34716859958541e-22,0.462731255468638,0.596,0.459,5.75173665328406e-18,"Arterial_endothelial","PGAM1",0.137
2.54194330682695e-22,0.266230968671088,0.887,0.85,6.22903207337944e-18,"Arterial_endothelial","YWHAB",0.037
2.61007544024767e-22,0.374434824541569,0.833,0.778,6.39598986632692e-18,"Arterial_endothelial","GPX4",0.0549999999999999
2.68089600770842e-22,0.43227086254273,0.658,0.539,6.56953566688947e-18,"Arterial_endothelial","DYNC1LI2",0.119
2.71673205508899e-22,0.453392059392516,0.611,0.474,6.65735190099557e-18,"Arterial_endothelial","VKORC1",0.137
2.78818854341389e-22,0.416749295804871,0.606,0.464,6.83245602563574e-18,"Arterial_endothelial","DCTN3",0.142
2.79191175468142e-22,0.581890886308935,0.355,0.227,6.84157975484681e-18,"Arterial_endothelial","STK24",0.128
2.81041721307862e-22,0.538772439815992,0.261,0.149,6.88692738064916e-18,"Arterial_endothelial","GLT8D1",0.112
3.08766196083124e-22,0.435189621842655,0.607,0.469,7.56631563501696e-18,"Arterial_endothelial","NDFIP1",0.138
3.61843097162494e-22,0.536930994789688,0.641,0.53,8.86696509596691e-18,"Arterial_endothelial","GSTO1",0.111
4.07144998456664e-22,0.557268018858636,0.342,0.215,9.97708818718056e-18,"Arterial_endothelial","POR",0.127
4.13251692975887e-22,0.491070728878438,0.449,0.307,1.01267327363741e-17,"Arterial_endothelial","DNAJC10",0.142
4.16029607005997e-22,0.486502800990784,0.493,0.348,1.0194805519682e-17,"Arterial_endothelial","RSU1",0.145
4.96613766404327e-22,0.581020008200878,0.323,0.201,1.2169520345738e-17,"Arterial_endothelial","KCMF1",0.122
5.14188392931908e-22,0.438116580882963,0.558,0.411,1.26001865687964e-17,"Arterial_endothelial","PSMC3",0.147
5.43535459950513e-22,0.564764301983352,0.414,0.28,1.33193364460873e-17,"Arterial_endothelial","MPC1",0.134
5.51752091109486e-22,0.642263974497977,0.202,0.107,1.35206849926379e-17,"Arterial_endothelial","RCC2",0.095
5.99867135093414e-22,0.263906712069816,0.975,0.958,1.46997441454641e-17,"Arterial_endothelial","KLF2",0.017
7.19737108455576e-22,0.646619235798437,0.237,0.133,1.76371578427039e-17,"Arterial_endothelial","DHRS7B",0.104
7.40267827036594e-22,0.414112551524694,0.673,0.552,1.81402631015317e-17,"Arterial_endothelial","SP100",0.121
7.46794975812205e-22,0.623858622879787,0.359,0.236,1.83002108822781e-17,"Arterial_endothelial","RNPEPL1",0.123
7.80718523620529e-22,0.577324629820471,0.352,0.226,1.91315074213211e-17,"Arterial_endothelial","EHBP1L1",0.126
7.83875870726947e-22,0.495911933813572,0.322,0.199,1.92088782121638e-17,"Arterial_endothelial","SMAP1",0.123
8.31381052804943e-22,0.327226109834434,0.953,0.933,2.03729926989851e-17,"Arterial_endothelial","TM4SF1",0.0199999999999999
8.56788080928764e-22,0.612505289904382,0.344,0.221,2.09955919231594e-17,"Arterial_endothelial","IWS1",0.123
9.40193175047419e-22,0.858768767441971,0.167,0.084,2.3039433754537e-17,"Arterial_endothelial","ZMAT3",0.083
1.04410226033813e-21,0.73580520440779,0.184,0.096,2.55857258895859e-17,"Arterial_endothelial","NIPSNAP3A",0.088
1.08135912633248e-21,0.668254921228665,0.233,0.131,2.64987053907775e-17,"Arterial_endothelial","EMC8",0.102
1.56480982006369e-21,0.415635382185976,0.563,0.41,3.83456646406607e-17,"Arterial_endothelial","SEPT9",0.153
1.67475026022554e-21,0.567224313120605,0.285,0.171,4.10397551268269e-17,"Arterial_endothelial","POP7",0.114
2.20677640500707e-21,0.434902528030874,0.643,0.507,5.40770558046983e-17,"Arterial_endothelial","RHEB",0.136
2.37663762683836e-21,0.479285586115053,0.546,0.404,5.8239505045674e-17,"Arterial_endothelial","PPP1CA",0.142
2.44960695128636e-21,0.540233222868663,0.355,0.23,6.00276183412724e-17,"Arterial_endothelial","HSPH1",0.125
2.62699189263008e-21,0.564754698201183,0.29,0.175,6.43744363289001e-17,"Arterial_endothelial","ZMPSTE24",0.115
2.74867831133623e-21,0.49291898916305,0.487,0.344,6.73563620192943e-17,"Arterial_endothelial","TTC1",0.143
2.8493346068973e-21,0.529652028549223,0.345,0.22,6.98229445420184e-17,"Arterial_endothelial","NCOR2",0.125
2.89334620655234e-21,0.536079821295107,0.397,0.264,7.09014487915652e-17,"Arterial_endothelial","IST1",0.133
2.9265852923226e-21,0.841423480409282,0.19,0.102,7.17159725883653e-17,"Arterial_endothelial","CEP126",0.088
3.22152219519458e-21,0.565727849671696,0.293,0.177,7.89434013932433e-17,"Arterial_endothelial","HRAS",0.116
3.46498262568649e-21,0.723099463305811,0.266,0.16,8.49093992424475e-17,"Arterial_endothelial","CSPP1",0.106
5.22106525725774e-21,0.605141722943523,0.297,0.182,1.27942204129101e-16,"Arterial_endothelial","PCNX",0.115
5.4283988273675e-21,0.754603548981771,0.202,0.111,1.33022913264641e-16,"Arterial_endothelial","MAGI3",0.091
6.40454554087682e-21,0.702475150138591,0.217,0.12,1.56943388479186e-16,"Arterial_endothelial","CD99L2",0.097
6.47990769717679e-21,0.4544579960171,0.58,0.434,1.58790138119317e-16,"Arterial_endothelial","TMEM147",0.146
6.50096302635824e-21,0.476491665206718,0.418,0.281,1.59306098960909e-16,"Arterial_endothelial","CAPZA1",0.137
7.14725589273374e-21,0.51310114795268,0.323,0.201,1.7514350565144e-16,"Arterial_endothelial","COMMD3",0.122
7.15981483286037e-21,0.631413160961489,0.338,0.217,1.75451262479243e-16,"Arterial_endothelial","WWC3",0.121
7.40097288712838e-21,0.568865189583341,0.212,0.116,1.81360840599081e-16,"Arterial_endothelial","SNRNP35",0.096
8.24264146634914e-21,0.747919776124316,0.273,0.166,2.01985929132886e-16,"Arterial_endothelial","MSL3",0.107
8.54945463278292e-21,0.413860649663377,0.465,0.327,2.09504385776346e-16,"Arterial_endothelial","STAT1",0.138
8.73326618245548e-21,0.546595910583941,0.448,0.316,2.14008687801072e-16,"Arterial_endothelial","ARID5A",0.132
8.84234497898925e-21,0.766167218966638,0.219,0.124,2.16681663710132e-16,"Arterial_endothelial","CARS",0.095
8.92766881300561e-21,0.927189279444187,0.151,0.074,2.18772524262703e-16,"Arterial_endothelial","LRRC49",0.077
9.05986001517159e-21,0.395275268521024,0.429,0.296,2.2201186967178e-16,"Arterial_endothelial","LCN6",0.133
9.38723166652217e-21,0.786272556378845,0.184,0.098,2.30034111988126e-16,"Arterial_endothelial","B4GALT7",0.086
9.40507024655088e-21,0.368766490830214,0.757,0.652,2.30471246391729e-16,"Arterial_endothelial","NDUFC1",0.105
9.88780494659193e-21,0.803885563444036,0.166,0.084,2.42300660216235e-16,"Arterial_endothelial","CHN1",0.082
1.02349047838118e-20,0.394198616220169,0.708,0.591,2.50806341727309e-16,"Arterial_endothelial","EIF5B",0.117
1.07879950622952e-20,0.889986172233854,0.15,0.074,2.64359819001543e-16,"Arterial_endothelial","PLEKHO1",0.076
1.19713648562329e-20,0.491235756558617,0.343,0.219,2.93358295801987e-16,"Arterial_endothelial","ERGIC1",0.124
1.42485383542144e-20,0.300142578928957,0.57,0.42,3.49160432370025e-16,"Arterial_endothelial","CDC42EP3",0.15
1.48342277300483e-20,0.445235679120239,0.495,0.352,3.63512750524835e-16,"Arterial_endothelial","NDUFA6",0.143
1.49885486388262e-20,0.355651616791079,0.747,0.641,3.67294384394436e-16,"Arterial_endothelial","DPYSL2",0.106
1.57992162170331e-20,1.03024431632364,0.281,0.177,3.87159793398395e-16,"Arterial_endothelial","IFIT2",0.104
1.58640173886075e-20,0.572157490381562,0.406,0.28,3.88747746107828e-16,"Arterial_endothelial","RAPGEF1",0.126
1.63629609596951e-20,0.367853056139284,0.701,0.574,4.00974358317327e-16,"Arterial_endothelial","SRP9",0.127
1.69593066327752e-20,0.522373812526206,0.373,0.247,4.15587809036157e-16,"Arterial_endothelial","TUSC2",0.126
1.72406400961949e-20,0.561414197090073,0.391,0.262,4.22481885557257e-16,"Arterial_endothelial","SMG1",0.129
1.88871346714431e-20,0.470174098572816,0.537,0.399,4.62829235123713e-16,"Arterial_endothelial","ATP5J2",0.138
2.01780481093493e-20,0.557970149626092,0.264,0.157,4.94463068919604e-16,"Arterial_endothelial","KLHL9",0.107
2.03188324531615e-20,0.546962714622733,0.34,0.217,4.97912989264721e-16,"Arterial_endothelial","HAT1",0.123
2.05931364418303e-20,0.746004255332511,0.206,0.114,5.04634808507051e-16,"Arterial_endothelial","KCTD15",0.092
2.22575748311783e-20,0.43782675206571,0.511,0.368,5.45421871238024e-16,"Arterial_endothelial","MED4",0.143
2.41058531169589e-20,0.554268337152687,0.415,0.289,5.90713930631078e-16,"Arterial_endothelial","CCSER2",0.126
2.60485832553032e-20,0.781911600598801,0.192,0.104,6.38320532671206e-16,"Arterial_endothelial","ZSCAN16-AS1",0.088
2.64595489169581e-20,0.607378666900225,0.404,0.28,6.48391246210059e-16,"Arterial_endothelial","TCF7L1",0.124
2.79014224295144e-20,0.660585514672689,0.469,0.34,6.83724356635251e-16,"Arterial_endothelial","PDLIM3",0.129
2.91047701180326e-20,0.511828185511794,0.402,0.272,7.13212391742389e-16,"Arterial_endothelial","DBNL",0.13
2.93307595029615e-20,0.625864408028959,0.268,0.163,7.18750261620071e-16,"Arterial_endothelial","CDK6",0.105
3.14537489401023e-20,0.561361250104331,0.321,0.204,7.70774117777207e-16,"Arterial_endothelial","DUSP22",0.117
3.44796259755465e-20,0.555734006797446,0.273,0.165,8.44923234530767e-16,"Arterial_endothelial","BTBD1",0.108
3.69786991393429e-20,0.471896043175433,0.577,0.443,9.06163022409598e-16,"Arterial_endothelial","VIMP",0.134
3.72441983867778e-20,0.487445924662383,0.556,0.418,9.12669081467989e-16,"Arterial_endothelial","MRPL51",0.138
4.06158221677362e-20,0.640567575831021,0.241,0.141,9.95290722220376e-16,"Arterial_endothelial","C1GALT1C1",0.1
4.42724534576887e-20,0.517663009139389,0.44,0.308,1.08489647198066e-15,"Arterial_endothelial","ZFAND6",0.132
4.63418897863576e-20,0.482405167912998,0.594,0.465,1.13560800921469e-15,"Arterial_endothelial","PRMT1",0.129
4.90503822319349e-20,0.530151268931671,0.324,0.206,1.20197961659357e-15,"Arterial_endothelial","FUBP1",0.118
5.30114187057312e-20,0.942715247203368,0.176,0.095,1.29904481538394e-15,"Arterial_endothelial","TMED3",0.081
6.26097761052875e-20,0.555067827651959,0.388,0.262,1.53425256346007e-15,"Arterial_endothelial","MAPRE1",0.126
6.39211266861143e-20,0.695327896126325,0.243,0.145,1.56638720944323e-15,"Arterial_endothelial","MLLT3",0.098
6.90057714507634e-20,0.666282875699991,0.19,0.102,1.69098642940096e-15,"Arterial_endothelial","PLD1",0.088
7.01391062584223e-20,0.414068101858477,0.64,0.508,1.71875879886264e-15,"Arterial_endothelial","NDUFA12",0.132
7.10137490211496e-20,0.251438188963804,0.873,0.825,1.74019191976327e-15,"Arterial_endothelial","PSMA7",0.048
7.5561302824252e-20,0.709711078599051,0.18,0.096,1.85162972570829e-15,"Arterial_endothelial","WDR34",0.084
7.83324070603007e-20,0.503190459359276,0.422,0.29,1.91953563501267e-15,"Arterial_endothelial","C6orf89",0.132
8.02083628062255e-20,0.496876443485933,0.229,0.13,1.96550593056656e-15,"Arterial_endothelial","ARL13B",0.099
8.24284388257597e-20,0.360680030857601,0.733,0.642,2.01990889342524e-15,"Arterial_endothelial","PDIA3",0.091
8.26606751466278e-20,0.47236582911927,0.522,0.387,2.02559984446811e-15,"Arterial_endothelial","SLFN5",0.135
8.59813508042217e-20,0.616440651732017,0.272,0.165,2.10697300145745e-15,"Arterial_endothelial","PKD1",0.107
8.62453714594027e-20,0.696170950485149,0.21,0.119,2.11344282761266e-15,"Arterial_endothelial","CCDC112",0.091
9.46749437154047e-20,0.796755220506743,0.281,0.177,2.32000949574599e-15,"Arterial_endothelial","CXXC5",0.104
9.86818404288323e-20,0.653133508982554,0.314,0.203,2.41819849970854e-15,"Arterial_endothelial","NIN",0.111
1.12389032277429e-19,0.545115235317452,0.347,0.228,2.75409323595839e-15,"Arterial_endothelial","DR1",0.119
1.22434856349027e-19,0.447818814687201,0.491,0.35,3.00026615483291e-15,"Arterial_endothelial","CCDC124",0.141
1.35097370912939e-19,0.486101013784752,0.398,0.267,3.31056107422157e-15,"Arterial_endothelial","ABI1",0.131
1.40769434310815e-19,0.703922768775066,0.231,0.135,3.44955498778652e-15,"Arterial_endothelial","AGPAT5",0.096
1.64550191818111e-19,0.386431681750661,0.618,0.493,4.03230245050282e-15,"Arterial_endothelial","TMED10",0.125
1.67258803319505e-19,0.497524092591281,0.325,0.209,4.09867697534447e-15,"Arterial_endothelial","RICTOR",0.116
1.68353343178259e-19,0.491186894885851,0.418,0.289,4.12549867458323e-15,"Arterial_endothelial","COX20",0.129
1.8684957108313e-19,0.454851183192699,0.488,0.351,4.5787487393921e-15,"Arterial_endothelial","TRIM47",0.137
1.89211904293372e-19,0.383023579930793,0.659,0.539,4.63663771470909e-15,"Arterial_endothelial","BNIP2",0.12
2.18920320236186e-19,0.80642285271235,0.202,0.114,5.36464244738774e-15,"Arterial_endothelial","DCUN1D3",0.088
2.1957210609794e-19,0.837744706614932,0.169,0.089,5.38061445993002e-15,"Arterial_endothelial","CRY1",0.08
2.53544387306033e-19,0.741549439651805,0.169,0.089,6.21310521093435e-15,"Arterial_endothelial","GTF2E2",0.08
2.7848791331614e-19,0.357027344621262,0.767,0.685,6.82434631581202e-15,"Arterial_endothelial","CALR",0.082
2.85717112190687e-19,0.441570269728475,0.502,0.365,7.00149783423278e-15,"Arterial_endothelial","CTBP2",0.137
2.85761849992273e-19,0.701990836368883,0.184,0.1,7.00259413406066e-15,"Arterial_endothelial","TEAD4",0.084
3.14653180042249e-19,0.416858044280695,0.577,0.443,7.71057617693531e-15,"Arterial_endothelial","NFAT5",0.134
3.38878999418094e-19,0.316892262130765,0.844,0.779,8.3042298807404e-15,"Arterial_endothelial","MGST2",0.0649999999999999
3.46149973034634e-19,0.679121743872769,0.217,0.125,8.48240508921371e-15,"Arterial_endothelial","NKIRAS2",0.092
3.98966354891279e-19,0.4532500261498,0.427,0.295,9.7766705266108e-15,"Arterial_endothelial","DECR1",0.132
4.07547070459836e-19,0.782452587707882,0.185,0.102,9.98694096161827e-15,"Arterial_endothelial","PTRH1",0.083
4.10715222772036e-19,0.547040858558209,0.477,0.353,1.00645765340287e-14,"Arterial_endothelial","C10orf54",0.124
4.12318115846418e-19,0.904590521720324,0.187,0.104,1.01038554288165e-14,"Arterial_endothelial","TANC2",0.083
4.25501902984749e-19,0.368616563023875,0.732,0.632,1.04269241326413e-14,"Arterial_endothelial","SERPINB6",0.1
4.82482862530728e-19,0.678966301739238,0.179,0.097,1.18232425463155e-14,"Arterial_endothelial","RAD51C",0.082
5.36584709839978e-19,0.432629644730919,0.411,0.28,1.31490083146287e-14,"Arterial_endothelial","SESTD1",0.131
5.50448901650073e-19,0.431985235766511,0.608,0.477,1.3488750334935e-14,"Arterial_endothelial","FAM96B",0.131
6.76353256525076e-19,0.502996229677643,0.548,0.418,1.6574036551147e-14,"Arterial_endothelial","PHPT1",0.13
7.81628551021761e-19,0.487772310948432,0.339,0.222,1.91538076427883e-14,"Arterial_endothelial","ZNF704",0.117
8.70694985525367e-19,0.409612258132468,0.626,0.506,2.13363806202991e-14,"Arterial_endothelial","PTP4A2",0.12
9.16156238918753e-19,0.70114502540584,0.277,0.177,2.2450408634704e-14,"Arterial_endothelial","FAM126A",0.1
9.46968888300632e-19,0.610398828668747,0.364,0.25,2.3205472607807e-14,"Arterial_endothelial","ITPR1",0.114
1.00900367215102e-18,0.670993757803111,0.18,0.098,2.47256349860607e-14,"Arterial_endothelial","DIEXF",0.082
1.08242527992842e-18,0.311443782554777,0.795,0.725,2.65248314846459e-14,"Arterial_endothelial","SAP18",0.0700000000000001
1.16393046513975e-18,0.466091171118661,0.535,0.407,2.85221160482495e-14,"Arterial_endothelial","DNAJC15",0.128
1.18482482619479e-18,0.354252685733774,0.757,0.669,2.90341323659034e-14,"Arterial_endothelial","POMP",0.088
1.26686442543488e-18,0.805561912264039,0.189,0.106,3.10445127452818e-14,"Arterial_endothelial","TAPBPL",0.083
1.3316336165007e-18,0.471518635690106,0.461,0.335,3.26316817723496e-14,"Arterial_endothelial","PTEN",0.126
1.3422079133858e-18,0.585251957033624,0.358,0.241,3.28908049175191e-14,"Arterial_endothelial","CSNK1G3",0.117
1.34740495463778e-18,0.602640976218045,0.343,0.229,3.30181584133988e-14,"Arterial_endothelial","GOLPH3",0.114
1.38236650520799e-18,0.519363484528042,0.317,0.203,3.38748912101218e-14,"Arterial_endothelial","PACS2",0.114
1.46842737008548e-18,0.456664929409782,0.415,0.291,3.59838127039447e-14,"Arterial_endothelial","ADI1",0.124
1.51070922760763e-18,0.379239357233272,0.575,0.451,3.70199296225249e-14,"Arterial_endothelial","ATP2B4",0.124
1.56660016533448e-18,0.456087627303177,0.314,0.2,3.83895370515215e-14,"Arterial_endothelial","MRPS23",0.114
1.59967697062244e-18,0.703519009377217,0.207,0.12,3.92000841651028e-14,"Arterial_endothelial","OAS3",0.087
1.63627984951913e-18,0.425121254412742,0.599,0.482,4.00970377124664e-14,"Arterial_endothelial","ANXA7",0.117
1.74725739343891e-18,0.590914260088542,0.24,0.144,4.28165424262206e-14,"Arterial_endothelial","HELZ2",0.096
1.75429248920552e-18,0.444976563619464,0.469,0.336,4.29889374479813e-14,"Arterial_endothelial","NOSIP",0.133
1.92769529326779e-18,0.47419002162078,0.502,0.373,4.72381731615271e-14,"Arterial_endothelial","UBE2H",0.129
1.95228192172625e-18,0.627338860499594,0.222,0.13,4.78406684919017e-14,"Arterial_endothelial","UQCC2",0.092
1.96788944277742e-18,0.767428407400494,0.159,0.084,4.82231307952607e-14,"Arterial_endothelial","FAM213B",0.075
2.26866483971155e-18,0.470094561425235,0.316,0.202,5.55936318971315e-14,"Arterial_endothelial","SEC23A",0.114
2.32357473707926e-18,0.507126873037611,0.408,0.284,5.69391989321272e-14,"Arterial_endothelial","GTF3C6",0.124
2.36599616861153e-18,0.460324595168706,0.559,0.425,5.79787361118255e-14,"Arterial_endothelial","DPP7",0.134
2.72319426574059e-18,0.478267774511432,0.352,0.234,6.67318754819732e-14,"Arterial_endothelial","TMED7",0.118
2.72980519395049e-18,0.279979839840049,0.814,0.747,6.68938762777569e-14,"Arterial_endothelial","UQCR11",0.0669999999999999
2.89350182464497e-18,0.778649718519016,0.18,0.1,7.0905262212925e-14,"Arterial_endothelial","SPPL2B",0.08
3.10023777986235e-18,0.462460253026247,0.44,0.312,7.59713267955268e-14,"Arterial_endothelial","SSNA1",0.128
3.14513969942317e-18,0.858074067090671,0.152,0.08,7.70716483343649e-14,"Arterial_endothelial","OAS1",0.072
3.23207953878914e-18,0.502808805995882,0.311,0.201,7.9202109098028e-14,"Arterial_endothelial","CIC",0.11
3.74767102087618e-18,0.479747072366988,0.456,0.333,9.18366783665708e-14,"Arterial_endothelial","EIF4G1",0.123
3.85435889215774e-18,0.572404459072208,0.289,0.184,9.44510646523254e-14,"Arterial_endothelial","PTAR1",0.105
3.87026060404719e-18,0.538363772442058,0.233,0.138,9.48407361021764e-14,"Arterial_endothelial","DDA1",0.095
3.96842308767427e-18,0.470814387742388,0.435,0.313,9.72462077634581e-14,"Arterial_endothelial","EVA1C",0.122
4.18936921481262e-18,0.608715602348759,0.242,0.146,1.02660492608983e-13,"Arterial_endothelial","DAPK3",0.096
4.36597565356807e-18,0.337528674324943,0.713,0.602,1.06988233390685e-13,"Arterial_endothelial","CAPZB",0.111
4.74117268251654e-18,0.297508162441434,0.77,0.686,1.16182436585068e-13,"Arterial_endothelial","DYNLRB1",0.084
4.75118633760113e-18,0.693116056055233,0.18,0.099,1.16427821202916e-13,"Arterial_endothelial","PXMP2",0.081
4.83439675293323e-18,0.33967326320136,0.725,0.621,1.18466892430629e-13,"Arterial_endothelial","RP11-382A20.3",0.104
4.88259941892823e-18,0.754335417483165,0.15,0.078,1.19648098760836e-13,"Arterial_endothelial","WDR77",0.072
4.89771992723326e-18,0.430386477444352,0.454,0.327,1.20018626816851e-13,"Arterial_endothelial","TMEM248",0.127
5.80216655105815e-18,0.517545869931466,0.304,0.196,1.4218209133368e-13,"Arterial_endothelial","SMIM12",0.108
5.91672601591862e-18,0.258035114936813,0.906,0.855,1.44989371020086e-13,"Arterial_endothelial","TACC1",0.051
6.26750945295957e-18,0.431348614010876,0.486,0.355,1.53585319144774e-13,"Arterial_endothelial","PITPNB",0.131
6.57210242649743e-18,0.544576749139223,0.262,0.161,1.61049369961319e-13,"Arterial_endothelial","SAMD1",0.101
7.01009174664521e-18,0.652137076647452,0.177,0.098,1.71782298251541e-13,"Arterial_endothelial","CUBN",0.079
7.4604962757578e-18,0.494455104168477,0.369,0.253,1.82819461237445e-13,"Arterial_endothelial","ABHD2",0.116
8.05526110476665e-18,0.465902715199028,0.384,0.263,1.97394173372307e-13,"Arterial_endothelial","PARVB",0.121
8.31566147880085e-18,0.40289284740934,0.551,0.419,2.03775284538015e-13,"Arterial_endothelial","NR3C1",0.132
8.37088965509229e-18,0.782657733429553,0.168,0.091,2.05128650998037e-13,"Arterial_endothelial","AIM1",0.077
8.51378414104725e-18,0.536286367306052,0.309,0.201,2.08630280376363e-13,"Arterial_endothelial","KNOP1",0.108
8.55934839527327e-18,0.474614062980499,0.231,0.137,2.09746832426171e-13,"Arterial_endothelial","HDDC2",0.094
1.02930583902317e-17,0.828767733491031,0.152,0.08,2.52231395852629e-13,"Arterial_endothelial","FAM155A",0.072
1.04778184611052e-17,0.47751596190973,0.483,0.354,2.56758941389382e-13,"Arterial_endothelial","PCGF2",0.129
1.05025994354056e-17,0.517167960009644,0.322,0.21,2.57366199164614e-13,"Arterial_endothelial","HIGD1A",0.112
1.07489622218141e-17,0.660873169560882,0.234,0.142,2.63403319245555e-13,"Arterial_endothelial","PTGR1",0.092
1.08867908794836e-17,0.869304222435788,0.151,0.079,2.66780810501747e-13,"Arterial_endothelial","CDC14B",0.072
1.10619966284512e-17,0.47756856511935,0.456,0.328,2.71074227380198e-13,"Arterial_endothelial","ACTR10",0.128
1.17045627649186e-17,0.642391361993984,0.203,0.117,2.86820310554331e-13,"Arterial_endothelial","RAB4B",0.086
1.19160351809385e-17,0.454262927130973,0.339,0.225,2.92002442108897e-13,"Arterial_endothelial","SLC25A39",0.114
1.20248594821273e-17,0.710612855720786,0.161,0.087,2.9466918160953e-13,"Arterial_endothelial","SAMD4A",0.074
1.32945979288042e-17,0.702250109111786,0.241,0.148,3.25784122245346e-13,"Arterial_endothelial","FAM103A1",0.093
1.52378688494978e-17,0.727282796935234,0.163,0.087,3.73403976156942e-13,"Arterial_endothelial","ATPAF1",0.076
1.59044582157139e-17,0.431287630144937,0.421,0.292,3.89738748576069e-13,"Arterial_endothelial","CYB5B",0.129
2.00422549690679e-17,0.54179227794019,0.372,0.256,4.91135458017008e-13,"Arterial_endothelial","ASNA1",0.116
2.11655731894259e-17,0.341173615121924,0.675,0.57,5.18662371006881e-13,"Arterial_endothelial","PTPN12",0.105
2.13192293291008e-17,0.595290381000996,0.264,0.165,5.22427714709616e-13,"Arterial_endothelial","P4HTM",0.099
2.17445328669892e-17,0.481531071573086,0.301,0.193,5.3284977790557e-13,"Arterial_endothelial","SH2B3",0.108
2.26839993221356e-17,0.390927697725289,0.637,0.521,5.55871403388934e-13,"Arterial_endothelial","ROCK2",0.116
2.39376918789892e-17,0.56928042638627,0.201,0.116,5.86593139494631e-13,"Arterial_endothelial","RABL3",0.085
2.63907605970838e-17,0.570899101051807,0.242,0.148,6.46705588431538e-13,"Arterial_endothelial","TP53",0.094
2.80463856521429e-17,0.387177564029513,0.53,0.399,6.87276680405762e-13,"Arterial_endothelial","KRAS",0.131
2.82279079418337e-17,0.627349276955583,0.255,0.16,6.91724884114635e-13,"Arterial_endothelial","PDCL3",0.095
2.97333643312968e-17,0.260328481549539,0.826,0.732,7.28616092938429e-13,"Arterial_endothelial","CDC37",0.094
3.05791951077764e-17,0.479611509203824,0.424,0.303,7.49343176116062e-13,"Arterial_endothelial","CDC27",0.121
3.1972086439955e-17,0.643725022626978,0.263,0.165,7.83475978211098e-13,"Arterial_endothelial","TMEM14A",0.098
3.25163257306967e-17,0.347816726114705,0.829,0.787,7.96812562030723e-13,"Arterial_endothelial","HSP90B1",0.0419999999999999
3.39157746817841e-17,0.510329370633081,0.29,0.186,8.31106058577118e-13,"Arterial_endothelial","MRPL13",0.104
3.40938583664721e-17,0.507103694881083,0.216,0.126,8.35469999270398e-13,"Arterial_endothelial","MORN2",0.09
3.45825629618513e-17,0.517613849574868,0.327,0.216,8.47445705380167e-13,"Arterial_endothelial","RASSF3",0.111
3.68806952063535e-17,0.678012153790647,0.166,0.09,9.03761436031693e-13,"Arterial_endothelial","PPP1R21",0.076
3.74807746846611e-17,0.400499961618154,0.469,0.336,9.18466383647621e-13,"Arterial_endothelial","PPP4C",0.133
3.85161857630235e-17,0.426315517741455,0.444,0.319,9.43839132122891e-13,"Arterial_endothelial","IGF1R",0.125
4.00989714897539e-17,0.592991885786254,0.205,0.119,9.82625296356419e-13,"Arterial_endothelial","FUCA2",0.086
4.08476462359797e-17,0.51962993357361,0.315,0.206,1.00097157101268e-12,"Arterial_endothelial","CLPTM1L",0.109
4.10316542302491e-17,0.627652409229966,0.221,0.131,1.00548068691225e-12,"Arterial_endothelial","POLE3",0.09
4.12516358869296e-17,0.561570819354062,0.299,0.193,1.01087133740921e-12,"Arterial_endothelial","PAPSS1",0.106
4.39541015926577e-17,0.512509470495388,0.357,0.242,1.07709525952808e-12,"Arterial_endothelial","FAM129A",0.115
4.53162538672288e-17,0.477201755552892,0.281,0.178,1.11047480101644e-12,"Arterial_endothelial","BROX",0.103
4.65831045562153e-17,0.531700203451629,0.335,0.226,1.14151897715005e-12,"Arterial_endothelial","CPEB4",0.109
4.67414572204542e-17,0.776844376507806,0.176,0.099,1.14539940918723e-12,"Arterial_endothelial","CLASP2",0.077
4.83851463847802e-17,0.61057543374491,0.226,0.137,1.18567801215904e-12,"Arterial_endothelial","COMMD5",0.089
5.14347782719255e-17,0.383234863226405,0.646,0.525,1.26040924155353e-12,"Arterial_endothelial","SNX6",0.121
5.2503070108298e-17,0.758313356758771,0.161,0.087,1.28658773300384e-12,"Arterial_endothelial","RANGAP1",0.074
5.36427319895918e-17,0.578201909288565,0.218,0.129,1.31451514740495e-12,"Arterial_endothelial","STK17A",0.089
5.37147228367239e-17,0.48970430144082,0.301,0.195,1.31627928311392e-12,"Arterial_endothelial","SSBP2",0.106
5.46785140819371e-17,0.654467081039946,0.236,0.146,1.33989698757787e-12,"Arterial_endothelial","RABGAP1L",0.09
5.46997148916245e-17,0.583202155892635,0.236,0.144,1.34041651341926e-12,"Arterial_endothelial","ATXN1",0.092
5.53173428749922e-17,0.263057488029198,0.837,0.773,1.35555148715168e-12,"Arterial_endothelial","ARF1",0.0639999999999999
5.66227848098093e-17,0.413742189301927,0.469,0.337,1.38754134176438e-12,"Arterial_endothelial","ATP6V1E1",0.132
5.70035353660385e-17,0.330498217489271,0.706,0.583,1.39687163414477e-12,"Arterial_endothelial","RNH1",0.123
5.94062352593559e-17,0.757566360973126,0.161,0.088,1.45574979503052e-12,"Arterial_endothelial","ARMCX2",0.073
5.97683255878545e-17,0.476983674218898,0.296,0.191,1.46462281853037e-12,"Arterial_endothelial","NAGK",0.105
6.04122107431837e-17,0.416081533053821,0.439,0.316,1.48040122426172e-12,"Arterial_endothelial","UBE2Q2",0.123
6.06420607064272e-17,0.385220461457596,0.628,0.495,1.486033697611e-12,"Arterial_endothelial","SNRPD3",0.133
6.0773179850437e-17,0.397977257685641,0.531,0.403,1.48924677223496e-12,"Arterial_endothelial","POLR2J",0.128
6.29668187347232e-17,0.51204048384134,0.212,0.125,1.54300189309439e-12,"Arterial_endothelial","MTMR9",0.087
6.79344141918238e-17,0.673366732217493,0.196,0.113,1.66473281977064e-12,"Arterial_endothelial","GALNT10",0.083
7.11618276519721e-17,0.501071559154869,0.46,0.341,1.74382058661158e-12,"Arterial_endothelial","SAV1",0.119
7.98801090628034e-17,0.554928407183656,0.169,0.093,1.957462072584e-12,"Arterial_endothelial","ATP6V1B2",0.076
8.55150598097226e-17,0.54021892899756,0.27,0.172,2.09554654063725e-12,"Arterial_endothelial","SAE1",0.098
8.57009170314198e-17,0.700898367336206,0.212,0.127,2.10010097185494e-12,"Arterial_endothelial","WWP2",0.085
8.88203732617941e-17,0.486201408313756,0.336,0.227,2.17654324678026e-12,"Arterial_endothelial","NDUFA9",0.109
9.1557655926939e-17,0.520100942018599,0.26,0.163,2.24362035848964e-12,"Arterial_endothelial","BCL9L",0.097
9.32933921517637e-17,0.444469251334341,0.445,0.325,2.28615457467897e-12,"Arterial_endothelial","EMC7",0.12
9.4811042136153e-17,0.521696593549391,0.34,0.233,2.32334458754643e-12,"Arterial_endothelial","TRIM22",0.107
9.52745574730273e-17,0.770639706935991,0.154,0.083,2.33470303087653e-12,"Arterial_endothelial","DCK",0.071
9.7612879407769e-17,0.646343245396753,0.152,0.081,2.39200360988738e-12,"Arterial_endothelial","GPKOW",0.071
9.9961258092252e-17,0.562732388004025,0.275,0.176,2.44955062955064e-12,"Arterial_endothelial","PBX2",0.099
1.02746481199559e-16,0.442618797576058,0.424,0.302,2.5178025217952e-12,"Arterial_endothelial","RIOK3",0.122
1.04458080438346e-16,0.711681197714496,0.458,0.348,2.55974526114166e-12,"Arterial_endothelial","UBALD2",0.11
1.07429128925259e-16,1.42789890297992,0.221,0.136,2.63255080431347e-12,"Arterial_endothelial","PTGDS",0.085
1.20808563149105e-16,0.425441226740025,0.403,0.281,2.96041383996883e-12,"Arterial_endothelial","PSMC4",0.122
1.28930187883199e-16,0.668616803189128,0.199,0.117,3.1594342540778e-12,"Arterial_endothelial","FAM120B",0.082
1.33518851064217e-16,0.468416575980946,0.255,0.158,3.27187944532864e-12,"Arterial_endothelial","PREPL",0.097
1.36664036935261e-16,0.512247907448954,0.267,0.168,3.34895222509857e-12,"Arterial_endothelial","MRPS18A",0.099
1.38867672043474e-16,0.465212238648645,0.524,0.414,3.40295230342534e-12,"Arterial_endothelial","EEA1",0.11
1.492502997666e-16,0.423283344117791,0.401,0.281,3.65737859578052e-12,"Arterial_endothelial","COA3",0.12
1.53304733516996e-16,0.61287975670669,0.241,0.15,3.75673249483399e-12,"Arterial_endothelial","COMMD9",0.091
1.53557414452955e-16,0.59720705295439,0.257,0.163,3.76292444116965e-12,"Arterial_endothelial","UHRF2",0.094
1.62932324128308e-16,0.664214074836734,0.209,0.125,3.99265660276419e-12,"Arterial_endothelial","PARP12",0.084
1.6600683348684e-16,0.406269858588841,0.461,0.337,4.06799745459501e-12,"Arterial_endothelial","ANXA4",0.124
1.66795019131151e-16,0.682822768959746,0.174,0.098,4.08731194380886e-12,"Arterial_endothelial","BTN2A1",0.076
1.71442332986457e-16,0.519040404490368,0.324,0.217,4.20119436983312e-12,"Arterial_endothelial","NTPCR",0.107
1.71695922342866e-16,0.519974715718386,0.335,0.23,4.20740857701193e-12,"Arterial_endothelial","CORO1C",0.105
1.75176567632946e-16,0.337580215594069,0.707,0.597,4.29270178984535e-12,"Arterial_endothelial","FLOT1",0.11
1.75837767660962e-16,0.575288952208336,0.17,0.094,4.30890449653187e-12,"Arterial_endothelial","NIPAL3",0.076
1.79819693213419e-16,0.522258850007316,0.258,0.161,4.40648158219483e-12,"Arterial_endothelial","HMCES",0.097
1.83127157684981e-16,0.394409769905947,0.589,0.481,4.48753099907047e-12,"Arterial_endothelial","TMX4",0.108
1.8830990792308e-16,0.423724341417974,0.58,0.452,4.61453429365507e-12,"Arterial_endothelial","PDCD6IP",0.128
1.91690550037907e-16,0.411983022212843,0.48,0.353,4.6973769286789e-12,"Arterial_endothelial","FAM120A",0.127
1.96004656894415e-16,0.534964109701465,0.25,0.156,4.80309411719765e-12,"Arterial_endothelial","WDR54",0.094
1.96373103644975e-16,0.555518269901236,0.323,0.22,4.81212290482012e-12,"Arterial_endothelial","COMMD2",0.103
2.42878022580987e-16,0.380192974410803,0.454,0.331,5.95172594334709e-12,"Arterial_endothelial","BTBD7",0.123
2.42923315423702e-16,0.513463046006992,0.28,0.18,5.95283584445781e-12,"Arterial_endothelial","ZC2HC1A",0.1
2.48648581640341e-16,0.541388182334222,0.316,0.213,6.09313349309655e-12,"Arterial_endothelial","RNF125",0.103
2.63318755895644e-16,0.684325398336498,0.169,0.094,6.45262611322275e-12,"Arterial_endothelial","GOSR2",0.075
2.72102387316684e-16,0.685242326287097,0.165,0.092,6.66786900119534e-12,"Arterial_endothelial","RMND5B",0.073
2.74976762178627e-16,0.644739905437711,0.171,0.096,6.73830555718726e-12,"Arterial_endothelial","ABCD3",0.075
2.8484289162123e-16,0.40201705946305,0.457,0.334,6.98007505917823e-12,"Arterial_endothelial","CMIP",0.123
2.85946333200338e-16,0.427730050156113,0.554,0.424,7.00711489507428e-12,"Arterial_endothelial","H2AFV",0.13
2.94551905502714e-16,0.947071845162411,0.18,0.106,7.217994444344e-12,"Arterial_endothelial","TSPAN13",0.074
3.15827295852623e-16,0.257937542211528,0.844,0.783,7.73934788486852e-12,"Arterial_endothelial","COX6A1",0.0609999999999999
3.19040159664297e-16,0.438275478279949,0.415,0.294,7.81807911257359e-12,"Arterial_endothelial","PEPD",0.121
3.24068737086377e-16,0.4155424323098,0.384,0.265,7.94130440230166e-12,"Arterial_endothelial","FIBP",0.119
3.37247001385376e-16,0.251961328375386,0.819,0.756,8.26423776894865e-12,"Arterial_endothelial","SOD1",0.0629999999999999
3.45383695258102e-16,0.395256189349752,0.483,0.357,8.46362745229978e-12,"Arterial_endothelial","SSR1",0.126
4.25910801676815e-16,0.589843925104085,0.184,0.106,1.04369441950904e-11,"Arterial_endothelial","OTUD7B",0.078
4.7723454117171e-16,0.346710223983437,0.739,0.643,1.16946324314127e-11,"Arterial_endothelial","NDUFB7",0.096
4.87021757602698e-16,0.434112499379296,0.44,0.318,1.19344681700541e-11,"Arterial_endothelial","TXNDC17",0.122
4.94533656130088e-16,0.585895157444117,0.275,0.178,1.21185472434678e-11,"Arterial_endothelial","CBY1",0.097
5.28323490596459e-16,0.40626250014098,0.43,0.309,1.29465671370662e-11,"Arterial_endothelial","TIMMDC1",0.121
5.30986216124822e-16,0.791573408755676,0.151,0.082,1.30118172261388e-11,"Arterial_endothelial","GPRC5A",0.069
5.50759709528914e-16,0.416857577574281,0.5,0.38,1.3496366682006e-11,"Arterial_endothelial","SMARCA2",0.12
5.55369181099026e-16,0.578943093472622,0.224,0.137,1.36093217828316e-11,"Arterial_endothelial","CRELD2",0.087
5.61682924576227e-16,0.950356832096136,0.209,0.129,1.37640400667404e-11,"Arterial_endothelial","GMNN",0.08
5.67850234113618e-16,0.418261986347949,0.326,0.217,1.39151699869542e-11,"Arterial_endothelial","ARAP3",0.109
5.83367343659509e-16,0.641677100321888,0.171,0.097,1.42954167563763e-11,"Arterial_endothelial","SFR1",0.074
5.89793127857803e-16,0.407009700447601,0.485,0.363,1.44528805981555e-11,"Arterial_endothelial","TCEAL3",0.122
6.00287192881982e-16,0.643688527288669,0.241,0.151,1.4710037661573e-11,"Arterial_endothelial","DRG1",0.09
6.42512923266351e-16,0.344890043356827,0.674,0.558,1.57447791846419e-11,"Arterial_endothelial","SRI",0.116
6.65864488222166e-16,0.433358476429147,0.585,0.47,1.63170092838842e-11,"Arterial_endothelial","CCDC3",0.115
7.16049242284513e-16,0.507445282711168,0.284,0.185,1.7546786682182e-11,"Arterial_endothelial","DNAJB12",0.099
7.43401686074781e-16,0.587182719383128,0.166,0.093,1.82170583172625e-11,"Arterial_endothelial","C12orf45",0.073
7.81630734845973e-16,0.355160488249269,0.554,0.42,1.91538611574006e-11,"Arterial_endothelial","GTF2A2",0.134
7.96953420140416e-16,0.425510084864959,0.468,0.351,1.95293435605409e-11,"Arterial_endothelial","PPP2R2A",0.117
7.99509764001065e-16,0.419227875862754,0.471,0.345,1.95919867668461e-11,"Arterial_endothelial","ADRM1",0.126
8.14521923252053e-16,0.703880065601426,0.185,0.108,1.99598597292916e-11,"Arterial_endothelial","ZNF532",0.077
8.15533696372946e-16,0.520325494517516,0.237,0.147,1.9984653229619e-11,"Arterial_endothelial","PCNA",0.09
8.19106406221004e-16,0.325150886499975,0.722,0.629,2.00722024844457e-11,"Arterial_endothelial","NDUFA1",0.093
8.7307217627309e-16,0.576062989541862,0.264,0.17,2.13946336795721e-11,"Arterial_endothelial","WRB",0.094
8.94777397537663e-16,0.704671833660559,0.163,0.091,2.19265201266604e-11,"Arterial_endothelial","FAM92A1",0.072
9.00635718735708e-16,0.710661546854438,0.157,0.087,2.20700782876185e-11,"Arterial_endothelial","NME7",0.07
9.02038206212084e-16,0.480124028433866,0.352,0.243,2.21044462432271e-11,"Arterial_endothelial","HAGH",0.109
9.05840936140834e-16,0.383780333991841,0.36,0.247,2.21976321401311e-11,"Arterial_endothelial","MEDAG",0.113
9.72440732601784e-16,0.758226012335452,0.152,0.084,2.38296601524067e-11,"Arterial_endothelial","ERAP1",0.068
1.02421025205961e-15,0.510747687892919,0.278,0.179,2.50982722267206e-11,"Arterial_endothelial","POLD2",0.099
1.03176287664389e-15,0.599594136088261,0.344,0.24,2.52833492921586e-11,"Arterial_endothelial","FBXO34",0.104
1.07685761344472e-15,0.446907895272951,0.304,0.201,2.63883958174628e-11,"Arterial_endothelial","C7orf73",0.103
1.13331840322106e-15,0.559447832007864,0.19,0.11,2.77719674709321e-11,"Arterial_endothelial","NYNRIN",0.08
1.14143777492958e-15,0.526015717988316,0.265,0.171,2.79709326746495e-11,"Arterial_endothelial","HIRIP3",0.094
1.14797305980135e-15,0.319616949919565,0.611,0.481,2.81310798304322e-11,"Arterial_endothelial","STUB1",0.13
1.21838264964869e-15,0.286082831147893,0.735,0.628,2.98564668296411e-11,"Arterial_endothelial","RAN",0.107
1.22125822566278e-15,0.371656630792703,0.56,0.434,2.99269328198665e-11,"Arterial_endothelial","UBE2I",0.126
1.2255657238255e-15,0.390415845773999,0.412,0.299,3.00324880623439e-11,"Arterial_endothelial","UHMK1",0.113
1.2874217946027e-15,0.419546489818972,0.439,0.318,3.15482710767391e-11,"Arterial_endothelial","TSG101",0.121
1.33801970652281e-15,0.400853149081943,0.495,0.374,3.27881729083414e-11,"Arterial_endothelial","AP2B1",0.121
1.36303990699657e-15,0.45586852669952,0.311,0.208,3.3401292920951e-11,"Arterial_endothelial","DESI2",0.103
1.37505752210268e-15,0.365581142863884,0.393,0.271,3.36957845791261e-11,"Arterial_endothelial","PPP1R7",0.122
1.39607728088136e-15,0.471505107269517,0.266,0.169,3.42108737679978e-11,"Arterial_endothelial","IL15RA",0.097
1.43612586767916e-15,0.43057433248403,0.464,0.344,3.51922643874778e-11,"Arterial_endothelial","SEPN1",0.12
1.48744304683321e-15,0.471593930017674,0.336,0.23,3.64497918626478e-11,"Arterial_endothelial","CDK2AP1",0.106
1.48759448908479e-15,0.427936294583615,0.352,0.243,3.64535029550228e-11,"Arterial_endothelial","SLAIN2",0.109
1.61113881109268e-15,0.437920839711409,0.383,0.269,3.9480956565826e-11,"Arterial_endothelial","YIF1A",0.114
1.66770123487369e-15,0.458467975535603,0.219,0.131,4.08670187605797e-11,"Arterial_endothelial","CHMP6",0.088
1.75146641609443e-15,0.373348047128485,0.502,0.382,4.2919684526394e-11,"Arterial_endothelial","NDUFB6",0.12
1.9788851704367e-15,0.475545218740051,0.263,0.167,4.84925811015513e-11,"Arterial_endothelial","ATG101",0.096
2.10888208115132e-15,0.361181800115037,0.505,0.38,5.16781553986132e-11,"Arterial_endothelial","GLG1",0.125
2.1438089674993e-15,0.659067250984052,0.298,0.204,5.25340387485704e-11,"Arterial_endothelial","ITGA1",0.094
2.40134440003153e-15,0.322297456498719,0.633,0.514,5.88449445227727e-11,"Arterial_endothelial","PYURF",0.119
2.45343392277946e-15,0.339238762868572,0.654,0.551,6.01213982777107e-11,"Arterial_endothelial","PRKAR1A",0.103
2.48094680617393e-15,0.521370634403017,0.154,0.084,6.0795601485292e-11,"Arterial_endothelial","CH17-189H20.1",0.07
2.49849359383575e-15,0.758219218368792,0.295,0.202,6.12255855169451e-11,"Arterial_endothelial","NPNT",0.093
2.5014677185973e-15,0.46828747609149,0.345,0.237,6.12984664442268e-11,"Arterial_endothelial","DNAJB11",0.108
2.6482958540827e-15,0.517899833368415,0.279,0.183,6.48964899042966e-11,"Arterial_endothelial","VPS25",0.096
2.68539839351902e-15,0.659681777973641,0.206,0.125,6.58056876331835e-11,"Arterial_endothelial","PPP1R3B",0.081
2.70699303896141e-15,0.472926415655073,0.277,0.18,6.63348644197494e-11,"Arterial_endothelial","SH3BP2",0.097
2.97484423766527e-15,0.349908720967607,0.58,0.457,7.28985580439875e-11,"Arterial_endothelial","COPE",0.123
3.09712549668252e-15,0.388399777412184,0.478,0.356,7.5895060296205e-11,"Arterial_endothelial","POLR2G",0.122
3.29627679546804e-15,0.39663016960039,0.406,0.289,8.07752628729443e-11,"Arterial_endothelial","ATG3",0.117
3.47741389731759e-15,0.348050577961901,0.619,0.49,8.52140275537675e-11,"Arterial_endothelial","MAP3K11",0.129
3.79106967707473e-15,0.401763250653267,0.319,0.216,9.29001624367163e-11,"Arterial_endothelial","PLOD3",0.103
3.87082724639777e-15,0.545756971738488,0.195,0.116,9.48546216729773e-11,"Arterial_endothelial","HOXA10",0.079
3.91388890500728e-15,0.469472839660811,0.319,0.214,9.59098476172034e-11,"Arterial_endothelial","NELFB",0.105
4.2753001532568e-15,0.503557372385322,0.162,0.091,1.04766230255558e-10,"Arterial_endothelial","SUCLA2",0.071
4.31973821466974e-15,0.706471290221724,0.192,0.115,1.05855184950482e-10,"Arterial_endothelial","ARHGEF37",0.077
4.53843809283532e-15,0.482700470946449,0.409,0.297,1.1121442546493e-10,"Arterial_endothelial","ARL3",0.112
4.67879990334123e-15,0.378076393088592,0.553,0.443,1.14653991631377e-10,"Arterial_endothelial","LTBP3",0.11
5.0101392891968e-15,0.402680477739247,0.299,0.197,1.22773463281768e-10,"Arterial_endothelial","SLC4A1AP",0.102
5.0733355506032e-15,0.488723565580971,0.206,0.125,1.24322087667532e-10,"Arterial_endothelial","STX6",0.081
5.18557379360996e-15,0.399836260254046,0.41,0.295,1.27072485812412e-10,"Arterial_endothelial","PSMD1",0.115
5.21658848767986e-15,0.376280878028484,0.519,0.396,1.27832500890595e-10,"Arterial_endothelial","PFDN1",0.123
6.02999515021465e-15,0.308536504816923,0.734,0.653,1.4776503115601e-10,"Arterial_endothelial","C9orf16",0.081
6.14902124509221e-15,0.459487628975731,0.352,0.245,1.50681765610985e-10,"Arterial_endothelial","UFSP2",0.107
6.22971661807732e-15,0.402412482517142,0.456,0.339,1.52659205725985e-10,"Arterial_endothelial","SMIM14",0.117
6.24182750213223e-15,0.747938247366918,0.154,0.086,1.5295598293975e-10,"Arterial_endothelial","TCTA",0.068
6.42386341787088e-15,0.372126219987782,0.321,0.214,1.57416773054926e-10,"Arterial_endothelial","CAB39",0.107
6.63896581143965e-15,0.41402795880824,0.333,0.227,1.62687857209329e-10,"Arterial_endothelial","SAR1B",0.106
7.12574061914649e-15,0.433742416156558,0.325,0.221,1.74616273872185e-10,"Arterial_endothelial","CLN5",0.104
7.28928951632115e-15,0.479504824787454,0.246,0.156,1.7862403959745e-10,"Arterial_endothelial","JMY",0.09
7.29240707133239e-15,0.524797684470165,0.17,0.097,1.78700435283e-10,"Arterial_endothelial","MAGEF1",0.073
7.37205704910076e-15,0.673324071698058,0.151,0.084,1.80652257988214e-10,"Arterial_endothelial","NEDD4L",0.067
7.49866271191546e-15,0.469118011819023,0.313,0.212,1.83754729755488e-10,"Arterial_endothelial","KCTD20",0.101
8.20527059124903e-15,0.422305502418614,0.304,0.202,2.01070155838558e-10,"Arterial_endothelial","LSM1",0.102
8.4482894504791e-15,0.481595226437611,0.26,0.168,2.0702533298399e-10,"Arterial_endothelial","MTA1",0.092
8.46506941345374e-15,0.261561432724426,0.735,0.625,2.07436525976684e-10,"Arterial_endothelial","GRN",0.11
8.73914395507871e-15,0.383548868729394,0.364,0.252,2.14152722619204e-10,"Arterial_endothelial","AKT1",0.112
8.81766785954836e-15,0.425785836165343,0.304,0.204,2.16076950898233e-10,"Arterial_endothelial","AFTPH",0.1
9.05477520590839e-15,0.48660084464509,0.306,0.206,2.21887266420785e-10,"Arterial_endothelial","DPH3",0.1
9.1454938751286e-15,0.494876066598282,0.314,0.214,2.24110327410026e-10,"Arterial_endothelial","TSTA3",0.1
9.68309986152737e-15,0.551972055351253,0.253,0.163,2.37284362106728e-10,"Arterial_endothelial","DUSP3",0.09
1.02041945539796e-14,0.441079081060291,0.363,0.254,2.5005378754527e-10,"Arterial_endothelial","PSMD6",0.109
1.02280436956219e-14,0.378356525447768,0.364,0.253,2.50638210761214e-10,"Arterial_endothelial","MEA1",0.111
1.03642309843402e-14,0.480023524043973,0.287,0.191,2.53975480271256e-10,"Arterial_endothelial","BLOC1S2",0.096
1.04600539696738e-14,0.341293978083353,0.542,0.421,2.56323622526857e-10,"Arterial_endothelial","RNF181",0.121
1.07670599464071e-14,0.446658239098301,0.241,0.152,2.63846803986706e-10,"Arterial_endothelial","PIGC",0.089
1.0957388844897e-14,0.340993467244751,0.679,0.583,2.685108136442e-10,"Arterial_endothelial","TAX1BP1",0.0960000000000001
1.10002396244757e-14,0.398935513997247,0.471,0.354,2.69560871997777e-10,"Arterial_endothelial","RNF19A",0.117
1.10872189388499e-14,0.570314365405594,0.208,0.129,2.71692300096518e-10,"Arterial_endothelial","SLC35G2",0.079
1.12896024485101e-14,0.356042923190396,0.374,0.261,2.76651708000739e-10,"Arterial_endothelial","ARID1A",0.113
1.26946284797084e-14,0.710787141949002,0.162,0.093,3.11081870895255e-10,"Arterial_endothelial","IDH1",0.069
1.28835092867222e-14,0.483209010617708,0.216,0.133,3.15710395071127e-10,"Arterial_endothelial","SLC30A7",0.083
1.31632718608234e-14,0.402984899748089,0.453,0.339,3.22565976949476e-10,"Arterial_endothelial","UFD1L",0.114
1.36257793473886e-14,0.779657369394329,0.177,0.106,3.33899722907758e-10,"Arterial_endothelial","GADD45G",0.071
1.41086384903722e-14,0.525035002220354,0.259,0.167,3.45732186206571e-10,"Arterial_endothelial","PPP2R3C",0.092
1.42908120585692e-14,0.319850708905066,0.719,0.646,3.50196349495238e-10,"Arterial_endothelial","NDUFA13",0.073
1.53081433207329e-14,0.36370860797447,0.511,0.39,3.7512605207456e-10,"Arterial_endothelial","KLF13",0.121
1.56920006457754e-14,0.372711352802284,0.514,0.394,3.84532475824727e-10,"Arterial_endothelial","PEF1",0.12
1.59796108975873e-14,0.602281184637526,0.222,0.138,3.91580365045376e-10,"Arterial_endothelial","LAMTOR3",0.084
1.60412683038415e-14,0.661747899341455,0.212,0.132,3.93091279785635e-10,"Arterial_endothelial","NPIPB5",0.08
1.67787159098097e-14,0.338451341304062,0.533,0.404,4.11162433369886e-10,"Arterial_endothelial","CRK",0.129
1.78775820823306e-14,0.380336787739936,0.531,0.415,4.38090148927512e-10,"Arterial_endothelial","ARHGEF12",0.116
1.96266621458228e-14,0.424273706040617,0.385,0.276,4.80951355883388e-10,"Arterial_endothelial","PTOV1",0.109
1.98240702128624e-14,0.674109427957942,0.163,0.094,4.85788840566194e-10,"Arterial_endothelial","PPTC7",0.069
1.98786297579025e-14,0.423335071933275,0.316,0.214,4.871258222174e-10,"Arterial_endothelial","LSM12",0.102
2.12408813884218e-14,0.532061004951523,0.332,0.234,5.20507798423276e-10,"Arterial_endothelial","SPATA13",0.098
2.24196542624799e-14,0.471141932550782,0.247,0.158,5.49393627702069e-10,"Arterial_endothelial","CRELD1",0.089
2.26746234493945e-14,0.393145183593729,0.522,0.401,5.55641647627413e-10,"Arterial_endothelial","SLC44A2",0.121
2.43668383726955e-14,0.430133885566456,0.297,0.199,5.97109374322902e-10,"Arterial_endothelial","TPRG1L",0.098
2.63282092883301e-14,0.570567857125891,0.188,0.114,6.4517276861053e-10,"Arterial_endothelial","HN1",0.074
2.74870355130483e-14,0.679076987525103,0.185,0.111,6.7356980524725e-10,"Arterial_endothelial","CDK19",0.074
2.86299574718422e-14,0.4397589337531,0.362,0.254,7.01577107847493e-10,"Arterial_endothelial","SURF4",0.108
3.04372706661327e-14,0.397333865539239,0.391,0.281,7.45865317673582e-10,"Arterial_endothelial","WDR82",0.11
3.12720691670321e-14,0.734051636938667,0.15,0.085,7.66322054938121e-10,"Arterial_endothelial","RNASEH2B",0.065
3.15465018640431e-14,0.64278090570173,0.176,0.104,7.73047028178376e-10,"Arterial_endothelial","TOM1L2",0.072
3.17507998926445e-14,0.344564313032265,0.612,0.492,7.78053351369252e-10,"Arterial_endothelial","RALY",0.12
3.43563778485473e-14,0.555439127743576,0.238,0.153,8.41903039178652e-10,"Arterial_endothelial","PLCG1",0.085
3.45018355827737e-14,0.448365426331065,0.316,0.216,8.45467480955869e-10,"Arterial_endothelial","APMAP",0.1
3.62743492600171e-14,0.483733191482038,0.24,0.154,8.88902928616719e-10,"Arterial_endothelial","ZADH2",0.086
3.65061186281863e-14,0.372973807990276,0.564,0.449,8.94582436983706e-10,"Arterial_endothelial","ARPC4",0.115
3.66382614869794e-14,0.357186015994137,0.615,0.504,8.97820597738429e-10,"Arterial_endothelial","SNRPG",0.111
3.89920593459168e-14,0.496533113024788,0.239,0.152,9.55500414271691e-10,"Arterial_endothelial","ATP6V1A",0.087
4.05315860129882e-14,0.360483592418789,0.5,0.383,9.93226515248275e-10,"Arterial_endothelial","CCT5",0.117
4.3028338667224e-14,0.405262965876347,0.283,0.188,1.05440943904032e-09,"Arterial_endothelial","THAP5",0.095
4.64866252722117e-14,0.558238851412391,0.187,0.113,1.13915475229555e-09,"Arterial_endothelial","MRPL48",0.074
5.05316558570137e-14,0.554152260272466,0.218,0.137,1.23827822677612e-09,"Arterial_endothelial","ZBED5",0.081
5.09808847874727e-14,0.374756604314987,0.169,0.098,1.24928658171702e-09,"Arterial_endothelial","MAF",0.071
5.10012234525363e-14,0.564576392488417,0.172,0.101,1.2497849807044e-09,"Arterial_endothelial","FUNDC1",0.071
5.3925238367643e-14,0.479601352704671,0.231,0.146,1.32143796619909e-09,"Arterial_endothelial","ARMCX6",0.085
5.64433504872761e-14,0.398396579246806,0.374,0.265,1.3831443036907e-09,"Arterial_endothelial","EMD",0.109
5.71367456280096e-14,0.554908239624037,0.171,0.101,1.40013595161438e-09,"Arterial_endothelial","WSB2",0.07
6.94984883509651e-14,0.255785750637229,0.828,0.779,1.7030604570404e-09,"Arterial_endothelial","FIS1",0.0489999999999999
6.95943638347668e-14,0.348836623983063,0.366,0.256,1.70540988577096e-09,"Arterial_endothelial","DCTPP1",0.11
7.05913223871585e-14,0.582299359809713,0.178,0.107,1.72984035509732e-09,"Arterial_endothelial","ADM5",0.071
7.3118221068148e-14,0.369244044044332,0.548,0.434,1.79176200727497e-09,"Arterial_endothelial","VPS29",0.114
7.31640110956627e-14,0.506976163611859,0.257,0.169,1.79288409189921e-09,"Arterial_endothelial","SMIM15",0.088
7.46240307997546e-14,0.434633826397089,0.289,0.193,1.82866187474799e-09,"Arterial_endothelial","TSPAN31",0.096
7.58254280574387e-14,0.215151304774394,0.918,0.878,1.85810211454754e-09,"Arterial_endothelial","FXYD5",0.04
7.6678325985562e-14,0.568395079923124,0.168,0.098,1.8790023782762e-09,"Arterial_endothelial","CISD2",0.07
7.9539699046144e-14,0.372029629617613,0.411,0.3,1.94912032512576e-09,"Arterial_endothelial","CCDC90B",0.111
8.31582340928743e-14,0.465613316624593,0.489,0.38,2.03779252644589e-09,"Arterial_endothelial","HTRA1",0.109
8.90484220215183e-14,0.360817246652037,0.504,0.382,2.18213158163731e-09,"Arterial_endothelial","PET100",0.122
8.91519975920213e-14,0.351612023409083,0.64,0.542,2.18466970099248e-09,"Arterial_endothelial","HEBP2",0.098
9.09983352932354e-14,0.767500041383757,0.151,0.086,2.22991420636073e-09,"Arterial_endothelial","DPH6",0.065
9.13485040589148e-14,0.391740675179601,0.555,0.444,2.23849509196371e-09,"Arterial_endothelial","PDAP1",0.111
9.14864598278151e-14,0.427031010727101,0.408,0.297,2.24187569808061e-09,"Arterial_endothelial","FAM127B",0.111
9.37649039134401e-14,0.625047705375332,0.166,0.097,2.29770897039885e-09,"Arterial_endothelial","HSPA13",0.069
9.41665738220086e-14,0.499097620896737,0.177,0.105,2.30755189150832e-09,"Arterial_endothelial","ENDOG",0.072
9.67181747735739e-14,0.391234119215217,0.265,0.174,2.37007887282643e-09,"Arterial_endothelial","LDLRAD4",0.091
9.88483176948253e-14,0.451701634120002,0.25,0.162,2.42227802511169e-09,"Arterial_endothelial","DTX3L",0.088
9.91503822391854e-14,0.497237024961902,0.191,0.116,2.42968011677124e-09,"Arterial_endothelial","PIAS3",0.075
9.95189616310632e-14,0.646846553717973,0.195,0.121,2.4387121547692e-09,"Arterial_endothelial","RRM2B",0.074
1.00842104947252e-13,0.395515320670552,0.716,0.642,2.4711357817324e-09,"Arterial_endothelial","PKM",0.074
1.01531782242519e-13,0.277847680157657,0.556,0.43,2.48803632385293e-09,"Arterial_endothelial","SYNGR2",0.126
1.03673530544722e-13,0.45557333247305,0.386,0.284,2.54051986599842e-09,"Arterial_endothelial","NCOA3",0.102
1.07206872150426e-13,0.750986804205222,0.154,0.089,2.62710440204618e-09,"Arterial_endothelial","B3GALT4",0.065
1.07876569593758e-13,0.355430232393504,0.587,0.471,2.64351533789504e-09,"Arterial_endothelial","LSM3",0.116
1.09667076737994e-13,0.409375290390329,0.229,0.145,2.68739171546454e-09,"Arterial_endothelial","UBLCP1",0.084
1.09949936477257e-13,0.368974515332382,0.414,0.301,2.69432319337518e-09,"Arterial_endothelial","TMEM50B",0.113
1.2461954932188e-13,0.631052806272563,0.172,0.102,3.05380205613266e-09,"Arterial_endothelial","FAM168A",0.07
1.25380327652649e-13,0.542386660016313,0.179,0.108,3.07244492912817e-09,"Arterial_endothelial","SGSM3",0.071
1.27556943422125e-13,0.529392488813756,0.17,0.1,3.12578289855917e-09,"Arterial_endothelial","ALAS1",0.07
1.30805239719306e-13,0.427073500354031,0.406,0.298,3.20538239932159e-09,"Arterial_endothelial","VDAC1",0.108
1.31223529566203e-13,0.405341612514048,0.4,0.294,3.21563259201981e-09,"Arterial_endothelial","DIAPH1",0.106
1.33919593839352e-13,0.365309654189014,0.232,0.147,3.28169964703331e-09,"Arterial_endothelial","UBA3",0.085
1.38180794338613e-13,0.304404033671353,0.508,0.384,3.38612036526772e-09,"Arterial_endothelial","VEZF1",0.124
1.43107908875296e-13,0.552362621086272,0.213,0.134,3.50685930698912e-09,"Arterial_endothelial","ATAD1",0.079
1.44881051110574e-13,0.449376149199372,0.302,0.207,3.55031015746461e-09,"Arterial_endothelial","MCTS1",0.095
1.4817965568295e-13,0.340987573373099,0.633,0.519,3.63114246251069e-09,"Arterial_endothelial","PRELID1",0.114
1.5263496258413e-13,0.322705335858342,0.592,0.478,3.74031975812411e-09,"Arterial_endothelial","SUN1",0.114
1.54321955783637e-13,0.360995997371175,0.566,0.443,3.78165952647801e-09,"Arterial_endothelial","PSMB5",0.123
1.65128155655349e-13,0.514648320053888,0.294,0.204,4.04646545433433e-09,"Arterial_endothelial","SENP7",0.09
1.65381686981721e-13,0.480345769133851,0.178,0.106,4.05267823948708e-09,"Arterial_endothelial","ELOVL7",0.072
1.70337389564582e-13,0.538869525916712,0.26,0.173,4.17411773128008e-09,"Arterial_endothelial","ACOT9",0.087
1.72940469007435e-13,0.702769947018025,0.194,0.12,4.23790619302718e-09,"Arterial_endothelial","KPNA1",0.074
1.74022825525177e-13,0.510064875645208,0.24,0.155,4.26442933949445e-09,"Arterial_endothelial","SCCPDH",0.085
1.75000786133173e-13,0.377106804375711,0.466,0.35,4.28839426419339e-09,"Arterial_endothelial","FAM3C",0.116
1.752302973808e-13,0.376907188407723,0.482,0.367,4.2940184373165e-09,"Arterial_endothelial","MPC2",0.115
1.7943019904415e-13,0.426059196825435,0.231,0.147,4.39693702757689e-09,"Arterial_endothelial","SLC10A3",0.084
1.8027045469759e-13,0.390606495337237,0.458,0.34,4.41752749236445e-09,"Arterial_endothelial","BAD",0.118
1.82782280975355e-13,0.385101965952135,0.331,0.23,4.47907979530107e-09,"Arterial_endothelial","CHCHD1",0.101
1.84342769570906e-13,0.425203943561947,0.325,0.227,4.51731956833504e-09,"Arterial_endothelial","CEP170",0.098
1.88784106850188e-13,0.497692533725252,0.285,0.192,4.62615453836385e-09,"Arterial_endothelial","CPT1A",0.093
2.04378502576699e-13,0.501965256598307,0.246,0.16,5.008295205642e-09,"Arterial_endothelial","UBE2W",0.086
2.07176196392355e-13,0.354567806333338,0.408,0.298,5.07685269259465e-09,"Arterial_endothelial","FYTTD1",0.11
2.1771278535001e-13,0.446986951724701,0.288,0.196,5.335051805002e-09,"Arterial_endothelial","RPF2",0.092
2.37209559265554e-13,0.464749210448234,0.2,0.124,5.81282024980239e-09,"Arterial_endothelial","FUT11",0.076
2.39181229528379e-13,0.378373416111907,0.249,0.162,5.86113602959292e-09,"Arterial_endothelial","PIGK",0.087
2.55905922898764e-13,0.243331816298599,0.817,0.755,6.27097464063422e-09,"Arterial_endothelial","COX6B1",0.0619999999999999
2.57623712146992e-13,0.358849499014169,0.396,0.286,6.31306906616205e-09,"Arterial_endothelial","HMG20B",0.11
2.63895205698177e-13,0.296372867386691,0.568,0.443,6.46675201563382e-09,"Arterial_endothelial","MORF4L2",0.125
2.82925078980042e-13,0.611322386773056,0.177,0.107,6.93307906040592e-09,"Arterial_endothelial","PEX3",0.07
2.87894862056297e-13,0.394955376056827,0.396,0.29,7.05486359468956e-09,"Arterial_endothelial","MESDC1",0.106
2.9437112018244e-13,0.420179438145303,0.338,0.241,7.2135643000707e-09,"Arterial_endothelial","HERC1",0.097
3.23499221253716e-13,0.33151102597581,0.471,0.354,7.9273484168223e-09,"Arterial_endothelial","ARMCX3",0.117
3.4001842900212e-13,0.341495347683684,0.346,0.243,8.33215160269695e-09,"Arterial_endothelial","DENND5A",0.103
3.43371331385154e-13,0.439734730089517,0.249,0.164,8.4143144755932e-09,"Arterial_endothelial","ZCCHC14",0.085
3.50533053991426e-13,0.513727893335043,0.294,0.204,8.5898124880599e-09,"Arterial_endothelial","NCSTN",0.09
3.5977354824874e-13,0.632876326669012,0.389,0.293,8.81625079983538e-09,"Arterial_endothelial","COL4A1",0.096
3.62312871360526e-13,0.35725596043136,0.406,0.299,8.8784769126897e-09,"Arterial_endothelial","UBTF",0.107
3.62932027910924e-13,0.333775828353429,0.509,0.393,8.89364934395719e-09,"Arterial_endothelial","MYOF",0.116
3.66393986095503e-13,0.594482426090636,0.174,0.105,8.97848462927029e-09,"Arterial_endothelial","FAM126B",0.069
3.72467455763383e-13,0.35253270171255,0.462,0.346,9.12731500348169e-09,"Arterial_endothelial","LAMTOR2",0.116
3.80495051417533e-13,0.535639945292711,0.203,0.128,9.32403123498664e-09,"Arterial_endothelial","PNO1",0.075
4.25573804655119e-13,0.561689243520364,0.207,0.132,1.04286860830737e-08,"Arterial_endothelial","CASP10",0.075
4.7532967348001e-13,0.424025333444929,0.295,0.203,1.16479536486276e-08,"Arterial_endothelial","UBE2V2",0.092
4.77930072945276e-13,0.326695028795494,0.466,0.351,1.1711676437524e-08,"Arterial_endothelial","PSMC1",0.115
4.90561493533803e-13,0.451880135929221,0.195,0.121,1.20212093990458e-08,"Arterial_endothelial","R3HDM1",0.074
4.90784446259609e-13,0.34267023370176,0.575,0.453,1.20266728555917e-08,"Arterial_endothelial","MDH2",0.122
5.05351658416684e-13,0.296878197461466,0.719,0.63,1.23836423895008e-08,"Arterial_endothelial","ERH",0.089
5.28126152357278e-13,0.417599924496347,0.365,0.262,1.29417313635151e-08,"Arterial_endothelial","COPS5",0.103
5.31411672537479e-13,0.507441099180744,0.228,0.146,1.30222430355309e-08,"Arterial_endothelial","ABRACL",0.082
5.44930913527134e-13,0.36835513467286,0.189,0.115,1.33535320359824e-08,"Arterial_endothelial","PIGS",0.074
5.5830870130588e-13,0.372645464292808,0.367,0.26,1.36813547255006e-08,"Arterial_endothelial","RAB18",0.107
5.68200955765603e-13,0.50097661677886,0.231,0.151,1.39237644210361e-08,"Arterial_endothelial","VKORC1L1",0.08
5.74567199882089e-13,0.425118264281393,0.311,0.217,1.40797692331106e-08,"Arterial_endothelial","CCDC53",0.094
5.80546201622546e-13,0.346173089382249,0.418,0.311,1.42262846707605e-08,"Arterial_endothelial","CBX6",0.107
6.07098894290867e-13,0.409026668588071,0.241,0.157,1.48769584045977e-08,"Arterial_endothelial","ACLY",0.084
6.29500779532694e-13,0.388517389087433,0.403,0.296,1.54259166024487e-08,"Arterial_endothelial","APC",0.107
6.58292617765958e-13,0.364032643514408,0.353,0.251,1.61314605983548e-08,"Arterial_endothelial","HIPK1",0.102
6.7104659846705e-13,0.386750806124466,0.306,0.212,1.64439968954351e-08,"Arterial_endothelial","GDI1",0.094
6.85277932633758e-13,0.346875695241554,0.511,0.397,1.67927357391902e-08,"Arterial_endothelial","ARF4",0.114
7.1508343793371e-13,0.358688734471471,0.434,0.321,1.75231196465656e-08,"Arterial_endothelial","RSBN1L",0.113
7.84524649917474e-13,0.417294187336984,0.294,0.202,1.92247765462277e-08,"Arterial_endothelial","KPNA6",0.092
8.2384334311729e-13,0.342807855854706,0.597,0.493,2.01882811230892e-08,"Arterial_endothelial","IFNGR1",0.104
8.42681425563852e-13,0.430749899327548,0.197,0.122,2.06499083334422e-08,"Arterial_endothelial","UBL4A",0.075
8.59090929899728e-13,0.515926617808855,0.188,0.117,2.10520232371928e-08,"Arterial_endothelial","SCYL2",0.071
8.7787456983817e-13,0.481097390169189,0.384,0.285,2.15123163338844e-08,"Arterial_endothelial","PSENEN",0.099
8.78770339810895e-13,0.310025683963542,0.384,0.276,2.1534267177066e-08,"Arterial_endothelial","VTI1B",0.108
9.22381782256516e-13,0.456717724952861,0.258,0.173,2.26029655741959e-08,"Arterial_endothelial","STIP1",0.085
1.03779824732375e-12,0.671198248294588,0.163,0.097,2.54312460506686e-08,"Arterial_endothelial","LIMK2",0.066
1.06917843506214e-12,0.366912342201294,0.297,0.204,2.62002175511976e-08,"Arterial_endothelial","GRK5",0.093
1.16025864784889e-12,0.570139455913523,0.225,0.147,2.8432138165537e-08,"Arterial_endothelial","RPIA",0.078
1.27684008484186e-12,0.710654915851219,0.161,0.097,3.12889662790497e-08,"Arterial_endothelial","MAFK",0.064
1.29284676322842e-12,0.393720105440346,0.403,0.296,3.16812099329124e-08,"Arterial_endothelial","EMC3",0.107
1.30097641546959e-12,0.616219622598943,0.22,0.144,3.18804270610823e-08,"Arterial_endothelial","FAM173A",0.076
1.33563514668704e-12,0.421887862770425,0.28,0.19,3.27297392695658e-08,"Arterial_endothelial","CETN2",0.09
1.3876870162361e-12,0.33285904684108,0.414,0.306,3.40052703328657e-08,"Arterial_endothelial","AGPAT2",0.108
1.41422458746556e-12,0.577994853308295,0.252,0.17,3.46555735158435e-08,"Arterial_endothelial","SH3D19",0.082
1.43989956850236e-12,0.514540773389967,0.207,0.131,3.52847389261504e-08,"Arterial_endothelial","STAT5A",0.076
1.44367284574974e-12,0.300569465793343,0.679,0.579,3.53772030850974e-08,"Arterial_endothelial","ROCK1",0.1
1.45334732591508e-12,0.402066265137907,0.222,0.141,3.5614276221549e-08,"Arterial_endothelial","OGDH",0.081
1.5155294012464e-12,0.586677654273312,0.17,0.103,3.7138047977543e-08,"Arterial_endothelial","TBC1D10B",0.067
1.52880415766908e-12,0.405088417969389,0.365,0.264,3.74633458836809e-08,"Arterial_endothelial","EBNA1BP2",0.101
1.53835038475467e-12,0.2086166762807,0.863,0.836,3.76972761784133e-08,"Arterial_endothelial","COX6C",0.027
1.57490287405679e-12,0.375395226807361,0.464,0.354,3.85929949287615e-08,"Arterial_endothelial","PSMD13",0.11
1.67408973078277e-12,0.525077691108182,0.154,0.091,4.10235688528318e-08,"Arterial_endothelial","THUMPD2",0.063
1.74869540701905e-12,0.351908498072654,0.429,0.321,4.28517809490017e-08,"Arterial_endothelial","CCDC186",0.108
1.95475369642568e-12,0.594222449091304,0.164,0.099,4.79012393309113e-08,"Arterial_endothelial","SCAP",0.065
1.95961201551617e-12,0.319194089846957,0.505,0.392,4.80202924402238e-08,"Arterial_endothelial","UBE2G2",0.113
2.00133142216163e-12,0.338236682351939,0.308,0.213,4.90426265000708e-08,"Arterial_endothelial","PARVA",0.095
2.04116356354005e-12,0.351392991880735,0.367,0.265,5.00187131245489e-08,"Arterial_endothelial","TSR3",0.102
2.11401143540846e-12,0.35566887973932,0.527,0.422,5.18038502246844e-08,"Arterial_endothelial","EMC4",0.105
2.11919257068443e-12,0.546314100838246,0.234,0.156,5.1930813944622e-08,"Arterial_endothelial","PLIN3",0.078
2.14251309459533e-12,0.332449802273533,0.393,0.289,5.25022833830585e-08,"Arterial_endothelial","KIAA1143",0.104
2.23041667362457e-12,0.359772338624335,0.372,0.27,5.46563605871702e-08,"Arterial_endothelial","LMO4",0.102
2.23933698619039e-12,0.41706888356695,0.389,0.287,5.48749528465954e-08,"Arterial_endothelial","EXOSC6",0.102
2.28427707179131e-12,0.369326028569482,0.303,0.208,5.59762096442461e-08,"Arterial_endothelial","WDFY1",0.095
2.31200135498913e-12,0.415290113473706,0.256,0.171,5.66555932040085e-08,"Arterial_endothelial","ZBTB8OS",0.085
2.31733901093208e-12,0.469581996120797,0.28,0.195,5.67863924628905e-08,"Arterial_endothelial","RIT1",0.085
2.3219760636336e-12,0.487530237558817,0.374,0.28,5.69000234393414e-08,"Arterial_endothelial","CCM2L",0.094
2.35124443578965e-12,0.417956050812631,0.22,0.142,5.76172448990253e-08,"Arterial_endothelial","POMGNT1",0.078
2.46556969290101e-12,0.478292057838636,0.37,0.273,6.04187853245391e-08,"Arterial_endothelial","MYO5C",0.097
2.49830152750627e-12,0.339028336574326,0.568,0.456,6.12208789315412e-08,"Arterial_endothelial","NDUFAB1",0.112
2.54736972998166e-12,0.385744081460824,0.32,0.226,6.24232952332005e-08,"Arterial_endothelial","EXOC7",0.094
2.54807184900786e-12,0.629193764475893,0.163,0.099,6.24405006599376e-08,"Arterial_endothelial","CASP3",0.064
2.55779186630375e-12,0.286905202719104,0.662,0.548,6.26786896837733e-08,"Arterial_endothelial","YWHAQ",0.114
2.60509034122976e-12,0.45656506954426,0.182,0.113,6.38377388118353e-08,"Arterial_endothelial","NUP62",0.069
2.67967771176754e-12,0.387821881945458,0.33,0.232,6.56655023268637e-08,"Arterial_endothelial","ITFG1",0.098
2.77539221747775e-12,0.594331431105717,0.225,0.149,6.80109862892923e-08,"Arterial_endothelial","STARD9",0.076
2.81640738711118e-12,0.304634004201918,0.58,0.461,6.90160630211594e-08,"Arterial_endothelial","ATP5F1",0.119
2.86173033856852e-12,0.419720215684233,0.183,0.113,7.01267019466217e-08,"Arterial_endothelial","IP6K1",0.07
2.95554834818862e-12,0.437135821032473,0.26,0.176,7.24257122723621e-08,"Arterial_endothelial","HDAC5",0.084
3.06881454510427e-12,0.380364342670453,0.426,0.322,7.52013004277803e-08,"Arterial_endothelial","REST",0.104
3.11227564242736e-12,0.333039413688786,0.364,0.263,7.62663146176824e-08,"Arterial_endothelial","NDUFS1",0.101
3.15300008553018e-12,0.379370391858022,0.343,0.246,7.72642670959171e-08,"Arterial_endothelial","CBX1",0.097
3.219025112406e-12,0.487629668332102,0.229,0.15,7.8882210379509e-08,"Arterial_endothelial","SMARCD1",0.079
3.2450946132433e-12,0.320849306985432,0.622,0.509,7.95210434975271e-08,"Arterial_endothelial","RTFDC1",0.113
3.27192288137814e-12,0.374176062756915,0.389,0.283,8.01784702081713e-08,"Arterial_endothelial","C11orf73",0.106
3.3203674237599e-12,0.426661558349352,0.188,0.118,8.13656037192362e-08,"Arterial_endothelial","PTGES2",0.07
3.67752833283163e-12,0.590796850695462,0.166,0.101,9.01178317960392e-08,"Arterial_endothelial","BORCS6",0.065
4.0366437889339e-12,0.521030483701649,0.229,0.152,9.89179560478251e-08,"Arterial_endothelial","CA5B",0.077
4.07370636337497e-12,0.382241635112327,0.331,0.234,9.98261744345037e-08,"Arterial_endothelial","DAB2IP",0.097
4.10961019386179e-12,0.380898504096724,0.416,0.31,1.00705997800583e-07,"Arterial_endothelial","SPAG7",0.106
4.11688538505397e-12,0.408660144603486,0.369,0.269,1.00884276360748e-07,"Arterial_endothelial","UQCRC1",0.1
4.34267168544311e-12,0.431741480792263,0.175,0.107,1.06417169651783e-07,"Arterial_endothelial","RAB28",0.068
4.36028873644222e-12,0.385225746446747,0.346,0.248,1.06848875486517e-07,"Arterial_endothelial","LINC00998",0.098
4.64227011948416e-12,0.329600180400777,0.379,0.276,1.13758829277959e-07,"Arterial_endothelial","HSD17B10",0.103
4.65174576778564e-12,0.33426785311891,0.48,0.373,1.13991030039587e-07,"Arterial_endothelial","CTNND1",0.107
4.77606385233752e-12,0.364584685688101,0.42,0.313,1.17037444701531e-07,"Arterial_endothelial","EVA1B",0.107
4.82971323627603e-12,0.324215276203911,0.416,0.311,1.18352122854944e-07,"Arterial_endothelial","YIPF4",0.105
4.84556282011017e-12,0.617355571949549,0.179,0.112,1.187405169068e-07,"Arterial_endothelial","ITPR3",0.067
4.94989842025533e-12,0.402236222822051,0.602,0.518,1.21297260788357e-07,"Arterial_endothelial","TCN2",0.084
5.1803991438742e-12,0.47849275832363,0.198,0.126,1.26945681020637e-07,"Arterial_endothelial","POGLUT1",0.072
5.38774055240067e-12,0.350180543865439,0.428,0.327,1.32026582236579e-07,"Arterial_endothelial","ERLEC1",0.101
5.51565843103218e-12,0.326865319387458,0.425,0.316,1.35161209852443e-07,"Arterial_endothelial","IER3IP1",0.109
5.58560332389766e-12,0.417649664518668,0.318,0.225,1.36875209452112e-07,"Arterial_endothelial","PPP1R11",0.093
5.6746266772857e-12,0.315325336851547,0.462,0.355,1.39056726726886e-07,"Arterial_endothelial","PAFAH1B2",0.107
5.74513225558846e-12,0.256620135782374,0.785,0.735,1.40784465923195e-07,"Arterial_endothelial","SNX3",0.05
6.23459190549351e-12,0.254712441670819,0.737,0.647,1.52778674644118e-07,"Arterial_endothelial","TUBB4B",0.09
6.30670692773287e-12,0.290963850866022,0.524,0.414,1.54545853264094e-07,"Arterial_endothelial","EIF3J",0.11
6.39019672520455e-12,0.32638825759986,0.306,0.212,1.56591770751138e-07,"Arterial_endothelial","SEC61A1",0.094
6.6560918160955e-12,0.36887169266248,0.272,0.186,1.6310752995342e-07,"Arterial_endothelial","APPBP2",0.086
6.92780641766512e-12,0.339607292988937,0.377,0.273,1.69765896264884e-07,"Arterial_endothelial","YAP1",0.104
7.08847058446782e-12,0.345707178535252,0.381,0.279,1.73702971672384e-07,"Arterial_endothelial","TMEM167A",0.102
7.31199734939944e-12,0.238147321519366,0.765,0.693,1.79180495047033e-07,"Arterial_endothelial","COX8A",0.0720000000000001
7.48898071941764e-12,0.307475844649472,0.626,0.518,1.83517472529329e-07,"Arterial_endothelial","NHP2",0.108
7.69864341519292e-12,0.438238061188149,0.305,0.215,1.88655256889303e-07,"Arterial_endothelial","IRF9",0.09
7.76484490932829e-12,0.455574359665582,0.277,0.191,1.9027752450309e-07,"Arterial_endothelial","PRAF2",0.086
7.91099527545638e-12,0.40171807466865,0.355,0.262,1.93858939225058e-07,"Arterial_endothelial","NUTF2",0.093
8.12621100771614e-12,0.390460636021356,0.153,0.09,1.99132800744084e-07,"Arterial_endothelial","MAN2B2",0.063
8.2395400445059e-12,0.370380668577185,0.415,0.312,2.01909928790617e-07,"Arterial_endothelial","LINC01116",0.103
8.28393815866084e-12,0.3414660953512,0.371,0.273,2.02997904577984e-07,"Arterial_endothelial","TMEM208",0.098
8.33040572187123e-12,0.431554506367086,0.226,0.148,2.04136592214455e-07,"Arterial_endothelial","TIMM17B",0.078
8.42305760081956e-12,0.377192037495877,0.375,0.276,2.06407026508083e-07,"Arterial_endothelial","ASAP2",0.099
8.45551407916253e-12,0.333157531935226,0.489,0.375,2.07202372509878e-07,"Arterial_endothelial","GOLGA7",0.114
8.46643892453903e-12,0.315182545865051,0.309,0.216,2.07470085845829e-07,"Arterial_endothelial","NOVA2",0.093
8.76307437840866e-12,0.665038953886876,0.16,0.097,2.14739137642904e-07,"Arterial_endothelial","SUGP2",0.063
9.0434251366545e-12,0.612207842680613,0.161,0.098,2.21609132973719e-07,"Arterial_endothelial","SLC33A1",0.063
9.12418938933748e-12,0.46926848183459,0.286,0.198,2.23588260985715e-07,"Arterial_endothelial","ECHDC1",0.088
9.24526216398203e-12,0.265557145105285,0.688,0.586,2.2655514932838e-07,"Arterial_endothelial","FKBP8",0.102
9.33279841277621e-12,0.367380987095269,0.396,0.292,2.28700225105081e-07,"Arterial_endothelial","AC013461.1",0.104
9.45714448911739e-12,0.297697711480782,0.597,0.492,2.31747325705822e-07,"Arterial_endothelial","CEP68",0.105
9.79430546357593e-12,0.467981607712004,0.26,0.178,2.40009455384928e-07,"Arterial_endothelial","TM2D2",0.082
9.80093071217247e-12,0.568487290242143,0.189,0.12,2.40171807101786e-07,"Arterial_endothelial","TAF6",0.069
9.90836989915412e-12,0.405805865893884,0.222,0.146,2.42804604378772e-07,"Arterial_endothelial","TMEM223",0.076
1.00592349146241e-11,0.391954648263988,0.264,0.179,2.46501551582863e-07,"Arterial_endothelial","NAE1",0.085
1.04818776946661e-11,0.296541525090473,0.353,0.254,2.56858412907793e-07,"Arterial_endothelial","FAM114A1",0.099
1.06272747905235e-11,0.264182826379606,0.594,0.476,2.60421368741777e-07,"Arterial_endothelial","NDUFV2",0.118
1.09414678055158e-11,0.570293688525128,0.218,0.144,2.68120668574166e-07,"Arterial_endothelial","FGR",0.074
1.12598558136572e-11,0.373694942256221,0.243,0.162,2.75922766713671e-07,"Arterial_endothelial","MRPS14",0.081
1.15183522526222e-11,0.422952651906299,0.191,0.121,2.82257221950506e-07,"Arterial_endothelial","PPP1R9B",0.07
1.16879907486597e-11,0.529543045430636,0.161,0.097,2.86414213295907e-07,"Arterial_endothelial","RAB3D",0.064
1.18550625385037e-11,0.329976751889525,0.361,0.261,2.90508307506032e-07,"Arterial_endothelial","GTPBP4",0.1
1.19855512651945e-11,0.418273586001162,0.331,0.238,2.93705933753592e-07,"Arterial_endothelial","ZNRF1",0.093
1.20486541464542e-11,0.498926880565007,0.161,0.098,2.9525226985886e-07,"Arterial_endothelial","UCHL3",0.063
1.27368347515313e-11,0.332264622628579,0.527,0.421,3.12116135586274e-07,"Arterial_endothelial","PNKD",0.106
1.27893167896201e-11,0.515953592681953,0.152,0.091,3.13402207929641e-07,"Arterial_endothelial","BTD",0.061
1.29475805627347e-11,0.31117236650052,0.379,0.279,3.17280461689813e-07,"Arterial_endothelial","CHMP4B",0.1
1.31539268617596e-11,0.305589797807842,0.556,0.44,3.22336977747419e-07,"Arterial_endothelial","RCN2",0.116
1.31613143760649e-11,0.220869390619299,0.849,0.807,3.22518008785469e-07,"Arterial_endothelial","DAD1",0.0419999999999999
1.32644834186573e-11,0.338194262592021,0.364,0.267,3.25046166174197e-07,"Arterial_endothelial","ACTR1A",0.097
1.3296091377542e-11,0.33493597113735,0.323,0.229,3.25820719206666e-07,"Arterial_endothelial","DHX29",0.094
1.33963817848626e-11,0.350597104182417,0.496,0.391,3.28278335638058e-07,"Arterial_endothelial","SEC31A",0.105
1.34226700950503e-11,0.509769688477288,0.164,0.101,3.28922530679208e-07,"Arterial_endothelial","C14orf132",0.063
1.3562015947099e-11,0.36462350282972,0.268,0.183,3.32337200783661e-07,"Arterial_endothelial","RWDD4",0.085
1.43890552470559e-11,0.340818487742407,0.451,0.348,3.52603798829105e-07,"Arterial_endothelial","MARCH7",0.103
1.44283466853548e-11,0.410893455994776,0.245,0.165,3.53566635524618e-07,"Arterial_endothelial","ATP6V0A1",0.08
1.44714732298789e-11,0.580397595152971,0.162,0.099,3.54623451498183e-07,"Arterial_endothelial","CCDC159",0.063
1.49249218201468e-11,0.406389541322609,0.29,0.202,3.65735209202697e-07,"Arterial_endothelial","CKAP4",0.088
1.49683766515089e-11,0.771073521261225,0.211,0.141,3.66800069845225e-07,"Arterial_endothelial","PHLDA3",0.07
1.51261490235247e-11,0.44779626176548,0.253,0.172,3.70666281821472e-07,"Arterial_endothelial","NMD3",0.081
1.56568485652475e-11,0.658642004357323,0.361,0.277,3.83671074091391e-07,"Arterial_endothelial","DUSP5",0.084
1.63474659783669e-11,0.327701366123901,0.5,0.393,4.0059465379988e-07,"Arterial_endothelial","MKL2",0.107
1.69833300560869e-11,0.300420357598601,0.703,0.614,4.1617650302441e-07,"Arterial_endothelial","ID3",0.089
1.74566396027906e-11,0.393797929261712,0.208,0.134,4.27774953466384e-07,"Arterial_endothelial","PSME3",0.074
1.8071609866479e-11,0.344187314366863,0.499,0.39,4.42844799778068e-07,"Arterial_endothelial","AIDA",0.109
1.83768983447366e-11,0.379387689662577,0.212,0.137,4.50325893937769e-07,"Arterial_endothelial","MICU2",0.075
1.87814165457739e-11,0.40572040407812,0.173,0.107,4.60238612454188e-07,"Arterial_endothelial","CEP162",0.066
1.88270402373104e-11,0.674026362642894,0.151,0.092,4.61356621015292e-07,"Arterial_endothelial","PDE6D",0.059
1.91737039184693e-11,0.328633515746273,0.41,0.302,4.69851614522091e-07,"Arterial_endothelial","ERGIC2",0.108
2.02356616720237e-11,0.33633652940495,0.518,0.416,4.95874889272941e-07,"Arterial_endothelial","ECHS1",0.102
2.04426084210166e-11,0.243015309156931,0.812,0.775,5.00946119357012e-07,"Arterial_endothelial","ATRX",0.037
2.05144378167614e-11,0.404320225828187,0.173,0.107,5.02706298699737e-07,"Arterial_endothelial","ANO10",0.066
2.05233432992981e-11,0.522966533137244,0.153,0.093,5.02924527549299e-07,"Arterial_endothelial","ZSCAN30",0.06
2.09842182678003e-11,0.443263224220708,0.251,0.17,5.14218268652445e-07,"Arterial_endothelial","SOCS4",0.081
2.09954793312625e-11,0.422481447980515,0.321,0.231,5.14494221012588e-07,"Arterial_endothelial","CEP164",0.09
2.10272772369066e-11,0.51465831053622,0.19,0.122,5.15273428690395e-07,"Arterial_endothelial","ICMT",0.068
2.10285168565082e-11,0.351511460206527,0.318,0.226,5.15303805568733e-07,"Arterial_endothelial","PHF11",0.092
2.12383945730417e-11,0.611456398100725,0.162,0.1,5.20446859012386e-07,"Arterial_endothelial","RCOR1",0.062
2.14504182898806e-11,0.458861985713496,0.156,0.095,5.25642500193524e-07,"Arterial_endothelial","CCDC102A",0.061
2.18194196097364e-11,0.30631706198315,0.442,0.333,5.3468487753659e-07,"Arterial_endothelial","SNF8",0.109
2.19901207636986e-11,0.604359809506094,0.159,0.098,5.38867909314435e-07,"Arterial_endothelial","ZNF205",0.061
2.24633166236494e-11,0.497571779169917,0.236,0.161,5.50463573862528e-07,"Arterial_endothelial","PNPT1",0.075
2.25602625190462e-11,0.27227559221997,0.414,0.307,5.52839233029227e-07,"Arterial_endothelial","LRRFIP2",0.107
2.28978571659929e-11,0.367262386196847,0.442,0.344,5.61111989852655e-07,"Arterial_endothelial","SKI",0.098
2.30745770392106e-11,0.302071153089709,0.483,0.373,5.65442510345856e-07,"Arterial_endothelial","FGD5-AS1",0.11
2.35228458299039e-11,0.371971990994185,0.33,0.238,5.76427337061796e-07,"Arterial_endothelial","TTC28",0.092
2.37602274690023e-11,0.459609309514171,0.179,0.113,5.82244374127902e-07,"Arterial_endothelial","PSEN1",0.066
2.46535985348662e-11,0.27386488290927,0.651,0.547,6.04136432096897e-07,"Arterial_endothelial","KRTCAP2",0.104
2.47075327830489e-11,0.37368332448754,0.281,0.195,6.05458090848613e-07,"Arterial_endothelial","IMPAD1",0.086
2.48021427680169e-11,0.405791415964318,0.235,0.157,6.07776508530253e-07,"Arterial_endothelial","FAM20B",0.078
2.50324588749897e-11,0.358705817487958,0.368,0.269,6.13420404731623e-07,"Arterial_endothelial","MRPS36",0.099
2.50612616708961e-11,0.411507051647201,0.335,0.242,6.14126217245308e-07,"Arterial_endothelial","VPS37B",0.093
2.60379468358659e-11,0.503753980781406,0.185,0.118,6.38059887212893e-07,"Arterial_endothelial","DPP9",0.067
2.63044288629883e-11,0.453998228238139,0.229,0.153,6.44590029287529e-07,"Arterial_endothelial","POLDIP2",0.076
2.75053120940059e-11,0.488076412397076,0.175,0.11,6.74017672863614e-07,"Arterial_endothelial","FBXO8",0.065
2.75525948333654e-11,0.279640291861867,0.425,0.319,6.75176336391618e-07,"Arterial_endothelial","TXNL1",0.106
2.88098968918374e-11,0.412321749738618,0.255,0.175,7.05986523334476e-07,"Arterial_endothelial","MKRN1",0.08
2.97407538450373e-11,0.32032547574695,0.502,0.395,7.2879717297264e-07,"Arterial_endothelial","EAPP",0.107
2.9742210575274e-11,0.332483479662726,0.502,0.39,7.28832870147089e-07,"Arterial_endothelial","C9orf78",0.112
2.97715984080141e-11,0.394081148107443,0.166,0.103,7.29553018988384e-07,"Arterial_endothelial","C12orf49",0.063
2.99940345020112e-11,0.296677411197616,0.371,0.272,7.35003815471786e-07,"Arterial_endothelial","TNRC6C",0.099
3.01354920460242e-11,0.401586283857921,0.345,0.256,7.38470232587822e-07,"Arterial_endothelial","GLRX",0.089
3.01890731281019e-11,0.420379925706429,0.23,0.155,7.39783237004138e-07,"Arterial_endothelial","MEF2D",0.075
3.11269084949545e-11,0.271723380992446,0.644,0.539,7.62764892668859e-07,"Arterial_endothelial","UBE2D2",0.105
3.20999380174717e-11,0.465948124644147,0.2,0.129,7.86608981118144e-07,"Arterial_endothelial","NAA60",0.071
3.21717276581612e-11,0.433296877820177,0.328,0.239,7.88368186263239e-07,"Arterial_endothelial","COL6A1",0.089
3.2484860899598e-11,0.404166867371638,0.202,0.131,7.96041516344649e-07,"Arterial_endothelial","SLC35A4",0.071
3.26373296969248e-11,0.413723398296739,0.154,0.092,7.99777764223142e-07,"Arterial_endothelial","AP3M1",0.062
3.41383735380712e-11,0.43315029327509,0.164,0.101,8.36560843550434e-07,"Arterial_endothelial","KBTBD3",0.063
3.42410999089635e-11,0.247638302635097,0.787,0.718,8.39078153269151e-07,"Arterial_endothelial","PPIB",0.0690000000000001
3.51663685624962e-11,0.365561855259734,0.238,0.161,8.61751861623969e-07,"Arterial_endothelial","TRAK2",0.077
3.56511905335451e-11,0.428707700519726,0.274,0.191,8.73632424024523e-07,"Arterial_endothelial","PKD2",0.083
3.61349308668773e-11,0.337702683177729,0.42,0.318,8.85486480892828e-07,"Arterial_endothelial","LMBRD1",0.102
3.68409259493382e-11,0.307172807717262,0.673,0.594,9.02786890388533e-07,"Arterial_endothelial","NOP10",0.0790000000000001
3.72504534575545e-11,0.289115997581813,0.469,0.36,9.12822361977373e-07,"Arterial_endothelial","MEAF6",0.109
3.72659110540505e-11,0.24915636048846,0.848,0.794,9.13201150379509e-07,"Arterial_endothelial","ALDOA",0.0539999999999999
3.72945940899025e-11,0.459310298260166,0.201,0.131,9.13904028173061e-07,"Arterial_endothelial","CPSF2",0.07
3.77610727602659e-11,0.372230150383474,0.367,0.27,9.25335087990317e-07,"Arterial_endothelial","EIF4E",0.097
3.77832550401974e-11,0.29626405632189,0.515,0.408,9.25878664760037e-07,"Arterial_endothelial","RAB6A",0.107
3.86348114623684e-11,0.334677760041753,0.409,0.307,9.46746054885338e-07,"Arterial_endothelial","SDHB",0.102
3.89357556054327e-11,0.315840503704156,0.614,0.523,9.54120691111128e-07,"Arterial_endothelial","PDCD6",0.091
3.92756832044797e-11,0.29686082823094,0.252,0.17,9.62450616925776e-07,"Arterial_endothelial","BRE",0.082
4.12076000369142e-11,0.379136090842222,0.344,0.248,1.00979223890458e-06,"Arterial_endothelial","PIH1D1",0.096
4.20410238668051e-11,0.284191072146707,0.666,0.57,1.03021528985606e-06,"Arterial_endothelial","NDUFB9",0.0960000000000001
4.26417854659486e-11,0.329498615061066,0.52,0.412,1.04493695284307e-06,"Arterial_endothelial","TALDO1",0.108
4.36285919710684e-11,0.298885154457933,0.589,0.483,1.06911864625103e-06,"Arterial_endothelial","PPP1R12A",0.106
4.39103759476045e-11,0.356321340148871,0.376,0.28,1.07602376259605e-06,"Arterial_endothelial","ALYREF",0.096
4.60916932142059e-11,0.311959775869427,0.323,0.229,1.12947694221411e-06,"Arterial_endothelial","SMS",0.094
4.7383949002648e-11,0.421143034713696,0.229,0.153,1.16114367030989e-06,"Arterial_endothelial","TBC1D23",0.076
4.8421649627621e-11,0.268277338685514,0.46,0.349,1.18657252412485e-06,"Arterial_endothelial","CDIPT",0.111
4.92952782234399e-11,0.449041325095167,0.276,0.195,1.20798079286539e-06,"Arterial_endothelial","ARMC1",0.081
4.95015048008671e-11,0.432101273457692,0.31,0.222,1.21303437514525e-06,"Arterial_endothelial","CWC27",0.088
5.06221215771471e-11,0.270705025146146,0.72,0.636,1.24049508924799e-06,"Arterial_endothelial","ZNHIT1",0.084
5.11666529996714e-11,0.272061027595006,0.661,0.575,1.25383883175695e-06,"Arterial_endothelial","RAB5C",0.0860000000000001
5.1233207530608e-11,0.296974990331538,0.579,0.474,1.25546975053755e-06,"Arterial_endothelial","ANP32A",0.105
5.27672195336088e-11,0.505254940261414,0.204,0.134,1.29306071467108e-06,"Arterial_endothelial","CBL",0.07
5.29106656459129e-11,0.339150121854407,0.232,0.155,1.2965758616531e-06,"Arterial_endothelial","EDEM3",0.077
5.36282494921033e-11,0.592246220841765,0.151,0.092,1.31416025380399e-06,"Arterial_endothelial","PRKACB",0.059
5.40686811297464e-11,0.353568436279817,0.488,0.39,1.32495303108443e-06,"Arterial_endothelial","FRY",0.098
5.44454720868226e-11,0.492228753111982,0.18,0.114,1.33418629348759e-06,"Arterial_endothelial","POLR3K",0.066
5.46226959913515e-11,0.42586354729785,0.214,0.142,1.33852916526807e-06,"Arterial_endothelial","ATP6V1C1",0.072
5.62269420022699e-11,0.38411780009123,0.166,0.103,1.37784121376562e-06,"Arterial_endothelial","USP5",0.063
5.70142924259355e-11,0.33515641959997,0.354,0.262,1.39713523589755e-06,"Arterial_endothelial","CREB1",0.092
5.79405939493598e-11,0.378450460391209,0.308,0.22,1.41983425472906e-06,"Arterial_endothelial","ACSL3",0.088
5.89710747812418e-11,0.390020409025731,0.209,0.137,1.44508618751433e-06,"Arterial_endothelial","VPS37A",0.072
5.96098043471406e-11,0.342314059348711,0.389,0.287,1.46073825552668e-06,"Arterial_endothelial","FBXL3",0.102
6.09423286557532e-11,0.264806251826908,0.666,0.558,1.49339176370923e-06,"Arterial_endothelial","PSME2",0.108
6.45412086432879e-11,0.471123155225082,0.212,0.14,1.58158231780377e-06,"Arterial_endothelial","SS18",0.072
6.48366023850892e-11,0.357041388278082,0.296,0.209,1.58882094144661e-06,"Arterial_endothelial","PCSK7",0.087
6.67206471419483e-11,0.421216229636284,0.248,0.169,1.63498945821344e-06,"Arterial_endothelial","HPRT1",0.079
6.68419355757134e-11,0.352382786182771,0.24,0.162,1.63796163128286e-06,"Arterial_endothelial","RPAP2",0.078
6.89244523772791e-11,0.289338576132752,0.291,0.204,1.68899370550522e-06,"Arterial_endothelial","RAD50",0.087
7.0432896064858e-11,0.321177233045001,0.412,0.309,1.72595811806935e-06,"Arterial_endothelial","CLNS1A",0.103
7.12349485348594e-11,0.42514533622692,0.2,0.131,1.74561241384673e-06,"Arterial_endothelial","SLC25A46",0.069
7.12576382331734e-11,0.445004499370073,0.197,0.129,1.74616842490391e-06,"Arterial_endothelial","IAH1",0.068
7.21555576079637e-11,0.362863449252451,0.28,0.197,1.76817193918315e-06,"Arterial_endothelial","MRFAP1L1",0.083
7.40196273959278e-11,0.438490557509353,0.26,0.182,1.81385096933721e-06,"Arterial_endothelial","RABGGTB",0.078
7.5398288241457e-11,0.344740553643138,0.202,0.131,1.8476350533569e-06,"Arterial_endothelial","MTCH2",0.071
7.61378478496359e-11,0.278637386010315,0.614,0.515,1.86575796155533e-06,"Arterial_endothelial","KDELR2",0.099
8.08577982917548e-11,0.390419370362693,0.232,0.155,1.98142034713945e-06,"Arterial_endothelial","DNAJB2",0.077
8.36930442061788e-11,0.437468998602802,0.176,0.111,2.05089804827241e-06,"Arterial_endothelial","BBS2",0.065
8.57560678707838e-11,0.32327667536591,0.371,0.275,2.10145244317356e-06,"Arterial_endothelial","PPP2CA",0.096
8.68503037128255e-11,0.29224990573012,0.66,0.566,2.12826669248279e-06,"Arterial_endothelial","NENF",0.0940000000000001
8.79416104741718e-11,0.306140239171758,0.316,0.225,2.15500916466958e-06,"Arterial_endothelial","TPP1",0.091
9.20451112077458e-11,0.5407938591562,0.178,0.114,2.25556545014581e-06,"Arterial_endothelial","TUBB2A",0.064
9.25731057171161e-11,0.232899158215323,0.904,0.873,2.26850395559793e-06,"Arterial_endothelial","TSC22D1",0.031
9.32578770009138e-11,0.52297842159699,0.185,0.12,2.28528427590739e-06,"Arterial_endothelial","TMEM107",0.065
9.35165728447568e-11,0.380609441075124,0.294,0.21,2.29162361756077e-06,"Arterial_endothelial","SLC39A7",0.084
9.71529662099996e-11,0.309188398856882,0.391,0.292,2.38073343697604e-06,"Arterial_endothelial","RAPGEF2",0.099
9.73328839361637e-11,0.414209556704504,0.179,0.113,2.38514232085569e-06,"Arterial_endothelial","RAB40B",0.066
1.04709488687234e-10,0.544332561645247,0.151,0.093,2.56590602028067e-06,"Arterial_endothelial","C7orf49",0.058
1.05211626723115e-10,0.281444188468697,0.534,0.429,2.57821091284993e-06,"Arterial_endothelial","SSU72",0.105
1.0700829871034e-10,0.311630246401653,0.256,0.175,2.62223835989688e-06,"Arterial_endothelial","CCDC43",0.081
1.07654507995251e-10,0.395231365187628,0.251,0.172,2.63807371842363e-06,"Arterial_endothelial","TBC1D9",0.079
1.08361469100417e-10,0.400729421243514,0.19,0.123,2.65539780030572e-06,"Arterial_endothelial","ERO1A",0.067
1.10658511766196e-10,0.369522990103551,0.239,0.162,2.71168683083064e-06,"Arterial_endothelial","MLLT1",0.077
1.1158595922571e-10,0.503590711816732,0.163,0.103,2.73441393082603e-06,"Arterial_endothelial","MED27",0.06
1.13003174175554e-10,0.43433753229161,0.152,0.093,2.76914278317195e-06,"Arterial_endothelial","ATG9A",0.059
1.14386461737689e-10,0.301511336816017,0.406,0.305,2.80304024488207e-06,"Arterial_endothelial","FAM162A",0.101
1.14566158966991e-10,0.34004657382198,0.277,0.193,2.80744372548612e-06,"Arterial_endothelial","OAT",0.084
1.17959748729806e-10,0.466623415471254,0.186,0.121,2.89060364262389e-06,"Arterial_endothelial","PAK4",0.065
1.18291647981159e-10,0.2982607466247,0.577,0.48,2.89873683377829e-06,"Arterial_endothelial","RPN2",0.097
1.19450887417927e-10,0.332805948161127,0.423,0.323,2.92714399617631e-06,"Arterial_endothelial","ARF5",0.1
1.22145221529183e-10,0.305709699717464,0.449,0.351,2.99316865357264e-06,"Arterial_endothelial","LIPA",0.098
1.2308022010635e-10,0.29376144979837,0.411,0.31,3.01608079370611e-06,"Arterial_endothelial","NOTCH1",0.101
1.26620524149759e-10,0.319601369332383,0.577,0.477,3.10283594428984e-06,"Arterial_endothelial","COMT",0.1
1.27497929189583e-10,0.348323349356642,0.408,0.31,3.12433675479073e-06,"Arterial_endothelial","SRM",0.098
1.27648053563366e-10,0.249824350570154,0.61,0.506,3.12801555257027e-06,"Arterial_endothelial","PSMC5",0.104
1.32486729954293e-10,0.292029962241577,0.463,0.359,3.24658731752995e-06,"Arterial_endothelial","REEP3",0.104
1.33502117750109e-10,0.434704638057164,0.222,0.149,3.27146939546641e-06,"Arterial_endothelial","FAM96A",0.073
1.33790992534376e-10,0.444461952366846,0.251,0.174,3.27854827205488e-06,"Arterial_endothelial","RIMKLB",0.077
1.34349785422702e-10,0.394918134935314,0.224,0.151,3.29224149178331e-06,"Arterial_endothelial","EIF4E2",0.073
1.34464222111252e-10,0.433240750041795,0.297,0.213,3.29504576283622e-06,"Arterial_endothelial","ORMDL2",0.084
1.3592626291567e-10,0.365525686090814,0.199,0.13,3.3308730727485e-06,"Arterial_endothelial","TET2",0.069
1.38693605996757e-10,0.473003342196679,0.246,0.171,3.39868681495053e-06,"Arterial_endothelial","ABTB1",0.075
1.40343752795844e-10,0.28089256919163,0.633,0.531,3.43912366226216e-06,"Arterial_endothelial","GTF2I",0.102
1.40887062048945e-10,0.438261428435396,0.18,0.116,3.4524374555094e-06,"Arterial_endothelial","MPPE1",0.064
1.44999532343947e-10,0.365806849708248,0.325,0.234,3.55321354008843e-06,"Arterial_endothelial","TRAPPC4",0.091
1.46387080266504e-10,0.353810248883196,0.844,0.795,3.58721540193067e-06,"Arterial_endothelial","RDX",0.0489999999999999
1.5183792269014e-10,0.273746695128776,0.298,0.211,3.72078829552187e-06,"Arterial_endothelial","NEK7",0.087
1.56510449383406e-10,0.387480245107915,0.152,0.093,3.83528856214037e-06,"Arterial_endothelial","TMEM19",0.059
1.57449374368313e-10,0.423015320108907,0.272,0.192,3.85829691889551e-06,"Arterial_endothelial","RRP7A",0.08
1.60576293295261e-10,0.382069405726339,0.284,0.202,3.93492206720038e-06,"Arterial_endothelial","FBXW11",0.082
1.62879290409724e-10,0.414010087055573,0.289,0.206,3.99135701149028e-06,"Arterial_endothelial","GIPC1",0.083
1.65600542521005e-10,0.598907097622396,0.16,0.101,4.05804129447722e-06,"Arterial_endothelial","LINC01003",0.059
1.66575151628075e-10,0.421821567599962,0.377,0.285,4.08192409064599e-06,"Arterial_endothelial","AGTRAP",0.092
1.68067075426646e-10,0.363507944034296,0.306,0.22,4.11848368332996e-06,"Arterial_endothelial","MAT2B",0.086
1.68914253277987e-10,0.424591069721985,0.258,0.179,4.13924377657708e-06,"Arterial_endothelial","STK4",0.079
1.72787854140525e-10,0.382521919913684,0.305,0.218,4.23416636571357e-06,"Arterial_endothelial","AMFR",0.087
1.74492301611029e-10,0.34735557675285,0.495,0.397,4.27593385097826e-06,"Arterial_endothelial","PICALM",0.098
1.75636106628749e-10,0.302577042616082,0.552,0.446,4.30396279293749e-06,"Arterial_endothelial","PSMA4",0.106
1.7686645898089e-10,0.346550794935504,0.26,0.18,4.33411257732671e-06,"Arterial_endothelial","ANKRD40",0.08
1.77249106183588e-10,0.451857606907624,0.151,0.093,4.34348934702883e-06,"Arterial_endothelial","NEDD1",0.058
1.77510657735989e-10,0.270850004885831,0.684,0.6,4.34989866782041e-06,"Arterial_endothelial","SEC61G",0.0840000000000001
1.95312534328231e-10,0.286598750388712,0.528,0.422,4.78613365371329e-06,"Arterial_endothelial","DNAJC3",0.106
1.95419891501946e-10,0.293142736855262,0.237,0.161,4.78876444125519e-06,"Arterial_endothelial","KIF3B",0.076
1.96343384694295e-10,0.304467420883574,0.259,0.178,4.8113946419337e-06,"Arterial_endothelial","TPGS2",0.081
1.99917247280713e-10,0.350459875737206,0.224,0.15,4.89897214461388e-06,"Arterial_endothelial","VAMP4",0.074
2.01749115592921e-10,0.241336975025603,0.458,0.347,4.94386207760453e-06,"Arterial_endothelial","GNA11",0.111
2.04141713688332e-10,0.30351019614963,0.265,0.184,5.00249269393259e-06,"Arterial_endothelial","GOLGA3",0.081
2.06951288041257e-10,0.482299234004105,0.192,0.126,5.071341313451e-06,"Arterial_endothelial","DNMT3A",0.066
2.0839956862741e-10,0.277310184085606,0.277,0.192,5.10683142921468e-06,"Arterial_endothelial","CMAS",0.085
2.09061473636157e-10,0.25554552553515,0.525,0.416,5.12305141145403e-06,"Arterial_endothelial","MRPL52",0.109
2.09281631098384e-10,0.305795568644157,0.356,0.264,5.1284463700659e-06,"Arterial_endothelial","PUM2",0.092
2.16809526807062e-10,0.35322021536955,0.464,0.361,5.31291745440706e-06,"Arterial_endothelial","LSM4",0.103
2.23370732146579e-10,0.294741035749856,0.508,0.412,5.47369979125193e-06,"Arterial_endothelial","RNASEH2C",0.096
2.29638579299386e-10,0.496391248837294,0.152,0.094,5.62729338573145e-06,"Arterial_endothelial","IKBKG",0.058
2.31600611240369e-10,0.264297795328341,0.563,0.453,5.67537297844525e-06,"Arterial_endothelial","MYDGF",0.11
2.36318043339610e-10,0.286159904680592,0.522,0.417,5.79097365203713e-06,"Arterial_endothelial","RANBP2",0.105
2.36376714086814e-10,0.352996354995285,0.328,0.236,5.79241137869739e-06,"Arterial_endothelial","NMI",0.092
2.38039348373807e-10,0.245198656922855,0.364,0.267,5.83315423190015e-06,"Arterial_endothelial","SRSF1",0.097
2.3917328098953e-10,0.363154269159132,0.411,0.316,5.86094125064844e-06,"Arterial_endothelial","MFSD10",0.095
2.39638801439719e-10,0.992289910243076,0.156,0.101,5.87234882928031e-06,"Arterial_endothelial","NPR3",0.055
2.50542458016277e-10,0.375411478686917,0.216,0.145,6.13954293368886e-06,"Arterial_endothelial","ANKH",0.071
2.52178424252627e-10,0.441140554245467,0.17,0.108,6.17963228631062e-06,"Arterial_endothelial","TAF9B",0.062
2.52393435147128e-10,0.304180949357088,0.449,0.347,6.18490112828037e-06,"Arterial_endothelial","SCOC",0.102
2.57301707328336e-10,0.318373297866206,0.314,0.226,6.30517833808087e-06,"Arterial_endothelial","PSMC2",0.088
2.65617822798381e-10,0.302835035392406,0.482,0.388,6.50896474767433e-06,"Arterial_endothelial","TAOK1",0.094
2.68283436586149e-10,0.388447982266574,0.408,0.311,6.57428561354358e-06,"Arterial_endothelial","RBFOX2",0.097
2.70862645264292e-10,0.3027791705197,0.305,0.217,6.63748912220149e-06,"Arterial_endothelial","JUP",0.088
2.74204063699569e-10,0.434374839749408,0.183,0.118,6.71937058095795e-06,"Arterial_endothelial","FOPNL",0.065
2.82915005217826e-10,0.363018785272499,0.26,0.18,6.93283220286283e-06,"Arterial_endothelial","MFSD14B",0.08
3.11131272319248e-10,0.372241649590173,0.256,0.177,7.62427182818317e-06,"Arterial_endothelial","TMEM115",0.079
3.22924742281939e-10,0.325509976268844,0.474,0.37,7.91327080961892e-06,"Arterial_endothelial","H2AFY",0.104
3.24370056539518e-10,0.540706190027829,0.151,0.094,7.94868823550089e-06,"Arterial_endothelial","PLAA",0.057
3.27573245237464e-10,0.362872599350201,0.32,0.235,8.02718237454406e-06,"Arterial_endothelial","BECN1",0.085
3.28823829392703e-10,0.250688941501081,0.507,0.402,8.05782793926818e-06,"Arterial_endothelial","FERMT2",0.105
3.28935387985521e-10,0.263491067236647,0.639,0.54,8.06056168258518e-06,"Arterial_endothelial","MYCT1",0.099
3.36210200299922e-10,0.303280173133905,0.562,0.454,8.2388309583496e-06,"Arterial_endothelial","FUNDC2",0.108
3.37301469240146e-10,0.42361226146719,0.323,0.239,8.26557250372977e-06,"Arterial_endothelial","RALGAPA1",0.084
3.40648869936494e-10,0.3077819222439,0.246,0.169,8.3476005577938e-06,"Arterial_endothelial","TRIM8",0.077
3.46203294743898e-10,0.357159905851808,0.393,0.299,8.48371173769923e-06,"Arterial_endothelial","SAMD9L",0.094
3.51281145340747e-10,0.414814600271471,0.165,0.105,8.608144466575e-06,"Arterial_endothelial","TSFM",0.06
3.56014297467121e-10,0.312909234518929,0.409,0.31,8.72413035943181e-06,"Arterial_endothelial","GATA2",0.099
3.61280115326572e-10,0.274718843966215,0.308,0.219,8.85316922607765e-06,"Arterial_endothelial","SCAMP2",0.089
3.6145016047077e-10,0.407858077780971,0.283,0.204,8.85733618233622e-06,"Arterial_endothelial","RAB12",0.079
3.65040266697689e-10,0.372850485527096,0.334,0.247,8.94531173542687e-06,"Arterial_endothelial","DYNC1LI1",0.087
3.69403504821506e-10,0.414680407263812,0.288,0.205,9.05223288565101e-06,"Arterial_endothelial","MRPL12",0.083
3.70697076172972e-10,0.425954019120508,0.243,0.168,9.08393185161868e-06,"Arterial_endothelial","EXT2",0.075
3.86895699148959e-10,0.363524922437445,0.186,0.121,9.48087910764524e-06,"Arterial_endothelial","DCAF12",0.065
3.97029738169952e-10,0.42015852336685,0.858,0.89,9.72921373385467e-06,"Arterial_endothelial","DUSP1",-0.032
4.04203264345545e-10,0.30747824761331,0.473,0.368,9.90500099278759e-06,"Arterial_endothelial","RER1",0.105
4.18011783635613e-10,0.439728517543779,0.171,0.11,1.02433787579907e-05,"Arterial_endothelial","STX11",0.061
4.26206026509291e-10,0.396949881330146,0.161,0.102,1.04441786796102e-05,"Arterial_endothelial","RBBP8",0.059
4.54882362610916e-10,0.216159614148517,0.789,0.717,1.11468922957805e-05,"Arterial_endothelial","PSMB1",0.0720000000000001
4.55870863715032e-10,0.456245365045663,0.176,0.115,1.11711155153369e-05,"Arterial_endothelial","MRPL39",0.061
4.65861475933769e-10,0.352724507257909,0.26,0.183,1.1415935467757e-05,"Arterial_endothelial","ATMIN",0.077
4.76381292032966e-10,0.35300991013154,0.39,0.297,1.16737235612678e-05,"Arterial_endothelial","PSMD2",0.093
4.85327969643843e-10,0.283355914183647,0.521,0.422,1.18929618961224e-05,"Arterial_endothelial","MRPS18C",0.099
4.92450181503749e-10,0.277802904125307,0.611,0.502,1.20674916977494e-05,"Arterial_endothelial","SUMO1",0.109
4.93147427346477e-10,0.321897670517498,0.335,0.249,1.20845777071254e-05,"Arterial_endothelial","GABPA",0.086
4.95622133880712e-10,0.321194111212635,0.438,0.341,1.21452203907468e-05,"Arterial_endothelial","UBE2K",0.097
4.99794937231965e-10,0.323460596560703,0.35,0.26,1.22474749368693e-05,"Arterial_endothelial","MED19",0.09
5.00287980167056e-10,0.243821826787681,0.505,0.4,1.22595569539937e-05,"Arterial_endothelial","POLR2K",0.105
5.12427900862282e-10,0.385375306518969,0.217,0.147,1.25570457106302e-05,"Arterial_endothelial","TRIM69",0.07
5.25803129298892e-10,0.39665458368107,0.231,0.159,1.28848056834693e-05,"Arterial_endothelial","MTMR12",0.072
5.28270778655971e-10,0.390672714934161,0.206,0.138,1.29452754309646e-05,"Arterial_endothelial","SLC39A13",0.068
5.30278315698026e-10,0.434572098820448,0.18,0.117,1.29944701261801e-05,"Arterial_endothelial","SNAPC3",0.063
5.45888478817916e-10,0.303814456974051,0.493,0.395,1.3376997173433e-05,"Arterial_endothelial","PPP1R2",0.098
5.52297954147196e-10,0.349212491107336,0.222,0.15,1.3534061366377e-05,"Arterial_endothelial","CCDC92",0.072
5.67525656805489e-10,0.296956221198013,0.465,0.365,1.39072162200185e-05,"Arterial_endothelial","SIGIRR",0.1
6.0334346433697e-10,0.321377257596268,0.206,0.138,1.47849315935775e-05,"Arterial_endothelial","ATP6V1H",0.068
6.07457961655045e-10,0.361809916888698,0.196,0.13,1.48857573503569e-05,"Arterial_endothelial","NRDE2",0.066
6.25248043801011e-10,0.398472777610244,0.195,0.129,1.53217033133438e-05,"Arterial_endothelial","MBOAT7",0.066
6.60449463393244e-10,0.254784474799281,0.641,0.537,1.61843141004514e-05,"Arterial_endothelial","REEP5",0.104
6.8340125193942e-10,0.302749404698694,0.654,0.566,1.67467476787755e-05,"Arterial_endothelial","PDIA6",0.0880000000000001
6.96371419590494e-10,0.249732189784766,0.666,0.57,1.70645816370651e-05,"Arterial_endothelial","RAB7A",0.0960000000000001
7.07250409786134e-10,0.313671771398157,0.168,0.106,1.73311712918092e-05,"Arterial_endothelial","TLE2",0.062
7.25661088385476e-10,0.41411459308351,0.195,0.129,1.77823249708861e-05,"Arterial_endothelial","ZDHHC9",0.066
7.49850767847689e-10,0.200207539935264,0.782,0.722,1.83750930661076e-05,"Arterial_endothelial","ARL2",0.0600000000000001
7.61459650380306e-10,0.378547906683306,0.152,0.095,1.86595687325694e-05,"Arterial_endothelial","SHISA4",0.057
7.72888510128748e-10,0.288285468173826,0.362,0.271,1.8939632940705e-05,"Arterial_endothelial","RABGAP1",0.091
7.95484161303623e-10,0.414806920363774,0.161,0.102,1.94933393727453e-05,"Arterial_endothelial","CEP135",0.059
8.1265741936873e-10,0.264175109995439,0.64,0.555,1.99141700616307e-05,"Arterial_endothelial","COX7B",0.085
8.32244084128194e-10,0.445139384317148,0.301,0.221,2.03941412815614e-05,"Arterial_endothelial","TP53TG1",0.08
8.80258202048602e-10,0.341798110364318,0.325,0.239,2.1570727241201e-05,"Arterial_endothelial","FCHSD2",0.086
9.38702346167235e-10,0.345422809951785,0.314,0.23,2.30029009928281e-05,"Arterial_endothelial","RAB3GAP1",0.084
9.52794984301152e-10,0.391820809593559,0.219,0.15,2.33482410902997e-05,"Arterial_endothelial","SMARCD2",0.069
9.55176049077466e-10,0.276530851764484,0.343,0.253,2.34065890826433e-05,"Arterial_endothelial","NUBP2",0.09
9.69323005537239e-10,0.352645303216424,0.347,0.256,2.375326025069e-05,"Arterial_endothelial","PNPLA8",0.091
9.75763921678734e-10,0.285605689751227,0.436,0.337,2.39110949007374e-05,"Arterial_endothelial","TMEM106B",0.099
9.78096700126155e-10,0.457541130469697,0.183,0.121,2.39682596365914e-05,"Arterial_endothelial","MCRS1",0.062
9.79743147861095e-10,0.301404348057757,0.426,0.336,2.40086058383361e-05,"Arterial_endothelial","PMEPA1",0.09
1.06012139010322e-09,0.259137049226606,0.749,0.679,2.59782746644794e-05,"Arterial_endothelial","TMEM109",0.07
1.06673183574628e-09,0.338255745993688,0.248,0.174,2.61402636349627e-05,"Arterial_endothelial","PCYT1A",0.074
1.07853082724488e-09,0.362531196711695,0.219,0.149,2.64293979216357e-05,"Arterial_endothelial","TBC1D10A",0.07
1.07967799768823e-09,0.473699568025218,0.242,0.171,2.64575093333501e-05,"Arterial_endothelial","CBR3",0.071
1.08664463886301e-09,0.258988515702464,0.429,0.331,2.6628226875338e-05,"Arterial_endothelial","CASKIN2",0.098
1.10942658576305e-09,0.333136337742668,0.302,0.221,2.71864984841235e-05,"Arterial_endothelial","RPGR",0.081
1.14208929839919e-09,0.453932398526074,0.151,0.095,2.79868982572723e-05,"Arterial_endothelial","TMEM199",0.056
1.15610259031108e-09,0.32576372998695,0.276,0.196,2.8330293975573e-05,"Arterial_endothelial","VBP1",0.08
1.16838609358966e-09,0.32480449594397,0.473,0.379,2.86313012234146e-05,"Arterial_endothelial","PAFAH1B1",0.094
1.213248747111e-09,0.415718729603155,0.158,0.1,2.97306605479551e-05,"Arterial_endothelial","USP39",0.058
1.2461547617571e-09,0.332146387441599,0.214,0.146,3.05370224368577e-05,"Arterial_endothelial","LANCL1",0.068
1.26219748534199e-09,0.266919909182075,0.569,0.471,3.09301493783054e-05,"Arterial_endothelial","RAB1A",0.098
1.29659606654223e-09,0.400769191856932,0.168,0.108,3.17730866106174e-05,"Arterial_endothelial","DPY19L1",0.06
1.29889791821964e-09,0.250547357759022,0.382,0.284,3.18294934859722e-05,"Arterial_endothelial","RSRC1",0.098
1.31395954240259e-09,0.384020677962223,0.27,0.193,3.21985785865755e-05,"Arterial_endothelial","TRIP6",0.077
1.33876791851948e-09,0.293414710413069,0.389,0.296,3.280650784332e-05,"Arterial_endothelial","ABCE1",0.093
1.35145002170502e-09,0.430135098727496,0.212,0.145,3.31172827818815e-05,"Arterial_endothelial","PRPS1",0.067
1.44527766891802e-09,0.337861004407573,0.18,0.117,3.5416529276836e-05,"Arterial_endothelial","CDK16",0.063
1.44853532362460e-09,0.263814251155727,0.548,0.44,3.54963581054207e-05,"Arterial_endothelial","TNFSF12",0.108
1.48047674841781e-09,0.259949509358517,0.301,0.216,3.62790827199785e-05,"Arterial_endothelial","FAR1",0.085
1.48270115858551e-09,0.294544443402775,0.587,0.497,3.6333591891138e-05,"Arterial_endothelial","NGFRAP1",0.09
1.49626379297851e-09,0.366596305286745,0.173,0.113,3.66659442469385e-05,"Arterial_endothelial","PPP6R1",0.06
1.53346161029044e-09,0.366909990098311,0.217,0.147,3.75774767601673e-05,"Arterial_endothelial","SRPRB",0.07
1.58219366316938e-09,0.272124089205162,0.371,0.279,3.87716557159656e-05,"Arterial_endothelial","ATF6",0.092
1.65184691656549e-09,0.283831821009314,0.368,0.276,4.04785086904373e-05,"Arterial_endothelial","COPB2",0.092
1.69802050799265e-09,0.279884448796835,0.803,0.741,4.16099925483599e-05,"Arterial_endothelial","BTG2",0.0620000000000001
1.69922444843191e-09,0.37456103913196,0.241,0.17,4.16394951088239e-05,"Arterial_endothelial","CHD3",0.071
1.71090029109572e-09,0.282595324810799,0.477,0.374,4.19256116333007e-05,"Arterial_endothelial","MPG",0.103
1.73301063889037e-09,0.416689248255281,0.183,0.122,4.24674257060084e-05,"Arterial_endothelial","LYRM7",0.061
1.73491359879533e-09,0.333402290603237,0.473,0.38,4.25140577384795e-05,"Arterial_endothelial","CYBRD1",0.093
1.76154115445485e-09,0.283610604732622,0.34,0.251,4.3166565989916e-05,"Arterial_endothelial","USP12",0.089
1.78568851586593e-09,0.342641343568028,0.43,0.339,4.37582970812945e-05,"Arterial_endothelial","CNIH4",0.091
1.82217823356177e-09,0.295371629701822,0.364,0.276,4.46524776134313e-05,"Arterial_endothelial","ADSS",0.088
1.82836901935742e-09,0.381190145132741,0.209,0.142,4.48041828193537e-05,"Arterial_endothelial","C19orf25",0.067
1.86322390859766e-09,0.526730045056596,0.163,0.107,4.56583018801857e-05,"Arterial_endothelial","NPLOC4",0.056
1.88260777993023e-09,0.315080653948596,0.392,0.3,4.61333036471904e-05,"Arterial_endothelial","PSMD11",0.092
1.92657346493212e-09,0.377682161952727,0.163,0.105,4.72106827581617e-05,"Arterial_endothelial","ALG2",0.058
1.9440395913387e-09,0.261393593990293,0.578,0.474,4.7638690185755e-05,"Arterial_endothelial","AURKAIP1",0.104
1.95799612467461e-09,0.443234899943526,0.214,0.147,4.79806950351514e-05,"Arterial_endothelial","IL10RB",0.067
2.02365514030685e-09,0.318335268500627,0.362,0.27,4.95896692132194e-05,"Arterial_endothelial","CYTH2",0.092
2.03073498526862e-09,0.278750809739752,0.307,0.224,4.97631608140075e-05,"Arterial_endothelial","HIF3A",0.083
2.08487767654203e-09,0.277756665319314,0.56,0.461,5.10899274636625e-05,"Arterial_endothelial","P4HB",0.099
2.10598773059918e-09,0.310724020531857,0.387,0.295,5.16072293383329e-05,"Arterial_endothelial","KLC1",0.092
2.10908080767375e-09,0.317779200004404,0.318,0.235,5.16830251920452e-05,"Arterial_endothelial","ZNF37A",0.083
2.13035566346151e-09,0.235906932303145,0.568,0.476,5.22043655331242e-05,"Arterial_endothelial","SRP72",0.092
2.13944111716481e-09,0.30114022123343,0.289,0.209,5.24270045761237e-05,"Arterial_endothelial","BOLA3",0.08
2.16258676695169e-09,0.282943176291401,0.35,0.258,5.29941887241512e-05,"Arterial_endothelial","C14orf119",0.092
2.19461338500545e-09,0.318288349356421,0.279,0.2,5.37790009995586e-05,"Arterial_endothelial","TMEM203",0.079
2.22461133343521e-09,0.283254676098295,0.384,0.289,5.45141007258298e-05,"Arterial_endothelial","C17orf89",0.095
2.24896410554305e-09,0.365426672979734,0.396,0.311,5.51108654063325e-05,"Arterial_endothelial","LPGAT1",0.085
2.30339950299663e-09,0.276980688350166,0.333,0.246,5.64448048209323e-05,"Arterial_endothelial","MRPS16",0.087
2.34668200153437e-09,0.620368698485194,0.182,0.123,5.75054424475999e-05,"Arterial_endothelial","TIMP4",0.059
2.43422894394387e-09,0.46724121034663,0.226,0.157,5.96507802713446e-05,"Arterial_endothelial","DPF2",0.069
2.48984762297402e-09,0.209574750963119,0.468,0.361,6.10137160009784e-05,"Arterial_endothelial","LINC00116",0.107
2.51300957827269e-09,0.255077595740717,0.387,0.293,6.15812997155724e-05,"Arterial_endothelial","ARCN1",0.094
2.56092566385588e-09,0.364067586991093,0.243,0.171,6.27554833927882e-05,"Arterial_endothelial","RANBP9",0.072
2.57448826222967e-09,0.40162662629316,0.187,0.125,6.3087834865938e-05,"Arterial_endothelial","CIAPIN1",0.062
2.58500154417967e-09,0.309250320243635,0.441,0.344,6.33454628401228e-05,"Arterial_endothelial","TMEM9B",0.097
2.65771528333391e-09,0.310847037529863,0.266,0.189,6.51273130180976e-05,"Arterial_endothelial","PPP1R12C",0.077
2.67828953806266e-09,0.272437004751862,0.222,0.151,6.56314851302256e-05,"Arterial_endothelial","TMEM33",0.071
2.69337376297712e-09,0.536760300395696,0.19,0.127,6.60011240617544e-05,"Arterial_endothelial","CASK",0.063
2.72880268545494e-09,0.318459050996772,0.268,0.191,6.68693098070734e-05,"Arterial_endothelial","SLC35B1",0.077
2.7830701051584e-09,0.418554365738225,0.16,0.104,6.81991329269066e-05,"Arterial_endothelial","SCAF1",0.056
2.81817260864045e-09,0.230117377446734,0.769,0.689,6.90593197747341e-05,"Arterial_endothelial","TPI1",0.0800000000000001
2.84669804203719e-09,0.324252538879617,0.168,0.109,6.97583355201214e-05,"Arterial_endothelial","SSH2",0.059
2.91014158975135e-09,0.307120809834261,0.362,0.272,7.13130196568567e-05,"Arterial_endothelial","ATF6B",0.09
2.99120354720784e-09,0.385649248685232,0.286,0.209,7.3299442924328e-05,"Arterial_endothelial","KIF2A",0.077
3.00482999939149e-09,0.251889203620988,0.616,0.513,7.36333591350884e-05,"Arterial_endothelial","RAB14",0.103
3.0340659813305e-09,0.429945871215199,0.22,0.154,7.43497868725038e-05,"Arterial_endothelial","ILF3-AS1",0.066
3.0525402514317e-09,0.361404367295229,0.241,0.169,7.48024988613338e-05,"Arterial_endothelial","BLVRA",0.072
3.07921548193625e-09,0.315225987576022,0.354,0.267,7.54561753848479e-05,"Arterial_endothelial","TMCO3",0.087
3.16880941589967e-09,0.289209368947483,0.448,0.35,7.76516747366215e-05,"Arterial_endothelial","CTDSP1",0.098
3.248230009742e-09,0.53753625294278,0.15,0.097,7.95978763887277e-05,"Arterial_endothelial","TBCC",0.053
3.40384009252639e-09,0.533757870454214,0.156,0.101,8.34111014673592e-05,"Arterial_endothelial","TLE3",0.055
3.52662389075188e-09,0.386122487168705,0.209,0.143,8.64199184428748e-05,"Arterial_endothelial","CMSS1",0.066
3.5321458439393e-09,0.245138362111831,0.718,0.648,8.65552339057325e-05,"Arterial_endothelial","LAMTOR4",0.07
3.61937695734586e-09,0.276881265587701,0.456,0.365,8.86928323397603e-05,"Arterial_endothelial","SNX9",0.091
3.66448998665512e-09,0.324343048622702,0.217,0.149,8.97983271229837e-05,"Arterial_endothelial","LRRC57",0.068
3.67635073072412e-09,0.311079014509515,0.405,0.314,9.00889746563946e-05,"Arterial_endothelial","PFKL",0.091
3.72055688261475e-09,0.220314901798759,0.953,0.945,9.11722464084745e-05,"Arterial_endothelial","NEAT1",0.00800000000000001
3.74130146658263e-09,0.531512642111229,0.163,0.107,9.16805924386074e-05,"Arterial_endothelial","UCK1",0.056
3.745490688076e-09,0.271141273555791,0.469,0.372,9.17832493113025e-05,"Arterial_endothelial","ATN1",0.097
3.76558298047586e-09,0.313075447715712,0.517,0.42,9.2275610936561e-05,"Arterial_endothelial","SMCHD1",0.097
3.83809825343629e-09,0.436782029434764,0.163,0.107,9.40525977004562e-05,"Arterial_endothelial","CKAP5",0.056
3.9765137660052e-09,0.297230467352207,0.245,0.17,9.74444698359575e-05,"Arterial_endothelial","FBXO18",0.075
4.04731100294361e-09,0.271933803766794,0.383,0.29,9.91793561271331e-05,"Arterial_endothelial","CCDC115",0.093
4.04921913268238e-09,0.509329531405254,0.151,0.097,9.92261148463818e-05,"Arterial_endothelial","ARNT",0.054
4.06256561113484e-09,0.242999899584046,0.316,0.231,9.95531703008594e-05,"Arterial_endothelial","AASDHPPT",0.085
4.08056318761899e-09,0.219572656299188,0.745,0.672,9.99942009126032e-05,"Arterial_endothelial","CYSTM1",0.073
4.08763601365191e-09,0.290782360903579,0.35,0.262,0.00010016752051454,"Arterial_endothelial","RHOG",0.088
4.11619869583943e-09,0.347136117251909,0.338,0.255,0.000100867449041545,"Arterial_endothelial","NSFL1C",0.083
4.11656141655783e-09,0.349219691787898,0.173,0.114,0.00010087633751275,"Arterial_endothelial","BTBD10",0.059
4.1467951151873e-09,0.320843083991032,0.38,0.292,0.000101617214297665,"Arterial_endothelial","C19orf24",0.088
4.29142737327788e-09,0.252546796308944,0.282,0.203,0.000105161427782174,"Arterial_endothelial","NMT1",0.079
4.5474260241142e-09,0.35043559552951,0.4,0.312,0.000111434674720919,"Arterial_endothelial","PSMA5",0.088
4.56198551725755e-09,0.204569648197497,0.764,0.693,0.000111791455100396,"Arterial_endothelial","SHFM1",0.0710000000000001
4.5711657610766e-09,0.226460071669009,0.635,0.546,0.000112016416975182,"Arterial_endothelial","SELK",0.089
4.59497647393331e-09,0.258092968814164,0.441,0.341,0.000112599898493736,"Arterial_endothelial","MPHOSPH10",0.1
4.61860260981294e-09,0.397637982297221,0.292,0.214,0.000113178856953466,"Arterial_endothelial","FAM174A",0.078
4.73258235164754e-09,0.41964368357671,0.205,0.141,0.000115971930527123,"Arterial_endothelial","RRN3",0.064
4.75872133854697e-09,0.451927265666206,0.231,0.163,0.000116612466401094,"Arterial_endothelial","UBP1",0.068
4.77486869995497e-09,0.615285865413369,0.162,0.107,0.000117008157492396,"Arterial_endothelial","CNTNAP3",0.055
4.80576647449066e-09,0.380260005663684,0.185,0.124,0.000117765307457394,"Arterial_endothelial","HCFC2",0.061
4.92246014272325e-09,0.51535103493651,0.154,0.099,0.000120624885797433,"Arterial_endothelial","TICAM1",0.055
4.92663113493582e-09,0.301481813052834,0.419,0.326,0.000120727095961602,"Arterial_endothelial","ERP44",0.093
5.0238106113456e-09,0.491511618368161,0.391,0.31,0.000123108479031024,"Arterial_endothelial","PROCR",0.081
5.18571724661438e-09,0.251597497590074,0.491,0.394,0.000127076001128285,"Arterial_endothelial","HNRNPAB",0.097
5.29579391391386e-09,0.733937236879586,0.166,0.111,0.000129773429860459,"Arterial_endothelial","MYLK",0.055
5.32546837180083e-09,0.257044871374492,0.558,0.454,0.000130500602450979,"Arterial_endothelial","DRAP1",0.104
5.35319010113115e-09,0.401966438498159,0.184,0.123,0.000131179923428219,"Arterial_endothelial","SOCS6",0.061
5.56796258791535e-09,0.333786825598094,0.155,0.099,0.000136442923216866,"Arterial_endothelial","MAPK8",0.056
5.66665997862748e-09,0.305735069506144,0.327,0.245,0.000138861502776266,"Arterial_endothelial","MRPS10",0.082
5.66681888432178e-09,0.273063489759231,0.293,0.214,0.000138865396760305,"Arterial_endothelial","FBXO3",0.079
5.66759105862228e-09,0.279939129135799,0.565,0.476,0.000138884318891539,"Arterial_endothelial","UBE2L3",0.089
5.67258201322235e-09,0.402201315686968,0.154,0.099,0.000139006622234014,"Arterial_endothelial","DYRK4",0.055
5.81842634234728e-09,0.24762320426583,0.282,0.203,0.00014258053751922,"Arterial_endothelial","RMND5A",0.079
5.82825685628649e-09,0.267142325448334,0.406,0.312,0.0001428214342633,"Arterial_endothelial","LTA4H",0.094
6.33683139679826e-09,0.386353886567015,0.226,0.159,0.000155284053378541,"Arterial_endothelial","TSC2",0.067
6.3777197687805e-09,0.437844256491031,0.174,0.116,0.000156286022933966,"Arterial_endothelial","ZMIZ2",0.058
6.58843617775108e-09,0.264727837437152,0.306,0.224,0.00016144962853579,"Arterial_endothelial","TXNRD1",0.082
6.8568857797451e-09,0.25959035856807,0.637,0.551,0.000168027986032654,"Arterial_endothelial","TINAGL1",0.086
7.20285508895731e-09,0.437187133937244,0.15,0.097,0.000176505963954899,"Arterial_endothelial","GPD1L",0.053
7.4423785980863e-09,0.251158796208217,0.36,0.271,0.000182375487546105,"Arterial_endothelial","FAM50A",0.089
7.44932170892726e-09,0.348945315982052,0.311,0.231,0.000182545628477263,"Arterial_endothelial","TMEM126B",0.08
7.48598809299365e-09,0.273550182311639,0.186,0.124,0.000183444138218809,"Arterial_endothelial","CKS1B",0.062
7.54829123224229e-09,0.332819653074529,0.34,0.258,0.000184970876646097,"Arterial_endothelial","POLR2B",0.082
7.56086306594441e-09,0.377937380430638,0.178,0.119,0.000185278949430968,"Arterial_endothelial","DCTN4",0.059
7.57355104385063e-09,0.271778220329627,0.551,0.456,0.00018558986832956,"Arterial_endothelial","TMCO1",0.095
7.58919191167502e-09,0.403193925345856,0.233,0.165,0.000185973147795596,"Arterial_endothelial","PPP4R1",0.068
7.85992525861076e-09,0.392881478059676,0.239,0.171,0.000192607468462257,"Arterial_endothelial","HOXB4",0.068
7.93639598938441e-09,0.224223715011599,0.583,0.484,0.000194481383719865,"Arterial_endothelial","SLIRP",0.099
8.05450072419472e-09,0.444015241334824,0.152,0.098,0.000197375540246392,"Arterial_endothelial","SPAST",0.054
8.13903415220795e-09,0.246774983163936,0.466,0.367,0.000199447031899856,"Arterial_endothelial","PARP1",0.099
8.57037474665246e-09,0.233268420284192,0.313,0.228,0.000210017033166719,"Arterial_endothelial","SCAMP3",0.085
8.58361391822580e-09,0.273025739552091,0.377,0.285,0.000210341459066123,"Arterial_endothelial","LNPEP",0.092
8.98411698107285e-09,0.330707795899196,0.227,0.159,0.00022015578662119,"Arterial_endothelial","DCAF6",0.068
8.98491880331652e-09,0.312743156594517,0.228,0.161,0.000220175435275271,"Arterial_endothelial","PAK1IP1",0.067
9.00854548420149e-09,0.420669685576716,0.183,0.124,0.000220754407090358,"Arterial_endothelial","WDR18",0.059
9.32935036595e-09,0.306369896424793,0.186,0.125,0.000228615730717605,"Arterial_endothelial","INIP",0.061
9.33447083392160e-09,0.297275327068087,0.277,0.201,0.000228741207785249,"Arterial_endothelial","GPATCH4",0.076
9.47905710134723e-09,0.232683300972903,0.551,0.451,0.000232284294268514,"Arterial_endothelial","HDAC7",0.1
9.52747121047411e-09,0.280529707151366,0.26,0.186,0.000233470682012668,"Arterial_endothelial","FUBP3",0.074
9.56773274722953e-09,0.398356334353443,0.151,0.098,0.00023445729097086,"Arterial_endothelial","HPS5",0.053
9.56914340854869e-09,0.391404589271424,0.287,0.212,0.000234491859226486,"Arterial_endothelial","SQRDL",0.075
9.65010032269528e-09,0.31598006466306,0.423,0.337,0.000236475708407648,"Arterial_endothelial","CYP20A1",0.086
9.68179439543467e-09,0.268358452459517,0.525,0.425,0.000237252371660127,"Arterial_endothelial","PSMB7",0.1
9.69272486875639e-09,0.234553578108039,0.357,0.268,0.000237520222908875,"Arterial_endothelial","SLC29A1",0.089
1.00153651163574e-08,0.306297157758662,0.212,0.146,0.000245426522176337,"Arterial_endothelial","ACBD5",0.066
1.00210418492096e-08,0.257826025153901,0.568,0.474,0.000245565630514882,"Arterial_endothelial","SMARCA5",0.094
1.03977148012113e-08,0.237679607101149,0.534,0.429,0.000254796001203683,"Arterial_endothelial","FAM204A",0.105
1.04235433032367e-08,0.226875760654377,0.206,0.141,0.000255428928645816,"Arterial_endothelial","XPOT",0.065
1.06306604544432e-08,0.272281286680032,0.177,0.117,0.00026050433443613,"Arterial_endothelial","ACP2",0.06
1.15710565827972e-08,0.360992152235588,0.313,0.233,0.000283548741561445,"Arterial_endothelial","AGFG1",0.08
1.15963451935307e-08,0.312796454736665,0.19,0.129,0.000284168438967469,"Arterial_endothelial","HNRNPLL",0.061
1.18505521122234e-08,0.235651589213056,0.713,0.648,0.000290397779510035,"Arterial_endothelial","TCEAL4",0.0649999999999999
1.19006384959907e-08,0.237660363286869,0.287,0.207,0.000291625146344251,"Arterial_endothelial","WIPF2",0.08
1.20296206043318e-08,0.332174420573587,0.161,0.106,0.000294785852909151,"Arterial_endothelial","SCO1",0.055
1.20335301273929e-08,0.331003721378469,0.192,0.131,0.000294881655771764,"Arterial_endothelial","NUP160",0.061
1.20478338166192e-08,0.382624746737747,0.26,0.189,0.000295232167676253,"Arterial_endothelial","CASP7",0.071
1.21782407794028e-08,0.350891194031771,0.247,0.179,0.000298427790299266,"Arterial_endothelial","EIF2B1",0.068
1.3096144907828e-08,0.300217255860836,0.291,0.214,0.000320921030966325,"Arterial_endothelial","MPZL1",0.077
1.31842315515886e-08,0.241236542295029,0.188,0.127,0.000323079594171679,"Arterial_endothelial","NDUFAF4",0.061
1.34221956426817e-08,0.430262211078697,0.163,0.109,0.000328910904223914,"Arterial_endothelial","ZRSR2",0.054
1.3579546909185e-08,0.241743037929786,0.404,0.313,0.000332766797009578,"Arterial_endothelial","ARL1",0.091
1.36428435630968e-08,0.382552089625035,0.226,0.161,0.000334317881513686,"Arterial_endothelial","LZIC",0.065
1.38437162878525e-08,0.292573422666358,0.269,0.195,0.000339240267633826,"Arterial_endothelial","JMJD8",0.074
1.43897721648709e-08,0.32444895981817,0.251,0.179,0.000352621366900162,"Arterial_endothelial","TNFRSF10A",0.072
1.45145184450337e-08,0.385148594247753,0.4,0.32,0.000355678274495552,"Arterial_endothelial","MFGE8",0.08
1.46787759939668e-08,0.455842779363153,0.183,0.125,0.000359703405732157,"Arterial_endothelial","SLC26A2",0.058
1.48484494463356e-08,0.302692515750395,0.175,0.117,0.000363861253682454,"Arterial_endothelial","SNX4",0.058
1.48812637240864e-08,1.11956297601574,0.226,0.176,0.000364665367558738,"Arterial_endothelial","GPIHBP1",0.05
1.50000917938578e-08,0.211896464948229,0.43,0.335,0.000367577249408486,"Arterial_endothelial","STX7",0.095
1.51265440425598e-08,0.244038783158219,0.653,0.567,0.000370675961762927,"Arterial_endothelial","NDUFB8",0.0860000000000001
1.51617307889147e-08,0.286709598415262,0.401,0.312,0.000371538212982355,"Arterial_endothelial","CDKN1B",0.089
1.52855498045336e-08,0.226998549969982,0.256,0.182,0.000374572397960096,"Arterial_endothelial","MCMBP",0.074
1.54894311939339e-08,0.327886677646311,0.282,0.208,0.00037956851140735,"Arterial_endothelial","CREB3",0.074
1.5683678618513e-08,0.318210460189484,0.246,0.177,0.000384328544546662,"Arterial_endothelial","ZCCHC10",0.069
1.56963178644649e-08,0.343897970904984,0.171,0.114,0.000384638269268713,"Arterial_endothelial","UBE2D4",0.057
1.61563471922192e-08,0.288872558944676,0.334,0.251,0.00039591128794533,"Arterial_endothelial","SMURF2",0.083
1.61769039028213e-08,0.23009523499167,0.342,0.257,0.000396415030138637,"Arterial_endothelial","ZHX1",0.085
1.64657931974158e-08,0.243349023778971,0.388,0.3,0.000403494262302674,"Arterial_endothelial","PBRM1",0.088
1.65561784225442e-08,0.290606759810828,0.358,0.274,0.000405709152244445,"Arterial_endothelial","NPEPPS",0.084
1.69597160627452e-08,0.334240842742385,0.241,0.171,0.000415597842117572,"Arterial_endothelial","SUDS3",0.07
1.71521155453596e-08,0.252063662923692,0.282,0.206,0.000420312591439037,"Arterial_endothelial","ATF7",0.076
1.73218314783144e-08,0.467357802206483,0.159,0.105,0.000424471480376094,"Arterial_endothelial","ASH2L",0.054
1.73724692520288e-08,0.277653517004803,0.234,0.165,0.000425712359020966,"Arterial_endothelial","C11orf68",0.069
1.77114910272727e-08,0.411591430310338,0.206,0.143,0.000434020087623318,"Arterial_endothelial","AGPS",0.063
1.82841501461527e-08,0.223711394106382,0.704,0.616,0.000448053099331472,"Arterial_endothelial","SF3B6",0.088
1.84071606537314e-08,0.363688510092425,0.34,0.263,0.000451067471819687,"Arterial_endothelial","ICE1",0.077
1.85980499173383e-08,0.218277250440579,0.297,0.218,0.000455745213224375,"Arterial_endothelial","C6orf1",0.079
1.90284067035101e-08,0.373036023630619,0.163,0.109,0.000466291106269514,"Arterial_endothelial","UGGT1",0.054
1.95222635064778e-08,0.231792284956793,0.558,0.458,0.00047839306722624,"Arterial_endothelial","POLR2E",0.1
1.96083406959222e-08,0.284890985206628,0.236,0.168,0.000480502388753572,"Arterial_endothelial","LSM10",0.068
1.97251488025115e-08,0.341002550700497,0.206,0.143,0.000483364771405543,"Arterial_endothelial","SART3",0.063
2.0221057227576e-08,0.326354402842143,0.303,0.227,0.000495517007361749,"Arterial_endothelial","ZDHHC3",0.076
2.04652839222219e-08,0.290622938759263,0.515,0.421,0.000501501782514048,"Arterial_endothelial","NDUFA5",0.094
2.07568096996107e-08,0.282374809959149,0.16,0.105,0.000508645621688959,"Arterial_endothelial","ZDHHC2",0.055
2.21266555073982e-08,0.258339641978145,0.309,0.231,0.000542213693208794,"Arterial_endothelial","GBP1",0.078
2.25071667119591e-08,0.313928976532684,0.202,0.139,0.000551538120276558,"Arterial_endothelial","TRADD",0.063
2.27773273365235e-08,0.237200918356507,0.358,0.273,0.000558158406381508,"Arterial_endothelial","UBE2Z",0.085
2.30899881160569e-08,0.376896105326318,0.208,0.147,0.000565820158783974,"Arterial_endothelial","MZT1",0.061
2.33878604379163e-08,0.293844280764947,0.313,0.233,0.00057311952003114,"Arterial_endothelial","SF3B4",0.08
2.34994891619358e-08,0.268313055603988,0.378,0.293,0.000575854981913237,"Arterial_endothelial","MAZ",0.085
2.40848114103469e-08,0.23801855981468,0.226,0.158,0.00059019830361055,"Arterial_endothelial","CLUAP1",0.068
2.416349965941e-08,0.251429580258515,0.159,0.105,0.000592126559153842,"Arterial_endothelial","RNF14",0.054
2.4483858229004e-08,0.24275331914445,0.485,0.39,0.000599976945901744,"Arterial_endothelial","DNAJB14",0.095
2.45733924688665e-08,0.311289930513749,0.171,0.115,0.000602170982449573,"Arterial_endothelial","PSMD10",0.056
2.56236723439345e-08,0.3039338342867,0.263,0.191,0.000627908090788115,"Arterial_endothelial","BRMS1",0.072
2.62454779189815e-08,0.266080267532853,0.505,0.41,0.000643145436404642,"Arterial_endothelial","UQCRFS1",0.095
2.65515005145984e-08,0.242143776969515,0.294,0.217,0.000650644520110235,"Arterial_endothelial","IFT20",0.077
2.71524340916709e-08,0.364668315630151,0.154,0.102,0.000665370397416397,"Arterial_endothelial","PLEKHJ1",0.052
2.75891788174092e-08,0.620747647834195,0.151,0.101,0.000676072826920611,"Arterial_endothelial","GPM6B",0.05
2.77370032269812e-08,0.342561750572376,0.296,0.221,0.000679695264077176,"Arterial_endothelial","DNASE1L1",0.075
2.79862593224259e-08,0.251617993439162,0.474,0.381,0.000685803284696047,"Arterial_endothelial","CWC15",0.093
2.87388069919982e-08,0.321139367937339,0.19,0.13,0.000704244465338916,"Arterial_endothelial","NSF",0.06
2.98907884972294e-08,0.217658682103538,0.227,0.159,0.000732473772124607,"Arterial_endothelial","RNF8",0.068
3.00758595212926e-08,0.209380352560321,0.21,0.145,0.000737008937569275,"Arterial_endothelial","SLC25A1",0.065
3.03807331069236e-08,0.221389069117823,0.315,0.235,0.000744479864785163,"Arterial_endothelial","C20orf24",0.08
3.05480295453304e-08,0.285304002167241,0.321,0.245,0.000748579464008321,"Arterial_endothelial","RABEP1",0.076
3.05516095324552e-08,0.243835284468113,0.574,0.483,0.000748667191592815,"Arterial_endothelial","AHR",0.091
3.07230804503895e-08,0.293521671218567,0.331,0.25,0.000752869086436794,"Arterial_endothelial","LAGE3",0.081
3.08780422331451e-08,0.225716674558568,0.381,0.293,0.000756666424923221,"Arterial_endothelial","CSNK2A1",0.088
3.12779505720148e-08,0.306707476797926,0.242,0.172,0.000766466178767223,"Arterial_endothelial","RRP36",0.07
3.13386434381338e-08,0.439436808387538,0.221,0.158,0.000767953457451468,"Arterial_endothelial","LXN",0.063
3.14509847526805e-08,0.26870542518755,0.329,0.245,0.000770706381364436,"Arterial_endothelial","CLPTM1",0.084
3.26714470202054e-08,0.351321634565657,0.167,0.112,0.000800613809230134,"Arterial_endothelial","GPD2",0.055
3.27928696137311e-08,0.23818001819596,0.549,0.463,0.000803589269884481,"Arterial_endothelial","BDP1",0.086
3.28188195764199e-08,0.246479225038081,0.515,0.421,0.00080422517372017,"Arterial_endothelial","COPS6",0.094
3.28329041563959e-08,0.221663829283235,0.178,0.121,0.000804570316352482,"Arterial_endothelial","APCDD1",0.057
3.31744469998206e-08,0.281128358541439,0.345,0.265,0.000812939823730605,"Arterial_endothelial","CASC3",0.08
3.32648013393104e-08,0.290111254835028,0.424,0.333,0.000815153956819801,"Arterial_endothelial","NCOA4",0.091
3.32770134056257e-08,0.284158426053782,0.306,0.228,0.000815453213504859,"Arterial_endothelial","SVBP",0.078
3.33491752195885e-08,0.287520791720397,0.579,0.493,0.000817221538756017,"Arterial_endothelial","GCC2",0.086
3.38106478736617e-08,0.273592752204863,0.268,0.195,0.000828529926144081,"Arterial_endothelial","LLPH",0.073
3.52368653802404e-08,0.293451551832559,0.335,0.253,0.000863479386142791,"Arterial_endothelial","DPP8",0.082
3.54599252068251e-08,0.373566100096353,0.272,0.201,0.000868945467193249,"Arterial_endothelial","PRKRA",0.071
3.55083620754859e-08,0.210137980442015,0.473,0.375,0.000870132412659783,"Arterial_endothelial","ZFR",0.098
3.59984124154269e-08,0.367639021643988,0.281,0.208,0.000882141096240036,"Arterial_endothelial","STARD3NL",0.073
3.67278366162089e-08,0.254213625047917,0.229,0.162,0.0009000156362802,"Arterial_endothelial","UBE2G1",0.067
3.73827615128924e-08,0.248414253704869,0.303,0.224,0.000916064570873427,"Arterial_endothelial","TRIM33",0.079
3.77441787558549e-08,0.331377281770386,0.31,0.234,0.000924921100412224,"Arterial_endothelial","ZNF580",0.076
3.92004058812608e-08,0.433657323540832,0.29,0.221,0.000960605946120297,"Arterial_endothelial","EZR",0.069
3.94854967446462e-08,0.271063067324604,0.434,0.344,0.000967592097727554,"Arterial_endothelial","CERS2",0.09
3.96376639716928e-08,0.306130893734092,0.322,0.245,0.000971320955626333,"Arterial_endothelial","SBNO1",0.077
3.96916424975009e-08,0.259136769449508,0.362,0.279,0.00097264369940126,"Arterial_endothelial","PDCL",0.083
4.05160253138873e-08,0.28647476591423,0.403,0.317,0.000992845200316808,"Arterial_endothelial","PCMT1",0.086
4.05415816075941e-08,0.279243273796104,0.326,0.247,0.000993471457294094,"Arterial_endothelial","RAB22A",0.079
4.05433702264183e-08,0.415518546483132,0.232,0.168,0.00099351528739838,"Arterial_endothelial","POP4",0.064
4.09714101156132e-08,0.51633439625672,0.156,0.104,0.0010040044048831,"Arterial_endothelial","POLB",0.052
4.13785656879914e-08,0.260071649801213,0.393,0.305,0.00101398175218423,"Arterial_endothelial","VDAC3",0.088
4.13844166394661e-08,0.226148751324448,0.219,0.154,0.00101412512975012,"Arterial_endothelial","TOLLIP",0.065
4.16415919239511e-08,0.206597306748861,0.332,0.25,0.00102042721009642,"Arterial_endothelial","ABCF1",0.082
4.20676790746689e-08,0.301272160474397,0.292,0.218,0.00103086847572476,"Arterial_endothelial","APOL1",0.074
4.23022654832613e-08,0.28695807942718,0.342,0.261,0.00103661701566732,"Arterial_endothelial","ZNF667-AS1",0.081
4.28636221402674e-08,0.216854501906028,0.405,0.315,0.00105037306054725,"Arterial_endothelial","LARP1",0.09
4.34624362603889e-08,0.324968162336794,0.192,0.132,0.00106504700056083,"Arterial_endothelial","FAM229B",0.06
4.36718930929226e-08,0.325739210411874,0.28,0.207,0.00107017974024207,"Arterial_endothelial","ARL8B",0.073
4.38578492045029e-08,0.278318689023883,0.476,0.387,0.00107473659475634,"Arterial_endothelial","DNAJC1",0.089
4.45989161491527e-08,0.306023392352405,0.436,0.345,0.00109289644023499,"Arterial_endothelial","ADCY4",0.091
4.50822147529915e-08,0.268206764569939,0.333,0.254,0.00110473967252206,"Arterial_endothelial","CYBA",0.079
4.5104695800688e-08,0.202834851871408,0.175,0.117,0.00110529057059586,"Arterial_endothelial","KIF3A",0.058
4.55252889850177e-08,0.34721953386289,0.222,0.158,0.00111559720657786,"Arterial_endothelial","SMARCB1",0.064
4.58631304334125e-08,0.345316939824406,0.496,0.404,0.00112387601127077,"Arterial_endothelial","MESDC2",0.092
4.64500192549851e-08,0.245206669139596,0.669,0.586,0.00113825772184341,"Arterial_endothelial","SSBP1",0.0830000000000001
4.68772499969152e-08,0.26613953890526,0.306,0.23,0.00114872701117441,"Arterial_endothelial","CHTOP",0.076
4.70864998845698e-08,0.355120034840432,0.166,0.11,0.00115385467967138,"Arterial_endothelial","C1GALT1",0.056
4.81136122174662e-08,0.297223185132766,0.342,0.264,0.00117902406738901,"Arterial_endothelial","TIPRL",0.078
4.82843274367028e-08,0.288056006586033,0.246,0.177,0.0011832074438364,"Arterial_endothelial","RPF1",0.069
4.95701981518383e-08,0.259357996580312,0.214,0.15,0.0012147177057108,"Arterial_endothelial","EID2",0.064
5.00384011397722e-08,0.249877475025627,0.403,0.313,0.00122619101993012,"Arterial_endothelial","NARS",0.09
5.08264771173945e-08,0.335613587339424,0.204,0.143,0.00124550282176175,"Arterial_endothelial","ISOC2",0.061
5.13979180475983e-08,0.248869231109355,0.197,0.136,0.0012595059817564,"Arterial_endothelial","HOXB3",0.061
5.15900824600884e-08,0.288651090811121,0.332,0.25,0.00126421497068447,"Arterial_endothelial","HTATSF1",0.082
5.16315664408239e-08,0.270777499749172,0.446,0.357,0.00126523153563239,"Arterial_endothelial","CHMP4A",0.089
5.23076141688174e-08,0.290363892444177,0.243,0.176,0.00128179808520687,"Arterial_endothelial","FBXW2",0.067
5.25605931883587e-08,0.369807553309351,0.18,0.124,0.00128799733608073,"Arterial_endothelial","EIF4EBP1",0.056
5.39235550025848e-08,0.354521283881555,0.17,0.116,0.00132139671533834,"Arterial_endothelial","RP9",0.054
5.39813974905682e-08,0.297629784896912,0.233,0.167,0.00132281414550637,"Arterial_endothelial","SLC43A3",0.066
5.65433642928514e-08,0.295480028490826,0.224,0.16,0.00138559514199632,"Arterial_endothelial","RHOQ",0.064
5.74162309997137e-08,0.301083149908264,0.345,0.266,0.00140698474064798,"Arterial_endothelial","EXOC1",0.079
5.84539975417052e-08,0.231105217809234,0.367,0.279,0.00143241520975949,"Arterial_endothelial","SDF2",0.088
5.95413514656551e-08,0.247801140195266,0.236,0.17,0.00145906081766588,"Arterial_endothelial","TDG",0.066
6.09191746023531e-08,0.22423926597622,0.291,0.214,0.00149282437363066,"Arterial_endothelial","UBA1",0.077
6.09945025074086e-08,0.246253503176728,0.278,0.205,0.00149467028394405,"Arterial_endothelial","ERI3",0.073
6.11801688559528e-08,0.261579340265295,0.541,0.455,0.00149922003781512,"Arterial_endothelial","LMAN2",0.086
6.50746404691445e-08,0.261069405875633,0.255,0.185,0.00159465406469639,"Arterial_endothelial","KLHL20",0.07
6.56803495922062e-08,0.336187440322471,0.162,0.109,0.00160949696675701,"Arterial_endothelial","TMEM175",0.053
6.63533799957949e-08,0.291309965934515,0.218,0.155,0.00162598957679695,"Arterial_endothelial","NUDT9",0.063
6.69637028263078e-08,0.352420678562583,0.229,0.163,0.00164094553775867,"Arterial_endothelial","PIGF",0.066
6.8676188665957e-08,0.332069565722564,0.167,0.113,0.00168291000325928,"Arterial_endothelial","FBXO22",0.054
7.00135954482916e-08,0.418394412768277,0.241,0.178,0.00171568315646039,"Arterial_endothelial","MRPS35",0.063
7.08900723419027e-08,0.284811458145317,0.165,0.111,0.00173716122273833,"Arterial_endothelial","RAB30",0.054
7.13545355314675e-08,0.367340762169911,0.158,0.106,0.00174854289319861,"Arterial_endothelial","QTRTD1",0.052
7.18802433941499e-08,0.287383143457508,0.253,0.186,0.00176142536437364,"Arterial_endothelial","MTMR6",0.067
7.27061345682881e-08,0.304400477883934,0.215,0.152,0.0017816638275959,"Arterial_endothelial","WDR48",0.063
7.30488719372905e-08,0.356259577063089,0.183,0.126,0.0017900626068233,"Arterial_endothelial","CABIN1",0.057
7.41129017831408e-08,0.250984718051146,0.277,0.202,0.00181613665819587,"Arterial_endothelial","RPA2",0.075
7.43545434825966e-08,0.299259482159702,0.309,0.234,0.00182205808804103,"Arterial_endothelial","GLRX3",0.075
7.45773468892886e-08,0.266154067666381,0.256,0.188,0.00182751788552202,"Arterial_endothelial","ARL6IP6",0.068
7.46920517729391e-08,0.44448628917385,0.153,0.102,0.00183032872869587,"Arterial_endothelial","ANAPC7",0.051
7.48392475272423e-08,0.400109805124725,0.186,0.13,0.00183393576065507,"Arterial_endothelial","SNX7",0.056
7.50482286800536e-08,0.36130883693651,0.163,0.111,0.00183905684380471,"Arterial_endothelial","ZNF347",0.052
7.52736960899518e-08,0.231449536546826,0.581,0.487,0.00184458192268427,"Arterial_endothelial","ATP5G1",0.094
7.58042549894331e-08,0.278083414996926,0.197,0.136,0.00185758326851606,"Arterial_endothelial","ABHD12",0.061
7.60655918911835e-08,0.26026410757844,0.29,0.215,0.00186398732929345,"Arterial_endothelial","GPS1",0.075
7.66133437117298e-08,0.246227877350894,0.408,0.318,0.00187740998765594,"Arterial_endothelial","MRPL18",0.09
7.73517029498354e-08,0.249060004321646,0.614,0.548,0.00189550348078572,"Arterial_endothelial","RAD21",0.0659999999999999
7.74640546078516e-08,0.279939980723053,0.495,0.406,0.0018982566581654,"Arterial_endothelial","PRMT2",0.089
8.48722654127496e-08,0.391917120787795,0.151,0.1,0.00207979486393943,"Arterial_endothelial","OGFOD1",0.051
8.53731760985599e-08,0.261272561194101,0.299,0.225,0.00209206968029521,"Arterial_endothelial","PTP4A3",0.074
8.5923144222005e-08,0.201158679961663,0.513,0.42,0.00210554664916023,"Arterial_endothelial","CLTC",0.093
8.86904155894175e-08,0.252738245939394,0.263,0.194,0.00217335863401868,"Arterial_endothelial","IPO8",0.069
8.87487400956307e-08,0.305064352720138,0.243,0.176,0.00217478787604343,"Arterial_endothelial","POP5",0.067
8.95715190552514e-08,0.259673663277348,0.271,0.199,0.00219495007444894,"Arterial_endothelial","ATG5",0.072
8.97473627943776e-08,0.249580961381722,0.422,0.331,0.00219925912527622,"Arterial_endothelial","URM1",0.091
9.20335359042287e-08,0.295102639341159,0.174,0.119,0.00225528179733312,"Arterial_endothelial","TBL1X",0.055
9.22871752564513e-08,0.284993611425099,0.247,0.18,0.00226149722965934,"Arterial_endothelial","C22orf39",0.067
9.40355817648857e-08,0.223378331140799,0.314,0.236,0.00230434193114853,"Arterial_endothelial","RPL26L1",0.078
9.44255153972949e-08,0.285451175979325,0.162,0.109,0.00231389725481071,"Arterial_endothelial","TRAPPC6B",0.053
9.5109817442933e-08,0.322018428477818,0.195,0.136,0.00233066607643907,"Arterial_endothelial","GOT2",0.059
9.54411664522578e-08,0.283046121462353,0.731,0.668,0.00233878578391258,"Arterial_endothelial","FLNB",0.0629999999999999
9.56627147385682e-08,0.272729816648958,0.326,0.249,0.00234421482466861,"Arterial_endothelial","EMC6",0.077
9.60538352708145e-08,0.292750824408276,0.351,0.273,0.00235379923331131,"Arterial_endothelial","CCDC82",0.078
9.7246130226485e-08,0.249227710700375,0.239,0.172,0.00238301642120001,"Arterial_endothelial","NISCH",0.067
9.97624218983713e-08,0.21667998084716,0.553,0.459,0.00244467814861959,"Arterial_endothelial","YPEL3",0.094
9.9814501474811e-08,0.24845505956985,0.273,0.201,0.00244595435864024,"Arterial_endothelial","GMPR2",0.072
1.00646007815842e-07,0.310672680896596,0.183,0.126,0.00246633042152721,"Arterial_endothelial","SLC39A3",0.057
1.00803898719902e-07,0.237550931814546,0.56,0.458,0.0024701995381312,"Arterial_endothelial","CCT3",0.102
1.00881735432773e-07,0.377873235315041,0.189,0.133,0.00247210692678009,"Arterial_endothelial","RGS12",0.056
1.02102701255108e-07,0.218178799225595,0.49,0.393,0.00250202669425641,"Arterial_endothelial","POLR2F",0.097
1.03726610474237e-07,0.310570756006347,0.234,0.169,0.00254182058967117,"Arterial_endothelial","COA1",0.065
1.03933498882944e-07,0.280989090914139,0.227,0.164,0.00254689039012655,"Arterial_endothelial","AKTIP",0.063
1.10119146822326e-07,0.346976518468241,0.289,0.218,0.00269846969288109,"Arterial_endothelial","NUDT5",0.071
1.10718646272424e-07,0.232112104001901,0.621,0.533,0.00271316042690575,"Arterial_endothelial","RNF7",0.088
1.12115301552775e-07,0.281893907710764,0.271,0.201,0.00274738546455074,"Arterial_endothelial","LRP11",0.07
1.13678937758836e-07,0.334662683511791,0.156,0.105,0.00278570236978028,"Arterial_endothelial","AMZ2",0.051
1.15307610876497e-07,0.262432105309496,0.538,0.44,0.00282561300452855,"Arterial_endothelial","YIPF3",0.098
1.15413410470482e-07,0.338343987787632,0.21,0.149,0.00282820562357917,"Arterial_endothelial","USP3",0.061
1.1600553774908e-07,0.282186476438167,0.362,0.279,0.00284271570254121,"Arterial_endothelial","GIT1",0.083
1.17626355692071e-07,0.403152224239022,0.168,0.116,0.0028824338462342,"Arterial_endothelial","EXOSC5",0.052
1.19197383413003e-07,0.267180610541918,0.396,0.311,0.00292093188053563,"Arterial_endothelial","PDCD10",0.085
1.2027137541542e-07,0.215920236287802,0.369,0.282,0.00294725005455488,"Arterial_endothelial","PWP1",0.087
1.2031985289697e-07,0.243774376309812,0.399,0.313,0.00294843799524026,"Arterial_endothelial","DNAJA2",0.086
1.2124887831331e-07,0.304160135873682,0.374,0.292,0.00297120376306767,"Arterial_endothelial","TRIM38",0.082
1.21681281649141e-07,0.336841509994888,0.183,0.127,0.00298179980681221,"Arterial_endothelial","ENOPH1",0.056
1.22570748900109e-07,0.21168472786996,0.555,0.456,0.00300359620179717,"Arterial_endothelial","UQCR10",0.099
1.23277334886344e-07,0.294703595049455,0.212,0.151,0.00302091109138986,"Arterial_endothelial","FASTK",0.061
1.26026898006999e-07,0.297917636814915,0.209,0.149,0.00308828913566152,"Arterial_endothelial","ZBED1",0.06
1.26314864770655e-07,0.288741221574002,0.171,0.117,0.0030953457612049,"Arterial_endothelial","RNF40",0.054
1.26453759255787e-07,0.242682436399632,0.308,0.232,0.00309874937056305,"Arterial_endothelial","AHSA1",0.076
1.32857559409586e-07,0.292531634395306,0.151,0.101,0.00325567449333192,"Arterial_endothelial","RRM1",0.05
1.33115650168881e-07,0.277222148656901,0.318,0.245,0.00326199900738842,"Arterial_endothelial","SH2D3C",0.073
1.33185173724324e-07,0.220662889005683,0.544,0.45,0.00326370268211455,"Arterial_endothelial","POLR3GL",0.094
1.37866426855699e-07,0.334923269716012,0.232,0.169,0.00337841679009891,"Arterial_endothelial","ACTL6A",0.063
1.38090048641541e-07,0.346765331595589,0.261,0.194,0.00338389664196097,"Arterial_endothelial","ZYG11B",0.067
1.39046427406687e-07,0.282724116715769,0.171,0.117,0.00340733270360086,"Arterial_endothelial","DCUN1D5",0.054
1.41395411082397e-07,0.237788985837718,0.473,0.385,0.00346489454857414,"Arterial_endothelial","C5orf24",0.088
1.43854561732719e-07,0.346574309851111,0.201,0.143,0.00352515603526029,"Arterial_endothelial","SCNM1",0.058
1.44034288589319e-07,0.291762564324439,0.232,0.168,0.00352956024188126,"Arterial_endothelial","CNOT8",0.064
1.45128102221012e-07,0.282846869597967,0.212,0.151,0.0035563641449259,"Arterial_endothelial","DTYMK",0.061
1.47348899789839e-07,0.341958200356338,0.35,0.273,0.00361078478935001,"Arterial_endothelial","GLTP",0.077
1.48451008343847e-07,0.306019687846167,0.202,0.143,0.00363779195946598,"Arterial_endothelial","MSH2",0.059
1.49490706910787e-07,0.310442452313813,0.25,0.184,0.00366326977284884,"Arterial_endothelial","KIAA2013",0.066
1.49989347646743e-07,0.267461955173606,0.381,0.298,0.00367548896408343,"Arterial_endothelial","MRPL28",0.083
1.51505168182671e-07,0.287773342580315,0.43,0.352,0.00371263414631635,"Arterial_endothelial","FNBP1L",0.078
1.53594567817259e-07,0.220158358422539,0.195,0.137,0.00376383488436194,"Arterial_endothelial","SLC35A3",0.058
1.58119629391307e-07,0.222417930678694,0.305,0.228,0.00387472151823399,"Arterial_endothelial","UBE2A",0.077
1.60375208307123e-07,0.263968294777337,0.379,0.297,0.00392999447956604,"Arterial_endothelial","CLDND1",0.082
1.61146637601506e-07,0.224691515774884,0.236,0.17,0.00394889835442489,"Arterial_endothelial","JOSD2",0.066
1.65791006539484e-07,0.213915864523291,0.657,0.577,0.00406270861525004,"Arterial_endothelial","DNAJC8",0.0800000000000001
1.70001997342611e-07,0.212775549328171,0.364,0.281,0.00416589894488067,"Arterial_endothelial","ZCCHC17",0.083
1.70169558535132e-07,0.240788437926319,0.392,0.311,0.0041700050319034,"Arterial_endothelial","ARHGAP5",0.081
1.7267168746779e-07,0.304526913242167,0.27,0.202,0.00423131970139819,"Arterial_endothelial","RAB3GAP2",0.068
1.7389312371302e-07,0.390517547761094,0.166,0.114,0.00426125099658756,"Arterial_endothelial","MID1IP1",0.052
1.80169644508349e-07,0.215620911180925,0.507,0.415,0.00441505713867709,"Arterial_endothelial","BAG1",0.092
1.8309551332327e-07,0.315237170440891,0.318,0.244,0.00448675555398674,"Arterial_endothelial","NAPG",0.074
1.83936163862402e-07,0.304608378839149,0.35,0.275,0.00450735569544816,"Arterial_endothelial","COMMD4",0.075
1.84206580539198e-07,0.226039890872611,0.593,0.5,0.00451398225611304,"Arterial_endothelial","SMARCE1",0.093
1.84563115264067e-07,0.419246940013387,0.168,0.117,0.00452271913954597,"Arterial_endothelial","B3GALT6",0.051
1.85219372702e-07,0.40669426150154,0.188,0.132,0.00453880072806252,"Arterial_endothelial","TRIM13",0.056
1.89007872780948e-07,0.299177790087418,0.205,0.145,0.00463163792249713,"Arterial_endothelial","DNTTIP1",0.06
1.9157390885994e-07,0.282203387413911,0.331,0.253,0.00469451863661283,"Arterial_endothelial","ATXN10",0.078
1.92229867237076e-07,0.404301455513245,0.216,0.157,0.00471059289664455,"Arterial_endothelial","GRIPAP1",0.059
1.93313791403171e-07,0.266594497200513,0.202,0.144,0.00473715445833472,"Arterial_endothelial","DSTYK",0.058
1.94576347120477e-07,0.27034262153866,0.254,0.186,0.00476809338618729,"Arterial_endothelial","PEX2",0.068
1.96237722038529e-07,0.298720452923708,0.236,0.173,0.00480880537855416,"Arterial_endothelial","HMGXB3",0.063
1.99286453406638e-07,0.421029455248518,0.224,0.162,0.00488351454072966,"Arterial_endothelial","TMEM181",0.062
2.00641449440538e-07,0.227893101757797,0.314,0.239,0.00491671871854039,"Arterial_endothelial","PLK3",0.075
2.00759208192336e-07,0.403876334430769,0.202,0.145,0.00491960439675318,"Arterial_endothelial","RBFA",0.057
2.06501020467652e-07,0.206619582326487,0.607,0.51,0.00506030750655982,"Arterial_endothelial","GINM1",0.097
2.08475758454434e-07,0.371299801571126,0.202,0.145,0.00510869846092589,"Arterial_endothelial","IFT52",0.057
2.14694112917862e-07,0.269393961169272,0.28,0.21,0.00526107923705222,"Arterial_endothelial","MRPL24",0.07
2.24464327889647e-07,0.240713350419921,0.309,0.234,0.00550049835493579,"Arterial_endothelial","STX10",0.075
2.26639283832239e-07,0.218362940563315,0.265,0.195,0.00555379565030901,"Arterial_endothelial","ATP6V1D",0.07
2.27176498602878e-07,0.310771689417954,0.206,0.146,0.00556696009826352,"Arterial_endothelial","PRKAG1",0.06
2.30505071790735e-07,0.21643923234326,0.386,0.3,0.00564852678423195,"Arterial_endothelial","YWHAG",0.086
2.32706384382139e-07,0.448581728632175,0.498,0.423,0.00570246994928431,"Arterial_endothelial","AMD1",0.075
2.33578231224392e-07,0.259702129056782,0.577,0.499,0.00572383455615372,"Arterial_endothelial","ABHD17A",0.078
2.40806730422248e-07,0.217813452378449,0.727,0.654,0.00590096892899718,"Arterial_endothelial","NDUFB10",0.073
2.41474752783985e-07,0.239601621300382,0.355,0.275,0.00591733881697156,"Arterial_endothelial","TAP2",0.08
2.42071236358779e-07,0.27678026659853,0.197,0.14,0.00593195564697187,"Arterial_endothelial","FKBP4",0.057
2.43272357785088e-07,0.239399139639216,0.387,0.309,0.00596138912752358,"Arterial_endothelial","HBEGF",0.078
2.44146137273934e-07,0.247094568581272,0.555,0.46,0.00598280109389776,"Arterial_endothelial","PSMA3",0.095
2.52344807818747e-07,0.380015837990491,0.163,0.113,0.00618370951559841,"Arterial_endothelial","CECR5",0.05
2.59689123182856e-07,0.30941419982236,0.225,0.163,0.0063636819635959,"Arterial_endothelial","MBD3",0.062
2.60668440943699e-07,0.246923104215864,0.396,0.309,0.00638768014532533,"Arterial_endothelial","ACAT1",0.087
2.67320927140664e-07,0.316332533901323,0.299,0.226,0.00655069931958196,"Arterial_endothelial","ETFA",0.073
2.67407606748782e-07,0.315835776337781,0.197,0.14,0.0065528234033789,"Arterial_endothelial","CSE1L",0.057
2.72056592644959e-07,0.254685235075699,0.241,0.176,0.00666674680276472,"Arterial_endothelial","HACD2",0.065
2.72577964471144e-07,0.29614505326352,0.197,0.14,0.00667952301936538,"Arterial_endothelial","PRELID3B",0.057
2.82127091371458e-07,0.250919501321803,0.339,0.261,0.00691352437405757,"Arterial_endothelial","OTUB1",0.078
2.91446731868105e-07,0.450824482313529,0.172,0.12,0.00714190216442791,"Arterial_endothelial","FAM199X",0.052
2.91916742105224e-07,0.317547705549299,0.29,0.22,0.00715341976528853,"Arterial_endothelial","NXN",0.07
2.9455778326094e-07,0.241378489955491,0.179,0.124,0.00721813847880934,"Arterial_endothelial","AP5M1",0.055
3.01017572280507e-07,0.271818576415396,0.233,0.169,0.00737643560873381,"Arterial_endothelial","AKAP1",0.064
3.03846402185686e-07,0.5509772291846,0.171,0.12,0.00744575608556023,"Arterial_endothelial","IL27RA",0.051
3.07848127928465e-07,0.275835231680806,0.183,0.129,0.00754381837488705,"Arterial_endothelial","KATNA1",0.054
3.17473246475342e-07,0.316849251503495,0.343,0.268,0.00777968190487825,"Arterial_endothelial","PRKAA1",0.075
3.18283939585169e-07,0.23177464589012,0.302,0.229,0.00779954793953458,"Arterial_endothelial","SRA1",0.073
3.18523991923077e-07,0.278597414990183,0.267,0.198,0.00780543042207501,"Arterial_endothelial","TINF2",0.069
3.24238929855003e-07,0.230542327433612,0.159,0.107,0.00794547497609684,"Arterial_endothelial","CRKL",0.052
3.24768961465385e-07,0.219472230749733,0.328,0.251,0.00795846340070925,"Arterial_endothelial","GSK3B",0.077
3.28752156931527e-07,0.207286877961937,0.311,0.236,0.00805607160560708,"Arterial_endothelial","MFSD14A",0.075
3.34602839309103e-07,0.242524587507658,0.312,0.239,0.00819944257726956,"Arterial_endothelial","ZNHIT6",0.073
3.35014111013403e-07,0.26203378217009,0.447,0.361,0.00820952079038343,"Arterial_endothelial","HM13",0.086
3.35135219442392e-07,0.213808245707992,0.437,0.35,0.00821248855243581,"Arterial_endothelial","FRG1",0.087
3.45187186954923e-07,0.354502277712628,0.2,0.143,0.0084588120163304,"Arterial_endothelial","PES1",0.057
3.46463738493314e-07,0.365074204784742,0.244,0.181,0.00849009391177867,"Arterial_endothelial","YTHDC2",0.063
3.48481317816275e-07,0.24085580850502,0.36,0.28,0.00853953469308783,"Arterial_endothelial","FAM129B",0.08
3.54659329059772e-07,0.27106611329458,0.34,0.262,0.00869092685860971,"Arterial_endothelial","ABI2",0.078
3.61288517347642e-07,0.235214731515375,0.19,0.134,0.00885337511760397,"Arterial_endothelial","ABCF2",0.056
3.6593097141127e-07,0.432148751664983,0.158,0.109,0.00896713845443317,"Arterial_endothelial","PPME1",0.049
3.66642205928201e-07,0.298563839591524,0.299,0.229,0.00898456725627057,"Arterial_endothelial","ANKLE2",0.07
3.67085900394349e-07,0.228692122240011,0.339,0.261,0.00899543998916351,"Arterial_endothelial","DPY30",0.078
3.68662627613479e-07,0.223136557771648,0.306,0.232,0.0090340776896683,"Arterial_endothelial","MYL6B",0.074
3.70180260807545e-07,0.211034873417242,0.444,0.356,0.00907126729108888,"Arterial_endothelial","CHMP2B",0.088
3.88229188565669e-07,0.317137407231693,0.243,0.181,0.00951355626580172,"Arterial_endothelial","RIOK1",0.062
3.93099672593564e-07,0.222989567218685,0.2,0.143,0.00963290747690528,"Arterial_endothelial","RUFY1",0.057
4.04062442418306e-07,0.284791786139904,0.214,0.153,0.00990155015146058,"Arterial_endothelial","LARP4B",0.061
4.16723487396769e-07,0.370614802603911,0.27,0.204,0.0102118090586578,"Arterial_endothelial","GALNT18",0.066
4.17181590493627e-07,0.206913799985284,0.301,0.226,0.0102230348750463,"Arterial_endothelial","GNPTG",0.075
4.21189599843206e-07,0.248504349482368,0.26,0.194,0.0103212511441578,"Arterial_endothelial","LGMN",0.066
4.21459582869737e-07,0.244809994115702,0.35,0.272,0.0103278670782229,"Arterial_endothelial","MAX",0.078
4.23890986354013e-07,0.354966796473489,0.236,0.175,0.0103874486206051,"Arterial_endothelial","UBE3C",0.061
4.24340198394619e-07,0.250377739923846,0.466,0.381,0.0103984565616601,"Arterial_endothelial","CYC1",0.085
4.26798575441863e-07,0.208826982653479,0.46,0.372,0.0104586990912028,"Arterial_endothelial","GRB2",0.088
4.41751022979632e-07,0.26090768763848,0.547,0.468,0.0108251088181159,"Arterial_endothelial","CDC42EP5",0.079
4.45239237510219e-07,0.304863843221304,0.208,0.149,0.0109105875151879,"Arterial_endothelial","INTS1",0.059
4.4838225359013e-07,0.287692831122922,0.181,0.128,0.0109876071242261,"Arterial_endothelial","CCDC28A",0.053
4.55785178113322e-07,0.356911380631686,0.19,0.136,0.011169015789667,"Arterial_endothelial","DEF8",0.054
4.59320618035419e-07,0.386242914355603,0.159,0.109,0.0112556517449579,"Arterial_endothelial","NTMT1",0.05
4.80895603632022e-07,0.205550230926974,0.289,0.217,0.0117843467670027,"Arterial_endothelial","SCFD1",0.072
4.88540099895328e-07,0.305160857303369,0.2,0.143,0.011971675147935,"Arterial_endothelial","DMWD",0.057
4.90153919138489e-07,0.203436788404715,0.49,0.401,0.0120112217884887,"Arterial_endothelial","PTBP3",0.089
4.91733989728851e-07,0.435122466994986,0.187,0.133,0.0120499414183055,"Arterial_endothelial","TRAPPC12",0.054
5.0025120604935e-07,0.286767575064713,0.154,0.105,0.0122586558042393,"Arterial_endothelial","UBE2F",0.049
5.02950915969228e-07,0.27753250264761,0.31,0.237,0.0123248121958259,"Arterial_endothelial","ALG5",0.073
5.05484992638317e-07,0.248807024712612,0.315,0.243,0.0123869097446019,"Arterial_endothelial","MRPL47",0.072
5.17981324697117e-07,0.266662251189553,0.216,0.157,0.0126931323617028,"Arterial_endothelial","MMAB",0.059
5.46454231299936e-07,0.237833596930359,0.263,0.196,0.0133908609380049,"Arterial_endothelial","GTF2F2",0.067
5.51461151130825e-07,0.238008822129802,0.412,0.329,0.0135135555084609,"Arterial_endothelial","SAP30BP",0.083
5.53456026037104e-07,0.328228770885665,0.181,0.128,0.0135624399180392,"Arterial_endothelial","SURF2",0.053
5.66365752315105e-07,0.208028582705361,0.209,0.151,0.0138787927604816,"Arterial_endothelial","FAM98B",0.058
5.76983397115482e-07,0.3009053316594,0.258,0.194,0.0141389781463149,"Arterial_endothelial","PGGT1B",0.064
5.97253176462678e-07,0.333633080452222,0.163,0.113,0.0146356890892179,"Arterial_endothelial","STAM2",0.05
5.98723524666697e-07,0.251576145567397,0.227,0.166,0.0146717199719574,"Arterial_endothelial","PAPD4",0.061
6.13317148133238e-07,0.224164673431764,0.357,0.28,0.015029336715005,"Arterial_endothelial","POLK",0.077
6.27301479227087e-07,0.328934843827388,0.175,0.123,0.0153720227484598,"Arterial_endothelial","ATG14",0.052
6.30989020205202e-07,0.22322216754655,0.384,0.305,0.0154623859401285,"Arterial_endothelial","USP7",0.079
6.45489549606149e-07,0.234778422753702,0.689,0.616,0.0158177214130987,"Arterial_endothelial","CFLAR",0.073
6.46599629681563e-07,0.26075026746921,0.249,0.186,0.0158449239253467,"Arterial_endothelial","WDR26",0.063
6.55689637507868e-07,0.297724177748631,0.236,0.176,0.0160676745671303,"Arterial_endothelial","ZCCHC6",0.06
6.71497567380781e-07,0.259363496191982,0.226,0.164,0.016455047888666,"Arterial_endothelial","CCM2",0.062
6.73689499172034e-07,0.359922410960227,0.207,0.151,0.0165087611772107,"Arterial_endothelial","MCPH1",0.056
6.7742250798509e-07,0.243616318866261,0.565,0.489,0.0166002385581746,"Arterial_endothelial","PEA15",0.076
6.82065757979303e-07,0.229849492393442,0.631,0.558,0.0167140213992828,"Arterial_endothelial","TERF2IP",0.073
6.85642666919789e-07,0.280338549641001,0.202,0.145,0.0168016735528694,"Arterial_endothelial","PRCC",0.057
6.88221543266946e-07,0.260070769019985,0.166,0.115,0.0168648689177565,"Arterial_endothelial","APOL2",0.051
6.94323644510474e-07,0.325780985099592,0.174,0.123,0.0170144009087292,"Arterial_endothelial","MAGOHB",0.051
7.10821942269321e-07,0.319096804916844,0.164,0.115,0.0174186916953097,"Arterial_endothelial","GPN1",0.049
7.12660616695063e-07,0.329997262214765,0.185,0.132,0.0174637484121125,"Arterial_endothelial","ZFAND2A",0.053
7.16263546359252e-07,0.240210382428204,0.42,0.338,0.0175520382035335,"Arterial_endothelial","NTAN1",0.082
7.21542361779886e-07,0.315594212882084,0.178,0.125,0.0176813955754161,"Arterial_endothelial","IRAK4",0.053
7.25539605834375e-07,0.31847985105027,0.274,0.206,0.0177793480409714,"Arterial_endothelial","MRPL1",0.068
7.30997611305059e-07,0.255282181445257,0.222,0.163,0.0179130964650305,"Arterial_endothelial","CUL2",0.059
7.38002924907719e-07,0.317922581232827,0.159,0.11,0.0180847616748637,"Arterial_endothelial","SPATC1L",0.049
7.46276949435271e-07,0.443215667117672,0.181,0.129,0.0182875166459113,"Arterial_endothelial","UGGT2",0.052
7.50353085558477e-07,0.226808976001575,0.391,0.312,0.0183874023616105,"Arterial_endothelial","FGFR1",0.079
7.56743358626184e-07,0.230409647239144,0.176,0.123,0.0185439960031346,"Arterial_endothelial","RSPRY1",0.053
7.67182480333209e-07,0.226824687819478,0.584,0.499,0.0187998066805653,"Arterial_endothelial","NDUFA2",0.085
7.74839759425468e-07,0.316038900875312,0.195,0.141,0.0189874483047211,"Arterial_endothelial","SLC7A6OS",0.054
7.98380166858712e-07,0.37076146421724,0.178,0.126,0.0195643059888727,"Arterial_endothelial","DESI1",0.052
8.12177834607022e-07,0.268101244151555,0.33,0.256,0.0199024178370451,"Arterial_endothelial","BCL7B",0.074
8.22011071779449e-07,0.214258580723642,0.445,0.362,0.0201433813139554,"Arterial_endothelial","TLK1",0.083
8.24902107279978e-07,0.345896244538966,0.157,0.108,0.0202142261388959,"Arterial_endothelial","PTPN23",0.049
8.25300090979497e-07,0.281480829542354,0.15,0.103,0.0202239787294526,"Arterial_endothelial","RNF135",0.047
8.3925106793936e-07,0.208727874395268,0.183,0.129,0.020565847419854,"Arterial_endothelial","SACM1L",0.054
8.57613067673562e-07,0.223184183795009,0.421,0.338,0.0210158082233406,"Arterial_endothelial","RBM42",0.083
8.68183066429258e-07,0.294417015401584,0.311,0.242,0.021274826042849,"Arterial_endothelial","DNAJC2",0.069
8.71276823915958e-07,0.217799326076786,0.242,0.179,0.0213506385700606,"Arterial_endothelial","TMEM183A",0.063
8.76508753548138e-07,0.237715827804388,0.281,0.213,0.0214788470056971,"Arterial_endothelial","DUSP11",0.068
9.31854569681467e-07,0.249778145503161,0.246,0.185,0.0228350962300443,"Arterial_endothelial","PHF6",0.061
9.46197313838487e-07,0.203835686137307,0.717,0.653,0.0231865651756121,"Arterial_endothelial","NFIC",0.0639999999999999
9.73771944405057e-07,0.253430897380951,0.437,0.355,0.0238622814976459,"Arterial_endothelial","KIDINS220",0.082
9.94992304638495e-07,0.318801829207145,0.198,0.144,0.0243822864251663,"Arterial_endothelial","SLC50A1",0.054
9.96276194372846e-07,0.262610400208888,0.275,0.209,0.0244137481431066,"Arterial_endothelial","TARDBP",0.066
1.00046600025055e-06,0.20750574972714,0.205,0.149,0.0245164193361398,"Arterial_endothelial","FAM91A1",0.056
1.00464320751412e-06,0.24327016567175,0.363,0.284,0.0246187818001336,"Arterial_endothelial","FBXW5",0.079
1.0088079900712e-06,0.228076356917771,0.309,0.238,0.0247208397966947,"Arterial_endothelial","CASP8AP2",0.071
1.00924750973715e-06,0.280027032104462,0.222,0.163,0.0247316102261088,"Arterial_endothelial","FAM127C",0.059
1.01088947635619e-06,0.264424095090919,0.281,0.216,0.0247718466181084,"Arterial_endothelial","RNF20",0.065
1.03013871737982e-06,0.320947178919729,0.253,0.19,0.0252435492693925,"Arterial_endothelial","CASD1",0.063
1.04269551186034e-06,0.347712122215038,0.163,0.114,0.0255512535181376,"Arterial_endothelial","RNF4",0.049
1.06722257263637e-06,0.316657590827302,0.161,0.112,0.0261522891424543,"Arterial_endothelial","ANKRD9",0.049
1.0753061721321e-06,0.274802173344721,0.168,0.117,0.0263503777480972,"Arterial_endothelial","GPR107",0.051
1.09057744497748e-06,0.298458369138234,0.175,0.124,0.026724600289173,"Arterial_endothelial","DCUN1D4",0.051
1.1197000458544e-06,0.201593480112175,0.418,0.335,0.027438249623662,"Arterial_endothelial","RBM22",0.083
1.14592613177911e-06,0.297140060582441,0.19,0.137,0.0280809198592472,"Arterial_endothelial","DDX39A",0.053
1.15138081677798e-06,0.243517367174953,0.402,0.32,0.0282145869151443,"Arterial_endothelial","FAM32A",0.082
1.16875395777468e-06,0.34129992246753,0.173,0.122,0.0286403157352686,"Arterial_endothelial","PIKFYVE",0.051
1.20164674318207e-06,0.226643608987414,0.525,0.441,0.0294463534416766,"Arterial_endothelial","SNW1",0.084
1.21963715931245e-06,0.261766608924735,0.221,0.163,0.0298872085889515,"Arterial_endothelial","ITGAE",0.058
1.23144053837286e-06,0.238428153386932,0.348,0.274,0.0301764503928269,"Arterial_endothelial","RTCB",0.074
1.23742567161376e-06,0.238951924374784,0.35,0.273,0.0303231160828953,"Arterial_endothelial","SPTSSA",0.077
1.26061755036673e-06,0.203601386483907,0.163,0.114,0.0308914330717367,"Arterial_endothelial","ADAM9",0.049
1.28025212195623e-06,0.305927223771047,0.294,0.229,0.0313725782485374,"Arterial_endothelial","TRIO",0.065
1.30317188104306e-06,0.336791720852898,0.156,0.109,0.0319342269449601,"Arterial_endothelial","PARP10",0.047
1.30435333935581e-06,0.321408222418229,0.202,0.147,0.0319631785809141,"Arterial_endothelial","STT3A",0.055
1.32659121113436e-06,0.273520418051564,0.278,0.213,0.0325081176288475,"Arterial_endothelial","RUFY3",0.065
1.33079865404156e-06,0.273119003060586,0.473,0.398,0.0326112210172885,"Arterial_endothelial","UBE2J1",0.075
1.34437286082805e-06,0.367289681725903,0.253,0.193,0.0329438569545913,"Arterial_endothelial","ITPKB",0.06
1.40360566426216e-06,0.220008804929339,0.693,0.626,0.0343953568027443,"Arterial_endothelial","SPAG9",0.0669999999999999
1.45016003303661e-06,0.20259519242367,0.469,0.387,0.035536171609562,"Arterial_endothelial","NEMF",0.082
1.45133710911807e-06,0.260677736712894,0.344,0.27,0.0355650158589383,"Arterial_endothelial","SHARPIN",0.074
1.45458491163763e-06,0.211874729235589,0.232,0.172,0.03564460325968,"Arterial_endothelial","NHLRC2",0.06
1.50548466913413e-06,0.263476271237616,0.18,0.128,0.0368919018171319,"Arterial_endothelial","SP110",0.052
1.52126248613838e-06,0.239310909622996,0.38,0.303,0.037278537222821,"Arterial_endothelial","ARHGEF15",0.077
1.54540604313027e-06,0.224897786947473,0.281,0.213,0.0378701750869072,"Arterial_endothelial","NAA50",0.068
1.55716710870505e-06,0.28266279182864,0.309,0.241,0.0381583799988171,"Arterial_endothelial","STRN3",0.068
1.59605448612832e-06,0.309516955773357,0.171,0.121,0.0391113151825746,"Arterial_endothelial","ILKAP",0.05
1.61794535043185e-06,0.357773113619373,0.214,0.159,0.0396477508123324,"Arterial_endothelial","INO80E",0.055
1.64131853210149e-06,0.236959172395312,0.267,0.201,0.0402205106291471,"Arterial_endothelial","MRPS22",0.066
1.65913073783379e-06,0.296955883722219,0.27,0.208,0.0406569987306169,"Arterial_endothelial","LINC01184",0.062
1.73759942529711e-06,0.254436329561665,0.193,0.14,0.0425798739169056,"Arterial_endothelial","CCDC130",0.053
1.77824149130491e-06,0.269014155092877,0.176,0.126,0.0435758077444269,"Arterial_endothelial","FN3KRP",0.05
1.79483614975618e-06,0.226601351332394,0.413,0.335,0.0439824598497753,"Arterial_endothelial","FBXO7",0.078
1.80648578246003e-06,0.205815412245951,0.543,0.455,0.044267934099183,"Arterial_endothelial","SUGT1",0.088
1.80945472952392e-06,0.238396295994183,0.171,0.121,0.0443406881469836,"Arterial_endothelial","MRPL35",0.05
1.82410973647945e-06,0.249903845785798,0.427,0.352,0.0446998090924288,"Arterial_endothelial","PTPRA",0.075
1.82768214212796e-06,0.298302776881017,0.194,0.141,0.0447873508928457,"Arterial_endothelial","POLDIP3",0.053
1.83575365931601e-06,0.235788913554034,0.344,0.269,0.0449851434215387,"Arterial_endothelial","HBP1",0.075
1.88140834759883e-06,0.284632522391308,0.212,0.155,0.0461039115579093,"Arterial_endothelial","ASXL2",0.057
1.88205262122305e-06,0.208134624097843,0.239,0.18,0.0461196994830708,"Arterial_endothelial","API5",0.059
1.88316932376944e-06,0.267109313014349,0.169,0.119,0.0461470642789702,"Arterial_endothelial","MGAT2",0.05
1.89343640355551e-06,0.249460325638675,0.335,0.262,0.0463986590691279,"Arterial_endothelial","PFDN4",0.073
1.92545179005654e-06,0.219019668720028,0.602,0.523,0.0471831961153355,"Arterial_endothelial","NUDC",0.079
1.9517435071401e-06,0.404634830809056,0.182,0.132,0.0478274746424682,"Arterial_endothelial","BAP1",0.05
1.97141100337852e-06,0.215161972345802,0.39,0.312,0.0483094266377907,"Arterial_endothelial","SAP30",0.078
1.97868222229859e-06,0.279067978189561,0.284,0.218,0.048487607857427,"Arterial_endothelial","RUNDC3B",0.066
2.02899612462359e-06,0.244131345626613,0.222,0.164,0.0497205500339011,"Arterial_endothelial","ITCH",0.058
2.03527944867674e-06,0.21609543162511,0.358,0.281,0.0498745228898235,"Arterial_endothelial","SUCLG1",0.077
2.05857657806021e-06,0.227463118013716,0.398,0.318,0.0504454190453653,"Arterial_endothelial","VASP",0.08
2.08176363655582e-06,0.21114801264696,0.249,0.187,0.0510136179138003,"Arterial_endothelial","ARHGEF1",0.062
2.10887376659081e-06,0.275348610920111,0.182,0.13,0.0516779516503079,"Arterial_endothelial","C5orf42",0.052
2.1408316559375e-06,0.25668904254816,0.19,0.137,0.0524610797287484,"Arterial_endothelial","SAMD8",0.053
2.22237608324376e-06,0.287008282524599,0.403,0.326,0.0544593259198885,"Arterial_endothelial","LAMA5",0.077
2.37968683317909e-06,0.210749203743922,0.251,0.188,0.0583142258470535,"Arterial_endothelial","MPV17",0.063
2.40722062112139e-06,0.32817096512649,0.2,0.147,0.0589889413205797,"Arterial_endothelial","CPTP",0.053
2.42068198023966e-06,0.253761803190478,0.163,0.115,0.0593188119257729,"Arterial_endothelial","TIMM10B",0.048
2.42929377741146e-06,0.241826035598832,0.196,0.142,0.0595298440154678,"Arterial_endothelial","SMIM20",0.054
2.46030325161187e-06,0.270920078120827,0.379,0.306,0.0602897311807488,"Arterial_endothelial","CORO1B",0.073
2.46040062394106e-06,0.314186229394526,0.28,0.216,0.0602921172896756,"Arterial_endothelial","UBR4",0.064
2.47725069466779e-06,0.262333361396858,0.372,0.298,0.0607050282728343,"Arterial_endothelial","BAX",0.074
2.49782721353415e-06,0.23765464188128,0.291,0.226,0.0612092558676543,"Arterial_endothelial","ITPRIP",0.065
2.50984019016564e-06,0.655532147010931,0.636,0.574,0.0615036338600091,"Arterial_endothelial","CRIM1",0.0620000000000001
2.69418854282311e-06,0.221795926969176,0.454,0.375,0.0660210902418804,"Arterial_endothelial","COX14",0.079
2.73763639031513e-06,0.221397343782845,0.717,0.657,0.0670857797446723,"Arterial_endothelial","CYYR1",0.0599999999999999
2.7524428053255e-06,0.282576195919398,0.236,0.177,0.0674486109445013,"Arterial_endothelial","TMEM131",0.059
2.84406525353222e-06,0.20152263321638,0.246,0.184,0.0696938190378072,"Arterial_endothelial","DNASE2",0.062
2.9326078049697e-06,0.289852901992419,0.251,0.19,0.0718635542607824,"Arterial_endothelial","SRPK1",0.061
2.94816384639482e-06,0.239022239061836,0.205,0.15,0.072244755055905,"Arterial_endothelial","STAU2",0.055
2.9567188921475e-06,0.27663203166727,0.21,0.155,0.0724543964520745,"Arterial_endothelial","GPALPP1",0.055
2.9736884660326e-06,0.237095317820913,0.326,0.252,0.0728702358601288,"Arterial_endothelial","CISD3",0.074
3.05476549025502e-06,0.297452496531066,0.18,0.13,0.0748570283386993,"Arterial_endothelial","TOMM5",0.05
3.05493284718893e-06,0.258993665557086,0.275,0.211,0.0748611294203646,"Arterial_endothelial","AP3B1",0.064
3.11888527531009e-06,0.21098143696053,0.477,0.392,0.0764282836714737,"Arterial_endothelial","DCTN2",0.085
3.17971589220523e-06,0.239566209105051,0.498,0.422,0.0779189379384891,"Arterial_endothelial","PINK1",0.076
3.18565976137155e-06,0.265105906455843,0.249,0.188,0.0780645924524098,"Arterial_endothelial","DHX30",0.061
3.1880944745526e-06,0.247482083387351,0.337,0.263,0.0781242550989114,"Arterial_endothelial","TAOK2",0.074
3.24488329136098e-06,0.220456142883535,0.27,0.205,0.0795158650548008,"Arterial_endothelial","ACSL4",0.065
3.32673652983139e-06,0.249441811192916,0.18,0.13,0.0815216786635183,"Arterial_endothelial","GTF2H1",0.05
3.32763124126023e-06,0.228566752268841,0.507,0.419,0.0815436035670821,"Arterial_endothelial","NDUFS8",0.088
3.35180013101552e-06,0.302532925054739,0.204,0.15,0.0821358622105354,"Arterial_endothelial","ZFAND3",0.054
3.42140426451094e-06,0.295475366524342,0.178,0.128,0.0838415115018407,"Arterial_endothelial","TNKS",0.05
3.47126820622265e-06,0.211930194995083,0.262,0.2,0.0850634273934859,"Arterial_endothelial","LYPLA2",0.062
3.50232556239843e-06,0.305618201026856,0.186,0.136,0.0858244879065735,"Arterial_endothelial","KIAA1217",0.05
3.56707116043762e-06,0.296229355971122,0.207,0.154,0.0874110787865239,"Arterial_endothelial","BCKDK",0.053
3.70529657206935e-06,0.34216147492322,0.205,0.15,0.0907982924985595,"Arterial_endothelial","WDR46",0.055
3.78371801621537e-06,0.248180638285384,0.162,0.114,0.0927200099873576,"Arterial_endothelial","DNAJC17",0.048
3.98468314809424e-06,0.221092529314824,0.27,0.207,0.0976446605440494,"Arterial_endothelial","UBN2",0.063
4.05080850534817e-06,0.223077995463978,0.344,0.27,0.0992650624235568,"Arterial_endothelial","RPAIN",0.074
4.09134832057991e-06,0.222240676676117,0.377,0.301,0.100258490595811,"Arterial_endothelial","USF2",0.076
4.10669027532568e-06,0.204470773543216,0.332,0.261,0.100634445196856,"Arterial_endothelial","MRPS5",0.071
4.22507416580257e-06,0.223713913234721,0.239,0.18,0.103535442432992,"Arterial_endothelial","RHOT2",0.059
4.32782547252577e-06,0.340544787833195,0.251,0.193,0.106053363204244,"Arterial_endothelial","DCAF13",0.058
4.33666809233237e-06,0.263428043054372,0.26,0.2,0.106270051602605,"Arterial_endothelial","EXOC4",0.06
4.85676837553456e-06,0.232085291360043,0.243,0.185,0.119015109042474,"Arterial_endothelial","RPA1",0.058
4.86200427895279e-06,0.257678247807939,0.227,0.172,0.119143414855738,"Arterial_endothelial","GFOD2",0.055
5.04836754651144e-06,0.245036688545712,0.2,0.148,0.123710246727263,"Arterial_endothelial","TRAF7",0.052
5.27596515686541e-06,0.289922886122064,0.18,0.131,0.129287526168987,"Arterial_endothelial","OGFOD3",0.049
5.37029790288105e-06,0.208548383145313,0.503,0.421,0.1315991501101,"Arterial_endothelial","NDUFS4",0.082
5.66142695981042e-06,0.277318614844184,0.158,0.113,0.138733267650154,"Arterial_endothelial","ARV1",0.045
5.68054714886382e-06,0.221756341155969,0.345,0.276,0.139201807882908,"Arterial_endothelial","MRPL42",0.069
5.84447986198378e-06,0.204612192495605,0.447,0.366,0.143218979017912,"Arterial_endothelial","THOC7",0.081
5.93673185090742e-06,0.415029963915686,0.159,0.114,0.145479614006486,"Arterial_endothelial","TOM1",0.045
5.97654855629196e-06,0.326588034220268,0.171,0.124,0.146455322371934,"Arterial_endothelial","FAM58A",0.047
6.00229067508098e-06,0.331497431630605,0.16,0.114,0.147086132992859,"Arterial_endothelial","C5orf15",0.046
6.07606914392644e-06,0.247207221942966,0.225,0.169,0.148894074371917,"Arterial_endothelial","JKAMP",0.056
6.23392154766968e-06,0.258332305902492,0.2,0.149,0.152762247525646,"Arterial_endothelial","PANK3",0.051
6.28387237384233e-06,0.297322214090581,0.347,0.279,0.153986292521006,"Arterial_endothelial","RNF167",0.0679999999999999
6.3186486593602e-06,0.401124210709521,0.176,0.129,0.154838485397622,"Arterial_endothelial","ACAA2",0.047
6.32542375457737e-06,0.375112360185943,0.162,0.117,0.155004509105919,"Arterial_endothelial","HIST2H2AC",0.045
6.35046647904707e-06,0.210087308454768,0.261,0.199,0.155618181069049,"Arterial_endothelial","ARFIP1",0.062
6.36890254598038e-06,0.283377820551965,0.203,0.151,0.156069956889249,"Arterial_endothelial","FAM98C",0.052
6.41321247105164e-06,0.207404972900199,0.253,0.195,0.15715577160312,"Arterial_endothelial","SLC20A1",0.058
6.42912901397248e-06,0.268694009055206,0.209,0.155,0.157545806487396,"Arterial_endothelial","GNA12",0.054
6.6383243303353e-06,0.380904957429173,0.207,0.158,0.162672137714867,"Arterial_endothelial","DACH1",0.049
6.67953525606127e-06,0.296915998204716,0.193,0.144,0.163682011449781,"Arterial_endothelial","ARHGAP27",0.049
6.69549209382134e-06,0.221961816865544,0.275,0.212,0.164073033759092,"Arterial_endothelial","SNRNP40",0.063
6.79685667650234e-06,0.207442238327639,0.275,0.211,0.16655697285769,"Arterial_endothelial","ARFGAP2",0.064
6.85400902842693e-06,0.248475633888926,0.298,0.232,0.167957491241602,"Arterial_endothelial","GRSF1",0.066
7.00571988951477e-06,0.254473305035559,0.161,0.116,0.171675165892559,"Arterial_endothelial","PYROXD1",0.045
7.00781336317966e-06,0.704069559875684,0.173,0.129,0.171726466464718,"Arterial_endothelial","BIRC3",0.044
7.1467637624318e-06,0.355138517990503,0.261,0.203,0.175131445998391,"Arterial_endothelial","IDI1",0.058
7.45193075782793e-06,0.279114272416827,0.251,0.193,0.182609563220573,"Arterial_endothelial","ACTR6",0.058
7.50838233757647e-06,0.230759868307362,0.287,0.224,0.183992909182311,"Arterial_endothelial","TMX3",0.063
7.620913744043e-06,0.260993516420108,0.235,0.178,0.186750491297774,"Arterial_endothelial","ZFP91",0.057
7.7263726165364e-06,0.251189192233061,0.202,0.151,0.189334760968224,"Arterial_endothelial","TP53I13",0.051
7.73164942685012e-06,0.232917695649171,0.215,0.162,0.189464069204962,"Arterial_endothelial","ING4",0.053
7.9262244293382e-06,0.210061671918305,0.214,0.16,0.194232129640933,"Arterial_endothelial","MOSPD2",0.054
7.95434189524039e-06,0.253376168339136,0.217,0.163,0.194921148142866,"Arterial_endothelial","WAC-AS1",0.054
8.02585977600739e-06,0.209497123903386,0.347,0.278,0.196673693811061,"Arterial_endothelial","VPS4B",0.069
8.39708490810562e-06,0.33020735099756,0.163,0.118,0.205770565673128,"Arterial_endothelial","MSH3",0.045
8.60458134199056e-06,0.202914141255906,0.28,0.215,0.210855265785479,"Arterial_endothelial","APOPT1",0.065
8.79883519520425e-06,0.267662237292167,0.184,0.135,0.21561545645848,"Arterial_endothelial","OXLD1",0.049
9.22409414380203e-06,0.249674146643797,0.266,0.205,0.226036426993869,"Arterial_endothelial","SRP54",0.061
9.35457058946447e-06,0.216976400123729,0.445,0.368,0.229233752294827,"Arterial_endothelial","SELT",0.077
9.40373225083893e-06,0.215193565974022,0.159,0.113,0.230438458806808,"Arterial_endothelial","FAHD2A",0.046
9.47494319356119e-06,0.237816950392792,0.165,0.119,0.232183482958217,"Arterial_endothelial","SKA2",0.046
9.60884387819844e-06,0.272491539139233,0.176,0.13,0.235464719235253,"Arterial_endothelial","SLC30A5",0.046
9.62109513999849e-06,0.327524249804229,0.2,0.15,0.235764936405663,"Arterial_endothelial","CNTRL",0.05
9.69960827756309e-06,0.217604533705059,0.172,0.124,0.237688900841684,"Arterial_endothelial","TBPL1",0.048
9.8877975206898e-06,0.284872473490303,0.194,0.145,0.242300478244504,"Arterial_endothelial","ANKRD36",0.049
9.95262876148543e-06,0.246621661315498,0.217,0.164,0.2438891678002,"Arterial_endothelial","CCNT2",0.053
1.0019355544281e-05,0.247699402432493,0.307,0.243,0.245524307612605,"Arterial_endothelial","FNBP1",0.064
1.00408282657987e-05,0.211554471995381,0.353,0.282,0.246050496653396,"Arterial_endothelial","MOB4",0.071
1.0166443343519e-05,0.201384110798709,0.473,0.394,0.249128694132932,"Arterial_endothelial","C1orf123",0.079
1.021062929581e-05,0.200948690922984,0.224,0.169,0.250211470893824,"Arterial_endothelial","PTS",0.055
1.02351101338369e-05,0.218294985113076,0.268,0.209,0.250811373829674,"Arterial_endothelial","WDR45",0.059
1.0245986706682e-05,0.319743597274061,0.161,0.116,0.251077904247244,"Arterial_endothelial","SIGMAR1",0.045
1.03671389817133e-05,0.241688431384779,0.432,0.358,0.254046740746885,"Arterial_endothelial","PKN1",0.074
1.04211418424864e-05,0.224435868565502,0.246,0.187,0.255370080850129,"Arterial_endothelial","ELOF1",0.059
1.04929469273137e-05,0.308027791394658,0.18,0.132,0.257129664453823,"Arterial_endothelial","SMARCAD1",0.048
1.0588497092428e-05,0.216707676567492,0.156,0.112,0.259471121249948,"Arterial_endothelial","TEX2",0.044
1.08591990588598e-05,0.324019296546286,0.166,0.12,0.266104672937359,"Arterial_endothelial","RNASEH1",0.046
1.13339952112323e-05,0.22697634695267,0.156,0.112,0.277739552651247,"Arterial_endothelial","GFER",0.044
1.15214455245022e-05,0.214788780327606,0.657,0.6,0.282333022577926,"Arterial_endothelial","GOLGA4",0.0570000000000001
1.18106950420982e-05,0.234833919890903,0.325,0.258,0.289421082006616,"Arterial_endothelial","PTPN1",0.067
1.27620476641561e-05,0.21135131469581,0.444,0.368,0.312733978010146,"Arterial_endothelial","RBPMS",0.076
1.30260569984627e-05,0.242839224385397,0.155,0.111,0.319203526747329,"Arterial_endothelial","TRIM23",0.044
1.41308495904966e-05,0.263240545333596,0.215,0.162,0.34627646921512,"Arterial_endothelial","BICD2",0.053
1.41737574846059e-05,0.391570310400234,0.154,0.112,0.347327927160268,"Arterial_endothelial","HUS1",0.042
1.43705963711803e-05,0.296861027246526,0.175,0.13,0.352151464075773,"Arterial_endothelial","PAICS",0.045
1.46079107233338e-05,0.308714133498481,0.16,0.116,0.357966852275295,"Arterial_endothelial","ATAD2B",0.044
1.51167875553457e-05,0.230731547235414,0.299,0.236,0.370436879043747,"Arterial_endothelial","GORASP2",0.063
1.54328383519073e-05,0.31667504460009,0.153,0.11,0.378181703813488,"Arterial_endothelial","CGRRF1",0.043
1.57110028593961e-05,0.282185825200006,0.186,0.138,0.384998125069502,"Arterial_endothelial","COA6",0.048
1.58205344205878e-05,0.233404089926314,0.199,0.148,0.387682195976504,"Arterial_endothelial","PXK",0.051
1.59844449869026e-05,0.20442357574058,0.267,0.207,0.391698824404048,"Arterial_endothelial","PDHA1",0.06
1.62365185549131e-05,0.266334916449861,0.161,0.117,0.397875887188145,"Arterial_endothelial","RNASEH2A",0.044
1.67854946978386e-05,0.224549449632656,0.268,0.209,0.411328547570534,"Arterial_endothelial","MNAT1",0.059
1.71519133486804e-05,0.208832257544771,0.201,0.15,0.420307636609414,"Arterial_endothelial","ZNF720",0.051
1.71639071267819e-05,0.205496559389735,0.408,0.332,0.420601544141792,"Arterial_endothelial","LBR",0.076
1.73186599173154e-05,0.290206978062137,0.18,0.134,0.424393761273814,"Arterial_endothelial","MINK1",0.046
1.73779304176826e-05,0.205924617418047,0.555,0.476,0.425846184885311,"Arterial_endothelial","C19orf60",0.0790000000000001
1.81026967928787e-05,0.221551453420207,0.263,0.203,0.443606584909492,"Arterial_endothelial","NEU1",0.06
1.85047619761876e-05,0.201597824625344,0.314,0.25,0.453459192226476,"Arterial_endothelial","SP3",0.064
1.89431430625428e-05,0.345908905125024,0.17,0.125,0.464201720747613,"Arterial_endothelial","GPAT4",0.045
1.94479701941052e-05,0.211449701151908,0.212,0.16,0.476572509606548,"Arterial_endothelial","DTNBP1",0.052
1.97456816385947e-05,0.233974843353854,0.154,0.111,0.483867928553763,"Arterial_endothelial","ZNF503",0.043
1.99424914598135e-05,0.254451807431085,0.18,0.133,0.488690753222731,"Arterial_endothelial","TERF2",0.047
2.00248942220959e-05,0.208066183193705,0.374,0.306,0.490710032912461,"Arterial_endothelial","NUDT21",0.068
2.01569528375675e-05,0.219066843889345,0.428,0.36,0.493946129284591,"Arterial_endothelial","XPO1",0.068
2.02070589713834e-05,0.263755307412707,0.191,0.143,0.495173980093749,"Arterial_endothelial","VAMP7",0.048
2.03329707767864e-05,0.287623071096625,0.227,0.174,0.49825944888515,"Arterial_endothelial","CUL1",0.053
2.04086784095368e-05,0.22141130717443,0.391,0.325,0.500114664425699,"Arterial_endothelial","PCAT19",0.066
2.08497784223066e-05,0.234777514999056,0.164,0.12,0.510923820238622,"Arterial_endothelial","ZNF384",0.044
2.09370067362742e-05,0.342891978043712,0.15,0.109,0.513061350072399,"Arterial_endothelial","TFE3",0.041
2.13760797540373e-05,0.220993853673596,0.42,0.347,0.523820834372684,"Arterial_endothelial","ZBTB16",0.073
2.14335473497948e-05,0.226404801406417,0.188,0.139,0.525229077806721,"Arterial_endothelial","BBIP1",0.049
2.16906978122986e-05,0.3123473064567,0.166,0.122,0.531530549890378,"Arterial_endothelial","PRR14",0.044
2.18353182210926e-05,0.218264062207745,0.28,0.218,0.535074473007875,"Arterial_endothelial","RHBDD2",0.062
2.23967867218259e-05,0.260713492270125,0.209,0.158,0.548833258618343,"Arterial_endothelial","IREB2",0.051
2.26712176873684e-05,0.244119464239777,0.168,0.123,0.555558189428962,"Arterial_endothelial","TBC1D17",0.045
2.27276045864333e-05,0.3251783567649,0.222,0.17,0.556939950390548,"Arterial_endothelial","C1orf131",0.052
2.27873950859174e-05,0.213818643810776,0.185,0.138,0.558405116580406,"Arterial_endothelial","C18orf32",0.047
2.29910294313322e-05,0.215789616579173,0.394,0.325,0.563395176214795,"Arterial_endothelial","RPN1",0.069
2.29976317916773e-05,0.224647520581181,0.304,0.24,0.563556967055052,"Arterial_endothelial","CREB3L2",0.064
2.32102879158342e-05,0.390337745375049,0.364,0.3,0.568768105377518,"Arterial_endothelial","HERC2",0.064
2.38248305735511e-05,0.315416858000656,0.218,0.168,0.583827473204869,"Arterial_endothelial","UROS",0.05
2.42388754238568e-05,0.293304588947188,0.156,0.114,0.593973642261612,"Arterial_endothelial","ACYP2",0.042
2.62742975459515e-05,0.209945360126788,0.214,0.162,0.643851661363541,"Arterial_endothelial","IFT22",0.052
2.70252923880687e-05,0.221996097029379,0.183,0.137,0.662254789969624,"Arterial_endothelial","ZPR1",0.046
2.70687768706447e-05,0.221450606356549,0.156,0.113,0.663320377215148,"Arterial_endothelial","GDE1",0.043
2.71117842272964e-05,0.252211923873679,0.201,0.153,0.664374272489898,"Arterial_endothelial","PAFAH1B3",0.048
2.83031214433317e-05,0.21100103524017,0.267,0.209,0.693567990968843,"Arterial_endothelial","UBA6",0.058
2.85374477281295e-05,0.222772916302802,0.338,0.274,0.699310156577812,"Arterial_endothelial","MYO6",0.064
2.90464286512507e-05,0.217199181909638,0.258,0.201,0.711782734098898,"Arterial_endothelial","MCUR1",0.057
2.91721414117036e-05,0.205751486497056,0.168,0.124,0.714863325293796,"Arterial_endothelial","CEP89",0.044
2.96951383090355e-05,0.209091353877063,0.157,0.114,0.727679364262914,"Arterial_endothelial","FRMD8",0.043
3.18072687091827e-05,0.272209288077827,0.197,0.149,0.779437119718522,"Arterial_endothelial","AP2A1",0.048
3.21066636286073e-05,0.219952690528225,0.264,0.207,0.786773792219021,"Arterial_endothelial","CEBPG",0.057
3.21078230416424e-05,0.215414395265562,0.171,0.126,0.786802203635448,"Arterial_endothelial","SIL1",0.045
3.36819934503059e-05,0.266557333699085,0.305,0.248,0.825377249499745,"Arterial_endothelial","DLL4",0.057
3.38576764883395e-05,0.212880001151952,0.181,0.135,0.82968236234676,"Arterial_endothelial","KIAA1211L",0.046
3.48896150947195e-05,0.214448898766352,0.171,0.126,0.8549700178961,"Arterial_endothelial","MAU2",0.045
3.7535891361745e-05,0.214695559857506,0.226,0.173,0.919817017819561,"Arterial_endothelial","CHCHD3",0.053
3.82861660549195e-05,0.202341369870072,0.489,0.418,0.938202499175803,"Arterial_endothelial","FAM177A1",0.071
3.9385501015176e-05,0.216386840683538,0.367,0.299,0.965141702376889,"Arterial_endothelial","CELF1",0.068
3.9706695295201e-05,0.275272450254505,0.207,0.159,0.973012568208901,"Arterial_endothelial","DCTN5",0.048
4.09628985070121e-05,0.230381882021239,0.269,0.211,1,"Arterial_endothelial","UBE2J2",0.058
4.21877985571192e-05,0.215848900109503,0.158,0.116,1,"Arterial_endothelial","GOLPH3L",0.042
4.55917111905923e-05,0.303132043433021,0.187,0.142,1,"Arterial_endothelial","USP4",0.045
4.61309561757878e-05,0.245736484992693,0.178,0.134,1,"Arterial_endothelial","PCIF1",0.044
4.63197265183086e-05,0.265992043181719,0.154,0.113,1,"Arterial_endothelial","OBFC1",0.041
4.65163644617622e-05,0.25978203554287,0.183,0.137,1,"Arterial_endothelial","CLPX",0.046
4.71544215379648e-05,0.200706989174055,0.268,0.208,1,"Arterial_endothelial","EOGT",0.06
4.7172340528978e-05,0.298840898702593,0.259,0.206,1,"Arterial_endothelial","MTSS1",0.053
4.78057897810292e-05,0.205433916048226,0.177,0.133,1,"Arterial_endothelial","NRAS",0.044
5.03467589497382e-05,0.23329756352779,0.214,0.164,1,"Arterial_endothelial","PIK3C3",0.05
5.10309552926349e-05,0.335413643391721,0.185,0.14,1,"Arterial_endothelial","WDR70",0.045
5.29034422387213e-05,0.28040454946231,0.178,0.134,1,"Arterial_endothelial","RUVBL1",0.044
5.31564158463825e-05,0.226313622619596,0.517,0.45,1,"Arterial_endothelial","GIMAP8",0.067
5.37350879218991e-05,0.216952739099479,0.156,0.114,1,"Arterial_endothelial","COG4",0.042
5.57620336266383e-05,0.201191919061737,0.362,0.293,1,"Arterial_endothelial","NRBP1",0.069
5.6693827254454e-05,0.257351254949995,0.155,0.114,1,"Arterial_endothelial","MKRN2",0.041
5.96623159498066e-05,0.248234513172583,0.154,0.114,1,"Arterial_endothelial","HPS1",0.04
5.9772723880476e-05,0.218071422017164,0.164,0.122,1,"Arterial_endothelial","SLC35A2",0.042
6.07433216565851e-05,0.242943172150165,0.226,0.176,1,"Arterial_endothelial","UBAC2",0.05
6.20142237372503e-05,0.264544139864147,0.178,0.134,1,"Arterial_endothelial","DCAF11",0.044
6.26750446997681e-05,0.234115070534558,0.277,0.221,1,"Arterial_endothelial","CHCHD5",0.056
6.29586377337927e-05,0.376902770066774,0.161,0.12,1,"Arterial_endothelial","IARS",0.041
6.51364497249263e-05,0.236961835739857,0.173,0.129,1,"Arterial_endothelial","ZNF688",0.044
6.73053133047628e-05,0.298412373141436,0.157,0.117,1,"Arterial_endothelial","EIF2B5",0.04
6.94602811308496e-05,0.219955104756244,0.461,0.391,1,"Arterial_endothelial","RPS6KA3",0.07
6.95671729800323e-05,0.224446771648339,0.164,0.122,1,"Arterial_endothelial","RAD17",0.042
6.98038503254807e-05,0.301830560755198,0.188,0.143,1,"Arterial_endothelial","NUP214",0.045
7.64019964198989e-05,0.212439620391746,0.161,0.119,1,"Arterial_endothelial","SPATA6",0.042
8.06144077106856e-05,0.206319876216643,0.246,0.191,1,"Arterial_endothelial","SNAP29",0.055
8.82567205684067e-05,0.226282335622235,0.311,0.251,1,"Arterial_endothelial","ARL8A",0.06
9.08929276745618e-05,0.282432643074006,0.175,0.133,1,"Arterial_endothelial","ECD",0.042
9.5998711211548e-05,0.207509482464557,0.304,0.247,1,"Arterial_endothelial","WDR43",0.057
0.00010102907855075,0.202462830227919,0.266,0.211,1,"Arterial_endothelial","EIF2AK1",0.055
0.000107214073844476,0.217639318253788,0.19,0.146,1,"Arterial_endothelial","RMDN3",0.044
0.000114417262914772,0.246344457058477,0.212,0.166,1,"Arterial_endothelial","ERCC6L2",0.046
0.000120668451580767,0.246353487780882,0.184,0.141,1,"Arterial_endothelial","ROBO3",0.043
0.000124327368332298,0.227357593575447,0.154,0.115,1,"Arterial_endothelial","PLA2G4A",0.039
0.00012766608262025,0.574389933584639,0.215,0.173,1,"Arterial_endothelial","PIM1",0.042
0.000129325980656646,0.325159100112554,0.175,0.134,1,"Arterial_endothelial","TM9SF4",0.041
0.000139065970540279,0.208600985370809,0.172,0.13,1,"Arterial_endothelial","MED8",0.042
0.000143360382130403,0.340722408094066,0.169,0.129,1,"Arterial_endothelial","ERF",0.04
0.000153194820330276,0.209187234566246,0.219,0.171,1,"Arterial_endothelial","MON1B",0.048
0.000153446009254938,0.225803107799174,0.261,0.21,1,"Arterial_endothelial","GBP3",0.051
0.000156167159623898,0.223788205640211,0.214,0.168,1,"Arterial_endothelial","ZCCHC2",0.046
0.000158121951207076,0.26014344193864,0.254,0.204,1,"Arterial_endothelial","CDK11A",0.05
0.000159588368741167,0.289092934429131,0.229,0.182,1,"Arterial_endothelial","TMEM87B",0.047
0.000160986453653239,0.20787079889238,0.292,0.235,1,"Arterial_endothelial","KLHDC2",0.057
0.000161853690860784,0.285511833002917,0.197,0.153,1,"Arterial_endothelial","TMEM128",0.044
0.000164878687245755,0.211186391788573,0.166,0.125,1,"Arterial_endothelial","SPRYD7",0.041
0.000172908946172319,0.244263819874779,0.18,0.138,1,"Arterial_endothelial","ARMC8",0.042
0.000181685200667189,0.251973814144806,0.166,0.127,1,"Arterial_endothelial","ZDHHC8",0.039
0.000187343843492082,0.338605044862527,0.161,0.121,1,"Arterial_endothelial","MOV10",0.04
0.000191644630191248,0.203304792857255,0.155,0.116,1,"Arterial_endothelial","AFAP1",0.039
0.000221346015313938,0.204671950276741,0.21,0.165,1,"Arterial_endothelial","PPP1R9A",0.045
0.000222345802799578,0.331430042436718,0.173,0.134,1,"Arterial_endothelial","STK19",0.039
0.000229860898399906,0.309021625419453,0.155,0.118,1,"Arterial_endothelial","TOPBP1",0.037
0.000232815267278007,0.203722500812116,0.185,0.142,1,"Arterial_endothelial","RAB9A",0.043
0.000253987924883784,0.203407394992579,0.241,0.191,1,"Arterial_endothelial","VPS41",0.05
0.000266844983037142,0.232346895031329,0.158,0.12,1,"Arterial_endothelial","RASA2",0.038
0.000274791075313582,0.234469532776894,0.251,0.201,1,"Arterial_endothelial","MAPKAP1",0.05
0.000278619798678409,0.26267458106356,0.218,0.171,1,"Arterial_endothelial","TCIRG1",0.047
0.000347624554526308,0.233062241977906,0.277,0.227,1,"Arterial_endothelial","KIF9",0.05
0.000409043209504764,0.236389915385315,0.192,0.151,1,"Arterial_endothelial","DDX41",0.041
0.000417884224258567,0.227422642096632,0.236,0.189,1,"Arterial_endothelial","SMARCA4",0.047
0.000475631403856273,0.226760577414599,0.157,0.12,1,"Arterial_endothelial","ZNF407",0.037
0.00052778150710771,0.318503399225627,0.161,0.125,1,"Arterial_endothelial","ZNF506",0.036
0.0005595157380673,0.201080910554348,0.236,0.192,1,"Arterial_endothelial","TLK2",0.044
0.000642567999059439,0.214342405537075,0.154,0.119,1,"Arterial_endothelial","TRNT1",0.035
0.000740574561556875,0.257545169547055,0.151,0.116,1,"Arterial_endothelial","PCGF3",0.035
0.00074165087427478,0.367440726880462,0.644,0.602,1,"Arterial_endothelial","CCND1",0.042
0.000746267916315881,0.216657856172236,0.18,0.142,1,"Arterial_endothelial","IMPDH1",0.038
0.000815188002368963,0.252491017723682,0.199,0.159,1,"Arterial_endothelial","PRPF3",0.04
0.000879082609128145,0.219930303420868,0.154,0.119,1,"Arterial_endothelial","UIMC1",0.035
0.00107491291076744,0.211080111718835,0.217,0.175,1,"Arterial_endothelial","ATP5SL",0.042
0.00117903789547323,0.284815579506587,0.168,0.133,1,"Arterial_endothelial","NUS1",0.035
0.0012849312420281,0.216524066012182,0.154,0.121,1,"Arterial_endothelial","IMMP1L",0.033
0.00183281356981595,0.277404932246629,0.205,0.167,1,"Arterial_endothelial","VPS13D",0.038
0.00207794396840187,0.240353697485078,0.153,0.121,1,"Arterial_endothelial","POGK",0.032
0.0024919339125408,0.237555797551965,0.368,0.321,1,"Arterial_endothelial","INSR",0.047
0.00250994538189936,0.203514180741267,0.189,0.152,1,"Arterial_endothelial","ZDHHC21",0.037
0.00263561306899787,0.215734441472123,0.195,0.158,1,"Arterial_endothelial","ALDH7A1",0.037
0.00494630917791771,0.203376806867408,0.151,0.122,1,"Arterial_endothelial","PANK2",0.029
0.00633542255700123,0.320680774624854,0.152,0.124,1,"Arterial_endothelial","AGPAT3",0.028
0.00663483442062979,0.245825330211092,0.299,0.261,1,"Arterial_endothelial","COL4A2",0.038
0,2.68781385628965,0.695,0.23,0,"Endothelial_general","FAM188B",0.465
0,2.33177682744969,0.73,0.31,0,"Endothelial_general","MAFB",0.42
0,2.62665873262467,0.598,0.19,0,"Endothelial_general","ACKR4",0.408
0,3.0528838779225,0.456,0.098,0,"Endothelial_general","EGLN3",0.358
0,1.66801012773636,0.731,0.424,0,"Endothelial_general","NRP2",0.307
0,1.53639313514697,0.781,0.492,0,"Endothelial_general","RAPGEF5",0.289
0,0.742397479868077,0.933,0.666,0,"Endothelial_general","MGP",0.267
0,1.10419104479239,0.909,0.699,0,"Endothelial_general","NR2F2",0.21
0,1.12447482313818,0.939,0.81,0,"Endothelial_general","EGFL7",0.129
0,1.43211760404804,0.982,0.912,0,"Endothelial_general","VWF",0.07
0,1.20034198504893,0.991,0.924,0,"Endothelial_general","MT-ND1",0.0669999999999999
0,1.41065883823305,0.991,0.941,0,"Endothelial_general","MT-ATP6",0.05
0,0.975978657531554,0.985,0.939,0,"Endothelial_general","MT-ND2",0.046
0,0.685154690865934,0.994,0.95,0,"Endothelial_general","TXNIP",0.044
0,1.40948698588325,0.999,0.973,0,"Endothelial_general","MT-ND3",0.026
0,1.18332560966697,0.996,0.972,0,"Endothelial_general","MT-CO3",0.024
0,0.831959632014521,0.998,0.979,0,"Endothelial_general","MT-ND4",0.019
0,0.70963503108405,0.998,0.984,0,"Endothelial_general","MT-CO1",0.014
0,0.905792479952114,1,0.987,0,"Endothelial_general","MT-CYB",0.013
0,0.746062381517844,0.997,0.994,0,"Endothelial_general","HLA-A",0.003
0,0.469777817318096,1,0.999,0,"Endothelial_general","RPS27",0.001
5.92878775009496e-323,0.676628076939766,0.996,0.982,1.45284943816077e-318,"Endothelial_general","MT-CO2",0.014
5.82298618004284e-311,1.77935818610962,0.613,0.293,1.4269227634195e-306,"Endothelial_general","AKR1C2",0.32
3.76944197145469e-299,0.405007636759206,0.999,0.998,9.23701755104972e-295,"Endothelial_general","RPL37",0.001
1.01858568120196e-285,1.15549673295125,0.843,0.654,2.4960442117854e-281,"Endothelial_general","TGM2",0.189
7.98930036883119e-273,0.747446755792728,0.971,0.916,1.95777805538208e-268,"Endothelial_general","PLAT",0.0549999999999999
5.27980540479476e-271,0.840439993866065,0.914,0.796,1.29381631444496e-266,"Endothelial_general","ADGRF5",0.118
2.46710100382749e-268,3.91932415183221,0.232,0.017,6.04563100987925e-264,"Endothelial_general","HLA-DQA2",0.215
1.01927124219778e-266,1.22264729967734,0.524,0.189,2.49772417900565e-262,"Endothelial_general","EFEMP1",0.335
1.13898493405461e-259,0.384070962224164,0.996,0.996,2.79108258090082e-255,"Endothelial_general","RPL37A",0
6.58692456631426e-258,0.59418122891584,0.999,0.99,1.61412586497531e-253,"Endothelial_general","CLU",0.00900000000000001
1.57795501029139e-256,0.635210082505802,0.953,0.881,3.86677875271904e-252,"Endothelial_general","TIMP1",0.072
1.96892432454867e-254,0.48160520450172,0.982,0.976,4.82484905730653e-250,"Endothelial_general","RPS21",0.00600000000000001
9.43178975766242e-247,1.01209005468075,0.764,0.496,2.31126008011518e-242,"Endothelial_general","SOX18",0.268
1.30011072552006e-245,0.419784480606649,0.995,0.996,3.18592133288691e-241,"Endothelial_general","HLA-C",-0.001
1.64214487539365e-243,1.0189797924181,0.699,0.365,4.02407601715213e-239,"Endothelial_general","FOXC2",0.334
3.86943111622643e-243,0.824586678755584,0.881,0.816,9.48204095031287e-239,"Endothelial_general","VAMP5",0.0650000000000001
2.96831347179944e-232,4.93378045140633,0.182,0.007,7.27385216264452e-228,"Endothelial_general","SCUBE1",0.175
2.76284738328335e-231,0.344509269433505,0.997,0.997,6.77035751273586e-227,"Endothelial_general","RPS14",0
1.20820654340157e-230,0.369545251707564,0.998,0.995,2.96071013460556e-226,"Endothelial_general","RPS15A",0.003
3.15220139744025e-230,1.87473494903087,0.5,0.234,7.72446952442734e-226,"Endothelial_general","WFS1",0.266
5.02067002160639e-225,1.35202026733206,0.692,0.43,1.23031518879465e-220,"Endothelial_general","ALDH1A2",0.262
9.57466956773456e-225,0.763707235039974,0.912,0.852,2.34627277757335e-220,"Endothelial_general","ARHGAP29",0.0600000000000001
1.95020511857801e-215,1.94151348154183,0.458,0.198,4.77897764307542e-211,"Endothelial_general","FLRT2",0.26
1.23854317931009e-212,0.431594853564386,0.99,0.984,3.03505006089936e-208,"Endothelial_general","RPL38",0.00600000000000001
1.21447165596154e-208,0.986011124141057,0.83,0.726,2.97606279293376e-204,"Endothelial_general","NPC2",0.104
2.98520739605953e-204,1.04077631585302,0.807,0.597,7.31525072404388e-200,"Endothelial_general","MMRN1",0.21
2.19040736646943e-202,0.355730684574724,1,0.999,5.36759325153334e-198,"Endothelial_general","SPARCL1",0.001
1.87333732003273e-195,1.09215774324363,0.694,0.48,4.59061310274022e-191,"Endothelial_general","NOSTRIN",0.214
2.08843291826455e-193,2.24208952536486,0.313,0.091,5.11770486620729e-189,"Endothelial_general","KIT",0.222
4.06259968841613e-193,0.389906258661105,0.995,0.993,9.95540053646372e-189,"Endothelial_general","FTL",0.002
7.89954280062764e-187,2.34825298830407,0.341,0.117,1.9357829632938e-182,"Endothelial_general","INMT",0.224
2.19595069086298e-185,2.18191885944994,0.312,0.095,5.38117716795973e-181,"Endothelial_general","SCNN1B",0.217
3.04174526375707e-185,1.27323511948927,0.455,0.212,7.45379676883671e-181,"Endothelial_general","DCN",0.243
2.93070007646782e-178,0.60450835824623,0.933,0.871,7.18168053738439e-174,"Endothelial_general","MT-ND5",0.0620000000000001
2.08211276766874e-175,1.58476123080285,0.473,0.242,5.10221733717225e-171,"Endothelial_general","ITGA10",0.231
3.52035985538005e-175,1.29526760447543,0.469,0.215,8.62664182560882e-171,"Endothelial_general","GJA4",0.254
1.07371363588735e-173,0.329519203187313,0.997,0.993,2.63113526474194e-169,"Endothelial_general","RPL36",0.004
1.1638439289528e-172,1.07998272578906,0.679,0.462,2.85199954789884e-168,"Endothelial_general","APOD",0.217
2.43135787478556e-172,1.02446833629475,0.66,0.392,5.95804247216202e-168,"Endothelial_general","DKK3",0.268
1.442191940549e-168,1.88079148259374,0.375,0.153,3.53409135031533e-164,"Endothelial_general","BMP4",0.222
5.12253378652421e-166,0.69361394645955,0.635,0.417,1.25527690438776e-161,"Endothelial_general","CFD",0.218
8.23313583441667e-166,0.651284755205349,0.871,0.737,2.01752993622381e-161,"Endothelial_general","GIMAP7",0.134
2.06649897405576e-162,0.283216769963408,0.998,0.996,5.06395573592364e-158,"Endothelial_general","RPL21",0.002
1.31415193435206e-161,0.672890774732333,0.874,0.712,3.22032931512971e-157,"Endothelial_general","TFPI",0.162
3.78415553211658e-158,0.247824838157242,1,1,9.27307313145169e-154,"Endothelial_general","B2M",0
1.13292290089123e-155,3.08565226662302,0.191,0.035,2.77622756863395e-151,"Endothelial_general","CNTN1",0.156
1.27736494224213e-155,1.40748520407062,0.486,0.261,3.13018279096434e-151,"Endothelial_general","CHRM3",0.225
1.92769822594466e-155,1.9986060565967,0.352,0.143,4.72382450267739e-151,"Endothelial_general","ADGRG6",0.209
8.11203334394424e-155,1.53578234920792,0.416,0.19,1.98785377093354e-150,"Endothelial_general","SMOC1",0.226
3.46795892192523e-153,2.43374260742811,0.253,0.073,8.49823333817778e-149,"Endothelial_general","PLA2R1",0.18
2.7684973597562e-149,2.90144409377765,0.19,0.036,6.78420278008257e-145,"Endothelial_general","PKP1",0.154
1.96986555316215e-148,2.34876821634347,0.232,0.06,4.82715553802384e-144,"Endothelial_general","IL34",0.172
1.65164305054296e-146,2.13870786943591,0.279,0.092,4.04735129535552e-142,"Endothelial_general","PDE1A",0.187
5.84780448125649e-145,1.14497603868645,0.584,0.376,1.4330044881319e-140,"Endothelial_general","CDH11",0.208
4.24647170983141e-142,1.18900977608535,0.558,0.365,1.04059789249419e-137,"Endothelial_general","LAMB1",0.193
4.52356075119886e-141,0.251375188746915,0.999,0.999,1.10849856208128e-136,"Endothelial_general","RPLP1",0
5.72124414318457e-141,0.281646385964744,0.993,0.995,1.40199087728738e-136,"Endothelial_general","RPS9",-0.002
1.09508393942323e-138,0.826240453627018,0.759,0.579,2.68350319355662e-134,"Endothelial_general","CCL14",0.18
2.19861069467782e-137,0.27072743070535,0.994,0.996,5.38769550730801e-133,"Endothelial_general","RPLP2",-0.002
2.74313992045635e-137,1.35763427402129,0.507,0.285,6.7220643750783e-133,"Endothelial_general","DNASE1L3",0.222
1.00742129011307e-136,0.554669547786416,0.827,0.638,2.46868587142207e-132,"Endothelial_general","CFH",0.189
1.24046366371935e-136,1.24082439370284,0.546,0.357,3.03975620794426e-132,"Endothelial_general","SCARA3",0.189
1.33470949707769e-132,0.310830426932504,0.987,0.981,3.27070562258889e-128,"Endothelial_general","RPS29",0.00600000000000001
1.27928495311825e-131,1.26409795527498,0.555,0.379,3.13488777761626e-127,"Endothelial_general","PLSCR4",0.176
6.04151932041882e-131,0.78778568242506,0.747,0.566,1.48047430946863e-126,"Endothelial_general","PLVAP",0.181
1.56078445358513e-130,0.264294380651836,0.997,0.996,3.82470230351037e-126,"Endothelial_general","RPL35A",0.001
1.74833654603763e-127,0.52651868927544,0.925,0.912,4.28429870606522e-123,"Endothelial_general","AHNAK",0.013
1.93765123204103e-127,1.01254465193082,0.586,0.4,4.74821434411655e-123,"Endothelial_general","PLPP3",0.186
5.96766412054967e-127,0.227522211356725,0.999,0.999,1.4623760927407e-122,"Endothelial_general","RPL34",0
6.17913768100346e-126,0.275723556119368,0.993,0.993,1.5141976887299e-121,"Endothelial_general","RPL35",0
8.92504529850206e-126,0.259612083342596,0.992,0.994,2.18708235039793e-121,"Endothelial_general","RPL23A",-0.002
2.56272085238295e-124,2.02006618398969,0.286,0.115,6.27994744876443e-120,"Endothelial_general","FAM118A",0.171
2.69089136573461e-124,0.995964457185998,0.542,0.337,6.59402929173267e-120,"Endothelial_general","NUPR1",0.205
7.52408061778318e-120,0.476781608610166,0.985,0.97,1.84377595538777e-115,"Endothelial_general","IGFBP4",0.015
2.59298611948157e-119,1.73655646506695,0.317,0.141,6.35411248578959e-115,"Endothelial_general","ABHD6",0.176
5.295121855982e-119,0.393068197634163,0.949,0.939,1.29756961080839e-114,"Endothelial_general","TOMM7",0.01
3.59791320514265e-118,0.307303922910784,0.977,0.978,8.81668630920207e-114,"Endothelial_general","RPL27",-0.001
1.24103742507979e-117,0.413703655774953,0.926,0.929,3.04116221015803e-113,"Endothelial_general","GLTSCR2",-0.003
3.24293480262914e-115,1.94932192770385,0.264,0.101,7.94681173384271e-111,"Endothelial_general","GPRC5C",0.163
4.86152883634863e-113,0.738686919413977,0.632,0.439,1.19131764134723e-108,"Endothelial_general","EFNA1",0.193
4.08072876613214e-110,1.14390687991001,0.59,0.41,9.9998258414068e-106,"Endothelial_general","TFF3",0.18
1.69351187651721e-109,0.208548706159174,0.997,0.999,4.14995085340542e-105,"Endothelial_general","RPL19",-0.002
2.6359288690792e-108,0.23678463498397,0.996,0.997,6.45934369367859e-104,"Endothelial_general","RPL18",-0.001
3.08175709789941e-108,1.49551541703678,0.347,0.173,7.5518457684025e-104,"Endothelial_general","RASSF9",0.174
7.73666527439146e-108,0.21463457029493,0.998,0.999,1.89586982548963e-103,"Endothelial_general","RPL30",-0.001
3.05649080157826e-105,0.762018693581809,0.708,0.583,7.48993070926753e-101,"Endothelial_general","RBP7",0.125
5.18384932270391e-105,1.69778731930011,0.262,0.103,1.27030227652859e-100,"Endothelial_general","C6orf141",0.159
7.00668817089688e-100,0.466561527138065,0.887,0.875,1.71698893627828e-95,"Endothelial_general","TGFBR2",0.012
7.16131404722883e-100,1.16362241715834,0.421,0.245,1.75488000727342e-95,"Endothelial_general","CRTAC1",0.176
4.27091644458657e-99,1.09148664283015,0.472,0.301,1.04658807474594e-94,"Endothelial_general","HHEX",0.171
7.41635421394828e-99,0.66219633583428,0.711,0.553,1.81737760012803e-94,"Endothelial_general","NUDT4",0.158
2.10907593125298e-98,0.52113238525219,0.892,0.855,5.16829056953543e-94,"Endothelial_general","NFIB",0.037
2.13097151059671e-98,0.576012464723872,0.802,0.726,5.22194568671725e-94,"Endothelial_general","GIMAP4",0.0760000000000001
1.28352364849471e-97,0.2136672734035,0.998,0.999,3.14527470063628e-93,"Endothelial_general","RPS25",-0.001
7.14114503645294e-96,1.02794231311846,0.525,0.367,1.74993759118279e-91,"Endothelial_general","GALNT15",0.158
1.59671761553254e-95,0.212651286757248,0.99,0.996,3.91275651686249e-91,"Endothelial_general","FAU",-0.00600000000000001
2.09417377929557e-95,1.40155733646614,0.333,0.17,5.13177284616379e-91,"Endothelial_general","HIF3A",0.163
8.71792537423341e-93,1.49479342642383,0.331,0.173,2.1363276129559e-88,"Endothelial_general","CHST15",0.158
2.14804515897837e-92,0.903744746883998,0.549,0.399,5.2637846620765e-88,"Endothelial_general","GIMAP8",0.15
3.47191115844506e-91,0.880279133223038,0.606,0.491,8.50791829376961e-87,"Endothelial_general","LYST",0.115
3.6046402517132e-91,0.919922733002763,0.563,0.421,8.8331709368232e-87,"Endothelial_general","TRIM56",0.142
2.21572452992798e-90,0.731976776958918,0.662,0.517,5.42963296058851e-86,"Endothelial_general","IGFBP6",0.145
7.91025742842651e-90,0.572914974264371,0.768,0.655,1.93840858283592e-85,"Endothelial_general","EFNB2",0.113
2.63864508314251e-89,0.935411575981756,0.549,0.41,6.46599977624073e-85,"Endothelial_general","RUNX1T1",0.139
1.7761973748851e-88,2.38244279723143,0.167,0.051,4.35257166715595e-84,"Endothelial_general","ISLR",0.116
5.37352613489836e-88,0.233356328484545,0.999,0.999,1.31678257935684e-83,"Endothelial_general","TPT1",0
3.2584709332053e-87,1.10914452235412,0.445,0.284,7.98488302181958e-83,"Endothelial_general","PMEPA1",0.161
5.04548742161796e-87,1.39592536913005,0.36,0.208,1.23639669266748e-82,"Endothelial_general","NEURL1B",0.152
3.25326250528389e-86,1.20846830311194,0.426,0.275,7.97211976919817e-82,"Endothelial_general","PLK2",0.151
1.91778497565034e-85,0.604617384057151,0.772,0.698,4.69953208283117e-81,"Endothelial_general","SNCG",0.0740000000000001
1.41037537433365e-83,1.12977943340354,0.384,0.227,3.4561248548046e-79,"Endothelial_general","TMOD1",0.157
1.29147246035562e-82,1.20910887873569,0.405,0.251,3.16475326410144e-78,"Endothelial_general","C7",0.154
4.84528065508589e-82,0.351109502246077,0.978,0.968,1.1873360245288e-77,"Endothelial_general","CST3",0.01
5.77770583580508e-81,0.690898933267748,0.656,0.513,1.41582681506403e-76,"Endothelial_general","GPM6A",0.143
1.32987386053017e-80,1.66530197566987,0.214,0.086,3.25885589522918e-76,"Endothelial_general","MME",0.128
3.07018420313468e-80,0.292982135628326,0.95,0.963,7.52348638978153e-76,"Endothelial_general","PFDN5",-0.013
2.43144765523465e-79,0.625756316166891,0.724,0.686,5.95826247915252e-75,"Endothelial_general","CALCOCO2",0.0379999999999999
8.19391252947185e-79,2.11108682124377,0.173,0.06,2.00791826534708e-74,"Endothelial_general","NR2F2-AS1",0.113
2.94826504976314e-77,1.37931188548844,0.313,0.173,7.22472350444458e-73,"Endothelial_general","JUP",0.14
6.15722034825618e-77,0.485137240477454,0.642,0.471,1.50882684634018e-72,"Endothelial_general","FMO2",0.171
6.8753823655839e-77,0.600341880219843,0.724,0.647,1.68481244868634e-72,"Endothelial_general","PERP",0.077
7.92202532769145e-77,2.01102699901499,0.176,0.063,1.94129230655079e-72,"Endothelial_general","NR2F1",0.113
9.13458782449243e-77,1.85350491990138,0.196,0.077,2.23843074639187e-72,"Endothelial_general","PDE7B",0.119
1.21025243726591e-76,0.464328037978589,0.804,0.773,2.96572359752012e-72,"Endothelial_general","GPX4",0.031
4.98299135536689e-76,1.2535146111123,0.329,0.185,1.22108203163266e-71,"Endothelial_general","HRCT1",0.144
5.49257588288403e-75,0.848597395946914,0.527,0.385,1.34595572010073e-70,"Endothelial_general","HIPK2",0.142
2.34392416553775e-74,0.950823173769121,0.529,0.393,5.74378616765026e-70,"Endothelial_general","GALNT1",0.136
4.81564626914177e-74,0.805630468601961,0.561,0.437,1.18007411825319e-69,"Endothelial_general","TSPAN18",0.124
1.3293658564291e-73,1.2178066662635,0.359,0.219,3.25761103117951e-69,"Endothelial_general","ATL2",0.14
1.56059863570837e-73,0.2131591600275,0.991,0.993,3.82424695680337e-69,"Endothelial_general","RPL22",-0.002
2.85875209538475e-73,0.83484436499238,0.533,0.399,7.00537200974033e-69,"Endothelial_general","CDKN1C",0.134
4.28034302601282e-73,0.336963385996871,0.914,0.917,1.04889805852444e-68,"Endothelial_general","NUCKS1",-0.003
6.22700843190406e-73,1.44167046655435,0.255,0.122,1.52592841623809e-68,"Endothelial_general","ARHGAP6",0.133
3.14161009993938e-71,0.237297269525,0.98,0.982,7.69851554990145e-67,"Endothelial_general","RPL27A",-0.002
5.7930450888796e-71,0.688423621453706,0.648,0.544,1.41958569902995e-66,"Endothelial_general","MT-ND4L",0.104
7.24510456911377e-71,1.32995459777385,0.292,0.157,1.77541287466133e-66,"Endothelial_general","TNFAIP8L1",0.135
1.05139564140498e-70,1.53725440173376,0.257,0.128,2.5764450192629e-66,"Endothelial_general","COL3A1",0.129
1.25915060733366e-70,0.523763056770097,0.811,0.781,3.08554856327112e-66,"Endothelial_general","SRSF7",0.03
1.6260650783382e-70,1.45374388611917,0.281,0.15,3.98467247446776e-66,"Endothelial_general","PLTP",0.131
1.24230317437498e-69,0.790302813369093,0.511,0.369,3.0442639288059e-65,"Endothelial_general","SPINT2",0.142
1.32356067890836e-69,1.26376110031339,0.37,0.236,3.24338544366493e-65,"Endothelial_general","ZCCHC24",0.134
6.13428755349288e-69,0.53849080664783,0.816,0.768,1.50320716498343e-64,"Endothelial_general","WSB1",0.0479999999999999
6.55256627992993e-69,0.519382875569715,0.779,0.721,1.60570636689683e-64,"Endothelial_general","SEPP1",0.0580000000000001
7.46372666627151e-68,0.772206675289851,0.583,0.476,1.82898621956983e-63,"Endothelial_general","GLS",0.107
2.40211605408113e-67,0.581763937232677,0.742,0.685,5.88638539052581e-63,"Endothelial_general","ARL4A",0.0569999999999999
6.34080116983552e-66,0.802887939592929,0.517,0.382,1.55381332666819e-61,"Endothelial_general","CCDC80",0.135
6.86464947854541e-65,1.0567028019389,0.444,0.324,1.68218235471755e-60,"Endothelial_general","RARRES3",0.12
2.38850004164749e-64,0.827439968636018,0.501,0.374,5.85301935205716e-60,"Endothelial_general","LAMA4",0.127
8.8770961456867e-64,0.988229436890108,0.452,0.327,2.17533241050053e-59,"Endothelial_general","BTN3A2",0.125
2.4916388720622e-63,1.13951949291555,0.396,0.272,6.10576105598842e-59,"Endothelial_general","NID1",0.124
7.04155804149137e-63,1.42689008171533,0.211,0.097,1.72553379806746e-58,"Endothelial_general","C12orf65",0.114
2.26872737498249e-62,1.19655652143285,0.353,0.227,5.55951643239459e-58,"Endothelial_general","LINC00969",0.126
2.56948384277136e-62,1.82166173309875,0.166,0.065,6.29652015671122e-58,"Endothelial_general","PKHD1L1",0.101
5.46329497462767e-62,0.315665407348608,0.939,0.92,1.33878043353251e-57,"Endothelial_general","ZFP36L1",0.0189999999999999
1.52324856116741e-61,0.615831377735278,0.589,0.472,3.73272059914073e-57,"Endothelial_general","SYNPO",0.117
1.58846032214287e-61,1.33878036248999,0.279,0.158,3.89252201941111e-57,"Endothelial_general","COL6A2",0.121
2.4162182782318e-61,0.755645284705304,0.388,0.251,5.92094289080704e-57,"Endothelial_general","GPR146",0.137
2.54107083989634e-61,0.71044622245377,0.66,0.589,6.22689409316599e-57,"Endothelial_general","COL18A1",0.0710000000000001
4.07391107725489e-61,2.02707362470488,0.151,0.057,9.98311909481311e-57,"Endothelial_general","SEMA4D",0.094
6.66188139360755e-61,1.00687809474583,0.391,0.263,1.63249403550353e-56,"Endothelial_general","ERAP2",0.128
6.74480874353204e-61,0.627215882765938,0.691,0.607,1.65281538260253e-56,"Endothelial_general","IL33",0.084
1.14206742676927e-60,1.55908300682738,0.233,0.119,2.7986362292981e-56,"Endothelial_general","FAM167B",0.114
9.81335962553123e-60,0.721136570752787,0.635,0.566,2.40476377623643e-55,"Endothelial_general","NUAK1",0.0690000000000001
2.73917094004137e-59,0.925941519216512,0.472,0.364,6.71233838857138e-55,"Endothelial_general","PDLIM2",0.108
1.05215091783921e-57,0.369517923647014,0.853,0.855,2.57829582416499e-53,"Endothelial_general","CYB5R3",-0.002
5.21375864887918e-57,1.17416699786327,0.312,0.191,1.27763155690784e-52,"Endothelial_general","SLC2A1",0.121
2.75798651010122e-56,1.30966205327136,0.179,0.079,6.75844594300304e-52,"Endothelial_general","FBLN1",0.1
6.64481174567361e-56,0.787685298328407,0.545,0.452,1.62831111827732e-51,"Endothelial_general","USP8",0.093
1.17985399417603e-55,1.46023191354995,0.199,0.094,2.89123221272837e-51,"Endothelial_general","TMEM98",0.105
1.57710104612674e-55,0.902507283774209,0.415,0.291,3.86468611353359e-51,"Endothelial_general","ITGA2",0.124
1.95018010725124e-55,1.26939639879246,0.276,0.161,4.77891635281916e-51,"Endothelial_general","CHST1",0.115
3.95890276120342e-55,1.42910478253964,0.184,0.083,9.70129121632899e-51,"Endothelial_general","SEMA3E",0.101
4.75662367343317e-54,0.8217935169236,0.477,0.372,1.1656106311748e-49,"Endothelial_general","SMAD1",0.105
7.56719270547981e-54,1.437639409567,0.208,0.103,1.85434057247783e-49,"Endothelial_general","RAB11FIP1",0.105
8.75540945492151e-54,0.76335840964724,0.553,0.468,2.14551308692852e-49,"Endothelial_general","HEBP1",0.085
2.05885151998855e-53,1.48941051674394,0.189,0.089,5.04521564973194e-49,"Endothelial_general","KBTBD11",0.1
8.60499380568753e-53,0.569339837084181,0.582,0.448,2.10865373208373e-48,"Endothelial_general","FXYD6",0.134
2.99157008339969e-52,0.71041878607745,0.562,0.478,7.33084248937094e-48,"Endothelial_general","UGP2",0.0840000000000001
3.80243902513697e-52,0.478284239556855,0.763,0.735,9.31787683109815e-48,"Endothelial_general","SQSTM1",0.028
5.86948336550965e-52,0.737008302090426,0.593,0.517,1.43831689871814e-47,"Endothelial_general","TEK",0.076
2.46149119843338e-51,0.852721727639034,0.463,0.36,6.031884181761e-47,"Endothelial_general","ST6GAL1",0.103
3.28657102489191e-50,0.501546123814457,0.619,0.479,8.05374229649762e-46,"Endothelial_general","CYP1B1",0.14
9.13455634183903e-50,1.05757313760808,0.315,0.2,2.23842303156766e-45,"Endothelial_general","SYNM",0.115
1.31062102713266e-49,0.674632178974549,0.264,0.15,3.21167682698859e-45,"Endothelial_general","S100A4",0.114
3.33236890630071e-49,1.63162934648453,0.169,0.079,8.16597000488988e-45,"Endothelial_general","LDLRAD3",0.09
3.49435979373909e-49,0.528565761395682,0.684,0.644,8.56292867455764e-45,"Endothelial_general","ABLIM1",0.04
4.89542785396848e-49,0.475814001603785,0.751,0.705,1.19962459561498e-44,"Endothelial_general","LDB2",0.046
9.02768670442168e-49,0.502269380265785,0.696,0.636,2.21223462691853e-44,"Endothelial_general","GIMAP1",0.0599999999999999
1.47674294044155e-48,1.35912621008212,0.197,0.1,3.61875857555202e-44,"Endothelial_general","FAXDC2",0.097
2.24251419534594e-48,0.261904573828871,0.979,0.976,5.49528103569523e-44,"Endothelial_general","ANXA2",0.003
2.57446049581016e-48,1.07483361183293,0.296,0.184,6.30871544498279e-44,"Endothelial_general","RBM43",0.112
3.47413054652399e-48,0.402987693219887,0.668,0.524,8.51335690425705e-44,"Endothelial_general","AKR1C1",0.144
5.63826217465221e-48,0.504115733686048,0.72,0.685,1.38165614589852e-43,"Endothelial_general","RRBP1",0.0349999999999999
7.51223266962396e-48,1.4575139384826,0.174,0.082,1.84087261569135e-43,"Endothelial_general","COLEC12",0.092
2.36910622428062e-47,0.37306737496772,0.816,0.799,5.80549480259965e-43,"Endothelial_general","ARL6IP5",0.0169999999999999
5.82283204790051e-47,0.790850969034872,0.484,0.387,1.42688499333802e-42,"Endothelial_general","ZNF521",0.097
6.8320144295604e-47,0.505271888600688,0.698,0.661,1.67418513596378e-42,"Endothelial_general","PRDX5",0.0369999999999999
1.38160856752797e-46,0.686014380064419,0.512,0.412,3.38563179472729e-42,"Endothelial_general","TBX1",0.1
2.3132619377388e-46,0.781076274618198,0.497,0.41,5.66864837842892e-42,"Endothelial_general","CPD",0.087
4.38818920964787e-46,0.23392695910837,0.587,0.455,1.07532576582421e-41,"Endothelial_general","IER3",0.132
5.32290096657067e-46,0.642745656661458,0.582,0.511,1.30437688185814e-41,"Endothelial_general","ARHGDIB",0.071
8.78997120511162e-45,1.25592060286272,0.218,0.12,2.1539824438126e-40,"Endothelial_general","FLT4",0.098
2.42189830538102e-44,1.34712765614584,0.221,0.125,5.9348617973362e-40,"Endothelial_general","MCU",0.096
4.69032578531217e-44,0.860080545230605,0.414,0.318,1.14936433369075e-39,"Endothelial_general","ATP8B1",0.096
8.47756911765532e-44,0.830818816250064,0.412,0.307,2.07742831228144e-39,"Endothelial_general","MPZL2",0.105
1.52479584874178e-43,0.685125245967678,0.505,0.417,3.73651222734173e-39,"Endothelial_general","FAM213A",0.088
2.37186568278969e-43,0.846690287997589,0.36,0.253,5.81225685567614e-39,"Endothelial_general","MYO10",0.107
1.17845712067176e-42,0.907906031486137,0.396,0.301,2.88780917420614e-38,"Endothelial_general","BLCAP",0.095
2.6712590456406e-42,0.751965944358585,0.447,0.353,6.54592029134229e-38,"Endothelial_general","ROBO4",0.094
4.46846384324798e-42,0.514347258024803,0.568,0.477,1.09499706478792e-37,"Endothelial_general","KCNN3",0.091
8.55787102950923e-42,0.540347584909252,0.663,0.618,2.09710629578124e-37,"Endothelial_general","KANK3",0.045
1.26995318373658e-41,1.44984609434612,0.154,0.072,3.11202027674648e-37,"Endothelial_general","FAM189A2",0.082
1.82334822288021e-41,0.352166043195995,0.826,0.844,4.46811482016796e-37,"Endothelial_general","CAST",-0.018
2.84028929651727e-41,0.293319867767633,0.875,0.886,6.96012892111557e-37,"Endothelial_general","COMMD6",-0.011
1.48683385343297e-40,0.315756493295554,0.907,0.89,3.6434863578375e-36,"Endothelial_general","KCTD12",0.017
1.95278034653535e-40,0.64278141561094,0.552,0.498,4.78528823918488e-36,"Endothelial_general","AKT3",0.054
2.76197989374594e-40,0.595541201110748,0.564,0.488,6.76823172962442e-36,"Endothelial_general","BNIP3L",0.076
2.7773411597635e-40,0.509914666683527,0.66,0.596,6.80587451200045e-36,"Endothelial_general","FOXC1",0.0640000000000001
3.57562496172677e-39,0.393500384630912,0.733,0.681,8.76206896871145e-35,"Endothelial_general","TIMP2",0.0519999999999999
3.85467793409934e-39,0.441286211547755,0.71,0.693,9.44588827751044e-35,"Endothelial_general","CCDC50",0.017
5.08672601436913e-39,0.678909263898745,0.476,0.388,1.24650220982116e-34,"Endothelial_general","RFC1",0.088
6.08395247219426e-39,0.490970747443123,0.887,0.881,1.4908725533112e-34,"Endothelial_general","JUN",0.00600000000000001
6.21454162934209e-39,0.509059433074156,0.646,0.622,1.52287342627028e-34,"Endothelial_general","CRTAP",0.024
1.51221061530587e-38,0.616619929628953,0.517,0.435,3.70567211280702e-34,"Endothelial_general","GIMAP6",0.082
4.35653787744046e-38,0.758996718599712,0.451,0.365,1.06756960686678e-33,"Endothelial_general","MAP3K1",0.086
7.81432432207255e-38,1.22600076423506,0.201,0.114,1.91490017512388e-33,"Endothelial_general","ACADS",0.087
8.08976708508135e-38,0.265738579384829,0.919,0.933,1.98239742419918e-33,"Endothelial_general","UQCRB",-0.014
1.29349025834213e-37,0.281746838350771,0.899,0.92,3.1696978780674e-33,"Endothelial_general","RPL36AL",-0.021
3.6118688455788e-37,0.402727791423521,0.752,0.73,8.85088460609086e-33,"Endothelial_general","TNFSF10",0.022
4.74152196567693e-37,0.714864691656054,0.469,0.391,1.16190995768913e-32,"Endothelial_general","DOCK4",0.078
7.98566618777636e-37,1.0835525582972,0.234,0.145,1.9568874993146e-32,"Endothelial_general","C5orf56",0.089
8.61071711695692e-37,0.618975628221401,0.548,0.474,2.11005622951029e-32,"Endothelial_general","MPDZ",0.0740000000000001
1.2857644310657e-36,1.08600519159113,0.319,0.23,3.1507657383265e-32,"Endothelial_general","STAB1",0.089
2.27037563420912e-36,0.888227500814452,0.338,0.243,5.56355549162946e-32,"Endothelial_general","F8",0.095
2.96703701556747e-36,1.19493051704786,0.219,0.133,7.27072420664809e-32,"Endothelial_general","NDRG4",0.086
7.13987247316902e-36,1.00353261870929,0.178,0.097,1.74962574955007e-31,"Endothelial_general","APOE",0.081
1.12360946240863e-35,1.10459648926218,0.214,0.128,2.75340498763235e-31,"Endothelial_general","SLC35F2",0.086
1.69535332031199e-35,1.69662865435222,0.165,0.089,4.15446331142453e-31,"Endothelial_general","RP11-467L13.7",0.076
3.97195721434318e-35,0.459828674534433,0.68,0.598,9.73328115374795e-31,"Endothelial_general","MARCKSL1",0.0820000000000001
1.69130607788363e-34,1.30678211970371,0.159,0.084,4.14454554385383e-30,"Endothelial_general","LPIN1",0.075
6.91116265348704e-34,0.678489468792983,0.441,0.358,1.693580408237e-29,"Endothelial_general","RSRP1",0.083
7.3024434450021e-34,0.503324037247387,0.375,0.271,1.78946376619777e-29,"Endothelial_general","FAM43A",0.104
1.26470436401512e-33,1.06919884626793,0.28,0.194,3.09915804401904e-29,"Endothelial_general","ABCG1",0.086
4.02256590920345e-33,0.777035003299097,0.432,0.36,9.85729776050305e-29,"Endothelial_general","ALDH2",0.072
1.09447629160098e-32,0.270368912759049,0.829,0.844,2.68201415256821e-28,"Endothelial_general","EIF4B",-0.015
1.2448234247138e-32,0.418540498746687,0.706,0.685,3.05043980226116e-28,"Endothelial_general","MPHOSPH8",0.0209999999999999
1.45267291502831e-32,0.584372309793851,0.536,0.485,3.55977497827686e-28,"Endothelial_general","EPB41L4A-AS1",0.051
1.46757905366923e-32,0.225224714547597,0.438,0.308,3.59630247101645e-28,"Endothelial_general","CDH13",0.13
1.73808194230878e-32,0.727554062634162,0.422,0.344,4.25916979962765e-28,"Endothelial_general","CBX5",0.078
1.86004738094711e-32,0.66819939926418,0.453,0.384,4.55804610701089e-28,"Endothelial_general","METTL7A",0.069
1.98369911430708e-32,0.295468002700617,0.817,0.828,4.86105467960951e-28,"Endothelial_general","ST13",-0.011
2.25595052104132e-32,0.615138244743671,0.379,0.286,5.52820675181175e-28,"Endothelial_general","GATA2",0.093
3.2292832700696e-32,0.921578277181521,0.237,0.15,7.91335865330555e-28,"Endothelial_general","ARHGAP20",0.087
6.30419550371049e-32,0.585845609621168,0.547,0.484,1.54484310818426e-27,"Endothelial_general","LUC7L3",0.0630000000000001
6.68072489717903e-32,0.870744415345637,0.169,0.093,1.63711163605372e-27,"Endothelial_general","LBH",0.076
8.37727161910532e-32,0.407474193714897,0.676,0.649,2.05285041026176e-27,"Endothelial_general","KMT2A",0.027
1.37861775151529e-31,0.716797006361282,0.416,0.335,3.37830280008822e-27,"Endothelial_general","AR",0.081
1.78965231129954e-31,0.909867318839227,0.286,0.199,4.38554298883952e-27,"Endothelial_general","FMNL2",0.087
2.07526351510296e-31,0.514346856312439,0.582,0.548,5.08543324375979e-27,"Endothelial_general","TLN1",0.0339999999999999
3.44957688239284e-31,1.12567316249208,0.215,0.136,8.45318815030365e-27,"Endothelial_general","TBC1D2B",0.079
6.25108483239146e-31,1.28743270407851,0.153,0.083,1.53182833817753e-26,"Endothelial_general","WIPF3",0.07
7.01947974158842e-31,1.24658993437339,0.158,0.086,1.72012351067624e-26,"Endothelial_general","ZFP14",0.072
7.17659842942472e-31,0.249947079237923,0.693,0.615,1.75862544513053e-26,"Endothelial_general","LGALS1",0.078
7.58329796460741e-31,0.818567386291905,0.308,0.221,1.85828716622705e-26,"Endothelial_general","DLL4",0.087
3.92791249284948e-30,0.39730460406508,0.692,0.634,9.62534956372764e-26,"Endothelial_general","TGFBR3",0.0579999999999999
5.87823168793987e-30,0.365406274211496,0.734,0.725,1.44046067512966e-25,"Endothelial_general","MACF1",0.00900000000000001
2.18917671565993e-29,0.516680225384676,0.514,0.435,5.36457754172465e-25,"Endothelial_general","MAOA",0.079
2.21992820312883e-29,0.247373973651447,0.905,0.913,5.43993406176721e-25,"Endothelial_general","SPTBN1",-0.00800000000000001
2.47701971728615e-29,1.23242060031453,0.154,0.084,6.06993681720971e-25,"Endothelial_general","FLVCR2",0.07
2.71485626125193e-29,1.02914890945539,0.213,0.136,6.65275526819786e-25,"Endothelial_general","CGNL1",0.077
3.16230499748966e-29,0.289777334985312,0.82,0.844,7.74922839634842e-25,"Endothelial_general","ANP32B",-0.024
3.1631901180637e-29,0.939333568773263,0.189,0.112,7.75139738431509e-25,"Endothelial_general","KLHL4",0.077
5.24533047231237e-29,0.370535426778382,0.683,0.627,1.28536823224015e-24,"Endothelial_general","CLEC3B",0.056
5.75812131886618e-29,0.674895408436765,0.459,0.394,1.41102762918816e-24,"Endothelial_general","SNX5",0.065
1.070972556857e-28,0.979047218697533,0.298,0.221,2.62441825057808e-24,"Endothelial_general","COL6A1",0.077
1.36830173914957e-28,0.336392023858532,0.725,0.725,3.35302341178603e-24,"Endothelial_general","SNHG8",0
2.10382657624815e-28,0.832698708241046,0.322,0.242,5.1554270250961e-24,"Endothelial_general","FARP1",0.08
2.51860439575135e-28,0.304436262706585,0.788,0.794,6.17184007178869e-24,"Endothelial_general","MZT2B",-0.00600000000000001
2.65496248842472e-28,0.658661615205948,0.475,0.411,6.50598557788478e-24,"Endothelial_general","SNRK",0.064
2.6862156930482e-28,0.217340128811084,0.892,0.898,6.5825715558146e-24,"Endothelial_general","OAZ1",-0.00600000000000001
3.39846402011731e-28,1.12775033606506,0.171,0.1,8.32793608129746e-24,"Endothelial_general","CDO1",0.071
4.28978497011782e-28,0.561796789997198,0.514,0.472,1.05121180692737e-23,"Endothelial_general","PRPF6",0.042
6.81804611750337e-28,0.200767289311009,0.908,0.902,1.6707622010942e-23,"Endothelial_general","IL6ST",0.00600000000000001
1.17617064976328e-27,0.775619103613136,0.386,0.317,2.88220617724492e-23,"Endothelial_general","RHOJ",0.069
1.25566420187988e-27,0.470558242192014,0.605,0.575,3.07700512670666e-23,"Endothelial_general","PHACTR2",0.03
3.06301630052376e-27,1.11887784584558,0.164,0.096,7.50592144443348e-23,"Endothelial_general","HIST2H2AC",0.068
3.18417508835639e-27,0.225011825740708,0.905,0.923,7.80282105401734e-23,"Endothelial_general","COX7C",-0.018
3.32057540762687e-27,1.2189719755777,0.159,0.092,8.13707003638964e-23,"Endothelial_general","MAN1C1",0.067
5.89146433330691e-27,0.476696190151511,0.588,0.551,1.44370333487686e-22,"Endothelial_general","TTC3",0.0369999999999999
6.54926572594049e-27,0.276366766168791,0.693,0.642,1.60489756614172e-22,"Endothelial_general","LIMCH1",0.0509999999999999
1.1701561645629e-26,1.06881920020868,0.197,0.125,2.86746768126139e-22,"Endothelial_general","CLK4",0.072
1.25322360752113e-26,0.7109921610961,0.354,0.275,3.07102445023052e-22,"Endothelial_general","ALDH1A3",0.079
2.22028180750756e-26,0.701394254228248,0.368,0.295,5.44080056929729e-22,"Endothelial_general","CDKN1B",0.073
3.08652638558788e-26,0.435711825272483,0.433,0.336,7.56353290788311e-22,"Endothelial_general","THSD4",0.097
3.43620620388197e-26,0.743718180662525,0.38,0.312,8.42042330261277e-22,"Endothelial_general","TPD52L2",0.068
3.5741708419284e-26,1.03348651214672,0.257,0.185,8.75850564814554e-22,"Endothelial_general","ALDH6A1",0.072
5.09408727184485e-26,0.50926307563624,0.528,0.481,1.24830608596558e-21,"Endothelial_general","WHSC1L1",0.047
1.1607788802154e-25,0.757518179122599,0.4,0.336,2.84448864596784e-21,"Endothelial_general","GATAD1",0.064
2.14445294241763e-25,0.574593208680956,0.471,0.414,5.25498193539441e-21,"Endothelial_general","RPS19BP1",0.057
2.14831826591523e-25,1.26905716306455,0.168,0.104,5.26445391062526e-21,"Endothelial_general","SCUBE2",0.064
3.53578609667802e-25,0.712732629741201,0.344,0.271,8.66444382990948e-21,"Endothelial_general","IRF2",0.073
4.32956216078866e-25,0.237535490289833,0.862,0.89,1.06095920750126e-20,"Endothelial_general","PNRC1",-0.028
5.34314758287955e-25,1.07859453949921,0.175,0.108,1.30933831518463e-20,"Endothelial_general","DAPK1",0.067
5.55318206849231e-25,0.287132627215815,0.794,0.779,1.36080726588404e-20,"Endothelial_general","MMRN2",0.015
9.1501999946143e-25,0.581725530433416,0.484,0.421,2.24225650868023e-20,"Endothelial_general","SESN3",0.063
1.34034783136368e-24,1.25558998580098,0.155,0.093,3.2845223607567e-20,"Endothelial_general","SEL1L3",0.062
1.47361008559243e-24,0.335534626170889,0.681,0.673,3.61108151474426e-20,"Endothelial_general","FLNB",0.00800000000000001
2.66264278875798e-24,0.992504184023438,0.203,0.134,6.52480615385143e-20,"Endothelial_general","CMBL",0.069
2.97473004548325e-24,0.379122694739122,0.681,0.68,7.2895759764567e-20,"Endothelial_general","HP1BP3",0.001
3.36458388114475e-24,0.664328277371196,0.451,0.397,8.24491280074521e-20,"Endothelial_general","ELK4",0.054
3.72279210144152e-24,0.610398787954628,0.457,0.401,9.12270204458245e-20,"Endothelial_general","NUMA1",0.056
4.38274605308761e-24,0.921432707597506,0.25,0.179,1.07399192030912e-19,"Endothelial_general","ZNF395",0.071
7.11736074012244e-24,0.682221541377434,0.399,0.338,1.744109249367e-19,"Endothelial_general","GNA11",0.061
1.03316415783993e-23,0.739911740537337,0.358,0.288,2.53176876878674e-19,"Endothelial_general","LRP5",0.07
1.19911258586856e-23,0.746864002252461,0.311,0.238,2.93842539167092e-19,"Endothelial_general","LYL1",0.073
1.25889911018478e-23,0.775115035289327,0.334,0.265,3.08493226950779e-19,"Endothelial_general","MAPRE2",0.069
1.44013334502298e-23,0.99730716736821,0.198,0.131,3.5290467619788e-19,"Endothelial_general","C1QTNF1",0.067
1.97100926836246e-23,1.04168995566441,0.156,0.094,4.8299582121222e-19,"Endothelial_general","LPIN2",0.062
2.18373893707512e-23,1.04482141519577,0.216,0.15,5.35125226530258e-19,"Endothelial_general","KANK2",0.066
3.24130848748359e-23,0.504304005625266,0.49,0.437,7.94282644857855e-19,"Endothelial_general","PGM5",0.053
3.64663223659685e-23,1.04427839082822,0.183,0.118,8.93607229578057e-19,"Endothelial_general","ZNF33B",0.065
3.73559390335045e-23,0.641790762111883,0.395,0.332,9.15407286016028e-19,"Endothelial_general","APOL3",0.063
3.86357360215059e-23,0.448498379812861,0.627,0.618,9.46768711207002e-19,"Endothelial_general","RWDD1",0.00900000000000001
4.11053547985331e-23,1.04141133577139,0.205,0.139,1.00728671933805e-18,"Endothelial_general","BTN3A1",0.066
7.3316911081322e-23,0.671280912998498,0.361,0.291,1.79663090604779e-18,"Endothelial_general","HMBOX1",0.07
8.87393281592579e-23,0.574919813808089,0.472,0.423,2.17455723654261e-18,"Endothelial_general","ZNF638",0.049
1.04515107639761e-22,1.09930494818429,0.163,0.101,2.56114271271235e-18,"Endothelial_general","RAB38",0.062
1.71508849703371e-22,0.985499919731138,0.201,0.135,4.20282436198111e-18,"Endothelial_general","DDB2",0.066
1.74339286964481e-22,1.13393065354781,0.161,0.101,4.2721842270646e-18,"Endothelial_general","IFT122",0.06
1.80497123590864e-22,0.97723660267811,0.211,0.144,4.42308201359412e-18,"Endothelial_general","LFNG",0.067
1.98996557377092e-22,0.461520940975208,0.62,0.599,4.87641063852565e-18,"Endothelial_general","PLXND1",0.021
3.24855603069788e-22,0.749072264187722,0.375,0.314,7.96058655322515e-18,"Endothelial_general","MAN1A1",0.061
3.29522423373896e-22,0.48423530872331,0.54,0.503,8.07494698477733e-18,"Endothelial_general","HIST1H4C",0.037
5.25916260257478e-22,0.75953640020824,0.39,0.328,1.28875779576095e-17,"Endothelial_general","SEMA6A",0.062
6.21208331120689e-22,0.936184299064569,0.237,0.172,1.52227101541125e-17,"Endothelial_general","H6PD",0.065
6.72392142504144e-22,0.635386197005114,0.398,0.337,1.6476969452064e-17,"Endothelial_general","TNS1",0.061
8.43565941537725e-22,0.514104161541275,0.298,0.223,2.0671583397382e-17,"Endothelial_general","RGS3",0.075
1.69913248597772e-21,0.83424237549765,0.232,0.164,4.1637241568884e-17,"Endothelial_general","ERMP1",0.068
1.86301078688182e-21,1.05517965014211,0.157,0.098,4.56530793325391e-17,"Endothelial_general","TPCN1",0.059
1.99627228034318e-21,0.669432534346088,0.337,0.271,4.89186522298097e-17,"Endothelial_general","KAT6B",0.066
3.50537702122607e-21,0.347252177693871,0.697,0.708,8.58992639051447e-17,"Endothelial_general","LINC00657",-0.011
3.52430159261781e-21,0.67147836994467,0.391,0.335,8.63630105270994e-17,"Endothelial_general","GBP2",0.056
4.68338864737306e-21,0.278967204966625,0.778,0.78,1.14766438803877e-16,"Endothelial_general","LMO2",-0.002
5.05755331416243e-21,0.452341771429568,0.562,0.543,1.2393534396355e-16,"Endothelial_general","PHF3",0.019
6.11577274807318e-21,0.87584021142928,0.213,0.148,1.49867011191533e-16,"Endothelial_general","ZNF366",0.065
6.81006507982502e-21,0.233506142356638,0.743,0.741,1.66880644781112e-16,"Endothelial_general","LY6E",0.002
7.76587362080335e-21,0.531159709028294,0.396,0.331,1.90302733077786e-16,"Endothelial_general","IMP3",0.065
8.21367897027097e-21,1.1400818795144,0.153,0.097,2.0127620316649e-16,"Endothelial_general","C1R",0.056
9.29857977663384e-21,0.647820204121996,0.38,0.322,2.27861697426412e-16,"Endothelial_general","PRPF8",0.058
9.52738376343741e-21,0.740825482870332,0.319,0.254,2.33468539123034e-16,"Endothelial_general","ICE2",0.065
9.97688961346076e-21,0.713506453597861,0.295,0.228,2.44483679977856e-16,"Endothelial_general","ITSN1",0.067
1.24175054195389e-20,0.479685209290271,0.518,0.48,3.04290970305801e-16,"Endothelial_general","MCFD2",0.038
1.43207396749161e-20,0.44497461080571,0.566,0.537,3.5092972573382e-16,"Endothelial_general","NDUFB1",0.0289999999999999
1.48025152186004e-20,0.818373965169212,0.244,0.177,3.62735635431804e-16,"Endothelial_general","PPL",0.067
1.76484178969917e-20,0.773601262906785,0.274,0.208,4.3247448056578e-16,"Endothelial_general","KIAA0430",0.066
1.98210075822609e-20,0.47205973002314,0.619,0.602,4.85713790803304e-16,"Endothelial_general","SLC3A2",0.017
2.32173704909146e-20,0.711485672104118,0.316,0.249,5.68941663879862e-16,"Endothelial_general","CMTM3",0.067
2.50335791804813e-20,1.06067369167569,0.154,0.098,6.13447857817695e-16,"Endothelial_general","SDHAF1",0.056
3.75155530748704e-20,0.255320696106625,0.786,0.788,9.193186280997e-16,"Endothelial_general","SH3BP5",-0.002
3.89459723060553e-20,0.882350533859593,0.234,0.171,9.54371051359885e-16,"Endothelial_general","GIMAP2",0.063
4.04124642889132e-20,0.35722567024075,0.591,0.551,9.90307437399819e-16,"Endothelial_general","LPP",0.0399999999999999
6.33763338242439e-20,0.288108046385069,0.723,0.73,1.5530370603631e-15,"Endothelial_general","TMOD3",-0.00700000000000001
7.69115118564934e-20,0.739496398756713,0.322,0.26,1.88471659804337e-15,"Endothelial_general","TEAD1",0.062
8.64918732423078e-20,0.500408024415082,0.569,0.554,2.11948335380275e-15,"Endothelial_general","CTSD",0.0149999999999999
8.68488538139062e-20,0.444049469837712,0.557,0.522,2.12823116270977e-15,"Endothelial_general","CSGALNACT1",0.035
9.37298125304413e-20,0.63774636018054,0.424,0.373,2.29684905605846e-15,"Endothelial_general","GBP4",0.051
1.01263596888897e-19,0.866014838837102,0.216,0.153,2.48146444176242e-15,"Endothelial_general","ZNF43",0.063
1.42938993302556e-19,0.391141331988186,0.592,0.575,3.50272003087914e-15,"Endothelial_general","CCDC47",0.017
1.4359689564098e-19,0.373781745598803,0.664,0.657,3.51884192768222e-15,"Endothelial_general","EPHX1",0.00700000000000001
1.51063177952693e-19,0.672788157796698,0.357,0.3,3.70180317573073e-15,"Endothelial_general","CLK1",0.057
1.58653389316494e-19,0.726696312821879,0.284,0.219,3.88780130520068e-15,"Endothelial_general","TLR4",0.065
1.82768418941024e-19,0.957025924923479,0.181,0.121,4.4787401061498e-15,"Endothelial_general","SLC22A23",0.06
2.06223459233065e-19,0.967247987546669,0.184,0.126,5.05350586850626e-15,"Endothelial_general","LINC01197",0.058
3.12189982748527e-19,0.4740685380659,0.305,0.234,7.65021552725265e-15,"Endothelial_general","TNFAIP3",0.071
3.87780063139561e-19,0.850574206219319,0.218,0.156,9.50255044723494e-15,"Endothelial_general","ZNF397",0.062
4.08743833316425e-19,1.05325042134492,0.197,0.14,1.0016267635419e-14,"Endothelial_general","AP1B1",0.057
4.89675217941829e-19,0.734111201603524,0.219,0.155,1.19994912156645e-14,"Endothelial_general","ZNF322",0.064
5.50795859320043e-19,0.717456617516721,0.331,0.274,1.34972525326377e-14,"Endothelial_general","ST3GAL1",0.057
1.24541095158919e-18,0.84439771258103,0.172,0.114,3.05187953686932e-14,"Endothelial_general","PCLO",0.058
1.25845313051844e-18,0.790991449703118,0.238,0.178,3.08383939633545e-14,"Endothelial_general","EPB41L4A",0.06
1.33106507278924e-18,0.273665221100978,0.747,0.704,3.26177496087004e-14,"Endothelial_general","MARCKS",0.043
1.38273976025766e-18,0.327538205201348,0.387,0.301,3.38840378251138e-14,"Endothelial_general","RBP1",0.086
1.56153413463041e-18,0.822492031882897,0.168,0.111,3.82653939691182e-14,"Endothelial_general","THEM6",0.057
1.62644176469673e-18,0.699084054399161,0.288,0.227,3.98559554438934e-14,"Endothelial_general","FNBP1",0.061
1.75943721186908e-18,0.673132471651631,0.352,0.294,4.31150088768518e-14,"Endothelial_general","FBN1",0.058
2.19052166701255e-18,0.388807006826301,0.608,0.595,5.36787334501426e-14,"Endothelial_general","FKBP8",0.013
2.91151827998069e-18,0.550218530620723,0.387,0.33,7.13467554509268e-14,"Endothelial_general","C17orf58",0.057
2.96346557625825e-18,0.451871751879256,0.516,0.493,7.26197239462083e-14,"Endothelial_general","ETFB",0.023
4.51492740529808e-18,0.86952207416299,0.265,0.206,1.10638296066829e-13,"Endothelial_general","ALDH3A2",0.059
4.66384784990325e-18,0.520638964628615,0.376,0.308,1.14287591561879e-13,"Endothelial_general","TSPAN5",0.068
5.11965050599561e-18,0.732714413245147,0.253,0.19,1.25457035649422e-13,"Endothelial_general","RFTN2",0.063
5.18672352928693e-18,0.820864621698357,0.27,0.21,1.27100660085176e-13,"Endothelial_general","TIA1",0.06
7.74684821363712e-18,0.274827361057771,0.68,0.663,1.89836515475178e-13,"Endothelial_general","AES",0.017
7.92716066219565e-18,0.378071601148446,0.639,0.626,1.94255072027104e-13,"Endothelial_general","PPP3CA",0.013
1.52210071251e-17,0.838317116193963,0.207,0.15,3.72990779600575e-13,"Endothelial_general","UBTD1",0.057
1.95491302757174e-17,0.548733112097295,0.406,0.356,4.79051437406456e-13,"Endothelial_general","ZKSCAN1",0.05
2.21531799905358e-17,0.998668229154482,0.152,0.1,5.42863675668079e-13,"Endothelial_general","ARHGEF9",0.052
2.28775103805236e-17,0.420322962022966,0.558,0.536,5.60613391874732e-13,"Endothelial_general","GTF2I",0.022
3.03520979362859e-17,0.653939677109031,0.275,0.215,7.43778159928686e-13,"Endothelial_general","NUDT2",0.06
3.10148834905007e-17,0.245276825303595,0.773,0.769,7.60019719934719e-13,"Endothelial_general","NFIA",0.004
3.44229461454615e-17,0.705179008570307,0.374,0.328,8.43534295294533e-13,"Endothelial_general","STAT1",0.046
5.20602337688451e-17,0.737705025237439,0.295,0.239,1.27573602850555e-12,"Endothelial_general","FAT4",0.056
6.18751022815646e-17,0.950302194110011,0.177,0.124,1.51624938140974e-12,"Endothelial_general","RPH3AL",0.053
1.21370263968589e-16,0.339814562902563,0.667,0.657,2.97417831855027e-12,"Endothelial_general","TNRC6B",0.01
1.36147875018669e-16,0.781252846330237,0.26,0.204,3.33630367733248e-12,"Endothelial_general","SHPRH",0.056
1.36209283321134e-16,0.716579442572641,0.338,0.29,3.33780848778439e-12,"Endothelial_general","RXRA",0.048
1.433279302429e-16,0.881986806745914,0.21,0.155,3.51225093060227e-12,"Endothelial_general","WASF3",0.055
1.49361006939283e-16,0.980927727760209,0.171,0.119,3.66009147504714e-12,"Endothelial_general","CERK",0.052
1.66986619078073e-16,0.874807221225728,0.219,0.164,4.09200710050819e-12,"Endothelial_general","SMAD7",0.055
1.8088052895173e-16,0.427808865352942,0.551,0.532,4.43247736196213e-12,"Endothelial_general","NUDT3",0.019
1.9400664834335e-16,0.504877674531167,0.492,0.466,4.75413291765379e-12,"Endothelial_general","SHANK3",0.026
1.97165126339803e-16,0.222989412137604,0.834,0.853,4.83153142095686e-12,"Endothelial_general","OST4",-0.019
4.36209364960804e-16,0.457257412082312,0.38,0.324,1.06893104883645e-11,"Endothelial_general","TMEM204",0.056
4.81915537872943e-16,0.971457262256551,0.159,0.108,1.18093402555765e-11,"Endothelial_general","MT-ATP8",0.051
6.41050457639949e-16,0.28381424938264,0.687,0.691,1.5708941464467e-11,"Endothelial_general","NAA38",-0.00399999999999989
6.78201897002806e-16,0.938856723536341,0.175,0.124,1.66193374860538e-11,"Endothelial_general","RILPL1",0.051
8.49774373235449e-16,0.475470221702494,0.447,0.409,2.08237210161347e-11,"Endothelial_general","DDX42",0.038
9.08472400380477e-16,0.894287784683442,0.226,0.172,2.22621161713236e-11,"Endothelial_general","GABPB1-AS1",0.054
1.22806288735174e-15,0.572168082513551,0.382,0.335,3.00936810545544e-11,"Endothelial_general","RBMS2",0.047
1.36095951109285e-15,0.561096707298488,0.4,0.356,3.33503128193302e-11,"Endothelial_general","MYRIP",0.044
1.93766184654859e-15,0.590723347557699,0.366,0.321,4.74824035496732e-11,"Endothelial_general","SMARCC2",0.045
2.67143660933936e-15,0.707280175158697,0.301,0.253,6.5463554111861e-11,"Endothelial_general","GMDS",0.048
2.97409339221279e-15,0.910830617769947,0.177,0.126,7.28801585761743e-11,"Endothelial_general","TMOD2",0.051
4.12452417827992e-15,0.553896731341805,0.276,0.217,1.0107146498875e-10,"Endothelial_general","TCEA3",0.059
5.09607633294274e-15,0.844134048939045,0.19,0.139,1.24879350538762e-10,"Endothelial_general","HERC4",0.051
5.1562188836096e-15,0.506333301377104,0.435,0.399,1.26353143742853e-10,"Endothelial_general","VPS36",0.036
5.79543633231939e-15,0.521310846985017,0.304,0.243,1.42017167323487e-10,"Endothelial_general","TCEAL2",0.061
7.37968340493592e-15,0.686553113369159,0.292,0.24,1.80839141837955e-10,"Endothelial_general","CTCF",0.052
8.03947858301271e-15,0.436728031385324,0.498,0.469,1.97007422676726e-10,"Endothelial_general","ZNF292",0.029
9.85916808461261e-15,0.726258297997213,0.315,0.271,2.41598913913432e-10,"Endothelial_general","SDHA",0.044
1.10120841049127e-14,0.396545268704804,0.551,0.539,2.69851120990887e-10,"Endothelial_general","LINC00493",0.012
1.11504367671528e-14,0.557071186216173,0.304,0.249,2.73241452979078e-10,"Endothelial_general","PIK3R1",0.055
1.25090293567997e-14,0.773751945691272,0.221,0.169,3.06533764388376e-10,"Endothelial_general","SLF2",0.052
1.54762525049509e-14,0.509637037754435,0.289,0.228,3.79245567633822e-10,"Endothelial_general","SORBS1",0.061
1.75012454284604e-14,0.589104924572207,0.354,0.308,4.28868019224421e-10,"Endothelial_general","NSD1",0.046
2.14248635011332e-14,0.258060910250308,0.646,0.635,5.2501628009527e-10,"Endothelial_general","NSA2",0.011
2.2255379843812e-14,0.311146751731698,0.599,0.588,5.45368083072614e-10,"Endothelial_general","ERP29",0.011
2.24230436529498e-14,0.699185970298422,0.234,0.181,5.49476684715535e-10,"Endothelial_general","EZH1",0.053
2.96443503245331e-14,0.720609118273794,0.259,0.21,7.26434804702685e-10,"Endothelial_general","PBXIP1",0.049
2.98342067712296e-14,0.658356277719302,0.283,0.23,7.31087236928981e-10,"Endothelial_general","SNED1",0.053
3.87394213323264e-14,0.253670287372624,0.405,0.337,9.49309519748658e-10,"Endothelial_general","GUCY1A3",0.068
4.08669715281088e-14,0.967481706035138,0.171,0.124,1.00144513729631e-09,"Endothelial_general","MIR99AHG",0.047
4.92574203652712e-14,0.531054365264616,0.447,0.423,1.20705308605097e-09,"Endothelial_general","CLTC",0.024
5.76068941861979e-14,0.639212171454008,0.27,0.217,1.41165694203278e-09,"Endothelial_general","ZNF704",0.053
7.29291323928972e-14,0.472374568720237,0.474,0.449,1.78712838928795e-09,"Endothelial_general","CALM3",0.025
8.49188937333282e-14,0.728843534025307,0.251,0.2,2.08093749093521e-09,"Endothelial_general","PRRG1",0.051
8.79912090521572e-14,0.641042016964723,0.249,0.197,2.15622457782311e-09,"Endothelial_general","CCDC174",0.052
8.85955423764843e-14,0.575582714953326,0.363,0.321,2.17103376593575e-09,"Endothelial_general","PPP1R10",0.042
8.96289238757103e-14,0.217729838373041,0.769,0.813,2.19635677957428e-09,"Endothelial_general","PSME1",-0.0439999999999999
9.06188424986619e-14,0.433039345478634,0.514,0.502,2.22061473542971e-09,"Endothelial_general","LSM2",0.012
9.86057246332876e-14,0.403085769576508,0.552,0.558,2.41633328213871e-09,"Endothelial_general","HADHA",-0.00600000000000001
1.16617873476845e-13,0.324159044072195,0.63,0.634,2.85772098955008e-09,"Endothelial_general","MYCBP2",-0.004
1.18534974863756e-13,0.715032602423226,0.155,0.107,2.90469955903635e-09,"Endothelial_general","KCNT2",0.048
1.52576406360754e-13,0.809945927380849,0.192,0.144,3.73888483787028e-09,"Endothelial_general","KAT2B",0.048
1.53138440788904e-13,0.333232441413888,0.602,0.605,3.7526574915321e-09,"Endothelial_general","ERG",-0.003
1.8025971897887e-13,0.679994334262341,0.333,0.292,4.41726441357721e-09,"Endothelial_general","TBC1D5",0.041
2.07276402760796e-13,0.428204339887654,0.376,0.317,5.07930824965331e-09,"Endothelial_general","PLCXD3",0.059
2.38515556067005e-13,0.26038429511687,0.677,0.68,5.84482370142195e-09,"Endothelial_general","LHFP",-0.003
2.57971807823146e-13,0.605219775981852,0.34,0.295,6.3215991507062e-09,"Endothelial_general","CALHM2",0.045
3.06851813769108e-13,0.936348022039608,0.168,0.123,7.519403696412e-09,"Endothelial_general","HPS4",0.045
3.32435583429866e-13,0.692136267849583,0.289,0.242,8.14633397194886e-09,"Endothelial_general","PRKAG2",0.047
3.40857311288738e-13,0.859850862632306,0.155,0.11,8.35270841313052e-09,"Endothelial_general","SMIM3",0.045
3.62409837246513e-13,0.391824058325578,0.552,0.548,8.8808530617258e-09,"Endothelial_general","ANXA11",0.004
5.00276550163775e-13,0.31795077256917,0.634,0.639,1.22592768617633e-08,"Endothelial_general","PSMB9",-0.005
5.39233205229282e-13,0.459366825932561,0.478,0.458,1.32139096941436e-08,"Endothelial_general","TMEM205",0.02
5.59037454709186e-13,0.683498828464156,0.229,0.179,1.36992128276486e-08,"Endothelial_general","BRD8",0.05
5.59400304203233e-13,0.494616805427795,0.41,0.376,1.37081044545002e-08,"Endothelial_general","SPOP",0.034
6.20656311774597e-13,0.556945951971808,0.327,0.28,1.52091829200365e-08,"Endothelial_general","AC090498.1",0.047
6.92515133513819e-13,0.299955298400326,0.642,0.657,1.69700833467561e-08,"Endothelial_general","PAK2",-0.015
7.76089653609688e-13,0.580430658563813,0.335,0.291,1.90180769617054e-08,"Endothelial_general","EPN2",0.044
8.37146536565514e-13,0.307633616862661,0.625,0.638,2.05142758785379e-08,"Endothelial_general","SIVA1",-0.013
8.94157341614617e-13,0.875876197596529,0.151,0.108,2.19113256562662e-08,"Endothelial_general","SPATA6",0.043
1.18876346891587e-12,0.388499467117555,0.536,0.518,2.91306488057834e-08,"Endothelial_general","PNPLA2",0.018
1.3780331030033e-12,0.326878759232424,0.646,0.655,3.37687011890958e-08,"Endothelial_general","C14orf2",-0.00900000000000001
1.42073268294091e-12,0.760288768839041,0.165,0.119,3.48150543954669e-08,"Endothelial_general","ARHGAP25",0.046
1.42276556679063e-12,0.381706991213228,0.522,0.496,3.48648702142045e-08,"Endothelial_general","TNXB",0.026
1.55829724581438e-12,0.567442914027512,0.361,0.32,3.81860740086815e-08,"Endothelial_general","IGF1R",0.041
1.56651928036729e-12,0.597580431688859,0.267,0.217,3.83875549654005e-08,"Endothelial_general","DMKN",0.05
2.09077922782145e-12,0.41521882264836,0.471,0.439,5.12345449777646e-08,"Endothelial_general","FLI1",0.032
2.21791613513976e-12,0.547468070649459,0.396,0.364,5.43500348915999e-08,"Endothelial_general","ANAPC5",0.032
2.38547550789069e-12,0.737033507430524,0.227,0.182,5.84560773208614e-08,"Endothelial_general","TOMM70A",0.045
2.40040562914616e-12,0.758133069751668,0.212,0.166,5.88219399422267e-08,"Endothelial_general","NHLRC3",0.046
2.58780079956765e-12,0.831558062724771,0.179,0.135,6.34140585934052e-08,"Endothelial_general","FAM217B",0.044
2.75071452837741e-12,0.619952074997012,0.277,0.23,6.74062595178884e-08,"Endothelial_general","ATM",0.047
2.86733267803814e-12,0.41475955017385,0.486,0.456,7.02639872753247e-08,"Endothelial_general","ATP2B4",0.03
2.97381038990578e-12,0.645989371570236,0.269,0.223,7.28732236046412e-08,"Endothelial_general","ZC3H7A",0.046
3.41497359089884e-12,0.782134429376014,0.182,0.137,8.3683927844976e-08,"Endothelial_general","POU2F1",0.045
3.81279091509968e-12,0.769832667986255,0.172,0.127,9.34324413745177e-08,"Endothelial_general","PWWP2A",0.045
5.0896905875367e-12,0.532760322440934,0.403,0.373,1.24722867847587e-07,"Endothelial_general","PAM",0.03
5.95706561751049e-12,0.553688733084964,0.308,0.263,1.45977892957095e-07,"Endothelial_general","ZC3H6",0.045
5.99125278665528e-12,0.579481589617307,0.287,0.241,1.46815649536988e-07,"Endothelial_general","ZNF33A",0.046
7.50613422037849e-12,0.459425234481679,0.477,0.456,1.83937819070375e-07,"Endothelial_general","HDAC7",0.021
8.29597751455242e-12,0.357022353792055,0.49,0.458,2.03292928994107e-07,"Endothelial_general","CDA",0.032
9.14757896003956e-12,0.861934186857837,0.173,0.13,2.24161422415769e-07,"Endothelial_general","GNPDA1",0.043
9.50003269494707e-12,0.288478731085321,0.654,0.666,2.32798301189678e-07,"Endothelial_general","NFIC",-0.012
1.05526323428392e-11,0.679685881801153,0.255,0.212,2.58592255561275e-07,"Endothelial_general","POLR2M",0.043
1.13715858336388e-11,0.587420381356197,0.324,0.285,2.78660710853318e-07,"Endothelial_general","PPM1F",0.039
1.16876292627657e-11,0.779003121311989,0.2,0.156,2.86405355084074e-07,"Endothelial_general","ANGPTL2",0.044
1.32741496492431e-11,0.863158083050383,0.16,0.118,3.25283037154702e-07,"Endothelial_general","ZNF493",0.042
1.4154761317771e-11,0.770611338395781,0.188,0.144,3.4686242609198e-07,"Endothelial_general","C9orf85",0.044
1.71123038464561e-11,0.52868359441191,0.368,0.333,4.19337005757407e-07,"Endothelial_general","RBM5",0.035
1.8650026657764e-11,0.696402317795267,0.174,0.131,4.57018903248506e-07,"Endothelial_general","UPF1",0.043
2.07727471091104e-11,0.354122473843151,0.5,0.478,5.0903616790875e-07,"Endothelial_general","TAF1D",0.022
2.39152200931854e-11,0.697240542207095,0.201,0.156,5.86042468383509e-07,"Endothelial_general","P3H2",0.045
2.41366872979886e-11,0.316367008946975,0.626,0.63,5.9146952223721e-07,"Endothelial_general","PPDPF",-0.004
2.80719119113984e-11,0.348780950392567,0.613,0.618,6.87902201388817e-07,"Endothelial_general","DDX18",-0.005
3.83417833290517e-11,0.475517192574731,0.361,0.32,9.39565400478413e-07,"Endothelial_general","RSBN1L",0.041
3.91679137597033e-11,0.563055286159343,0.249,0.201,9.59809726681528e-07,"Endothelial_general","POLR2J3",0.048
4.03282637372032e-11,0.934983612067046,0.154,0.114,9.88244102880163e-07,"Endothelial_general","DENND5B",0.04
4.38294730327832e-11,0.265602386547788,0.67,0.687,1.07404123666835e-06,"Endothelial_general","HLA-F",-0.017
4.49367568314539e-11,0.628218838044863,0.27,0.227,1.10117522615478e-06,"Endothelial_general","SYNE3",0.043
4.6764588236553e-11,0.634396610703519,0.248,0.205,1.14596623473673e-06,"Endothelial_general","SMARCA1",0.043
4.82556738702105e-11,0.247618763297196,0.716,0.74,1.18250528818951e-06,"Endothelial_general","ARL2",-0.024
4.9982674742764e-11,0.61346282039867,0.287,0.246,1.22482544457143e-06,"Endothelial_general","THRA",0.041
5.01126633967717e-11,0.484141807805865,0.387,0.356,1.22801081653789e-06,"Endothelial_general","MIA3",0.031
5.13002425144859e-11,0.723589842397124,0.212,0.169,1.25711244281748e-06,"Endothelial_general","IQSEC1",0.043
5.47331125882572e-11,0.793611342185135,0.169,0.128,1.34123492397524e-06,"Endothelial_general","HMGCL",0.041
5.66946995346325e-11,0.570536003233103,0.367,0.336,1.38930361209617e-06,"Endothelial_general","STX7",0.031
7.37925175915252e-11,0.783787983318441,0.195,0.154,1.80828564358032e-06,"Endothelial_general","ACO1",0.041
7.59651231800851e-11,0.253256064299703,0.427,0.384,1.86152534352798e-06,"Endothelial_general","ID2",0.043
8.35978993455972e-11,0.570436199056257,0.341,0.303,2.04856652346386e-06,"Endothelial_general","TNRC6A",0.038
9.01981536456761e-11,0.778187959499755,0.178,0.137,2.21030575508729e-06,"Endothelial_general","ZBTB8A",0.041
9.72458325305812e-11,0.896161949062603,0.151,0.113,2.38300912616189e-06,"Endothelial_general","ANKRD50",0.038
1.12364327821619e-10,0.465080590807407,0.43,0.405,2.75348785326878e-06,"Endothelial_general","SPATS2L",0.025
1.22099015371218e-10,0.844455891920642,0.198,0.159,2.9920363716717e-06,"Endothelial_general","BTN3A3",0.039
1.2335489692474e-10,0.434996671753284,0.407,0.376,3.02281174914075e-06,"Endothelial_general","SAT2",0.031
1.26598366824369e-10,0.789270807463379,0.184,0.143,3.10229297903116e-06,"Endothelial_general","C2CD2",0.041
1.36563915700182e-10,0.803914002901041,0.176,0.135,3.34649875423296e-06,"Endothelial_general","NNT-AS1",0.041
1.4382541933931e-10,0.658151152181863,0.216,0.174,3.52444190090978e-06,"Endothelial_general","BEX5",0.042
1.45320548353423e-10,0.449912074905881,0.374,0.338,3.56108003740064e-06,"Endothelial_general","UPF2",0.036
1.51575563393728e-10,0.645153785162839,0.201,0.157,3.71435918096331e-06,"Endothelial_general","CCDC93",0.044
1.7338690801526e-10,0.454504279244254,0.339,0.296,4.24884618091395e-06,"Endothelial_general","C21orf91",0.043
1.76979379067433e-10,0.398702664267511,0.435,0.403,4.33687968404745e-06,"Endothelial_general","EPB41L2",0.032
1.90155008696248e-10,0.348983189004204,0.603,0.61,4.65974848810156e-06,"Endothelial_general","VGLL4",-0.00700000000000001
2.08908162268031e-10,0.634790535819347,0.234,0.192,5.11929451637811e-06,"Endothelial_general","CBX7",0.042
2.32347097349361e-10,0.796688777861605,0.274,0.236,5.6936656205461e-06,"Endothelial_general","NSUN6",0.038
2.59471071913827e-10,0.255681350042894,0.645,0.657,6.35833861724833e-06,"Endothelial_general","UXT",-0.012
2.67444283808932e-10,0.448886204382439,0.374,0.341,6.55372217473787e-06,"Endothelial_general","VEGFB",0.033
2.70396683688503e-10,0.322948213566851,0.624,0.634,6.62607073378676e-06,"Endothelial_general","CHD9",-0.01
2.98524644380573e-10,0.279449519233556,0.6,0.612,7.31534641054594e-06,"Endothelial_general","PPFIBP1",-0.012
3.08085804338356e-10,0.597521445414185,0.295,0.257,7.54964263531142e-06,"Endothelial_general","ATXN2",0.038
3.29474260822033e-10,0.335513864038004,0.547,0.541,8.07376676144391e-06,"Endothelial_general","TNS2",0.00600000000000001
4.03521757420254e-10,0.333936714331515,0.218,0.173,9.88830066558332e-06,"Endothelial_general","IFIT2",0.045
4.48019065988746e-10,0.458932678703093,0.396,0.369,1.09787072120542e-05,"Endothelial_general","REV3L",0.027
5.37712310577846e-10,0.720093367172287,0.206,0.166,1.31766401707101e-05,"Endothelial_general","TRPM7",0.04
5.41851316126805e-10,0.39718519147643,0.483,0.466,1.32780665016874e-05,"Endothelial_general","VPS35",0.017
5.85607342379296e-10,0.769809411895804,0.185,0.146,1.43503079250046e-05,"Endothelial_general","PARP4",0.039
6.56574794553212e-10,0.584734554150537,0.233,0.191,1.60893653405264e-05,"Endothelial_general","KIN",0.042
6.59606587867319e-10,0.495809056307321,0.22,0.177,1.61636594356887e-05,"Endothelial_general","SLPI",0.043
6.60531478779364e-10,0.585553866405218,0.258,0.217,1.61863238874883e-05,"Endothelial_general","NLRP1",0.041
6.8649723153845e-10,0.257845428570934,0.588,0.599,1.68226146588497e-05,"Endothelial_general","RSL1D1",-0.011
6.97885527412493e-10,0.533559429988166,0.185,0.143,1.71016848492431e-05,"Endothelial_general","VEGFA",0.042
8.18104405833946e-10,0.732895773738993,0.186,0.146,2.00476484649609e-05,"Endothelial_general","HS6ST1",0.04
8.48611668068424e-10,0.244142635702122,0.651,0.66,2.07952289260167e-05,"Endothelial_general","NDUFB7",-0.00900000000000001
8.93754160382466e-10,0.923962027457686,0.153,0.117,2.19014457001723e-05,"Endothelial_general","OSBPL10",0.036
9.33968502344359e-10,0.540801006603231,0.283,0.243,2.28868981499485e-05,"Endothelial_general","ACACB",0.04
9.5441876457372e-10,0.831538869808498,0.161,0.124,2.3388031825879e-05,"Endothelial_general","SPR",0.037
9.92068867587655e-10,0.429983887804066,0.452,0.435,2.43106476002355e-05,"Endothelial_general","VPS13C",0.017
1.16279399802814e-09,0.570007950196698,0.275,0.235,2.84942669216795e-05,"Endothelial_general","ZMYM2",0.04
1.24803365700023e-09,0.695155124270644,0.184,0.145,3.05830647647907e-05,"Endothelial_general","WDR48",0.039
1.26402535772183e-09,0.387144032536506,0.451,0.431,3.09749413909735e-05,"Endothelial_general","RNF213",0.02
1.44777088163759e-09,0.462278120060973,0.41,0.389,3.54776254545291e-05,"Endothelial_general","GLG1",0.021
1.46726649058013e-09,0.435188763249643,0.398,0.371,3.5955365351666e-05,"Endothelial_general","HDLBP",0.027
1.58322784896286e-09,0.644278493764799,0.157,0.119,3.87969984388349e-05,"Endothelial_general","CD82",0.038
1.6518579221055e-09,0.568048057504273,0.275,0.236,4.04787783811954e-05,"Endothelial_general","ZNF721",0.039
1.72311723769828e-09,0.550362837829035,0.272,0.234,4.22249879097964e-05,"Endothelial_general","CREB3L2",0.038
2.02452921160939e-09,0.749739765761908,0.181,0.143,4.9611088330488e-05,"Endothelial_general","MAVS",0.038
2.24197832583216e-09,0.707297322775757,0.213,0.176,5.4939678874517e-05,"Endothelial_general","SH3PXD2A",0.037
2.27646592177154e-09,0.51351026783421,0.343,0.31,5.57847974130115e-05,"Endothelial_general","FGFR1",0.033
2.30651927351954e-09,0.454189450618025,0.422,0.404,5.65212547975963e-05,"Endothelial_general","BAZ1B",0.018
2.40834370383891e-09,0.706495496460311,0.164,0.126,5.90164624625724e-05,"Endothelial_general","ZNF224",0.038
2.66176625397051e-09,0.321821352264132,0.573,0.576,6.52265820535473e-05,"Endothelial_general","GADD45GIP1",-0.003
2.85879865337927e-09,0.73474897560788,0.155,0.118,7.0054861001059e-05,"Endothelial_general","MLPH",0.037
3.20059603795941e-09,0.590729769200216,0.191,0.151,7.84306059101954e-05,"Endothelial_general","MAP3K4",0.04
3.61826963440152e-09,0.437836047202292,0.319,0.281,8.86656973910093e-05,"Endothelial_general","PALM",0.038
3.83058562692598e-09,0.536307373957648,0.374,0.353,9.3868500787821e-05,"Endothelial_general","TNPO1",0.021
4.00962659336076e-09,0.349421466520698,0.346,0.3,9.82558996703055e-05,"Endothelial_general","BMX",0.046
4.6707446667729e-09,0.830631464101556,0.15,0.115,0.00011445659805927,"Endothelial_general","SLC35E3",0.035
4.82239356575991e-09,0.641537780000026,0.2,0.162,0.000118172754328947,"Endothelial_general","MRPL49",0.038
5.00091559105914e-09,0.760890326926246,0.182,0.145,0.000122547436558904,"Endothelial_general","PPM1K",0.037
5.39828653796024e-09,0.745153866885256,0.167,0.131,0.000132285011612716,"Endothelial_general","ARMCX1",0.036
6.23951947478648e-09,0.568885685415785,0.237,0.196,0.000152899424729643,"Endothelial_general","ZNF91",0.041
6.40614264037225e-09,0.518369456092106,0.333,0.301,0.000156982525402322,"Endothelial_general","GPATCH8",0.032
7.05022828702963e-09,0.768778835149202,0.164,0.129,0.000172765844173661,"Endothelial_general","KIAA1217",0.035
7.32355417005111e-09,0.617021897616363,0.183,0.146,0.000179463694937103,"Endothelial_general","GKAP1",0.037
9.16982528630467e-09,0.71231192181376,0.302,0.277,0.000224706568640896,"Endothelial_general","INTS6",0.025
1.03138838191287e-08,0.743652600852826,0.165,0.129,0.000252741722987749,"Endothelial_general","ADAMTS9-AS2",0.036
1.27031280308396e-08,0.721172286749802,0.163,0.127,0.000311290152395724,"Endothelial_general","TNFAIP2",0.036
1.30196008432646e-08,0.608464415121389,0.26,0.226,0.000319045318664199,"Endothelial_general","TMEM9",0.034
1.31274916969586e-08,0.80708371326181,0.159,0.125,0.00032168918403397,"Endothelial_general","COG2",0.034
1.4100109515779e-08,0.453094984856055,0.39,0.368,0.000345523183684164,"Endothelial_general","SNX9",0.022
1.5122245772381e-08,0.615033643120458,0.24,0.205,0.000370570632652195,"Endothelial_general","KIAA0319L",0.035
1.65980746529362e-08,0.455690569546064,0.377,0.347,0.000406735819370203,"Endothelial_general","CWF19L2",0.03
1.66215438085173e-08,0.492097467862964,0.316,0.282,0.000407310931027715,"Endothelial_general","NIFK",0.034
1.71967197014292e-08,0.629745128097128,0.227,0.191,0.000421405616283522,"Endothelial_general","MYSM1",0.036
1.74809439098814e-08,0.596543558627974,0.241,0.205,0.000428370530511643,"Endothelial_general","LRRC16A",0.036
1.87460839220224e-08,0.736547917511003,0.216,0.182,0.00045937278650916,"Endothelial_general","KLHL3",0.034
1.99895271730852e-08,0.675893799056827,0.171,0.135,0.000489843363376454,"Endothelial_general","HEXDC",0.036
2.19088468904405e-08,0.663050796044108,0.175,0.14,0.000536876293050245,"Endothelial_general","FAM46A",0.035
2.31845050150911e-08,0.71694795270987,0.229,0.197,0.000568136295394809,"Endothelial_general","MLXIP",0.032
2.36496332691777e-08,0.560015442257797,0.27,0.236,0.000579534263261201,"Endothelial_general","FAM200B",0.034
2.58358061335356e-08,0.646446878824956,0.188,0.153,0.000633106429302291,"Endothelial_general","RAP2B",0.035
2.65374241372002e-08,0.4604435923778,0.326,0.297,0.000650299578482092,"Endothelial_general","C6orf89",0.029
2.81393956788695e-08,0.506589460943277,0.382,0.366,0.000689555891110697,"Endothelial_general","TCEAL8",0.016
3.01808280388455e-08,0.648342194202806,0.212,0.178,0.000739581191091908,"Endothelial_general","ENOSF1",0.034
3.04312456618101e-08,0.312686912713693,0.51,0.501,0.000745717674942656,"Endothelial_general","GCC2",0.00900000000000001
3.08916349825982e-08,0.527216564190121,0.212,0.174,0.000756999515248568,"Endothelial_general","PHLDB2",0.038
3.13620309158171e-08,0.48009359818645,0.371,0.349,0.000768526567592098,"Endothelial_general","FAM210B",0.022
3.70188296271664e-08,0.735102243879052,0.178,0.144,0.000907146420013712,"Endothelial_general","ZNF609",0.034
3.77500275001192e-08,0.618898539399956,0.209,0.175,0.000925064423890422,"Endothelial_general","TK2",0.034
3.9578969421646e-08,0.393256602693987,0.488,0.48,0.000969882645677436,"Endothelial_general","PHIP",0.00800000000000001
4.2069322209266e-08,0.579643619706237,0.265,0.232,0.00103090874073806,"Endothelial_general","SEL1L",0.033
4.36311204393997e-08,0.689658180314408,0.177,0.143,0.00106918060636749,"Endothelial_general","ZBED1",0.034
4.73766660761517e-08,0.2817384697291,0.455,0.429,0.0011609652021961,"Endothelial_general","FHL1",0.026
4.86733545139937e-08,0.604608429007802,0.191,0.155,0.00119274055236541,"Endothelial_general","CDKN2AIP",0.036
5.39517124876152e-08,0.560537061602203,0.203,0.167,0.00132208671450901,"Endothelial_general","SH3D19",0.036
5.51430112042538e-08,0.595459057284579,0.218,0.182,0.00135127948956024,"Endothelial_general","TYMP",0.036
6.13783738539835e-08,0.505233731846811,0.348,0.327,0.00150407705129187,"Endothelial_general","ABHD14B",0.021
6.25328230694083e-08,0.612800961436037,0.191,0.156,0.00153236682931585,"Endothelial_general","GPATCH11",0.035
6.48051522076926e-08,0.447646713616359,0.351,0.324,0.00158805025484951,"Endothelial_general","SRPRA",0.027
6.55329809669133e-08,0.576970792482584,0.198,0.162,0.00160588569859421,"Endothelial_general","AMOTL2",0.036
6.55516715520822e-08,0.317947935503802,0.484,0.473,0.00160634371138377,"Endothelial_general","PRPF4B",0.011
6.64932019555802e-08,0.35079857968649,0.442,0.421,0.00162941591392149,"Endothelial_general","CTNNAL1",0.021
7.50563359504103e-08,0.216652073907037,0.657,0.673,0.0018392555124648,"Endothelial_general","AKAP9",-0.016
8.34148491983362e-08,0.582236604929942,0.165,0.13,0.00204408087960523,"Endothelial_general","DSEL",0.035
8.60528981710279e-08,0.549941968820326,0.282,0.252,0.00210872626968104,"Endothelial_general","OARD1",0.03
9.5581816021317e-08,0.48495005154032,0.297,0.266,0.00234223240160237,"Endothelial_general","GPX3",0.031
1.02287039130383e-07,0.499629115660946,0.271,0.239,0.00250654389389004,"Endothelial_general","MFAP1",0.032
1.05801699271909e-07,0.285912548164173,0.512,0.51,0.00259267064065814,"Endothelial_general","NDUFA2",0.002
1.29690568450046e-07,0.384990418887458,0.399,0.379,0.00317806737986838,"Endothelial_general","ATXN7L3B",0.02
1.35051506475005e-07,0.651638442518782,0.189,0.155,0.00330943716616999,"Endothelial_general","MTAP",0.034
1.35261561457653e-07,0.529792771720332,0.331,0.307,0.0033145845635198,"Endothelial_general","MAP3K3",0.024
1.3669921840184e-07,0.59963410298323,0.173,0.139,0.00334981434693709,"Endothelial_general","EIF3J-AS1",0.034
1.41596312006356e-07,0.338061958273443,0.349,0.316,0.00346981762571575,"Endothelial_general","SOX7",0.033
1.46092668628293e-07,0.574927751954558,0.226,0.192,0.00358000084473631,"Endothelial_general","KIAA0368",0.034
1.46365595880081e-07,0.281097507930979,0.577,0.592,0.00358668892704139,"Endothelial_general","PJA2",-0.015
1.4649693136824e-07,0.681183088903662,0.154,0.122,0.00358990730317873,"Endothelial_general","MPP5",0.032
1.48626006487897e-07,0.460561669996434,0.358,0.337,0.0036420802889859,"Endothelial_general","PCYOX1",0.021
1.63395605086636e-07,0.647935422195163,0.191,0.158,0.00400400930264801,"Endothelial_general","KANK1",0.033
1.68479345322787e-07,0.568424979598104,0.226,0.192,0.0041285863571349,"Endothelial_general","ATP10D",0.034
1.71248111916938e-07,0.411036406635185,0.416,0.4,0.00419643498252456,"Endothelial_general","CCDC25",0.016
2.09926525197795e-07,0.427166425652826,0.389,0.371,0.00514424949997196,"Endothelial_general","PRRC2B",0.018
2.12584295063182e-07,0.516271578124776,0.331,0.308,0.00520937815052328,"Endothelial_general","RBM6",0.023
2.15283700861348e-07,0.619072302043186,0.234,0.204,0.00527552708960733,"Endothelial_general","RAD50",0.03
2.21586391073039e-07,0.218937649585286,0.668,0.712,0.00542997451324483,"Endothelial_general","SMDT1",-0.0439999999999999
2.47354136571519e-07,0.48765269339534,0.33,0.305,0.00606141311668508,"Endothelial_general","XPC",0.025
2.535385675013e-07,0.490319997667805,0.175,0.14,0.00621296259661935,"Endothelial_general","CPTP",0.035
2.61624743319807e-07,0.625604038935035,0.257,0.228,0.00641111433505187,"Endothelial_general","KMT5B",0.029
2.63058561105984e-07,0.437179875357819,0.311,0.281,0.00644625003990215,"Endothelial_general","FAM107B",0.03
2.84063382685718e-07,0.418966129969265,0.427,0.418,0.00696097319271353,"Endothelial_general","SORBS3",0.00900000000000001
3.32140619047683e-07,0.582103492912032,0.225,0.194,0.00813910586976348,"Endothelial_general","ARHGAP35",0.031
3.41761625648938e-07,0.730358249518534,0.171,0.14,0.00837486863652723,"Endothelial_general","KLHDC8B",0.031
3.63447289219331e-07,0.607313986245955,0.192,0.16,0.00890627582231972,"Endothelial_general","ERCC6L2",0.032
3.75972378834475e-07,0.31838636424279,0.445,0.425,0.0092132031433388,"Endothelial_general","AAK1",0.02
3.93949727442024e-07,0.644582701149002,0.211,0.18,0.00965373807096681,"Endothelial_general","ZZZ3",0.031
4.05146517728267e-07,0.520992968710666,0.235,0.203,0.00992811541693118,"Endothelial_general","ARL14EP",0.032
4.20276449225231e-07,0.567026705339684,0.206,0.173,0.0102988743882643,"Endothelial_general","SURF6",0.033
4.40368377090664e-07,0.59140509220832,0.249,0.219,0.0107912270806067,"Endothelial_general","KLHL24",0.03
4.43739135048192e-07,0.614669153275661,0.179,0.148,0.010873827504356,"Endothelial_general","SMG7",0.031
4.46864622071112e-07,0.353266323908019,0.449,0.432,0.0109504175638526,"Endothelial_general","SULF2",0.017
4.47579829891481e-07,0.689801672356554,0.227,0.201,0.0109679437314907,"Endothelial_general","ABLIM3",0.026
4.53135413838182e-07,0.556656337687573,0.235,0.203,0.0111040833161047,"Endothelial_general","HLTF",0.032
4.71351715398138e-07,0.381590074000589,0.341,0.313,0.0115504737858314,"Endothelial_general","PLIN2",0.028
5.07755501664149e-07,0.282544115561156,0.614,0.635,0.01244254856828,"Endothelial_general","SF1",-0.021
5.0953653409777e-07,0.700646494648806,0.154,0.124,0.0124861927680659,"Endothelial_general","STX6",0.03
5.10021338512454e-07,0.330547989957293,0.49,0.483,0.0124980729002477,"Endothelial_general","TRIM44",0.00700000000000001
5.18049572467993e-07,0.470605286152089,0.281,0.252,0.0126948047733282,"Endothelial_general","TMEM159",0.029
5.34358554424506e-07,0.67299570742432,0.209,0.179,0.0130944563761725,"Endothelial_general","PEAR1",0.03
5.57628618387956e-07,0.662743930800284,0.15,0.12,0.0136646892935969,"Endothelial_general","UBL4A",0.03
6.18877482717627e-07,0.507362059899074,0.303,0.278,0.0151655927139955,"Endothelial_general","CLSTN1",0.025
6.28072011013488e-07,0.515488157325466,0.311,0.284,0.0153909046298855,"Endothelial_general","VPS13A",0.027
6.79936755182605e-07,0.384034134019559,0.391,0.373,0.0166618501857497,"Endothelial_general","KDM5A",0.018
7.65757115794593e-07,0.390624751969525,0.43,0.422,0.0187648781225465,"Endothelial_general","WWP1",0.00800000000000001
7.7567662331276e-07,0.426684776662318,0.362,0.344,0.0190079556542792,"Endothelial_general","HUWE1",0.018
7.84478190058636e-07,0.534872669643224,0.27,0.243,0.0192236380473869,"Endothelial_general","SEMA6B",0.027
8.29288380000291e-07,0.566126753026553,0.229,0.198,0.0203217117519071,"Endothelial_general","SYNRG",0.031
8.73503604769205e-07,0.231650686635939,0.617,0.649,0.0214052058348694,"Endothelial_general","TMEM123",-0.032
9.23695405803396e-07,0.482078676212046,0.308,0.284,0.0226351559192122,"Endothelial_general","KIAA1033",0.024
9.30511482972493e-07,0.614292420466575,0.202,0.171,0.0228021838902409,"Endothelial_general","NF1",0.031
9.31241606630497e-07,0.520407840795896,0.267,0.238,0.0228200755704803,"Endothelial_general","APOL6",0.029
1.00147081620887e-06,0.556070651672667,0.229,0.199,0.0245410423511985,"Endothelial_general","ZMYM4",0.03
1.00196845088794e-06,0.615340548914172,0.192,0.163,0.0245532368890089,"Endothelial_general","C11orf68",0.029
1.03158015240613e-06,0.335306329236288,0.452,0.447,0.0252788716347121,"Endothelial_general","MZT2A",0.005
1.18067497720384e-06,0.557457590458181,0.196,0.166,0.0289324403163802,"Endothelial_general","ORAI3",0.03
1.26456602851592e-06,0.481292191075216,0.316,0.292,0.0309881905287827,"Endothelial_general","ITPRIPL2",0.024
1.34566603161892e-06,0.420471052476704,0.359,0.332,0.0329755461048217,"Endothelial_general","KDR",0.027
1.38285376320873e-06,0.624367572618408,0.226,0.199,0.03388683146743,"Endothelial_general","VAPB",0.027
1.45271268035981e-06,0.294950170155798,0.236,0.199,0.035598724232217,"Endothelial_general","FAM101B",0.037
1.5036010378342e-06,0.664239157143399,0.202,0.173,0.0368457434321272,"Endothelial_general","RCOR3",0.029
1.53962669900731e-06,0.487902466110077,0.255,0.225,0.037728552259174,"Endothelial_general","LAYN",0.03
1.563389365382e-06,0.365505306540501,0.378,0.36,0.0383108563986859,"Endothelial_general","ZNF22",0.018
1.60170298571349e-06,0.671604417653687,0.159,0.13,0.039249731664909,"Endothelial_general","ERLIN1",0.029
1.63028590125952e-06,0.438508002485162,0.267,0.238,0.0399501560103645,"Endothelial_general","NINJ1",0.029
1.66030585719481e-06,0.673074508578014,0.162,0.132,0.0406857950305588,"Endothelial_general","PALD1",0.03
1.68316940742975e-06,0.3380610707178,0.479,0.484,0.041246066329066,"Endothelial_general","MRPL57",-0.005
1.78669310646082e-06,0.611278256855191,0.199,0.17,0.0437829145738223,"Endothelial_general","C11orf57",0.029
1.92202647757208e-06,0.212308949034268,0.653,0.685,0.0470992588329039,"Endothelial_general","PRDX2",-0.032
1.99605746080376e-06,0.663580865476452,0.19,0.163,0.0489133880769961,"Endothelial_general","FAM228B",0.027
2.00140958370516e-06,0.532217828100087,0.206,0.177,0.049044541848695,"Endothelial_general","CRNKL1",0.029
2.19276442695685e-06,0.644993489152645,0.184,0.156,0.0537336922825776,"Endothelial_general","MRPL23",0.028
2.21803839342472e-06,0.614214045173834,0.174,0.146,0.0543530308308729,"Endothelial_general","ARMCX6",0.028
2.23230004604139e-06,0.403320816247526,0.449,0.446,0.0547025126282443,"Endothelial_general","DDX6",0.003
2.32199755276171e-06,0.590924032583982,0.215,0.187,0.0569005500304256,"Endothelial_general","COIL",0.028
2.36027604637179e-06,0.628789506100923,0.188,0.159,0.0578385645163406,"Endothelial_general","ZNF302",0.029
2.38457521153566e-06,0.392485014741113,0.318,0.289,0.0584340155586813,"Endothelial_general","TMEM88",0.029
2.59437931529415e-06,0.381265355294163,0.399,0.387,0.0635752651212832,"Endothelial_general","CENPC",0.012
2.67356571091426e-06,0.464294537090728,0.386,0.373,0.065515727745954,"Endothelial_general","ADD3",0.013
2.84712813566923e-06,0.645244550960844,0.176,0.148,0.0697688749645745,"Endothelial_general","SIPA1L1",0.028
2.94352933215098e-06,0.553989045886644,0.218,0.19,0.0721311862843599,"Endothelial_general","THAP5",0.028
3.02436417244376e-06,0.417181768764746,0.355,0.341,0.0741120440457343,"Endothelial_general","CASC4",0.014
3.18918387450414e-06,0.353342115344207,0.468,0.471,0.078150950844724,"Endothelial_general","UQCR10",-0.00299999999999995
3.20005887948166e-06,0.318567347576101,0.494,0.492,0.078417442841698,"Endothelial_general","BRD2",0.002
3.2147091155409e-06,0.500460156501951,0.301,0.278,0.0787764468763296,"Endothelial_general","VPS4B",0.023
3.22385712011717e-06,0.390701019927642,0.375,0.358,0.0790006187284712,"Endothelial_general","MRPS34",0.017
3.3866874645138e-06,0.42792289590856,0.35,0.33,0.0829907763179107,"Endothelial_general","XRN1",0.02
3.48160755429695e-06,0.521139508012106,0.213,0.183,0.0853167931180467,"Endothelial_general","CAPN7",0.03
3.60456645028358e-06,0.597811608545695,0.188,0.16,0.0883299008641991,"Endothelial_general","CCNT2",0.028
3.65116868266879e-06,0.204002091835717,0.678,0.716,0.0894718885687988,"Endothelial_general","TMEM219",-0.0379999999999999
3.76105362376312e-06,0.573985055393947,0.201,0.173,0.0921646190503153,"Endothelial_general","IGF2R",0.028
3.88825777002267e-06,0.434798833860014,0.343,0.326,0.0952817566544055,"Endothelial_general","CNOT4",0.017
4.37429917720302e-06,0.55403913186024,0.209,0.181,0.10719220133736,"Endothelial_general","THSD1",0.028
4.38476563288396e-06,0.628750257927233,0.152,0.125,0.107448681833821,"Endothelial_general","GOLGA1",0.027
4.39663060305593e-06,0.20959984256299,0.661,0.696,0.107739432927885,"Endothelial_general","ATPIF1",-0.0349999999999999
4.46125096861854e-06,0.336439245585489,0.387,0.371,0.109322954985997,"Endothelial_general","CREG1",0.016
4.703953015442e-06,0.283295611489629,0.531,0.548,0.115270368643406,"Endothelial_general","TCEA1",-0.017
4.74402763464602e-06,0.687856823503911,0.165,0.137,0.116252397187001,"Endothelial_general","TRIM24",0.028
4.89068666515459e-06,0.586392501030861,0.276,0.257,0.119846276729613,"Endothelial_general","CYBA",0.019
4.93171650872696e-06,0.474782327634417,0.307,0.286,0.120851713046354,"Endothelial_general","IPO5",0.021
5.11518701653626e-06,0.389983942535551,0.408,0.399,0.125347657840221,"Endothelial_general","LAMC1",0.00899999999999995
5.19175731290259e-06,0.552367535239916,0.175,0.146,0.127224012952678,"Endothelial_general","KDM3B",0.029
5.50785457809213e-06,0.496160089731476,0.23,0.202,0.134969976436148,"Endothelial_general","TMEM44",0.028
5.68096810493305e-06,0.437772409243877,0.325,0.304,0.139212123411384,"Endothelial_general","BLVRB",0.021
5.72704833854131e-06,0.279868556985864,0.485,0.483,0.140341319535955,"Endothelial_general","TOP1",0.002
5.79306276737201e-06,0.523620210557526,0.174,0.146,0.141959003114451,"Endothelial_general","KAT7",0.028
6.82535189299043e-06,0.279299945007598,0.574,0.589,0.167255248137731,"Endothelial_general","PURA",-0.015
6.96271090396762e-06,0.593123302632358,0.265,0.246,0.170621230701727,"Endothelial_general","TNRC18",0.019
7.79876732048427e-06,0.371661647289348,0.423,0.421,0.191108793188467,"Endothelial_general","UBE2L6",0.002
8.00605886713605e-06,0.28185995540166,0.545,0.561,0.196188472539169,"Endothelial_general","TROVE2",-0.016
8.22215464276032e-06,0.694415649891459,0.157,0.131,0.201483899520842,"Endothelial_general","IFT74",0.026
8.48110502326943e-06,0.638428228922115,0.15,0.124,0.207829478595217,"Endothelial_general","THUMPD3",0.026
8.61980896224998e-06,0.459872272642351,0.299,0.276,0.211228418619936,"Endothelial_general","LYSMD2",0.023
8.69918172618718e-06,0.48391996005537,0.295,0.273,0.213173448200217,"Endothelial_general","EP300",0.022
9.29132430341621e-06,0.564687151730385,0.23,0.205,0.227683902055214,"Endothelial_general","ACAA1",0.025
9.70757657009124e-06,0.578782821568729,0.157,0.13,0.237884163850086,"Endothelial_general","MICA",0.027
9.87344764924372e-06,0.686293120859754,0.167,0.141,0.241948834644717,"Endothelial_general","LRCH3",0.026
9.97014836840341e-06,0.441194254437958,0.275,0.246,0.244318485767726,"Endothelial_general","FLNC",0.029
1.08355715154609e-05,0.347738256160387,0.418,0.409,0.265525679986369,"Endothelial_general","GSDMD",0.00900000000000001
1.11062236566033e-05,0.486218421591051,0.298,0.278,0.272158010705063,"Endothelial_general","NPEPPS",0.02
1.25095810165767e-05,0.233057081879864,0.643,0.675,0.306547282811212,"Endothelial_general","USMG5",-0.032
1.30255807972412e-05,0.642173930361758,0.16,0.135,0.319191857436396,"Endothelial_general","ZMYM5",0.025
1.30947715336978e-05,0.378378747392467,0.346,0.328,0.320887376433265,"Endothelial_general","CCDC69",0.018
1.33552462336372e-05,0.537490666969816,0.268,0.246,0.32727030895528,"Endothelial_general","SBF2",0.022
1.35056868218024e-05,0.598676369876215,0.167,0.141,0.330956855568269,"Endothelial_general","DNAJC13",0.026
1.36899697128426e-05,0.239736111978084,0.581,0.595,0.335472707813208,"Endothelial_general","LMAN1",-0.014
1.46829238504613e-05,0.621417766114155,0.173,0.147,0.359805048955555,"Endothelial_general","MTHFR",0.026
1.48654990396309e-05,0.477560867161609,0.288,0.268,0.364279053966156,"Endothelial_general","CASC3",0.02
1.53586942772165e-05,0.501234699064741,0.248,0.223,0.376364803263191,"Endothelial_general","SMG6",0.025
1.55731075722894e-05,0.492429074784066,0.22,0.194,0.381619001058951,"Endothelial_general","MPP1",0.026
1.58602229953148e-05,0.46042039114844,0.254,0.229,0.38865476450019,"Endothelial_general","DCP2",0.025
1.68074562023064e-05,0.556301182909298,0.222,0.198,0.411866714237518,"Endothelial_general","EXOC4",0.024
1.75394119432414e-05,0.518179516843751,0.273,0.254,0.429803289669131,"Endothelial_general","AP2A2",0.019
1.77762441764607e-05,0.587071108423192,0.164,0.138,0.435606863544168,"Endothelial_general","SLC7A6OS",0.026
1.91169531458781e-05,0.407261350579278,0.331,0.312,0.468460936839743,"Endothelial_general","TFDP2",0.019
1.98092967953134e-05,0.515183707261,0.255,0.232,0.485426817969155,"Endothelial_general","CARD10",0.023
2.1045479687066e-05,0.547448697112418,0.213,0.187,0.515719479731552,"Endothelial_general","PRKAR1B",0.026
2.4376422836104e-05,0.452692638109313,0.356,0.347,0.597344241598728,"Endothelial_general","SLC41A3",0.00900000000000001
2.6745166544494e-05,0.384007786005201,0.327,0.308,0.655390306172826,"Endothelial_general","USP53",0.019
2.70751205752448e-05,0.291734738588953,0.514,0.528,0.663475829696374,"Endothelial_general","DYNC1H1",-0.014
2.94862886240598e-05,0.510851671683295,0.184,0.16,0.722561502732585,"Endothelial_general","MRPL10",0.024
3.01238672872374e-05,0.267768774664012,0.492,0.495,0.738185367873752,"Endothelial_general","KPNB1",-0.003
3.06701581582309e-05,0.562566052939238,0.172,0.146,0.751572225667449,"Endothelial_general","KALRN",0.026
3.19299812864034e-05,0.409703308940808,0.322,0.305,0.782444191423316,"Endothelial_general","SAMD9L",0.017
3.25229390454549e-05,0.749251330016679,0.157,0.134,0.796974621308872,"Endothelial_general","ZDHHC14",0.023
3.32991526317007e-05,0.495922729077389,0.278,0.26,0.815995735239826,"Endothelial_general","PPP1R16B",0.018
3.35723368402655e-05,0.360465879561738,0.405,0.398,0.822690114270705,"Endothelial_general","KIAA1109",0.00700000000000001
3.40863859019497e-05,0.68895709483099,0.156,0.131,0.835286886527277,"Endothelial_general","PILRB",0.025
3.50332703857263e-05,0.578173863269032,0.158,0.134,0.858490290802223,"Endothelial_general","HSBP1L1",0.024
3.54334086460272e-05,0.461584810702269,0.307,0.289,0.868295678870895,"Endothelial_general","PEAK1",0.018
3.6910639888308e-05,0.419593820598812,0.336,0.322,0.904495230462988,"Endothelial_general","USP14",0.014
4.00064186786598e-05,0.399311053256168,0.283,0.261,0.980357289720558,"Endothelial_general","TWF2",0.022
4.35955165199364e-05,0.359545956032919,0.291,0.268,1,"Endothelial_general","NOC3L",0.023
4.36146251577396e-05,0.397554611713821,0.396,0.391,1,"Endothelial_general","CYBRD1",0.005
4.4115789085025e-05,0.578676799050488,0.168,0.144,1,"Endothelial_general","BRD1",0.024
4.52359985666655e-05,0.451965368499461,0.278,0.256,1,"Endothelial_general","GOLGA2",0.022
4.53465572997753e-05,0.443146766148535,0.315,0.3,1,"Endothelial_general","ARCN1",0.015
4.81437695564053e-05,0.425049880880415,0.341,0.33,1,"Endothelial_general","UBE2Q1",0.011
4.91431708670566e-05,0.54314186268153,0.189,0.165,1,"Endothelial_general","MAP7D3",0.024
5.39614112970952e-05,0.314643810265331,0.453,0.457,1,"Endothelial_general","TNFSF12",-0.004
5.56549946908484e-05,0.399408295585951,0.202,0.174,1,"Endothelial_general","HIC1",0.028
5.79272172949804e-05,0.49571507601292,0.238,0.217,1,"Endothelial_general","B4GAT1",0.021
6.08900809353881e-05,0.602841517656758,0.209,0.188,1,"Endothelial_general","ARHGEF10",0.021
6.3031421316999e-05,0.666532693015236,0.16,0.138,1,"Endothelial_general","ICAM3",0.022
6.3311275936428e-05,0.515849032787818,0.192,0.168,1,"Endothelial_general","KDM5B",0.024
6.46540676267793e-05,0.494141673467567,0.298,0.282,1,"Endothelial_general","SCAPER",0.016
6.49501673405943e-05,0.289465523430717,0.521,0.54,1,"Endothelial_general","OS9",-0.019
6.51548503397612e-05,0.259453544138975,0.514,0.511,1,"Endothelial_general","SERPING1",0.003
6.8234265362441e-05,0.294735382229372,0.486,0.488,1,"Endothelial_general","TRIP11",-0.002
6.90786345347631e-05,0.365869255604011,0.356,0.345,1,"Endothelial_general","TMPO",0.011
7.04536182745044e-05,0.670137165713033,0.164,0.142,1,"Endothelial_general","DPYD",0.022
7.08789236567758e-05,0.699244803293618,0.153,0.132,1,"Endothelial_general","DGCR2",0.021
7.25274620991068e-05,0.417794244783543,0.376,0.371,1,"Endothelial_general","RBPJ",0.005
7.53455424800934e-05,0.555950374609083,0.226,0.205,1,"Endothelial_general","TSHZ1",0.021
8.20873996990806e-05,0.612405894561184,0.188,0.167,1,"Endothelial_general","ATP6V0A1",0.021
8.31442934711732e-05,0.279130467173735,0.487,0.499,1,"Endothelial_general","LRPAP1",-0.012
8.33576912201356e-05,0.390633632027774,0.238,0.214,1,"Endothelial_general","LETMD1",0.024
8.92725742634741e-05,0.489437573842984,0.194,0.171,1,"Endothelial_general","CREBZF",0.023
9.23829843343449e-05,0.534847150502491,0.281,0.266,1,"Endothelial_general","FAM111A",0.015
9.5773713867352e-05,0.47742389403042,0.27,0.25,1,"Endothelial_general","ZNF652",0.02
9.59633686218374e-05,0.274164928755099,0.49,0.497,1,"Endothelial_general","NIPBL",-0.00700000000000001
9.9601378311761e-05,0.603170470458193,0.152,0.13,1,"Endothelial_general","NRDE2",0.022
0.000105022960909878,0.558437645947291,0.192,0.17,1,"Endothelial_general","AHSA2",0.022
0.000106628825809295,0.330597304538934,0.404,0.404,1,"Endothelial_general","PPCS",0
0.000107636875621344,0.530381130494691,0.168,0.145,1,"Endothelial_general","P4HA1",0.023
0.000111058557214163,0.471527196268717,0.254,0.235,1,"Endothelial_general","SMIM4",0.019
0.000111191165796614,0.498122226499326,0.258,0.239,1,"Endothelial_general","FAM73A",0.019
0.000120368131455278,0.287781862595951,0.521,0.532,1,"Endothelial_general","ODF2L",-0.011
0.000124352199861723,0.551101862200597,0.186,0.163,1,"Endothelial_general","METTL16",0.023
0.000125361751284774,0.370451311720482,0.39,0.386,1,"Endothelial_general","NAP1L4",0.004
0.00012536617815751,0.411209480005066,0.24,0.217,1,"Endothelial_general","QSER1",0.023
0.000131649797348375,0.489176394498233,0.226,0.203,1,"Endothelial_general","ISYNA1",0.023
0.000133997770932087,0.254292744955212,0.405,0.393,1,"Endothelial_general","KLF3",0.012
0.00013908336327403,0.455527105976784,0.266,0.246,1,"Endothelial_general","FKBP10",0.02
0.000142706928484651,0.252762456541998,0.468,0.47,1,"Endothelial_general","ENDOD1",-0.00199999999999995
0.000147485511524932,0.311779541053214,0.375,0.367,1,"Endothelial_general","ARMCX3",0.00800000000000001
0.000148952059279798,0.369909543482447,0.282,0.261,1,"Endothelial_general","EXOC6",0.021
0.000152733278931505,0.551509058448852,0.164,0.141,1,"Endothelial_general","NPAT",0.023
0.000154246442798332,0.435354049141012,0.307,0.295,1,"Endothelial_general","MBTPS1",0.012
0.000160906666018386,0.556464269534145,0.192,0.171,1,"Endothelial_general","DIDO1",0.021
0.000164618624975878,0.385493065994949,0.413,0.418,1,"Endothelial_general","EPRS",-0.005
0.000178672280006147,0.444278115522762,0.335,0.323,1,"Endothelial_general","MKLN1",0.012
0.000184945010164098,0.475677836365618,0.198,0.175,1,"Endothelial_general","PCYT1A",0.023
0.0001912370585482,0.509332865626489,0.181,0.16,1,"Endothelial_general","PTCD3",0.021
0.000192997727124051,0.386448626866261,0.329,0.317,1,"Endothelial_general","URI1",0.012
0.00019302623242406,0.435087167299717,0.258,0.24,1,"Endothelial_general","OSBPL9",0.018
0.000193120319611345,0.58233982822765,0.225,0.207,1,"Endothelial_general","ADGRA2",0.018
0.000193847183684965,0.242710114230713,0.514,0.526,1,"Endothelial_general","ACAP2",-0.012
0.000196863484089501,0.286646733072691,0.463,0.47,1,"Endothelial_general","SENP6",-0.00699999999999995
0.000219579821181017,0.478241886392925,0.245,0.226,1,"Endothelial_general","EXOC5",0.019
0.000229264460663125,0.52726248849216,0.213,0.194,1,"Endothelial_general","DDX23",0.019
0.00022968987214061,0.204844242285185,0.596,0.624,1,"Endothelial_general","CCPG1",-0.028
0.000229877185054792,0.36418244890363,0.335,0.324,1,"Endothelial_general","ATF7IP",0.011
0.000235817202215009,0.355515649243313,0.305,0.285,1,"Endothelial_general","RNF168",0.02
0.00023609800718167,0.451113195138102,0.279,0.265,1,"Endothelial_general","CWC22",0.014
0.000244222766877116,0.226699422807619,0.597,0.629,1,"Endothelial_general","PA2G4",-0.032
0.00025972774532637,0.349454963224554,0.379,0.374,1,"Endothelial_general","MIS18BP1",0.005
0.000259828041041978,0.381490595953503,0.328,0.313,1,"Endothelial_general","CEP57",0.015
0.000263959376913017,0.605710194584558,0.194,0.175,1,"Endothelial_general","ZNF160",0.019
0.000265940981498473,0.379464075902699,0.3,0.285,1,"Endothelial_general","STRA13",0.015
0.000270431070767496,0.502491003900931,0.191,0.169,1,"Endothelial_general","WHAMM",0.022
0.000286384974524292,0.443222675933228,0.301,0.287,1,"Endothelial_general","HGSNAT",0.014
0.000291363483327138,0.481849991753947,0.228,0.208,1,"Endothelial_general","SAP30L",0.02
0.000292091165567674,0.322767940629813,0.414,0.416,1,"Endothelial_general","ZNF148",-0.002
0.000296944759695792,0.564159804173731,0.153,0.132,1,"Endothelial_general","EXOC3",0.021
0.000329186101565451,0.293597254180578,0.513,0.532,1,"Endothelial_general","SKAP2",-0.019
0.00033291496101466,0.649194536549047,0.16,0.141,1,"Endothelial_general","NDST1",0.019
0.000344930523500179,0.221962759020082,0.56,0.592,1,"Endothelial_general","NENF",-0.0319999999999999
0.000360337254153002,0.477551259871236,0.169,0.148,1,"Endothelial_general","ARHGEF28",0.021
0.000365488524497895,0.26867626946466,0.424,0.416,1,"Endothelial_general","PLXDC2",0.00800000000000001
0.000366295237474654,0.412423727211341,0.207,0.183,1,"Endothelial_general","DIXDC1",0.024
0.000370845558101397,0.366094452092311,0.393,0.394,1,"Endothelial_general","ERICH1",-0.001
0.000378196458260391,0.397910519027031,0.259,0.24,1,"Endothelial_general","CASP8AP2",0.019
0.000386520298805508,0.495001428539826,0.169,0.147,1,"Endothelial_general","FAM160B1",0.022
0.000400491885290454,0.215867368065683,0.564,0.586,1,"Endothelial_general","BAZ2B",-0.022
0.000405335899885519,0.454955659614566,0.277,0.262,1,"Endothelial_general","FAM114A1",0.015
0.0004187087936425,0.486651696754723,0.173,0.15,1,"Endothelial_general","CTD-3179P9.1",0.023
0.00042217140233741,0.309701699917455,0.419,0.421,1,"Endothelial_general","STAG2",-0.002
0.00042331038221427,0.484019540234075,0.205,0.185,1,"Endothelial_general","PPP1R13B",0.02
0.000435391266540426,0.425079317385471,0.325,0.317,1,"Endothelial_general","UVRAG",0.00800000000000001
0.000435685939324206,0.232389904239947,0.328,0.311,1,"Endothelial_general","AKR1B1",0.017
0.000437392184540182,0.308589653397629,0.383,0.378,1,"Endothelial_general","HOXB7",0.005
0.000446775784554325,0.483254060857008,0.244,0.226,1,"Endothelial_general","PUS7L",0.018
0.000450191387869063,0.45286076071757,0.202,0.182,1,"Endothelial_general","TMEM242",0.02
0.000456416984775458,0.335512281378227,0.455,0.46,1,"Endothelial_general","LTBP3",-0.005
0.000463822123199622,0.570842452109678,0.151,0.132,1,"Endothelial_general","CTD-2336O2.1",0.019
0.000474492109100945,0.421505914431324,0.341,0.338,1,"Endothelial_general","SNRNP200",0.003
0.000480349372939857,0.409264217278397,0.296,0.281,1,"Endothelial_general","SDCCAG8",0.015
0.000544085924503003,0.311666695050192,0.365,0.359,1,"Endothelial_general","A4GALT",0.00600000000000001
0.00054945158937688,0.619179720426703,0.176,0.159,1,"Endothelial_general","ANXA6",0.017
0.000561287482835283,0.397125347016343,0.366,0.367,1,"Endothelial_general","SMIM7",-0.001
0.00057922465763914,0.518727276331801,0.155,0.135,1,"Endothelial_general","NBAS",0.02
0.000580098377806997,0.384196795540597,0.311,0.301,1,"Endothelial_general","PROS1",0.01
0.000594698863211531,0.335034109412872,0.371,0.364,1,"Endothelial_general","FNBP4",0.00700000000000001
0.000599856163041687,0.395431711238211,0.296,0.281,1,"Endothelial_general","DENR",0.015
0.000605474906830262,0.27511044797867,0.446,0.453,1,"Endothelial_general","CFAP97",-0.00700000000000001
0.000624988237208153,0.201558217769937,0.604,0.635,1,"Endothelial_general","IK",-0.031
0.000691669727178405,0.332836235242921,0.185,0.162,1,"Endothelial_general","PPP1R9A",0.023
0.000692050806316757,0.520381770859131,0.214,0.197,1,"Endothelial_general","WBP1L",0.017
0.000692285142168366,0.403727135976625,0.249,0.23,1,"Endothelial_general","HERC5",0.019
0.000695540060620702,0.498502410331818,0.206,0.188,1,"Endothelial_general","RARS",0.018
0.000708800907172682,0.332255696423841,0.334,0.325,1,"Endothelial_general","IFI27L2",0.00900000000000001
0.000712519420218493,0.233671132343427,0.501,0.52,1,"Endothelial_general","SMARCE1",-0.019
0.000717112533061711,0.382673757918705,0.266,0.25,1,"Endothelial_general","MRPS10",0.016
0.000722944798626677,0.286541838627465,0.359,0.348,1,"Endothelial_general","DNAJB4",0.011
0.000735695705264463,0.438059072306686,0.15,0.13,1,"Endothelial_general","LRRK2",0.02
0.00076462075041846,0.459107981511663,0.246,0.229,1,"Endothelial_general","TAF1",0.017
0.00079551868053553,0.381226764643832,0.375,0.375,1,"Endothelial_general","CARD8",0
0.000802077451014698,0.572323582382263,0.164,0.145,1,"Endothelial_general","BET1",0.019
0.00082269176779986,0.567534345979262,0.198,0.182,1,"Endothelial_general","IPO9",0.016
0.000842993146980283,0.570241711956389,0.179,0.16,1,"Endothelial_general","UBR3",0.019
0.000884666178684859,0.378770925929915,0.223,0.204,1,"Endothelial_general","ZNF677",0.019
0.000888824708508273,0.483151506760683,0.272,0.259,1,"Endothelial_general","DCAF7",0.013
0.000903616789121772,0.438866293711218,0.278,0.265,1,"Endothelial_general","MRPS26",0.013
0.000920115730408134,0.476792629822423,0.15,0.132,1,"Endothelial_general","TERF2",0.018
0.000954691103249013,0.563940983056499,0.179,0.162,1,"Endothelial_general","RNF8",0.017
0.00100035914497657,0.47101364635053,0.211,0.193,1,"Endothelial_general","LRRC58",0.018
0.00104514756636713,0.259991529489218,0.527,0.554,1,"Endothelial_general","ASH1L",-0.027
0.00112014657428761,0.410995041633566,0.172,0.153,1,"Endothelial_general","ST8SIA6",0.019
0.00112245167829476,0.233934767113857,0.467,0.476,1,"Endothelial_general","DAB2",-0.00899999999999995
0.00112370753669269,0.32725444886167,0.374,0.372,1,"Endothelial_general","TLK1",0.002
0.0011310456897297,0.581069822202978,0.177,0.161,1,"Endothelial_general","DTNBP1",0.016
0.00114629835867367,0.513733669217924,0.186,0.169,1,"Endothelial_general","BCL9L",0.017
0.00115030665438719,0.599874317530261,0.153,0.136,1,"Endothelial_general","NAAA",0.017
0.00116193263033366,0.203899700665229,0.312,0.286,1,"Endothelial_general","C12orf75",0.026
0.00116916331099312,0.29113554101661,0.465,0.48,1,"Endothelial_general","GNG12",-0.015
0.00121014804740986,0.573183087937194,0.191,0.174,1,"Endothelial_general","PIP4K2B",0.017
0.00130181031606948,0.481679966798019,0.262,0.251,1,"Endothelial_general","STAT6",0.011
0.00131683574484905,0.263441093251258,0.453,0.464,1,"Endothelial_general","TAF15",-0.011
0.00132921603412213,0.481371420105237,0.35,0.351,1,"Endothelial_general","BCAR1",-0.001
0.00133857664411782,0.506250142201733,0.162,0.144,1,"Endothelial_general","C19orf25",0.018
0.00135947490062403,0.303927190468031,0.421,0.428,1,"Endothelial_general","MTIF3",-0.00700000000000001
0.00139214148732317,0.408385104249669,0.175,0.156,1,"Endothelial_general","CRCP",0.019
0.00140071379956683,0.431486615847362,0.261,0.249,1,"Endothelial_general","BRD3",0.012
0.00140107489627321,0.444492333891955,0.204,0.186,1,"Endothelial_general","CTDSPL",0.018
0.0014057340461071,0.390353251373354,0.259,0.245,1,"Endothelial_general","INO80C",0.014
0.00141232805293706,0.449282617945381,0.153,0.135,1,"Endothelial_general","NUDT16L1",0.018
0.00149817407149146,0.485585556108429,0.193,0.175,1,"Endothelial_general","TMEM192",0.018
0.00155897144325162,0.477589279586843,0.218,0.203,1,"Endothelial_general","MRFAP1L1",0.015
0.00156337280076191,0.399732101378369,0.274,0.259,1,"Endothelial_general","AK4",0.015
0.00156416445782803,0.399996205577811,0.257,0.244,1,"Endothelial_general","FAF2",0.013
0.00157824116226544,0.487321285329506,0.18,0.162,1,"Endothelial_general","TRIM4",0.018
0.00161076395976222,0.402546930547399,0.277,0.265,1,"Endothelial_general","FLOT2",0.012
0.00162243671230423,0.216275906534534,0.271,0.249,1,"Endothelial_general","FAM129A",0.022
0.00162421648817508,0.311883225108823,0.413,0.414,1,"Endothelial_general","HECTD1",-0.001
0.00166555520994106,0.324781170327351,0.373,0.368,1,"Endothelial_general","RBM26",0.005
0.0016908560237781,0.268131282059137,0.475,0.49,1,"Endothelial_general","MIER1",-0.015
0.00169389456959839,0.583246094958293,0.232,0.22,1,"Endothelial_general","PRKD2",0.012
0.00169447578321524,0.219656694077829,0.575,0.614,1,"Endothelial_general","C8orf59",-0.039
0.00170548677213645,0.377572546578564,0.318,0.308,1,"Endothelial_general","KRIT1",0.01
0.00174223545539351,0.309769204780065,0.218,0.198,1,"Endothelial_general","RND3",0.02
0.00174758165856556,0.34217411070766,0.344,0.34,1,"Endothelial_general","MRPL34",0.00399999999999995
0.00177867274234931,0.337575200639289,0.403,0.409,1,"Endothelial_general","OAZ2",-0.00599999999999995
0.00180819048797786,0.312969703152356,0.421,0.428,1,"Endothelial_general","SMAD5",-0.00700000000000001
0.00186900125843418,0.332215282077995,0.459,0.474,1,"Endothelial_general","ZRANB2",-0.015
0.00189586014177558,0.278513648298256,0.381,0.378,1,"Endothelial_general","ZCCHC11",0.003
0.00195106559332842,0.216217869292808,0.528,0.552,1,"Endothelial_general","SNX6",-0.024
0.00208055980444491,0.251028149542281,0.454,0.468,1,"Endothelial_general","NFE2L1",-0.014
0.00215105972668043,0.456404372037127,0.208,0.192,1,"Endothelial_general","CASP7",0.016
0.0022522632769189,0.216515268597415,0.534,0.56,1,"Endothelial_general","CPNE3",-0.026
0.00227555866699118,0.51633602396737,0.22,0.208,1,"Endothelial_general","MSRB2",0.012
0.00228232147232264,0.350240409779109,0.273,0.259,1,"Endothelial_general","DPP8",0.014
0.00230318487199723,0.399821715691878,0.304,0.299,1,"Endothelial_general","CAPRIN1",0.005
0.00232938211441457,0.390905601307005,0.305,0.299,1,"Endothelial_general","HINT2",0.00600000000000001
0.00233907547503404,0.260136632853131,0.305,0.289,1,"Endothelial_general","TNFRSF1B",0.016
0.00251468824734727,0.500860599309056,0.192,0.176,1,"Endothelial_general","EHMT2",0.016
0.0025558243794619,0.417393526622876,0.303,0.299,1,"Endothelial_general","ST6GALNAC6",0.004
0.00258936383973887,0.38453055058676,0.313,0.307,1,"Endothelial_general","DNAJC4",0.00600000000000001
0.00277396258470585,0.444628844205486,0.26,0.249,1,"Endothelial_general","IRF3",0.011
0.00279691607862905,0.522472147759276,0.211,0.197,1,"Endothelial_general","ZNF83",0.014
0.00283930276164874,0.252152606880545,0.505,0.527,1,"Endothelial_general","SCARB2",-0.022
0.00295980660576655,0.439615993015591,0.196,0.181,1,"Endothelial_general","HBS1L",0.015
0.0030558644702241,0.331891387979023,0.212,0.195,1,"Endothelial_general","LENG1",0.017
0.00315102336233006,0.328101780624456,0.333,0.325,1,"Endothelial_general","PTPRE",0.00800000000000001
0.00317018319962172,0.378731600612795,0.356,0.354,1,"Endothelial_general","PHKB",0.002
0.00321539731040121,0.383819266546694,0.246,0.231,1,"Endothelial_general","C1orf35",0.015
0.00331368973580971,0.414757279597753,0.165,0.148,1,"Endothelial_general","BRWD3",0.017
0.0033190091893551,0.542252053890362,0.17,0.154,1,"Endothelial_general","SPG11",0.016
0.00337678793452943,0.211739320172815,0.516,0.535,1,"Endothelial_general","RAB14",-0.019
0.00349892904655254,0.423161729630792,0.236,0.223,1,"Endothelial_general","APOL1",0.013
0.00361148531443804,0.359924017715425,0.229,0.213,1,"Endothelial_general","KIF2A",0.016
0.00362192726244569,0.310695931839618,0.348,0.346,1,"Endothelial_general","PPIL4",0.002
0.00362608734444497,0.318638239745595,0.365,0.365,1,"Endothelial_general","ACIN1",0
0.00379279814134563,0.453090888963075,0.218,0.205,1,"Endothelial_general","TMEM203",0.013
0.00386315265560238,0.39996725461436,0.249,0.237,1,"Endothelial_general","RAB8A",0.012
0.00389016496093952,0.467087163081249,0.21,0.197,1,"Endothelial_general","PHC3",0.013
0.00405265800568713,0.390261920280971,0.293,0.284,1,"Endothelial_general","SFSWAP",0.00900000000000001
0.00412107539963223,0.29541807034966,0.398,0.406,1,"Endothelial_general","PRPSAP1",-0.00800000000000001
0.0041486886758125,0.204424842681699,0.543,0.563,1,"Endothelial_general","RALBP1",-0.0199999999999999
0.00423959220943996,0.439610847031857,0.192,0.178,1,"Endothelial_general","C2orf49",0.014
0.00443328318446033,0.444801666332332,0.215,0.202,1,"Endothelial_general","ARFIP1",0.013
0.00450419129656589,0.336083526210072,0.377,0.377,1,"Endothelial_general","METRNL",0
0.00451979342277743,0.363248035054303,0.302,0.294,1,"Endothelial_general","RAPGEF1",0.00800000000000001
0.00457259507603395,0.364082926039052,0.342,0.346,1,"Endothelial_general","GTF2H5",-0.00399999999999995
0.00460472897061868,0.391131813370659,0.226,0.213,1,"Endothelial_general","SMC2",0.013
0.0046163250562442,0.595917607505092,0.159,0.145,1,"Endothelial_general","ODF3B",0.014
0.00464061195343362,0.320719839995594,0.381,0.384,1,"Endothelial_general","BAZ2A",-0.003
0.00470146912019632,0.476854374115343,0.159,0.143,1,"Endothelial_general","USP11",0.016
0.00471843515877425,0.370974655369374,0.169,0.152,1,"Endothelial_general","FAM76B",0.017
0.0047257447734702,0.331353569220649,0.372,0.374,1,"Endothelial_general","PRKCSH",-0.002
0.00474203521340137,0.455475771907466,0.247,0.238,1,"Endothelial_general","FAM172A",0.00900000000000001
0.00478830745334811,0.353063421772646,0.354,0.356,1,"Endothelial_general","SMIM14",-0.002
0.00479430039370521,0.314682654008652,0.391,0.396,1,"Endothelial_general","CWC15",-0.005
0.00487175657317451,0.426072263410929,0.177,0.161,1,"Endothelial_general","RP11-736K20.5",0.016
0.00488788328654458,0.461948260991128,0.199,0.186,1,"Endothelial_general","CCDC14",0.013
0.00491842085126468,0.440838435514796,0.22,0.207,1,"Endothelial_general","CCNG1",0.013
0.00497497297998306,0.314927152185552,0.381,0.387,1,"Endothelial_general","SUPT16H",-0.00600000000000001
0.00509782376402879,0.20034689087395,0.156,0.185,1,"Endothelial_general","CDC16",-0.029
0.00514891891799312,0.50752804984923,0.19,0.176,1,"Endothelial_general","ARSD",0.014
0.00521245998725262,0.42812180490325,0.215,0.202,1,"Endothelial_general","UBXN7",0.013
0.00526253519571319,0.530900612845468,0.176,0.163,1,"Endothelial_general","TADA3",0.013
0.00529719342484988,0.473039094510579,0.228,0.219,1,"Endothelial_general","MPST",0.00900000000000001
0.00542433969928116,0.399632139630821,0.221,0.209,1,"Endothelial_general","MICU1",0.012
0.00544594980382222,0.420279517524391,0.201,0.187,1,"Endothelial_general","FAM179B",0.014
0.0055942918358583,0.482868118019845,0.167,0.151,1,"Endothelial_general","ZEB2",0.016
0.00585655389409157,0.441398154428863,0.171,0.156,1,"Endothelial_general","ARPIN",0.015
0.00592551016198962,0.444729475554209,0.15,0.136,1,"Endothelial_general","MTERF4",0.014
0.00651074625341923,0.459590577086577,0.178,0.163,1,"Endothelial_general","ING4",0.015
0.00653578330074481,0.433560062767287,0.216,0.204,1,"Endothelial_general","PYCARD",0.012
0.00691637465117474,0.471366985470826,0.176,0.163,1,"Endothelial_general","MRPS27",0.013
0.00692970247822199,0.519513191078071,0.153,0.139,1,"Endothelial_general","HOXB3",0.014
0.00699066141156692,0.391503190509407,0.326,0.325,1,"Endothelial_general","USO1",0.001
0.007039829431109,0.421964715289031,0.254,0.243,1,"Endothelial_general","IKBKB",0.011
0.00710503745122328,0.329286015735982,0.406,0.42,1,"Endothelial_general","PGLS",-0.014
0.00721920477767247,0.509217582640205,0.206,0.196,1,"Endothelial_general","THAP11",0.00999999999999998
0.00745167506931063,0.326272272616021,0.265,0.253,1,"Endothelial_general","CD302",0.012
0.00764897112591348,0.303527889966156,0.208,0.192,1,"Endothelial_general","TRIM2",0.016
0.00772227314111289,0.476435582045187,0.197,0.184,1,"Endothelial_general","OSBP",0.013
0.00776779144823405,0.357479079320961,0.31,0.307,1,"Endothelial_general","TTC37",0.003
0.0079050811852422,0.483318869967161,0.16,0.146,1,"Endothelial_general","KIF1BP",0.014
0.0080210861599151,0.318928857559647,0.356,0.355,1,"Endothelial_general","ZNF280D",0.001
0.00866526007518192,0.361955048832627,0.245,0.235,1,"Endothelial_general","DDX50",0.01
0.0097586268736188,0.251046261183226,0.376,0.38,1,"Endothelial_general","SETD2",-0.004
0.00988374987883534,0.363512202634269,0.274,0.266,1,"Endothelial_general","UTP23",0.00800000000000001
0.00989542986535171,0.46638389347972,0.22,0.21,1,"Endothelial_general","UBR2",0.01
0.00994943093479786,0.398814889932807,0.286,0.283,1,"Endothelial_general","SUPT6H",0.003
0,3.55945792413971,0.871,0.183,0,"Activated_endothelial_SELE","MAFF",0.688
0,3.37581739662998,0.82,0.166,0,"Activated_endothelial_SELE","MIR22HG",0.654
0,3.89606398893546,0.813,0.177,0,"Activated_endothelial_SELE","MT1E",0.636
0,3.73562024913838,0.705,0.074,0,"Activated_endothelial_SELE","MT1M",0.631
0,2.92979647798493,0.966,0.36,0,"Activated_endothelial_SELE","CDKN1A",0.606
0,2.68655611639418,0.803,0.199,0,"Activated_endothelial_SELE","SLC25A25",0.604
0,3.65625606976241,0.846,0.27,0,"Activated_endothelial_SELE","MT1X",0.576
0,2.79943750097086,0.919,0.345,0,"Activated_endothelial_SELE","BHLHE40",0.574
0,2.25964014236732,0.888,0.316,0,"Activated_endothelial_SELE","CSRNP1",0.572
0,2.96043206904774,0.768,0.202,0,"Activated_endothelial_SELE","RHOU",0.566
0,2.4721488869453,0.887,0.325,0,"Activated_endothelial_SELE","DLC1",0.562
0,2.42149486947308,0.898,0.339,0,"Activated_endothelial_SELE","ATF3",0.559
0,2.6504450373097,0.818,0.271,0,"Activated_endothelial_SELE","TIPARP",0.547
0,2.76801540413337,0.712,0.167,0,"Activated_endothelial_SELE","TNFRSF10D",0.545
0,2.2397644179608,0.87,0.331,0,"Activated_endothelial_SELE","SERTAD1",0.539
0,2.47678147975826,0.79,0.256,0,"Activated_endothelial_SELE","PNP",0.534
0,2.58186053453637,0.967,0.442,0,"Activated_endothelial_SELE","APOLD1",0.525
0,2.54590928692633,0.714,0.192,0,"Activated_endothelial_SELE","NFIL3",0.522
0,2.62112357524454,0.955,0.449,0,"Activated_endothelial_SELE","MIDN",0.506
0,2.85632740944288,0.64,0.137,0,"Activated_endothelial_SELE","ITPKC",0.503
0,3.53314674842158,0.828,0.325,0,"Activated_endothelial_SELE","AKAP12",0.503
0,2.8295817013899,0.635,0.134,0,"Activated_endothelial_SELE","TRIB1",0.501
0,2.31258984993609,0.785,0.292,0,"Activated_endothelial_SELE","NFATC2",0.493
0,2.54178988003319,0.753,0.269,0,"Activated_endothelial_SELE","NFKBIZ",0.484
0,3.35679710413738,0.901,0.424,0,"Activated_endothelial_SELE","C11orf96",0.477
0,1.89571105371946,0.73,0.26,0,"Activated_endothelial_SELE","STXBP6",0.47
0,2.31925325534475,0.974,0.505,0,"Activated_endothelial_SELE","SLC2A3",0.469
0,4.02260126205442,0.984,0.522,0,"Activated_endothelial_SELE","MT2A",0.462
0,3.00758041049415,0.619,0.158,0,"Activated_endothelial_SELE","CCL2",0.461
0,2.03874196202485,0.793,0.343,0,"Activated_endothelial_SELE","IRF1",0.45
0,2.04625714023952,0.849,0.4,0,"Activated_endothelial_SELE","KLF10",0.449
0,2.08040545231743,0.605,0.166,0,"Activated_endothelial_SELE","DUSP5",0.439
0,4.24065255294703,0.472,0.04,0,"Activated_endothelial_SELE","ADAMTS4",0.432
0,2.3871113355041,0.598,0.17,0,"Activated_endothelial_SELE","KDM6B",0.428
0,2.50462426894215,0.678,0.251,0,"Activated_endothelial_SELE","UPP1",0.427
0,1.93314074448044,0.724,0.301,0,"Activated_endothelial_SELE","PXDC1",0.423
0,3.88745169970388,0.458,0.037,0,"Activated_endothelial_SELE","FOSL1",0.421
0,2.14359947572213,0.992,0.574,0,"Activated_endothelial_SELE","SOCS3",0.418
0,2.20328305721187,0.967,0.552,0,"Activated_endothelial_SELE","GADD45B",0.415
0,2.04747819833846,0.821,0.407,0,"Activated_endothelial_SELE","MYADM",0.414
0,2.61831297568528,0.536,0.127,0,"Activated_endothelial_SELE","MLF1",0.409
0,1.80098716555948,0.68,0.277,0,"Activated_endothelial_SELE","RALGDS",0.403
0,1.90701343320625,0.602,0.204,0,"Activated_endothelial_SELE","AKIRIN1",0.398
0,3.57548716493774,0.448,0.052,0,"Activated_endothelial_SELE","B3GNT5",0.396
0,1.79828273630103,0.721,0.325,0,"Activated_endothelial_SELE","HSPA1B",0.396
0,1.82104673888702,0.698,0.305,0,"Activated_endothelial_SELE","IER5",0.393
0,2.54107264704409,0.762,0.371,0,"Activated_endothelial_SELE","STC1",0.391
0,1.86869124724947,0.613,0.224,0,"Activated_endothelial_SELE","NR4A2",0.389
0,1.98956277331935,0.748,0.363,0,"Activated_endothelial_SELE","FAM110D",0.385
0,1.81663108878084,0.592,0.208,0,"Activated_endothelial_SELE","BAG3",0.384
0,1.74262373473868,0.981,0.598,0,"Activated_endothelial_SELE","EGR1",0.383
0,1.79454461253618,0.595,0.212,0,"Activated_endothelial_SELE","PER1",0.383
0,2.27823631667062,0.968,0.587,0,"Activated_endothelial_SELE","KLF9",0.381
0,2.25429674693158,0.579,0.199,0,"Activated_endothelial_SELE","ODC1",0.38
0,1.51258038484779,0.858,0.483,0,"Activated_endothelial_SELE","FAM107A",0.375
0,1.70074793273863,0.957,0.595,0,"Activated_endothelial_SELE","MCL1",0.362
0,1.79557224968737,0.842,0.485,0,"Activated_endothelial_SELE","TCEB1",0.357
0,1.54820437220271,0.826,0.474,0,"Activated_endothelial_SELE","DDX21",0.352
0,2.45182000372283,0.449,0.098,0,"Activated_endothelial_SELE","EGR3",0.351
0,1.81862676001218,0.808,0.461,0,"Activated_endothelial_SELE","NCOA7",0.347
0,1.82084959127442,0.964,0.62,0,"Activated_endothelial_SELE","PPP1R15A",0.344
0,3.48743325953946,0.4,0.059,0,"Activated_endothelial_SELE","RND1",0.341
0,1.847435299885,0.794,0.454,0,"Activated_endothelial_SELE","SOD2",0.34
0,4.26150680092571,0.363,0.027,0,"Activated_endothelial_SELE","MT1A",0.336
0,1.47511492184929,0.845,0.518,0,"Activated_endothelial_SELE","ZFAND5",0.327
0,2.34707164104974,0.414,0.088,0,"Activated_endothelial_SELE","PIM1",0.326
0,1.60326247720155,0.967,0.656,0,"Activated_endothelial_SELE","CCNL1",0.311
0,1.17285325018996,0.887,0.586,0,"Activated_endothelial_SELE","BZW1",0.301
0,1.97371121467388,0.98,0.679,0,"Activated_endothelial_SELE","KLF4",0.301
0,2.79893782581523,0.998,0.702,0,"Activated_endothelial_SELE","EMP1",0.296
0,1.48011983133674,0.898,0.604,0,"Activated_endothelial_SELE","JMJD1C",0.294
0,1.34886174117522,0.938,0.647,0,"Activated_endothelial_SELE","THBD",0.291
0,2.88772816122645,0.332,0.049,0,"Activated_endothelial_SELE","RFX2",0.283
0,4.48349118290336,0.309,0.026,0,"Activated_endothelial_SELE","CSF3",0.283
0,1.11712195674045,0.956,0.674,0,"Activated_endothelial_SELE","IER2",0.282
0,1.24910541808526,0.956,0.678,0,"Activated_endothelial_SELE","CEBPD",0.278
0,1.160962095427,0.909,0.636,0,"Activated_endothelial_SELE","SFPQ",0.273
0,1.17459796566686,0.908,0.645,0,"Activated_endothelial_SELE","UBE2D3",0.263
0,1.73935905773078,0.99,0.73,0,"Activated_endothelial_SELE","FOSB",0.26
0,1.70549099346512,0.999,0.742,0,"Activated_endothelial_SELE","ZFP36",0.257
0,1.25583085212398,0.946,0.708,0,"Activated_endothelial_SELE","DNAJA1",0.238
0,1.13196949787159,0.929,0.702,0,"Activated_endothelial_SELE","EIF5",0.227
0,1.5321166169899,0.902,0.705,0,"Activated_endothelial_SELE","NFKBIA",0.197
0,1.47074225867427,0.996,0.807,0,"Activated_endothelial_SELE","JUNB",0.189
0,1.1620163086606,0.964,0.797,0,"Activated_endothelial_SELE","SRSF5",0.167
0,1.40944408024618,0.956,0.802,0,"Activated_endothelial_SELE","ANXA1",0.154
0,2.03884722365864,1,0.897,0,"Activated_endothelial_SELE","JUND",0.103
0,1.15482460089313,0.99,0.896,0,"Activated_endothelial_SELE","LMNA",0.094
0,1.25247501850056,0.999,0.92,0,"Activated_endothelial_SELE","YBX3",0.079
0,0.870441031828889,0.991,0.918,0,"Activated_endothelial_SELE","HSP90AA1",0.073
0,1.40850974237949,0.994,0.924,0,"Activated_endothelial_SELE","DDX5",0.07
0,1.08783679562394,0.997,0.973,0,"Activated_endothelial_SELE","UBC",0.024
0,1.08381289820344,1,0.988,0,"Activated_endothelial_SELE","H3F3B",0.012
0,1.33813643189385,1,0.995,0,"Activated_endothelial_SELE","EIF1",0.005
2.46684111387789e-317,1.79763947775521,0.634,0.259,6.04499414955776e-313,"Activated_endothelial_SELE","MYC",0.375
2.19227017863231e-311,0.844487891483859,0.968,0.834,5.37215807273848e-307,"Activated_endothelial_SELE","TPM3",0.134
1.50953871932583e-310,2.60880290367737,0.456,0.13,3.69912463170795e-306,"Activated_endothelial_SELE","PLAUR",0.326
2.77259253519541e-310,1.98756702493219,0.53,0.175,6.79423800749635e-306,"Activated_endothelial_SELE","IRF2BPL",0.355
3.01563615522664e-309,0.946446421404791,0.97,0.759,7.38981639838287e-305,"Activated_endothelial_SELE","ITM2A",0.211
3.51588987199692e-309,1.55782472558886,0.687,0.314,8.61568813132845e-305,"Activated_endothelial_SELE","FKBP5",0.373
6.3945976291896e-309,1.20251634877356,0.849,0.54,1.56699614903291e-304,"Activated_endothelial_SELE","MAP1LC3B",0.309
1.01270001475082e-307,1.43582851160488,0.733,0.375,2.4816213861469e-303,"Activated_endothelial_SELE","DNTTIP2",0.358
8.66109079783828e-303,1.87868199511727,0.595,0.236,2.12240030001027e-298,"Activated_endothelial_SELE","MAT2A",0.359
8.62557780916254e-299,2.04973619287903,0.453,0.123,2.11369784213528e-294,"Activated_endothelial_SELE","LDLR",0.33
1.6203269777442e-298,3.09414969276073,0.302,0.044,3.97061125896217e-294,"Activated_endothelial_SELE","RP4-549L20.3",0.258
5.26778194238443e-297,2.2174635670713,0.516,0.173,1.29086996498131e-292,"Activated_endothelial_SELE","TMEM70",0.343
4.02966990530188e-296,1.84499945083497,0.651,0.294,9.87470610294226e-292,"Activated_endothelial_SELE","NR4A1",0.357
3.47433261369889e-294,1.95007734630531,0.614,0.251,8.51385206986914e-290,"Activated_endothelial_SELE","PTGS2",0.363
1.08036528333228e-290,1.24983705651821,0.818,0.523,2.64743512680574e-286,"Activated_endothelial_SELE","ELF1",0.295
2.43144744417963e-281,1.08789371980007,0.876,0.575,5.95826196196217e-277,"Activated_endothelial_SELE","TUBB4B",0.301
2.19721549816308e-280,0.917188473736529,0.982,0.918,5.38427657824864e-276,"Activated_endothelial_SELE","TM4SF1",0.0639999999999999
6.12366258713307e-280,1.92638973404399,0.486,0.154,1.50060351697696e-275,"Activated_endothelial_SELE","SLC1A5",0.332
8.01277510689991e-280,2.03327375379448,0.513,0.181,1.96353053994582e-275,"Activated_endothelial_SELE","ICAM1",0.332
2.18736482450695e-278,0.830057463381574,0.93,0.662,5.36013750245429e-274,"Activated_endothelial_SELE","SRGN",0.268
5.67492827392154e-277,1.20044553436843,0.828,0.529,1.39064117352447e-272,"Activated_endothelial_SELE","GRASP",0.299
2.65123776900874e-273,1.27754213574709,0.73,0.387,6.49685815295591e-269,"Activated_endothelial_SELE","ARF6",0.343
1.74985886836591e-272,1.93164915794557,0.483,0.156,4.28802915693066e-268,"Activated_endothelial_SELE","PELO",0.327
8.77425221759846e-272,1.20198097982759,0.926,0.769,2.1501305059225e-267,"Activated_endothelial_SELE","TXN",0.157
2.77860224962255e-270,1.83289309408019,0.494,0.164,6.80896481270006e-266,"Activated_endothelial_SELE","TSC22D2",0.33
3.76671849889326e-268,1.84723705112027,0.538,0.208,9.23034368153793e-264,"Activated_endothelial_SELE","MAP3K8",0.33
7.81462370698333e-268,1.33498690218774,0.687,0.335,1.91497353939626e-263,"Activated_endothelial_SELE","AMD1",0.352
1.52455669361936e-265,2.21610505791715,0.441,0.136,3.73592617771425e-261,"Activated_endothelial_SELE","KIAA0040",0.305
6.1072303021788e-263,2.86608373755507,0.277,0.042,1.49657678554891e-258,"Activated_endothelial_SELE","ZC3H12A",0.235
9.23461742990298e-261,2.51911462132914,0.312,0.058,2.26294300119773e-256,"Activated_endothelial_SELE","SNAI1",0.254
1.60121724352095e-258,1.22216304024935,0.781,0.466,3.9237828552481e-254,"Activated_endothelial_SELE","DDX3Y",0.315
1.99420317328122e-257,2.53466021366825,0.333,0.07,4.88679487612563e-253,"Activated_endothelial_SELE","RP11-138A9.2",0.263
6.93102999584499e-256,1.90844982419803,0.519,0.195,1.69844890048182e-251,"Activated_endothelial_SELE","INSIG1",0.324
3.09479511327897e-254,1.25252290611323,0.76,0.446,7.58379542509011e-250,"Activated_endothelial_SELE","SOCS2",0.314
4.25975121393786e-253,1.84041709373622,0.442,0.135,1.04385203497547e-248,"Activated_endothelial_SELE","BCL3",0.307
3.62363617316922e-248,2.45748757431143,0.477,0.172,8.87972044235117e-244,"Activated_endothelial_SELE","CD14",0.305
4.74556079107151e-247,4.4519007315968,0.206,0.018,1.16289967185207e-242,"Activated_endothelial_SELE","DUSP2",0.188
6.36606393785773e-244,1.55539785322282,0.559,0.23,1.56000396797204e-239,"Activated_endothelial_SELE","NXT1",0.329
5.77218315311075e-243,2.65352646245033,0.407,0.121,1.41447348166979e-238,"Activated_endothelial_SELE","SELE",0.286
1.04033795820892e-241,1.79019843573795,0.455,0.15,2.54934816659095e-237,"Activated_endothelial_SELE","ITPRIP",0.305
5.31100869296704e-240,1.44736727150582,0.578,0.239,1.30146268021157e-235,"Activated_endothelial_SELE","ARID5A",0.339
7.19933448662204e-236,1.69813247168197,0.488,0.178,1.76419691594673e-231,"Activated_endothelial_SELE","BTG3",0.31
2.63118173498884e-230,1.63270977391193,0.464,0.16,6.44771084159016e-226,"Activated_endothelial_SELE","CDC42SE1",0.304
3.41978304059894e-230,0.722137754956627,0.968,0.859,8.3801783409877e-226,"Activated_endothelial_SELE","TUBA1B",0.109
1.60595508548568e-229,1.44522762868846,0.584,0.256,3.93539293698265e-225,"Activated_endothelial_SELE","TMEM2",0.328
3.23179782653388e-229,2.20055111397542,0.399,0.122,7.91952057392126e-225,"Activated_endothelial_SELE","C2CD4B",0.277
9.16759663673046e-229,1.31803912055167,0.649,0.328,2.2465195558308e-224,"Activated_endothelial_SELE","TOPORS",0.321
1.07558224724385e-228,2.55294977613361,0.283,0.055,2.63571429687104e-224,"Activated_endothelial_SELE","STX11",0.228
1.17683129225521e-228,1.61298176597034,0.499,0.189,2.8838250816714e-224,"Activated_endothelial_SELE","MTRF1L",0.31
7.26835919536933e-228,0.607359849644714,0.983,0.909,1.78111142082526e-223,"Activated_endothelial_SELE","CFL1",0.074
3.10183718496835e-227,0.511592933907705,0.996,0.972,7.60105202176494e-223,"Activated_endothelial_SELE","HSP90AB1",0.024
7.09886224569477e-227,2.15647374131584,0.346,0.089,1.7395761933075e-222,"Activated_endothelial_SELE","NRARP",0.257
4.13147987921006e-226,0.819213911295134,0.913,0.683,1.01241914440043e-221,"Activated_endothelial_SELE","ARGLU1",0.23
3.48203494851245e-223,1.64519806560593,0.482,0.178,8.53272664132977e-219,"Activated_endothelial_SELE","ADAMTS9",0.304
6.78160623903676e-222,0.899547178600764,0.882,0.646,1.66183260887596e-217,"Activated_endothelial_SELE","NASP",0.236
2.50678364766637e-220,2.54816002879198,0.298,0.065,6.14287332860643e-216,"Activated_endothelial_SELE","CTA-29F11.1",0.233
1.30240403983831e-219,1.28954594384813,0.667,0.343,3.19154109962377e-215,"Activated_endothelial_SELE","NAMPT",0.324
3.10452402626777e-219,1.92102958396556,0.424,0.142,7.60763612636917e-215,"Activated_endothelial_SELE","DNAJB9",0.282
3.78749700779946e-217,0.740137025901076,0.843,0.417,9.28126141761257e-213,"Activated_endothelial_SELE","HLA-DRB5",0.426
2.96249102766612e-213,1.26925532389706,0.536,0.214,7.25958426329583e-209,"Activated_endothelial_SELE","FOSL2",0.322
8.05619697003969e-213,1.45714337103621,0.545,0.231,1.97417106750823e-208,"Activated_endothelial_SELE","GJA1",0.314
1.47936569061133e-210,0.542673511504904,0.977,0.874,3.62518562484307e-206,"Activated_endothelial_SELE","SEPW1",0.103
1.79959612628071e-210,0.940908019150448,0.832,0.538,4.40991030745088e-206,"Activated_endothelial_SELE","TRA2B",0.294
3.95336637609636e-210,1.55063788344808,0.54,0.237,9.68772430462414e-206,"Activated_endothelial_SELE","ELMSAN1",0.303
8.84581387250359e-208,1.5726919759925,0.469,0.176,2.16766668945701e-203,"Activated_endothelial_SELE","SNHG9",0.293
1.1746340698927e-206,0.819363425933134,0.893,0.669,2.87844078827206e-202,"Activated_endothelial_SELE","SBDS",0.224
1.12324418667061e-205,0.501913713577016,0.995,0.956,2.75250987943632e-201,"Activated_endothelial_SELE","RPL23",0.039
4.49798365898088e-205,0.891746950750355,0.849,0.53,1.10223089563326e-200,"Activated_endothelial_SELE","ABCG2",0.319
5.67342053350228e-205,1.36095743615759,0.549,0.236,1.39027170173473e-200,"Activated_endothelial_SELE","BAIAP2",0.313
1.08522486920253e-204,3.95209144276394,0.178,0.017,2.65934354198079e-200,"Activated_endothelial_SELE","TNFSF9",0.161
1.10830036601494e-202,1.68891742944282,0.484,0.199,2.71589004691961e-198,"Activated_endothelial_SELE","CREB5",0.285
3.30349817990253e-200,0.985749233745808,0.803,0.496,8.09522228985116e-196,"Activated_endothelial_SELE","AKR1C1",0.307
4.08631021627413e-200,1.44845031351956,0.505,0.209,1.00135031849798e-195,"Activated_endothelial_SELE","CDC42EP4",0.296
1.08490167565429e-197,1.69331290176931,0.416,0.146,2.65855155619083e-193,"Activated_endothelial_SELE","RRAGC",0.27
6.5826371876195e-195,1.41834902573087,0.565,0.276,1.61307524282616e-190,"Activated_endothelial_SELE","TSSC4",0.289
1.24185757463125e-193,1.35325935445331,0.502,0.206,3.04317198663388e-189,"Activated_endothelial_SELE","CTHRC1",0.296
3.94916538609389e-193,1.37186370454232,0.523,0.232,9.67742977862308e-189,"Activated_endothelial_SELE","PPP1R15B",0.291
1.11219875379983e-192,1.86969602357569,0.3,0.075,2.72544304618648e-188,"Activated_endothelial_SELE","TNFRSF12A",0.225
6.86972663691088e-192,0.730390837682413,0.989,0.949,1.68342651237501e-187,"Activated_endothelial_SELE","KLF2",0.04
2.45448652175603e-191,1.33411970614816,0.61,0.312,6.01471922156314e-187,"Activated_endothelial_SELE","POSTN",0.298
6.58587166134882e-191,1.94873979444746,0.397,0.138,1.61386785061353e-186,"Activated_endothelial_SELE","ACKR3",0.259
2.42400287365722e-190,1.48736779186416,0.527,0.24,5.94001904189702e-186,"Activated_endothelial_SELE","HBEGF",0.287
5.27517243482031e-188,1.02133845196738,0.742,0.451,1.29268100515272e-183,"Activated_endothelial_SELE","PVRL2",0.291
5.34614479667721e-186,1.94004415061433,0.386,0.136,1.31007278242575e-181,"Activated_endothelial_SELE","CDKN2D",0.25
1.16029281501831e-185,3.20176172143096,0.176,0.02,2.84329754320238e-181,"Activated_endothelial_SELE","RORB",0.156
1.29728435561838e-184,1.35818577361686,0.64,0.364,3.17899531344284e-180,"Activated_endothelial_SELE","CDC42EP3",0.276
4.38936973765002e-184,0.603952951198097,0.966,0.846,1.07561505421114e-179,"Activated_endothelial_SELE","SDCBP",0.12
3.59469067764256e-183,1.20532146366797,0.824,0.587,8.8087895055631e-179,"Activated_endothelial_SELE","DUSP6",0.237
1.26803105191493e-182,3.14959974849554,0.166,0.017,3.10731009271754e-178,"Activated_endothelial_SELE","TRGC2",0.149
7.89852963410174e-178,1.25926536569667,0.758,0.481,1.93553468683663e-173,"Activated_endothelial_SELE","HES1",0.277
1.05549940188556e-177,1.94417600259594,0.412,0.161,2.58650128432057e-173,"Activated_endothelial_SELE","JDP2",0.251
1.49909930030705e-177,1.1268333600615,0.62,0.331,3.67354283540243e-173,"Activated_endothelial_SELE","FOXO3",0.289
5.91265922597898e-177,1.6739353404985,0.335,0.102,1.44889714332615e-172,"Activated_endothelial_SELE","C1orf56",0.233
1.08919356519656e-175,0.800241081337295,0.917,0.722,2.66906883151418e-171,"Activated_endothelial_SELE","FUS",0.195
9.34274446545798e-175,2.52882817370533,0.203,0.034,2.28943953126048e-170,"Activated_endothelial_SELE","SPATA2L",0.169
3.75482288754925e-174,0.76310304875794,0.857,0.626,9.20119348593944e-170,"Activated_endothelial_SELE","SARAF",0.231
3.84947632844565e-173,0.826718898787854,0.87,0.64,9.43314174285608e-169,"Activated_endothelial_SELE","DDX3X",0.23
5.92125409536471e-172,1.74717771898678,0.54,0.279,1.45100331606912e-167,"Activated_endothelial_SELE","SOX17",0.261
6.4383369351723e-172,0.763749509091419,0.944,0.803,1.57771446596397e-167,"Activated_endothelial_SELE","HSPA8",0.141
7.49946666019222e-172,1.04975425332831,0.714,0.434,1.8377443050801e-167,"Activated_endothelial_SELE","FNIP2",0.28
6.0222109132355e-171,0.775182396383883,0.904,0.689,1.47574278428836e-166,"Activated_endothelial_SELE","BTG2",0.215
1.86457802126382e-170,0.799544172340823,0.709,0.366,4.569148441107e-166,"Activated_endothelial_SELE","FAM84A",0.343
8.15263819310355e-170,0.636974381838122,0.988,0.956,1.99780398922002e-165,"Activated_endothelial_SELE","CD9",0.032
1.45675401200112e-169,0.60724152234953,0.95,0.782,3.56977570640875e-165,"Activated_endothelial_SELE","CDC42",0.168
3.87077383942813e-168,1.04899122414677,0.624,0.328,9.48533129351864e-164,"Activated_endothelial_SELE","WTAP",0.296
7.4759663861409e-166,1.37707801835642,0.47,0.203,1.83198556292383e-161,"Activated_endothelial_SELE","TUSC1",0.267
1.69830516172057e-162,2.69449940852478,0.182,0.029,4.16169679879627e-158,"Activated_endothelial_SELE","RNF122",0.153
2.01212713954403e-162,1.19686939176633,0.495,0.22,4.93071755545263e-158,"Activated_endothelial_SELE","C12orf75",0.275
3.10249587667187e-160,1.47811831351429,0.415,0.168,7.60266614578442e-156,"Activated_endothelial_SELE","SSH1",0.247
4.07121250911638e-160,0.399351189368153,0.997,0.97,9.9765062535897e-156,"Activated_endothelial_SELE","ACTB",0.027
1.26832471715724e-159,1.64153415063041,0.355,0.125,3.10802971939383e-155,"Activated_endothelial_SELE","IRF7",0.23
1.03988089464202e-158,1.14967533045586,0.553,0.282,2.54822813232028e-154,"Activated_endothelial_SELE","ZBTB16",0.271
2.48297712689454e-158,1.26188041661299,0.527,0.262,6.08453544945506e-154,"Activated_endothelial_SELE","RBP1",0.265
8.67394247785764e-158,0.479069710719931,0.977,0.915,2.12554960419902e-153,"Activated_endothelial_SELE","HNRNPA1",0.0619999999999999
1.00771999487543e-157,1.61319266424014,0.352,0.124,2.46941784744224e-153,"Activated_endothelial_SELE","ARL5B",0.228
4.64817857906021e-155,0.673015886694274,0.987,0.935,1.1390361607987e-150,"Activated_endothelial_SELE","SDPR",0.0519999999999999
3.84673087592531e-152,2.7241230806738,0.193,0.037,9.42641401145496e-148,"Activated_endothelial_SELE","CD83",0.156
9.00142503148081e-152,1.22211618035271,0.555,0.299,2.20579920396437e-147,"Activated_endothelial_SELE","DIS3",0.256
1.02657187950799e-148,0.750670270996067,0.821,0.59,2.51561439073432e-144,"Activated_endothelial_SELE","HNRNPM",0.231
1.02907697401265e-148,1.9185167128017,0.279,0.084,2.521753124818e-144,"Activated_endothelial_SELE","MSX1",0.195
1.1635397718575e-148,1.01963205403481,0.734,0.464,2.8512542109368e-144,"Activated_endothelial_SELE","FMO2",0.27
5.12472513193246e-146,1.92053211543394,0.243,0.064,1.25581389358005e-141,"Activated_endothelial_SELE","SLC25A33",0.179
8.07157671340944e-146,0.945278851084987,0.882,0.728,1.97793987362098e-141,"Activated_endothelial_SELE","KLF6",0.154
1.85948248660687e-145,1.76540193010675,0.247,0.066,4.55666183343014e-141,"Activated_endothelial_SELE","LRRC75A",0.181
2.61708437000809e-145,1.09136432992229,0.558,0.29,6.41316524870483e-141,"Activated_endothelial_SELE","CHSY1",0.268
2.75287643307592e-144,0.760095148754928,0.806,0.557,6.74592369925254e-140,"Activated_endothelial_SELE","HNRNPH1",0.249
4.36654339566621e-144,1.10711705470805,0.491,0.233,1.070021459108e-139,"Activated_endothelial_SELE","RBM7",0.258
1.53995526585783e-143,2.31890111107942,0.209,0.048,3.77366037898461e-139,"Activated_endothelial_SELE","RRP12",0.161
1.17158180385725e-142,0.986339163461336,0.61,0.34,2.8709612103522e-138,"Activated_endothelial_SELE","PRNP",0.27
3.68353995387043e-142,1.38328396858092,0.41,0.175,9.0265146569595e-138,"Activated_endothelial_SELE","LINC-PINT",0.235
7.19896505917878e-142,1.37552025635794,0.543,0.307,1.76410638775176e-137,"Activated_endothelial_SELE","LITAF",0.236
4.91453690338303e-140,1.34029095926421,0.385,0.155,1.20430726817401e-135,"Activated_endothelial_SELE","SERTAD3",0.23
1.83864448987011e-139,1.60766069293463,0.312,0.108,4.5055983224267e-135,"Activated_endothelial_SELE","YRDC",0.204
2.6770957918393e-139,2.05529461708812,0.185,0.036,6.56022323790221e-135,"Activated_endothelial_SELE","PCDH15",0.149
8.00710375943169e-139,1.52981421260087,0.34,0.127,1.96214077624874e-134,"Activated_endothelial_SELE","ING1",0.213
8.91836946982142e-139,1.28988749590388,0.413,0.176,2.18544643857974e-134,"Activated_endothelial_SELE","PLEKHO2",0.237
1.26467657376479e-138,1.3206857786171,0.398,0.165,3.09908994401063e-134,"Activated_endothelial_SELE","CDC42EP2",0.233
1.93594402022163e-138,0.690870397760746,0.867,0.66,4.74403082155311e-134,"Activated_endothelial_SELE","VAPA",0.207
2.2225208150945e-138,1.2329218697446,0.5,0.248,5.44628725738908e-134,"Activated_endothelial_SELE","DNAJB1",0.252
8.00783737371315e-137,0.690070641042683,0.871,0.701,1.96232054842841e-132,"Activated_endothelial_SELE","PRDX6",0.17
1.08657479157279e-136,0.850945388626773,0.719,0.475,2.66265152674912e-132,"Activated_endothelial_SELE","PFDN2",0.244
1.87128117060414e-136,1.18680412582658,0.433,0.189,4.58557450856545e-132,"Activated_endothelial_SELE","SGK1",0.244
9.11540368865874e-136,0.363541168231462,0.996,0.988,2.23372967390582e-131,"Activated_endothelial_SELE","RPL39",0.00800000000000001
6.51756593895615e-134,0.399427456187804,0.98,0.948,1.5971295333412e-129,"Activated_endothelial_SELE","H3F3A",0.032
4.52701522936439e-133,1.25666908931073,0.455,0.219,1.10934508195574e-128,"Activated_endothelial_SELE","GRPEL1",0.236
1.56620779285014e-132,0.556552594429215,0.968,0.904,3.83799219637927e-128,"Activated_endothelial_SELE","EMCN",0.0639999999999999
2.74767782996446e-132,1.02908401238322,0.439,0.193,6.73318452232791e-128,"Activated_endothelial_SELE","RGS16",0.246
2.79810897155674e-132,0.940486087666106,0.625,0.365,6.85676603479979e-128,"Activated_endothelial_SELE","CYCS",0.26
4.00408358410223e-132,1.26479667885142,0.416,0.185,9.81200682284251e-128,"Activated_endothelial_SELE","PLK3",0.231
4.98517933795475e-132,0.518558110825776,0.983,0.874,1.22161819676581e-127,"Activated_endothelial_SELE","IL6ST",0.109
3.93448687254172e-131,0.664027062241743,0.866,0.695,9.64146008116349e-127,"Activated_endothelial_SELE","IFI16",0.171
6.87222928669125e-131,0.459719041436011,0.961,0.864,1.68403978670369e-126,"Activated_endothelial_SELE","CIRBP",0.097
2.05585669287998e-130,0.772878955885706,0.762,0.53,5.03787682590239e-126,"Activated_endothelial_SELE","SLC25A5",0.232
5.15004197273642e-130,0.277105035569201,1,0.999,1.26201778541906e-125,"Activated_endothelial_SELE","TPT1",0.001
9.98288800665313e-130,0.796375250536746,0.824,0.599,2.44630670603035e-125,"Activated_endothelial_SELE","LIMCH1",0.225
2.57241510729444e-129,1.52402649167731,0.321,0.119,6.30370322042503e-125,"Activated_endothelial_SELE","RP11-138A9.1",0.202
4.61566719291992e-129,1.21076886590961,0.487,0.248,1.13106924562503e-124,"Activated_endothelial_SELE","CFAP20",0.239
2.92688085214553e-128,0.795980867396996,0.758,0.528,7.17232152818262e-124,"Activated_endothelial_SELE","EIF3I",0.23
1.55430141013593e-126,1.88398300044118,0.217,0.057,3.80881560553809e-122,"Activated_endothelial_SELE","ANKRD42",0.16
4.84338152422397e-126,1.99025263300054,0.209,0.054,1.18687064251108e-121,"Activated_endothelial_SELE","RP11-73E17.2",0.155
8.99344601799732e-126,1.23851185537089,0.392,0.171,2.20384394671024e-121,"Activated_endothelial_SELE","CCNH",0.221
4.76879401732686e-125,0.835947562240247,0.638,0.378,1.16859297394595e-120,"Activated_endothelial_SELE","RBBP6",0.26
8.40557160457145e-125,1.03710579030543,0.476,0.229,2.05978532170023e-120,"Activated_endothelial_SELE","COTL1",0.247
1.34787648085508e-123,1.23700085143845,0.388,0.169,3.30297131633539e-119,"Activated_endothelial_SELE","COQ10B",0.219
3.54682318629888e-123,0.932015788031925,0.584,0.334,8.69149021802542e-119,"Activated_endothelial_SELE","AFF4",0.25
7.35910454086164e-123,0.595735633111687,0.869,0.664,1.80334856773815e-118,"Activated_endothelial_SELE","MARCKS",0.205
1.94774897503624e-122,1.69790813175487,0.255,0.081,4.7729588633263e-118,"Activated_endothelial_SELE","SPRY4",0.174
1.47943928008507e-121,1.14375675495332,0.468,0.236,3.62536595584845e-117,"Activated_endothelial_SELE","TSPYL2",0.232
8.42726116482164e-121,0.721734230732369,0.806,0.601,2.06510034843954e-116,"Activated_endothelial_SELE","YWHAZ",0.205
2.19040279771322e-120,0.833576726890499,0.719,0.498,5.36758205579624e-116,"Activated_endothelial_SELE","TAF7",0.221
5.42765556289347e-120,0.588988878940825,0.863,0.648,1.33004699568705e-115,"Activated_endothelial_SELE","PRCP",0.215
8.08900819316108e-120,0.845037179328468,0.617,0.357,1.98221145773412e-115,"Activated_endothelial_SELE","RAB21",0.26
1.96879581949916e-119,1.7866850285288,0.219,0.062,4.8245341556827e-115,"Activated_endothelial_SELE","SPSB1",0.157
5.0033896137148e-119,1.06149532216264,0.544,0.307,1.22608062484081e-114,"Activated_endothelial_SELE","ZC3HAV1",0.237
1.26625714716757e-117,1.86452781244903,0.237,0.074,3.10296313913414e-113,"Activated_endothelial_SELE","ELL2",0.163
2.15732126446199e-117,1.24266845848681,0.32,0.123,5.2865157585641e-113,"Activated_endothelial_SELE","TTN",0.197
5.2814083363462e-117,0.694450310079708,0.832,0.639,1.29420911282164e-112,"Activated_endothelial_SELE","BCLAF1",0.193
1.42949399975737e-116,0.653528693849561,0.805,0.587,3.50297504640544e-112,"Activated_endothelial_SELE","RBM8A",0.218
1.58940660803866e-116,0.539942347788648,0.908,0.735,3.89484089299873e-112,"Activated_endothelial_SELE","CNN3",0.173
1.60978747702227e-114,1.54988671752866,0.285,0.106,3.94478421244306e-110,"Activated_endothelial_SELE","PER2",0.179
3.75516251894726e-113,2.1281571850189,0.188,0.049,9.20202575268025e-109,"Activated_endothelial_SELE","RP11-489E7.4",0.139
3.1197898493802e-112,2.05240753534262,0.175,0.041,7.64504502590618e-108,"Activated_endothelial_SELE","MEST",0.134
5.08025023775189e-112,1.02527641404146,0.491,0.262,1.2449153207611e-107,"Activated_endothelial_SELE","HIF1A",0.229
1.44692065308726e-110,1.94500641756278,0.192,0.051,3.54567906039032e-106,"Activated_endothelial_SELE","BATF3",0.141
1.57293771637257e-110,1.41319624507559,0.307,0.122,3.85448387397098e-106,"Activated_endothelial_SELE","GTF2B",0.185
4.7750347974783e-109,0.277084718389229,0.998,0.994,1.17012227712206e-104,"Activated_endothelial_SELE","RPS3A",0.004
5.87888383321699e-109,0.523992936997895,0.884,0.696,1.44062048332982e-104,"Activated_endothelial_SELE","HNRNPDL",0.188
6.44573505475765e-109,0.766608307242093,0.705,0.481,1.57952737516836e-104,"Activated_endothelial_SELE","EHD4",0.224
3.29418188893986e-108,1.93176560135621,0.175,0.043,8.07239271884712e-104,"Activated_endothelial_SELE","RP11-670E13.6",0.132
5.73760825970961e-108,0.413447575495885,0.982,0.935,1.40600090404184e-103,"Activated_endothelial_SELE","DSTN",0.0469999999999999
6.91779287426661e-108,0.800232934433998,0.722,0.487,1.69520514383903e-103,"Activated_endothelial_SELE","PPP1CB",0.235
9.66983083044905e-108,1.19789941270346,0.381,0.176,2.36959204500154e-103,"Activated_endothelial_SELE","SPTY2D1",0.205
1.84849139026023e-107,0.839210596780172,0.597,0.363,4.5297281518327e-103,"Activated_endothelial_SELE","TUBB6",0.234
1.27012156038686e-106,0.63114994398195,0.768,0.532,3.112432883728e-102,"Activated_endothelial_SELE","PSMB4",0.236
3.99644312942489e-106,1.44150604026213,0.272,0.1,9.7932838886557e-102,"Activated_endothelial_SELE","GNG4",0.172
6.22827532956424e-106,0.911249176742952,0.499,0.27,1.52623886950972e-101,"Activated_endothelial_SELE","TRA2A",0.229
2.87890618688438e-105,0.989765665008242,0.445,0.226,7.05475961096017e-101,"Activated_endothelial_SELE","TUBA1C",0.219
5.039848488483e-105,0.955619820214918,0.452,0.233,1.23501487210276e-100,"Activated_endothelial_SELE","ETF1",0.219
2.66174076478043e-104,0.707915098598114,0.742,0.527,6.52259574409445e-100,"Activated_endothelial_SELE","LUZP1",0.215
4.02077916466672e-103,1.72529583704855,0.204,0.061,9.8529193430158e-99,"Activated_endothelial_SELE","CCDC141",0.143
1.42015007661183e-102,0.804648034948749,0.723,0.508,3.48007776273728e-98,"Activated_endothelial_SELE","SERPINB1",0.215
2.16298106809808e-102,1.24411745842396,0.269,0.1,5.30038510737436e-98,"Activated_endothelial_SELE","INHBB",0.169
2.33738756475395e-102,0.256965604251724,1,0.995,5.72776822742957e-98,"Activated_endothelial_SELE","ITM2B",0.005
8.06580960987858e-102,0.917509843306878,0.485,0.263,1.97652664490074e-97,"Activated_endothelial_SELE","RAB5A",0.222
1.75126828395143e-101,0.748349817983571,0.645,0.415,4.29148292982297e-97,"Activated_endothelial_SELE","SHC1",0.23
3.67219969335876e-101,0.472481967862857,0.966,0.865,8.99872534857564e-97,"Activated_endothelial_SELE","BTG1",0.101
4.38782244439112e-99,0.506923258419683,0.91,0.726,1.07523588999804e-94,"Activated_endothelial_SELE","TFPI",0.184
7.86949865104095e-99,1.78204027960198,0.179,0.049,1.92842064443759e-94,"Activated_endothelial_SELE","SLC25A44",0.13
9.4796128484468e-99,0.656607664304829,0.727,0.505,2.32297912851189e-94,"Activated_endothelial_SELE","HNRNPF",0.222
3.70401922000465e-98,1.01745432709537,0.411,0.206,9.07669909862139e-94,"Activated_endothelial_SELE","MAPKAPK2",0.205
1.1390663467607e-96,1.39089969453546,0.285,0.116,2.79128208273709e-92,"Activated_endothelial_SELE","PDGFA",0.169
1.65547375870118e-96,0.773701048545486,0.563,0.335,4.05673844569723e-92,"Activated_endothelial_SELE","MAPK1IP1L",0.228
2.82591172078239e-96,0.526566714691797,0.855,0.666,6.92489667177725e-92,"Activated_endothelial_SELE","VAMP2",0.189
5.78761466719069e-96,1.64652898398057,0.213,0.07,1.41825497419508e-91,"Activated_endothelial_SELE","QRFPR",0.143
3.4683851169017e-95,0.84068490936331,0.575,0.359,8.49927772896761e-91,"Activated_endothelial_SELE","WBP5",0.216
1.3000342698403e-94,0.816603538385953,0.681,0.479,3.18573397824366e-90,"Activated_endothelial_SELE","CYP1B1",0.202
3.73566824052265e-94,1.10936897164274,0.349,0.162,9.15425502340074e-90,"Activated_endothelial_SELE","SCML1",0.187
2.42786730027906e-92,0.325991994985306,0.997,0.981,5.94948881933384e-88,"Activated_endothelial_SELE","ADIRF",0.016
7.00937976743807e-92,1.76312353301247,0.177,0.051,1.7176485120107e-87,"Activated_endothelial_SELE","CDH2",0.126
2.14082800193304e-91,1.01346301941186,0.422,0.221,5.24609901873692e-87,"Activated_endothelial_SELE","XBP1",0.201
4.15271675918601e-91,0.840445659882096,0.576,0.362,1.01762324183853e-86,"Activated_endothelial_SELE","TLE1",0.214
8.73784402808795e-91,0.829146340029988,0.543,0.331,2.14120867908295e-86,"Activated_endothelial_SELE","TMEM165",0.212
1.23506084788037e-90,1.7677583214294,0.155,0.04,3.02651660773085e-86,"Activated_endothelial_SELE","PCDH7",0.115
1.35001676590672e-90,0.748249227496242,0.56,0.339,3.30821608485443e-86,"Activated_endothelial_SELE","PCF11",0.221
1.78182588373464e-90,0.503196719542998,0.846,0.674,4.36636432809175e-86,"Activated_endothelial_SELE","PNISR",0.172
7.77383667626993e-90,0.66810377711567,0.721,0.495,1.90497867751995e-85,"Activated_endothelial_SELE","SELK",0.226
1.59314456851498e-89,1.10522362551374,0.405,0.208,3.90400076514596e-85,"Activated_endothelial_SELE","TNFAIP3",0.197
1.85210212298571e-89,1.54294311315669,0.192,0.061,4.53857625237649e-85,"Activated_endothelial_SELE","ARMC5",0.131
7.70112315242403e-89,0.610041937410139,0.665,0.428,1.88716022850151e-84,"Activated_endothelial_SELE","NEDD9",0.237
8.49711978084159e-88,0.769717409111086,0.481,0.268,2.08221920229523e-83,"Activated_endothelial_SELE","INSR",0.213
1.99482795925608e-87,0.70237980513882,0.667,0.433,4.88832591415704e-83,"Activated_endothelial_SELE","FOXC2",0.234
2.66586242488783e-87,0.959202958635492,0.708,0.522,6.53269587218762e-83,"Activated_endothelial_SELE","TUBA1A",0.186
3.09961636930938e-87,1.46420277407388,0.232,0.087,7.59560991299264e-83,"Activated_endothelial_SELE","MIR222HG",0.145
4.0763473466915e-87,0.782883840200857,0.584,0.369,9.98908917306752e-83,"Activated_endothelial_SELE","ARHGAP26",0.215
1.3884212307414e-86,0.886896665309855,0.513,0.309,3.40232622593179e-82,"Activated_endothelial_SELE","RGCC",0.204
3.69479292310841e-86,0.702650998384835,0.926,0.859,9.05409005807715e-82,"Activated_endothelial_SELE","TSC22D1",0.0670000000000001
4.5986088487046e-86,0.8228585516311,0.482,0.278,1.12688909837506e-81,"Activated_endothelial_SELE","ZNF791",0.204
8.52820195499544e-86,1.23122801762209,0.262,0.107,2.08983588907163e-81,"Activated_endothelial_SELE","BCL6",0.155
1.21892861505175e-85,0.464605901942264,0.862,0.696,2.98698457118431e-81,"Activated_endothelial_SELE","PDLIM1",0.166
2.38940160047041e-85,0.716851444655873,0.566,0.348,5.85522862195273e-81,"Activated_endothelial_SELE","CD200",0.218
2.36693600204944e-84,0.801861426449923,0.441,0.239,5.80017667302215e-80,"Activated_endothelial_SELE","ST6GALNAC3",0.202
9.79930513350905e-84,1.02159888980761,0.343,0.166,2.40131972296639e-79,"Activated_endothelial_SELE","SRGAP2B",0.177
1.53679846497297e-83,1.163074778702,0.311,0.144,3.76592463841627e-79,"Activated_endothelial_SELE","UBE2S",0.167
1.91470551606856e-83,0.911432310020711,0.502,0.303,4.69198586712602e-79,"Activated_endothelial_SELE","TLE4",0.199
3.48900127012152e-83,0.502701768855204,0.884,0.72,8.5497976124328e-79,"Activated_endothelial_SELE","RBM3",0.164
5.3412283506017e-83,0.942606850290667,0.335,0.158,1.30886800731495e-78,"Activated_endothelial_SELE","PROX1",0.177
1.04521997421095e-82,1.43135068436919,0.225,0.085,2.56131154680393e-78,"Activated_endothelial_SELE","RNF19B",0.14
3.16154441382303e-82,0.842918053550968,0.467,0.267,7.74736458607332e-78,"Activated_endothelial_SELE","CWC25",0.2
3.39285164190005e-82,0.803861733636534,0.409,0.216,8.31418294847608e-78,"Activated_endothelial_SELE","SRGAP2C",0.193
5.12365969696997e-82,0.546294875656482,0.784,0.58,1.25555280874249e-77,"Activated_endothelial_SELE","AP1S2",0.204
1.40698825128687e-81,0.541872733442371,0.767,0.557,3.44782470977848e-77,"Activated_endothelial_SELE","HNRNPA0",0.21
2.84460996346558e-81,0.841192958652359,0.419,0.229,6.97071671547241e-77,"Activated_endothelial_SELE","HNRNPL",0.19
4.42006540741765e-81,1.21109588369072,0.257,0.107,1.0831370280877e-76,"Activated_endothelial_SELE","DEDD",0.15
1.27871410987757e-80,0.402146768351225,0.937,0.823,3.13348892625499e-76,"Activated_endothelial_SELE","RBM39",0.114
1.53075818433564e-80,2.16149457745486,0.159,0.047,3.75112293071448e-76,"Activated_endothelial_SELE","LRG1",0.112
1.62937152130151e-80,0.59857855462568,0.692,0.482,3.99277491294936e-76,"Activated_endothelial_SELE","EIF1B",0.21
1.74981826807389e-80,0.676255037149012,0.49,0.275,4.28792966591506e-76,"Activated_endothelial_SELE","TSPAN5",0.215
6.91414304691543e-80,0.26894686481222,0.995,0.971,1.69431075364663e-75,"Activated_endothelial_SELE","GAPDH",0.024
1.41198150882252e-79,0.670208931157806,0.572,0.365,3.46006068736958e-75,"Activated_endothelial_SELE","RYBP",0.207
1.94040301217839e-79,1.43938318795346,0.193,0.067,4.75495758134316e-75,"Activated_endothelial_SELE","SUSD4",0.126
5.95674724225445e-79,0.808489897993061,0.442,0.25,1.45970091171445e-74,"Activated_endothelial_SELE","KBTBD2",0.192
1.20798219558741e-78,0.672932095030696,0.433,0.231,2.96016037028694e-74,"Activated_endothelial_SELE","HLF",0.202
1.25100446316755e-78,0.746000692085752,0.546,0.343,3.06558643699207e-74,"Activated_endothelial_SELE","YPEL5",0.203
1.90412954637191e-78,0.717357448566165,0.515,0.313,4.66606945338436e-74,"Activated_endothelial_SELE","PON2",0.202
1.57571856695519e-77,0.692878994111335,0.572,0.361,3.8612983483237e-73,"Activated_endothelial_SELE","HSPA2",0.211
1.62206522024344e-77,1.29037049485106,0.232,0.093,3.97487082220654e-73,"Activated_endothelial_SELE","TAF13",0.139
1.89186682691939e-77,0.594766870569484,0.879,0.731,4.63601965936596e-73,"Activated_endothelial_SELE","SAT1",0.148
3.33742643249103e-77,0.899597218432996,0.345,0.172,8.17836347281928e-73,"Activated_endothelial_SELE","DPH3",0.173
6.2904511583246e-76,0.702757568998243,0.512,0.31,1.54147505634744e-71,"Activated_endothelial_SELE","GNAI3",0.202
8.10473991973735e-76,2.21949257083226,0.174,0.059,1.98606651733164e-71,"Activated_endothelial_SELE","TFPI2",0.115
1.53825011880478e-75,0.709894588778313,0.6,0.407,3.76948191613112e-71,"Activated_endothelial_SELE","ACBD3",0.193
1.67173063043835e-75,0.883910318299713,0.398,0.217,4.09657590988919e-71,"Activated_endothelial_SELE","TCEAL2",0.181
1.69260525981838e-75,0.986292880610892,0.643,0.456,4.14772918918493e-71,"Activated_endothelial_SELE","IER3",0.187
1.86251112515019e-75,0.868464002558502,0.421,0.239,4.56408351218053e-71,"Activated_endothelial_SELE","NOLC1",0.182
2.26166961393611e-75,0.647229081235395,0.635,0.428,5.54222138895043e-71,"Activated_endothelial_SELE","CTSL",0.207
2.84420264834662e-75,0.271769598337336,0.996,0.978,6.96971858977338e-71,"Activated_endothelial_SELE","RPL7",0.018
4.59321963347392e-75,0.690671423995503,0.496,0.298,1.12556847118278e-70,"Activated_endothelial_SELE","UBE2N",0.198
9.30850018227479e-75,1.55487320124246,0.201,0.075,2.28104796966644e-70,"Activated_endothelial_SELE","TRIM16",0.126
1.02801600038442e-74,0.539047375872033,0.746,0.551,2.51915320894201e-70,"Activated_endothelial_SELE","PGK1",0.195
2.76865692659085e-74,0.89584783215979,0.389,0.212,6.78459379861089e-70,"Activated_endothelial_SELE","ASXL1",0.177
2.9503068420655e-74,0.926583908692178,0.35,0.18,7.22972691648151e-70,"Activated_endothelial_SELE","IRF9",0.17
3.16568986156485e-74,0.862529598454334,0.362,0.188,7.75752300576468e-70,"Activated_endothelial_SELE","RARA",0.174
1.3289981784893e-73,0.702846313836469,0.472,0.278,3.25671003638803e-69,"Activated_endothelial_SELE","IRAK3",0.194
3.86694061100449e-73,0.922573251903151,0.337,0.17,9.47593796726651e-69,"Activated_endothelial_SELE","TPBG",0.167
2.16978830835287e-72,0.57224445085199,0.613,0.398,5.31706624961871e-68,"Activated_endothelial_SELE","TPST2",0.215
3.5834512347245e-72,0.490218145964045,0.776,0.587,8.7812472506924e-68,"Activated_endothelial_SELE","RSL24D1",0.189
4.89431743887148e-72,0.564519282745687,0.608,0.395,1.19935248839546e-67,"Activated_endothelial_SELE","CCDC68",0.213
5.68767432000219e-72,1.05173474706288,0.277,0.128,1.39376459211654e-67,"Activated_endothelial_SELE","MARCH5",0.149
2.19963728116809e-71,1.21963752957461,0.226,0.093,5.3902111575024e-67,"Activated_endothelial_SELE","DNAAF2",0.133
7.30173488137004e-71,0.759652648426474,0.4,0.219,1.78929013267973e-66,"Activated_endothelial_SELE","GOLM1",0.181
9.26976936593245e-71,1.04186659573032,0.298,0.146,2.27155698312175e-66,"Activated_endothelial_SELE","PTP4A1",0.152
1.23723258402625e-70,0.792042186935834,0.381,0.206,3.03183844715633e-66,"Activated_endothelial_SELE","VPS37B",0.175
1.52588994894836e-70,0.901705960590591,0.328,0.166,3.73919331989797e-66,"Activated_endothelial_SELE","IDI1",0.162
1.64294140290078e-70,1.00255252540169,0.283,0.134,4.02602790780837e-66,"Activated_endothelial_SELE","ZNF394",0.149
2.89275143657171e-70,1.05038356374484,0.256,0.114,7.08868739531896e-66,"Activated_endothelial_SELE","SPRY2",0.142
1.04497972238867e-69,0.89075479725042,0.435,0.259,2.56072280971345e-65,"Activated_endothelial_SELE","REL",0.176
1.63693887916163e-69,0.489031459219726,0.755,0.549,4.01131872338557e-65,"Activated_endothelial_SELE","CTNNB1",0.206
1.97604714932034e-69,0.811651835628459,0.393,0.218,4.8423035394095e-65,"Activated_endothelial_SELE","SOCS5",0.175
2.68464072126897e-69,0.542258850888143,0.604,0.398,6.57871208746961e-65,"Activated_endothelial_SELE","RCN2",0.206
3.70011048027435e-69,0.761084785922417,0.469,0.283,9.0671207319123e-65,"Activated_endothelial_SELE","C21orf59",0.186
4.36112764215256e-69,0.632413673617631,0.553,0.356,1.06869432870948e-64,"Activated_endothelial_SELE","CMTM6",0.197
4.69886099447245e-69,1.01648534714292,0.251,0.111,1.15145588669547e-64,"Activated_endothelial_SELE","SLC41A1",0.14
5.2551410745309e-69,0.508795413603497,0.742,0.552,1.2877723203138e-64,"Activated_endothelial_SELE","EIF4A1",0.19
1.31050610762086e-68,0.594376337281489,0.547,0.346,3.21139521672493e-64,"Activated_endothelial_SELE","CSNK1E",0.201
1.66433175980623e-68,0.943225977028237,0.356,0.193,4.07844497740516e-64,"Activated_endothelial_SELE","ZNF593",0.163
2.02864443501387e-68,0.753473647089402,0.402,0.225,4.97119318800149e-64,"Activated_endothelial_SELE","PELI1",0.177
2.04745937381596e-68,0.649631699965671,0.455,0.261,5.01729919553602e-64,"Activated_endothelial_SELE","ADGRL2",0.194
2.15626876959297e-68,1.65155535406947,0.174,0.063,5.28393661988758e-64,"Activated_endothelial_SELE","PLEKHG2",0.111
3.90192691997104e-68,0.828166259489513,0.374,0.202,9.56167191738903e-64,"Activated_endothelial_SELE","FKBP11",0.172
1.03901022402144e-67,1.15712014255658,0.286,0.139,2.54609455396454e-63,"Activated_endothelial_SELE","NFATC1",0.147
1.1621600586624e-67,1.35028964766802,0.174,0.062,2.84787322375222e-63,"Activated_endothelial_SELE","PPRC1",0.112
4.065280517942e-67,1.11654131143086,0.261,0.12,9.96196990921688e-63,"Activated_endothelial_SELE","VEGFA",0.141
5.71025191366015e-66,1.08280503666338,0.256,0.119,1.39929723144242e-61,"Activated_endothelial_SELE","HELZ2",0.137
1.06833705062562e-65,0.656002917739414,0.535,0.354,2.61795994255809e-61,"Activated_endothelial_SELE","YTHDF2",0.181
1.8277637661027e-65,1.25421614544256,0.191,0.074,4.47893510883467e-61,"Activated_endothelial_SELE","TICAM1",0.117
4.26262789961341e-65,0.81891031153943,0.394,0.227,1.04455696680027e-60,"Activated_endothelial_SELE","UTP3",0.167
4.68543114189728e-65,0.608064727755382,0.533,0.34,1.14816490132193e-60,"Activated_endothelial_SELE","STRAP",0.193
5.86455405070254e-65,0.806655027083417,0.515,0.337,1.43710897012466e-60,"Activated_endothelial_SELE","YPEL2",0.178
6.3138751529203e-65,0.624686819287394,0.493,0.301,1.54721510622312e-60,"Activated_endothelial_SELE","BEX4",0.192
1.49306629577326e-64,0.651183216530877,0.46,0.274,3.65875895779237e-60,"Activated_endothelial_SELE","ITGA9",0.186
1.59101195523015e-64,0.73593724399638,0.435,0.258,3.89877479629147e-60,"Activated_endothelial_SELE","C16orf72",0.177
1.75150525007941e-64,0.843239553422332,0.381,0.216,4.2920636153196e-60,"Activated_endothelial_SELE","UGCG",0.165
1.85634089484284e-64,0.778596987344487,0.461,0.291,4.54896336281238e-60,"Activated_endothelial_SELE","ARPC5L",0.17
1.95368095080113e-64,1.34201824481276,0.162,0.057,4.78749516993816e-60,"Activated_endothelial_SELE","SPATA2",0.105
6.49711878357027e-64,1.77294628085646,0.152,0.052,1.5921189579139e-59,"Activated_endothelial_SELE","PRR7",0.1
7.55656898999563e-64,0.541300501875781,0.766,0.573,1.85173723099843e-59,"Activated_endothelial_SELE","ID1",0.193
9.4564628036865e-64,0.504908382415412,0.633,0.448,2.31730621004338e-59,"Activated_endothelial_SELE","DKK3",0.185
1.25141762552955e-63,0.687902281843756,0.463,0.284,3.06659889136017e-59,"Activated_endothelial_SELE","KLF7",0.179
1.59092185735045e-63,0.80820194998599,0.381,0.218,3.89855401143729e-59,"Activated_endothelial_SELE","USP12",0.163
3.59134979731765e-63,0.818006605275686,0.37,0.207,8.80060267832689e-59,"Activated_endothelial_SELE","SORBS1",0.163
5.8858151678698e-63,0.69095677389295,0.42,0.244,1.4423190068865e-58,"Activated_endothelial_SELE","ALYREF",0.176
6.90200292133978e-63,0.902393192674202,0.324,0.171,1.69133581587431e-58,"Activated_endothelial_SELE","FAM101B",0.153
1.09756840491851e-62,0.706940936980566,0.399,0.229,2.6895913762528e-58,"Activated_endothelial_SELE","B4GALT5",0.17
1.53132979360692e-62,0.678420536913296,0.467,0.288,3.75252365923375e-58,"Activated_endothelial_SELE","PCDH17",0.179
3.57892107482355e-62,0.648572071860923,0.539,0.358,8.77014609385511e-58,"Activated_endothelial_SELE","UBE2J1",0.181
3.97000241934638e-62,0.87546691266347,0.372,0.216,9.72849092860831e-58,"Activated_endothelial_SELE","SGCE",0.156
6.70007937129833e-62,0.226855344738182,0.994,0.976,1.64185444993666e-57,"Activated_endothelial_SELE","RPL27A",0.018
8.22209234699948e-62,1.09478141144198,0.372,0.221,2.01482372963222e-57,"Activated_endothelial_SELE","MEDAG",0.151
9.90215742547753e-62,0.247131827639801,0.987,0.948,2.42652367711327e-57,"Activated_endothelial_SELE","MYL12A",0.039
1.54515173854219e-61,1.6475273484437,0.15,0.052,3.78639433529764e-57,"Activated_endothelial_SELE","PPM1N",0.098
2.60203258969763e-61,0.484829930960925,0.873,0.737,6.37628086105403e-57,"Activated_endothelial_SELE","NDRG1",0.136
6.29236913340318e-61,0.309239356185812,0.948,0.85,1.54194505614045e-56,"Activated_endothelial_SELE","LAPTM4A",0.098
8.67991790719368e-61,0.439290290127889,0.801,0.634,2.12701388315781e-56,"Activated_endothelial_SELE","POMP",0.167
1.53494412378664e-60,0.606605443131175,0.492,0.307,3.76138057533917e-56,"Activated_endothelial_SELE","SAR1A",0.185
1.81940283994622e-60,0.764283562748299,0.41,0.245,4.45844665928821e-56,"Activated_endothelial_SELE","ZNFX1",0.165
2.01068358140826e-60,0.968230243707148,0.237,0.108,4.92718011624095e-56,"Activated_endothelial_SELE","MOAP1",0.129
2.35184804900614e-60,0.420505869188494,0.844,0.7,5.76320364408954e-56,"Activated_endothelial_SELE","DDX24",0.144
3.43147804567203e-60,0.831698698469577,0.357,0.201,8.40883695091932e-56,"Activated_endothelial_SELE","CYTH1",0.156
3.74580781681637e-60,0.54099777209515,0.625,0.435,9.17910205510852e-56,"Activated_endothelial_SELE","DNAJB6",0.19
4.41040376949062e-60,1.17516133433736,0.206,0.088,1.08076944371368e-55,"Activated_endothelial_SELE","ETV3",0.118
4.9568424788428e-60,0.564768615550703,0.753,0.592,1.21467424944043e-55,"Activated_endothelial_SELE","ARID5B",0.161
5.46055811747304e-60,0.667484609848292,0.438,0.267,1.33810976668677e-55,"Activated_endothelial_SELE","PLEKHG1",0.171
1.31125184674701e-59,0.54217081712569,0.598,0.41,3.21322265045354e-55,"Activated_endothelial_SELE","MAGOH",0.188
4.62083210284178e-59,0.95292598771761,0.3,0.157,1.13233490680138e-54,"Activated_endothelial_SELE","MAP2K3",0.143
5.15084454596401e-59,0.50121932454943,0.734,0.55,1.26221445598848e-54,"Activated_endothelial_SELE","RBMS3",0.184
8.20768396606701e-59,0.916718698980707,0.288,0.149,2.01129295588472e-54,"Activated_endothelial_SELE","LRRC59",0.139
9.68201308653074e-59,0.671093172181936,0.388,0.222,2.37257730685436e-54,"Activated_endothelial_SELE","KLF11",0.166
1.01486073526556e-58,0.829193992323731,0.355,0.199,2.48691623176825e-54,"Activated_endothelial_SELE","HES4",0.156
1.07857030153077e-58,1.40866607440761,0.163,0.062,2.64303652390116e-54,"Activated_endothelial_SELE","PRKAR2B",0.101
1.16433303866735e-58,0.852972681545591,0.311,0.166,2.85319811125435e-54,"Activated_endothelial_SELE","H2AFX",0.145
1.9016244192302e-58,0.486678642989696,0.621,0.431,4.65993063932361e-54,"Activated_endothelial_SELE","RAB1A",0.19
2.10152953871138e-58,0.405382878196762,0.816,0.65,5.14979813461224e-54,"Activated_endothelial_SELE","SUB1",0.166
3.23680659132636e-58,0.793044603465012,0.356,0.202,7.93179455204526e-54,"Activated_endothelial_SELE","ALG13",0.154
5.97511441745187e-58,0.329021398459374,0.928,0.811,1.46420178799658e-53,"Activated_endothelial_SELE","MORF4L1",0.117
2.71617281199426e-57,0.379179765033629,0.842,0.69,6.65598147579193e-53,"Activated_endothelial_SELE","ARL6IP1",0.152
2.98008637749284e-57,0.41604400825593,0.791,0.616,7.30270166804622e-53,"Activated_endothelial_SELE","HMGN2",0.175
3.80219373927899e-57,0.880763973828033,0.263,0.129,9.31727575810316e-53,"Activated_endothelial_SELE","BOC",0.134
1.57369512870263e-56,0.839055620263883,0.405,0.245,3.8563399128858e-52,"Activated_endothelial_SELE","IFRD1",0.16
3.05917024054563e-56,0.833104356844746,0.321,0.176,7.49649667445706e-52,"Activated_endothelial_SELE","EOGT",0.145
6.79988008123968e-56,0.785311512860556,0.312,0.168,1.66631061390778e-51,"Activated_endothelial_SELE","ZNF787",0.144
1.78208084115047e-55,0.95442661425378,0.239,0.115,4.36698910123923e-51,"Activated_endothelial_SELE","RNF139",0.124
2.2893902076114e-55,0.590963612195133,0.495,0.324,5.61015070375174e-51,"Activated_endothelial_SELE","TFG",0.171
2.31550931465364e-55,0.510731471848593,0.585,0.402,5.67415557555874e-51,"Activated_endothelial_SELE","ILF2",0.183
2.60088492685733e-55,0.752539375784637,0.327,0.18,6.3734685132639e-51,"Activated_endothelial_SELE","RBM4",0.147
2.60427623896741e-55,0.307309708004161,0.655,0.461,6.38177892358964e-51,"Activated_endothelial_SELE","ADAMTS1",0.194
4.18076539355449e-55,0.672060603422974,0.393,0.232,1.02449655969053e-50,"Activated_endothelial_SELE","SMTN",0.161
7.84276347078776e-55,1.08017177523963,0.222,0.104,1.92186918851654e-50,"Activated_endothelial_SELE","DDIT3",0.118
8.66965243196962e-55,0.454164909523751,0.626,0.424,2.12449832845415e-50,"Activated_endothelial_SELE","TSHZ2",0.202
8.94929262467781e-55,0.612874494989226,0.41,0.246,2.1930241576773e-50,"Activated_endothelial_SELE","ISCA1",0.164
1.15799623397829e-54,1.13651841027101,0.155,0.058,2.83766977136381e-50,"Activated_endothelial_SELE","PPP2R1B",0.097
2.3398560419837e-54,0.469340189636233,0.607,0.423,5.73381723088105e-50,"Activated_endothelial_SELE","GLO1",0.184
2.83441569762174e-54,0.695292123374551,0.361,0.209,6.94573566702206e-50,"Activated_endothelial_SELE","DPM1",0.152
5.49103885185302e-54,0.736624060401585,0.344,0.197,1.34557907064658e-49,"Activated_endothelial_SELE","RLIM",0.147
6.31728141403592e-54,0.871217496049758,0.282,0.148,1.5480498105095e-49,"Activated_endothelial_SELE","HIC1",0.134
8.68791699342169e-54,0.594382803787013,0.461,0.293,2.12897405923798e-49,"Activated_endothelial_SELE","RNF114",0.168
1.09707756827169e-53,0.771975180297501,0.327,0.183,2.68838858104977e-49,"Activated_endothelial_SELE","GCNT2",0.144
1.50190820856674e-53,0.461059969725513,0.694,0.514,3.68042606509279e-49,"Activated_endothelial_SELE","YWHAQ",0.18
2.90628219059616e-53,0.923538310555708,0.231,0.111,7.12184450805589e-49,"Activated_endothelial_SELE","ARAP2",0.12
4.06499741555542e-53,0.585523972243375,0.372,0.211,9.96127616681856e-49,"Activated_endothelial_SELE","SPHK1",0.161
4.31330346407107e-53,0.782252065821119,0.395,0.24,1.05697501387062e-48,"Activated_endothelial_SELE","TOB1",0.155
5.35885208454246e-53,0.888353612644776,0.265,0.136,1.31318670331713e-48,"Activated_endothelial_SELE","UAP1",0.129
5.96580134145372e-53,0.561738339178776,0.55,0.373,1.46191961872323e-48,"Activated_endothelial_SELE","MIF",0.177
6.75217632906128e-53,0.707329535028841,0.355,0.205,1.65462080943647e-48,"Activated_endothelial_SELE","MFSD14A",0.15
2.07624814901195e-52,0.486709132472005,0.591,0.409,5.08784608915379e-48,"Activated_endothelial_SELE","MORF4L2",0.182
2.8886345958354e-52,0.4222648124391,0.694,0.502,7.07859907709465e-48,"Activated_endothelial_SELE","CHMP5",0.192
3.1047046534074e-52,0.872703322322155,0.235,0.114,7.60807875317484e-48,"Activated_endothelial_SELE","MAOB",0.121
4.44560934179723e-52,0.44521901416726,0.753,0.593,1.08939656920741e-47,"Activated_endothelial_SELE","COX7A1",0.16
5.59028498913965e-52,0.487923009362548,0.565,0.388,1.36989933658867e-47,"Activated_endothelial_SELE","KDSR",0.177
5.78073478746666e-52,1.3275898860703,0.169,0.069,1.41656905966871e-47,"Activated_endothelial_SELE","CYTL1",0.1
8.59969041064335e-52,0.758564721471134,0.26,0.131,2.10735413512815e-47,"Activated_endothelial_SELE","CRHBP",0.129
8.8803427560026e-52,0.444169591715701,0.815,0.665,2.17612799235844e-47,"Activated_endothelial_SELE","RBM25",0.15
9.63342762293442e-52,0.691800879322662,0.306,0.166,2.36067143900008e-47,"Activated_endothelial_SELE","ACVR1",0.14
9.97718086269365e-52,0.79800816953562,0.29,0.156,2.44490817040308e-47,"Activated_endothelial_SELE","SLC25A28",0.134
1.24145850431466e-51,0.527739857271643,0.469,0.291,3.04219406482307e-47,"Activated_endothelial_SELE","PLCXD3",0.178
1.36753683010357e-51,0.953914563650488,0.232,0.114,3.35114900216879e-47,"Activated_endothelial_SELE","ANKDD1A",0.118
1.37179234821149e-51,1.15434361327733,0.159,0.063,3.36157714929226e-47,"Activated_endothelial_SELE","CDK2",0.096
1.50632035885555e-51,0.625983429282631,0.377,0.223,3.69123803937553e-47,"Activated_endothelial_SELE","ITPR1",0.154
5.25127999358625e-51,0.585271142597175,0.542,0.373,1.28682616242831e-46,"Activated_endothelial_SELE","HOXD8",0.169
6.26868910839879e-51,0.475715383041897,0.58,0.398,1.53614226601312e-46,"Activated_endothelial_SELE","RRAGA",0.182
6.60103307065016e-51,0.618820318573112,0.4,0.244,1.61758315396282e-46,"Activated_endothelial_SELE","PPP2CA",0.156
2.18941853969698e-50,0.739017261490912,0.285,0.152,5.36517013152744e-46,"Activated_endothelial_SELE","TNFRSF10B",0.133
3.9333478259514e-50,0.794683074360904,0.248,0.125,9.63866884749391e-46,"Activated_endothelial_SELE","CTD-3179P9.1",0.123
4.17362316256237e-50,1.03324383886187,0.174,0.074,1.02274635598591e-45,"Activated_endothelial_SELE","TMEM185B",0.1
4.39872493681567e-50,1.13270708003704,0.199,0.091,1.07790754576668e-45,"Activated_endothelial_SELE","TIFA",0.108
9.09663693063128e-50,0.957850893361067,0.223,0.108,2.2291308798512e-45,"Activated_endothelial_SELE","SERPINB9",0.115
1.24963976529758e-49,0.554609676112436,0.523,0.354,3.06224224486173e-45,"Activated_endothelial_SELE","VEZF1",0.169
1.32167204236534e-49,0.400779315703367,0.762,0.589,3.23875733981626e-45,"Activated_endothelial_SELE","HMGN3",0.173
1.50331140526041e-49,0.506568067251799,0.633,0.462,3.68386459859064e-45,"Activated_endothelial_SELE","PGRMC1",0.171
1.57884412534172e-49,1.01455535276967,0.202,0.094,3.86895752914988e-45,"Activated_endothelial_SELE","GNAI1",0.108
1.71695012045585e-49,0.77112222105594,0.317,0.18,4.20738627017706e-45,"Activated_endothelial_SELE","OTUD4",0.137
2.26386146420425e-49,0.544147528723668,0.419,0.257,5.5475925180325e-45,"Activated_endothelial_SELE","RASAL2",0.162
2.84388846915045e-49,0.479624715464866,0.725,0.566,6.96894869365317e-45,"Activated_endothelial_SELE","NFE2L2",0.159
3.3487367247023e-49,0.316028209305789,0.729,0.509,8.20607934388298e-45,"Activated_endothelial_SELE","GPM6A",0.22
3.89387553097368e-49,0.929098213993522,0.212,0.101,9.541941988651e-45,"Activated_endothelial_SELE","OAS3",0.111
5.67131001871873e-49,0.600230177551046,0.41,0.258,1.38975452008703e-44,"Activated_endothelial_SELE","WDR45B",0.152
6.3828965770873e-49,0.50353853866973,0.527,0.355,1.56412880621524e-44,"Activated_endothelial_SELE","KPNA4",0.172
7.39757269136388e-49,0.346309089892823,0.635,0.433,1.81277518801872e-44,"Activated_endothelial_SELE","IL1R1",0.202
1.181727549191e-48,0.949781841366209,0.276,0.151,2.89582335929254e-44,"Activated_endothelial_SELE","AP000769.1",0.125
1.28378628081557e-48,0.674851354460386,0.379,0.232,3.14591828113856e-44,"Activated_endothelial_SELE","SNRNP27",0.147
1.35973651346797e-48,0.566759077376628,0.456,0.295,3.33203432625327e-44,"Activated_endothelial_SELE","DYNLT3",0.161
1.59353333614524e-48,0.767558332786988,0.52,0.356,3.9049534402239e-44,"Activated_endothelial_SELE","ID2",0.164
1.67431932474492e-48,0.709872511205672,0.432,0.28,4.10291950528743e-44,"Activated_endothelial_SELE","SAP30",0.152
5.00980309138714e-48,0.871190713286103,0.296,0.166,1.22765224754442e-43,"Activated_endothelial_SELE","SLC20A1",0.13
7.36534473988634e-48,0.306066738089129,0.859,0.7,1.80487772850915e-43,"Activated_endothelial_SELE","SEPP1",0.159
8.49571943196343e-48,0.854678979885288,0.231,0.116,2.08187604680264e-43,"Activated_endothelial_SELE","U2AF1",0.115
9.07223526291841e-48,0.298001654097193,0.911,0.796,2.22315125117816e-43,"Activated_endothelial_SELE","PCBP2",0.115
1.06739934545069e-47,0.453641057917447,0.604,0.438,2.61566209602691e-43,"Activated_endothelial_SELE","KRR1",0.166
1.38245599225691e-47,0.596689107806859,0.394,0.242,3.38770840902555e-43,"Activated_endothelial_SELE","BCAS2",0.152
1.56996779046604e-47,0.575699937375655,0.393,0.241,3.84720607053703e-43,"Activated_endothelial_SELE","HS3ST1",0.152
2.12161963476677e-47,0.30957356350454,0.893,0.758,5.19902891499597e-43,"Activated_endothelial_SELE","YWHAE",0.135
3.03580508078646e-47,1.32659122787218,0.189,0.088,7.43924035046721e-43,"Activated_endothelial_SELE","ADM",0.101
5.06272321658515e-47,0.666534592754849,0.315,0.179,1.24062032422419e-42,"Activated_endothelial_SELE","ANKS1A",0.136
9.75794404186039e-47,0.553740465481361,0.357,0.209,2.39118418745789e-42,"Activated_endothelial_SELE","CTTNBP2",0.148
1.15405287063499e-46,0.376956429237961,0.875,0.751,2.82800655949104e-42,"Activated_endothelial_SELE","ANXA5",0.124
1.18223957635782e-46,0.34197998613321,0.825,0.655,2.89707808186484e-42,"Activated_endothelial_SELE","RTN4",0.17
1.35675167960593e-46,0.900313768777112,0.291,0.165,3.32471999087433e-42,"Activated_endothelial_SELE","TGIF1",0.126
1.60814539567445e-46,0.451630922500074,0.734,0.57,3.94076029210023e-42,"Activated_endothelial_SELE","NUDT4",0.164
5.20922777881256e-46,0.652242888872029,0.386,0.24,1.27652126719802e-41,"Activated_endothelial_SELE","ZNF451",0.146
5.71895770084876e-46,1.09001968692036,0.261,0.143,1.40143058459299e-41,"Activated_endothelial_SELE","LGALSL",0.118
5.97034338666319e-46,0.673105419620603,0.318,0.184,1.46303264690182e-41,"Activated_endothelial_SELE","RLF",0.134
7.47710126473536e-46,0.90221918946969,0.242,0.128,1.8322636649234e-41,"Activated_endothelial_SELE","LACTB",0.114
1.46214340549548e-45,0.530785429026005,0.514,0.353,3.58298241516667e-41,"Activated_endothelial_SELE","UBL3",0.161
1.55204316567499e-45,0.438687451203637,0.758,0.588,3.80328177748656e-41,"Activated_endothelial_SELE","RP11-382A20.3",0.17
2.34175727537842e-45,0.962777374647922,0.16,0.069,5.73847620331481e-41,"Activated_endothelial_SELE","POFUT2",0.091
3.5625518650012e-45,0.359516485929156,0.606,0.412,8.73003334518544e-41,"Activated_endothelial_SELE","MAOA",0.194
4.28204809408527e-45,0.915712662361836,0.221,0.112,1.0493158854556e-40,"Activated_endothelial_SELE","ING2",0.109
6.41795519469484e-45,0.420081360791519,0.729,0.567,1.57271992045997e-40,"Activated_endothelial_SELE","ARID4B",0.162
1.31369610258959e-44,0.809228299399363,0.622,0.485,3.21921229939578e-40,"Activated_endothelial_SELE","PDK4",0.137
2.65906253046947e-44,0.268243080694476,0.604,0.403,6.51603273091543e-40,"Activated_endothelial_SELE","CDH11",0.201
3.95236033114251e-44,0.271880364982695,0.919,0.813,9.68525899146472e-40,"Activated_endothelial_SELE","HNRNPK",0.106
4.20752921500477e-44,0.569559168413127,0.329,0.193,1.03105503413692e-39,"Activated_endothelial_SELE","AGAP3",0.136
4.51137849854924e-44,0.452856208804182,0.764,0.614,1.10551330106949e-39,"Activated_endothelial_SELE","NET1",0.15
4.78660435041653e-44,0.414699155924867,0.487,0.331,1.17295739606957e-39,"Activated_endothelial_SELE","THSD4",0.156
5.07527296597527e-44,0.898451650336698,0.208,0.103,1.24369564031224e-39,"Activated_endothelial_SELE","ZNRF3",0.105
5.69041911907909e-44,0.382583194739104,0.707,0.535,1.39443720513033e-39,"Activated_endothelial_SELE","SEC14L1",0.172
6.2970154919223e-44,0.73069036661656,0.262,0.143,1.54308364629556e-39,"Activated_endothelial_SELE","PTS",0.119
7.84466824092199e-44,0.39761289158871,0.679,0.498,1.92233595243793e-39,"Activated_endothelial_SELE","MDFIC",0.181
8.05862741131441e-44,1.07707164577485,0.195,0.095,1.9747666471426e-39,"Activated_endothelial_SELE","TUBB2A",0.1
1.57024869334448e-43,0.603867531584381,0.311,0.18,3.84789442304064e-39,"Activated_endothelial_SELE","GPCPD1",0.131
1.72656228186906e-43,0.862031787539852,0.182,0.084,4.23094087172012e-39,"Activated_endothelial_SELE","RGL1",0.098
1.74538651943949e-43,0.55182497486891,0.409,0.259,4.27706966588647e-39,"Activated_endothelial_SELE","TMEM88",0.15
2.09049915785858e-43,0.350273020348333,0.822,0.684,5.12276818633246e-39,"Activated_endothelial_SELE","MRFAP1",0.138
2.28594332061886e-43,0.45970136909039,0.532,0.367,5.60170410717651e-39,"Activated_endothelial_SELE","HSPA9",0.165
2.5950357982938e-43,0.557172622382737,0.438,0.286,6.35913522371896e-39,"Activated_endothelial_SELE","ARIH1",0.152
3.89351603777453e-43,0.564732848773193,0.294,0.166,9.54106105056649e-39,"Activated_endothelial_SELE","ECHDC2",0.128
4.09110231593577e-43,0.490552778931242,0.572,0.414,1.00252462252006e-38,"Activated_endothelial_SELE","COL4A3BP",0.158
4.48042512497323e-43,0.497595199327745,0.482,0.325,1.09792817687469e-38,"Activated_endothelial_SELE","PACSIN2",0.157
5.65351606813284e-43,0.455476587268,0.557,0.398,1.38539411249595e-38,"Activated_endothelial_SELE","HIPK2",0.159
6.23995657355847e-43,0.359750810434274,0.844,0.704,1.5291013583505e-38,"Activated_endothelial_SELE","HNRNPU",0.14
1.57060030763706e-42,0.932166682837497,0.204,0.102,3.84875605386461e-38,"Activated_endothelial_SELE","HSPA14",0.102
1.68401893929379e-42,0.683328495449188,0.255,0.138,4.12668841073943e-38,"Activated_endothelial_SELE","FEM1C",0.117
1.8977107879982e-42,0.595650165307593,0.312,0.182,4.65034028598959e-38,"Activated_endothelial_SELE","STARD3NL",0.13
3.09535214919733e-42,0.475875228029566,0.521,0.363,7.58516044160806e-38,"Activated_endothelial_SELE","TOX4",0.158
4.84985344601407e-42,0.51966965492316,0.46,0.306,1.18845658694575e-37,"Activated_endothelial_SELE","INPP1",0.154
5.89490037809655e-42,0.417926471379226,0.593,0.419,1.44454533765256e-37,"Activated_endothelial_SELE","FGFR1OP2",0.174
6.35979779348019e-42,0.685872685193478,0.312,0.185,1.55846844929232e-37,"Activated_endothelial_SELE","MED31",0.127
8.21048885918605e-42,0.599434182435556,0.313,0.184,2.01198029494354e-37,"Activated_endothelial_SELE","AKAP17A",0.129
8.25079668593713e-42,0.473624512664195,0.561,0.409,2.02185772788889e-37,"Activated_endothelial_SELE","FAM133B",0.152
8.84227958750389e-42,0.809662473596048,0.353,0.222,2.16680061291783e-37,"Activated_endothelial_SELE","FDX1",0.131
9.53528266457675e-42,1.12932082155211,0.151,0.066,2.33662101695453e-37,"Activated_endothelial_SELE","FAM155A",0.085
9.74132737919605e-42,0.285977116699238,0.917,0.816,2.38711227427199e-37,"Activated_endothelial_SELE","PRRC2C",0.101
1.35002340706276e-41,0.844706894019125,0.214,0.11,3.30823235900729e-37,"Activated_endothelial_SELE","SERPINE1",0.104
1.38057344955536e-41,0.634862166702163,0.365,0.23,3.3830952381354e-37,"Activated_endothelial_SELE","PTPN1",0.135
1.90679729227236e-41,0.508223096826626,0.445,0.295,4.67260676471342e-37,"Activated_endothelial_SELE","PURB",0.15
2.08484456995566e-41,0.557395294254992,0.357,0.219,5.10891161867635e-37,"Activated_endothelial_SELE","CD302",0.138
3.34809875731659e-41,0.567806128379962,0.342,0.209,8.20451600480429e-37,"Activated_endothelial_SELE","ZNF462",0.133
3.50205758876718e-41,0.622515908401116,0.282,0.16,8.58179212127398e-37,"Activated_endothelial_SELE","YTHDF3",0.122
4.89731238842537e-41,0.988020134815781,0.16,0.072,1.20008640078364e-36,"Activated_endothelial_SELE","BIN1",0.088
5.9889890616467e-41,0.455519684888056,0.528,0.368,1.46760176955652e-36,"Activated_endothelial_SELE","ARF4",0.16
6.69620703297338e-41,0.403418034642048,0.636,0.469,1.64090553343013e-36,"Activated_endothelial_SELE","HIPK3",0.167
6.95824320311537e-41,0.386015660965351,0.566,0.399,1.70511749692342e-36,"Activated_endothelial_SELE","FOXO1",0.167
9.5275628164215e-41,0.455785297662309,0.53,0.372,2.33472926816409e-36,"Activated_endothelial_SELE","EPB41L2",0.158
1.12528520548766e-40,0.370310324290649,0.755,0.597,2.75751139604751e-36,"Activated_endothelial_SELE","EIF1AX",0.158
1.2009250222524e-40,0.620833726676006,0.286,0.162,2.94286676702951e-36,"Activated_endothelial_SELE","DLL1",0.124
1.31527498338061e-40,0.314944857881105,0.849,0.711,3.22308134677418e-36,"Activated_endothelial_SELE","HNRNPC",0.138
1.44380331413954e-40,0.575755792772131,0.319,0.191,3.53804002129894e-36,"Activated_endothelial_SELE","CNOT1",0.128
1.47630343864506e-40,0.423951643932067,0.421,0.272,3.61768157639971e-36,"Activated_endothelial_SELE","ARRDC3",0.149
2.27035962555557e-40,0.531376906411271,0.307,0.18,5.56351626242394e-36,"Activated_endothelial_SELE","RFTN2",0.127
2.68266158806939e-40,1.1386203275291,0.155,0.07,6.57386222156405e-36,"Activated_endothelial_SELE","RNASEK",0.085
3.68564875862542e-40,0.346563757565681,0.725,0.564,9.03168228301159e-36,"Activated_endothelial_SELE","LDHB",0.161
4.1241592658029e-40,0.551965512968393,0.76,0.696,1.010625228085e-35,"Activated_endothelial_SELE","CFH",0.0640000000000001
4.28289907011314e-40,0.577006489163973,0.349,0.216,1.04952441713122e-35,"Activated_endothelial_SELE","MRPL47",0.133
6.09688681925179e-40,0.642699329928114,0.332,0.206,1.49404211505765e-35,"Activated_endothelial_SELE","CPEB4",0.126
7.00814484703938e-40,0.910432097649129,0.196,0.099,1.717345894767e-35,"Activated_endothelial_SELE","KCNT2",0.097
9.09169004763803e-40,0.826198575199259,0.354,0.229,2.2279186461737e-35,"Activated_endothelial_SELE","IFIT1",0.125
1.54129143433784e-39,0.483424178074001,0.385,0.245,3.77693465984489e-35,"Activated_endothelial_SELE","ZBED6",0.14
1.95683844246805e-39,0.473275814957603,0.562,0.409,4.79523260326797e-35,"Activated_endothelial_SELE","NUFIP2",0.153
2.63960245307901e-39,0.352373118845712,0.648,0.478,6.46834581127012e-35,"Activated_endothelial_SELE","PNPLA2",0.17
2.79691146999913e-39,0.468513483340258,0.558,0.402,6.85383155723288e-35,"Activated_endothelial_SELE","YME1L1",0.156
3.68413414851385e-39,0.689144291267414,0.229,0.122,9.02797073093319e-35,"Activated_endothelial_SELE","JARID2",0.107
4.07254741625677e-39,0.410775014037005,0.539,0.378,9.9797774435372e-35,"Activated_endothelial_SELE","UQCRFS1",0.161
4.39036673417286e-39,0.532174081674223,0.352,0.219,1.07585936820906e-34,"Activated_endothelial_SELE","RING1",0.133
6.85175625919976e-39,0.946969129398166,0.183,0.091,1.6790228713169e-34,"Activated_endothelial_SELE","NFKBIB",0.092
1.85185108504824e-38,0.530259617970486,0.437,0.296,4.53796108391071e-34,"Activated_endothelial_SELE","BAZ1A",0.141
2.18296521593547e-38,0.377685740457493,0.644,0.473,5.34935626164986e-34,"Activated_endothelial_SELE","SNTB2",0.171
2.41469081255664e-38,0.364021426933464,0.602,0.438,5.91719983617005e-34,"Activated_endothelial_SELE","CCND3",0.164
2.75459572213171e-38,0.545637308223508,0.405,0.269,6.75013681708376e-34,"Activated_endothelial_SELE","CFL2",0.136
4.15852206468642e-38,0.974793403410736,0.188,0.095,1.01904583195141e-33,"Activated_endothelial_SELE","GATA6",0.093
4.25746700926656e-38,0.918154287551573,0.171,0.082,1.04329229062077e-33,"Activated_endothelial_SELE","PVR",0.089
4.97383290746558e-38,0.564761368507036,0.448,0.314,1.21883775397444e-33,"Activated_endothelial_SELE","IFIT3",0.134
6.96783022564865e-38,0.551619839461069,0.345,0.214,1.7074667967952e-33,"Activated_endothelial_SELE","INO80C",0.131
8.0831847682066e-38,0.596674925261381,0.261,0.147,1.98078442744903e-33,"Activated_endothelial_SELE","LINC00936",0.114
9.4624647851747e-38,0.255219161507925,0.909,0.787,2.31877699560706e-33,"Activated_endothelial_SELE","HNRNPA3",0.122
1.80206630100455e-37,0.408865629601326,0.595,0.439,4.41596347061166e-33,"Activated_endothelial_SELE","ATP2B1",0.156
2.35359612099141e-37,0.984860935196801,0.17,0.083,5.76748729448945e-33,"Activated_endothelial_SELE","TTC32",0.087
2.66026087438553e-37,0.4773000691779,0.362,0.229,6.51896927268173e-33,"Activated_endothelial_SELE","BCL7B",0.133
2.84667227743896e-37,0.736109679086589,0.191,0.097,6.97577041586417e-33,"Activated_endothelial_SELE","ADNP2",0.094
4.40276450389271e-37,0.253671692198834,0.905,0.783,1.07889744167891e-32,"Activated_endothelial_SELE","TMEM59",0.122
5.07018230763288e-37,0.721746870868992,0.246,0.139,1.24244817448544e-32,"Activated_endothelial_SELE","PDXK",0.107
6.0706872441165e-37,1.00377690085327,0.177,0.089,1.48762190917075e-32,"Activated_endothelial_SELE","TNFAIP8L3",0.088
6.83762368970453e-37,0.465026078788545,0.573,0.418,1.67555968516209e-32,"Activated_endothelial_SELE","RB1CC1",0.155
7.886430142033e-37,0.705387572421628,0.237,0.131,1.93256970630519e-32,"Activated_endothelial_SELE","HDAC9",0.106
8.26796102352629e-37,0.246674854179775,0.931,0.855,2.02606384881512e-32,"Activated_endothelial_SELE","EIF3E",0.0760000000000001
9.24120808938919e-37,0.567692630273345,0.454,0.311,2.26455804230482e-32,"Activated_endothelial_SELE","GABARAPL1",0.143
9.49742266009415e-37,0.48159913074182,0.5,0.359,2.32734342285607e-32,"Activated_endothelial_SELE","SERPINH1",0.141
1.09624808394365e-36,0.232599090505442,0.876,0.672,2.68635592970392e-32,"Activated_endothelial_SELE","RAMP3",0.204
1.1180172107935e-36,0.272416491793553,0.87,0.732,2.73970117504948e-32,"Activated_endothelial_SELE","NFIA",0.138
1.97811719811574e-36,0.529153321245219,0.954,0.893,4.84737619398261e-32,"Activated_endothelial_SELE","TIMP1",0.0609999999999999
2.34393082454872e-36,0.480029588566811,0.393,0.259,5.74380248555664e-32,"Activated_endothelial_SELE","AGO2",0.134
2.66427372815746e-36,0.558581879135643,0.374,0.246,6.52880277084985e-32,"Activated_endothelial_SELE","PPP1R18",0.128
2.85923459914984e-36,0.690324833633829,0.244,0.138,7.00655438521668e-32,"Activated_endothelial_SELE","ZBTB43",0.106
3.07752739585387e-36,0.760717370164627,0.192,0.098,7.54148088353992e-32,"Activated_endothelial_SELE","CERS6",0.094
4.50619286807201e-36,0.341530341795657,0.703,0.542,1.10424256232105e-31,"Activated_endothelial_SELE","IGFBP2",0.161
6.07246480782371e-36,0.692985485878156,0.218,0.118,1.4880575011572e-31,"Activated_endothelial_SELE","LMBR1L",0.1
9.41335009159505e-36,0.474833098509722,0.334,0.208,2.30674143994537e-31,"Activated_endothelial_SELE","TAF11",0.126
9.72394213996755e-36,0.873174677435476,0.247,0.144,2.38285202139905e-31,"Activated_endothelial_SELE","PHLDA1",0.103
9.9553341418697e-36,0.494230390581785,0.379,0.247,2.43955463146517e-31,"Activated_endothelial_SELE","GLTP",0.132
1.2168402649221e-35,0.266649110583967,0.88,0.771,2.9818670691916e-31,"Activated_endothelial_SELE","RDX",0.109
1.36307790339714e-35,0.421744350794534,0.411,0.273,3.34022240227468e-31,"Activated_endothelial_SELE","PPHLN1",0.138
1.63537956675276e-35,0.629319756260704,0.276,0.164,4.00749762832764e-31,"Activated_endothelial_SELE","AKIRIN2",0.112
1.68204246131526e-35,0.550205784950337,0.333,0.21,4.12184505145306e-31,"Activated_endothelial_SELE","NRIP1",0.123
2.25401065257317e-35,0.580956972582982,0.339,0.215,5.52345310413055e-31,"Activated_endothelial_SELE","NINJ1",0.124
2.75059272656435e-35,0.257861575012892,0.915,0.815,6.74032747644595e-31,"Activated_endothelial_SELE","RAB11A",0.1
3.05859760856235e-35,0.240989638111233,0.764,0.58,7.49509343978204e-31,"Activated_endothelial_SELE","MARCKSL1",0.184
5.13355750525682e-35,0.565994964124043,0.274,0.162,1.25797826666318e-30,"Activated_endothelial_SELE","PPP3R1",0.112
7.49663054534427e-35,0.487527447971477,0.502,0.359,1.83704931513661e-30,"Activated_endothelial_SELE","SLC38A2",0.143
1.36241595236374e-34,0.327319331321513,0.471,0.317,3.33860029126735e-30,"Activated_endothelial_SELE","FAM13C",0.154
1.48761519122488e-34,0.404890188669824,0.634,0.492,3.64540102609656e-30,"Activated_endothelial_SELE","SRSF4",0.142
1.56067667594774e-34,0.37734057498475,0.628,0.476,3.82443819440994e-30,"Activated_endothelial_SELE","SRSF2",0.152
1.69751310586899e-34,0.423013236073296,0.515,0.373,4.15975586593197e-30,"Activated_endothelial_SELE","CEBPZ",0.142
1.77004831433822e-34,0.257755108198282,0.893,0.759,4.33750339428581e-30,"Activated_endothelial_SELE","CAV2",0.134
2.53724474998903e-34,0.504684370551047,0.366,0.241,6.21751825984813e-30,"Activated_endothelial_SELE","CDK9",0.125
3.46512936617239e-34,0.636683048257296,0.258,0.152,8.49129951180544e-30,"Activated_endothelial_SELE","TUSC3",0.106
4.93191095714494e-34,0.657557698343753,0.184,0.095,1.20856478004837e-29,"Activated_endothelial_SELE","OBSL1",0.089
4.98840005684676e-34,0.411670922129064,0.457,0.315,1.2224074339303e-29,"Activated_endothelial_SELE","SRSF6",0.142
5.47614881188652e-34,0.43230002286992,0.43,0.292,1.34193026635279e-29,"Activated_endothelial_SELE","AAED1",0.138
5.65484786020078e-34,0.2718260230914,0.867,0.74,1.3857204681422e-29,"Activated_endothelial_SELE","EIF4G2",0.127
6.01840311482285e-34,0.720348499876283,0.257,0.151,1.47480968328734e-29,"Activated_endothelial_SELE","CBR3",0.106
6.38874444077536e-34,0.286177994842371,0.819,0.667,1.565561825212e-29,"Activated_endothelial_SELE","ANAPC16",0.152
7.03446787601892e-34,0.539628922370382,0.294,0.181,1.72379635301844e-29,"Activated_endothelial_SELE","ISYNA1",0.113
7.58322035351449e-34,0.492687219101498,0.344,0.221,1.85826814762873e-29,"Activated_endothelial_SELE","SLC25A29",0.123
8.35908593022936e-34,0.67610942000818,0.223,0.125,2.0483940072027e-29,"Activated_endothelial_SELE","BTBD3",0.098
8.86001560013783e-34,0.432083277837085,0.337,0.212,2.17114682281377e-29,"Activated_endothelial_SELE","NR1D2",0.125
9.9293230941429e-34,0.214951655148163,0.991,0.961,2.43318062421972e-29,"Activated_endothelial_SELE","RPS20",0.03
1.00209991498229e-33,0.269401900886608,0.846,0.713,2.45564584166411e-29,"Activated_endothelial_SELE","SRSF3",0.133
1.08116581943987e-33,0.517489482355804,0.403,0.273,2.6493968405374e-29,"Activated_endothelial_SELE","VMP1",0.13
1.26060134428284e-33,0.673420590743987,0.247,0.144,3.08910359416509e-29,"Activated_endothelial_SELE","CCZ1",0.103
1.38009928102803e-33,0.474385878855899,0.353,0.227,3.3819332881592e-29,"Activated_endothelial_SELE","CKLF",0.126
1.44350056515114e-33,0.304193282527394,0.599,0.434,3.53729813490287e-29,"Activated_endothelial_SELE","ATP5G3",0.165
1.49271245160448e-33,0.89422785903163,0.15,0.072,3.65789186265679e-29,"Activated_endothelial_SELE","KLF16",0.078
1.49381403854283e-33,0.452788574796249,0.383,0.254,3.66059130144919e-29,"Activated_endothelial_SELE","BIRC2",0.129
4.00293148092958e-33,0.791571535370429,0.233,0.135,9.80918359401793e-29,"Activated_endothelial_SELE","TOR3A",0.098
5.52606532547422e-33,0.435218777925317,0.344,0.22,1.35416230800746e-28,"Activated_endothelial_SELE","PTPRK",0.124
6.59510638285736e-33,0.753848258950864,0.205,0.113,1.6161308191192e-28,"Activated_endothelial_SELE","USP36",0.092
1.27873093379488e-32,0.446332344335706,0.294,0.178,3.13353015326436e-28,"Activated_endothelial_SELE","RAPGEF4",0.116
1.3970547932728e-32,0.403752531531056,0.507,0.364,3.423482770915e-28,"Activated_endothelial_SELE","BAG5",0.143
1.65460219868964e-32,0.296737082089832,0.743,0.598,4.05460268788896e-28,"Activated_endothelial_SELE","PMP22",0.145
2.28242701944954e-32,0.31533396006302,0.68,0.532,5.5930874111611e-28,"Activated_endothelial_SELE","BBX",0.148
2.55352043297522e-32,0.707823269385921,0.233,0.135,6.25740182100579e-28,"Activated_endothelial_SELE","MLKL",0.098
4.64427293623498e-32,0.684606445112878,0.197,0.107,1.13807908302438e-27,"Activated_endothelial_SELE","GPR4",0.09
4.84888338494679e-32,0.716548631003562,0.182,0.096,1.18821887348121e-27,"Activated_endothelial_SELE","RBMXL1",0.086
7.73581042884242e-32,0.323382601553911,0.678,0.525,1.89566034558783e-27,"Activated_endothelial_SELE","RAP1A",0.153
8.63396282419968e-32,0.418963234348236,0.507,0.366,2.11575259007013e-27,"Activated_endothelial_SELE","YES1",0.141
1.05797493264484e-31,0.538094304692409,0.285,0.175,2.59256757244617e-27,"Activated_endothelial_SELE","HOTAIRM1",0.11
1.15092153422919e-31,0.948835722904465,0.177,0.094,2.82033321962864e-27,"Activated_endothelial_SELE","ZNF503",0.083
1.15405362124165e-31,0.723312439096602,0.181,0.096,2.82800839885268e-27,"Activated_endothelial_SELE","JMJD6",0.085
1.17465111002573e-31,0.241269882218806,0.952,0.872,2.87848254511805e-27,"Activated_endothelial_SELE","UBB",0.08
1.46393114309921e-31,0.227018843680982,0.786,0.607,3.58736326616461e-27,"Activated_endothelial_SELE","TGFBR3",0.179
1.86857260380679e-31,0.376186978419908,0.523,0.379,4.57893716562855e-27,"Activated_endothelial_SELE","FOXN3",0.144
1.99715540580862e-31,0.241904242701682,0.824,0.684,4.89402932193403e-27,"Activated_endothelial_SELE","LDB2",0.14
2.06642566411303e-31,0.399498221142108,0.46,0.326,5.06377608990898e-27,"Activated_endothelial_SELE","UBALD2",0.134
2.47636280437035e-31,0.581686956914694,0.338,0.224,6.06832705210955e-27,"Activated_endothelial_SELE","ZBTB10",0.114
3.46609930496777e-31,0.538322206082604,0.316,0.204,8.49367634682351e-27,"Activated_endothelial_SELE","CHRAC1",0.112
3.4699277913049e-31,0.458836748767402,0.365,0.243,8.50305805259266e-27,"Activated_endothelial_SELE","TSPYL1",0.122
3.63617572321286e-31,0.633805780348964,0.223,0.128,8.91044860973312e-27,"Activated_endothelial_SELE","RNF138",0.095
8.1256361393489e-31,0.267239344755202,0.899,0.779,1.99118713594745e-26,"Activated_endothelial_SELE","SET",0.12
1.00441691021933e-30,0.524017435513076,0.237,0.138,2.46132363849246e-26,"Activated_endothelial_SELE","SUSD6",0.099
1.23861609891322e-30,0.318113955723419,0.548,0.404,3.03522875038684e-26,"Activated_endothelial_SELE","SVIP",0.144
1.29122326755364e-30,0.361910865539829,0.422,0.289,3.16414261714019e-26,"Activated_endothelial_SELE","PML",0.133
2.26521284441847e-30,0.893589340639751,0.154,0.078,5.55090407524745e-26,"Activated_endothelial_SELE","ABHD17B",0.076
2.27909500079068e-30,0.486647451704757,0.38,0.261,5.58492229943756e-26,"Activated_endothelial_SELE","DYNLL2",0.119
2.49516667467805e-30,0.679133599238592,0.314,0.208,6.11440593629856e-26,"Activated_endothelial_SELE","CREM",0.106
2.63222013319293e-30,0.452400229522355,0.379,0.259,6.45025543638928e-26,"Activated_endothelial_SELE","CHMP4B",0.12
2.98385973791096e-30,0.36031649979668,0.449,0.315,7.3119482877508e-26,"Activated_endothelial_SELE","TCF7L2",0.134
3.11085896404397e-30,0.317957379371813,0.628,0.481,7.62315989138975e-26,"Activated_endothelial_SELE","PTP4A2",0.147
3.6983685133173e-30,0.446979127656278,0.39,0.266,9.06285204188405e-26,"Activated_endothelial_SELE","ZNF800",0.124
4.17760795990962e-30,0.503111128040448,0.3,0.191,1.02372283057585e-25,"Activated_endothelial_SELE","TRIP10",0.109
4.3561994378082e-30,0.597708253551761,0.214,0.121,1.0674866722349e-25,"Activated_endothelial_SELE","GPRASP1",0.093
7.47622452132027e-30,0.389618728900064,0.458,0.323,1.83204881894953e-25,"Activated_endothelial_SELE","SLC40A1",0.135
7.5824948726557e-30,0.315759916322838,0.703,0.548,1.85809036854428e-25,"Activated_endothelial_SELE","HNRNPH3",0.155
1.09736909194254e-29,0.379674653388857,0.349,0.229,2.6891029598052e-25,"Activated_endothelial_SELE","CRACR2B",0.12
1.56857563070024e-29,0.36286174485141,0.502,0.365,3.84379458303093e-25,"Activated_endothelial_SELE","NR1H2",0.137
1.61222682786314e-29,0.305231709763959,0.829,0.698,3.95076184167862e-25,"Activated_endothelial_SELE","WWTR1",0.131
1.86912159105383e-29,0.254794865629719,0.897,0.79,4.58028245887742e-25,"Activated_endothelial_SELE","FOXP1",0.107
2.32540552291054e-29,0.381359626212438,0.479,0.342,5.69840623389228e-25,"Activated_endothelial_SELE","PIM3",0.137
3.05736212612745e-29,0.48908295456528,0.343,0.23,7.49206589007532e-25,"Activated_endothelial_SELE","DDX27",0.113
3.19184582971056e-29,0.284392947561501,0.679,0.53,7.82161820570573e-25,"Activated_endothelial_SELE","ARHGDIA",0.149
4.3434068611684e-29,0.539920547640993,0.262,0.162,1.06435185132932e-24,"Activated_endothelial_SELE","ZNF281",0.1
4.77122357506505e-29,0.260115750823038,0.833,0.687,1.16918833706969e-24,"Activated_endothelial_SELE","RPL17",0.146
1.00573680832655e-28,0.443053279223813,0.369,0.251,2.46455804880421e-24,"Activated_endothelial_SELE","MAP3K13",0.118
1.09051313139586e-28,0.524088347221922,0.282,0.178,2.67230242848555e-24,"Activated_endothelial_SELE","BACH1",0.104
1.20640226391546e-28,0.352659245857612,0.399,0.273,2.95628874772483e-24,"Activated_endothelial_SELE","CLDND1",0.126
1.50730559872639e-28,0.597760723367813,0.263,0.163,3.69365236967901e-24,"Activated_endothelial_SELE","BEX5",0.1
1.61448384558465e-28,0.575355381432835,0.232,0.14,3.95629266360519e-24,"Activated_endothelial_SELE","CHPT1",0.092
1.62677135858858e-28,0.550196185150561,0.279,0.176,3.98640321422131e-24,"Activated_endothelial_SELE","MTX1",0.103
1.70668175855452e-28,0.255890308375833,0.498,0.346,4.18222364933785e-24,"Activated_endothelial_SELE","GMFG",0.152
1.72194939222246e-28,0.289684759626573,0.836,0.71,4.21963698564114e-24,"Activated_endothelial_SELE","CDC37",0.126
1.9088663421917e-28,0.349631827569998,0.626,0.49,4.67767697154075e-24,"Activated_endothelial_SELE","EIF5A",0.136
2.5194125291829e-28,0.310038790513332,0.627,0.487,6.1738204027627e-24,"Activated_endothelial_SELE","CAMLG",0.14
2.81618006916145e-28,0.362936447610356,0.31,0.199,6.90104925948013e-24,"Activated_endothelial_SELE","AMFR",0.111
2.88431416448858e-28,0.359334713866031,0.353,0.235,7.06801186007926e-24,"Activated_endothelial_SELE","ANKRD10",0.118
3.13747550459475e-28,0.33204281404988,0.376,0.252,7.68838372400943e-24,"Activated_endothelial_SELE","EBF1",0.124
3.65164619715784e-28,0.617808931790988,0.252,0.157,8.94835900613528e-24,"Activated_endothelial_SELE","IFIT5",0.095
3.84062853094918e-28,0.280369482005338,0.767,0.62,9.41146021509095e-24,"Activated_endothelial_SELE","KHDRBS1",0.147
5.51735486705e-28,0.405951232252915,0.421,0.298,1.3520278101706e-23,"Activated_endothelial_SELE","RELA",0.123
5.549839970874e-28,0.622469313676537,0.258,0.161,1.35998828486267e-23,"Activated_endothelial_SELE","CCNT1",0.097
6.2043298676167e-28,0.643977221242536,0.197,0.112,1.52037103405947e-23,"Activated_endothelial_SELE","BEX2",0.085
6.92391064103289e-28,0.47601663952455,0.303,0.197,1.69670430258511e-23,"Activated_endothelial_SELE","SRP19",0.106
7.95413594632146e-28,0.576536544365532,0.208,0.121,1.94916101364607e-23,"Activated_endothelial_SELE","KCTD9",0.087
8.43562205398209e-28,0.275557820684147,0.621,0.476,2.06714918432831e-23,"Activated_endothelial_SELE","SUMO1",0.145
8.81995311669913e-28,0.603136520612737,0.187,0.105,2.16132951124712e-23,"Activated_endothelial_SELE","FOXJ2",0.082
9.55918243408722e-28,0.25747850245069,0.535,0.384,2.34247765547307e-23,"Activated_endothelial_SELE","SPINT2",0.151
1.10230244484437e-27,0.719947022188834,0.191,0.108,2.70119214109113e-23,"Activated_endothelial_SELE","ALKBH2",0.083
1.12263470767769e-27,0.691816018238521,0.179,0.1,2.75101635116417e-23,"Activated_endothelial_SELE","USP38",0.079
1.2544728865112e-27,0.37583494444621,0.358,0.24,3.07408580839569e-23,"Activated_endothelial_SELE","PIGP",0.118
1.68462770127229e-27,0.570050178997473,0.234,0.142,4.12818018196775e-23,"Activated_endothelial_SELE","ATXN7",0.092
1.89406194576462e-27,0.343074254644012,0.435,0.305,4.6413987980962e-23,"Activated_endothelial_SELE","ITGA2",0.13
4.72818745076534e-27,0.472416177272513,0.291,0.188,1.15864233481005e-22,"Activated_endothelial_SELE","PLEKHB2",0.103
5.6524877102946e-27,0.34169438526884,0.176,0.256,1.38514211340769e-22,"Activated_endothelial_SELE","HBB",-0.08
5.86057629226322e-27,0.62087095699552,0.23,0.141,1.4361342204191e-22,"Activated_endothelial_SELE","PGM2",0.089
6.5856420220778e-27,0.351217147711092,0.52,0.393,1.61381157751016e-22,"Activated_endothelial_SELE","UFM1",0.127
6.90043362771538e-27,0.688409290588878,0.176,0.098,1.69095126047165e-22,"Activated_endothelial_SELE","FRMD8",0.078
1.00585145309534e-26,0.270467920534226,0.37,0.246,2.46483898581014e-22,"Activated_endothelial_SELE","SMOC1",0.124
1.04442358232394e-26,0.225910944233901,0.547,0.409,2.55935998848482e-22,"Activated_endothelial_SELE","GALNT1",0.138
1.39414382056252e-26,0.363256978455495,0.35,0.235,3.41634943228845e-22,"Activated_endothelial_SELE","TMEM170A",0.115
1.66098126578954e-26,0.414407121707056,0.299,0.194,4.07023459181726e-22,"Activated_endothelial_SELE","DCXR",0.105
1.71414373188441e-26,0.527045820783227,0.293,0.191,4.20050921498276e-22,"Activated_endothelial_SELE","DDR2",0.102
1.99716579034436e-26,0.773454989493398,0.175,0.099,4.89405476923885e-22,"Activated_endothelial_SELE","PLA2G4A",0.076
2.42310387677266e-26,0.528190383062164,0.279,0.179,5.9378160500314e-22,"Activated_endothelial_SELE","KIF22",0.1
3.13972705388757e-26,0.498942788491716,0.294,0.194,7.69390114555149e-22,"Activated_endothelial_SELE","IL4R",0.1
3.6850579372609e-26,0.577541390359586,0.213,0.129,9.03023447525784e-22,"Activated_endothelial_SELE","VCAM1",0.084
3.84461640167929e-26,0.625881176656685,0.252,0.16,9.42123249231509e-22,"Activated_endothelial_SELE","SNAPC1",0.092
4.20429687665393e-26,0.592250575105819,0.189,0.109,1.03026294962405e-21,"Activated_endothelial_SELE","RAB33B",0.08
4.61196754246338e-26,0.570201377361958,0.173,0.095,1.13016264628065e-21,"Activated_endothelial_SELE","IGSF8",0.078
5.1304228080731e-26,0.295073087850007,0.675,0.547,1.25721010911831e-21,"Activated_endothelial_SELE","CRIM1",0.128
6.15565825185114e-26,0.260154430765256,0.801,0.684,1.50844405461612e-21,"Activated_endothelial_SELE","C4orf3",0.117
6.58497202708412e-26,0.369906788829645,0.474,0.348,1.61364739523696e-21,"Activated_endothelial_SELE","CHD1",0.126
6.67623604558551e-26,0.309130711530377,0.458,0.33,1.63601164297073e-21,"Activated_endothelial_SELE","RGL2",0.128
9.71423828587389e-26,0.53043272920398,0.256,0.163,2.3804740919534e-21,"Activated_endothelial_SELE","TMED5",0.093
1.01505227439363e-25,0.230150920438914,0.722,0.58,2.48738559840158e-21,"Activated_endothelial_SELE","HMGN1",0.142
1.14020840976207e-25,0.790342962564595,0.183,0.106,2.79408070812194e-21,"Activated_endothelial_SELE","ALCAM",0.077
1.31149691535095e-25,0.226270933653432,0.72,0.564,3.21382319106749e-21,"Activated_endothelial_SELE","FAM198B",0.156
1.49033695422366e-25,0.477279601644751,0.261,0.166,3.65207070632507e-21,"Activated_endothelial_SELE","PPP5C",0.095
1.5878361633906e-25,0.278399003151871,0.74,0.596,3.89099251838867e-21,"Activated_endothelial_SELE","TMEM123",0.144
1.83967817168371e-25,0.22236254908875,0.97,0.931,4.50813135971093e-21,"Activated_endothelial_SELE","RPS17",0.0389999999999999
1.90847495825134e-25,0.332085741074799,0.436,0.309,4.67671788519491e-21,"Activated_endothelial_SELE","CASKIN2",0.127
1.9248492798742e-25,0.316176257585899,0.425,0.299,4.71684316033173e-21,"Activated_endothelial_SELE","SH3BGRL2",0.126
1.96563624276333e-25,0.332822567774519,0.445,0.323,4.81679161289154e-21,"Activated_endothelial_SELE","SAV1",0.122
2.5100339136215e-25,0.314247525058001,0.461,0.335,6.15083810532948e-21,"Activated_endothelial_SELE","EGLN2",0.126
2.7271231718468e-25,0.437399198397261,0.339,0.232,6.68281533261059e-21,"Activated_endothelial_SELE","BCL10",0.107
2.7626421428381e-25,0.509677342638476,0.258,0.165,6.76985457102477e-21,"Activated_endothelial_SELE","CHIC2",0.093
3.9393261943267e-25,0.786527849241351,0.162,0.09,9.65331883919757e-21,"Activated_endothelial_SELE","TRMT6",0.072
3.98496098623319e-25,0.375560415104159,0.38,0.265,9.76514689676444e-21,"Activated_endothelial_SELE","SMNDC1",0.115
4.0022310375299e-25,0.467920792646734,0.294,0.195,9.80746715746701e-21,"Activated_endothelial_SELE","RP11-553L6.5",0.099
4.88705524194779e-25,0.267635758001161,0.689,0.544,1.19757288703931e-20,"Activated_endothelial_SELE","PTPN12",0.145
5.22865971043774e-25,0.291595784110222,0.53,0.395,1.28128306204277e-20,"Activated_endothelial_SELE","EPC1",0.135
5.48733550056704e-25,0.346776793687972,0.395,0.277,1.34467156441395e-20,"Activated_endothelial_SELE","DEGS1",0.118
5.62137032761246e-25,0.341812945564162,0.686,0.563,1.37751679878143e-20,"Activated_endothelial_SELE","LIFR",0.123
6.19997534958524e-25,0.461482537660688,0.297,0.197,1.51930395941586e-20,"Activated_endothelial_SELE","FAM174A",0.1
9.08107826531783e-25,0.242499123646738,0.652,0.505,2.22531822891613e-20,"Activated_endothelial_SELE","SRSF10",0.147
1.01801673030951e-24,0.379545399483398,0.267,0.168,2.49464999762345e-20,"Activated_endothelial_SELE","HAPLN3",0.099
1.56322902200434e-24,0.473585222893566,0.933,0.868,3.83069271842163e-20,"Activated_endothelial_SELE","DUSP1",0.0650000000000001
1.68158302044331e-24,0.452170178219845,0.312,0.211,4.12071919159634e-20,"Activated_endothelial_SELE","SRA1",0.101
1.80848321855873e-24,0.454603332406445,0.262,0.167,4.43168812707816e-20,"Activated_endothelial_SELE","ZNF608",0.095
1.85546967187447e-24,0.21673605164099,0.932,0.833,4.5468284309284e-20,"Activated_endothelial_SELE","NCL",0.0990000000000001
2.01972303188996e-24,0.293567301033794,0.482,0.352,4.94933128964635e-20,"Activated_endothelial_SELE","AUP1",0.13
2.35787316502519e-24,0.722834395844175,0.201,0.122,5.77796819089422e-20,"Activated_endothelial_SELE","TXLNG",0.079
2.55045141125217e-24,0.301574611469799,0.556,0.425,6.24988118327344e-20,"Activated_endothelial_SELE","VIMP",0.131
2.69544892654879e-24,0.290083740894044,0.46,0.332,6.60519759450781e-20,"Activated_endothelial_SELE","WBP11",0.128
2.90171218920971e-24,0.6160599822271,0.232,0.148,7.1106457196584e-20,"Activated_endothelial_SELE","PPP1R9A",0.084
3.13898562420849e-24,0.4099099051671,0.266,0.172,7.69208427212292e-20,"Activated_endothelial_SELE","TEAD2",0.094
3.33767084783596e-24,0.421934655530124,0.362,0.256,8.17896241262203e-20,"Activated_endothelial_SELE","TRMT10C",0.106
3.37784141845796e-24,0.432235785717911,0.354,0.248,8.27740039593123e-20,"Activated_endothelial_SELE","EIF4A3",0.106
3.86421747138841e-24,0.324524799766719,0.55,0.424,9.4692649136373e-20,"Activated_endothelial_SELE","GGNBP2",0.126
4.05280756539789e-24,0.245203622809417,0.662,0.517,9.93140493900752e-20,"Activated_endothelial_SELE","ENAH",0.145
8.51193252115175e-24,0.241472645435746,0.547,0.407,2.08584906430824e-19,"Activated_endothelial_SELE","CFI",0.14
8.74404888675414e-24,0.664269053814804,0.177,0.104,2.1427291796991e-19,"Activated_endothelial_SELE","USP13",0.073
8.9492405400965e-24,0.489182755368077,0.296,0.198,2.19301139435065e-19,"Activated_endothelial_SELE","CEBPB",0.098
1.00972014391998e-23,0.231841779525016,0.723,0.572,2.4743192126759e-19,"Activated_endothelial_SELE","SRSF9",0.151
1.1349362005299e-23,0.296174102862958,0.632,0.501,2.78116115939853e-19,"Activated_endothelial_SELE","MAGED2",0.131
1.30240684434937e-23,0.336987271840834,0.452,0.333,3.19154797207813e-19,"Activated_endothelial_SELE","MXI1",0.119
1.33527393634298e-23,0.539954591609848,0.229,0.144,3.27208878100846e-19,"Activated_endothelial_SELE","OSER1",0.085
1.49206761441559e-23,0.301334527729462,0.468,0.345,3.65631168912541e-19,"Activated_endothelial_SELE","SELT",0.123
1.75346367022391e-23,0.274237150521595,0.472,0.347,4.29686272388369e-19,"Activated_endothelial_SELE","PUF60",0.125
2.03146162097078e-23,0.432951633985617,0.263,0.171,4.97809670218889e-19,"Activated_endothelial_SELE","HERPUD2",0.092
2.10314923227885e-23,0.458986448661102,0.271,0.177,5.15376719369933e-19,"Activated_endothelial_SELE","PLPP5",0.094
2.13142018624956e-23,0.269168949583012,0.624,0.485,5.22304516640456e-19,"Activated_endothelial_SELE","GINM1",0.139
2.23337312428088e-23,0.34346472334223,0.348,0.238,5.47288084105029e-19,"Activated_endothelial_SELE","LY96",0.11
2.54658997412261e-23,0.527948905384097,0.239,0.153,6.24041873158745e-19,"Activated_endothelial_SELE","NUP58",0.086
2.76878326615619e-23,0.222963612085984,0.77,0.642,6.78490339371575e-19,"Activated_endothelial_SELE","BCAP31",0.128
2.88315828318716e-23,0.499762050720791,0.248,0.159,7.06517937295014e-19,"Activated_endothelial_SELE","PLOD2",0.089
3.49275369137844e-23,0.376355785876003,0.445,0.329,8.55899292072286e-19,"Activated_endothelial_SELE","ARFGAP3",0.116
4.70079776861184e-23,0.323027136585916,0.331,0.225,1.15193049319833e-18,"Activated_endothelial_SELE","ITSN1",0.106
5.84477921987716e-23,0.238428627322542,0.742,0.6,1.4322631478309e-18,"Activated_endothelial_SELE","KIF5B",0.142
6.19308621006468e-23,0.410391474521942,0.309,0.211,1.51761577577635e-18,"Activated_endothelial_SELE","UBE2A",0.098
6.31260898015104e-23,0.451419970861065,0.205,0.125,1.54690483058601e-18,"Activated_endothelial_SELE","ROBO3",0.08
8.58386496568827e-23,0.497454503158746,0.196,0.118,2.10347610984191e-18,"Activated_endothelial_SELE","B4GALT3",0.078
9.01179981384854e-23,0.5064026465864,0.221,0.138,2.20834154438358e-18,"Activated_endothelial_SELE","UNG",0.083
9.63612520816644e-23,0.705727157031873,0.181,0.109,2.36133248226119e-18,"Activated_endothelial_SELE","ZBTB21",0.072
1.00984019331809e-22,0.614980729984311,0.18,0.107,2.47461339372597e-18,"Activated_endothelial_SELE","SENCR",0.073
1.09309332626533e-22,0.396418277887685,0.265,0.174,2.67862519601319e-18,"Activated_endothelial_SELE","SLC22A17",0.091
1.13477368111051e-22,0.559240162660191,0.169,0.097,2.78076290556131e-18,"Activated_endothelial_SELE","MYNN",0.072
1.1636027471101e-22,0.375492309875502,0.358,0.254,2.85140853179331e-18,"Activated_endothelial_SELE","NANS",0.104
1.2219825376306e-22,0.223977283433116,0.664,0.525,2.99446820846378e-18,"Activated_endothelial_SELE","PAPOLA",0.139
1.34223759136291e-22,0.217076377341871,0.741,0.605,3.28915321763481e-18,"Activated_endothelial_SELE","RAN",0.136
1.34339531950803e-22,0.362137508790982,0.357,0.254,3.29199023045443e-18,"Activated_endothelial_SELE","CYTH2",0.103
1.44709788243128e-22,0.384575424445348,0.329,0.229,3.54611336089786e-18,"Activated_endothelial_SELE","IFI44",0.1
1.45561589966954e-22,0.250783069478234,0.669,0.535,3.56698676214022e-18,"Activated_endothelial_SELE","CAP1",0.134
1.72061950121111e-22,0.296884745915714,0.429,0.313,4.21637808771782e-18,"Activated_endothelial_SELE","ICA1",0.116
1.76172906603128e-22,0.244471458106363,0.626,0.487,4.31711707630964e-18,"Activated_endothelial_SELE","RHEB",0.139
2.42991932194891e-22,0.523418528403847,0.223,0.142,5.95451729843581e-18,"Activated_endothelial_SELE","PER3",0.081
2.50249866807858e-22,0.252187561296048,0.61,0.477,6.13237298612656e-18,"Activated_endothelial_SELE","METAP2",0.133
2.82965055320775e-22,0.378493332610211,0.314,0.217,6.93405868063558e-18,"Activated_endothelial_SELE","GOLPH3",0.097
3.18019055142302e-22,0.317465487321215,0.41,0.296,7.79305694626211e-18,"Activated_endothelial_SELE","PTPRE",0.114
3.89784796353055e-22,0.366839438589378,0.344,0.244,9.55167643463162e-18,"Activated_endothelial_SELE","RAPH1",0.1
4.79001314363086e-22,0.332767756726204,0.366,0.26,1.17379272084674e-17,"Activated_endothelial_SELE","NT5E",0.106
5.1142434378066e-22,0.319989235167913,0.359,0.253,1.25324535443451e-17,"Activated_endothelial_SELE","NME4",0.106
7.54104313394688e-22,0.371752942766423,0.52,0.404,1.84793261997368e-17,"Activated_endothelial_SELE","GADD45A",0.116
7.71543382015207e-22,0.450992756410842,0.232,0.149,1.89066705762826e-17,"Activated_endothelial_SELE","METTL10",0.083
9.57617653743432e-22,0.321472995114454,0.39,0.282,2.34664206049828e-17,"Activated_endothelial_SELE","TOR1AIP2",0.108
9.83824655678577e-22,0.496975022097146,0.228,0.147,2.41086231874035e-17,"Activated_endothelial_SELE","RP11-983P16.4",0.081
1.01248566251207e-21,0.518803235460293,0.181,0.108,2.48109611598582e-17,"Activated_endothelial_SELE","SMIM3",0.073
1.21118658246423e-21,0.409181443046454,0.305,0.212,2.9680127203286e-17,"Activated_endothelial_SELE","JOSD1",0.093
1.31754778296319e-21,0.45835018486689,0.225,0.145,3.22865084215129e-17,"Activated_endothelial_SELE","AKAP8",0.08
1.51673669422159e-21,0.510129807321605,0.339,0.241,3.71676326919001e-17,"Activated_endothelial_SELE","GLRX",0.098
1.63165997388386e-21,0.320965723574045,0.395,0.289,3.9983827660024e-17,"Activated_endothelial_SELE","HMBOX1",0.106
1.6864331929241e-21,0.511359429873727,0.193,0.118,4.1326045392605e-17,"Activated_endothelial_SELE","TP53BP2",0.075
2.80825288924487e-21,0.394507034526408,0.207,0.127,6.88162370509455e-17,"Activated_endothelial_SELE","LINC01197",0.08
2.90546891698558e-21,0.304742326109736,0.29,0.196,7.11985158107315e-17,"Activated_endothelial_SELE","N4BP2L1",0.094
3.06040445242229e-21,0.512168018103487,0.242,0.159,7.49952111066082e-17,"Activated_endothelial_SELE","CCNK",0.083
3.5133871280881e-21,0.244068837635461,0.617,0.483,8.60955515737988e-17,"Activated_endothelial_SELE","RAP1B",0.134
3.54387343926727e-21,0.277233590335424,0.481,0.363,8.68426186292445e-17,"Activated_endothelial_SELE","USP16",0.118
3.95102725691027e-21,0.333629142344321,0.366,0.263,9.68199229305862e-17,"Activated_endothelial_SELE","SMU1",0.103
4.15679601441259e-21,0.475609848146458,0.2,0.124,1.0186228633318e-16,"Activated_endothelial_SELE","GUCD1",0.076
4.8720153694999e-21,0.508457196948884,0.185,0.113,1.19388736629595e-16,"Activated_endothelial_SELE","CMC2",0.072
5.48606914280879e-21,0.279946404378328,0.41,0.299,1.34436124344529e-16,"Activated_endothelial_SELE","EVA1C",0.111
5.64257577185689e-21,0.440456416510076,0.217,0.138,1.38271319289353e-16,"Activated_endothelial_SELE","GSE1",0.079
6.60474686442129e-21,0.324089796761183,0.322,0.224,1.61849321912644e-16,"Activated_endothelial_SELE","TMCC3",0.098
6.76264789064623e-21,0.392501357516453,0.21,0.131,1.65718686560286e-16,"Activated_endothelial_SELE","CCDC85A",0.079
7.64212967919727e-21,0.234223366054262,0.491,0.369,1.87270387788729e-16,"Activated_endothelial_SELE","FRY",0.122
7.76038526502024e-21,0.26428073446146,0.507,0.385,1.90168240919321e-16,"Activated_endothelial_SELE","COPS2",0.122
7.81126795170761e-21,0.469651430391061,0.261,0.177,1.91415121156595e-16,"Activated_endothelial_SELE","KMT2B",0.084
8.38158646279121e-21,0.354705566590091,0.258,0.172,2.05390776270699e-16,"Activated_endothelial_SELE","ARHGEF1",0.086
9.40415579388547e-21,0.309430071416287,0.369,0.267,2.30448837729163e-16,"Activated_endothelial_SELE","TAP1",0.102
1.0992745446578e-20,0.355604891911291,0.291,0.2,2.69377227168393e-16,"Activated_endothelial_SELE","HIGD1A",0.091
1.42882189033783e-20,0.355584855484009,0.265,0.175,3.50132804227286e-16,"Activated_endothelial_SELE","CACHD1",0.09
1.5230385238329e-20,0.222979398393774,0.51,0.385,3.73220590265251e-16,"Activated_endothelial_SELE","CTTN",0.125
1.61231263628631e-20,0.242382964030093,0.679,0.55,3.95097211521961e-16,"Activated_endothelial_SELE","RBMX",0.129
1.83711727119899e-20,0.31294540865307,0.363,0.262,4.50185587307313e-16,"Activated_endothelial_SELE","TAF3",0.101
2.23866601539839e-20,0.431628180048678,0.204,0.129,5.48585107073375e-16,"Activated_endothelial_SELE","SENP5",0.075
2.31840108682196e-20,0.224527830069573,0.413,0.298,5.68124186325722e-16,"Activated_endothelial_SELE","ZFAND1",0.115
2.61555973085476e-20,0.27986817765772,0.403,0.298,6.4094291204596e-16,"Activated_endothelial_SELE","KDM2A",0.105
2.79656037397552e-20,0.294861475088503,0.348,0.247,6.85297119642702e-16,"Activated_endothelial_SELE","POLR2H",0.101
2.81589263724683e-20,0.263262889535394,0.376,0.269,6.90034490757335e-16,"Activated_endothelial_SELE","LYRM5",0.107
2.96484007967164e-20,0.439449219287557,0.179,0.109,7.26534061523536e-16,"Activated_endothelial_SELE","GSTA4",0.07
3.0295034347982e-20,0.236086783351052,0.422,0.309,7.42379816697299e-16,"Activated_endothelial_SELE","SAP30BP",0.113
4.22837039107972e-20,0.258845080664191,0.45,0.336,1.03616216433409e-15,"Activated_endothelial_SELE","CHMP2B",0.114
4.48647984992503e-20,0.268725602343777,0.734,0.617,1.09941188722413e-15,"Activated_endothelial_SELE","CLEC3B",0.117
4.63682520017058e-20,0.233342066339011,0.559,0.437,1.1362540153018e-15,"Activated_endothelial_SELE","RNF115",0.122
5.04737359022008e-20,0.300518097290171,0.283,0.19,1.23685889828343e-15,"Activated_endothelial_SELE","CPLX1",0.093
5.16999518622488e-20,0.242758171855927,0.808,0.702,1.26690732038441e-15,"Activated_endothelial_SELE","KMT2E",0.106
5.38632404646247e-20,0.233544214932219,0.341,0.238,1.31991870758563e-15,"Activated_endothelial_SELE","BNIP3",0.103
5.57927746844356e-20,0.226005828559841,0.706,0.569,1.36720194364209e-15,"Activated_endothelial_SELE","PPFIBP1",0.137
5.73721609521015e-20,0.204972594617942,0.77,0.644,1.40590480413125e-15,"Activated_endothelial_SELE","SRSF11",0.126
6.18511054495431e-20,0.311633167723643,0.306,0.211,1.51566133904105e-15,"Activated_endothelial_SELE","DMKN",0.095
6.91248768011587e-20,0.302081283703735,0.3,0.205,1.69390510601239e-15,"Activated_endothelial_SELE","EVL",0.095
7.15136644333218e-20,0.435225308573092,0.249,0.166,1.75244234693855e-15,"Activated_endothelial_SELE","AKAP2",0.083
7.15831377552386e-20,0.392959447429506,0.297,0.207,1.75414479069212e-15,"Activated_endothelial_SELE","FAM60A",0.09
7.26408763253625e-20,0.204557394270598,0.67,0.534,1.78006467435301e-15,"Activated_endothelial_SELE","TMEM230",0.136
1.37494199302562e-19,0.213446895033154,0.689,0.55,3.36929535390928e-15,"Activated_endothelial_SELE","SEP15",0.139
1.63029657991164e-19,0.361944082066896,0.249,0.166,3.99504176907347e-15,"Activated_endothelial_SELE","CDC42SE2",0.083
1.65653089339862e-19,0.53167084875781,0.165,0.099,4.05932895427331e-15,"Activated_endothelial_SELE","HUS1",0.066
1.97332228254821e-19,0.314749476788675,0.285,0.196,4.83562625338438e-15,"Activated_endothelial_SELE","MED30",0.089
2.24283247849348e-19,0.271422986143634,0.414,0.306,5.49606098854826e-15,"Activated_endothelial_SELE","ARF5",0.108
2.48188404636249e-19,0.273892458366478,0.368,0.264,6.08185685561128e-15,"Activated_endothelial_SELE","LYRM1",0.104
2.48202510526166e-19,0.371038045875064,0.186,0.115,6.08220252044369e-15,"Activated_endothelial_SELE","ZCCHC3",0.071
2.79916836618135e-19,0.24680568451559,0.401,0.293,6.85936208132739e-15,"Activated_endothelial_SELE","FYN",0.108
3.71313888349263e-19,0.389811114745086,0.248,0.166,9.09904683399869e-15,"Activated_endothelial_SELE","NDEL1",0.082
4.26695384918507e-19,0.211673722654874,0.619,0.492,1.0456170407428e-14,"Activated_endothelial_SELE","ODF2L",0.127
4.55257357738897e-19,0.237974657484159,0.628,0.502,1.11560815513917e-14,"Activated_endothelial_SELE","ZC3H15",0.126
5.43418910151676e-19,0.285238552278763,0.299,0.206,1.33164803932668e-14,"Activated_endothelial_SELE","COPZ2",0.093
5.53155649926842e-19,0.377608111386385,0.197,0.125,1.35550792014573e-14,"Activated_endothelial_SELE","SLC22A23",0.072
5.78327302592632e-19,0.353024438555076,0.276,0.191,1.41719105500324e-14,"Activated_endothelial_SELE","SIN3A",0.085
5.91341733260797e-19,0.207518150496587,0.468,0.348,1.44908291735558e-14,"Activated_endothelial_SELE","CD47",0.12
6.35684254486738e-19,0.242289319471887,0.388,0.284,1.55774426561975e-14,"Activated_endothelial_SELE","PSMA3-AS1",0.104
6.42623925560741e-19,0.222666443143817,0.303,0.207,1.5747499295866e-14,"Activated_endothelial_SELE","FAM84B",0.096
6.7417162466348e-19,0.564578564431554,0.188,0.119,1.65205756623786e-14,"Activated_endothelial_SELE","ZDHHC9",0.069
8.16561932126743e-19,0.367590988230424,0.333,0.241,2.00098501467658e-14,"Activated_endothelial_SELE","SYAP1",0.092
8.34992266708395e-19,0.290538547652919,0.45,0.339,2.04614854956892e-14,"Activated_endothelial_SELE","PABPC4",0.111
8.85281194923195e-19,0.385916948866568,0.206,0.133,2.16938156815929e-14,"Activated_endothelial_SELE","NFKB2",0.073
9.60947021821911e-19,0.511680765391277,0.194,0.124,2.35480067697459e-14,"Activated_endothelial_SELE","ZNF3",0.07
9.87366126208277e-19,0.366532934407573,0.267,0.184,2.41954069227338e-14,"Activated_endothelial_SELE","OSMR",0.083
1.03232080668122e-18,0.279253646577252,0.423,0.319,2.52970213677232e-14,"Activated_endothelial_SELE","CELF2",0.104
1.04165519163385e-18,0.751655375896438,0.161,0.098,2.55257604709874e-14,"Activated_endothelial_SELE","GADD45G",0.063
1.13295102968143e-18,0.426954677685894,0.411,0.334,2.77629649823434e-14,"Activated_endothelial_SELE","IGFBP5",0.077
1.13722192174027e-18,0.283559330057922,0.325,0.231,2.78676231922453e-14,"Activated_endothelial_SELE","UBE2E1",0.094
1.47542975207467e-18,0.313620661251159,0.293,0.205,3.61554060745898e-14,"Activated_endothelial_SELE","SHROOM1",0.088
1.63265447006018e-18,0.312831500998745,0.46,0.356,4.00081977888247e-14,"Activated_endothelial_SELE","TMF1",0.104
1.68355900968758e-18,0.217310785257904,0.539,0.419,4.12556135323941e-14,"Activated_endothelial_SELE","ZBTB20",0.12
1.71663813968151e-18,0.34858644628895,0.531,0.429,4.20662176128954e-14,"Activated_endothelial_SELE","HERPUD1",0.102
2.04380006961803e-18,0.276712974553358,0.439,0.332,5.00833207059899e-14,"Activated_endothelial_SELE","MOCS2",0.107
2.43012965489591e-18,0.241053510220817,0.563,0.436,5.95503271932243e-14,"Activated_endothelial_SELE","BORCS7",0.127
2.55681479789601e-18,0.235749113491281,0.553,0.432,6.26547466224417e-14,"Activated_endothelial_SELE","RNF13",0.121
2.56410031788677e-18,0.306266311849962,0.282,0.195,6.28332782898153e-14,"Activated_endothelial_SELE","DAZAP1",0.087
3.34615476622215e-18,0.277120860317153,0.297,0.206,8.19975225462738e-14,"Activated_endothelial_SELE","IPO11",0.091
4.05170570532045e-18,0.52881384363301,0.185,0.118,9.92870483088777e-14,"Activated_endothelial_SELE","ZNF331",0.067
4.35469412747826e-18,0.353636355468616,0.319,0.228,1.06711779593855e-13,"Activated_endothelial_SELE","SSSCA1",0.091
4.46540645550123e-18,0.237840180313866,0.688,0.571,1.09424785192058e-13,"Activated_endothelial_SELE","SYNCRIP",0.117
4.79882600233904e-18,0.471505773209613,0.194,0.125,1.17595231187318e-13,"Activated_endothelial_SELE","ZNF267",0.069
4.87192665763602e-18,0.277510779323626,0.31,0.22,1.19386562745371e-13,"Activated_endothelial_SELE","TATDN1",0.09
5.14511778936825e-18,0.298476000040121,0.376,0.278,1.26081111428469e-13,"Activated_endothelial_SELE","RAPGEF2",0.098
5.54821022894956e-18,0.302726669790301,0.411,0.315,1.35958891660409e-13,"Activated_endothelial_SELE","SAFB2",0.096
6.08033119700833e-18,0.414166706937067,0.24,0.163,1.48998515982689e-13,"Activated_endothelial_SELE","ARHGAP20",0.077
6.41090149219514e-18,0.218607490331524,0.365,0.265,1.57099141066242e-13,"Activated_endothelial_SELE","MAPRE2",0.1
1.43541675970702e-17,0.545324199491271,0.151,0.091,3.51748876966206e-13,"Activated_endothelial_SELE","GSKIP",0.06
1.58598999285439e-17,0.450456761903107,0.185,0.118,3.88646847748968e-13,"Activated_endothelial_SELE","UBR1",0.067
1.6049754549572e-17,0.203225838502582,0.603,0.477,3.93299235237262e-13,"Activated_endothelial_SELE","PAIP2",0.126
1.84215910646264e-17,0.228440112445531,0.508,0.395,4.51421089038669e-13,"Activated_endothelial_SELE","MAN1A2",0.113
1.96044709919083e-17,0.237406801606779,0.336,0.243,4.80407561656713e-13,"Activated_endothelial_SELE","SCPEP1",0.093
2.1395487822691e-17,0.344174736402969,0.252,0.173,5.24296429095042e-13,"Activated_endothelial_SELE","MTMR6",0.079
2.18487338969929e-17,0.441754623327971,0.204,0.135,5.35403224145812e-13,"Activated_endothelial_SELE","GCLM",0.069
2.19650714884508e-17,0.220012385350306,0.397,0.292,5.38254076824487e-13,"Activated_endothelial_SELE","PITHD1",0.105
2.40086027188276e-17,0.447607359111114,0.174,0.11,5.88330809624871e-13,"Activated_endothelial_SELE","TUBE1",0.064
2.42590461880375e-17,0.310283274901359,0.359,0.268,5.94467926837859e-13,"Activated_endothelial_SELE","RASSF8",0.091
2.61157287894573e-17,0.387459035571249,0.184,0.117,6.3996593398565e-13,"Activated_endothelial_SELE","HACE1",0.067
2.93376520710863e-17,0.377014975650694,0.296,0.213,7.1891916400197e-13,"Activated_endothelial_SELE","YAF2",0.083
4.54762488187589e-17,0.29306649696047,0.273,0.189,1.11439547730369e-12,"Activated_endothelial_SELE","YBEY",0.084
4.87798996036065e-17,0.395537717720613,0.189,0.123,1.19535143978638e-12,"Activated_endothelial_SELE","NIPA2",0.066
4.97188577855979e-17,0.36203579688107,0.167,0.104,1.21836061003608e-12,"Activated_endothelial_SELE","NOL4L",0.063
4.97381363042524e-17,0.221713145584955,0.417,0.313,1.21883303013571e-12,"Activated_endothelial_SELE","MMADHC",0.104
4.98732600138268e-17,0.529229573738311,0.186,0.121,1.22214423663883e-12,"Activated_endothelial_SELE","SLC35G2",0.065
6.33758703973668e-17,0.320403108148021,0.291,0.208,1.55302570408747e-12,"Activated_endothelial_SELE","PDZD8",0.083
6.64998520884115e-17,0.305811168824116,0.262,0.182,1.62957887542652e-12,"Activated_endothelial_SELE","BMP2K",0.08
6.84528424798198e-17,0.363744787678147,0.171,0.107,1.67743690496798e-12,"Activated_endothelial_SELE","MPHOSPH6",0.064
7.125962656758e-17,0.21524143093228,0.399,0.297,1.74621714903855e-12,"Activated_endothelial_SELE","CTSO",0.102
7.16009563432673e-17,0.201462474769984,0.688,0.569,1.75458143519176e-12,"Activated_endothelial_SELE","SNRPB",0.119
9.21532762274795e-17,0.20928224460432,0.447,0.34,2.25821603395438e-12,"Activated_endothelial_SELE","THYN1",0.107
1.03714977954916e-16,0.218358431137072,0.42,0.315,2.54153553478521e-12,"Activated_endothelial_SELE","PPT1",0.105
1.06052726524938e-16,0.266719275354713,0.326,0.232,2.5988220634936e-12,"Activated_endothelial_SELE","NMRK1",0.094
1.07939833262882e-16,0.280697937455407,0.296,0.21,2.64506561410692e-12,"Activated_endothelial_SELE","FMNL2",0.086
1.11390588137197e-16,0.341011537606799,0.176,0.111,2.72962636230201e-12,"Activated_endothelial_SELE","PDGFC",0.065
1.3491044401371e-16,0.219640342318626,0.368,0.272,3.30598043055597e-12,"Activated_endothelial_SELE","STX16",0.096
1.4737653196704e-16,0.205713808451983,0.435,0.328,3.61146191585233e-12,"Activated_endothelial_SELE","TMEM9B",0.107
1.6527341682793e-16,0.269402479351702,0.259,0.179,4.05002507936843e-12,"Activated_endothelial_SELE","ARMC10",0.08
1.94255661383338e-16,0.23053638927673,0.45,0.344,4.7602349821987e-12,"Activated_endothelial_SELE","AHI1",0.106
2.82351945023929e-16,0.422986703086332,0.18,0.117,6.91903441281138e-12,"Activated_endothelial_SELE","UBAP1",0.063
3.18655289200455e-16,0.278476188315849,0.476,0.372,7.80864786185714e-12,"Activated_endothelial_SELE","SPEN",0.104
3.72686789799772e-16,0.253841502106376,0.349,0.258,9.13268978404341e-12,"Activated_endothelial_SELE","EIF4E",0.091
3.83197758550389e-16,0.302574676709391,0.209,0.139,9.39026107327727e-12,"Activated_endothelial_SELE","C8orf82",0.07
4.06159626943963e-16,0.280377794141179,0.306,0.221,9.9529416582618e-12,"Activated_endothelial_SELE","CDK2AP1",0.085
4.38037115099879e-16,0.636718494744158,0.179,0.118,1.07340995055225e-11,"Activated_endothelial_SELE","OTUD1",0.061
4.50145535640077e-16,0.25214617832567,0.224,0.151,1.10308163508601e-11,"Activated_endothelial_SELE","PPP3CB",0.073
4.58566994578209e-16,0.217379720455439,0.403,0.302,1.1237184202139e-11,"Activated_endothelial_SELE","ALDH9A1",0.101
4.85724102436542e-16,0.27337245253917,0.293,0.209,1.19026691302075e-11,"Activated_endothelial_SELE","CHCHD10",0.084
5.1634441135611e-16,0.407917796055664,0.208,0.14,1.26530198002815e-11,"Activated_endothelial_SELE","LARP6",0.068
5.36220261611877e-16,0.447624711261835,0.161,0.102,1.3140077510799e-11,"Activated_endothelial_SELE","PIGM",0.059
6.76425376955206e-16,0.491591106920117,0.188,0.125,1.65758038622873e-11,"Activated_endothelial_SELE","KLHL4",0.063
6.84343842098273e-16,0.229526759329355,0.505,0.395,1.67698458506182e-11,"Activated_endothelial_SELE","ELF2",0.11
8.85345279159803e-16,0.323759455733207,0.241,0.169,2.1695386065811e-11,"Activated_endothelial_SELE","TNFRSF10A",0.072
8.89511853869259e-16,0.287765284599281,0.232,0.158,2.17974879790662e-11,"Activated_endothelial_SELE","TMEM14A",0.074
8.9306994095051e-16,0.253253974571521,0.312,0.227,2.18846789029923e-11,"Activated_endothelial_SELE","TMEM243",0.085
1.0064149543308e-15,0.203941728381973,0.443,0.341,2.46621984558763e-11,"Activated_endothelial_SELE","NDRG2",0.102
1.04041809381917e-15,0.25333667223918,0.44,0.343,2.54954453890387e-11,"Activated_endothelial_SELE","RNF19A",0.097
1.25381895885853e-15,0.381494391912568,0.183,0.119,3.07248335868284e-11,"Activated_endothelial_SELE","APH1B",0.064
1.2724799651187e-15,0.405522884790836,0.207,0.14,3.11821215452338e-11,"Activated_endothelial_SELE","EID2",0.067
1.4178698178178e-15,0.351458361806998,0.21,0.141,3.47448998856251e-11,"Activated_endothelial_SELE","HDDC3",0.069
1.61055139679001e-15,0.34788580852295,0.266,0.19,3.94665619783393e-11,"Activated_endothelial_SELE","SAMHD1",0.076
1.89412834787923e-15,0.219546093449644,0.499,0.395,4.64156151647805e-11,"Activated_endothelial_SELE","ZNF644",0.104
3.05274518215062e-15,0.370529991870468,0.179,0.118,7.48075206886009e-11,"Activated_endothelial_SELE","PPM1B",0.061
3.44160058892723e-15,0.354656181208,0.186,0.123,8.43364224316618e-11,"Activated_endothelial_SELE","UCKL1",0.063
3.46396654191439e-15,0.309285338132925,0.176,0.114,8.48845001096121e-11,"Activated_endothelial_SELE","RCHY1",0.062
3.96638747728456e-15,0.315236123399572,0.341,0.255,9.71963251308581e-11,"Activated_endothelial_SELE","CHMP1B",0.086
4.08301057106363e-15,0.262774419832011,0.178,0.115,1.00054174043914e-10,"Activated_endothelial_SELE","FN3KRP",0.063
4.21017091056819e-15,0.323832348136362,0.257,0.183,1.03170238163474e-10,"Activated_endothelial_SELE","BLOC1S2",0.074
4.53647044120294e-15,0.248912708461813,0.39,0.298,1.11166208161678e-10,"Activated_endothelial_SELE","ZFHX3",0.092
4.54327502802192e-15,0.222934977143393,0.517,0.414,1.11332954561677e-10,"Activated_endothelial_SELE","TXNDC12",0.103
4.61913881888605e-15,0.20543929744853,0.343,0.255,1.13191996756803e-10,"Activated_endothelial_SELE","MAPRE1",0.088
4.7935654975428e-15,0.322462768732628,0.194,0.129,1.17466322517286e-10,"Activated_endothelial_SELE","PAN3",0.065
4.91934572260378e-15,0.258235265388851,0.19,0.126,1.20548566932406e-10,"Activated_endothelial_SELE","PALD1",0.064
5.06100788193032e-15,0.201712853027139,0.264,0.185,1.24019998146702e-10,"Activated_endothelial_SELE","CHST1",0.079
5.99146639380962e-15,0.331656811081944,0.197,0.132,1.46820883980305e-10,"Activated_endothelial_SELE","SDE2",0.065
8.76393211071433e-15,0.343698739381195,0.159,0.102,2.14760156373055e-10,"Activated_endothelial_SELE","PDE12",0.057
9.8094645624694e-15,0.359215074991815,0.183,0.122,2.40380929103313e-10,"Activated_endothelial_SELE","MAP2K1",0.061
1.0978573797445e-14,0.271342931983842,0.636,0.526,2.6902995090639e-10,"Activated_endothelial_SELE","HSPA1A",0.11
1.24815326002713e-14,0.269459116905595,0.413,0.32,3.05859956369649e-10,"Activated_endothelial_SELE","EFHD2",0.093
1.60895938960528e-14,0.230368360662154,0.33,0.245,3.94275498422774e-10,"Activated_endothelial_SELE","GAS2L1",0.085
1.61786073769782e-14,0.296977574712426,0.25,0.177,3.96456773772852e-10,"Activated_endothelial_SELE","GSTM3",0.073
1.64989576667555e-14,0.2128619893615,0.364,0.273,4.04306957623842e-10,"Activated_endothelial_SELE","MPC1",0.091
1.74045767657524e-14,0.255461384006199,0.299,0.22,4.26499153644761e-10,"Activated_endothelial_SELE","ZMYND8",0.079
1.80131887495922e-14,0.259964046908842,0.357,0.271,4.41413190308756e-10,"Activated_endothelial_SELE","NOP58",0.086
1.81088873105206e-14,0.219198784428655,0.418,0.323,4.43758283544308e-10,"Activated_endothelial_SELE","PAIP1",0.095
1.85073799443205e-14,0.211792071502685,0.616,0.506,4.53523345535574e-10,"Activated_endothelial_SELE","YTHDC1",0.11
1.98312505757216e-14,0.384009893734115,0.173,0.114,4.85964795358057e-10,"Activated_endothelial_SELE","ST8SIA4",0.059
2.21116305992066e-14,0.245663762114686,0.331,0.247,5.41845507833557e-10,"Activated_endothelial_SELE","NSMCE4A",0.084
2.63365642137304e-14,0.490054079314647,0.184,0.125,6.45377506057464e-10,"Activated_endothelial_SELE","STK17A",0.059
2.67115870527219e-14,0.323942481790383,0.165,0.107,6.54567440726949e-10,"Activated_endothelial_SELE","NIT1",0.058
3.26282247326471e-14,0.202168371490243,0.368,0.278,7.99554647073518e-10,"Activated_endothelial_SELE","LRCH1",0.09
3.88111026126925e-14,0.543553583089361,0.169,0.113,9.51066069524031e-10,"Activated_endothelial_SELE","APCDD1",0.056
4.08275005771515e-14,0.423840100718166,0.201,0.139,1.0004779016431e-09,"Activated_endothelial_SELE","SIK3",0.062
4.22942687434099e-14,0.33170852618793,0.166,0.108,1.03642105555726e-09,"Activated_endothelial_SELE","FBXL12",0.058
4.3992665064914e-14,0.272670312495448,0.161,0.104,1.07804025741572e-09,"Activated_endothelial_SELE","MAPK12",0.057
4.59447292542131e-14,0.212072992537323,0.499,0.399,1.12587559037449e-09,"Activated_endothelial_SELE","FSTL1",0.1
5.26129107191189e-14,0.343561476706403,0.152,0.098,1.28927937717201e-09,"Activated_endothelial_SELE","NMB",0.054
5.90025146334967e-14,0.334188223208533,0.177,0.117,1.44585662109384e-09,"Activated_endothelial_SELE","ZNF518B",0.06
6.94979095151212e-14,0.258463707926948,0.256,0.185,1.70304627266805e-09,"Activated_endothelial_SELE","SFT2D1",0.071
7.31069786373108e-14,0.214193119850123,0.343,0.26,1.7914865115073e-09,"Activated_endothelial_SELE","SUPT5H",0.083
7.66351292505801e-14,0.219564710725489,0.357,0.27,1.87794384228547e-09,"Activated_endothelial_SELE","PHF1",0.087
8.57884122914829e-14,0.352133563557415,0.159,0.104,2.10224504320279e-09,"Activated_endothelial_SELE","GSS",0.055
8.58337162668242e-14,0.252946936116614,0.231,0.163,2.10335521711853e-09,"Activated_endothelial_SELE","C11orf74",0.068
1.03550872321129e-13,0.357031823191912,0.171,0.114,2.53751412622928e-09,"Activated_endothelial_SELE","HIBADH",0.057
1.19303210154943e-13,0.276714979805192,0.224,0.158,2.92352516484687e-09,"Activated_endothelial_SELE","JKAMP",0.066
1.25631637988197e-13,0.442778886551968,0.161,0.106,3.07860328890078e-09,"Activated_endothelial_SELE","NGRN",0.055
1.41970080427132e-13,0.208689963476698,0.545,0.442,3.47897682086686e-09,"Activated_endothelial_SELE","BUD31",0.103
1.51436198184101e-13,0.405729521849596,0.166,0.111,3.7109440365014e-09,"Activated_endothelial_SELE","DCUN1D3",0.055
1.70424414378346e-13,0.24616800749314,0.321,0.243,4.17625027434137e-09,"Activated_endothelial_SELE","SERTAD2",0.078
1.72937953474589e-13,0.353301234538495,0.174,0.117,4.2378445498948e-09,"Activated_endothelial_SELE","MLPH",0.057
1.75862071288271e-13,0.216366329341199,0.349,0.266,4.30950005691909e-09,"Activated_endothelial_SELE","YLPM1",0.083
2.00139350690956e-13,0.295186147590446,0.308,0.232,4.90441478868187e-09,"Activated_endothelial_SELE","B4GALT1",0.076
2.06790906886879e-13,0.230761358929744,0.262,0.191,5.06741117326298e-09,"Activated_endothelial_SELE","PRKRA",0.071
2.11046100825144e-13,0.309004941764423,0.234,0.167,5.17168470072015e-09,"Activated_endothelial_SELE","ZNF330",0.067
2.37193660937358e-13,0.355869884559964,0.173,0.117,5.81243066126996e-09,"Activated_endothelial_SELE","TAL1",0.056
2.86103005144006e-13,0.321987750076512,0.198,0.137,7.01095414105386e-09,"Activated_endothelial_SELE","PRPF18",0.061
3.01330900401237e-13,0.254040096931512,0.277,0.204,7.38411371433231e-09,"Activated_endothelial_SELE","LYAR",0.073
3.34412870015086e-13,0.261497589528072,0.294,0.22,8.19478737971967e-09,"Activated_endothelial_SELE","RASSF1",0.074
4.41030905858216e-13,0.400879139605505,0.159,0.106,1.08074623480556e-08,"Activated_endothelial_SELE","STARD13",0.053
4.47171827849546e-13,0.275327127974448,0.188,0.128,1.09579456414531e-08,"Activated_endothelial_SELE","SLC25A32",0.06
4.82903754607304e-13,0.210895738340393,0.252,0.182,1.1833556506652e-08,"Activated_endothelial_SELE","KIFC3",0.07
5.26229527800337e-13,0.39671815622395,0.253,0.187,1.28952545787472e-08,"Activated_endothelial_SELE","RND3",0.066
5.28162786440482e-13,0.274240133335822,0.201,0.139,1.2942629081724e-08,"Activated_endothelial_SELE","CHST7",0.062
5.95252954690983e-13,0.244948082165219,0.201,0.138,1.45866736547025e-08,"Activated_endothelial_SELE","TBC1D4",0.063
5.98926919992828e-13,0.232608978081704,0.241,0.174,1.46767041744242e-08,"Activated_endothelial_SELE","ATXN2L",0.067
6.53658475500347e-13,0.211366842914883,0.234,0.167,1.6017900942136e-08,"Activated_endothelial_SELE","SMAD7",0.067
8.57837845231831e-13,0.21769034721727,0.368,0.288,2.1021316397406e-08,"Activated_endothelial_SELE","SMC5",0.08
9.20319044320666e-13,0.223564787943379,0.278,0.206,2.25524181810779e-08,"Activated_endothelial_SELE","ADAM17",0.072
9.34820491767199e-13,0.226485918385696,0.3,0.225,2.29077761507552e-08,"Activated_endothelial_SELE","GRAMD1A",0.075
1.15426825015565e-12,0.267139656016675,0.389,0.306,2.82853434700641e-08,"Activated_endothelial_SELE","VASP",0.083
1.24883137375407e-12,0.30494530173162,0.155,0.102,3.06026128138435e-08,"Activated_endothelial_SELE","SBNO2",0.053
1.26665173610572e-12,0.257565379466055,0.215,0.152,3.10393007932707e-08,"Activated_endothelial_SELE","TSPAN6",0.063
1.45924887489721e-12,0.206423939127169,0.331,0.253,3.57588936793561e-08,"Activated_endothelial_SELE","R3HDM2",0.078
1.62982031119045e-12,0.249425970014123,0.326,0.248,3.9938746725722e-08,"Activated_endothelial_SELE","ZFC3H1",0.078
1.71239931841343e-12,0.241950815889833,0.239,0.173,4.19623452977212e-08,"Activated_endothelial_SELE","COPS3",0.066
1.86071169997764e-12,0.27570985161777,0.203,0.143,4.5596740207952e-08,"Activated_endothelial_SELE","GGCX",0.06
2.19213206569224e-12,0.320897741856665,0.2,0.141,5.37181962697884e-08,"Activated_endothelial_SELE","DIMT1",0.059
2.73494447186452e-12,0.22134003280893,0.232,0.167,6.70198142830402e-08,"Activated_endothelial_SELE","FAM3A",0.065
3.57255529774009e-12,0.29444316440535,0.18,0.124,8.7545467571121e-08,"Activated_endothelial_SELE","ZFAND2A",0.056
3.8108310718146e-12,0.249864630680967,0.203,0.142,9.33844154148168e-08,"Activated_endothelial_SELE","CCDC94",0.061
4.53542972227348e-12,0.228410692849565,0.365,0.286,1.11140705344312e-07,"Activated_endothelial_SELE","BLOC1S6",0.079
4.53779558680071e-12,0.295528691808206,0.192,0.135,1.11198680854551e-07,"Activated_endothelial_SELE","DDA1",0.057
4.87193449248025e-12,0.272231304413866,0.197,0.139,1.19386754738228e-07,"Activated_endothelial_SELE","IFT27",0.058
5.08133178908534e-12,0.242455112090779,0.233,0.169,1.24518035491536e-07,"Activated_endothelial_SELE","BLOC1S4",0.064
5.35000112437114e-12,0.337100589111486,0.164,0.111,1.31101777552715e-07,"Activated_endothelial_SELE","RGP1",0.053
6.27920803350766e-12,0.28368429122777,0.397,0.321,1.53871992861105e-07,"Activated_endothelial_SELE","ABCB1",0.076
6.35197911326393e-12,0.221017202486774,0.278,0.207,1.55655248170533e-07,"Activated_endothelial_SELE","LPCAT4",0.071
6.92832557245421e-12,0.347095844877952,0.18,0.126,1.6977861815299e-07,"Activated_endothelial_SELE","KIAA1211L",0.054
9.80425710055042e-12,0.278515853857667,0.173,0.119,2.40253320248988e-07,"Activated_endothelial_SELE","TMEM65",0.054
9.86399447231686e-12,0.274515996906142,0.386,0.307,2.41717184544125e-07,"Activated_endothelial_SELE","SOX7",0.079
1.24038274858628e-11,0.331854754867034,0.152,0.102,3.03955792541068e-07,"Activated_endothelial_SELE","CGRRF1",0.05
1.50669493379617e-11,0.269966367111941,0.224,0.163,3.69215593526751e-07,"Activated_endothelial_SELE","SYBU",0.061
1.53112170302286e-11,0.237429967539283,0.225,0.163,3.75201373325752e-07,"Activated_endothelial_SELE","DERA",0.062
1.63118263249632e-11,0.293648440241118,0.206,0.148,3.99721304093223e-07,"Activated_endothelial_SELE","USP6NL",0.058
1.81771767430976e-11,0.335831141702151,0.166,0.115,4.45431716089606e-07,"Activated_endothelial_SELE","CBLB",0.051
1.82085812405895e-11,0.266283789349594,0.184,0.128,4.46201283300645e-07,"Activated_endothelial_SELE","BIN3",0.056
1.92085029009543e-11,0.337769696182007,0.151,0.102,4.70704363587884e-07,"Activated_endothelial_SELE","CHKB",0.049
1.99124966524951e-11,0.22305176477302,0.26,0.196,4.87955730469392e-07,"Activated_endothelial_SELE","KMT5A",0.064
2.3923556813386e-11,0.221859619539219,0.27,0.203,5.86246759712023e-07,"Activated_endothelial_SELE","SMARCA1",0.067
2.46619973608863e-11,0.402984666791277,0.173,0.122,6.0434224532852e-07,"Activated_endothelial_SELE","PPM1D",0.051
2.58781028755457e-11,0.217112721505303,0.187,0.131,6.34142910965247e-07,"Activated_endothelial_SELE","RHOT1",0.056
2.75839827282322e-11,0.228086448873747,0.265,0.199,6.75945496755329e-07,"Activated_endothelial_SELE","CTC-444N24.11",0.066
3.3815086388647e-11,0.24652862420387,0.316,0.246,8.28638691953795e-07,"Activated_endothelial_SELE","HIPK1",0.07
3.97865505206403e-11,0.211394207912407,0.324,0.25,9.74969420508291e-07,"Activated_endothelial_SELE","PIK3R1",0.074
4.7225729210992e-11,0.32345824476743,0.194,0.139,1.15726649431536e-06,"Activated_endothelial_SELE","PTGR1",0.055
5.57135990931302e-11,0.221718763852469,0.275,0.208,1.36526174577716e-06,"Activated_endothelial_SELE","RHBDD2",0.067
6.78505002441245e-11,0.711080113435991,0.156,0.108,1.66267650848227e-06,"Activated_endothelial_SELE","MID1IP1",0.048
7.2765232414651e-11,0.264124489533497,0.226,0.168,1.78311202032102e-06,"Activated_endothelial_SELE","IVNS1ABP",0.058
8.75556252067192e-11,0.209009693037467,0.241,0.179,2.14555059569065e-06,"Activated_endothelial_SELE","RRP1B",0.062
9.91615306543546e-11,0.304374101776435,0.215,0.159,2.42995330868496e-06,"Activated_endothelial_SELE","ZCCHC2",0.056
1.0466225744686e-10,0.238274091664977,0.184,0.131,2.56474861873531e-06,"Activated_endothelial_SELE","TFDP1",0.053
1.04701552106906e-10,0.289854803731464,0.24,0.18,2.56571153437974e-06,"Activated_endothelial_SELE","RNF6",0.06
1.08077717228836e-10,0.320841330356106,0.177,0.126,2.64844446069263e-06,"Activated_endothelial_SELE","FAM76A",0.051
1.34209381922387e-10,0.299346594100469,0.158,0.11,3.28880090400809e-06,"Activated_endothelial_SELE","IMPA1",0.048
1.47212570709943e-10,0.29569347759139,0.16,0.111,3.60744404524714e-06,"Activated_endothelial_SELE","ACYP1",0.049
1.80307818181161e-10,0.347620194282946,0.159,0.111,4.41844308452934e-06,"Activated_endothelial_SELE","EEPD1",0.048
1.81197214586221e-10,0.25234182122743,0.193,0.139,4.44023774343535e-06,"Activated_endothelial_SELE","TMEM54",0.054
1.99173050910555e-10,0.425241292606094,0.985,0.899,4.88073561256316e-06,"Activated_endothelial_SELE","FOS",0.086
2.18861497138089e-10,0.262587563212137,0.176,0.126,5.36320098736886e-06,"Activated_endothelial_SELE","PCIF1",0.05
4.92127658144636e-10,0.244653594975474,0.286,0.223,1.20595882628343e-05,"Activated_endothelial_SELE","CSF1",0.063
5.10644807040487e-10,0.252881317533988,0.226,0.17,1.25133509965271e-05,"Activated_endothelial_SELE","MSH6",0.056
5.51558149387785e-10,0.26153554409796,0.199,0.146,1.35159324507477e-05,"Activated_endothelial_SELE","UBA5",0.053
6.04062384121528e-10,0.223547549201555,0.329,0.262,1.4802548722898e-05,"Activated_endothelial_SELE","H1F0",0.067
1.23250269784257e-09,0.271267071510555,0.166,0.119,3.02024786106322e-05,"Activated_endothelial_SELE","LACTB2",0.047
1.27362586939027e-09,0.272044032200789,0.301,0.238,3.12102019294086e-05,"Activated_endothelial_SELE","B3GNT2",0.063
1.75388036147087e-09,0.233543397917592,0.197,0.145,4.29788382578438e-05,"Activated_endothelial_SELE","MAPK6",0.052
1.78312410445511e-09,0.203933956472345,0.21,0.157,4.36954561796725e-05,"Activated_endothelial_SELE","SPOPL",0.053
2.37683651098163e-09,0.264307449768924,0.168,0.121,5.82443787016048e-05,"Activated_endothelial_SELE","SUPT7L",0.047
4.85837964825625e-09,0.347961955083994,0.165,0.121,0.000119054593280519,"Activated_endothelial_SELE","KLF12",0.044
4.99108006769504e-09,0.28075365907318,0.211,0.16,0.000122306417058867,"Activated_endothelial_SELE","TRAPPC2P1",0.051
5.79926271194645e-09,0.221391994737383,0.699,0.615,0.000142110932756248,"Activated_endothelial_SELE","H2AFZ",0.084
6.13052625722888e-09,0.259114281464284,0.312,0.25,0.000150228545933394,"Activated_endothelial_SELE","RORA",0.062
6.39454769901914e-09,0.366914576868459,0.239,0.186,0.000156698391364464,"Activated_endothelial_SELE","ANXA2R",0.053
6.57721154862108e-09,0.29011037683041,0.266,0.212,0.000161174568998959,"Activated_endothelial_SELE","RUNDC3B",0.054
6.59667517075146e-09,0.215654003857563,0.203,0.152,0.000161651525059265,"Activated_endothelial_SELE","LRIG3",0.051
8.286228863868e-09,0.247834249251506,0.181,0.135,0.000203054038309085,"Activated_endothelial_SELE","PRELID3B",0.046
9.36484771035306e-09,0.280444872320342,0.285,0.225,0.000229485593142202,"Activated_endothelial_SELE","TAF9",0.06
9.36869360278016e-09,0.288862005892029,0.226,0.175,0.000229579836736128,"Activated_endothelial_SELE","FOXN2",0.051
1.01081659543831e-08,0.228450590811107,0.205,0.155,0.000247700606712159,"Activated_endothelial_SELE","RHOQ",0.05
1.42601548031207e-08,0.207249910805883,0.277,0.219,0.000349445093450474,"Activated_endothelial_SELE","TXNRD1",0.058
1.47854765430807e-08,0.209030636482884,0.223,0.171,0.000362318102688193,"Activated_endothelial_SELE","GPANK1",0.052
2.1512588972891e-08,0.214475579125297,0.192,0.145,0.000527165992780694,"Activated_endothelial_SELE","PSPC1",0.047
2.28766178668835e-08,0.216303376478083,0.398,0.329,0.000560591520827981,"Activated_endothelial_SELE","BTBD7",0.069
3.29191170207914e-08,0.208150383976677,0.173,0.128,0.000806682962594494,"Activated_endothelial_SELE","FBRS",0.045
3.57833578923249e-08,0.20177816463957,0.279,0.22,0.000876871185151421,"Activated_endothelial_SELE","GPATCH2L",0.059
3.5810014089864e-08,0.204461835072005,0.156,0.114,0.000877524395272117,"Activated_endothelial_SELE","FAM171B",0.042
3.58476396604402e-08,0.226391223499837,0.743,0.675,0.000878446409879087,"Activated_endothelial_SELE","H1FX",0.0679999999999999
4.86230233728249e-08,0.204672191172787,0.215,0.165,0.00119150718775107,"Activated_endothelial_SELE","NRGN",0.05
5.65784372985369e-08,0.205477003383258,0.249,0.196,0.00138645460600065,"Activated_endothelial_SELE","LRP11",0.053
6.7078830111298e-08,0.208093254515979,0.296,0.237,0.00164376673187736,"Activated_endothelial_SELE","CTR9",0.059
2.115097760505e-07,0.228267010137157,0.16,0.12,0.0051830470621175,"Activated_endothelial_SELE","TBPL1",0.04
3.12584082216137e-07,0.205379638803243,0.169,0.128,0.00765987293470643,"Activated_endothelial_SELE","GMNN",0.041
3.20264243133227e-07,0.511025341688336,0.155,0.118,0.00784807527797972,"Activated_endothelial_SELE","CITED2",0.037
3.75974117100421e-07,0.230185998072426,0.156,0.117,0.00921324573954582,"Activated_endothelial_SELE","SLC52A2",0.039
6.30104208634155e-07,0.220038175007905,0.194,0.152,0.01544070363258,"Activated_endothelial_SELE","FADS3",0.042
1.07240107595276e-06,0.284529592097398,0.175,0.135,0.0262791883662224,"Activated_endothelial_SELE","KRT18",0.04
2.72806323777784e-06,0.295186981282867,0.189,0.149,0.066851189641746,"Activated_endothelial_SELE","ADRB2",0.04
0.00033230002249275,0.676622499256657,0.288,0.368,1,"Activated_endothelial_SELE","SPRY1",-0.08
