"p_val","avg_log2FC","pct.1","pct.2","p_val_adj","cluster","gene"
2.44245101155252e-237,0.919191275011563,0.996,0.846,7.85272424724252e-233,"0","VWF"
3.20954142024997e-199,1.10852763427035,0.889,0.471,1.03189966202457e-194,"0","MMRN1"
1.18889427721876e-196,1.37383373193133,0.919,0.593,3.82241399068602e-192,"0","CSF3"
1.5072740156044e-188,1.33322471405848,0.897,0.522,4.84603668756972e-184,"0","CCL2"
4.25680331405491e-186,0.445953529114949,1,0.977,1.36860483350179e-181,"0","B2M"
1.29512107070337e-180,1.00373091003369,0.938,0.594,4.16394375441842e-176,"0","CCL15-CCL14"
7.17147083186885e-171,0.917902699751633,0.943,0.606,2.30569958715415e-166,"0","ACKR1"
2.81627133195125e-160,1.23799924183315,0.775,0.377,9.05459395935645e-156,"0","CXCL2"
1.19731218563752e-159,1.24700838478534,0.724,0.301,3.8494784080432e-155,"0","PTGS2"
8.3741801981423e-156,0.886597004858439,0.871,0.473,2.69238267550473e-151,"0","CLEC14A"
1.72255510031566e-154,0.882752307717486,0.81,0.38,5.53818690302487e-150,"0","TM4SF1"
8.33648302281397e-149,0.782866186762577,0.943,0.632,2.68026265666492e-144,"0","CADM3-AS1"
8.45114770216427e-144,0.948991901021671,0.837,0.447,2.71712849772283e-139,"0","CCL14"
1.60039382867554e-142,0.929156127584007,0.828,0.428,5.14542619857472e-138,"0","AC244100.2"
5.43985158849696e-137,1.17852925919326,0.632,0.248,1.74896668421766e-132,"0","POSTN"
3.12988496763745e-136,0.821133988041786,0.898,0.538,1.00628931594512e-131,"0","CD93"
7.8520408004468e-134,1.51942479784515,0.547,0.187,2.52450963775165e-129,"0","IL18R1"
1.80608304515357e-133,0.692199173550836,0.97,0.706,5.80673759847323e-129,"0","PECAM1"
8.59073406866585e-132,1.5430336928933,0.477,0.139,2.76200691041676e-127,"0","IL1RL1"
1.10476424631713e-130,0.740020956649005,0.946,0.652,3.55192752833422e-126,"0","TGM2"
4.53755746416303e-125,1.09831420050087,0.669,0.293,1.45887010030305e-120,"0","EMCN"
3.92161120280099e-122,0.80061352737209,0.792,0.397,1.26083721781255e-117,"0","EGFL7"
2.15356914634904e-120,1.2103745790065,0.555,0.204,6.92394016242679e-116,"0","C7"
1.23818153398784e-119,0.343331090292905,1,0.974,3.9808774499243e-115,"0","TPT1"
2.75341907348236e-119,0.405285939404187,0.999,0.944,8.85251766315314e-115,"0","HLA-B"
2.6186978891292e-116,1.44772275833742,0.469,0.15,8.41937558333929e-112,"0","TNFAIP3"
6.75097423707936e-116,1.43107711476009,0.425,0.118,2.17050572696339e-111,"0","EDN1"
3.24357111710906e-115,0.833353423357635,0.783,0.404,1.04284054986173e-110,"0","PDLIM1"
1.45015020884009e-111,0.969140187011294,0.629,0.268,4.66237793644177e-107,"0","NCOA7"
2.62787974220038e-111,0.84587559431246,0.685,0.312,8.44889615914844e-107,"0","APOLD1"
2.63300354320516e-111,0.627185341988176,0.984,0.81,8.4653696917589e-107,"0","HLA-DRA"
5.74974992424722e-109,0.942524109206232,0.75,0.404,1.84860209814473e-104,"0","HES1"
6.73319289505731e-107,0.58683884774895,0.979,0.748,2.16478884768988e-102,"0","IFI27"
4.15490354447268e-105,1.08341233661455,0.48,0.168,1.33584303858341e-100,"0","SIK1"
3.41065229407017e-104,0.887734330101461,0.54,0.206,1.0965588190665e-99,"0","LMO2"
7.47845539084793e-103,0.491629952002869,0.996,0.833,2.40439819271152e-98,"0","CD74"
1.86343609898651e-101,0.275946744829024,1,0.986,5.99113340185151e-97,"0","TMSB4X"
5.36256969187337e-101,0.817532256366856,0.646,0.3,1.72411978163421e-96,"0","DUSP6"
2.1447494991247e-98,0.763168494252522,0.646,0.302,6.89558411463581e-94,"0","PODXL"
1.01607925410366e-97,0.805937884438715,0.678,0.331,3.26679640986869e-93,"0","RAMP3"
1.10576785666757e-97,0.917815328516348,0.585,0.247,3.55515423597192e-93,"0","IFI44"
5.31643181902421e-95,0.585714030152773,0.87,0.553,1.70928599413447e-90,"0","ENG"
8.48097255302889e-95,0.846155061651361,0.608,0.268,2.72671748552432e-90,"0","IFI44L"
1.24876833689628e-94,1.08809572186003,0.489,0.185,4.01491507995524e-90,"0","SIK1B"
3.25084585700756e-94,0.868881651141381,0.511,0.195,1.0451794514865e-89,"0","ADGRF5"
5.03328968468619e-93,0.981168799806061,0.55,0.23,1.61825296652346e-88,"0","DUSP5"
1.09396624192094e-92,0.521367544418394,0.988,0.827,3.51721086440001e-88,"0","MGP"
5.57001358662252e-92,0.532399113363057,0.95,0.708,1.79081506823501e-87,"0","ID1"
3.7586446905782e-91,0.871318052896364,0.612,0.285,1.2084418544678e-86,"0","THBD"
1.06378179264379e-88,0.714289554585872,0.594,0.258,3.42016484152905e-84,"0","RASA4"
3.11475394614941e-88,0.520914051284338,0.987,0.825,1.0014245412265e-83,"0","C12orf60"
2.02941422885829e-87,0.583396105995704,0.788,0.453,6.5247696872023e-83,"0","ETS2"
1.14276571731601e-86,0.70929060492708,0.627,0.302,3.67410605774271e-82,"0","AC007319.1"
2.26915897492422e-86,0.688769587834818,0.745,0.423,7.29557302027887e-82,"0","PRCP"
9.65274102522149e-86,0.798413474852826,0.482,0.19,3.10345276701896e-81,"0","RAPGEF5"
1.4286734429771e-85,0.943039670092754,0.487,0.191,4.59332798651569e-81,"0","GABRE"
2.02755943795848e-85,1.13119485150331,0.37,0.115,6.5188063489803e-81,"0","CSF2RB"
6.51354922416464e-85,0.543800430033399,0.917,0.642,2.09417121106117e-80,"0","HLA-DRB1"
1.34177018666088e-84,0.84942511406657,0.405,0.134,4.31392532713339e-80,"0","MPZL2"
1.25084783670157e-83,0.91692727451599,0.482,0.19,4.02160087977922e-79,"0","PLVAP"
1.51868990494522e-83,0.697250456460837,0.562,0.248,4.88273991338936e-79,"0","ECSCR"
1.69087002133126e-83,0.467587641546738,0.984,0.794,5.43631620558214e-79,"0","HLA-E"
2.32549604776442e-82,0.897805786228574,0.552,0.244,7.47670234316737e-78,"0","ST6GAL1"
4.37194399143465e-82,0.641750028578281,0.685,0.354,1.40562371268615e-77,"0","GIMAP8"
4.74749937736887e-81,0.765225146899899,0.55,0.244,1.52636852481787e-76,"0","AC142391.1"
5.96164656068423e-81,0.807927683124304,0.562,0.251,1.91672898572559e-76,"0","TNFSF10"
6.96499422965751e-81,1.18633157962958,0.381,0.129,2.23931529477719e-76,"0","EFNB2"
4.16855745990941e-80,0.545838008031773,0.874,0.564,1.34023290893548e-75,"0","HLA-DPA1"
1.32992264591361e-79,0.748575152921627,0.514,0.217,4.27583429887685e-75,"0","SHANK3"
5.34835666326176e-79,0.921206040880184,0.432,0.161,1.71955015080529e-74,"0","CRTAC1"
1.79624501396515e-78,0.716121901835595,0.628,0.311,5.77510734439936e-74,"0","CPD"
4.07839653089711e-78,0.798165300893644,0.413,0.152,1.31124526864873e-73,"0","GOLGA7B"
7.59915881324703e-78,0.787181645776169,0.654,0.357,2.44320555004705e-73,"0","SERPINE1"
5.25461683724225e-77,0.524793476915745,0.875,0.581,1.68941185934176e-72,"0","EPAS1"
2.97963158567914e-76,0.662833217175802,0.475,0.191,9.57981351111699e-72,"0","ERG"
1.40071682929587e-75,0.627602486446367,0.673,0.351,4.50344467786914e-71,"0","PLSCR1"
2.50514290434405e-75,0.785980150164902,0.482,0.203,8.05428495175656e-71,"0","PLAT"
1.3815480530816e-74,0.382961371004982,0.998,0.894,4.44181514546264e-70,"0","IFITM2"
1.74588181201169e-74,0.473699768147263,0.931,0.669,5.61318461379878e-70,"0","PLXND1"
1.00955619530632e-73,0.559996149599818,0.741,0.411,3.24582412352935e-69,"0","TGFBR3"
1.06612845689262e-73,0.554938567652025,0.655,0.332,3.42770960175545e-69,"0","NRP1"
2.33464323702292e-73,0.422004732809105,0.963,0.749,7.5061114713524e-69,"0","IFITM1"
3.48297864145042e-73,0.818892556530376,0.419,0.158,1.11981246301273e-68,"0","GIMAP4"
1.08329694787702e-72,1.48397851453302,0.251,0.062,3.48290801711939e-68,"0","LIPG"
3.17844043093089e-72,0.630630389169327,0.602,0.299,1.02190038294859e-67,"0","NOTCH1"
4.24374219416164e-72,0.318381573473177,1,0.934,1.36440555284491e-67,"0","RPL12"
4.91978245439131e-72,0.957341109021668,0.344,0.115,1.58175925691135e-67,"0","GPM6A"
1.12631402261748e-71,0.674706953310838,0.651,0.351,3.62121221411747e-67,"0","HYAL2"
1.39326059563554e-71,0.417317132574268,0.986,0.842,4.47947214102783e-67,"0","CD9"
1.62728577353348e-70,0.582355710585874,0.769,0.467,5.23188649048749e-66,"0","CAVIN2"
3.94754790486798e-70,0.522411953927617,0.637,0.336,1.2691761268941e-65,"0","PCAT19"
7.62082391208343e-70,0.619243630273622,0.719,0.415,2.45017109597394e-65,"0","CTSC"
1.07638950731765e-68,0.846274790921684,0.361,0.127,3.46069990497696e-64,"0","TEK"
4.05593446247688e-68,0.655709212844039,0.626,0.325,1.30402348903094e-63,"0","BST2"
5.81177338871919e-68,0.963526072299674,0.435,0.181,1.86854326220711e-63,"0","HBEGF"
6.51676833621979e-68,0.610445270503466,0.541,0.255,2.09520618777802e-63,"0","HLA-DQB1"
3.6279465323439e-67,1.40051589718356,0.308,0.099,1.16642108961389e-62,"0","CD200"
6.84274265385132e-67,0.845619152341766,0.399,0.156,2.20001019063974e-62,"0","LDB2"
1.52703368884456e-66,0.494548047378444,0.627,0.328,4.90956601300413e-62,"0","CD34"
1.69492265449612e-66,0.975174943427943,0.344,0.121,5.44934582647047e-62,"0","GIMAP7"
2.55579548716935e-66,0.404184693866077,0.987,0.793,8.21713807079818e-62,"0","AL049629.2"
7.06324679757063e-66,0.673029457460868,0.457,0.194,2.27090447788693e-61,"0","MRTFB"
1.08011159414314e-65,0.442653656001769,0.977,0.751,3.47266678632959e-61,"0","EFEMP1"
1.11188637828736e-65,0.691396834378184,0.478,0.214,3.57482589483168e-61,"0","GRASP"
1.27749519537531e-65,0.701169891005608,0.458,0.195,4.10727480265115e-61,"0","RHOJ"
1.85597367026769e-65,0.406223165047932,0.94,0.692,5.96714094727765e-61,"0","TAGLN2"
2.33462665888899e-65,1.40218236544344,0.236,0.06,7.506058170994e-61,"0","FMO2"
4.14247663634247e-65,0.428567167663982,0.691,0.39,1.33184766335047e-60,"0","DUSP23"
9.44799813488963e-65,0.950911581281557,0.389,0.154,3.03762588034836e-60,"0","INSIG1"
1.84207719812973e-64,0.52206414308657,0.78,0.504,5.9224623997069e-60,"0","NFKBIA"
7.18020297734392e-64,0.834396730305861,0.384,0.149,2.30850705924584e-59,"0","SLCO2A1"
1.07823403310851e-63,0.600971774501926,0.525,0.255,3.46663023984718e-59,"0","GALNT1"
1.38934477378705e-63,0.494465600355152,0.757,0.465,4.46688238220273e-59,"0","RAB11A"
4.16777003584686e-63,0.699457913263542,0.417,0.172,1.33997974422512e-58,"0","S1PR1"
4.60896881926483e-63,0.387046822274359,0.915,0.664,1.48182956508183e-58,"0","WSB1"
8.00889515970915e-63,0.41584438141683,0.73,0.421,2.57493988279809e-58,"0","PIM3"
9.89479510013632e-63,0.868033801952674,0.286,0.089,3.18127557264483e-58,"0","AL021026.1"
1.35109363514918e-62,0.252062648990814,1,0.958,4.34390114636814e-58,"0","RPLP2"
3.31285921271818e-62,0.615180925542931,0.525,0.25,1.06511736548102e-57,"0","VCAM1"
6.63094683185179e-62,0.390103906630741,0.891,0.633,2.13191571590867e-57,"0","GAS5"
7.76277051234777e-62,1.04808563805928,0.341,0.125,2.49580834742493e-57,"0","HHEX"
8.13985354760391e-62,0.386450363861171,0.627,0.336,2.61704431409013e-57,"0","TPM3"
2.74531627155395e-61,0.724970400595166,0.415,0.174,8.82646634467311e-57,"0","GIMAP6"
3.29322777827329e-61,0.440708560472143,0.725,0.431,1.05880566299264e-56,"0","GNG11"
4.85178072478099e-61,0.731640875889567,0.393,0.157,1.55989602082434e-56,"0","EFNA1"
5.22602186196387e-61,0.8359812893102,0.375,0.146,1.68021828884e-56,"0","TIE1"
5.74962335774397e-61,0.849836494716835,0.364,0.14,1.84856140574826e-56,"0","PTPRE"
1.27811266577069e-60,0.526879711392933,0.442,0.194,4.10926003171935e-56,"0","ARHGAP26"
1.94608941887179e-60,0.40280277418542,0.612,0.322,6.25687209061471e-56,"0","AKR1C2"
2.40610217347666e-60,0.622667906751461,0.479,0.222,7.73585909794482e-56,"0","TFPI"
2.53962105617582e-60,0.414884685159784,0.835,0.556,8.16513565771089e-56,"0","BMPR2"
8.54273427800196e-60,1.00428503692658,0.281,0.091,2.74657449772041e-55,"0","GATA2"
9.88663703075398e-60,0.376317352307344,0.925,0.668,3.17865267175771e-55,"0","EMP1"
2.20159158845282e-59,1.82094685180338,0.194,0.044,7.07833711603466e-55,"0","SELE"
2.57279136838004e-59,0.390253145605793,0.796,0.493,8.27178152847868e-55,"0","ISG15"
7.87329574986878e-59,0.65764578121477,0.523,0.256,2.53134331654031e-54,"0","TSPAN7"
1.02942085771331e-58,0.716429482538578,0.456,0.208,3.30969099963408e-54,"0","CTHRC1"
2.60498098345513e-58,0.328723786186965,0.766,0.454,8.37527435990658e-54,"0","LY6E"
2.965196485079e-58,0.936078466723296,0.26,0.081,9.53340321917749e-54,"0","LINC02147"
3.19828677514263e-58,0.557597958394516,0.473,0.216,1.02828118107611e-53,"0","AC004551.1"
2.47841547855285e-57,0.624146121582017,0.406,0.174,7.96835360509528e-53,"0","FLI1"
1.46460158990289e-56,0.405955954592501,0.883,0.632,4.70884057169679e-52,"0","HLA-DPB1"
2.19235766295196e-56,0.558434088591557,0.557,0.285,7.04864912215686e-52,"0","MTUS1"
6.39982632857139e-56,0.944442709374272,0.303,0.108,2.05760816289899e-51,"0","ADGRL4"
7.60731499470547e-56,0.723919135083797,0.353,0.139,2.44582784394776e-51,"0","GIMAP5"
1.96926032578774e-55,0.336519103351633,0.98,0.802,6.33136887344017e-51,"0","CD59"
5.73134241158922e-55,1.08681531294571,0.27,0.089,1.84268389875005e-50,"0","CYYR1"
6.74895695136653e-55,0.313141505155657,0.996,0.896,2.16985714943385e-50,"0","KLF2"
7.26591475982967e-55,0.43968964945282,0.699,0.425,2.33606425443284e-50,"0","HLA-F"
1.32825872590018e-54,0.677645031018865,0.491,0.246,4.27048462964168e-50,"0","PDE4B"
1.71161389014735e-54,0.52911687342303,0.38,0.158,5.50300981821274e-50,"0","CSGALNACT1"
1.82719915113459e-54,0.814896153830341,0.299,0.107,5.87462799081281e-50,"0","CASP17P"
2.47469342107394e-54,0.435558254726624,0.598,0.322,7.95638681809483e-50,"0","IGFBP3"
2.65677230189545e-54,0.96745285379445,0.326,0.126,8.54178862782406e-50,"0","ALDH1A2"
3.26356241112497e-54,0.535333164328425,0.538,0.278,1.04926795080079e-49,"0","MX1"
7.26724510735744e-54,0.344511327444921,0.964,0.78,2.33649197446649e-49,"0","APP"
1.2573056539376e-53,0.451270306011204,0.487,0.234,4.04236340797477e-49,"0","ELK3"
1.2819062352978e-53,0.409045907361,0.714,0.429,4.12145673710596e-49,"0","LIPA"
1.43952233071499e-53,0.560423118105499,0.347,0.138,4.62820824548177e-49,"0","RGS16"
1.68302642404628e-53,0.665117075835695,0.446,0.209,5.41109825595118e-49,"0","MARCKSL1"
1.76740090819565e-53,0.427026694287086,0.646,0.369,5.68237065993983e-49,"0","AL645922.1"
6.04711438451064e-53,0.516295668556438,0.559,0.298,1.94420774576401e-48,"0","SLC2A3"
6.93642242190993e-53,0.62856700151862,0.409,0.182,2.23012917286826e-48,"0","FAM198B"
1.14681158052234e-52,0.354562259939977,0.692,0.408,3.68711391253739e-48,"0","PSMB9"
1.39736300258629e-52,1.22501715075831,0.197,0.051,4.49266178961517e-48,"0","CFI"
1.50864964566239e-52,0.666846565737264,0.363,0.152,4.85045947576914e-48,"0","FLRT2"
2.35355384497421e-52,0.683195054721763,0.497,0.251,7.5669109669766e-48,"0","ELK4"
5.41330068116514e-52,0.804734753825008,0.245,0.077,1.7404303020014e-47,"0","PLCXD3"
9.33528051477421e-52,0.28299785681358,0.864,0.59,3.00138603830506e-47,"0","KLF4"
1.22521155807796e-51,0.41226778286954,0.53,0.273,3.93917768037645e-47,"0","SMOC1"
1.28342852919016e-51,0.339869101021401,0.674,0.399,4.1263510641993e-47,"0","KCTD12"
2.82851244074047e-51,0.926766367344238,0.296,0.11,9.09395034822467e-47,"0","PALMD"
3.86992502540358e-51,0.609222327642986,0.367,0.156,1.2442195949175e-46,"0","GRB10"
5.45117519350511e-51,0.647013029798017,0.442,0.208,1.75260733646383e-46,"0","KLHL3"
6.97248725972129e-51,0.875336015135426,0.291,0.109,2.24172437887299e-46,"0","CEMIP2"
1.34592497116041e-50,0.638146791375987,0.355,0.146,4.32728337477785e-46,"0","NUAK1"
2.08774158083101e-50,0.284336510235464,0.998,0.904,6.71229795652979e-46,"0","ZFP36"
4.12894388695167e-50,0.356739401848624,0.973,0.768,1.32749674909383e-45,"0","AC100778.3"
4.76884342592737e-50,0.616470232803888,0.479,0.239,1.53323084986991e-45,"0","ABLIM1"
5.16312534137153e-50,0.605330572359419,0.436,0.206,1.65999642850436e-45,"0","AP000787.1"
7.81529540876112e-50,0.595686368818541,0.295,0.109,2.51269562687079e-45,"0","CP"
8.77462799715298e-50,0.328784891295094,0.828,0.558,2.82113064736465e-45,"0","CCNL1"
1.96135385673331e-49,0.596446455292026,0.267,0.094,6.30594878478326e-45,"0","TBX1"
3.82674252854793e-49,0.399558714228726,0.804,0.54,1.23033599035344e-44,"0","SEC11A"
5.24223607735629e-49,0.340935620515514,0.62,0.35,1.68543132123082e-44,"0","FXYD5"
1.05576038778888e-48,0.657779035237111,0.343,0.143,3.39437522278002e-44,"0","F11R"
1.40883813895474e-48,0.856466743477475,0.27,0.097,4.52955550055338e-44,"0","NEDD9"
4.8265232784969e-48,0.346393370317765,0.629,0.364,1.55177549926954e-43,"0","CFB"
9.30311449893204e-48,0.486333315449639,0.393,0.18,2.99104434255164e-43,"0","LAMB1"
1.09012679199645e-47,0.743598603136166,0.404,0.188,3.50486664894779e-43,"0","HLA-DQB1-AS1"
1.38779945759578e-47,0.959706160807976,0.251,0.086,4.46191403611619e-43,"0","CALCRL"
1.50628137192613e-47,0.382472851583137,0.672,0.409,4.84284523887971e-43,"0","SRSF7"
6.11440867463114e-47,0.474340919556125,0.451,0.219,1.96584353298066e-42,"0","CDH11"
9.41181766357878e-47,0.452778722631621,0.415,0.191,3.02599349701721e-42,"0","ADCY4"
1.91468358906412e-46,0.389780872933504,0.574,0.315,6.15589920720007e-42,"0","TCF4"
2.29142636748045e-46,0.395315735546948,0.97,0.789,7.3671649140864e-42,"0","ACTC1"
2.36993206628917e-46,0.58105304038563,0.424,0.2,7.61956858632632e-42,"0","SESN3"
2.70560652498976e-46,0.769800134743806,0.327,0.137,8.69879553849457e-42,"0","ITGB4"
2.79899050768436e-46,0.713477834600759,0.39,0.183,8.999034381256e-42,"0","GIMAP1-GIMAP5"
2.86769271589544e-46,1.23057537428118,0.161,0.039,9.21991885087542e-42,"0","PCDH15"
3.16608982202247e-46,0.312794023213084,0.824,0.545,1.01792953867844e-41,"0","MGST2"
3.63231390505267e-46,0.284573578084616,0.994,0.869,1.16782524361348e-41,"0","RPL17-C18orf32"
4.63023820896656e-46,0.614339452066251,0.264,0.095,1.48866788656484e-41,"0","AL139807.1"
5.44897872717753e-46,0.481512940836343,0.576,0.321,1.75190115057485e-41,"0","SLCO2B1"
5.78523158869407e-46,0.694126547579185,0.366,0.162,1.86000980808103e-41,"0","LRRC32"
1.14935879316869e-45,1.00195539836345,0.187,0.053,3.69530345591667e-41,"0","ADGRG6"
1.17538597887101e-45,0.347980225396733,0.702,0.437,3.77898346066819e-41,"0","AL136531.2"
1.44379628086302e-45,0.329119078362344,0.794,0.536,4.64194942260268e-41,"0","MARCKS"
1.68326204712964e-45,0.866943822472559,0.278,0.106,5.41185580772652e-41,"0","C1orf112"
1.82292383364294e-45,0.630556647517943,0.33,0.141,5.86088241754541e-41,"0","HLA-DQA1"
2.05857549687863e-45,0.268363674455533,0.996,0.878,6.61852608001449e-41,"0","HLA-A"
5.66616075490082e-45,0.441464590120884,0.499,0.269,1.82172734430816e-40,"0","ARHGDIB"
6.48588596315004e-45,0.89012450419685,0.245,0.085,2.08527719601237e-40,"0","AC097515.1"
9.01685720772979e-45,1.10584487857317,0.296,0.12,2.89900976085721e-40,"0","EGR3"
1.29205891513438e-44,0.775261721511765,0.246,0.087,4.15409861804855e-40,"0","FOXC2"
1.60997886227147e-44,0.479306104650784,0.506,0.264,5.17624304008901e-40,"0","SDCBP2-AS1"
2.14988912671804e-44,0.600759450712892,0.417,0.203,6.91210853131118e-40,"0","IL1R1"
2.53895434612524e-44,0.295253056307339,0.97,0.779,8.16299211822727e-40,"0","EEF1B2"
2.9511593534677e-44,0.349664354649241,0.65,0.389,9.488272437334e-40,"0","DDX3Y"
3.18097710227018e-44,0.347727286491405,0.436,0.214,1.02271594815089e-39,"0","CHSY1"
5.40901186089551e-44,1.04954371177491,0.192,0.057,1.73905140339652e-39,"0","3-Mar"
5.90333104784465e-44,0.369250308814646,0.612,0.364,1.89797996519253e-39,"0","TMEM123"
7.08612084761609e-44,0.323606301364666,0.838,0.601,2.27825871371705e-39,"0","PPA1"
9.42836119855711e-44,0.279967827317436,0.95,0.717,3.0313124089481e-39,"0","TGFBR2"
1.07162512352538e-43,0.552316699404512,0.349,0.153,3.44538193464645e-39,"0","ICAM1"
1.18011446903504e-43,0.283668913001292,0.995,0.861,3.79418602939457e-39,"0","AC135178.2"
1.4728363770909e-43,0.361779751670882,0.372,0.171,4.73531623598494e-39,"0","CDH5"
1.6341604219415e-43,0.291690524464596,0.965,0.795,5.25398917258412e-39,"0","RPL26"
2.12246726013262e-43,0.2618570338768,0.707,0.435,6.82394448805237e-39,"0","WWTR1"
2.61474023500376e-43,0.602891107631838,0.378,0.178,8.40665132956059e-39,"0","GMFG"
5.21469070007361e-43,0.262949008069051,0.999,0.913,1.67657520698067e-38,"0","RPS15"
5.24152811070135e-43,0.484387308227178,0.424,0.21,1.68520370287159e-38,"0","HAPLN3"
1.00276812234512e-42,0.848620925225352,0.207,0.067,3.22399979015181e-38,"0","ITGA2"
1.43154979933201e-42,0.331453283615402,0.472,0.247,4.60257575983233e-38,"0","BACE2"
1.5288873072623e-42,0.900930042986024,0.27,0.106,4.91552558157901e-38,"0","BMP4"
1.61453324894974e-42,0.92345254686349,0.265,0.102,5.19088584869829e-38,"0","OAS2"
2.04711658228375e-42,0.31225509857772,0.537,0.294,6.5816845237005e-38,"0","KANK3"
3.00947919074387e-42,0.310185091504227,0.728,0.465,9.6757765461606e-38,"0","SDCBP"
4.92409994403035e-42,0.498382784004535,0.384,0.181,1.5831473730052e-37,"0","SOX18"
5.27321214581065e-42,0.298574697658929,0.883,0.639,1.69539043699958e-37,"0","ECE1"
5.53121971323259e-42,1.18786262760201,0.146,0.035,1.77834245000141e-37,"0","TCTEX1D1"
6.45700928203541e-42,0.321480547897384,0.504,0.269,2.07599305426721e-37,"0","FKBP1A"
6.54575730394645e-42,0.312500793106033,0.955,0.749,2.10452643079182e-37,"0","AC135178.3"
6.81490407960329e-42,0.670213034829806,0.325,0.143,2.19105981063325e-37,"0","EPB41L3"
7.68281813431985e-42,0.380898263306791,0.468,0.241,2.47010285836518e-37,"0","HLA-DMB"
8.82542862517382e-42,0.652533494317532,0.236,0.084,2.83746355727963e-37,"0","ROBO4"
1.26275255079683e-41,0.385375976537411,0.434,0.217,4.05987572606689e-37,"0","SPTLC2"
1.31094823747822e-41,0.324552283812794,0.597,0.344,4.21482967831621e-37,"0","DLD"
1.65356608006592e-41,0.748596666567461,0.257,0.098,5.31638030401994e-37,"0","AC126283.2"
1.70848205649104e-41,1.59469773788992,0.132,0.028,5.49294065982435e-37,"0","BAMBI"
2.09183208449188e-41,1.08473065802378,0.187,0.057,6.72544933484985e-37,"0","CPLX1"
2.2160943497783e-41,0.275321959350949,0.972,0.794,7.1249649439722e-37,"0","CAV1"
2.56371165616618e-41,0.576158656286962,0.427,0.217,8.2425893457399e-37,"0","COTL1"
2.60358509450005e-41,0.659450181908806,0.427,0.218,8.3707864373271e-37,"0","PRPSAP1"
2.60364332557491e-41,0.575819043597918,0.306,0.128,8.37097365605589e-37,"0","JAM2"
2.91735861898355e-41,0.357678477246736,0.498,0.272,9.37959969589401e-37,"0","GALNT15"
3.23123657600828e-41,0.355314339080031,0.631,0.378,1.03887487155242e-36,"0","GGT5"
3.6602490346094e-41,0.760406758978917,0.255,0.099,1.17680666711727e-36,"0","TNFRSF10D"
3.79051355973797e-41,0.375801623919193,0.479,0.258,1.21868801459136e-36,"0","FAM107A"
4.10605523171394e-41,0.708254594778523,0.26,0.101,1.32013781754835e-36,"0","CHST15"
4.37815504739342e-41,0.762702228430706,0.248,0.093,1.40762062928746e-36,"0","TMEM255B"
7.1976735237374e-41,0.735555430168533,0.296,0.126,2.31412401461681e-36,"0","SEMA4D"
1.38378810255837e-40,0.405851490632743,0.561,0.326,4.44901712853541e-36,"0","CYP1B1"
1.57192285537851e-40,0.29500416567481,0.791,0.529,5.05388917232744e-36,"0","WDR47"
1.85219203241925e-40,0.535363089801758,0.368,0.176,5.95498260343114e-36,"0","APOL3"
2.47717154045413e-40,0.638638112376161,0.236,0.086,7.96435421971407e-36,"0","SCARF1"
3.26727951650018e-40,0.463290666303235,0.456,0.235,1.05046303734997e-35,"0","LYSMD2"
3.30583361018362e-40,0.384597683373929,0.547,0.315,1.06285856401013e-35,"0","NR4A2"
3.4335004088345e-40,0.267908646690284,0.779,0.517,1.10390471644438e-35,"0","DNAJA1"
3.4809727743995e-40,0.254965074752226,0.994,0.875,1.11916755669718e-35,"0","RPLP0"
4.40413336385385e-40,1.20138296354309,0.171,0.05,1.41597291781265e-35,"0","ADRB2"
4.44879883500052e-40,0.759853403445799,0.313,0.135,1.43033331344102e-35,"0","XAF1"
4.50751610326291e-40,0.553340130068513,0.338,0.154,1.44921150236006e-35,"0","PDE2A"
5.11660801931168e-40,0.455277698955669,0.379,0.183,1.6450406442889e-35,"0","AKR1C3"
5.50421604118156e-40,0.353122141991218,0.543,0.306,1.76966049940028e-35,"0","ATP1B3"
5.63040796293209e-40,0.910314344743431,0.211,0.073,1.8102324641623e-35,"0","WSCD1"
7.85488496263424e-40,0.473698533546679,0.341,0.156,2.52542406433653e-35,"0","SEMA6B"
9.00029721557006e-40,1.13237019565667,0.181,0.055,2.89368555777793e-35,"0","AC079296.1"
1.05811439869278e-39,0.354815122252889,0.972,0.795,3.40194360323717e-35,"0","AC087457.1"
1.14257643828546e-39,0.519892742023424,0.401,0.2,3.67349750673157e-35,"0","PRXL2A"
1.37668121312746e-39,0.523900930780834,0.325,0.144,4.42616776832611e-35,"0","ETS1"
1.39515741864644e-39,0.525232734409504,0.297,0.125,4.48557061669018e-35,"0","MINDY4"
1.44176345426379e-39,0.371402151132392,0.492,0.262,4.63541368180351e-35,"0","PSMB8"
1.8334936022087e-39,0.711130734090956,0.266,0.108,5.89486528046118e-35,"0","SHE"
2.07426924230103e-39,0.625263859208806,0.349,0.164,6.66898304092206e-35,"0","RPS6KA3"
2.11414971520436e-39,0.634299253664579,0.285,0.117,6.79720274935352e-35,"0","SPNS2"
2.482663363288e-39,0.296135560368016,0.909,0.676,7.98201097930726e-35,"0","RPL26P19"
2.77605862426674e-39,0.291589269453184,0.74,0.487,8.92530608287999e-35,"0","VAMP5"
4.00007300056028e-39,0.797748195893379,0.266,0.107,1.28606347041014e-34,"0","PTPRN2"
4.18983836094444e-39,0.726088966185165,0.276,0.114,1.34707493142725e-34,"0","ERMP1"
5.14278276374269e-39,0.267598625050426,0.769,0.514,1.65345608637091e-34,"0","PSME1"
5.39892352803235e-39,0.275399446396017,0.706,0.461,1.73580790349768e-34,"0","AC008914.1"
5.55920683942174e-39,0.338214712081648,0.511,0.285,1.78734059094248e-34,"0","NECTIN2"
5.80219823837845e-39,0.44869766744309,0.344,0.159,1.86546475562106e-34,"0","IL33"
6.09517829907239e-39,0.313971889798803,0.671,0.421,1.95966077493476e-34,"0","GREM1"
6.89727614454622e-39,0.544691198196443,0.376,0.184,2.21754325323306e-34,"0","LGALS9"
7.26537775144969e-39,0.319428350615682,0.52,0.293,2.33589160086859e-34,"0","IFI16"
8.40852335049217e-39,0.679652458440557,0.252,0.101,2.70342434241674e-34,"0","MTMR9LP"
8.6558462182042e-39,0.306879185543886,0.753,0.5,2.78294111761483e-34,"0","SYNPO"
8.90379851012301e-39,0.452312267360484,0.287,0.12,2.86266025898965e-34,"0","CDH13"
1.37244120709646e-38,0.443979049527368,0.452,0.241,4.41253572493583e-34,"0","NPHP3-ACAD11"
1.49244841211444e-38,0.328546168101733,0.33,0.149,4.79837088978912e-34,"0","RALGAPA2"
2.30382491313751e-38,0.34895542432904,0.705,0.453,7.4070274782284e-34,"0","IL6"
2.48429331312697e-38,0.257418806030435,0.7,0.452,7.98725143103452e-34,"0","SUB1"
2.57172714201332e-38,0.431023576797994,0.327,0.148,8.26835993428704e-34,"0","EPHB4"
3.91941898690234e-38,1.00241442452279,0.203,0.07,1.26013239847897e-33,"0","FAM189A2"
3.94852787324252e-38,1.23514938821835,0.161,0.046,1.2694911965262e-33,"0","AP001596.1"
5.25416075472528e-38,0.271893069908238,0.446,0.23,1.68926522425172e-33,"0","BCR"
5.4805870483386e-38,0.307727456890802,0.544,0.306,1.76206354191134e-33,"0","RAMP2"
5.49550518070297e-38,1.22487723844721,0.149,0.04,1.76685987064781e-33,"0","LHX6"
5.49970762111342e-38,0.442576247964092,0.412,0.212,1.76821099726418e-33,"0","JUP"
5.69178348378335e-38,0.659717142442808,0.31,0.138,1.82996530787118e-33,"0","MDFIC"
5.69500657070306e-38,0.481164526761018,0.322,0.147,1.83100156254674e-33,"0","IRF7"
5.76736953798644e-38,0.342827353786091,0.562,0.328,1.85426698015802e-33,"0","ADAM15"
1.210571889562e-37,0.445306921407826,0.342,0.161,3.8921096821308e-33,"0","TRIM5"
2.01418724330586e-37,0.551499260042883,0.364,0.175,6.47581340595266e-33,"0","CYTH1"
2.59832349341465e-37,0.37775027646626,0.446,0.235,8.35386986367743e-33,"0","CTSH"
3.55740465000786e-37,0.640361588139191,0.244,0.096,1.14374116902403e-32,"0","CMAHP"
5.03332228456238e-37,0.943625804367991,0.235,0.092,1.61826344770965e-32,"0","PTGS1"
6.31087120591372e-37,0.533627074668794,0.273,0.115,2.02900820141332e-32,"0","AC093668.1"
6.66455648705763e-37,0.275230051052976,0.632,0.39,2.1427215561539e-32,"0","OXR1"
7.33960590762608e-37,0.609114243888256,0.248,0.1,2.35975669536086e-32,"0","CNTNAP3B"
8.72392656894337e-37,0.619092841209553,0.256,0.104,2.80482963118098e-32,"0","SEMA6A"
1.12641604988021e-36,0.360776409647442,0.565,0.335,3.62154024196987e-32,"0","PDCD4"
1.31428556729666e-36,0.645698626824317,0.253,0.103,4.22555952741549e-32,"0","PEAR1"
1.85325201703974e-36,0.491979582751327,0.393,0.202,5.95839055998446e-32,"0","OLFM1"
2.45908147424189e-36,0.559110528902738,0.395,0.201,7.90619284783509e-32,"0","ARHGAP29"
2.7402796433331e-36,1.26763497380056,0.146,0.04,8.81027308128024e-32,"0","CHST1"
6.78612666994625e-36,0.570459874472689,0.216,0.08,2.18180758565442e-31,"0","AC017116.2"
6.83208583965293e-36,0.429616389879135,0.275,0.118,2.19658391830681e-31,"0","TRIM22"
8.52279425984926e-36,0.26412005698948,0.967,0.788,2.74016358248414e-31,"0","RPL17"
8.97066382833759e-36,0.483379392693552,0.321,0.147,2.88415812744882e-31,"0","FLT1"
9.92071147257144e-36,0.606066381366156,0.167,0.052,3.18960794554644e-31,"0","TSPAN12"
1.747481835706e-35,0.309374138989296,0.605,0.371,5.61832884997838e-31,"0","EEF1B2P6"
1.91992317187632e-35,0.577995718937235,0.223,0.086,6.17274498989956e-31,"0","AP003501.1"
1.94022270516548e-35,0.251427139503338,0.987,0.844,6.23801001937754e-31,"0","RPL6"
2.25677376035889e-35,0.701442094139301,0.261,0.11,7.25575331692987e-31,"0","AC011511.5"
2.28851988945996e-35,0.721420975255326,0.216,0.083,7.35782029660272e-31,"0","MGAT4A"
2.6808695045493e-35,0.317939942147897,0.497,0.276,8.61926354407645e-31,"0","RBMS2"
3.07299992507701e-35,0.631721819761674,0.239,0.096,9.8800020591151e-31,"0","EXOC6"
3.59401674238405e-35,0.362229621098075,0.551,0.325,1.15551232284389e-30,"0","WARS"
4.36146918120757e-35,0.530706451796614,0.303,0.138,1.40225595645005e-30,"0","ADAMTS9"
5.19987176237045e-35,0.441126685893039,0.35,0.171,1.67181077031972e-30,"0","PROCR"
7.89094058373881e-35,0.3841925814487,0.497,0.281,2.53701630707786e-30,"0","IER3-AS1"
9.00450172225797e-35,0.26204550726945,0.533,0.309,2.89503734872316e-30,"0","DLC1"
9.12858686585051e-35,0.47978007278405,0.467,0.262,2.9349319632396e-30,"0","SLC9A3R2"
1.00948570170228e-34,0.30689245469795,0.581,0.353,3.24559747954301e-30,"0","BHLHE40"
1.01809703740627e-34,1.01188325038167,0.174,0.057,3.27328378496491e-30,"0","CMPK2"
1.22472591957906e-34,0.433435427868625,0.303,0.138,3.93761630403865e-30,"0","AC004691.2"
1.27178361005235e-34,0.295205400268147,0.615,0.392,4.08891148467932e-30,"0","ESAM"
1.39031713372471e-34,0.859674315521794,0.205,0.076,4.47000861663832e-30,"0","AC009119.1"
2.89172351521493e-34,0.473920850866004,0.422,0.229,9.29718027376753e-30,"0","MCUB"
2.90415000617663e-34,0.461551298720665,0.361,0.178,9.33713268485847e-30,"0","AC105052.4"
6.92929531989612e-34,0.3135806655947,0.55,0.331,2.2278377382998e-29,"0","CSRNP1"
7.85947707230614e-34,0.345327399692226,0.465,0.262,2.52690047351715e-29,"0","EPB41L2"
1.18601249798903e-33,0.414139462049422,0.388,0.204,3.81314878228454e-29,"0","IL1R1-AS1"
1.36724291682602e-33,0.455215725675362,0.363,0.185,4.39582270188732e-29,"0","PIK3C2A"
1.37041498601914e-33,0.517423264072207,0.269,0.117,4.40602122155014e-29,"0","SHROOM1"
1.57840608551259e-33,0.700836515811611,0.173,0.059,5.07473340553152e-29,"0","BMX"
1.79504450603868e-33,0.410596119763727,0.386,0.197,5.77124759136495e-29,"0","FAT4"
2.74198043167482e-33,0.327850770957573,0.521,0.308,8.8157412858777e-29,"0","SERPINB1"
3.44363407701044e-33,0.298343767078016,0.581,0.35,1.10716279209963e-28,"0","RPL12P16"
4.03309359793981e-33,1.20778605849584,0.144,0.043,1.29667992267363e-28,"0","CLDN10"
4.09199185593828e-33,0.29760448861383,0.645,0.408,1.31561630160271e-28,"0","DTX3L"
6.20009900454628e-33,0.349932642941043,0.303,0.142,1.99339383095167e-28,"0","CASP4"
6.97120384364139e-33,0.255938391180791,0.531,0.319,2.24131174776914e-28,"0","HMGN1"
7.10165403415129e-33,0.454114146659406,0.354,0.18,2.28325278851998e-28,"0","PLSCR4"
9.06102886318255e-33,0.871911152708387,0.199,0.076,2.91321138980182e-28,"0","SEL1L3"
1.03954580402908e-32,0.432860854144581,0.276,0.124,3.34224371453388e-28,"0","PRAL"
1.33084497607202e-32,0.463177161611058,0.3,0.14,4.27879968256915e-28,"0","DLL4"
1.34504105056131e-32,0.34647059122459,0.558,0.346,4.32444148165965e-28,"0","MS4A6A"
1.36684593848281e-32,0.375240449540807,0.487,0.284,4.39454637681609e-28,"0","AL157871.4"
1.51018659352309e-32,0.901962794713621,0.167,0.055,4.85540091683608e-28,"0","MYCT1"
1.53956322800722e-32,0.256253991446461,0.674,0.427,4.94984973436602e-28,"0","CAV2"
1.99092595960556e-32,0.472759904761592,0.289,0.134,6.40102605272783e-28,"0","RAI14"
2.00789336175179e-32,0.9684308143447,0.199,0.076,6.45557794736817e-28,"0","TBC1D9"
2.05410148599089e-32,0.952313983973931,0.212,0.084,6.60414168760932e-28,"0","MFNG"
2.18033806849645e-32,0.25713320040541,0.743,0.505,7.01000492402293e-28,"0","SRGN"
3.25849726840745e-32,0.650056357350127,0.208,0.081,1.04763945676568e-27,"0","AC007998.2"
3.66533307391952e-32,0.561522693914828,0.19,0.069,1.17844123659587e-27,"0","MCTP1"
4.06127357555895e-32,0.56986858703255,0.348,0.177,1.30574006727796e-27,"0","AP001189.1"
8.24300616721964e-32,0.801841124868395,0.19,0.071,2.65020891282279e-27,"0","INHBB"
9.70706022970985e-32,0.281134156828434,0.483,0.274,3.12091693445401e-27,"0","PDGFRL"
1.17861907031554e-31,0.337127436905536,0.414,0.225,3.78937817297148e-27,"0","TNFRSF1B"
1.22426826136603e-31,0.388687894139066,0.382,0.204,3.93614488711791e-27,"0","TNFAIP1"
1.25595679169828e-31,0.373202942720933,0.412,0.222,4.03802668098914e-27,"0","TBC1D15"
1.37704595406295e-31,0.608558942345646,0.202,0.078,4.42734044690779e-27,"0","TDRP"
1.53323319028606e-31,0.339903539292141,0.289,0.134,4.9294980300887e-27,"0","ZNF521"
1.53507304959183e-31,0.384703542304429,0.372,0.199,4.93541336174269e-27,"0","TMEM9B"
1.56734192063298e-31,1.06819148972687,0.175,0.063,5.03916100902709e-27,"0","TFF3"
1.74976210833929e-31,0.253959456685105,0.552,0.336,5.62566015452166e-27,"0","IL4R"
1.79481793833757e-31,0.298424190814648,0.953,0.763,5.77051915354913e-27,"0","SYN1"
2.02509191664773e-31,0.390473019978421,0.371,0.194,6.51087302121412e-27,"0","SRSF8"
2.32331657334263e-31,0.440450492670454,0.272,0.123,7.46969511495389e-27,"0","ARL4A"
2.41353511336959e-31,0.257881279989357,0.313,0.153,7.75975674299458e-27,"0","NFATC2"
3.39688811354271e-31,0.377325136163408,0.49,0.281,1.09213349738512e-26,"0","RAB13"
3.76647557815453e-31,0.28330477490643,0.47,0.27,1.21095956313246e-26,"0","TSPAN14"
4.94153379986438e-31,0.397850725890828,0.276,0.128,1.5887525319944e-26,"0","CLSTN3"
5.79251169352729e-31,0.313391789143005,0.661,0.433,1.86235043458596e-26,"0","TYROBP"
8.93948693755499e-31,0.325267227142851,0.421,0.23,2.87413444529331e-26,"0","HMGB2"
9.09184298710139e-31,0.459696075350822,0.281,0.132,2.92311843878297e-26,"0","SH3BP5"
1.20075937576746e-30,0.376829059716469,0.399,0.213,3.86056146902995e-26,"0","ARL6IP1"
1.20710077164806e-30,1.11422403469349,0.175,0.063,3.88094969092567e-26,"0","ITGA10"
1.43073979305568e-30,0.344256322382379,0.527,0.311,4.59997150865333e-26,"0","AL358472.6"
1.85056702762329e-30,0.639494196653776,0.231,0.099,5.94975805051164e-26,"0","PDGFB"
2.26822416953546e-30,0.338772105154539,0.26,0.117,7.29256752747346e-26,"0","CLIC2"
2.74326040473001e-30,0.261211319810364,0.562,0.339,8.81985652724746e-26,"0","QKI"
2.8226731277416e-30,0.523475583938052,0.236,0.101,9.07517637300202e-26,"0","ADGRG1"
3.32869511988032e-30,0.505325183154392,0.245,0.109,1.07020876799272e-25,"0","ISG20"
3.83043366720731e-30,0.417232842679901,0.274,0.129,1.23152272834382e-25,"0","IL3RA"
4.16562585718715e-30,0.26547826394239,0.339,0.173,1.33929036934424e-25,"0","ACVRL1"
4.56731266393125e-30,0.415187839461558,0.382,0.206,1.46843669458053e-25,"0","GALK1"
6.82854430099635e-30,0.34264251702519,0.291,0.138,2.19544527821334e-25,"0","PRKCH"
6.90381335325576e-30,0.574674938037836,0.241,0.105,2.21964503120526e-25,"0","HPS3"
7.07038308311064e-30,0.324659563844248,0.447,0.253,2.2731988650509e-25,"0","PERP"
7.41828249672936e-30,0.955817494293293,0.125,0.036,2.38505200552346e-25,"0","ABI3"
8.83111272307514e-30,0.3141174539607,0.49,0.288,2.83929105159589e-25,"0","IER3"
1.54042580879777e-29,0.293915832118608,0.529,0.319,4.95262301786571e-25,"0","AL161909.1"
1.90515005165218e-29,0.474806305579268,0.236,0.102,6.12524793106691e-25,"0","HLA-DMA"
2.03874866677019e-29,0.718017091466623,0.18,0.068,6.55478083853285e-25,"0","PKP4-AS1"
2.04056373730641e-29,0.793272931792916,0.158,0.055,6.56061647181384e-25,"0","FLT4"
2.15728320863362e-29,0.652208320803006,0.167,0.06,6.93588124407795e-25,"0","CYYR1-AS1"
2.23591911087879e-29,0.292445728414379,0.499,0.297,7.18870353338641e-25,"0","DOCK9"
2.28498590440774e-29,0.492212270996132,0.308,0.155,7.34645818126133e-25,"0","UPP1"
2.64958085279744e-29,0.501115885279455,0.219,0.092,8.51866739982905e-25,"0","AL355075.3"
2.90654307055492e-29,0.418022096438601,0.335,0.174,9.34482662614111e-25,"0","SNRK"
3.50782816297736e-29,0.47491083324409,0.373,0.2,1.12780183267885e-24,"0","AC114490.2"
3.71793561235934e-29,0.65970066858948,0.167,0.06,1.19535347872965e-24,"0","DOC2B"
3.80467836905144e-29,0.304850290478366,0.455,0.266,1.22324214243373e-24,"0","NUMB"
4.07802020290717e-29,0.463553774667423,0.257,0.119,1.31112427543668e-24,"0","PLEKHG1"
5.29255196198428e-29,0.469472269720892,0.203,0.083,1.70160838129756e-24,"0","ARHGEF15"
5.40475342266442e-29,0.306076148608566,0.306,0.152,1.73768227292084e-24,"0","TRIB2"
5.72402175027658e-29,0.498911278587159,0.264,0.122,1.84033023293142e-24,"0","CMIP"
5.93200432441737e-29,0.455643554427805,0.277,0.131,1.90719871034343e-24,"0","AHR"
6.61038636836035e-29,0.617841297409351,0.251,0.113,2.12530532129154e-24,"0","SLC25A25-AS1"
6.64604490403125e-29,0.682287234297298,0.169,0.061,2.13676989709509e-24,"0","SCUBE2"
6.67390776549086e-29,0.515875011421989,0.252,0.117,2.14572808568297e-24,"0","ITM2A"
7.68373936365127e-29,1.09626803790344,0.129,0.039,2.47039904280752e-24,"0","CMTM8"
9.83065169718098e-29,0.485231070216324,0.199,0.081,3.16065282716066e-24,"0","SOX7"
1.00631015781895e-28,0.973182349826049,0.156,0.055,3.2353877884037e-24,"0","ABCG2"
1.07219356505687e-28,0.279355133710448,0.47,0.274,3.44720953101434e-24,"0","AC079313.2"
1.10155225700352e-28,0.581049332271938,0.214,0.091,3.54160066149202e-24,"0","ABCC4"
1.73729780709033e-28,0.864021438353118,0.167,0.061,5.58558617957612e-24,"0","INO80C"
2.2005863703577e-28,0.271996924401473,0.354,0.187,7.07510523933703e-24,"0","HEG1"
2.88655600648691e-28,0.38476509281022,0.318,0.162,9.28056621645606e-24,"0","ACVR1"
3.30033967042307e-28,0.438191295161912,0.368,0.202,1.06109220743772e-23,"0","CTSS"
3.43842677996819e-28,0.311355278826891,0.189,0.074,1.10548859402757e-23,"0","AC078883.1"
4.34072103166733e-28,0.32087569330975,0.293,0.145,1.39558521889136e-23,"0","ZDHHC14"
5.11506638669822e-28,0.255835425734769,0.609,0.391,1.64454499398735e-23,"0","SNRPB2"
5.68198198992389e-28,0.279189568814993,0.403,0.225,1.82681402958043e-23,"0","ANAPC4"
7.31500631827069e-28,0.297730182128106,0.356,0.19,2.35184768138721e-23,"0","PARP14"
8.26033412915467e-28,0.452396323165855,0.168,0.062,2.65578002586452e-23,"0","RFTN2"
9.78390315878923e-28,0.255215073083565,0.349,0.187,3.14562270458233e-23,"0","KBTBD2"
1.04640856416021e-27,0.549097691228052,0.256,0.121,3.36430817463151e-23,"0","PITPNC1"
1.06933246217384e-27,0.838425136769775,0.177,0.069,3.43801079913511e-23,"0","AC015712.2"
1.14737256370897e-27,0.303468350793139,0.525,0.325,3.6889175295807e-23,"0","MBTPS1"
1.20123088473871e-27,0.578436451026593,0.26,0.121,3.86207741752343e-23,"0","FZD6"
1.42028582472766e-27,0.251151775943625,0.544,0.335,4.5663609550819e-23,"0","HMGN3"
1.48359846384894e-27,1.00008044094404,0.146,0.05,4.76991742112073e-23,"0","TAL1"
1.6360147153027e-27,1.1043986723532,0.146,0.05,5.2599509111697e-23,"0","PLIN5"
1.65929617197069e-27,0.979970390387807,0.149,0.052,5.33480312250297e-23,"0","KCNN3"
1.76027151616562e-27,0.397982641002037,0.299,0.149,5.6594489516241e-23,"0","MAP3K8"
1.82678430615439e-27,0.341976299494104,0.313,0.16,5.87329422271697e-23,"0","EIF2AK2"
1.91328672008055e-27,0.295237754880978,0.574,0.37,6.15140813373098e-23,"0","DNAJC25-GNG10"
2.23796620164274e-27,0.806471583490045,0.178,0.07,7.19528513490157e-23,"0","RSAD2"
2.31403150902442e-27,0.420561108167292,0.172,0.066,7.43984270466441e-23,"0","PPP1R16B"
2.74743118644927e-27,0.399001875237626,0.303,0.153,8.83326600755305e-23,"0","AC009554.1"
2.78489294037929e-27,0.505435136346318,0.205,0.086,8.95370929261346e-23,"0","FXYD6"
2.88597579068985e-27,0.481854579156551,0.243,0.112,9.27870076464695e-23,"0","ODF3B"
2.93671788892335e-27,0.346827413263084,0.378,0.208,9.44184168467747e-23,"0","LAP3"
2.94362634400176e-27,0.260382006872992,0.244,0.111,9.46405305860006e-23,"0","SLC25A25"
3.19975725214762e-27,0.343583783607098,0.404,0.226,1.02875395413798e-22,"0","AC005884.2"
3.55011415586326e-27,0.978263259117257,0.153,0.056,1.1413972022516e-22,"0","CARD10"
3.68905568315831e-27,0.472255288055003,0.356,0.192,1.18606829269223e-22,"0","RAB8B"
3.904901674307e-27,0.455418779527696,0.371,0.202,1.25546493730644e-22,"0","RPL12P38"
4.73638399333701e-27,0.306993473188518,0.359,0.196,1.52279481769778e-22,"0","GNB4"
5.83959789610308e-27,0.267773719290756,0.45,0.258,1.8774891195761e-22,"0","AC104563.1"
6.03368070023299e-27,0.34154061963361,0.292,0.145,1.93988868193191e-22,"0","ATL2"
8.32348846695348e-27,0.256572899656325,0.621,0.407,2.67608477701021e-22,"0","CCDC50"
9.60086715402321e-27,0.515896221248666,0.281,0.138,3.08677479869e-22,"0","IFIT1"
1.08657306369433e-26,0.490142146273723,0.327,0.173,3.49344105708363e-22,"0","CADPS2"
1.1519290333792e-26,0.625442481391872,0.21,0.092,3.70356703521746e-22,"0","PNP"
1.19519807590371e-26,0.579176542466504,0.228,0.103,3.84268133383802e-22,"0","FAM206A"
1.54524070436412e-26,0.409926971791346,0.276,0.137,4.96810338860107e-22,"0","RASIP1"
1.6414295546705e-26,0.453325846422722,0.172,0.067,5.27736016122111e-22,"0","ABHD17C"
1.84630789316228e-26,0.376511106263533,0.477,0.29,5.93606450730606e-22,"0","LSM5"
1.89892111158906e-26,0.651838080788731,0.121,0.037,6.10522126587e-22,"0","FNBP1L"
2.04987288728342e-26,0.306337119872366,0.441,0.256,6.59054631990491e-22,"0","BX679664.3"
2.22300877267084e-26,0.507979604609855,0.239,0.112,7.14719550501401e-22,"0","IFIH1"
2.27775442205551e-26,0.610573246238947,0.182,0.074,7.32320824235068e-22,"0","PRKAR1B"
2.39447411298714e-26,0.402680394799387,0.248,0.117,7.69847372066495e-22,"0","SNRK-AS1"
2.48549963414664e-26,0.304249671836001,0.474,0.281,7.99112987374487e-22,"0","DHX9"
3.203034243738e-26,0.562269897900447,0.223,0.102,1.02980753970421e-21,"0","IFIT3"
3.28479066700542e-26,0.861730329954967,0.129,0.043,1.05609304734891e-21,"0","ICA1"
3.72186419196493e-26,0.499333987772195,0.246,0.117,1.19661655635865e-21,"0","FRMD4B"
4.39543234333275e-26,0.368933616916002,0.335,0.178,1.41317545270491e-21,"0","FZD4"
4.47609402638026e-26,0.295316320049521,0.442,0.259,1.43910899042152e-21,"0","SLC7A2"
4.76468624708806e-26,0.685004657000793,0.209,0.092,1.53189427530128e-21,"0","AL133268.4"
5.30824276978061e-26,0.296520996535206,0.333,0.177,1.70665313291216e-21,"0","FAM107B"
5.3240321796032e-26,0.935601711698875,0.142,0.05,1.71172958606423e-21,"0","GBP4"
5.51514548911731e-26,0.469333632943602,0.199,0.084,1.77317442620611e-21,"0","NRN1"
6.738581131087e-26,0.361481481652541,0.324,0.169,2.16652121945578e-21,"0","MAP3K11"
7.33985895958955e-26,0.303684904682518,0.341,0.182,2.35983805409764e-21,"0","RAB27A"
7.56053809605163e-26,0.257189203068467,0.276,0.136,2.43078860326156e-21,"0","PSMB8-AS1"
7.74723191070986e-26,0.410798936540793,0.314,0.167,2.49081253161233e-21,"0","MCM3"
9.5400865470152e-26,0.547803932217465,0.214,0.096,3.06723322573086e-21,"0","ACAD11"
1.01278135239052e-25,0.474096502150998,0.225,0.101,3.25619332607078e-21,"0","RPL12P6"
1.06306525186061e-25,0.77221554756548,0.187,0.078,3.41786109125704e-21,"0","CARD16"
1.06749170029492e-25,0.441861105611371,0.27,0.133,3.43209256561819e-21,"0","AC019117.3"
1.06848079991591e-25,1.07580238380629,0.12,0.038,3.43527261980965e-21,"0","GIMAP2"
1.0985959638592e-25,0.286330476817492,0.322,0.168,3.53209588340371e-21,"0","AC079313.1"
1.37489694334182e-25,0.563795067666908,0.248,0.118,4.42043116253827e-21,"0","AL669918.1"
1.44633331379527e-25,0.30980437523255,0.359,0.198,4.65010623718317e-21,"0","RPS6KA2"
1.46944350373341e-25,0.302134244644359,0.366,0.204,4.72440780885328e-21,"0","COLEC12"
1.659792630799e-25,0.326658346123691,0.441,0.261,5.33639928728186e-21,"0","GNG10"
1.74488877006089e-25,0.538030291820346,0.209,0.092,5.60999188462277e-21,"0","PLA1A"
2.05441900007216e-25,0.268580921107352,0.94,0.772,6.60516252713199e-21,"0","TIMP1"
2.12407660580361e-25,0.313991968005459,0.383,0.215,6.8291186953192e-21,"0","ADAM10"
2.51549125124916e-25,0.438980226195081,0.264,0.131,8.08755592189116e-21,"0","UBE2J1"
2.84878033613752e-25,0.345999692440819,0.28,0.142,9.15911365871572e-21,"0","SH3BP5-AS1"
3.00035041250557e-25,0.735065480102699,0.151,0.056,9.64642661124667e-21,"0","ST6GALNAC3"
3.12665143770739e-25,0.499895362430522,0.227,0.105,1.0052497037373e-20,"0","PRR29"
3.46015066689828e-25,0.719919037660443,0.114,0.035,1.11247304091446e-20,"0","HAGLR"
3.8119515566843e-25,0.660689351378837,0.211,0.095,1.22558054498957e-20,"0","LRRC1"
5.39168360682947e-25,0.45355859599144,0.301,0.159,1.73348019643174e-20,"0","BCL3"
5.44198367156345e-25,0.64496154605764,0.178,0.073,1.74965217024437e-20,"0","LDLRAD3"
5.60703505792572e-25,0.37050620770071,0.245,0.116,1.8027178414737e-20,"0","AC027097.2"
5.83420895419941e-25,0.265906361024971,0.301,0.156,1.87575652086465e-20,"0","CD40"
6.13311609970942e-25,1.2006790674122,0.124,0.041,1.97185815721758e-20,"0","AC097478.1"
6.14860798116514e-25,0.280353990326321,0.446,0.268,1.9768389520244e-20,"0","DUT"
6.88452486274023e-25,0.29156159584559,0.431,0.251,2.21344358861961e-20,"0","AC046185.1"
7.6274755247748e-25,0.391795139846266,0.336,0.186,2.45230965597035e-20,"0","ITPRID2"
7.65169669139936e-25,0.398728637020228,0.216,0.098,2.46009700325181e-20,"0","STC1"
8.05801134742461e-25,0.406721102924237,0.293,0.151,2.59073122831049e-20,"0","AL451085.2"
1.20569944697091e-24,0.795192643257209,0.152,0.058,3.87644429195617e-20,"0","ROBO3"
1.69285543819073e-24,0.532881966662611,0.243,0.119,5.442699519327e-20,"0","TAP2"
1.70331244500382e-24,0.38550441883943,0.264,0.134,5.47631984193178e-20,"0","SLC2A1"
2.05720539016157e-24,0.53134814076484,0.243,0.118,6.61412104990845e-20,"0","TNFRSF10B"
2.3241043495536e-24,0.275432936117807,0.337,0.185,7.47222789424979e-20,"0","UFM1"
2.39108383414391e-24,0.288771043047481,0.318,0.171,7.6875736351561e-20,"0","TMOD3"
2.47741867108853e-24,0.328631840316174,0.486,0.307,7.96514876941672e-20,"0","CBX3"
2.61402871881577e-24,1.03365504012205,0.118,0.038,8.40436373386459e-20,"0","CNTN1"
3.68523720808922e-24,0.613485238791562,0.158,0.062,1.18484061477276e-19,"0","EDNRB"
4.31819552402609e-24,0.640078742436391,0.156,0.06,1.38834304292963e-19,"0","PTPRB"
4.36751539946985e-24,0.659000204923902,0.159,0.062,1.40419987608355e-19,"0","NPR1"
4.93919530810417e-24,0.778726867867427,0.134,0.047,1.58800068350857e-19,"0","NOSTRIN"
4.95678939677524e-24,0.376389999631331,0.325,0.179,1.59365735895721e-19,"0","IFI27L2"
5.6427124517839e-24,0.897666306779975,0.146,0.055,1.81418848037304e-19,"0","SLCO4A1"
5.85726007995611e-24,0.652644856412961,0.199,0.089,1.88316768830669e-19,"0","SH2D3C"
6.58426279778975e-24,0.258646921003835,0.379,0.219,2.11690633211738e-19,"0","ACSL4"
7.40512067414809e-24,0.337715886438118,0.386,0.227,2.38082034794535e-19,"0","POLR2H"
7.99798789985902e-24,0.478017598566394,0.261,0.132,2.57143308968367e-19,"0","FOXC1"
8.11661480906791e-24,0.713608330449298,0.167,0.068,2.60957282726342e-19,"0","STARD8"
8.461372590245e-24,0.808333792968575,0.141,0.052,2.72041590148967e-19,"0","SNCA"
9.21786151766858e-24,0.261231110547259,0.448,0.27,2.96363465654562e-19,"0","SLC25A39"
1.29167980842399e-23,0.516857567096029,0.175,0.074,4.15287975206399e-19,"0","OAS1"
1.33366872943146e-23,0.59821214254644,0.227,0.109,4.28787833199508e-19,"0","ZNF436"
1.44006211171811e-23,0.289218806718783,0.292,0.152,4.6299436953849e-19,"0","AC068234.1"
1.45312983799279e-23,0.655597068839464,0.269,0.142,4.67195774213063e-19,"0","SOCS2"
1.52393116151518e-23,0.251355807589993,0.381,0.219,4.89959107738746e-19,"0","RSRC2"
1.80656743477426e-23,0.491450380941865,0.219,0.102,5.80829495954274e-19,"0","AL645941.2"
1.97208961460685e-23,0.433374163015104,0.224,0.107,6.34046531992247e-19,"0","LIFR"
1.98887001376641e-23,0.780419565057529,0.157,0.063,6.39441598126037e-19,"0","LPAR6"
2.01392004152463e-23,0.29367862530727,0.412,0.247,6.47495432550584e-19,"0","TPPP3"
2.20043007176508e-23,0.407218472558882,0.263,0.135,7.07460272373191e-19,"0","THSD1"
2.52130699581472e-23,0.297010989637102,0.299,0.161,8.10625412224392e-19,"0","NFATC1"
3.24175846544326e-23,0.300542282049921,0.403,0.236,1.04225776422466e-18,"0","SRSF9"
3.45156692835726e-23,0.264638864509758,0.282,0.149,1.10971328313614e-18,"0","JDP2"
3.55807072630534e-23,0.354417068206296,0.207,0.094,1.14395531921443e-18,"0","HERC2P9"
4.31048525652431e-23,0.501330608967322,0.147,0.057,1.38586411482513e-18,"0","PCDH17"
4.39116808393525e-23,0.405464422753027,0.275,0.143,1.41180445066602e-18,"0","BMS1"
5.48565313778304e-23,0.589768684956939,0.204,0.094,1.76369234032862e-18,"0","LPCAT4"
6.47323656116272e-23,0.822698627057924,0.137,0.051,2.08121028677943e-18,"0","AC093801.1"
7.41132146510837e-23,0.477574144232395,0.238,0.117,2.38281396424699e-18,"0","CLCN3"
7.66780345686188e-23,0.33590034770831,0.233,0.114,2.46527548941566e-18,"0","FAM43A"
9.07089891179105e-23,0.682094472724318,0.153,0.061,2.91638470912994e-18,"0","TMEM44-AS1"
9.90913556480269e-23,0.313505237089267,0.365,0.209,3.18588617543971e-18,"0","MYD88"
1.09918178246932e-22,0.302383861820484,0.192,0.085,3.53397934881712e-18,"0","ARAP3"
1.25876318560431e-22,0.273210023322594,0.39,0.228,4.04704951803642e-18,"0","SNRPD1"
1.28855341576765e-22,0.719857733265098,0.163,0.068,4.14282808703458e-18,"0","ALDH1A3"
1.45718026014598e-22,0.289968039486315,0.281,0.148,4.68498025439533e-18,"0","SLFN11"
1.63677551531053e-22,0.89945117192111,0.105,0.033,5.26239695927488e-18,"0","RND1"
1.66145324823156e-22,0.317253631641505,0.274,0.142,5.3417383383893e-18,"0","ATG16L2"
1.6848412162371e-22,0.359200832477258,0.199,0.091,5.41693299432391e-18,"0","ODF2L"
1.91976238600899e-22,0.794321660377579,0.149,0.06,6.17222804725751e-18,"0","HS3ST2"
1.94230135698302e-22,0.63264681700579,0.135,0.05,6.2446930928361e-18,"0","CUBN"
1.94615026962235e-22,0.40087251569888,0.29,0.157,6.25706773186282e-18,"0","PTPRC"
1.99145662689153e-22,0.25871987202943,0.423,0.253,6.40273220111895e-18,"0","BNIP2"
2.10018462459617e-22,0.625033937008781,0.154,0.062,6.75230358653914e-18,"0","DDX60L"
2.39908952256401e-22,0.388752727491452,0.361,0.207,7.71331272399553e-18,"0","PSMA3"
2.43173021896971e-22,0.579389864478674,0.134,0.049,7.81825582700952e-18,"0","AC025569.1"
2.5496596256886e-22,0.476080894087768,0.103,0.032,8.19741066255142e-18,"0","CELSR1"
2.91768924422448e-22,0.602518233281148,0.141,0.054,9.38066268910611e-18,"0","RPH3AL"
3.13193329688896e-22,0.840014772055819,0.114,0.038,1.00694787428277e-17,"0","GNA14"
4.38761786826745e-22,0.863309484557447,0.138,0.053,1.41066302082667e-17,"0","ACKR4"
5.01805796879383e-22,0.283498670636153,0.309,0.17,1.61335581754691e-17,"0","PARP9"
5.37840301841838e-22,0.322154838534278,0.319,0.176,1.72921035445169e-17,"0","ZNF24"
5.57008890099414e-22,0.467521790510725,0.222,0.109,1.79083928255863e-17,"0","CIAO2A"
5.91803973235423e-22,0.285275729656271,0.282,0.151,1.90270895434921e-17,"0","TMTC1"
8.14891893993014e-22,0.350734926259536,0.249,0.126,2.61995892837694e-17,"0","CFAP20"
8.34740285921335e-22,0.267493035026268,0.506,0.332,2.68377349326568e-17,"0","FSIP1"
1.02332582787869e-21,0.348018981419389,0.319,0.178,3.29009486921277e-17,"0","THAP12"
1.21410182666269e-21,0.305527461078952,0.252,0.129,3.90345878290321e-17,"0","BCAR3"
1.28758530229881e-21,0.464624279386279,0.269,0.144,4.13971550542091e-17,"0","TRRAP"
1.32993890062809e-21,0.467536944124031,0.205,0.097,4.27588655940939e-17,"0","EPSTI1"
1.62995257196963e-21,0.39864098178005,0.26,0.135,5.24046051413954e-17,"0","RPL26P6"
1.63938513432009e-21,0.299891070315629,0.272,0.143,5.27078714535252e-17,"0","SVIP"
1.64991862430157e-21,0.692645470314543,0.158,0.066,5.30465336899198e-17,"0","MAP3K1"
1.88300829822194e-21,0.352286559132524,0.217,0.106,6.05405997961337e-17,"0","GPRC5B"
2.04698057562833e-21,0.425876304236199,0.19,0.087,6.58124724870264e-17,"0","HIPK2"
2.32206459735592e-21,0.254455311913313,0.353,0.204,7.46566988695901e-17,"0","ATP6V1C1"
2.48847153121087e-21,0.834868021608637,0.134,0.052,8.00068481999608e-17,"0","TMEM88"
2.96839536799869e-21,0.355594291560775,0.298,0.163,9.5436879476526e-17,"0","CDC26"
2.97858632229418e-21,0.449857574383961,0.213,0.104,9.57645288480802e-17,"0","RAB28"
2.99671126572049e-21,0.62536652074514,0.142,0.056,9.63472639041793e-17,"0","FAM84B"
3.49134402299747e-21,0.6207242605523,0.2,0.095,1.12250201683392e-16,"0","FLVCR2"
3.52625392065292e-21,0.342943246492958,0.244,0.124,1.13372589802912e-16,"0","TTLL5"
3.65408169223342e-21,0.307232891489067,0.362,0.215,1.17482380486997e-16,"0","CERK"
3.72967148018779e-21,0.38239984576039,0.207,0.098,1.19912667759518e-16,"0","NFATC2IP"
3.8608176036139e-21,0.330999574765468,0.368,0.218,1.24129146773791e-16,"0","MS4A4A"
4.09325136787349e-21,0.344740504894775,0.351,0.206,1.31602124728501e-16,"0","LIMCH1"
4.20032539618465e-21,0.495825591852198,0.185,0.084,1.35044661812733e-16,"0","DDX59"
5.16684946894171e-21,0.754978590519865,0.101,0.032,1.66119377275945e-16,"0","KRT18"
5.69120464634792e-21,0.572720165878331,0.127,0.048,1.82977920584732e-16,"0","DNASE1L3"
5.92807171554964e-21,0.646461404052844,0.102,0.033,1.90593433726636e-16,"0","NR5A2"
6.06372646940493e-21,0.485429571403298,0.183,0.084,1.94954869717838e-16,"0","ATP11A"
6.53423663347311e-21,0.507059906996564,0.146,0.059,2.10082242002794e-16,"0","RASA4B"
7.28902985479517e-21,0.333475010340224,0.26,0.138,2.34349598861519e-16,"0","RHBDF2"
7.48082963772346e-21,0.296036267417425,0.293,0.162,2.40516153682447e-16,"0","DDX21"
8.40893096960517e-21,0.568390928210727,0.142,0.057,2.70355539603776e-16,"0","EPHA2"
8.71045891814543e-21,0.268225416091367,0.419,0.256,2.80049964677294e-16,"0","ACTR1B"
9.93165318745813e-21,0.261997515226028,0.35,0.201,3.19312581629966e-16,"0","AL138733.1"
1.01412225278853e-20,0.2571727280711,0.257,0.136,3.2605044549404e-16,"0","MX2"
1.07545054804089e-20,0.486637783315189,0.17,0.075,3.45768105700627e-16,"0","SPATA6L"
1.27299590211069e-20,0.382838448242892,0.229,0.117,4.09280912487608e-16,"0","HMBOX1"
1.31918742493383e-20,0.914558665932378,0.115,0.041,4.24131948990474e-16,"0","CDA"
1.38760205513331e-20,0.269314287644643,0.376,0.221,4.4612793674591e-16,"0","SLC23A1"
1.44318163680571e-20,0.64075685047791,0.113,0.04,4.63997328049404e-16,"0","NDRG4"
1.46394246338693e-20,0.361157766991319,0.307,0.173,4.70672141403532e-16,"0","GALNT18"
1.61458447827448e-20,0.298513922914352,0.293,0.162,5.19105055610029e-16,"0","RPS26P6"
1.61503407370148e-20,0.310707356362397,0.315,0.178,5.19249605035761e-16,"0","DOCK6"
1.64468901716706e-20,0.340334411234106,0.213,0.103,5.28783965909382e-16,"0","BACH1"
1.95986526104976e-20,0.551909910540286,0.185,0.087,6.30116280080109e-16,"0","SLC35B3"
2.0547567623488e-20,0.293530238330179,0.173,0.078,6.60624846662762e-16,"0","ITPR3"
2.36407168461546e-20,0.985399033154537,0.108,0.038,7.60072687320718e-16,"0","CHRM3"
2.40099276485878e-20,0.280081295534824,0.245,0.128,7.71943183829748e-16,"0","PALD1"
2.56917253746357e-20,0.667035466788046,0.133,0.053,8.26014662519911e-16,"0","AP001599.1"
2.6246213829576e-20,0.311951492542358,0.342,0.199,8.43842020834698e-16,"0","EPS8"
2.88658919574257e-20,0.637892469161986,0.136,0.054,9.28067292323193e-16,"0","CARMIL1"
3.65121099040732e-20,0.418798606740117,0.266,0.145,1.17390084552586e-15,"0","C17orf58"
4.23551985540731e-20,0.404553632618623,0.267,0.143,1.36176198871201e-15,"0","PLXNA2"
4.49254458954388e-20,0.422174286367151,0.24,0.125,1.44439801098425e-15,"0","SH3BGRL2"
4.83068942062325e-20,0.332958626611044,0.151,0.065,1.55311495562458e-15,"0","ARHGAP27"
6.5133838746826e-20,0.422687763621566,0.223,0.113,2.0941180495492e-15,"0","RAB11FIP5"
6.69095676775628e-20,0.678297320563997,0.141,0.058,2.15120951040132e-15,"0","AL160272.2"
7.79119329275308e-20,0.327147237394573,0.245,0.127,2.50494655555304e-15,"0","TMEM87B"
9.55411312548389e-20,0.461385958517492,0.266,0.145,3.07174291097432e-15,"0","UNG"
1.21325782829538e-19,0.346816733092591,0.307,0.175,3.90074524375248e-15,"0","NFKB1"
1.50399494735118e-19,0.293253561520345,0.149,0.063,4.83549415522879e-15,"0","AC093278.2"
1.51204410772011e-19,0.297488768669377,0.157,0.068,4.86137301073093e-15,"0","HACE1"
1.83121434991492e-19,0.354634832206043,0.197,0.096,5.88753725641147e-15,"0","LRBA"
1.90373663503966e-19,0.271343865305308,0.33,0.191,6.120703655316e-15,"0","HIP1"
2.13157803060573e-19,0.272055938557388,0.233,0.122,6.85323652620048e-15,"0","IL15RA"
2.22355528045726e-19,0.592014576522473,0.2,0.098,7.14895258219814e-15,"0","TMEM273"
2.30389345989961e-19,0.337176909592892,0.161,0.071,7.40724786292322e-15,"0","P3H2"
2.4469589476632e-19,0.60310672025639,0.141,0.059,7.86721771263195e-15,"0","ATP8A1"
2.45759066448386e-19,0.337448790508718,0.324,0.191,7.90139974538207e-15,"0","FYN"
2.50844176446108e-19,0.280551934379412,0.294,0.167,8.0648911169188e-15,"0","MOV10"
2.73135526707939e-19,0.654773329862282,0.158,0.07,8.78158031918696e-15,"0","MID1"
2.81264410716315e-19,0.319067304501855,0.32,0.185,9.04293206894024e-15,"0","FURIN"
3.36869591957506e-19,0.266419739000027,0.335,0.194,1.08306942510258e-14,"0","WRNIP1"
3.57154182878424e-19,0.317752330471104,0.136,0.056,1.14828641337242e-14,"0","AC027097.1"
3.87587250165344e-19,0.302083492752826,0.321,0.185,1.2461317680066e-14,"0","MEF2A"
4.15778123618047e-19,0.250946234549407,0.378,0.233,1.33676824524438e-14,"0","CDC16"
4.4527784381697e-19,0.29969344947216,0.269,0.146,1.43161279565594e-14,"0","AC092597.1"
4.64216550034626e-19,0.286699590280047,0.292,0.166,1.49250263001632e-14,"0","SSH1"
4.76456224344682e-19,0.294309226216596,0.33,0.193,1.53185440689059e-14,"0","GAREM1"
5.07815596113418e-19,0.307664305306548,0.22,0.112,1.63267792306425e-14,"0","DOCK4"
5.90895760159681e-19,0.563646929520673,0.155,0.069,1.89978895848939e-14,"0","ABCG1"
6.85069067756959e-19,0.583124602767869,0.17,0.079,2.2025655597454e-14,"0","SLC15A3"
7.79145714859317e-19,0.337461265944276,0.24,0.128,2.50503138784419e-14,"0","TAP1"
7.89700291287611e-19,0.339640696123758,0.183,0.087,2.5389654065188e-14,"0","GPSM3"
8.83761666196567e-19,0.527033776682452,0.147,0.064,2.84138213298858e-14,"0","SH3TC1"
1.00208726659424e-18,0.53628849282636,0.22,0.115,3.22181077082715e-14,"0","MPEG1"
1.00570604411381e-18,0.459668560156766,0.177,0.084,3.2334455024303e-14,"0","FGD5"
1.01130201201707e-18,0.396835770869387,0.244,0.129,3.25143709883608e-14,"0","AL138963.3"
1.0983890616174e-18,0.535205383018736,0.217,0.113,3.53143067200612e-14,"0","CARD8"
1.2840816131867e-18,0.314647133744586,0.291,0.167,4.12845079455656e-14,"0","AC016722.2"
1.29279966456798e-18,0.29180432786667,0.313,0.183,4.15648020155253e-14,"0","LRPPRC"
1.31495174905952e-18,0.584579236802602,0.209,0.109,4.22770136840128e-14,"0","MFAP3"
1.40297817636563e-18,0.443976130612722,0.211,0.108,4.51071513483313e-14,"0","ZNF33A"
1.85821649931107e-18,0.364251981723575,0.325,0.19,5.97435186693502e-14,"0","SH2D1A"
1.86124464856755e-18,0.350824252355481,0.231,0.123,5.98408766960954e-14,"0","WDR11"
1.9354764190914e-18,0.46365273071248,0.153,0.068,6.22275023502075e-14,"0","KDR"
2.40140290725659e-18,0.272122418402824,0.274,0.155,7.72075048712067e-14,"0","TMPO"
2.50440340607568e-18,1.0168982252658,0.12,0.048,8.05190739087391e-14,"0","RBP5"
3.08770094133553e-18,0.45412175904772,0.133,0.056,9.92726729648785e-14,"0","NOTCH4"
3.23253158110611e-18,0.612289260576308,0.124,0.05,1.03929122864143e-13,"0","TMCC3"
3.42519687900966e-18,0.394032113189063,0.194,0.096,1.1012350485704e-13,"0","CCDC66"
3.52721800396685e-18,0.555894649863562,0.149,0.067,1.13403586045538e-13,"0","DDX60"
3.63838041290517e-18,0.407996257813498,0.16,0.074,1.16977568655314e-13,"0","HELZ2"
3.65822722342325e-18,0.306636962419126,0.197,0.098,1.17615663460281e-13,"0","MPST"
3.90463871242726e-18,0.277326441162135,0.327,0.194,1.25538039243249e-13,"0","AC073508.2"
4.25672951417309e-18,0.328787896259223,0.269,0.153,1.36858110610179e-13,"0","PAN3"
4.64059875626113e-18,0.28906690508958,0.293,0.17,1.49199890612551e-13,"0","EPN2"
4.7012058527703e-18,0.422720949792512,0.284,0.163,1.51148469372418e-13,"0","MCFD2"
5.15785396150143e-18,0.447270170083709,0.123,0.05,1.65830162716233e-13,"0","SPC25"
5.18518624945527e-18,0.273048111018079,0.328,0.195,1.66708923106236e-13,"0","STRADA"
5.86424267955883e-18,0.75004172542734,0.147,0.066,1.88541266390496e-13,"0","DENND2D"
6.30305648647455e-18,0.327699369722658,0.285,0.162,2.02649569096643e-13,"0","AC068522.1"
6.97704724348639e-18,0.299997907814561,0.221,0.116,2.24319045925331e-13,"0","DKC1"
7.42801522915023e-18,0.277391845112739,0.353,0.218,2.38818117632409e-13,"0","SNRPA1"
7.69863543215038e-18,0.428456886560488,0.182,0.089,2.47518827779067e-13,"0","CASP7"
8.28455479323252e-18,0.283119533351618,0.181,0.088,2.66356721157219e-13,"0","FAM241A"
8.91671785645284e-18,0.564641389455426,0.191,0.095,2.86681395802815e-13,"0","RPL12P4"
9.02826223006606e-18,0.306269940439739,0.236,0.128,2.90267658958854e-13,"0","PARP12"
9.41736711483968e-18,0.359030685752011,0.246,0.135,3.02777770109211e-13,"0","AC107983.1"
1.04928696215315e-17,0.581449433350273,0.164,0.078,3.37356251201858e-13,"0","HCST"
1.08651301911922e-17,0.658578911865447,0.115,0.045,3.49324800777019e-13,"0","ECT2L"
1.24711474794068e-17,0.636666755309984,0.139,0.062,4.00959862610409e-13,"0","CD52"
1.26936776731566e-17,0.670400352284335,0.112,0.044,4.08114430869658e-13,"0","LFNG"
1.42598118528642e-17,0.262779922075452,0.267,0.151,4.58467210881437e-13,"0","NUP107"
1.72565184036476e-17,0.320738986145149,0.144,0.063,5.54814323195674e-13,"0","CTBS"
1.74143562899374e-17,0.520576495860031,0.198,0.101,5.59888969077777e-13,"0","CRYL1"
1.79017411419698e-17,0.341689686128337,0.269,0.152,5.7555887945547e-13,"0","AD000091.1"
2.06748980560212e-17,0.586961740797005,0.128,0.054,6.64718647399136e-13,"0","NOL4L"
2.1699419606282e-17,0.297676748031297,0.168,0.08,6.97658039761571e-13,"0","ITGA6"
2.38210951604467e-17,0.315184013745281,0.317,0.188,7.65872030503522e-13,"0","RPL34P18"
2.41107405530714e-17,0.295527624035371,0.351,0.22,7.751844195218e-13,"0","NEIL1"
2.50460048840621e-17,0.352575607769191,0.223,0.119,8.05254103027479e-13,"0","NFKB2"
2.82125291450065e-17,0.362749151515437,0.264,0.15,9.07061024541105e-13,"0","SUZ12"
2.96052723885461e-17,0.325069828808289,0.156,0.072,9.51839112564146e-13,"0","IKBIP"
2.9698258494882e-17,0.368071438955782,0.192,0.096,9.54828708868952e-13,"0","SLC1A4"
3.31277305821624e-17,0.325558336081853,0.341,0.206,1.0650896659471e-12,"0","MIR1282"
3.38590713023088e-17,0.396616494498093,0.229,0.124,1.08860300144053e-12,"0","DDX58"
4.08480766838818e-17,0.660010940213556,0.1,0.037,1.31330651346348e-12,"0","RASSF9"
4.09098057338985e-17,0.34730136667617,0.268,0.153,1.31529116415057e-12,"0","CYB5D2"
4.27430149334358e-17,0.2770142449398,0.219,0.117,1.37423067312489e-12,"0","RNF6"
4.30168758990394e-17,0.440589654518929,0.188,0.096,1.38303557703002e-12,"0","RBP7"
4.56559471093401e-17,0.677532640107018,0.112,0.045,1.46788435551239e-12,"0","AC012613.1"
4.64632976538735e-17,0.473905765130923,0.18,0.089,1.49384148286969e-12,"0","CUL5"
4.92313911085537e-17,0.63612113112617,0.156,0.073,1.58283845553111e-12,"0","FAM171A1"
4.93702138584475e-17,0.316963134149042,0.127,0.053,1.58730174576295e-12,"0","SLF1"
5.42944101721912e-17,0.323460309607089,0.221,0.117,1.74561958144612e-12,"0","AC114490.3"
5.49591566172392e-17,0.259683667626355,0.203,0.105,1.76699184440086e-12,"0","SERPINB9"
5.88727635781014e-17,0.25758852656394,0.212,0.113,1.89281822179954e-12,"0","UVRAG"
5.96855820886722e-17,0.440574379879538,0.12,0.049,1.9189511497329e-12,"0","DMKN"
6.08502560794944e-17,0.500218064855216,0.141,0.063,1.95639658321183e-12,"0","GIMAP1"
6.14232162608375e-17,0.319561672952881,0.157,0.073,1.97481782600219e-12,"0","BORCS7"
6.42127965834389e-17,0.282963440414319,0.18,0.09,2.06450562295414e-12,"0","SYNE2"
6.43016001945691e-17,0.327536450700296,0.221,0.12,2.06736074785559e-12,"0","CCL19"
6.43045379594855e-17,0.46870443204458,0.209,0.11,2.06745519993542e-12,"0","PDCL"
6.60398636140376e-17,0.302727065416955,0.306,0.182,2.12324765505492e-12,"0","AC008026.1"
7.8335517634153e-17,0.428547691702167,0.175,0.087,2.51856522745565e-12,"0","EPG5"
9.24009403514837e-17,0.707334578771448,0.173,0.086,2.97078263324055e-12,"0","LINC01197"
9.43336181977657e-17,0.456993830860299,0.179,0.09,3.03292015867636e-12,"0","NGLY1"
9.89241615609287e-17,0.363320780308177,0.18,0.091,3.18051071834542e-12,"0","HSD17B7"
1.25709629165649e-16,0.284333724491455,0.201,0.103,4.04169028730478e-12,"0","AC127502.1"
1.39358748804856e-16,0.34279542790442,0.194,0.101,4.48052313282491e-12,"0","NUP205"
1.60041143310647e-16,0.555422679666902,0.169,0.084,5.14548279858062e-12,"0","LIMK2"
1.73354965699338e-16,0.522416233452855,0.171,0.085,5.57353550219941e-12,"0","AL645608.5"
1.74988099606747e-16,0.277431505916451,0.27,0.157,5.62604239045653e-12,"0","VMA21"
1.85905660544191e-16,0.450655370002031,0.105,0.041,5.97705289215629e-12,"0","HLA-DOA"
1.90797073320393e-16,0.753231121989915,0.107,0.042,6.13431670432395e-12,"0","TSPAN5"
1.96015883258938e-16,0.438273078985616,0.151,0.071,6.30210666265812e-12,"0","TCIM"
2.20707462463723e-16,0.62213192652673,0.135,0.061,7.09596562567115e-12,"0","MCC"
2.30841039317948e-16,0.462791189772695,0.124,0.053,7.42177025511134e-12,"0","SNHG26"
2.43771423647315e-16,0.377717295046565,0.17,0.084,7.83749504168484e-12,"0","RELB"
3.22726644934303e-16,0.514102359213584,0.17,0.085,1.03759843612828e-11,"0","TTLL12"
3.48202349270375e-16,0.348275342627716,0.177,0.089,1.11950537313918e-11,"0","AC027309.1"
3.71874805954008e-16,0.486869192254604,0.157,0.076,1.19561468862273e-11,"0","AC097103.2"
4.02733341754726e-16,0.27925078386596,0.204,0.109,1.29482796707562e-11,"0","ARHGAP45"
5.0197555616752e-16,0.268263773637186,0.253,0.145,1.61390161063419e-11,"0","MSH6"
5.46426103371275e-16,0.447006712487816,0.177,0.09,1.75681456494899e-11,"0","NEDD4"
5.48246781643044e-16,0.282933864325866,0.38,0.249,1.76266822766055e-11,"0","FCER1G"
6.19591762787324e-16,0.398041206017896,0.173,0.086,1.99204947653752e-11,"0","TRAF3IP2"
6.77860429937755e-16,0.444416985017158,0.19,0.099,2.17938906829288e-11,"0","ACVR1B"
6.90213351159533e-16,0.25118468763303,0.343,0.211,2.21910494531302e-11,"0","RPL4P4"
7.5066102418771e-16,0.256279365949479,0.23,0.129,2.41345025886591e-11,"0","ZDHHC6"
8.1429837191138e-16,0.353946419797959,0.158,0.076,2.61805069553228e-11,"0","GJA4"
9.47442757836639e-16,0.330366299925568,0.146,0.069,3.04612321072058e-11,"0","ELMO1"
9.48745698050354e-16,0.400957318037475,0.176,0.089,3.05031229380169e-11,"0","ACYP1"
1.00767516333011e-15,0.298785737157879,0.164,0.081,3.23977641762263e-11,"0","PLK2"
1.03666203850184e-15,0.447895372195509,0.157,0.076,3.33297211998727e-11,"0","AC111194.2"
1.04337073622142e-15,0.263674195995518,0.126,0.056,3.35454125402549e-11,"0","CPNE5"
1.06161508867727e-15,0.268858322939414,0.231,0.129,3.41319867160629e-11,"0","TLNRD1"
1.07598683294726e-15,0.405976038712958,0.166,0.083,3.45940526660875e-11,"0","DYNC1I1"
1.08590826344207e-15,0.560480969734065,0.134,0.061,3.49130365779261e-11,"0","BEND7"
1.15187880299621e-15,0.780107990574862,0.105,0.042,3.7034055395131e-11,"0","AC015688.4"
1.19187595697872e-15,0.256794048794009,0.325,0.202,3.8320003892823e-11,"0","BCLAF1"
1.24079173611453e-15,0.345939171625882,0.185,0.097,3.98926951078181e-11,"0","AL355916.2"
1.41474490026081e-15,0.409727714089775,0.185,0.097,4.54854632882852e-11,"0","CLEC2B"
1.47488206412796e-15,0.514308668586282,0.115,0.048,4.74189332437781e-11,"0","RAPGEF3"
1.54414777289619e-15,0.493676894463275,0.127,0.056,4.96458950463853e-11,"0","TEAD4"
1.56955861959656e-15,0.43142372704043,0.117,0.05,5.04628791786488e-11,"0","HID1"
1.64016639933728e-15,0.488804629512243,0.17,0.086,5.2732989905093e-11,"0","MMD"
1.70212063456417e-15,0.267514505876319,0.318,0.199,5.47248805218727e-11,"0","FXR1"
1.92241237719835e-15,0.437556760333338,0.187,0.099,6.18074803393041e-11,"0","IL10RA"
2.0584709512633e-15,0.272257639871572,0.365,0.235,6.61818995540662e-11,"0","IPO7"
2.17948333246632e-15,0.380321067556811,0.124,0.054,7.00725686221245e-11,"0","ZNF721"
2.3059212116665e-15,0.33111156635082,0.199,0.106,7.41376728762898e-11,"0","NUDT5"
2.64562272668477e-15,0.601712148221449,0.158,0.078,8.5059416285642e-11,"0","KLHL12"
3.26350653572305e-15,0.285076279013457,0.228,0.129,1.04924998630032e-10,"0","APOL6"
3.27553364574413e-15,0.30849429203246,0.239,0.137,1.0531168224432e-10,"0","CBFB"
3.30539731700847e-15,0.48805282708811,0.182,0.095,1.06271829139139e-10,"0","MORC3"
3.4150707358373e-15,0.659678306935847,0.106,0.044,1.09797939227905e-10,"0","RBP1"
3.50413386054703e-15,0.421789112432926,0.163,0.082,1.12661407750448e-10,"0","LCP1"
3.57299131001642e-15,0.251225888536478,0.268,0.159,1.14875243608338e-10,"0","SERTAD1"
3.68002265204733e-15,0.288130082643098,0.197,0.105,1.18316408285974e-10,"0","SLC35A1"
4.02491816065496e-15,0.293984279456267,0.194,0.103,1.29405143783218e-10,"0","WDR37"
4.1398386917279e-15,0.446280376184144,0.175,0.092,1.33099953777744e-10,"0","PUS1"
4.22037157728964e-15,0.425521745778451,0.126,0.057,1.35689166581439e-10,"0","ADAMTS5"
4.28391534350813e-15,0.36492995257667,0.214,0.12,1.3773216220913e-10,"0","NIPAL2"
4.34231902277933e-15,0.293306513224916,0.136,0.063,1.39609898901378e-10,"0","CASP1"
4.71296654100044e-15,0.301691025657546,0.342,0.216,1.51526587259705e-10,"0","STX16-NPEPL1"
4.79244307565744e-15,0.251412408330094,0.19,0.1,1.54081837325462e-10,"0","GALC"
4.82770229986519e-15,0.373228792013665,0.133,0.061,1.55215456642966e-10,"0","IRAK3"
4.95694039287219e-15,0.451720765797834,0.168,0.087,1.59370590571234e-10,"0","ESR2"
5.29613273040105e-15,0.880293973093041,0.111,0.048,1.70275963415124e-10,"0","USP18"
5.34104352740719e-15,0.282986203818746,0.17,0.086,1.71719890449669e-10,"0","SMURF2"
5.43199555903982e-15,0.310753687048134,0.211,0.118,1.74644089218689e-10,"0","KAT2A"
5.5279105502841e-15,0.615960063959608,0.17,0.088,1.77727852102184e-10,"0","PRKD3"
5.78851616150018e-15,0.372545835954726,0.139,0.066,1.86106583108392e-10,"0","HERC6"
5.97932254443464e-15,0.256578000684489,0.101,0.041,1.92241199126118e-10,"0","DOK5"
6.41766457505783e-15,0.450237544233662,0.158,0.079,2.06334333752684e-10,"0","AC010504.1"
6.64724899056854e-15,0.498639046428048,0.164,0.083,2.13715702295769e-10,"0","MED30"
6.77887100712583e-15,0.278605131258483,0.125,0.057,2.17947481750103e-10,"0","PDE10A"
6.89240867807301e-15,0.440829573529216,0.176,0.092,2.21597831408725e-10,"0","SLC25A13"
7.40440250640768e-15,0.297462501638428,0.263,0.155,2.38058944983513e-10,"0","ANP32A"
8.02224913275164e-15,0.252402703472835,0.301,0.186,2.57923331867098e-10,"0","FZD8"
8.51530997962463e-15,0.275714598758685,0.288,0.174,2.73775731154911e-10,"0","RNF38"
8.54056963455388e-15,0.330727161030378,0.153,0.076,2.74587854320542e-10,"0","SLC25A14"
8.65785534284094e-15,0.456381170455603,0.147,0.072,2.78358707127679e-10,"0","ZC3H12A"
8.93898777594149e-15,0.451564295712735,0.128,0.059,2.87397395984295e-10,"0","CPNE8"
9.71730257551541e-15,0.577070597732502,0.134,0.063,3.12420995105396e-10,"0","OAS3"
9.7731608052022e-15,0.308493021102904,0.208,0.116,3.14216893048056e-10,"0","CD58"
1.02369346213232e-14,0.281340865402883,0.209,0.117,3.29127685010161e-10,"0","SAMD9L"
1.04348647725741e-14,0.384804682388018,0.146,0.071,3.35491337303028e-10,"0","PGM2"
1.10406953034684e-14,0.558818710336576,0.134,0.063,3.54969394701813e-10,"0","BIRC3"
1.10550595102591e-14,0.310029822969931,0.264,0.158,3.55431218314339e-10,"0","DEAF1"
1.20662009871141e-14,0.433530854697783,0.202,0.11,3.87940427936707e-10,"0","RNPEP"
1.30382975675502e-14,0.25397152553017,0.184,0.098,4.19194305094307e-10,"0","SLFN5"
1.40121318275208e-14,0.318213716352076,0.122,0.055,4.50504050386622e-10,"0","AP000757.1"
1.46664656826547e-14,0.389450965073357,0.151,0.075,4.71541538163032e-10,"0","ATP11C"
1.5390519967694e-14,0.365426387873097,0.191,0.102,4.94820607481331e-10,"0","AC073052.2"
1.59856671865799e-14,0.283430940636998,0.182,0.097,5.13955185715729e-10,"0","PGS1"
1.69990600770764e-14,0.273224206675081,0.213,0.118,5.46536780538084e-10,"0","GSTA4"
1.70762728703404e-14,0.453566130992006,0.158,0.08,5.49019249054314e-10,"0","C2orf76"
1.94173432116204e-14,0.386685781442368,0.161,0.081,6.24287001596809e-10,"0","TMEM35B"
2.00627495815535e-14,0.35424046146374,0.207,0.115,6.45037461796526e-10,"0","GAS2L1"
2.05291909246278e-14,0.306699538073581,0.168,0.087,6.60034017417708e-10,"0","BTN3A2"
2.15512814172365e-14,0.278026875989806,0.258,0.153,6.9289524884557e-10,"0","GID8"
2.21027476620365e-14,0.401611578928521,0.178,0.094,7.10625440082136e-10,"0","TMEM65"
2.3118284263797e-14,0.278822372224912,0.183,0.098,7.43275957365336e-10,"0","AC009245.1"
2.36705634559681e-14,0.325310332904531,0.213,0.12,7.61032285672831e-10,"0","TWF2"
2.38698700288093e-14,0.254126083603611,0.192,0.104,7.67440191296248e-10,"0","TXLNGY"
2.43140703301061e-14,0.457626545206573,0.137,0.066,7.81721675183241e-10,"0","ZBTB18"
2.70647205498399e-14,0.846551141226626,0.103,0.044,8.70157830397902e-10,"0","TACR1"
2.83380947288028e-14,0.336604952819078,0.216,0.122,9.11098083625737e-10,"0","MINDY3"
2.96115893731031e-14,0.406388901182023,0.137,0.066,9.52042209934639e-10,"0","HNRNPA1P48"
2.99328132293604e-14,0.476797027384579,0.136,0.065,9.62369878137165e-10,"0","AEN"
3.19603045219351e-14,0.502072269420078,0.158,0.08,1.02755575068473e-09,"0","TFAM"
3.3307303122647e-14,0.255763346559334,0.243,0.144,1.07086310269623e-09,"0","AC069368.1"
3.41337570285425e-14,0.306430111713044,0.168,0.087,1.09743442222467e-09,"0","ZMYND8"
3.54125908549367e-14,0.53406299214999,0.108,0.047,1.13855020857707e-09,"0","HOMEZ"
3.57088913871149e-14,0.545479376416842,0.161,0.083,1.14807656698713e-09,"0","PIGC"
3.8089228629157e-14,0.283751895245111,0.109,0.047,1.22460678965603e-09,"0","ATG9B"
3.92382442338929e-14,0.435229496626452,0.141,0.07,1.26154879036389e-09,"0","C12orf49"
4.08852874766445e-14,0.349290707530489,0.127,0.059,1.3145028776616e-09,"0","FXYD6-FXYD2"
4.51161313925539e-14,0.427956365149094,0.135,0.065,1.450528740402e-09,"0","AC005702.1"
4.84614682277033e-14,0.312911268443663,0.251,0.149,1.55808466498889e-09,"0","ATF6"
4.99310845246233e-14,0.312560456560274,0.12,0.054,1.60533429855116e-09,"0","AC004241.1"
5.74817324169586e-14,0.526349033884396,0.167,0.087,1.84809517893763e-09,"0","FAM102B"
6.02408586223652e-14,0.278627601781774,0.17,0.089,1.93680384556766e-09,"0","SYNRG"
6.05214922884538e-14,0.291711244525448,0.152,0.077,1.94582649856608e-09,"0","SRPX2"
6.42909935280938e-14,0.418993124832499,0.124,0.057,2.06701973292174e-09,"0","AFAP1L1"
6.72424737301765e-14,0.736936634389965,0.101,0.043,2.16191277289891e-09,"0","CXCL3"
6.83026270782193e-14,0.264463855938661,0.194,0.106,2.19599776319183e-09,"0","CCDC28A"
7.14118548797323e-14,0.544838296037836,0.129,0.062,2.29596254623827e-09,"0","AP002373.1"
7.42208297455575e-14,0.476228583475062,0.135,0.065,2.38627389714942e-09,"0","OCIAD2"
7.50119455182553e-14,0.48865129621138,0.183,0.101,2.41170906035743e-09,"0","PELI2"
7.58630235816406e-14,0.367847948251031,0.149,0.075,2.43907207117333e-09,"0","AC010273.1"
7.5867209136761e-14,0.595342907506652,0.1,0.042,2.439206640956e-09,"0","TAB3"
8.10613138865764e-14,0.268590312847339,0.296,0.183,2.60620230276732e-09,"0","DRAM2"
8.51209976608836e-14,0.276354307702567,0.196,0.109,2.73672519579507e-09,"0","EIF2AK4"
9.7975241526999e-14,0.286787471841158,0.222,0.127,3.15000199033454e-09,"0","LSM14B"
1.01944887625257e-13,0.535964262590094,0.146,0.073,3.27763008203965e-09,"0","CFAP69"
1.02183845765507e-13,0.432887904269665,0.186,0.102,3.28531282520681e-09,"0","GPN1"
1.05807228832935e-13,0.319860674572207,0.139,0.068,3.4018082142077e-09,"0","SGIP1"
1.08428211529308e-13,0.351051013954626,0.19,0.104,3.48607542887878e-09,"0","AC008581.2"
1.18002059094567e-13,0.431540223595382,0.117,0.054,3.79388420194944e-09,"0","ARRB1"
1.19825137562522e-13,0.316960398460448,0.257,0.156,3.85249799777264e-09,"0","AC040162.1"
1.40807159057751e-13,0.264074360994656,0.227,0.132,4.52709097086574e-09,"0","RPA3"
1.58209378822046e-13,0.302594612559058,0.187,0.102,5.08658973850761e-09,"0","BOD1L1"
1.70434722709353e-13,0.55065653296549,0.141,0.07,5.4796467698284e-09,"0","CTNNAL1"
1.75892926651224e-13,0.322017039147579,0.129,0.062,5.65513348476349e-09,"0","SERPINA1"
1.95858464350495e-13,0.397932167766923,0.128,0.061,6.29704548733277e-09,"0","CHST11"
2.1366656468159e-13,0.461905498280635,0.158,0.082,6.86959372107779e-09,"0","AC020656.1"
2.20555799822647e-13,0.540679715820535,0.1,0.043,7.09108952009791e-09,"0","TRAPPC6A"
2.42496158097e-13,0.265186091502438,0.191,0.107,7.79649397897664e-09,"0","GBP1"
2.52664812794025e-13,0.262760492425469,0.163,0.086,8.1234263961407e-09,"0","PARP8"
2.6088274470779e-13,0.27147977466933,0.233,0.137,8.38764112510017e-09,"0","EXD3"
2.64474828107888e-13,0.286232219498772,0.248,0.148,8.50313019849669e-09,"0","AC135457.1"
2.83496093036722e-13,0.31766361432694,0.156,0.081,9.11468288722366e-09,"0","AC010733.1"
2.8972066214102e-13,0.315959917656256,0.167,0.089,9.31480900849593e-09,"0","SENP1"
2.89871731164059e-13,0.330389430387824,0.141,0.07,9.31966602865567e-09,"0","ENOX2"
2.93971671921259e-13,0.475113211178885,0.12,0.056,9.4514832239404e-09,"0","NYNRIN"
3.15298269235247e-13,0.398656996090744,0.107,0.048,1.01371546541824e-08,"0","HMGA1"
3.33281624969359e-13,0.269253756945524,0.198,0.111,1.07153375243899e-08,"0","PRELID3B"
3.50153169551915e-13,0.344278143136935,0.195,0.11,1.12577745542636e-08,"0","MOCS2"
3.51040995136218e-13,0.331455888605543,0.105,0.047,1.12863190346245e-08,"0","CCL23"
3.55722417065205e-13,0.427957049891572,0.164,0.087,1.14368314310634e-08,"0","MAP3K3"
3.57116445857278e-13,0.518832885143137,0.156,0.082,1.14816508507573e-08,"0","GNE"
3.60075740546873e-13,0.322813131481835,0.117,0.054,1.15767951343225e-08,"0","PLCG2"
3.68931051650586e-13,0.285047858617071,0.173,0.094,1.1861502241618e-08,"0","BID"
3.80070459306083e-13,0.440093759150275,0.175,0.096,1.22196453371499e-08,"0","SLC9A3R1"
4.12259479131756e-13,0.608752519651692,0.124,0.059,1.32545545135651e-08,"0","RNF138"
4.67916349886276e-13,0.35202385146196,0.135,0.068,1.50439785651937e-08,"0","KREMEN1"
5.00354591303985e-13,0.648466840052985,0.128,0.062,1.60869004650144e-08,"0","PBX2"
5.28945888722679e-13,0.264376621875672,0.214,0.124,1.70061392683229e-08,"0","AATF"
5.34990283212435e-13,0.26034236359179,0.225,0.134,1.7200472595563e-08,"0","AL080243.2"
5.64560266776999e-13,0.492281142849469,0.145,0.074,1.81511771371473e-08,"0","CCNB1IP1"
5.72890448271158e-13,0.315005089501241,0.143,0.072,1.8419000802366e-08,"0","FAM171B"
5.73916392611479e-13,0.539415653101078,0.14,0.071,1.84519859388517e-08,"0","EGR2"
5.97772116403169e-13,0.307703859770478,0.176,0.097,1.92189713144783e-08,"0","PLD2"
6.05924328291466e-13,0.358369762996726,0.147,0.076,1.94810730788989e-08,"0","NIPAL3"
6.16444321472596e-13,0.251985560039383,0.205,0.117,1.98193013796654e-08,"0","VEZT"
6.36978989031083e-13,0.548072717328168,0.109,0.049,2.04795114763383e-08,"0","RBM12"
6.43879047077365e-13,0.27300151625797,0.263,0.164,2.07013552425844e-08,"0","SLC30A1"
6.49815428505774e-13,0.270173315184268,0.137,0.068,2.08922158418891e-08,"0","ZNF565"
6.83646538071916e-13,0.328986190062924,0.226,0.134,2.19799198455502e-08,"0","LINC02593"
7.54864540731243e-13,0.711506646463636,0.107,0.049,2.42696498490502e-08,"0","ZNF480"
8.17821850076147e-13,0.478842707724472,0.107,0.049,2.62937903017982e-08,"0","AC026464.3"
8.45902224403369e-13,0.450969080912584,0.182,0.101,2.71966024167927e-08,"0","TFIP11"
9.55921315601598e-13,0.299682341875642,0.169,0.092,3.0733826217907e-08,"0","LST1"
1.07041789615914e-12,0.273830460929751,0.261,0.162,3.44150057794125e-08,"0","TTL"
1.20542215551283e-12,0.737143028591838,0.111,0.052,3.87555277218931e-08,"0","GPRASP2"
1.27200641570759e-12,0.522212296123441,0.11,0.051,4.08962782714147e-08,"0","C4orf45"
1.28968584545824e-12,0.573508201620871,0.115,0.054,4.1464689617328e-08,"0","RGPD1"
1.31392266837816e-12,0.504868043036876,0.161,0.087,4.22439277110263e-08,"0","FTSJ1"
1.3553032254973e-12,0.479662783031072,0.102,0.046,4.35743540029636e-08,"0","RASAL3"
1.38671764154594e-12,0.324341386064626,0.218,0.13,4.45843588933435e-08,"0","AUH"
1.53027683132531e-12,0.387406917071593,0.1,0.044,4.919993040394e-08,"0","SLC35G2"
1.56263129707693e-12,0.377456968029994,0.141,0.073,5.02401588323204e-08,"0","ABRACL"
1.72738607173937e-12,0.461464121288056,0.131,0.066,5.55371895924926e-08,"0","AC068533.4"
1.84224236121183e-12,0.460552607897391,0.141,0.073,5.92299341553217e-08,"0","FBLN7"
1.91480215933097e-12,0.312551913922811,0.137,0.07,6.156280422465e-08,"0","CAPN15"
2.14517462911416e-12,0.255499716009835,0.148,0.077,6.89695095006492e-08,"0","ST8SIA1"
2.25760822913753e-12,0.30485852825012,0.151,0.081,7.25843621750007e-08,"0","ALG8"
2.29143469798893e-12,0.329449963004434,0.188,0.107,7.3671916975042e-08,"0","ABHD6"
2.40631920737741e-12,0.28031299426761,0.185,0.106,7.7365568836391e-08,"0","ASXL2"
2.48557465685219e-12,0.256501215155049,0.151,0.08,7.99137107924548e-08,"0","TEX2"
2.50913439963053e-12,0.492211768596448,0.117,0.057,8.06711800825213e-08,"0","CFLAR-AS1"
2.92057653488223e-12,0.271251989932151,0.24,0.146,9.38994561729985e-08,"0","PRR14"
3.18664164068749e-12,0.280721146746784,0.155,0.083,1.02453715389743e-07,"0","BCL10"
3.21323141199449e-12,0.347448268209568,0.152,0.081,1.03308603127035e-07,"0","RPAP3"
3.4370504564557e-12,0.654159484809256,0.119,0.058,1.10504609225507e-07,"0","NMI"
3.51912043005976e-12,0.287125410777118,0.114,0.055,1.13143240946851e-07,"0","CLEC10A"
3.65338424345649e-12,0.545258963135624,0.124,0.062,1.17459956811369e-07,"0","AC112229.3"
3.71598641304527e-12,0.451950195294955,0.139,0.072,1.19472679165818e-07,"0","AL132671.2"
4.07640311121146e-12,0.555486251990823,0.151,0.082,1.3106043642856e-07,"0","ZADH2"
4.28477094065126e-12,0.284170079793816,0.149,0.08,1.37759670512879e-07,"0","SGK3"
4.52954384963019e-12,0.293244215768927,0.216,0.129,1.4562936430946e-07,"0","RPP30"
4.64883599709528e-12,0.387363729167916,0.122,0.06,1.4946472614261e-07,"0","TOPBP1"
4.7431370813997e-12,0.262275451351359,0.147,0.077,1.52496600304082e-07,"0","SMN2"
4.83278579309494e-12,0.291558587728809,0.156,0.084,1.55378896033795e-07,"0","SNHG1"
4.85542812871752e-12,0.321229467703108,0.138,0.072,1.56106869766397e-07,"0","USPL1"
4.96487241898276e-12,0.408129216593396,0.156,0.085,1.59625613142715e-07,"0","SMC3"
4.97474073573439e-12,0.366232772008177,0.139,0.072,1.59942889394596e-07,"0","AC106795.1"
5.46710001368662e-12,0.288324078219196,0.181,0.102,1.75772732540039e-07,"0","MRPL50"
5.47835419920435e-12,0.548102196999952,0.146,0.078,1.76134565858619e-07,"0","NUP153"
6.44139016887304e-12,0.267100673377661,0.276,0.176,2.07097135319437e-07,"0","IFI30"
6.51866462156174e-12,0.316261365847522,0.192,0.11,2.09581586247831e-07,"0","KIAA0319L"
6.91867672633488e-12,0.26458174438846,0.141,0.073,2.22442375428393e-07,"0","DCBLD1"
6.93630002548368e-12,0.307354233600499,0.165,0.091,2.23008982119326e-07,"0","AL445685.3"
7.22343693258516e-12,0.432131655862517,0.115,0.055,2.32240720819545e-07,"0","ACSS3"
7.71104578476658e-12,0.285428294250647,0.117,0.058,2.4791783302603e-07,"0","RADIL"
8.28208069526725e-12,0.573845514310644,0.115,0.056,2.66277176433538e-07,"0","SPATS2"
8.32608963259262e-12,0.382816207912255,0.123,0.062,2.67692107777485e-07,"0","MLKL"
8.73414238210274e-12,0.336568367994082,0.139,0.073,2.80811411726985e-07,"0","FUOM"
9.64252912862891e-12,0.328145700495067,0.153,0.083,3.10016954014548e-07,"0","VPS13A"
1.00410276509272e-11,0.40507413569825,0.18,0.102,3.2282908000496e-07,"0","TULP4"
1.12384515228474e-11,0.434801008654977,0.126,0.064,3.61327454911065e-07,"0","PUS7"
1.208740290787e-11,0.382122973758636,0.127,0.064,3.88622090890929e-07,"0","AC007405.1"
1.260094961778e-11,0.389081777463704,0.124,0.063,4.05133131161245e-07,"0","HIVEP1"
1.33317306265755e-11,0.440748125169176,0.142,0.076,4.28628471375028e-07,"0","OGFRL1"
1.36267779234449e-11,0.443647780320607,0.145,0.078,4.38114537016676e-07,"0","DCK"
1.44277850723014e-11,0.286952637147476,0.18,0.104,4.63867717859562e-07,"0","ARHGEF11"
1.47766040378086e-11,0.605606746822253,0.127,0.066,4.75082596419584e-07,"0","SUDS3"
1.48646326891532e-11,0.392611020127344,0.117,0.058,4.77912805588965e-07,"0","AL445363.3"
1.58860255754739e-11,0.293848633257909,0.178,0.101,5.10751608277061e-07,"0","PELI1"
1.67697933106138e-11,0.597588569293057,0.101,0.048,5.39165624729544e-07,"0","CORO1A"
1.92414730078681e-11,0.465522794814316,0.127,0.065,6.18632598675966e-07,"0","AP000944.2"
1.99785957097908e-11,0.350227628139207,0.104,0.049,6.42331830665485e-07,"0","AL162742.2"
2.03182656247081e-11,0.58547970719878,0.105,0.051,6.5325255809999e-07,"0","MYEF2"
2.11402712328144e-11,0.273494266574571,0.107,0.051,6.79680860406216e-07,"0","PAXIP1"
2.15721738112392e-11,0.279594722894235,0.182,0.105,6.9356696020515e-07,"0","MTMR10"
2.23217869674163e-11,0.278358308524824,0.212,0.129,7.17667772789401e-07,"0","SCD5"
2.24320860692185e-11,0.256872644202266,0.217,0.132,7.21213999211444e-07,"0","CEBPZ"
2.29209769942651e-11,0.306282648664267,0.205,0.123,7.36932331342619e-07,"0","CYB561"
2.35361798421003e-11,0.503068971114222,0.132,0.069,7.56711718103367e-07,"0","FXR2"
2.39614071762844e-11,0.256440914925919,0.221,0.135,7.70383202124721e-07,"0","PSMB10"
2.65055853012626e-11,0.289257600365962,0.118,0.059,8.52181073020894e-07,"0","PTPN2"
2.70753939712533e-11,0.296079504613675,0.204,0.123,8.70500991569766e-07,"0","AL136295.3"
2.86153624097671e-11,0.316016768923158,0.141,0.076,9.20012516836421e-07,"0","NEMP1"
2.92541949446079e-11,0.252753114307821,0.176,0.101,9.40551621664088e-07,"0","BUD13"
3.16464591046817e-11,0.328692812959014,0.151,0.083,1.01746530667462e-06,"0","DNHD1"
3.2083960942419e-11,0.421954269577839,0.153,0.085,1.03153142825971e-06,"0","DAXX"
3.33195970946979e-11,0.314811404287892,0.188,0.112,1.07125836619163e-06,"0","APOC1"
3.659653058405e-11,0.448158660662004,0.132,0.069,1.17661505480779e-06,"0","AMIGO2"
4.05647806968366e-11,0.308287577725727,0.113,0.056,1.30419826418399e-06,"0","MTF2"
4.05681900416725e-11,0.283898248878986,0.116,0.058,1.30430787802981e-06,"0","AL671277.1"
4.10641974203203e-11,0.322806878863961,0.154,0.086,1.32025501126072e-06,"0","DIS3L2"
4.25332564669614e-11,0.454257444852112,0.111,0.055,1.36748672866928e-06,"0","GLCE"
4.52313273732082e-11,0.50980149266899,0.15,0.083,1.45423240637602e-06,"0","OARD1"
4.67252313767142e-11,0.493375292078015,0.129,0.068,1.50226291399274e-06,"0","NIPSNAP3A"
4.85247647567231e-11,0.489598075252063,0.114,0.057,1.5601197116934e-06,"0","MTF1"
4.87104735726192e-11,0.364627231420362,0.177,0.104,1.56609043583328e-06,"0","CWC22"
5.2023275403644e-11,0.296913023152993,0.161,0.09,1.67260032750256e-06,"0","MPLKIP"
5.40121465895564e-11,0.551423053780209,0.12,0.061,1.73654452500083e-06,"0","PIGH"
5.46646669064788e-11,0.365330307609321,0.158,0.089,1.7575237057102e-06,"0","EED"
5.57035358717079e-11,0.280658068492579,0.12,0.061,1.79092438181128e-06,"0","GGPS1"
5.76451082730708e-11,0.393391200801245,0.122,0.063,1.8533478760875e-06,"0","C2orf49"
5.92248226417282e-11,0.259765955977257,0.112,0.056,1.9041372727542e-06,"0","TATDN3"
6.31487747852326e-11,0.313660019656741,0.243,0.156,2.03029625812001e-06,"0","PDCD2"
6.36787850129903e-11,0.276030063676342,0.112,0.056,2.04733661695265e-06,"0","ZNF121"
6.42379598332126e-11,0.252017584693478,0.13,0.068,2.06531464659762e-06,"0","PRPSAP2"
7.11981049037394e-11,0.496467160773467,0.112,0.056,2.28909027076013e-06,"0","BRIX1"
7.86147542821331e-11,0.530796236353212,0.107,0.053,2.52754296492486e-06,"0","HERC5"
7.8954921192618e-11,0.29750734382415,0.141,0.077,2.53847967126386e-06,"0","ANKRD19P"
7.95705997076885e-11,0.267648954092643,0.216,0.134,2.55827435120189e-06,"0","CCL4"
8.62103146778293e-11,0.29806624711738,0.199,0.119,2.77174782720689e-06,"0","TNFAIP8L3"
8.69569882297914e-11,0.36254763738676,0.125,0.066,2.79575412857602e-06,"0","FNIP2"
8.76492688020346e-11,0.251650277729009,0.169,0.097,2.81801164125421e-06,"0","RELL1"
8.88810119883864e-11,0.255006691707111,0.183,0.108,2.85761341643861e-06,"0","MIGA2"
9.12447605526744e-11,0.274249376493458,0.121,0.063,2.93361029652904e-06,"0","ST8SIA4"
1.04027205276082e-10,0.309749092352212,0.139,0.076,3.34457867683131e-06,"0","ARPIN"
1.10783727962199e-10,0.305946542272611,0.173,0.1,3.56180763771266e-06,"0","DHX32"
1.12919647524541e-10,0.420433257164508,0.14,0.077,3.63047958756152e-06,"0","ZBTB11"
1.19330927488533e-10,0.307742989036362,0.124,0.065,3.83660864968382e-06,"0","MIR7703"
1.3008496698995e-10,0.436274728469379,0.124,0.065,4.18236177369388e-06,"0","POLB"
1.3025884117025e-10,0.291500769901316,0.141,0.077,4.18795200246469e-06,"0","ZNF800"
1.30922982488004e-10,0.299301801365015,0.174,0.101,4.20930480997182e-06,"0","TRAF3"
1.34175232276914e-10,0.339189908581631,0.138,0.075,4.31386789293506e-06,"0","ZNF451"
1.37078483084156e-10,0.352463775757252,0.151,0.085,4.40721030963871e-06,"0","KIAA1551"
1.39585130338782e-10,0.329919716296405,0.158,0.091,4.4878015255222e-06,"0","UBN1"
1.41662023955282e-10,0.475971015020268,0.123,0.065,4.55457573218627e-06,"0","HOTAIRM1"
1.41698916145328e-10,0.349641208755071,0.107,0.053,4.55576185298844e-06,"0","PKN3"
1.43948121851758e-10,0.334174993674888,0.123,0.064,4.62807606565587e-06,"0","LSG1"
1.55069873486942e-10,0.576151872548419,0.113,0.058,4.98565150247866e-06,"0","CSTF2T"
1.55470199058278e-10,0.298596857239633,0.143,0.079,4.99852236992268e-06,"0","C21orf59-TCP10L"
1.56705533753686e-10,0.381199220945906,0.125,0.066,5.03823961571476e-06,"0","POM121L9P"
1.57015056181424e-10,0.367042857798986,0.124,0.065,5.04819107128897e-06,"0","DNAJC2"
1.62446366837750e-10,0.431756871289157,0.129,0.069,5.22281314020048e-06,"0","AL034399.2"
1.83342554247409e-10,0.277259212635852,0.189,0.113,5.89464646160845e-06,"0","WRB"
1.88317960090209e-10,0.327022483101199,0.128,0.068,6.05461073486031e-06,"0","AL049869.3"
2.01819887996403e-10,0.26401692637975,0.187,0.111,6.48871121897234e-06,"0","CR1"
2.08487227746877e-10,0.639935256101317,0.111,0.057,6.70307285928986e-06,"0","IL15"
2.19306123245305e-10,0.257524435554861,0.192,0.117,7.0509111684598e-06,"0","NUP133"
2.21189066892567e-10,0.401478578171026,0.112,0.058,7.11144968966293e-06,"0","PIK3C2B"
2.22608006421403e-10,0.44241790247232,0.14,0.077,7.15707001445453e-06,"0","AMY2B"
2.30121509784491e-10,0.258889944280515,0.118,0.062,7.39863666108116e-06,"0","NOL12"
2.32143069069687e-10,0.445525795276714,0.12,0.062,7.46363181365949e-06,"0","ZC3H18"
2.50536819607094e-10,0.296773535952589,0.213,0.133,8.05500928718769e-06,"0","CDC42SE2"
2.62299572478374e-10,0.50051979063594,0.1,0.049,8.4331935547522e-06,"0","COIL"
2.64062836131953e-10,0.267607239631473,0.141,0.079,8.48988424447841e-06,"0","FAHD2A"
2.71815577156143e-10,0.259468198116352,0.179,0.106,8.73914262114717e-06,"0","SMIM11B"
2.73959251689434e-10,0.599937233364985,0.149,0.085,8.80806390106699e-06,"0","GPN3"
2.84388449376572e-10,0.257562486245694,0.161,0.093,9.14337303590615e-06,"0","UTP20"
2.89134925098298e-10,0.276966210664535,0.1,0.049,9.29597697683538e-06,"0","ARSJ"
3.10227732721312e-10,0.450931762269228,0.107,0.054,9.97413183472291e-06,"0","GUSBP1"
3.16242466487534e-10,0.343746514772644,0.112,0.058,1.01675115400407e-05,"0","LILRB2"
3.29928137257607e-10,0.441099079995695,0.103,0.051,1.06075195409693e-05,"0","AL139300.2"
3.49955012608808e-10,0.393612232957387,0.162,0.093,1.12514036103858e-05,"0","FAM161B"
3.94207517599354e-10,0.331341692619408,0.103,0.051,1.26741658983368e-05,"0","RPL23AP63"
4.0288178279529e-10,0.30549441575087,0.178,0.106,1.29530521986514e-05,"0","MOB1B"
4.58475808630981e-10,0.39637187223197,0.103,0.052,1.47404557232947e-05,"0","TNFRSF21"
4.82539099382618e-10,0.410955013609978,0.11,0.056,1.55141145842506e-05,"0","ANKRD46"
5.0400424128058e-10,0.473580689780095,0.123,0.066,1.62042403614119e-05,"0","SLC25A29"
5.58487680160147e-10,0.480753575218068,0.104,0.052,1.79559374048289e-05,"0","AL589935.1"
5.76582222990036e-10,0.370257970694631,0.219,0.14,1.85376950513526e-05,"0","LINC00476"
5.88561473110437e-10,0.439781544848081,0.147,0.083,1.89228399219736e-05,"0","SMARCD1"
5.97854429089165e-10,0.293058210853595,0.107,0.054,1.92216177496457e-05,"0","AP001831.1"
6.05301181324958e-10,0.266515027720992,0.13,0.071,1.94610382807787e-05,"0","NUDCD1"
6.32085270693908e-10,0.370493543622203,0.141,0.079,2.03221735380798e-05,"0","AC036214.4"
6.40230377723284e-10,0.393077542040403,0.112,0.058,2.05840468741813e-05,"0","RFC2"
6.55826225491394e-10,0.255243811081699,0.143,0.08,2.10854689757738e-05,"0","AL159163.1"
6.62896213238869e-10,0.334793245409047,0.136,0.075,2.13127761518429e-05,"0","AC079594.2"
6.95280417856116e-10,0.27933902483986,0.208,0.132,2.2353960714492e-05,"0","RABGGTA"
7.23208616787735e-10,0.458115598972861,0.122,0.066,2.32518802383425e-05,"0","SNORC"
7.3416518193145e-10,0.292403379738254,0.178,0.108,2.3604144764278e-05,"0","TP73-AS1"
8.02566506173547e-10,0.379184330578212,0.137,0.077,2.58033157399857e-05,"0","MTHFD2L"
9.50660023665139e-10,0.347280205861483,0.117,0.062,3.05646704208579e-05,"0","PAPSS2"
9.77068245352753e-10,0.274081099723793,0.143,0.08,3.14137211563364e-05,"0","FN3KRP"
9.77406345319553e-10,0.524910888715688,0.105,0.054,3.14245914083689e-05,"0","UTP25"
1.01082887752362e-09,0.330197325100305,0.124,0.068,3.24991592412618e-05,"0","AL390728.6"
1.03390151401687e-09,0.261959451670656,0.144,0.082,3.32409675771563e-05,"0","THEM6"
1.07214845890563e-09,0.322827925110507,0.162,0.095,3.44706451022749e-05,"0","CHERP"
1.15570631055742e-09,0.346125479268581,0.119,0.063,3.71571135907317e-05,"0","SNRPGP15"
1.25352709745358e-09,0.297462368719558,0.132,0.073,4.03021497102301e-05,"0","RELCH"
1.32594385726948e-09,0.365525062260796,0.106,0.055,4.26304209550711e-05,"0","ATP11B"
1.40588701369172e-09,0.297681966759881,0.134,0.075,4.52006733772024e-05,"0","IQCE"
1.42687468928452e-09,0.51744061300869,0.124,0.068,4.58754481351865e-05,"0","TRMO"
1.43156589144857e-09,0.401580481768585,0.118,0.063,4.60262749759631e-05,"0","AC074091.1"
1.45218249914409e-09,0.277416712848739,0.105,0.054,4.66891195299818e-05,"0","WNT5B"
1.46344145360695e-09,0.273431483979005,0.134,0.074,4.70511061749171e-05,"0","SATB1"
1.54920449796277e-09,0.294553975787448,0.146,0.084,4.98084738140012e-05,"0","ASB14"
1.59904879334629e-09,0.309311141329323,0.187,0.116,5.14110177548766e-05,"0","5-Mar"
1.74110134999898e-09,0.420455481534852,0.102,0.052,5.59781495038173e-05,"0","ZNF33B"
1.77827201076888e-09,0.332247647200788,0.104,0.054,5.71732234182302e-05,"0","PCDH12"
1.83304439429683e-09,0.292310668916536,0.132,0.074,5.89342103210372e-05,"0","SLC25A44"
1.96205541158204e-09,0.277514734409785,0.119,0.064,6.30820435377742e-05,"0","AC046143.1"
2.14690361385822e-09,0.268757166882854,0.191,0.12,6.90250980891556e-05,"0","ZFYVE27"
2.30237303849812e-09,0.294100473556036,0.139,0.08,7.40235955607531e-05,"0","PLA2G12A"
2.31511828840496e-09,0.343487276044341,0.108,0.057,7.4433368090508e-05,"0","CU633904.1"
2.43348478353668e-09,0.297503103424059,0.114,0.061,7.82389692754878e-05,"0","INIP"
2.4892920322341e-09,0.295948105678487,0.145,0.085,8.00332281283587e-05,"0","OTUD6B-AS1"
2.66029516117055e-09,0.260295085439972,0.127,0.07,8.55311497267943e-05,"0","ARSD"
2.70045651190177e-09,0.325814348023521,0.145,0.083,8.68223773141538e-05,"0","NIF3L1"
3.27973675535089e-09,0.286148810349442,0.175,0.108,0.000105446816421286,"0","TJAP1"
3.33603976043878e-09,0.260125137138161,0.103,0.053,0.000107257014337867,"0","AC010636.2"
3.37724358621355e-09,0.258506148660603,0.119,0.065,0.000108581758540352,"0","CEP295"
3.50133367769656e-09,0.288837944456313,0.143,0.082,0.000112571379071622,"0","ODF2"
3.53016588282576e-09,0.266500860851322,0.113,0.061,0.000113498363298731,"0","ORAI1"
3.66245517911181e-09,0.277276183490597,0.109,0.058,0.000117751596463624,"0","ATG4C"
3.77535259783509e-09,0.271694079041304,0.173,0.107,0.000121381361372996,"0","CD53"
4.02664469363202e-09,0.358500941947127,0.158,0.096,0.000129460653544963,"0","SMG9"
4.28883024093788e-09,0.325195000084365,0.12,0.066,0.000137890181076394,"0","AL110118.2"
4.29372336696537e-09,0.357427501860088,0.128,0.072,0.000138047499971304,"0","SLC41A1"
4.61550523403515e-09,0.356333716834944,0.105,0.055,0.000148393108779464,"0","WHRN"
4.97595945889416e-09,0.304201832533767,0.144,0.085,0.000159982072562906,"0","THEMIS2"
5.14022904662961e-09,0.336744106236427,0.12,0.067,0.000165263504078189,"0","TRIM3"
5.16773600974929e-09,0.270548056531047,0.17,0.104,0.000166147880449449,"0","FAM136A"
5.50960547430117e-09,0.309316603395519,0.11,0.06,0.000177139325604257,"0","FAHD2B"
5.61174741243616e-09,0.346652945515465,0.102,0.054,0.000180423291057235,"0","ARL5B"
5.68435652009518e-09,0.275880297918979,0.152,0.09,0.00018275774647758,"0","PCYT1A"
5.80954613027832e-09,0.347099455769424,0.122,0.068,0.000186782717634578,"0","SIRT5"
5.93698948379348e-09,0.426699823525538,0.117,0.064,0.000190880148893444,"0","C14orf39"
6.23877068230673e-09,0.283562811179619,0.115,0.062,0.000200582716206844,"0","AC006511.3"
6.34195668564526e-09,0.309413594770791,0.124,0.07,0.000203900249400181,"0","HCK"
6.41480639097084e-09,0.294686600836067,0.117,0.064,0.000206242440276103,"0","BLZF1"
6.94772898309506e-09,0.259498963540184,0.134,0.077,0.000223376434535489,"0","MPHOSPH6"
7.58008751118238e-09,0.271706714466033,0.138,0.08,0.000243707393572025,"0","SLC9A8"
8.45855591310619e-09,0.306557613272993,0.107,0.058,0.000271951031162277,"0","CEACAM19"
8.89600413306138e-09,0.297891075108859,0.119,0.067,0.000286015428882056,"0","GAS5-AS1"
8.92283223569655e-09,0.293387827446959,0.172,0.107,0.00028687797920988,"0","TP53BP2"
9.51703772233696e-09,0.443519704742214,0.107,0.058,0.000305982279810855,"0","COL5A3"
9.93208869038107e-09,0.298153124598013,0.147,0.088,0.000319326583484442,"0","BAG4"
1.02696753491636e-08,0.302917983141024,0.117,0.066,0.000330180332150959,"0","GORAB"
1.12682023080152e-08,0.401826637685649,0.11,0.06,0.000362283972404995,"0","GDF7"
1.19680212225623e-08,0.308326711156251,0.1,0.053,0.000384783850326599,"0","AC011468.2"
1.21045749059285e-08,0.316691904308649,0.117,0.065,0.000389174187800506,"0","KRBOX1"
1.28702547152645e-08,0.301682073046178,0.127,0.073,0.000413791559350471,"0","TCOF1"
1.28714668276633e-08,0.275533246129386,0.12,0.068,0.000413830529976202,"0","DMXL2"
1.31754078560889e-08,0.259530970371597,0.109,0.059,0.000423602537981115,"0","ZNF675"
1.38815562502364e-08,0.497734138452744,0.1,0.054,0.000446305915001351,"0","RPS6KA1"
1.49527197921793e-08,0.270077019633058,0.113,0.062,0.000480744894038356,"0","AL662884.1"
1.52702874375524e-08,0.457035308658988,0.107,0.059,0.000490955011404747,"0","POC1B"
1.56392660703683e-08,0.26741187359829,0.146,0.088,0.00050281804342841,"0","NRAS"
1.72279148729717e-08,0.290854837093908,0.1,0.054,0.000553894691080913,"0","AC022973.4"
1.87843943145675e-08,0.284977367601586,0.163,0.1,0.00060393706160766,"0","TAF11"
1.88103575902295e-08,0.410200537208752,0.132,0.077,0.000604771806883469,"0","INTS8"
1.97888046168729e-08,0.312522719549025,0.138,0.081,0.000636229857237081,"0","AC005520.1"
2.03524902565119e-08,0.420156940023683,0.1,0.053,0.000654352914237113,"0","TSPAN6"
2.04768224596117e-08,0.501921517342119,0.111,0.062,0.000658350318898975,"0","TRIM35"
2.06940317584136e-08,0.260893329788132,0.141,0.084,0.000665333815064754,"0","AC022400.7"
2.1221811172896e-08,0.330789898664882,0.106,0.058,0.000682302451019779,"0","ORC2"
2.17600439713335e-08,0.268033175360891,0.114,0.064,0.000699607173722343,"0","TMEM56-RWDD3"
2.23505270397599e-08,0.439689706307158,0.114,0.064,0.00071859179485532,"0","SETDB1"
2.47943034530668e-08,0.510354567838477,0.123,0.071,0.000797161650319551,"0","VIPAS39"
2.6727009429181e-08,0.265992660228976,0.105,0.057,0.0008593000801576,"0","AC068205.2"
3.30669653694226e-08,0.277942890483651,0.117,0.066,0.00106313600359231,"0","HAGHL"
3.34967201339428e-08,0.25350718531535,0.184,0.117,0.0010769530490264,"0","APOA1-AS"
3.53558886514439e-08,0.393539970968265,0.101,0.055,0.00113672717603257,"0","PPIL1"
3.98466064855238e-08,0.342085900563504,0.12,0.069,0.00128110824511607,"0","AKT1S1"
3.994690985368e-08,0.338541252702832,0.114,0.065,0.00128433309870567,"0","PHF8"
4.93175549920795e-08,0.328429716901435,0.132,0.078,0.00158560871055035,"0","SDAD1"
5.05820775613604e-08,0.276615244571772,0.167,0.105,0.0016262643756753,"0","PRKAB1"
5.29046608474762e-08,0.320741075231596,0.112,0.063,0.00170093775090721,"0","ZC3H6"
5.37352220026896e-08,0.304756593718719,0.124,0.073,0.00172764112260847,"0","FAM111A"
6.66390885657124e-08,0.310524079127549,0.114,0.065,0.00214251333647622,"0","HUS1"
6.87353356576941e-08,0.263078312261618,0.134,0.081,0.00220990977673052,"0","RPAP1"
7.30189067849619e-08,0.282383466913298,0.135,0.081,0.00234763087204331,"0","EPHX2"
9.10156718324143e-08,0.552042568580351,0.101,0.056,0.00292624486508395,"0","MDM1"
9.62363027388274e-08,0.256204755686387,0.139,0.084,0.00309409336935604,"0","PPM1D"
9.74489853359529e-08,0.331254654324424,0.13,0.077,0.00313308232753622,"0","RPSAP19"
1.05031845865001e-07,0.308068286245416,0.105,0.059,0.00337687887640565,"0","PIK3AP1"
1.05104037713755e-07,0.293187605613877,0.109,0.062,0.00337919991653494,"0","JMJD7-PLA2G4B"
1.08038125155634e-07,0.275629735795655,0.115,0.066,0.0034735337618788,"0","AC073346.1"
1.1014568715188e-07,0.250369053863366,0.107,0.06,0.0035412939876201,"0","PAK1"
1.23306655966714e-07,0.267863643437168,0.11,0.063,0.00396443229598581,"0","PRELID2"
1.33300011472206e-07,0.259264896315832,0.137,0.083,0.00428572866884288,"0","TANK"
1.38489151870697e-07,0.274215934086284,0.106,0.06,0.00445256472179477,"0","CCDC93"
1.45957926711071e-07,0.264175440340621,0.124,0.074,0.00469269330168765,"0","KLHDC8A"
1.85429032950604e-07,0.309361506563667,0.146,0.091,0.00596172883839486,"0","TMEM269"
1.88565832081203e-07,0.289663155228776,0.138,0.084,0.00606258006724277,"0","SVBP"
1.90449365671767e-07,0.277646485329998,0.1,0.057,0.00612313755571297,"0","AC073544.1"
1.93755723121599e-07,0.28324654573429,0.12,0.071,0.00622944025408252,"0","YPEL2"
2.01485553257705e-07,0.305312502179241,0.101,0.057,0.00647796202278846,"0","CHORDC1"
2.40467036829553e-07,0.320676735837915,0.161,0.103,0.00773125570110697,"0","AC010422.3"
2.46362103880679e-07,0.343217156351993,0.124,0.075,0.00792078800186771,"0","RRP8"
2.51877966833206e-07,0.370377413632338,0.104,0.059,0.00809812851165441,"0","AFAP1-AS1"
2.57264700545577e-07,0.465892549624389,0.107,0.063,0.00827131738724085,"0","PRDM4"
2.58942221693475e-07,0.375086676647376,0.109,0.063,0.00832525136966692,"0","AL589765.7"
2.62593526957665e-07,0.265108862169988,0.103,0.059,0.0084426444852159,"0","ZNF512"
2.78135832983039e-07,0.252952718104618,0.138,0.086,0.00894234516623768,"0","LMBRD2"
3.57443289453639e-07,0.320639464233088,0.122,0.074,0.0114921591992239,"0","CD2AP"
3.65214718406411e-07,0.268627483023696,0.116,0.069,0.0117420184114845,"0","MRS2"
3.89046488630373e-07,0.299353471737575,0.124,0.075,0.0125082336559551,"0","LINC00334"
4.14095898072587e-07,0.325914871022983,0.116,0.069,0.0133135972189317,"0","B3GNT2"
4.32810625805608e-07,0.401415993037448,0.109,0.064,0.0139152944302761,"0","EXTL2"
4.86842731699628e-07,0.314421988467233,0.115,0.068,0.0156524806668747,"0","PYM1"
5.19086735837813e-07,0.288916219085256,0.105,0.061,0.0166891576439215,"0","AC005726.4"
5.21360400819128e-07,0.343600121166812,0.103,0.06,0.0167622582467358,"0","AC098484.3"
6.63638402228356e-07,0.31806393045822,0.103,0.06,0.0213366382700439,"0","ZBTB5"
7.20523507441268e-07,0.3616792754219,0.105,0.061,0.0231655512877442,"0","SMURF1"
7.33005159936121e-07,0.411831005960845,0.106,0.063,0.0235668488971062,"0","PABPC1L"
7.55246228069049e-07,0.253552821933527,0.117,0.071,0.024281921478648,"0","KLHL20"
7.85795207687242e-07,0.320427205301896,0.139,0.088,0.0252641017223525,"0","LAS1L"
8.05363585415828e-07,0.26130042717871,0.102,0.059,0.0258932446347043,"0","UCK2"
8.14327140199054e-07,0.286366872851284,0.113,0.068,0.0261814318845398,"0","HPS6"
8.61455284624569e-07,0.337041598945575,0.124,0.077,0.0276966488559645,"0","NFKBIB"
9.55200379889101e-07,0.306620866645678,0.116,0.071,0.0307106474138145,"0","KMT2D"
1.02420497711246e-06,0.343766697167029,0.105,0.062,0.0329292142191427,"0","TNFSF13B"
1.17143892946287e-06,0.426117771753223,0.108,0.065,0.0376629330211608,"0","RABL3"
1.19301951181494e-06,0.266237100459872,0.143,0.091,0.0383567703243622,"0","UBE3A"
1.3532293238483e-06,0.343526950815134,0.1,0.059,0.0435076759910468,"0","NOL6"
1.38179392916229e-06,0.253072146420473,0.102,0.06,0.0444260566164969,"0","C22orf23"
1.39592116785116e-06,0.277790004124424,0.105,0.062,0.0448802614675825,"0","ANKS6"
1.52329201945453e-06,0.332821811933524,0.123,0.077,0.0489753617174827,"0","ZFYVE26"
1.72673980898305e-06,0.259793289497484,0.114,0.07,0.0555164115986142,"0","SNRNP27"
1.88955952495986e-06,0.281525094804203,0.123,0.076,0.0607512282869844,"0","NIFK"
1.93175034277633e-06,0.308546031716278,0.106,0.064,0.0621077052706018,"0","APBA3"
2.37356261331947e-06,0.277168420253746,0.118,0.073,0.0763124115808344,"0","RPS7P3"
4.35663233170785e-06,0.277654336360214,0.103,0.062,0.140070086096739,"0","ALG14"
4.51964204859924e-06,0.348543439022492,0.121,0.077,0.145311011504514,"0","AL355312.5"
4.86676505457469e-06,0.340693683252445,0.13,0.085,0.156471363269631,"0","ZNF629"
7.98237694625987e-06,0.351383803344406,0.116,0.074,0.256641401199201,"0","FAM173A"
9.78312201738298e-06,0.267773053481293,0.104,0.065,0.31453715598088,"0","FGD1"
9.99330188165877e-06,0.250401583618749,0.11,0.069,0.321294648797211,"0","ZBTB48"
1.13168195254254e-05,0.271600898013572,0.113,0.072,0.363847064561952,"0","TMEM107"
1.31399241861874e-05,0.426649072010321,0.103,0.064,0.422461702510111,"0","EEF1AKMT1"
1.33726325137237e-05,0.376044849554364,0.127,0.084,0.429943507948729,"0","ANKRA2"
1.4919070595566e-05,0.345702095571925,0.132,0.087,0.479663038718044,"0","ZNF593"
3.02603245862318e-05,0.252107783584937,0.111,0.072,0.972899695771938,"0","FAM120C"
3.46659588705921e-05,0.297504767570684,0.109,0.071,1,"0","SALL1"
4.17175867839848e-05,0.31930802466998,0.107,0.07,1,"0","ERCC6L2"
4.79183621369266e-05,0.256432394881103,0.124,0.084,1,"0","ZNF444"
5.19171832140492e-05,0.375489068013337,0.106,0.07,1,"0","RBBP9"
5.22932873583266e-05,0.275310423315143,0.109,0.072,1,"0","AFMID"
8.2232679792922e-05,0.337164805448087,0.102,0.067,1,"0","SLC31A1"
0.000116363239430927,0.262717205831041,0.103,0.068,1,"0","DDIT4"
5.62298413339576e-212,0.661005149036953,0.998,0.953,1.80784562872807e-207,"1","TPM2"
2.46848634263755e-198,0.515229787360295,0.998,0.978,7.93643044021399e-194,"1","TAGLN"
9.49343540194504e-193,0.493410848154026,0.998,0.977,3.05223441607935e-188,"1","PCSK7"
1.60724297806183e-187,0.571779491223237,0.998,0.968,5.16744689876659e-183,"1","DES"
5.07746582625932e-160,0.494804064453446,0.998,0.96,1.63245603780063e-155,"1","DLGAP4-AS1"
1.49384032875003e-159,0.494048223627044,0.999,0.962,4.80284604096421e-155,"1","MYL9"
2.63782611418094e-159,0.63939686128543,0.993,0.919,8.48087473970315e-155,"1","ACTG2"
6.34588602771683e-138,0.697606354181808,0.977,0.867,2.04026581677124e-133,"1","CNN1"
1.98947048437174e-136,0.925237736516788,0.941,0.755,6.39634655430359e-132,"1","PCP4"
1.13638397581137e-132,0.348102498184091,0.999,0.982,3.65358812063114e-128,"1","MYL6"
5.48805759026432e-122,0.548074661558428,0.99,0.907,1.76446539584588e-117,"1","NDE1"
2.25939201038408e-119,0.44781825424616,0.999,0.951,7.26417125258586e-115,"1","DSTN"
6.88438547536441e-115,0.471237212623696,0.998,0.935,2.21339877418441e-110,"1","STAMBPL1"
7.11629994942185e-112,0.333817030236811,0.999,0.983,2.28796159673862e-107,"1","ACTB"
8.18276506713833e-110,0.521063245494679,0.99,0.907,2.63084079673564e-105,"1","MYH11"
4.98164340011793e-97,0.465678140747706,0.99,0.919,1.60164816957192e-92,"1","FLNA"
2.66466276863601e-92,0.487962777753989,0.985,0.877,8.56715726744163e-88,"1","ACTA2"
1.72161338518844e-91,0.522188297468332,0.975,0.878,5.53515919471934e-87,"1","CSRP1"
2.70805350152681e-85,0.449531455469271,0.99,0.914,8.70666281275886e-81,"1","SYNM"
4.72432935464072e-81,0.465785121247735,0.986,0.888,1.51891913081054e-76,"1","IGFBP6"
4.85695346082405e-76,0.662070393690888,0.878,0.712,1.56155910718954e-71,"1","SORBS2"
8.16095649575243e-73,0.602970796919172,0.904,0.761,2.62382912294936e-68,"1","KCNMA1"
1.87663649888995e-68,1.37251562993804,0.543,0.331,6.03357400758107e-64,"1","WISP2"
2.99281977816947e-68,0.423907352260345,0.978,0.879,9.62221486879266e-64,"1","ACTA2-AS1"
4.10757746933313e-68,0.569237490061188,0.927,0.786,1.32062723216529e-63,"1","CKB"
1.50835386407294e-62,0.464589613611786,0.955,0.844,4.84950850838089e-58,"1","TPM1"
4.72633061851025e-60,0.531271788630101,0.927,0.816,1.51956255715723e-55,"1","AQP1"
2.66244407740279e-59,0.473116259035077,0.939,0.825,8.5600239532577e-55,"1","BGN"
2.16425697214306e-58,1.31046854928297,0.531,0.339,6.95830259113715e-54,"1","KCNK15-AS1"
1.21577439322253e-57,0.541581942537396,0.883,0.741,3.90883625164977e-53,"1","AL513217.1"
1.70622418576786e-57,0.354645738262372,0.99,0.911,5.48568137966225e-53,"1","SELENOM"
2.99685093363646e-54,0.513949305035445,0.886,0.756,9.63517543673459e-50,"1","LMOD1"
3.57150933929403e-54,0.543572079864027,0.877,0.736,1.14827596767642e-49,"1","SMTN"
5.7279639654408e-54,0.444078207832705,0.951,0.826,1.84159769452887e-49,"1","AC079328.2"
1.20707114216357e-52,0.463507299043651,0.943,0.82,3.88085442917008e-48,"1","VCL"
4.80013149321723e-52,0.612806506931743,0.828,0.676,1.54329027638427e-47,"1","LBH"
9.10293130922648e-51,0.335537680599872,0.992,0.914,2.9266834452294e-46,"1","COX6C"
2.82177903097857e-50,0.624301807816008,0.804,0.666,9.0723017624992e-46,"1","PDLIM7"
6.02534056582236e-50,0.667047310919837,0.754,0.601,1.93720724531755e-45,"1","CPXM2"
1.2395328655915e-49,0.558402223774227,0.84,0.703,3.98522211616323e-45,"1","PPP1R14A"
2.02461524184347e-47,1.09037082528764,0.606,0.439,6.50934046405094e-43,"1","CHRDL2"
2.18625244090025e-47,0.507226005007192,0.884,0.744,7.0290202227384e-43,"1","AOC3"
2.68244518323375e-47,0.450128236709363,0.863,0.743,8.62432950861484e-43,"1","PALLD"
1.12773740644682e-45,0.432061520522378,0.872,0.757,3.62578853546718e-41,"1","CBR4"
1.48845540781354e-45,0.500810685866384,0.85,0.716,4.78553298166132e-41,"1","SPINT2"
3.62559338447962e-45,0.574684086990216,0.771,0.631,1.16566452904404e-40,"1","MCAM"
3.70228209951005e-45,0.269404227975421,0.994,0.938,1.19032071781348e-40,"1","LGALS1"
4.07993585754003e-45,0.510073520909398,0.739,0.591,1.31174017755769e-40,"1","FLNC-AS1"
2.41855209017388e-44,0.331796189242439,0.969,0.882,7.77588682511804e-40,"1","MT-RNR1"
7.76988813311618e-44,0.331207392009075,0.988,0.892,2.49809673367818e-39,"1","AC006064.4"
1.4009444509418e-43,0.42492577670797,0.953,0.845,4.50417650422298e-39,"1","SULF1"
4.59056183396802e-43,0.409576903433883,0.948,0.835,1.47591153523906e-38,"1","ITGA8"
1.01175103231824e-42,0.485866282728025,0.721,0.59,3.25288074400637e-38,"1","FLNC"
3.51576897862298e-42,0.614146210486949,0.75,0.617,1.13035488431707e-37,"1","RCAN2"
3.51892852162039e-42,0.431178051227916,0.92,0.81,1.13137070898617e-37,"1","GADD45B"
4.72483808049962e-42,0.399609497767441,0.912,0.778,1.51908269126143e-37,"1","CD151"
5.86443660354708e-42,0.488555226707622,0.823,0.704,1.88547501240642e-37,"1","ALDOA"
1.44301281885226e-41,0.589737317979458,0.739,0.611,4.6394305138919e-37,"1","SLC25A4"
1.1869977106772e-40,0.430515872700887,0.901,0.78,3.81631633959826e-36,"1","CARMN"
1.46942157186276e-40,0.392158686067379,0.917,0.794,4.72433729569595e-36,"1","COX7A1"
3.6640357211369e-40,0.418448967528061,0.888,0.777,1.17802412470272e-35,"1","MYLK"
3.82792510346217e-40,0.385091782715891,0.921,0.813,1.23071620001412e-35,"1","TNS1"
8.11504173831699e-40,0.687586226868962,0.621,0.481,2.60906706928629e-35,"1","AC053503.4"
4.56052524083025e-39,0.36950447702949,0.905,0.784,1.46625447017933e-34,"1","MYLK-AS1"
5.20637641982039e-39,0.479608606538672,0.812,0.681,1.67390208273645e-34,"1","CBL"
2.48486648157645e-38,0.528526128002954,0.729,0.609,7.98909422491644e-34,"1","CCDC3"
3.23225266280969e-38,0.396829688893099,0.93,0.796,1.03920155361994e-33,"1","MFAP4"
6.82415021319244e-38,0.399511394083701,0.882,0.77,2.1940325350435e-33,"1","SYNPO2"
1.55924979600087e-37,0.384681489219099,0.931,0.815,5.01314401912239e-33,"1","FRZB"
1.60121535949072e-37,0.479280714269621,0.804,0.703,5.14806750229862e-33,"1","AC093512.2"
7.12127749368858e-37,0.279241518218063,0.984,0.899,2.28956192699582e-32,"1","GAPDH"
5.20692377603625e-36,0.26395981466482,0.995,0.925,1.67407806323341e-31,"1","RHOB"
9.3976453433705e-36,0.303556938761791,0.982,0.905,3.02143695434705e-31,"1","FHL1"
1.73468653199284e-35,0.503370441345259,0.723,0.613,5.57719066901018e-31,"1","AL353586.1"
2.64680370503706e-35,0.287789966488322,0.979,0.89,8.50973859206464e-31,"1","SELENOW"
3.04477905334149e-34,0.395675186657058,0.851,0.737,9.78926913439824e-30,"1","C2orf40"
7.9893259553239e-34,0.373403811722428,0.927,0.824,2.56864818789619e-29,"1","CALM1"
1.05167196528082e-33,0.381435904660508,0.88,0.769,3.38123053557438e-29,"1","AP005018.2"
1.54737155156023e-33,0.341107494124487,0.908,0.775,4.97495427542129e-29,"1","PGM5"
2.12492239517915e-33,1.06529979993452,0.403,0.254,6.83183799274047e-29,"1","CTD-2201I18.1"
2.822972960955e-33,0.662550809491135,0.57,0.425,9.07614036676644e-29,"1","PTP4A3"
3.19196691448569e-33,0.433451631667805,0.836,0.708,1.02624928267629e-28,"1","SCRG1"
1.20781351719113e-32,0.254907437583805,0.98,0.893,3.8832412391212e-28,"1","AL136982.7"
1.25910792183459e-32,0.552615840719948,0.651,0.516,4.04815787949038e-28,"1","HSPB7"
1.34004751035777e-32,0.341407235934099,0.93,0.816,4.30838675055127e-28,"1","COL4A2"
3.73482844934071e-32,0.678043451463614,0.631,0.52,1.20078469474753e-27,"1","SMOC2"
6.23837895060995e-32,0.330549363851179,0.958,0.844,2.00570121641061e-27,"1","MFGE8"
2.22769800978154e-31,0.299734093937082,0.933,0.828,7.16227187124864e-27,"1","ACTN1"
2.23309632429499e-31,0.406731683087658,0.81,0.695,7.17962799224082e-27,"1","RASL12"
2.33690367821904e-30,0.557879202916116,0.597,0.471,7.51337901584203e-26,"1","CDC42EP3"
5.68953263310364e-30,0.474506082293796,0.704,0.597,1.82924163686915e-25,"1","ITM2C"
7.60010411913571e-30,0.431857675017225,0.759,0.643,2.44350947534332e-25,"1","HCFC1R1"
1.11919615861324e-29,0.253634189224841,0.988,0.902,3.59832756955743e-25,"1","CD81"
1.28191386993384e-29,0.991791213233428,0.396,0.258,4.12148128322428e-25,"1","THBS4"
1.36121465596453e-29,0.473993015191475,0.702,0.592,4.37644124039157e-25,"1","TLN1"
2.12096340649665e-29,0.30876896540381,0.953,0.845,6.81910944822739e-25,"1","CALD1"
3.80873031198757e-29,0.452405029511425,0.717,0.615,1.22454488260712e-24,"1","TGFB1I1"
7.45983203034581e-29,0.353058587388818,0.84,0.729,2.39841059607648e-24,"1","AP000892.3"
1.15585305061505e-28,0.27749606760493,0.932,0.829,3.71618314303246e-24,"1","CAVIN1"
1.41329796847362e-28,0.292150611067267,0.975,0.868,4.54389429843952e-24,"1","ADIRF"
2.36956483774071e-28,0.370477154090509,0.848,0.731,7.61838790982015e-24,"1","MAP1B"
2.80692381178725e-28,0.473128050733295,0.713,0.615,9.0245407472772e-24,"1","HSPB8"
6.44198966101731e-28,0.445803270529875,0.737,0.631,2.07116409591368e-23,"1","RAMP1"
7.83356715263766e-28,0.387832636035843,0.739,0.648,2.51857017524454e-23,"1","RGS5"
8.13355152651828e-28,0.340967029820537,0.862,0.758,2.61501815129089e-23,"1","ATP5F1B"
1.0303466837627e-27,0.384915169369632,0.771,0.658,3.31266762296545e-23,"1","C4A"
1.08449653404452e-27,0.330047198686003,0.844,0.736,3.48676480660652e-23,"1","PSMD14"
1.31917448270044e-27,0.420817374110864,0.657,0.564,4.24127787933019e-23,"1","KCNAB1"
1.38537462884172e-27,0.476697323231276,0.658,0.551,4.45411796918902e-23,"1","AP003071.3"
1.67895095278294e-27,0.624420586533931,0.561,0.446,5.39799520829242e-23,"1","KCNMB1"
8.53623640200852e-27,0.540085083245603,0.538,0.42,2.74448536560976e-22,"1","ATP1A2"
8.73496446729236e-27,0.250362482286889,0.887,0.771,2.80837842587917e-22,"1","LPP"
1.03969531783872e-26,0.600079653765548,0.528,0.411,3.34272441638325e-22,"1","JPH2"
3.84397489040816e-26,0.418043623791062,0.745,0.643,1.23587636701513e-21,"1","NPNT"
7.0334535443601e-26,0.608499212331417,0.561,0.464,2.26132564904722e-21,"1","KCNIP1"
9.16510768375416e-26,0.41610811161897,0.743,0.645,2.9466737714038e-21,"1","CBX7"
9.94383834739722e-25,0.317789391493438,0.841,0.741,3.19704346707168e-20,"1","SORBS1"
1.00689015737788e-24,0.56968761056085,0.512,0.402,3.23725254498563e-20,"1","WFDC1"
1.3660994557406e-24,0.423630017994336,0.705,0.611,4.39214636015162e-20,"1","DUSP3"
2.01958751296108e-24,0.309086377443052,0.874,0.785,6.49317581292118e-20,"1","RBPMS"
2.27657034829411e-24,0.377919540889109,0.754,0.644,7.3194013268004e-20,"1","PBXIP1"
3.0805621287994e-24,0.447960112756468,0.652,0.56,9.90431530030296e-20,"1","FBXO32"
3.08298920318856e-24,0.327810930953501,0.847,0.752,9.91211858717153e-20,"1","HSPA1A"
3.1326961362716e-24,0.404739567539755,0.701,0.614,1.00719313477268e-19,"1","DEPP1"
3.73227716826763e-24,0.545118823902886,0.585,0.489,1.19996443236973e-19,"1","ENO2"
4.2057749249351e-24,0.339364837359201,0.85,0.744,1.35219869611588e-19,"1","ENO1"
4.49516732436782e-24,0.396460261681328,0.737,0.629,1.4452412464575e-19,"1","SPEG"
4.8396223963609e-24,0.703651305054395,0.423,0.302,1.55598699665399e-19,"1","FAM83D"
5.09217935591556e-24,0.297776013338548,0.836,0.75,1.63718658472041e-19,"1","ITGB1"
9.70089952910763e-24,0.283562818616423,0.955,0.857,3.11893620760339e-19,"1","HSPB1"
1.44760853164302e-23,0.341040440588835,0.892,0.78,4.65420619008549e-19,"1","PDLIM3"
2.84563875502168e-23,0.704921591738809,0.5,0.396,9.14901316127021e-19,"1","NCAM1"
4.88748944698634e-23,0.674141590192039,0.455,0.344,1.57137673210058e-18,"1","CASQ2"
5.7324180028514e-23,1.16483628367531,0.265,0.156,1.84302971209675e-18,"1","TSPAN8"
1.23925488893412e-22,0.295008763391748,0.848,0.766,3.9843283934121e-18,"1","MYADM"
1.61256061004473e-22,0.719730425841217,0.433,0.327,5.1845436173548e-18,"1","IGHMBP2"
2.37520631347275e-22,0.415786556757447,0.646,0.561,7.63652581844625e-18,"1","PDE5A"
2.60703500818939e-22,0.271432085847155,0.824,0.733,8.38187825482972e-18,"1","BSG"
2.69968888873889e-22,0.41174702424306,0.654,0.558,8.67976974618442e-18,"1","MRGPRF"
2.93620261101502e-22,0.279048551654846,0.891,0.787,9.4401850146744e-18,"1","PPP1R12B"
3.34434212265903e-22,0.277238331229223,0.944,0.831,1.0752394358561e-17,"1","ATP5F1A"
7.32278309795039e-22,0.279833340403991,0.844,0.749,2.35434799382203e-17,"1","SLC19A1"
1.03595946191948e-21,1.13894027618005,0.278,0.171,3.33071326601731e-17,"1","PNCK"
1.24914775253737e-21,0.318037851081288,0.763,0.694,4.01613493918291e-17,"1","MTATP6P1"
1.30618406543932e-21,0.647723923114303,0.449,0.338,4.19951238879396e-17,"1","RBPMS2"
1.95731181322984e-21,0.475386593167012,0.642,0.567,6.29295321071525e-17,"1","ILK"
2.1675924378754e-21,0.390881708831361,0.674,0.587,6.96902644701321e-17,"1","ACTN4"
4.77131948784878e-21,0.374469219960758,0.757,0.68,1.53402692853826e-16,"1","ITGA7"
5.54620541689899e-21,0.294998023768575,0.786,0.699,1.78316050358719e-16,"1","ATP2B4"
6.44003965884986e-21,0.46088921204357,0.644,0.557,2.07053715071682e-16,"1","SYT11"
8.06055474852579e-21,0.2568090754258,0.919,0.822,2.59154895719853e-16,"1","CRYAB"
1.08283377322891e-20,0.275508981138325,0.908,0.807,3.48141886430827e-16,"1","COL4A1"
1.52674520090648e-20,0.524481964011436,0.559,0.465,4.90863849543442e-16,"1","CSPG4"
1.69903342746088e-20,0.47444763488067,0.566,0.471,5.46256237262948e-16,"1","ALDH1B1"
2.17315088293739e-20,0.251844084869886,0.864,0.767,6.98689740373201e-16,"1","MYOCOS"
3.16277056115339e-20,0.462236197215857,0.617,0.533,1.01686236311643e-15,"1","RASSF3"
3.63544110783905e-20,0.334246377576771,0.717,0.642,1.16883067058133e-15,"1","AC011448.1"
3.96641800218849e-20,0.357796471923003,0.694,0.607,1.27524305188362e-15,"1","FGFR1"
4.15667004068253e-20,0.415203745849268,0.549,0.46,1.33641098477984e-15,"1","CCDC107"
5.50683268008651e-20,0.292775613326588,0.77,0.672,1.77050177497461e-15,"1","PKM"
6.52612229485561e-20,0.427470870595428,0.6,0.509,2.09821357901903e-15,"1","AC005586.2"
6.88561402894965e-20,0.252800582487926,0.944,0.836,2.2137937664476e-15,"1","PAM"
9.82011812311658e-20,0.284988223012592,0.797,0.702,3.15726617776321e-15,"1","ATP5MC3"
1.11344190323769e-19,0.26673647460948,0.867,0.759,3.57982706309949e-15,"1","MYOC"
1.27102687668967e-19,0.38516784557011,0.577,0.498,4.08647851124496e-15,"1","MAPK7"
1.73788593443242e-19,0.45512773227656,0.558,0.475,5.58747706779368e-15,"1","AC008569.1"
2.41707559998113e-19,0.40434779487996,0.708,0.625,7.77113976149932e-15,"1","TMEM47"
3.76028791322987e-19,0.307890905198486,0.813,0.719,1.20897016698253e-14,"1","NDUFB7"
4.47227767185304e-19,0.51265978362686,0.548,0.458,1.43788199427747e-14,"1","PDE3A"
5.2959043965911e-19,0.270513497830605,0.832,0.748,1.70268622254801e-14,"1","EHD2"
7.73493018566823e-19,0.396728777726355,0.62,0.55,2.48685740399419e-14,"1","PRELP"
7.8893813245459e-19,1.16021461581004,0.251,0.153,2.53651498965475e-14,"1","WSCD2"
8.9604851027903e-19,0.304735598876263,0.74,0.65,2.88088556539811e-14,"1","ARHGAP1"
1.17316943598604e-18,0.436618220639878,0.545,0.46,3.77185705363871e-14,"1","PRUNE2"
1.92261847509154e-18,0.277625568506629,0.763,0.674,6.1814106592668e-14,"1","TAF10"
3.40402996678642e-18,0.286907338636479,0.844,0.753,1.0944296746215e-13,"1","LAMB2"
5.54174973709086e-18,0.33723331108512,0.693,0.617,1.78172795797208e-13,"1","AC007000.3"
1.23237497252873e-17,0.36589836921766,0.65,0.583,3.96220877417713e-13,"1","MXRA7"
1.47454255991015e-17,0.352113520934567,0.69,0.606,4.74080178436713e-13,"1","NDUFB10"
2.20614862768844e-17,0.37899366210144,0.678,0.604,7.09298845288111e-13,"1","NDN"
3.44052770234716e-17,0.251352317026274,0.787,0.685,1.10616406158163e-12,"1","MFAP5"
5.13951922809314e-17,0.294410965214041,0.648,0.573,1.65240682702423e-12,"1","TNRC18"
5.38179884415257e-17,0.365104024019093,0.698,0.629,1.73030214638349e-12,"1","SRF"
5.67777635725697e-17,0.331082583870362,0.634,0.562,1.82546187662169e-12,"1","CFL2"
8.4084545962038e-17,0.312728501756429,0.657,0.593,2.70340223722548e-12,"1","CAVIN3"
8.72770908966173e-17,0.438485560805572,0.613,0.539,2.80604574941714e-12,"1","ADAM33"
9.69484239622342e-17,0.476577050282323,0.457,0.37,3.11698877880979e-12,"1","FOXF2"
1.12139193862895e-16,0.33892766104245,0.735,0.672,3.60538722188592e-12,"1","RASSF4"
2.57892841908815e-16,0.271343165716755,0.852,0.759,8.29151276021031e-12,"1","COX7B"
3.10619982603478e-16,0.406263685892817,0.564,0.492,9.98674306068441e-12,"1","AC006369.1"
5.43717681882949e-16,0.38653163547901,0.615,0.544,1.74810671902187e-11,"1","CMSS1"
5.65707616664151e-16,0.445648792126324,0.552,0.476,1.81880655833691e-11,"1","SBSPON"
6.26351836018761e-16,0.522364130329164,0.431,0.339,2.01378378798392e-11,"1","DKK3"
6.91120782130509e-16,0.495245976781158,0.458,0.377,2.2220224266278e-11,"1","DM1-AS"
7.5709464346101e-16,0.479879507272625,0.528,0.455,2.43413498819149e-11,"1","INPP5A"
8.31661648391406e-16,0.496109106566362,0.453,0.367,2.67387536574321e-11,"1","COL4A5"
8.86302501648227e-16,0.750503349823917,0.331,0.242,2.84955117304922e-11,"1","COL8A2"
1.14131608223112e-15,0.32777454394823,0.557,0.482,3.66944533598129e-11,"1","ARHGEF39"
1.17665539023198e-15,0.646001874406478,0.326,0.237,3.78306474513485e-11,"1","BOP1"
2.00224491380656e-15,0.340527654205952,0.672,0.599,6.43741762237948e-11,"1","LIMS2"
6.47199624167298e-15,0.382681212278904,0.56,0.494,2.08081151166028e-10,"1","GUCY1A1"
6.48591133633643e-15,0.335931087600568,0.664,0.607,2.08528535374553e-10,"1","PARVA"
2.54575754614086e-14,0.295827815885814,0.698,0.626,8.18486508659747e-10,"1","TCEAL3"
2.60664133375152e-14,0.388515065171225,0.575,0.514,8.3806125521445e-10,"1","CES1"
2.72959742808962e-14,0.409742560448407,0.488,0.405,8.77592869105094e-10,"1","DACT3"
3.66779191553984e-14,0.276142014681863,0.628,0.562,1.17923177876522e-09,"1","AC093752.1"
3.85408503668791e-14,0.814561626272439,0.269,0.183,1.23912688014553e-09,"1","HRCT1"
5.11373940279487e-14,0.295707069412596,0.656,0.598,1.64411835539258e-09,"1","PPP1R12C"
6.04370233046291e-14,0.474792919979334,0.453,0.379,1.94311073626713e-09,"1","DMPK"
6.54224443557895e-14,0.601259470713772,0.467,0.401,2.10339700848299e-09,"1","NCS1"
6.83551551242862e-14,0.340839047487259,0.607,0.533,2.19768659240092e-09,"1","RRAS"
1.00914757881858e-13,0.264853589006414,0.775,0.697,3.2445103806596e-09,"1","YPEL5"
1.01122540050272e-13,0.276645378090317,0.581,0.517,3.2511907851563e-09,"1","C4B-AS1"
1.10878106759739e-13,0.488806723343912,0.472,0.391,3.56484201043237e-09,"1","HMCN2"
1.31344794293296e-13,0.278229463779093,0.714,0.651,4.22286648132376e-09,"1","ARHGEF17"
1.32331052403339e-13,0.777833565292034,0.231,0.149,4.25457566581974e-09,"1","MET"
1.75041196915736e-13,0.281053645901044,0.633,0.559,5.62774952203783e-09,"1","PNMA1"
1.81561499235259e-13,0.372664862521342,0.617,0.564,5.83738376191281e-09,"1","SDC4"
2.40772054310952e-13,0.560316387418817,0.452,0.391,7.74106231815142e-09,"1","AL451164.3"
3.47062098362242e-13,0.310040066438006,0.613,0.563,1.11583935244445e-08,"1","EPHA1"
3.64584937588596e-13,0.496108632426503,0.431,0.357,1.1721770328411e-08,"1","FAM129A"
3.85965854377931e-13,0.718554245155115,0.246,0.169,1.24091881841049e-08,"1","SCX"
4.78415770565235e-13,0.283871439930863,0.738,0.652,1.53815454394429e-08,"1","GAS1"
4.9859384019426e-13,0.288816008360759,0.602,0.544,1.60302905560856e-08,"1","SYS1-DBNDD2"
6.15089894929468e-13,0.266820324968723,0.766,0.694,1.97757552118773e-08,"1","ATP5PF"
9.34039555009922e-13,0.555023927364447,0.431,0.357,3.0030305733124e-08,"1","MAOB"
9.44104453296966e-13,0.531031328840631,0.455,0.383,3.03539022779507e-08,"1","NEXN"
1.14973293759415e-12,0.388562503855472,0.605,0.539,3.69650636765894e-08,"1","FAM162A"
1.36472320354013e-12,0.394241305841288,0.532,0.476,4.38772157170186e-08,"1","ADGRE5"
1.48779089772567e-12,0.411701763168746,0.536,0.482,4.7833965152778e-08,"1","GCNT1"
1.56659217660543e-12,0.387637169141567,0.531,0.471,5.0367505070041e-08,"1","COX20"
1.58128487646296e-12,0.372098210544511,0.508,0.446,5.08398900631606e-08,"1","HDDC2"
1.77645358310063e-12,0.390147441969039,0.425,0.352,5.71147591502684e-08,"1","ITIH5"
2.18258388832457e-12,0.454677458790453,0.445,0.381,7.01722545935234e-08,"1","NFIX"
2.35831320878691e-12,0.329391855120325,0.654,0.616,7.58221279757079e-08,"1","TPI1"
2.37062220751752e-12,0.311066530343141,0.517,0.444,7.62178745938957e-08,"1","GUCY1B1"
2.3763183005207e-12,0.379006316955099,0.59,0.53,7.64010096800409e-08,"1","KIF1C"
2.88402341985694e-12,0.328944600977114,0.585,0.535,9.27242369718205e-08,"1","ESYT1"
3.15241410567772e-12,0.266917698359851,0.663,0.598,1.01353265911644e-07,"1","NUCB1"
3.19750460513849e-12,0.397567922961804,0.52,0.457,1.02802970559808e-07,"1","MARVELD1"
5.2332286660511e-12,0.412554095601024,0.507,0.457,1.68253534842209e-07,"1","MYLIP"
6.74547303806899e-12,0.318561632515217,0.605,0.532,2.16873703646956e-07,"1","LTBP2"
7.64600904914641e-12,0.538258117746395,0.412,0.342,2.45826836939106e-07,"1","COL4A6"
9.20238530319004e-12,0.492970262732143,0.444,0.384,2.95865889882863e-07,"1","CDH3"
1.47065032282075e-11,0.351928823611683,0.54,0.485,4.72828785290098e-07,"1","SLMAP"
1.4881552429524e-11,0.568453060024712,0.391,0.325,4.78456792161627e-07,"1","NXPH3"
1.67531166757594e-11,0.755771838373896,0.214,0.145,5.38629454242341e-07,"1","TMEM158"
1.82512487061498e-11,0.319820217206716,0.608,0.549,5.86795897151423e-07,"1","MAP7D1"
1.86367790057658e-11,0.294394641734969,0.584,0.536,5.99191081814375e-07,"1","RTL8C"
1.94674420096923e-11,0.29767041108906,0.519,0.461,6.25897728053618e-07,"1","CAPN12"
2.0426958968177e-11,0.694942743670468,0.337,0.265,6.5674715778586e-07,"1","ITGA3"
2.4316527422397e-11,0.450466735905477,0.415,0.351,7.81800673157485e-07,"1","EGFR"
2.63013824704507e-11,0.487617491186467,0.399,0.333,8.45615747807461e-07,"1","HSD17B6"
2.77526711339019e-11,0.263467025839719,0.579,0.532,8.9227612962608e-07,"1","ARL2-SNX15"
3.04007712148535e-11,0.437172501212941,0.492,0.448,9.77415195328754e-07,"1","NKX6-2"
7.02612574136485e-11,0.259937045819351,0.715,0.652,2.25896968710621e-06,"1","ANXA11"
7.54749506119441e-11,0.682326549317094,0.333,0.268,2.42659513712461e-06,"1","RAVER2"
7.5489069429803e-11,0.307338412264514,0.64,0.578,2.42704907123759e-06,"1","NDUFS4"
8.28426153839932e-11,0.289951588789939,0.612,0.554,2.66347292721077e-06,"1","SBDS"
9.24422569787604e-11,0.369842943148595,0.397,0.338,2.97211100412413e-06,"1","C4B"
1.00199447423092e-10,0.419506510692425,0.374,0.303,3.22151243409983e-06,"1","SLC6A8"
1.18747653443444e-10,0.278738111804542,0.59,0.525,3.81785580586017e-06,"1","OSTM1"
1.23599654582912e-10,0.316699771108454,0.639,0.601,3.9738524944952e-06,"1","ARL10"
1.26348589560477e-10,0.254520327847436,0.574,0.519,4.06223350295889e-06,"1","PDZRN3"
1.27539137001085e-10,0.26628485854272,0.593,0.54,4.1005107937219e-06,"1","PLEKHO1"
1.28267952929361e-10,0.336100577471972,0.56,0.514,4.12394295463188e-06,"1","COPRS"
1.52253890860173e-10,0.27978956484116,0.578,0.507,4.89511484504543e-06,"1","SUCLG1"
1.67902869457753e-10,0.312301471977461,0.585,0.526,5.3982451559362e-06,"1","MYO1C"
1.76315629441783e-10,1.18977021093574,0.128,0.072,5.66872380218275e-06,"1","TACR2"
1.96788389317908e-10,0.367875439539272,0.509,0.456,6.32694350496005e-06,"1","COL16A1"
2.10790734119392e-10,0.645464305931962,0.261,0.196,6.77713289267256e-06,"1","CCND1"
2.11574609414854e-10,0.333222053459951,0.567,0.517,6.80233526729698e-06,"1","RARRES2"
3.49762312831466e-10,0.44219979649323,0.443,0.386,1.12452081198445e-05,"1","PCDH7"
3.90001834038309e-10,0.8908339834229,0.137,0.08,1.25389489661657e-05,"1","SIX2"
5.38441817281474e-10,0.31899491137527,0.484,0.427,1.73114428674167e-05,"1","TUBB2A"
6.63310290896536e-10,0.665033252867868,0.343,0.281,2.13260891626145e-05,"1","FGFR2"
7.38297024406805e-10,0.36077009688937,0.557,0.498,2.37369876317032e-05,"1","WFDC2"
8.38505268420208e-10,0.441752106591402,0.367,0.314,2.69587828849781e-05,"1","FXYD1"
1.11086888152805e-09,0.410970796462399,0.437,0.386,3.57155454100084e-05,"1","RRAD"
1.23774995584052e-09,0.535141700913257,0.381,0.324,3.97948988302286e-05,"1","VWA1"
1.42030750521169e-09,0.272271441683144,0.499,0.451,4.56643066000611e-05,"1","KIAA1671"
1.46990796891174e-09,0.26375619604937,0.628,0.579,4.72590111084814e-05,"1","DST"
1.56177505393704e-09,0.328886638540688,0.468,0.419,5.02126297591296e-05,"1","PKD1"
1.68368817665113e-09,0.791184933187063,0.133,0.078,5.41322585675105e-05,"1","FNDC1"
1.81307903488893e-09,0.440318178578176,0.447,0.402,5.8292304050714e-05,"1","ABHD12"
1.81337007296713e-09,0.354823916929199,0.426,0.372,5.83016612159662e-05,"1","KLHL21"
1.8519749310272e-09,0.355939803342008,0.489,0.444,5.95428460074556e-05,"1","NTN1"
2.66061591544193e-09,0.351687160658606,0.509,0.469,8.55414622973736e-05,"1","IAH1"
2.70071437866289e-09,0.611721513392309,0.346,0.289,8.68306679883907e-05,"1","RASGRP2"
3.41602879224741e-09,0.404545483773977,0.395,0.346,0.000109828741699546,"1","C4A-AS1"
3.43078824035232e-09,0.291593717374931,0.495,0.451,0.000110303272715567,"1","TNPO2"
4.38730434140776e-09,0.495429061819403,0.318,0.259,0.000141056221880601,"1","GPC1"
4.55942512078209e-09,0.353613578187948,0.468,0.421,0.000146590077058265,"1","NCOA6"
4.85139171869144e-09,0.604374482980508,0.281,0.222,0.000155977095147649,"1","FABP3"
5.15910439446565e-09,0.312415947769262,0.548,0.505,0.000165870365386465,"1","TSC2"
5.39287814069795e-09,0.467903718828309,0.422,0.372,0.00017338642510158,"1","CALCOCO1"
6.90402119624612e-09,0.282658049486243,0.609,0.566,0.000221971185480509,"1","MASP1"
7.17492742092445e-09,0.386952324263883,0.435,0.392,0.000230681091510142,"1","ERBB2"
7.26784774344705e-09,0.346536959170204,0.448,0.398,0.000233668572799566,"1","MGLL"
7.9834709971241e-09,0.259602698840391,0.651,0.603,0.000256676576028537,"1","DYNLT1"
8.09810723839522e-09,0.386456009816413,0.377,0.331,0.000260362245821645,"1","CCND2"
8.41515598725269e-09,0.267478296000408,0.517,0.474,0.000270555680146161,"1","CHCHD10"
1.03821617143964e-08,0.423375307432829,0.367,0.318,0.000333796881279557,"1","GPI"
1.08218558408875e-08,0.459262689171927,0.315,0.255,0.000347933487140374,"1","TPD52L1"
1.11448512350673e-08,0.323784879407665,0.473,0.425,0.000358318112058648,"1","SORT1"
1.13149613035086e-08,0.370393624205896,0.498,0.457,0.000363787320869105,"1","ADCY5"
1.27679641341091e-08,1.15872473634239,0.119,0.071,0.000410502814875743,"1","FAT3"
1.36162278580939e-08,0.366060112137436,0.403,0.349,0.000437775341865577,"1","ALKBH5"
1.50062299191248e-08,0.467120461279968,0.349,0.295,0.000482465298129781,"1","VLDLR"
1.51673191229748e-08,0.721503465397553,0.254,0.197,0.000487644477122763,"1","DIRAS1"
1.79343547281407e-08,0.352044670882262,0.427,0.379,0.000576607438864452,"1","MANBAL"
1.86540146217873e-08,0.399073155389523,0.435,0.39,0.000599745224105085,"1","TMEM127"
2.04961260866939e-08,0.298059616780085,0.577,0.54,0.000658970949813296,"1","ZBTB4"
2.11413258503481e-08,0.518872105363184,0.416,0.371,0.000679714767414542,"1","VDAC3"
2.16153779354472e-08,0.418003471490721,0.426,0.388,0.000694956016002562,"1","NCAPD3"
3.53277002893866e-08,0.306052772570009,0.478,0.438,0.00113582089200407,"1","RTL8A"
3.57949271268658e-08,0.412748724003183,0.375,0.328,0.00115084270205586,"1","AP002383.2"
3.65913823428413e-08,0.285947145561927,0.541,0.504,0.00117644953370469,"1","MTDH"
4.20524840561904e-08,1.26707438151532,0.123,0.076,0.00135202941489058,"1","MYLPF"
4.89203717578394e-08,0.270493218687908,0.452,0.41,0.00157283887238629,"1","C19orf70"
4.92938450543128e-08,0.347109066951739,0.315,0.262,0.00158484641234121,"1","AC020907.2"
5.24391331292022e-08,0.36828180466921,0.449,0.408,0.00168597056923698,"1","PLP2"
6.0802318710411e-08,0.370728556149263,0.418,0.38,0.00195485534885842,"1","IRS2"
6.14133904181079e-08,0.371709545659021,0.46,0.418,0.00197450191533259,"1","PAM16"
6.41238319379753e-08,0.425240692022316,0.32,0.263,0.00206164532063784,"1","ADRA1A"
7.85874725278824e-08,0.46533737526194,0.361,0.316,0.00252666582924395,"1","AL139317.5"
9.20395889158596e-08,0.517824056445201,0.335,0.284,0.0029591648232338,"1","HACD1"
9.32868558445242e-08,0.311205572309112,0.529,0.496,0.0029992657022573,"1","VASP"
9.82394749977593e-08,0.27237953207577,0.453,0.415,0.00315849736065296,"1","AC055811.1"
1.05222763124592e-07,0.347425409203879,0.326,0.277,0.00338301705721877,"1","MTURN"
1.1147370733154e-07,0.356564045001138,0.357,0.316,0.00358399116441635,"1","FBXL18"
1.20552807957744e-07,0.494293504117476,0.322,0.273,0.00387589332864943,"1","RPL39P5"
1.31836757397247e-07,0.361680790848331,0.34,0.291,0.00423868358707889,"1","DMTN"
1.3853166238673e-07,0.388017106099172,0.462,0.431,0.00445393147739574,"1","MSRB3"
1.51711641881855e-07,0.403480394530662,0.422,0.381,0.00487768099814352,"1","KIAA2013"
1.5277934783704e-07,0.743215369154195,0.214,0.161,0.00491200881230866,"1","SCUBE3"
1.52796670786908e-07,0.674630779648038,0.2,0.147,0.00491256576246987,"1","LCLAT1"
1.53453148211232e-07,0.268752101630843,0.433,0.389,0.00493367216813931,"1","MOB2"
1.56660644485199e-07,0.361848359449782,0.36,0.311,0.00503679638084363,"1","EXTL3"
1.5692504226535e-07,0.251119551655715,0.591,0.557,0.00504529703387325,"1","SCARA3"
1.81638938958905e-07,0.271880458912568,0.534,0.496,0.00583987352646775,"1","PHLDB2"
1.90373479273148e-07,0.377176504504367,0.361,0.319,0.006120697732111,"1","PYGB"
2.20834581170802e-07,0.405893970637539,0.35,0.299,0.00710005261922245,"1","SDC3"
2.21463956658943e-07,0.613933427401959,0.219,0.167,0.00712028767054167,"1","HPSE2"
2.34644901254716e-07,0.52334743189079,0.298,0.249,0.00754406822024039,"1","LDB3"
2.61723463024752e-07,0.816662815580252,0.192,0.139,0.0084146710597088,"1","CYS1"
2.66815442377483e-07,0.376605403205736,0.464,0.424,0.00857838328787845,"1","TACC2"
2.69510445933802e-07,0.304057756941627,0.549,0.511,0.00866503034721766,"1","DDX24"
2.73085153857438e-07,0.267983301582301,0.518,0.486,0.0087799607816705,"1","BX322234.1"
2.80691752088183e-07,0.439942339705513,0.372,0.33,0.00902452052138719,"1","SLC2A4"
2.97367746021984e-07,0.651698042168273,0.261,0.208,0.0095606704023528,"1","ASB2"
3.0824292348215e-07,0.25827778389833,0.568,0.551,0.00991031823287459,"1","NDUFB8"
3.72539647529294e-07,0.576710980847608,0.337,0.296,0.0119775222077143,"1","EML1"
3.78372401618754e-07,0.401853823830614,0.368,0.322,0.0121650510844446,"1","SCAMP1"
3.88859884343685e-07,0.274577135023635,0.553,0.522,0.0125022341415338,"1","LAPTM4B"
4.00642632148034e-07,0.481692357253909,0.342,0.294,0.0128810612661914,"1","CTIF"
4.09999071328693e-07,0.902093791869765,0.187,0.137,0.0131818801422888,"1","AP002884.1"
4.55605835754185e-07,0.286079796479603,0.508,0.476,0.0146481832253328,"1","OSR2"
5.14582030582044e-07,0.318461480069774,0.379,0.339,0.0165443268652433,"1","KCND3"
5.69558046627562e-07,0.896183802119081,0.13,0.086,0.0183118607571228,"1","ADCY2"
5.76603400672755e-07,0.525240863711239,0.304,0.257,0.0185383759350298,"1","TEAD3"
6.30405147188676e-07,0.370705736291467,0.427,0.389,0.0202681558872631,"1","S1PR3"
6.48150039234982e-07,0.297844687490658,0.468,0.429,0.0208386719114439,"1","GNA11"
6.62724298598665e-07,0.50402711421854,0.348,0.312,0.0213072489242457,"1","LARGE1"
7.08262306638139e-07,0.472056898661613,0.37,0.331,0.0227713414207228,"1","NFASC"
7.22473240664188e-07,0.311595206511886,0.495,0.458,0.0232282371605943,"1","WFS1"
9.26138180282426e-07,0.300995984183446,0.433,0.402,0.0297762686342603,"1","MRVI1"
9.573220017712e-07,0.535079487735849,0.249,0.201,0.0307788596789459,"1","AHNAK2"
9.92609050300557e-07,0.313379533861577,0.438,0.399,0.0319133735762132,"1","SDC2"
1.02747248651308e-06,0.392963957925733,0.379,0.343,0.0330342679138819,"1","PRDX2"
1.05926357176253e-06,0.552651956268144,0.229,0.18,0.0340563830957373,"1","SLC24A3"
1.0869938573487e-06,0.523286776825707,0.301,0.261,0.0349479395076181,"1","AP000317.2"
1.09969483875085e-06,0.480635446431771,0.279,0.235,0.0353562887606785,"1","HILS1"
1.13498906658584e-06,0.450286371419535,0.318,0.276,0.0364910334798013,"1","SLC51B"
1.36199954866277e-06,0.355421478532431,0.413,0.375,0.0437896474890567,"1","CYC1"
1.42507079360166e-06,0.265972968881313,0.395,0.359,0.0458174510850869,"1","PLN"
1.4658478114303e-06,0.363089242752986,0.412,0.384,0.0471284729852955,"1","IDH2"
1.53061415496563e-06,0.412684308767674,0.394,0.353,0.0492107756962999,"1","TTLL7"
1.61844039952648e-06,0.296499304631292,0.416,0.389,0.0520344772851757,"1","JAM3"
1.78673326961916e-06,0.318013095888759,0.382,0.342,0.0574452613515257,"1","DAPK3"
1.9443458219029e-06,0.284514542629503,0.39,0.354,0.06251266252,"1","AMOTL1"
2.56942106525971e-06,0.590997215278405,0.271,0.228,0.0826094566691648,"1","TENT5B"
2.64937535016117e-06,0.447102440881266,0.34,0.3,0.0851800668830318,"1","GJC1"
2.7222550928628e-06,0.295256560021714,0.505,0.476,0.0875232234906318,"1","TCEAL1"
2.74908719358802e-06,0.272658761012867,0.508,0.486,0.0883859023610483,"1","RABGAP1"
2.95286411149387e-06,0.287276592305378,0.41,0.374,0.0949375340486394,"1","CAMK2G"
2.98831660967551e-06,0.435760437883353,0.387,0.352,0.0960773673176772,"1","PIP5K1B"
3.3177084638421e-06,0.25135110756007,0.399,0.371,0.106667644820987,"1","MTCO3P12"
3.41849219039512e-06,0.548794116019585,0.152,0.109,0.109907942413393,"1","PPP2R2B"
3.5214908633099e-06,0.775028584964423,0.132,0.09,0.113219452746276,"1","MPP7"
3.58149870811769e-06,0.268517177967163,0.446,0.424,0.115148764964692,"1","FGL2"
4.0715371080942e-06,0.840424563166782,0.132,0.091,0.130903989562337,"1","FHOD3"
4.10273011351415e-06,0.257538057550069,0.502,0.48,0.131906875879593,"1","MT-ND4L"
4.25063466505304e-06,0.605960319935911,0.255,0.216,0.13666215511612,"1","PRKG1-AS1"
4.27804270293204e-06,0.490518858738968,0.23,0.185,0.137543350941968,"1","PLD4"
4.54420378250595e-06,0.492834436072141,0.276,0.234,0.146100695811349,"1","TMEM38A"
4.54808277169027e-06,0.597425252942214,0.113,0.075,0.146225409192614,"1","AC244107.1"
4.70681245241743e-06,0.413284991875479,0.404,0.384,0.151328727157673,"1","AC008012.1"
5.38878983654031e-06,0.413710626224187,0.35,0.315,0.173254982034608,"1","FYCO1"
5.39377484953523e-06,0.2736441117732,0.37,0.336,0.173415255187407,"1","HSPA1B"
5.60068941761878e-06,0.400335263405505,0.322,0.286,0.180067765465861,"1","AUNIP"
5.70101964762878e-06,0.286450566130243,0.558,0.55,0.183293482690913,"1","GLRX5"
6.17385918209895e-06,0.760322142023667,0.11,0.072,0.198495746563663,"1","PITX1"
6.65556415551732e-06,0.388525482396101,0.314,0.275,0.213983043164037,"1","AVPI1"
6.91027963795279e-06,0.585289123947408,0.222,0.178,0.22217240063982,"1","LINC00702"
7.06885654580965e-06,0.366197576260242,0.285,0.241,0.227270806804326,"1","TBX3"
7.17626171978987e-06,0.299279717334549,0.261,0.217,0.230723990552964,"1","DTX3"
7.8524660532681e-06,0.25388998869188,0.574,0.553,0.252464636078623,"1","SPCS1"
8.1601016903909e-06,0.705417709976301,0.196,0.155,0.262355429447758,"1","MYT1L"
8.18358722555217e-06,0.444542020327987,0.43,0.41,0.263110512888728,"1","UQCRC1"
8.54176157182276e-06,0.518344353146957,0.224,0.18,0.274626176295674,"1","CACNA1H"
9.16612362384208e-06,0.433056888729164,0.304,0.262,0.294700040630147,"1","HTRA3"
9.50382753367546e-06,0.742840927234119,0.149,0.108,0.3055575590352,"1","CTXN1"
9.77253762833446e-06,0.269489711438026,0.444,0.421,0.314196857288581,"1","PCYOX1"
1.00523411240376e-05,0.348399940118468,0.353,0.319,0.323192819478932,"1","HEPH"
1.05849211638864e-05,0.283149023212788,0.414,0.391,0.340315800340113,"1","AC068831.1"
1.06920567957581e-05,0.37194011992493,0.424,0.391,0.343760318040419,"1","SNX21"
1.30006014492691e-05,0.294402365948689,0.347,0.314,0.41798233719545,"1","WLS"
1.31934047262129e-05,0.250960679065819,0.369,0.338,0.424181155352472,"1","PPP1R12A"
1.35803163016035e-05,0.392025861196879,0.354,0.33,0.436620749412855,"1","TP53INP2"
1.40531679092007e-05,0.507404112047998,0.318,0.281,0.451823401448712,"1","RNF150"
1.46666763696814e-05,0.253165239309042,0.288,0.246,0.471548311961627,"1","TMEM106C"
1.59466042112237e-05,0.283623431824327,0.39,0.36,0.512699271995054,"1","FHL2"
1.63607172043043e-05,0.351861089966692,0.357,0.319,0.526013418835587,"1","PHLDA3"
1.70124648699882e-05,0.432901744502438,0.284,0.251,0.546967758034991,"1","MRPS6"
1.71883653866187e-05,0.541890738891012,0.165,0.126,0.552623135545178,"1","DMGDH"
1.81786637886647e-05,0.300447519403589,0.298,0.259,0.58446221946936,"1","UBE2E2"
1.84147932695381e-05,0.403960865216936,0.353,0.318,0.592054018408919,"1","PPP1R3B"
2.33864470658303e-05,0.30519305633885,0.4,0.38,0.751897659613509,"1","HSPB1P1"
2.372417650915e-05,0.470663170091863,0.192,0.151,0.762755998945681,"1","BOK"
2.52992665962888e-05,0.457876255316134,0.314,0.284,0.813396720337281,"1","NCK2"
2.52999218400658e-05,0.441584302302335,0.265,0.228,0.813417787079956,"1","AP002812.2"
2.83520180731764e-05,0.541765022726807,0.245,0.205,0.911545733070694,"1","DIPK2A"
2.89311820278288e-05,0.580481690155904,0.291,0.257,0.930166433376724,"1","CAMK2N1"
2.96818293414715e-05,0.442336759315875,0.163,0.122,0.954300495157649,"1","MN1"
3.0805782131699e-05,0.325893092051045,0.341,0.315,0.990436701316256,"1","FERMT2"
3.32963909811035e-05,0.358784854167897,0.419,0.396,1,"1","CABIN1"
3.36043552697021e-05,0.420733503947886,0.376,0.346,1,"1","AHDC1"
3.38157891027984e-05,0.264112001315351,0.399,0.378,1,"1","ITGA1"
3.61518352719411e-05,0.517862349086115,0.148,0.109,1,"1","ARNT2"
3.62493241532369e-05,0.276177397094455,0.496,0.48,1,"1","ATP9A"
3.65666918273199e-05,1.03753917622707,0.108,0.074,1,"1","KLHL30"
3.68664770082731e-05,0.320664271240719,0.409,0.391,1,"1","SKI"
4.25667337288227e-05,0.285110701238437,0.433,0.417,1,"1","INF2"
4.67445569967123e-05,0.321750037665671,0.251,0.217,1,"1","ZNF491"
4.73898400846564e-05,0.412096308604946,0.36,0.336,1,"1","GNG12-AS1"
4.87972418071455e-05,0.28531840245789,0.329,0.299,1,"1","CDC14B"
5.00913733376464e-05,0.274160129545013,0.351,0.319,1,"1","SLC12A2"
5.0762725058861e-05,0.34089732905236,0.282,0.245,1,"1","SLC38A1"
5.19751035594852e-05,0.281248349706456,0.38,0.351,1,"1","GYG1"
5.32061474016107e-05,0.483433297556155,0.32,0.284,1,"1","PCOLCE2"
5.37056108820938e-05,0.397902426609584,0.294,0.261,1,"1","CACNA1C"
5.78732927274289e-05,0.424608812648901,0.203,0.165,1,"1","TBL1X"
5.97870034391293e-05,0.312743214997567,0.401,0.376,1,"1","SMIM4"
6.43686323026808e-05,0.426360424894932,0.331,0.303,1,"1","PLCD3"
6.85148679246351e-05,0.321573232153628,0.405,0.388,1,"1","ACAT1"
7.94781722021851e-05,0.557002909006282,0.197,0.159,1,"1","PRKCB"
7.98500671845305e-05,0.251838873523438,0.4,0.375,1,"1","MLF2"
8.07920117926053e-05,0.462603240908335,0.217,0.18,1,"1","FENDRR"
8.70442168608863e-05,0.271932144164495,0.4,0.376,1,"1","ABR"
9.81150532847978e-05,0.661473879134601,0.184,0.148,1,"1","BTC"
0.000108163835381999,0.292354587242802,0.44,0.429,1,"1","AC135050.2"
0.000112869602515036,0.331240323715993,0.35,0.325,1,"1","NACC2"
0.000114352335277099,0.270750795167492,0.387,0.361,1,"1","MSRB1"
0.000116376037623686,0.317350565273532,0.318,0.286,1,"1","FADS2"
0.000120044331927798,0.705506106553671,0.132,0.099,1,"1","ANO5"
0.000135538716422684,0.451526658891304,0.255,0.222,1,"1","FAM234A"
0.000139431467089388,0.30006787240538,0.37,0.349,1,"1","NME4"
0.000141391099424624,0.271255460255534,0.428,0.411,1,"1","ABHD8"
0.000149509529255313,0.441310882910485,0.21,0.173,1,"1","TMEM35A"
0.000156719544158083,0.280336274680314,0.454,0.441,1,"1","SPOP"
0.000160456324625493,0.407423605326293,0.374,0.352,1,"1","NSMCE1"
0.000164914815471694,0.301214381058944,0.382,0.368,1,"1","DDTL"
0.000165632333663692,0.318144156701371,0.355,0.332,1,"1","TMED4"
0.000171122943046352,0.392695070683905,0.284,0.254,1,"1","PLEKHG3"
0.000173619822784556,0.423010998319685,0.378,0.357,1,"1","CSDC2"
0.000174919943825885,0.644005441390445,0.16,0.124,1,"1","FAM3A"
0.00017945699514084,0.439005089650161,0.275,0.242,1,"1","HAND2"
0.000181712718444968,0.346447180212618,0.389,0.367,1,"1","ELN"
0.000186606043495731,0.282760285539247,0.432,0.414,1,"1","ANTXR2"
0.000187248151882044,0.660095520899656,0.128,0.095,1,"1","CYFIP2"
0.000187395442497833,0.372939784332369,0.284,0.255,1,"1","REEP1"
0.0001903013688752,0.449547662597516,0.277,0.249,1,"1","EFHD1"
0.000194426508327665,0.272382655013152,0.317,0.294,1,"1","LRIG1"
0.000195685679841668,0.292483091257448,0.207,0.173,1,"1","CPED1"
0.00020349945981849,0.30513404377795,0.307,0.277,1,"1","RIC8A"
0.000208682208060325,0.255164432984245,0.335,0.307,1,"1","COL5A1"
0.000210422731004194,0.431592005482655,0.257,0.227,1,"1","HOXD10"
0.000213734680289569,0.52383538237619,0.192,0.159,1,"1","RSPH14"
0.000216408861209574,0.314736041677348,0.225,0.191,1,"1","JAZF1"
0.000221348804492978,0.315899312207695,0.292,0.262,1,"1","KCNH2"
0.000228930678126537,0.338351601898627,0.397,0.383,1,"1","IMPAD1"
0.000229917794741239,0.253317717689298,0.468,0.451,1,"1","MPC2"
0.000245525203479216,0.745098492766852,0.176,0.143,1,"1","FZD3"
0.000290462746670874,0.321138293103781,0.373,0.348,1,"1","CHST3"
0.000299121708380041,0.270889189785128,0.346,0.325,1,"1","INTS11"
0.000315344027521748,0.281419783402541,0.347,0.329,1,"1","FBXW4"
0.000322562559264873,0.322966164569695,0.322,0.291,1,"1","TMEM250"
0.000356244272573793,0.260462895369734,0.415,0.404,1,"1","COPS6"
0.000360547690647281,0.552976195114533,0.115,0.085,1,"1","ST6GAL2"
0.000367183096481569,0.426287503860047,0.261,0.234,1,"1","AC004754.1"
0.00037150610817861,0.293876315355861,0.387,0.378,1,"1","NBEA"
0.000380994437262775,0.291949058018323,0.381,0.37,1,"1","ZFYVE21"
0.000388519699390044,0.278789336109775,0.453,0.45,1,"1","TMEM43"
0.000390735528420939,0.556068206431714,0.246,0.221,1,"1","WRB-SH3BGR"
0.000395239811998528,0.286701035519689,0.352,0.328,1,"1","NDUFV3"
0.000416214992705843,0.424140512399817,0.209,0.178,1,"1","WNK2"
0.000438852976633568,0.260991544367419,0.351,0.337,1,"1","CPM"
0.000471096497487573,0.428463264717263,0.318,0.299,1,"1","TPGS2"
0.000486769006953214,0.280795343355619,0.478,0.478,1,"1","FZD7"
0.000504259824998016,0.331065848621978,0.34,0.322,1,"1","APBB1"
0.000521442177222635,0.535908460242815,0.103,0.074,1,"1","SLCO5A1"
0.000543715348310864,0.359622271497573,0.314,0.296,1,"1","TNFSF12-TNFSF13"
0.000558530139475864,0.422577358797858,0.257,0.228,1,"1","LAYN"
0.000577959474757842,0.59157592987878,0.183,0.151,1,"1","BHLHE41"
0.000605779103935906,0.802019538603791,0.113,0.084,1,"1","AC053503.6"
0.000703521359264607,0.497804443866289,0.202,0.173,1,"1","MEIS1"
0.000705577617810114,0.774954659176186,0.178,0.149,1,"1","ADRA2C"
0.000783867964223544,0.376285501982279,0.298,0.275,1,"1","FOXF1"
0.000804054281903921,0.380289083203156,0.349,0.336,1,"1","BAG2"
0.000823766013212588,0.744839715033045,0.105,0.077,1,"1","SORL1"
0.000837282127605654,0.270090848285467,0.271,0.243,1,"1","FOCAD"
0.000975835864321659,0.70352476460631,0.143,0.114,1,"1","STUM"
0.00105608511282736,0.307294307668189,0.213,0.183,1,"1","TOX"
0.00107316661897097,0.420617628441832,0.347,0.329,1,"1","SMG5"
0.00108830208009607,0.375685953566932,0.342,0.322,1,"1","TLE2"
0.00111376724032808,0.487769021076938,0.265,0.243,1,"1","SYDE1"
0.0011339252422142,0.306758832700888,0.415,0.407,1,"1","PGAM1"
0.00113914087151213,0.837110652846828,0.134,0.107,1,"1","AC026954.3"
0.00115880139819615,0.313926500499804,0.286,0.26,1,"1","TMEM8B"
0.00116281800254174,0.365418963473422,0.208,0.18,1,"1","AC008738.7"
0.00137470264185019,0.252069898401288,0.405,0.404,1,"1","MRPL34"
0.00141784524050249,0.258585085382717,0.359,0.342,1,"1","AIP"
0.00147016970070418,0.304392154713612,0.369,0.357,1,"1","PPP1R7"
0.0014757504355101,0.315407673324136,0.338,0.324,1,"1","BMPR1A"
0.00150106905718328,0.27652683072967,0.388,0.384,1,"1","SNCG"
0.00153690534442586,0.28583908397797,0.323,0.307,1,"1","EFEMP2"
0.00154483831813709,0.280543073820317,0.4,0.392,1,"1","ITPK1"
0.00156225180825764,0.386660565950801,0.272,0.251,1,"1","MXI1"
0.00161866421407155,0.527186936100021,0.168,0.14,1,"1","HOXA13"
0.00163661810466406,0.322245491731974,0.252,0.225,1,"1","NXN"
0.00164313823360917,0.308236947782058,0.324,0.311,1,"1","AC025180.1"
0.00170965005123364,0.274197059888166,0.342,0.328,1,"1","PRDM2"
0.00172064887711951,0.34901711938477,0.302,0.279,1,"1","GNAI1"
0.00174131384197581,0.553616712480854,0.149,0.122,1,"1","OXNAD1"
0.00177090735194103,0.259033474993871,0.404,0.395,1,"1","NOTCH2"
0.00182979191383788,0.698374119464672,0.159,0.133,1,"1","ACBD4"
0.00184938824482545,0.265819163429785,0.449,0.446,1,"1","IRF2BPL"
0.00187648808089037,0.894291330645266,0.103,0.078,1,"1","HSPB3"
0.00190320679281886,0.265187956075327,0.345,0.334,1,"1","AC073569.2"
0.00192193597030113,0.645305943891712,0.166,0.138,1,"1","CCDC136"
0.00209468009895168,0.282558699550337,0.338,0.32,1,"1","DIXDC1"
0.00211163317344863,0.502568270255161,0.164,0.14,1,"1","C22orf15"
0.00230968343085918,0.355478103785515,0.251,0.228,1,"1","CHPF"
0.00232274305591551,0.274830974079269,0.334,0.319,1,"1","SLC16A1"
0.00235621439062222,0.264048071656713,0.411,0.406,1,"1","UQCRFS1"
0.00238011273602965,0.54672089053408,0.172,0.146,1,"1","GPR155"
0.00249492149838454,0.482206290184225,0.131,0.104,1,"1","ARVCF"
0.00259422125757823,0.666939636854266,0.129,0.105,1,"1","AC241952.1"
0.00260306229486868,0.455767565284178,0.114,0.089,1,"1","KLF5"
0.00261804792446744,0.393585180102137,0.134,0.107,1,"1","FRK"
0.00266038591506093,0.311549097308513,0.397,0.396,1,"1","OPTN"
0.00268416102994758,0.557788230399916,0.132,0.107,1,"1","TBX4"
0.00272517713942104,0.537940016353124,0.232,0.207,1,"1","ARHGAP10"
0.0028178927520042,0.686919720742803,0.125,0.1,1,"1","TRIM16"
0.00286242271289956,0.296381372778156,0.248,0.227,1,"1","CES1P1"
0.0028842729176279,0.363926432863285,0.2,0.178,1,"1","PDZD7"
0.00289085987927352,0.526741600640616,0.183,0.157,1,"1","AC022893.1"
0.00289469135775975,0.578250716187822,0.165,0.141,1,"1","DNAJB5"
0.00294624615981752,0.340365092121357,0.176,0.15,1,"1","PM20D2"
0.00296798253179171,0.718495380949912,0.129,0.104,1,"1","LOXL1-AS1"
0.00299310301594092,0.622798952796192,0.152,0.127,1,"1","MBNL1-AS1"
0.00304185598468724,0.57599079871943,0.115,0.091,1,"1","ING2"
0.00312560869965151,0.427037743769126,0.295,0.28,1,"1","TOM1L2"
0.00344639595024622,0.495009456703904,0.208,0.185,1,"1","RIMS3"
0.003588049419159,0.320164680441171,0.248,0.222,1,"1","SIGMAR1"
0.00360374716854904,0.789236088113114,0.107,0.083,1,"1","LINC01750"
0.00368635376759758,0.365410393061568,0.152,0.128,1,"1","PLCL1"
0.00385688327565874,0.329197053697646,0.215,0.195,1,"1","TTC7B"
0.00390685096931846,0.419635586132587,0.238,0.217,1,"1","AK1"
0.0041740524190634,0.286573676914542,0.225,0.205,1,"1","ZNF655"
0.00483541144966482,0.356177701071565,0.207,0.185,1,"1","CR382285.1"
0.00503794278851453,0.279106629206588,0.281,0.267,1,"1","UFSP2"
0.00511342419834713,0.511123757122836,0.196,0.174,1,"1","SEMA3B"
0.00524625416038064,0.307000468364628,0.306,0.289,1,"1","PGM1"
0.00546466078638147,0.440678561056509,0.23,0.211,1,"1","EPB41L1"
0.00552705843459214,0.296506821867772,0.229,0.209,1,"1","LRP3"
0.00568199087293923,0.319105143639821,0.236,0.214,1,"1","SEMA3C"
0.0056887195000526,0.311774685042372,0.295,0.281,1,"1","F10"
0.00572112082505188,0.28442075200712,0.166,0.144,1,"1","PPM1K"
0.00577958635094663,0.406211203862553,0.129,0.105,1,"1","CRNDE"
0.00599592600283029,0.363063178881987,0.257,0.243,1,"1","ZEB1"
0.00605195822190285,0.262383846030517,0.431,0.431,1,"1","ALDH2"
0.00637494777401923,0.466960814665485,0.152,0.128,1,"1","KLHL29"
0.00650156397223992,0.353975332523932,0.314,0.301,1,"1","DVL3"
0.00667308544519845,0.29305576908467,0.379,0.373,1,"1","KIFAP3"
0.00669141559831373,0.654711586100046,0.106,0.084,1,"1","RGS9"
0.00672179639520883,0.387559757288623,0.199,0.179,1,"1","CTPS1"
0.00675331400331626,0.287573162614355,0.301,0.291,1,"1","AC037459.1"
0.00687856977089466,0.370519871609863,0.212,0.194,1,"1","AC074212.1"
0.0070477956612466,0.451040777191636,0.194,0.174,1,"1","SLC25A23"
0.00721505149310917,0.253406725668164,0.382,0.38,1,"1","RNF187"
0.00726769681571592,0.252284493145358,0.295,0.279,1,"1","SH3GLB2"
0.00756904181046511,0.26851680412042,0.341,0.336,1,"1","OGDH"
0.00771348659169798,0.250112251624005,0.361,0.356,1,"1","PHC3"
0.007935336069167,0.555986886660341,0.129,0.108,1,"1","AC025165.1"
0.00804073798466969,0.505666080376639,0.172,0.15,1,"1","NT5DC3"
0.00807357405023917,0.651494723180511,0.15,0.128,1,"1","XYLT2"
0.00821613732376601,0.282636846821156,0.237,0.22,1,"1","AC005020.2"
0.00845023644046554,0.294399462002404,0.273,0.262,1,"1","CAP2"
0.0089023727634896,0.268576279991824,0.287,0.277,1,"1","AC068946.2"
0.00892086794716507,0.316695275948147,0.314,0.304,1,"1","TMEM245"
0.00895324403352443,0.52029817656731,0.152,0.133,1,"1","SHROOM3"
0.00929380708546869,0.410694150907428,0.241,0.226,1,"1","SOBP"
0.00952314530387204,0.271690883353059,0.33,0.323,1,"1","BAG3"
0.0098933235442651,0.356055835568818,0.262,0.251,1,"1","DBT"
0.00991625700027974,0.305594968067454,0.228,0.21,1,"1","MFHAS1"
0.00997871008823029,0.260300219653464,0.15,0.128,1,"1","BVES"
1.98616387059854e-188,1.22994944958668,0.994,0.767,6.38571546036137e-184,"2","C3"
5.98034449074706e-144,1.46926340687704,0.813,0.382,1.92274055722009e-139,"2","CCL18"
2.8806285100557e-131,0.570926617996815,1,0.965,9.26150872268008e-127,"2","FTL"
1.86009977599059e-111,0.771579829211483,0.995,0.812,5.98040678978734e-107,"2","RARRES1"
7.65648190152346e-111,0.850139924803679,0.965,0.693,2.46163549615881e-106,"2","LUM"
5.08897003803901e-109,0.535337926099086,1,0.934,1.63615475692992e-104,"2","COL1A2"
1.25604790659072e-106,0.725121873574711,0.994,0.79,4.03831962447983e-102,"2","DCN"
3.59303489390674e-105,0.706072220712936,0.991,0.812,1.15519664873996e-100,"2","CTSB"
3.0352856057996e-102,0.921513281337033,0.872,0.506,9.75874675120628e-98,"2","S100A9"
6.49070818242049e-99,0.933359875785898,0.911,0.589,2.08682758773001e-94,"2","PLTP"
5.19400169798038e-97,0.77860860927637,0.962,0.68,1.66992348591767e-92,"2","C1QA"
6.07548330056652e-97,0.76424236907988,0.958,0.673,1.95332863596514e-92,"2","CFD"
1.09917567939841e-94,0.978689471849417,0.882,0.56,3.53395972683382e-90,"2","PLA2G2A"
2.7459212074866e-92,0.654144693906472,0.981,0.771,8.82841127419016e-88,"2","FBLN1"
2.33629960112126e-91,0.64758382248415,0.941,0.646,7.51143684756497e-87,"2","SERPINF1"
1.28300107446546e-90,0.508507190453751,0.999,0.912,4.1249767545139e-86,"2","CFH"
1.15223393988256e-89,0.565409641144992,0.98,0.757,3.70454734011641e-85,"2","MMP2"
6.05861353145551e-88,0.977061652520552,0.767,0.41,1.94790483649826e-83,"2","C1QB"
3.22926040784907e-82,1.11941839412906,0.569,0.244,1.03823951372756e-77,"2","S100A8"
7.1928502825983e-82,1.569177248208,0.424,0.144,2.31257329435818e-77,"2","VEPH1"
1.0695510039592e-80,1.58888760088447,0.41,0.139,3.43871343282921e-76,"2","PTX3"
2.59460756701733e-80,0.695966547549991,0.856,0.507,8.3419227887174e-76,"2","F13A1"
7.00005718910763e-79,0.699517434534603,0.951,0.662,2.25058838686999e-74,"2","RNASE1"
5.85406860750073e-76,0.727929935279735,0.841,0.511,1.88214159799756e-71,"2","CD14"
1.74547813976567e-75,0.425134241828429,1,0.939,5.6118867671606e-71,"2","MT2A"
3.40667034146833e-74,0.719545750979704,0.851,0.518,1.09527858148548e-69,"2","LGMN"
5.00282248111019e-73,0.731155445440149,0.705,0.371,1.60845745590174e-68,"2","RASD1"
7.52465082234329e-71,1.02277113689055,0.529,0.227,2.41925048589159e-66,"2","FCER1G"
2.99216151226788e-70,0.792783577594143,0.697,0.354,9.62009847809248e-66,"2","OLFML2B"
1.62584187572368e-69,0.616031862717619,0.97,0.766,5.22724421463921e-65,"2","AC026461.1"
1.44275045144106e-68,0.412332237168176,1,0.903,4.63858697642817e-64,"2","C1S"
2.51541140543484e-68,0.52607912095932,0.966,0.733,8.08729920961354e-64,"2","COL6A3"
1.40991261929076e-65,0.57935815176274,0.971,0.764,4.53301006228173e-61,"2","MT1X"
1.64072869082526e-65,0.729472168740086,0.759,0.436,5.2751068138723e-61,"2","TYROBP"
2.6529150727135e-64,0.966046597068981,0.558,0.271,8.52938725028116e-60,"2","SLPI"
1.04577016798304e-63,1.1139189402004,0.455,0.19,3.36225566708229e-59,"2","FOLR2"
5.02887981082939e-63,0.522688573930798,0.915,0.641,1.61683514797976e-58,"2","GPX3"
1.15766595214065e-61,0.723278672813097,0.66,0.346,3.7220118027274e-57,"2","MS4A6A"
3.62264072767416e-60,0.478745795964205,0.971,0.738,1.16471522035452e-55,"2","CCDC80"
4.82388098874292e-58,0.313816158501753,1,0.941,1.55092597669074e-53,"2","C1R"
7.54535574479954e-58,0.452065920656348,0.994,0.852,2.4259073255105e-53,"2","APOD"
1.51249240887562e-57,0.515730055077984,0.975,0.758,4.86281434377602e-53,"2","COL1A1"
3.64995573420276e-57,1.16541074243939,0.375,0.148,1.17349726810353e-52,"2","SVEP1"
4.36927057869208e-57,0.728901004016389,0.59,0.302,1.40476418375529e-52,"2","COL12A1"
7.22183067608658e-57,0.832906151695492,0.538,0.263,2.3218907806686e-52,"2","CD209"
3.06373694671138e-56,0.517258475364002,0.916,0.624,9.85022065737175e-52,"2","CCDC152"
7.56465212896454e-56,0.881781512557827,0.568,0.289,2.43211130598339e-51,"2","CD163"
1.27152903630628e-55,0.468263265219776,0.995,0.837,4.08809300462834e-51,"2","COL3A1"
1.37390156980785e-55,0.491262746554872,0.756,0.45,4.41723093708921e-51,"2","CTSK"
4.70798288656438e-55,0.443280584473972,0.991,0.816,1.51366357785931e-50,"2","LRP1"
1.82822309131177e-54,0.848110381571361,0.562,0.284,5.87792006087648e-50,"2","LAPTM5"
3.64785893080878e-54,0.79845175552557,0.578,0.299,1.17282312484433e-49,"2","CD163L1"
6.67437002091827e-53,0.764789432976382,0.59,0.314,2.14587670542543e-48,"2","C1QC"
8.30990510925866e-53,0.931927035277361,0.411,0.172,2.67171759167775e-48,"2","PI16"
2.06730272579495e-52,0.485295615836556,0.973,0.771,6.64658499370334e-48,"2","CTSL"
5.8553291570362e-52,0.577580181028827,0.688,0.394,1.88254687727871e-47,"2","SFRP4"
5.88956782508846e-52,0.624840048217294,0.661,0.366,1.89355495144419e-47,"2","AL590385.2"
2.01077811896579e-51,0.483818009641546,0.859,0.606,6.4648527302869e-47,"2","CHI3L1"
3.27215772193795e-51,0.434171880881574,0.916,0.661,1.05203142918027e-46,"2","SELENOP"
1.30531642298138e-50,0.596879617186829,0.723,0.422,4.19672283152744e-46,"2","CHRDL2"
2.51855305233578e-49,0.51125433483896,0.801,0.513,8.09739991856476e-45,"2","CTSA"
3.19024792529835e-49,0.539650826458263,0.779,0.486,1.02569661046267e-44,"2","TMEM176B"
5.8768101761934e-49,0.603325347346406,0.723,0.441,1.88945323974794e-44,"2","SERPINE2"
1.12709266345459e-48,0.574131450849873,0.723,0.425,3.62371562227286e-44,"2","CFHR1"
1.08565325705943e-47,0.566165261242344,0.677,0.398,3.49048378677177e-43,"2","EPDR1"
1.82433331144031e-47,0.544707311250719,0.788,0.514,5.86541402961173e-43,"2","LGALS3BP"
5.97424278091953e-46,0.508998908578576,0.58,0.305,1.92077879649344e-41,"2","AGT"
7.91684105608592e-46,0.429265317526945,0.89,0.616,2.54534356794219e-41,"2","PTGIS"
8.33402020636538e-46,0.890464754532454,0.421,0.193,2.67947083654853e-41,"2","MGST1"
1.24400300166752e-44,0.684263026912277,0.545,0.291,3.99959405066123e-40,"2","PDGFRA"
1.72249029019228e-44,0.516492929704176,0.759,0.47,5.5379785319972e-40,"2","IL6"
4.38037091435978e-44,1.04151372636891,0.346,0.148,1.40833305267581e-39,"2","SCARA5"
2.45522789971543e-43,0.686389314922671,0.575,0.326,7.89380322037509e-39,"2","APOE"
9.3420850499258e-43,0.621133419544705,0.575,0.319,3.00357376440164e-38,"2","AIF1"
3.92461144071652e-42,0.548844246743543,0.722,0.46,1.26180182430477e-37,"2","WFDC2"
7.75792051823735e-42,0.45041454946523,0.74,0.477,2.49424902581849e-37,"2","FBN1"
8.15988894435134e-42,0.610306454528513,0.607,0.353,2.6234858944984e-37,"2","RGS2"
2.21836878046138e-41,0.704562619835501,0.497,0.264,7.13227746606138e-37,"2","SIGLEC1"
2.49683266451709e-41,0.458723205397871,0.775,0.493,8.02756669968891e-37,"2","LTBP2"
4.69106145685346e-41,0.549425149233505,0.629,0.369,1.50822316899296e-36,"2","CYP21A2"
9.10784883176527e-41,0.562064595676249,0.628,0.365,2.92826447790085e-36,"2","TMEM176A"
3.91230081442209e-40,0.631035670745248,0.484,0.249,1.25784383484485e-35,"2","ARL4C"
5.28417294671406e-40,0.478166645408603,0.861,0.596,1.69891444409804e-35,"2","CXCL12"
1.26898895440218e-39,0.681478925338922,0.435,0.215,4.07992638729844e-35,"2","MSR1"
1.83786966711468e-39,0.606496525451868,0.482,0.249,5.90893476674042e-35,"2","MRC1"
1.85551393255378e-39,0.648588910977034,0.464,0.235,5.96566284455364e-35,"2","CYTH4"
2.56027933415214e-39,0.632395657437334,0.511,0.27,8.23155408723255e-35,"2","VCAN"
2.79524717628529e-39,0.873985808253343,0.328,0.14,8.98699919647485e-35,"2","SRPX"
3.22342241303029e-39,0.297385331028712,0.999,0.893,1.03636254001337e-34,"2","SERPING1"
4.93811681128309e-39,0.572677955577287,0.393,0.185,1.58765393599563e-34,"2","ADM"
6.04371249660482e-39,0.636526283812079,0.471,0.241,1.94311400478341e-34,"2","FCGR2A"
2.72450191001132e-38,0.661417043228461,0.476,0.246,8.75954609087741e-34,"2","PCOLCE2"
6.69189823058581e-38,0.45991035891791,0.527,0.282,2.15151220011564e-33,"2","PODN"
7.71418657474738e-38,0.947885049418491,0.366,0.173,2.48018812564703e-33,"2","CLEC4G"
1.05016975482957e-37,0.253032773448894,0.998,0.922,3.37640077875254e-33,"2","FTH1"
1.09438384686905e-37,0.781634556383161,0.431,0.22,3.51855350606868e-33,"2","MS4A4A"
1.1940300368064e-37,0.292430703393208,0.998,0.88,3.83892597133627e-33,"2","AC063952.1"
2.30756016033809e-37,0.799662670979891,0.393,0.19,7.41903667150301e-33,"2","VSIG4"
5.10684434197315e-37,0.290288402594091,0.999,0.91,1.64190152438779e-32,"2","GSN"
5.60431264976138e-37,0.783694310364636,0.42,0.209,1.80184256002478e-32,"2","AC007192.1"
7.0721390911706e-37,0.362228435691487,0.868,0.568,2.27376343920226e-32,"2","ACKR3"
2.19389954734496e-36,1.12271839449372,0.261,0.103,7.05360643466878e-32,"2","PLEK"
7.08922787322466e-36,1.22039712735745,0.256,0.101,2.27925765352046e-31,"2","AL807752.7"
2.94346142789535e-35,0.421671658723643,0.568,0.332,9.46352283682636e-31,"2","FBLN2"
3.29052527726641e-35,0.734013831706466,0.366,0.177,1.05793678189392e-30,"2","VAMP8"
8.3576637425477e-35,0.378649911155389,0.652,0.398,2.68707246986651e-30,"2","PCOLCE"
1.16028601356478e-34,0.768714587952863,0.403,0.201,3.73043556221212e-30,"2","SMPDL3A"
1.42564901928623e-34,0.686642449676317,0.415,0.211,4.58360416190717e-30,"2","CTSS"
1.73937813543761e-34,0.260957824160716,0.478,0.254,5.59227464324547e-30,"2","SPON2"
2.19933087719491e-34,1.13090041147994,0.262,0.108,7.07106870326935e-30,"2","PTGDS"
3.03168347793089e-34,0.325987589758297,0.862,0.596,9.74716554989561e-30,"2","NPC2"
6.67193929414494e-34,1.18451908289523,0.238,0.092,2.14509520246054e-29,"2","EMB"
6.9647347424578e-34,0.295880517406227,0.999,0.878,2.23923186704761e-29,"2","FSTL1"
1.44852435261662e-33,0.711596237366029,0.463,0.255,4.65715064609771e-29,"2","CHRDL1"
1.74564282630468e-33,0.827941612085844,0.351,0.169,5.61241625085217e-29,"2","IFI30"
1.7880971010389e-33,0.347028902216723,0.919,0.696,5.74891098955017e-29,"2","SCRG1"
1.87592750116842e-33,0.649346706660134,0.427,0.223,6.03129450900657e-29,"2","HELLPAR"
3.29007075519341e-33,0.819660169189347,0.339,0.163,1.05779064850223e-28,"2","ITGB2"
7.67093447577953e-33,0.361013378074708,0.913,0.686,2.46628214330788e-28,"2","MT1E"
7.75942209733703e-33,0.472096960255217,0.506,0.283,2.49473179851483e-28,"2","AL445183.1"
1.10781869750255e-32,0.298353217465051,0.945,0.735,3.56174789434044e-28,"2","FAM20C"
1.70520520231091e-32,0.334029683458515,0.801,0.545,5.4824052459498e-28,"2","ABI3BP"
2.1133141952833e-32,0.569927560474242,0.524,0.297,6.79451646925534e-28,"2","PTGFRN"
4.29320070111142e-32,0.659828680479949,0.408,0.211,1.38030695741433e-27,"2","C10orf55"
4.99597716072836e-32,0.760083006783889,0.329,0.158,1.60625661694578e-27,"2","LILRB5"
1.54286436597505e-31,0.299281148437623,0.856,0.63,4.96046322304639e-27,"2","AC010931.3"
1.84170601223384e-31,0.254129272840416,0.96,0.756,5.92126899993302e-27,"2","NR4A1"
3.47542737042513e-31,1.05955072726863,0.226,0.088,1.11738465386538e-26,"2","ADH1B"
3.82542461375481e-31,0.659990892229128,0.321,0.151,1.22991226756831e-26,"2","AC034206.1"
4.05218072310619e-31,0.519840974784455,0.334,0.159,1.30281662428587e-26,"2","ZNF331"
5.46137985693701e-31,0.35826823386016,0.655,0.411,1.75588823780382e-26,"2","CREG1"
7.92784740440814e-31,0.819045275699451,0.198,0.072,2.54888221899126e-26,"2","VIT"
8.34518454262267e-31,0.656084228278823,0.414,0.22,2.68306028229861e-26,"2","PLAU"
1.11207661671259e-30,0.476706079056127,0.309,0.143,3.57543753039265e-26,"2","ECM1"
1.22903822362408e-30,1.08633944078446,0.251,0.106,3.95148079277376e-26,"2","APOC1"
1.551294673203e-30,0.405835461722225,0.555,0.333,4.98756750381498e-26,"2","ABCA8"
1.5833170450511e-30,0.292954046271927,0.818,0.571,5.09052263154379e-26,"2","PMP22"
1.60500286158085e-30,0.553920316912144,0.499,0.286,5.16024470026859e-26,"2","DAB2"
2.99962632039055e-30,0.473769964413153,0.507,0.296,9.64409858268765e-26,"2","CTSZ"
4.00892117987161e-30,0.35149340850516,0.716,0.48,1.28890824854052e-25,"2","PLD3"
4.54004762257903e-30,0.684899913145175,0.308,0.141,1.45967071113538e-25,"2","CXCL14"
4.90822478385428e-30,0.292390255032385,0.942,0.712,1.57804335025699e-25,"2","AL450992.1"
5.16151179260599e-30,0.318382546659923,0.986,0.782,1.65947765644075e-25,"2","TIMP1"
8.70518243328528e-30,0.362463632294889,0.623,0.401,2.79880320412555e-25,"2","MRC2"
1.05830769425692e-29,0.265527946257192,0.901,0.65,3.40256506780543e-25,"2","BTG2"
1.07501445278698e-29,0.285821731902962,0.543,0.315,3.45627896715543e-25,"2","PTPRS"
1.21590410121047e-29,0.313510917506531,0.671,0.419,3.90925327580179e-25,"2","AF241726.2"
1.48394027213472e-29,0.277056648817073,0.699,0.446,4.77101636894034e-25,"2","THBS2"
3.16052553349807e-29,0.26837484368916,0.656,0.406,1.01614056427496e-24,"2","METRNL"
3.43120701413474e-29,0.340516726316695,0.746,0.501,1.10316736711446e-24,"2","GRN"
5.95012236213115e-29,0.967721524342194,0.237,0.099,1.91302384064878e-24,"2","CD53"
6.28264658441533e-29,0.359181586535762,0.723,0.485,2.01993370335537e-24,"2","COL14A1"
6.53874721874815e-29,1.26934885076428,0.152,0.048,2.10227261829972e-24,"2","DKK1"
7.84517272519503e-29,0.372605953240517,0.638,0.403,2.52230148287745e-24,"2","NFIL3"
1.03889575681489e-28,0.338595241171378,0.683,0.449,3.34015374773554e-24,"2","CFAP44"
1.08264546774645e-28,0.603681087872975,0.28,0.128,3.48081344335162e-24,"2","PDPN"
1.95459222695883e-28,0.359650673978964,0.679,0.447,6.28420946889533e-24,"2","BX322234.1"
2.13642022986076e-28,0.303339837793787,0.787,0.544,6.86880468102534e-24,"2","STAB1"
2.26132032853809e-28,0.295696967549332,0.427,0.233,7.27037098828281e-24,"2","COL5A2"
3.11100056168549e-28,0.302555183700042,0.768,0.529,1.0002177905875e-23,"2","MASP1"
5.01580340388298e-28,0.317573646593708,0.518,0.296,1.61263095238242e-23,"2","AP003396.5"
6.68640407775616e-28,0.275349441662191,0.67,0.44,2.14974577503938e-23,"2","DHRS3"
6.69778283584586e-28,0.473980889294018,0.352,0.18,2.1534041595528e-23,"2","LINC02456"
9.02397651591076e-28,0.286045712525599,0.69,0.46,2.90129868963047e-23,"2","SFRP2"
1.52776966982361e-27,0.383121987146759,0.609,0.387,4.91193226544988e-23,"2","OSR1"
1.57259072559488e-27,0.305273729381824,0.705,0.459,5.0560364418601e-23,"2","SRI"
1.7017401349973e-27,0.265043706012605,0.923,0.705,5.47126470802983e-23,"2","NNMT"
2.31380569577418e-27,0.261118304867203,0.987,0.827,7.43911669248358e-23,"2","SOD3"
2.70581718517688e-27,0.496457962944018,0.473,0.276,8.69947283206217e-23,"2","C9"
3.74939576901547e-27,0.70310933861072,0.329,0.171,1.20546823369616e-22,"2","FCGR3A"
6.74257221585645e-27,0.33052027449798,0.639,0.402,2.16780439312001e-22,"2","MRVI1-AS1"
1.52610532219439e-26,0.59955921743109,0.33,0.169,4.90658122138719e-22,"2","IGF1"
2.20372048264829e-26,0.34905236811186,0.723,0.49,7.0851817237625e-22,"2","PDIA4"
2.9437237667352e-26,0.714908145569782,0.329,0.169,9.46436628243035e-22,"2","LAMA2"
4.37648895237677e-26,0.303599795373477,0.8,0.573,1.40708496307866e-21,"2","CEBPB"
5.10199844387606e-26,0.27840335172136,0.692,0.464,1.64034351969059e-21,"2","BOC"
7.21784746734602e-26,0.309350448746062,0.972,0.782,2.32061013922642e-21,"2","SYN1"
8.0721054537915e-26,0.769785049112433,0.267,0.126,2.59526262444851e-21,"2","FCGR2B"
8.7363775874894e-26,0.300908624633678,0.584,0.367,2.80883275815372e-21,"2","MFSD1"
8.82681489929139e-26,0.295833420417089,0.612,0.388,2.83790925827118e-21,"2","EMP3"
8.95662868516306e-26,0.268219570898646,0.578,0.358,2.87964568856678e-21,"2","TNXB"
2.09975919073516e-25,0.718932751498062,0.311,0.158,6.75093577413262e-21,"2","CYBB"
2.27305498197167e-25,0.749895388577025,0.261,0.124,7.30809907253712e-21,"2","CD68"
2.34767687620549e-25,0.853547170086572,0.237,0.108,7.54801592468826e-21,"2","CR1"
3.38092453251905e-25,0.291400315707562,0.674,0.447,1.0870010464502e-20,"2","ASAH1"
3.90030654775452e-25,0.268880318254409,0.931,0.722,1.25398755816855e-20,"2","S100A11"
4.09536061890047e-25,0.371730128051928,0.568,0.356,1.31669939258269e-20,"2","S1PR3"
6.23767973680885e-25,0.381103565486983,0.557,0.342,2.00547641218141e-20,"2","THBS1"
8.67606874537112e-25,0.287261685723292,0.843,0.632,2.78944286232427e-20,"2","GAS1"
9.95149193892745e-25,0.496050168666242,0.341,0.177,3.19950417328456e-20,"2","TNXA"
1.09368789147061e-24,0.355573000965444,0.438,0.249,3.51631593986716e-20,"2","RGCC"
1.21946036181275e-24,0.322135609293909,0.597,0.376,3.92068700926419e-20,"2","LYVE1"
2.39511382598137e-24,0.310413673701433,0.761,0.541,7.70053046191269e-20,"2","AL390957.1"
2.94434152462326e-24,0.372772865441976,0.538,0.334,9.46635243581625e-20,"2","NINJ1"
4.65653564125395e-24,0.691344953828186,0.269,0.131,1.49712277401956e-19,"2","CCL4"
5.00577404318634e-24,0.791538020616533,0.302,0.154,1.60940641262484e-19,"2","DPT"
6.45269722135786e-24,0.661935906898758,0.246,0.113,2.07460668363877e-19,"2","RCN3"
7.24394922718977e-24,0.271173404942688,0.59,0.381,2.32900211603378e-19,"2","TGFBI"
7.9218577894339e-24,0.563834020710598,0.249,0.118,2.54695649788089e-19,"2","CPVL"
8.34952936051432e-24,0.350635200418727,0.556,0.341,2.68445718469896e-19,"2","FSIP1"
1.36297490320066e-23,0.426865727118589,0.501,0.31,4.38210061128043e-19,"2","FBLN5"
1.40228182717123e-23,0.516108268046731,0.321,0.168,4.50847630253822e-19,"2","AL049839.2"
2.45953422693344e-23,0.284342073617071,0.658,0.44,7.90764849301371e-19,"2","OSR2"
2.73947296826276e-23,0.530760701454135,0.433,0.26,8.80767954026159e-19,"2","SFRP1"
2.82325156475502e-23,0.292936374398383,0.621,0.407,9.07703610584385e-19,"2","TIMM8B"
3.17945217273797e-23,0.345724505835405,0.437,0.257,1.02222566805699e-18,"2","P4HA3"
3.91826102397828e-23,0.922355309656977,0.175,0.07,1.25976010181926e-18,"2","LAIR1"
3.92004648005388e-23,0.253731593479878,0.91,0.691,1.26033414380212e-18,"2","RPN2"
5.57602575763344e-23,0.782978078904013,0.304,0.163,1.79274804133673e-18,"2","C5AR1"
7.65615273933147e-23,0.25204010181584,0.737,0.501,2.46152966722246e-18,"2","SMOC2"
7.71697500640523e-23,0.531232517608598,0.384,0.22,2.48108463430935e-18,"2","COLEC12"
8.03954754861942e-23,0.89147294526887,0.221,0.1,2.58479493235663e-18,"2","HSD11B1"
8.19677625918776e-23,0.253869317707392,0.798,0.578,2.63534553509146e-18,"2","ID2"
1.07416049673528e-22,0.286624808628581,0.871,0.673,3.45353341305358e-18,"2","COMP"
1.2462799854534e-22,0.670147907927746,0.279,0.141,4.00691478123122e-18,"2","CD248"
1.4860457462728e-22,1.30233739603935,0.15,0.056,4.77778567884167e-18,"2","TMEM119"
2.10024965008273e-22,0.587526607816281,0.275,0.139,6.752512649981e-18,"2","AP001107.3"
2.12370193920595e-22,0.280460561112008,0.698,0.474,6.82791410474104e-18,"2","CSF1R"
2.84557876702515e-22,0.613939271244106,0.283,0.145,9.14882029386257e-18,"2","CNTNAP1"
2.84857608783198e-22,0.327634720403582,0.529,0.329,9.15845697998861e-18,"2","SCPEP1"
3.15837014273503e-22,0.378142910804934,0.428,0.25,1.01544758459074e-17,"2","AL162258.1"
9.2710317622558e-22,0.923005417055571,0.118,0.038,2.98072942188286e-17,"2","DIO3"
9.77902939192974e-22,0.269362741426629,0.462,0.271,3.14405573979933e-17,"2","MT1L"
1.07285265738264e-21,0.274726264803623,0.517,0.325,3.44932857875093e-17,"2","MPP1"
1.26597292647877e-21,0.357857182748781,0.394,0.226,4.07022955592189e-17,"2","PIM1"
1.6534375792949e-21,0.436128139833184,0.436,0.264,5.31596716119105e-17,"2","EMILIN1"
2.12899646933953e-21,0.453679601566211,0.227,0.106,6.84493654857352e-17,"2","NR4A3"
2.70397569267916e-21,0.590505584165594,0.339,0.191,8.69355224953278e-17,"2","FUCA1"
2.79137151895751e-21,0.271592733647886,0.701,0.479,8.97453857060031e-17,"2","NOP10"
2.79684871918097e-21,0.397023436309058,0.382,0.219,8.99214831703875e-17,"2","GLRX"
3.15587866790074e-21,0.551860947235834,0.326,0.179,1.01464655051677e-16,"2","FCGR2C"
3.94511711083188e-21,0.331242894119314,0.465,0.288,1.26839460230356e-16,"2","HNMT"
4.06338709012747e-21,0.423939066342591,0.323,0.175,1.30641958334688e-16,"2","TTYH3"
4.21069708305772e-21,0.335550622598787,0.55,0.354,1.35378121917389e-16,"2","VDAC1"
5.9706634369721e-21,0.542322192178278,0.328,0.184,1.9196280016209e-16,"2","AOX1"
6.35648163093906e-21,0.786986464884382,0.184,0.079,2.04367240916322e-16,"2","LOX"
7.74912438540689e-21,0.284772143080892,0.585,0.392,2.49142098115217e-16,"2","ANGPTL2"
1.04864214216972e-20,0.574253447849395,0.213,0.101,3.37148935128987e-16,"2","AC005162.3"
1.17812603840334e-20,0.306284354683573,0.521,0.335,3.78779302607059e-16,"2","ELN"
1.2077968383964e-20,0.548663474080995,0.19,0.083,3.88318761512825e-16,"2","FAP"
2.03847143687194e-20,0.282119019912149,0.587,0.391,6.55388951668697e-16,"2","CENPO"
2.06225144643336e-20,0.765348121680004,0.243,0.122,6.63034462542791e-16,"2","MPEG1"
2.15401274477346e-20,0.250794190150633,0.594,0.399,6.92536637572114e-16,"2","BLVRB"
3.03423546002486e-20,1.15556494925298,0.117,0.04,9.75537042752591e-16,"2","MARCO"
6.10064003678504e-20,0.346705454682516,0.449,0.274,1.96141677822676e-15,"2","ZCCHC24"
6.70139423282456e-20,0.817365017012239,0.21,0.1,2.15456525979542e-15,"2","EMILIN2"
6.85793086511025e-20,0.4086592878255,0.399,0.241,2.2048933524416e-15,"2","HTRA3"
8.31857526833307e-20,0.421074515383794,0.345,0.196,2.67450513452176e-15,"2","CHMP1B"
8.56527301934127e-20,0.50719036411137,0.361,0.211,2.75382092844841e-15,"2","IDH1"
9.23119137763603e-20,0.291931663570862,0.465,0.292,2.96792033982376e-15,"2","H6PD"
1.02218872194179e-19,0.323294107529928,0.448,0.278,3.28643895991504e-15,"2","LMAN2L"
1.09431228314485e-19,0.933740245623858,0.189,0.086,3.51832342153902e-15,"2","PLBD1"
1.61537663759546e-19,0.261001930082902,0.37,0.215,5.19359742753315e-15,"2","AL592429.2"
2.04915436522825e-19,0.414392672951259,0.222,0.108,6.58823619964534e-15,"2","BASP1"
2.3734147162579e-19,0.353247789742958,0.537,0.355,7.63076565424078e-15,"2","LOXL1"
2.6917778020577e-19,0.399411396999905,0.355,0.208,8.6543348113957e-15,"2","THY1"
3.52426453982964e-19,0.419927112298699,0.27,0.144,1.13308629220063e-14,"2","MMP19"
3.66139105368986e-19,0.273422325973275,0.547,0.36,1.17717383767183e-14,"2","SLCO2B1"
4.10612018611443e-19,0.469793058490199,0.323,0.184,1.32015870103765e-14,"2","SH3TC2"
4.17584602644094e-19,0.256144369935685,0.483,0.305,1.34257625596103e-14,"2","SLC2A4"
5.65383047635274e-19,0.283338320953118,0.444,0.278,1.81776303645217e-14,"2","DMAC1"
7.09580920514209e-19,0.258277073049809,0.581,0.393,2.28137361754523e-14,"2","ALDH2"
9.62182317856721e-19,1.30295254793372,0.12,0.044,3.09351237014114e-14,"2","CYP19A1"
1.15123830107252e-18,0.260701254613138,0.487,0.31,3.70134626177825e-14,"2","CHMP1A"
1.51701620104783e-18,0.56993042223823,0.174,0.077,4.87735878798889e-14,"2","AC007750.1"
1.90621241182305e-18,0.798826418168136,0.15,0.062,6.12866352525229e-14,"2","PTGES"
2.5212465981505e-18,0.271559279354044,0.552,0.359,8.10605993771368e-14,"2","DCTN3"
2.7005617888408e-18,0.326208192523959,0.377,0.224,8.68257620730206e-14,"2","USP2-AS1"
2.74962305885457e-18,0.363166931191003,0.41,0.252,8.84031309652331e-14,"2","SREBF1"
2.96887083509463e-18,0.374630368265503,0.436,0.276,9.54521662191274e-14,"2","VLDLR"
3.62965357170262e-18,0.252914788813448,0.526,0.349,1.16696991983811e-13,"2","SNCG"
4.52409334787022e-18,0.366593015800411,0.386,0.233,1.45454125227375e-13,"2","TEX26-AS1"
6.12851251394531e-18,0.755161522257521,0.175,0.079,1.97037805835856e-13,"2","AL022068.1"
6.66142271738899e-18,0.499814970281257,0.346,0.204,2.14171401786773e-13,"2","DRAM1"
6.85663787967479e-18,0.303197832942587,0.228,0.113,2.20447764469424e-13,"2","CORO7"
7.02274699912576e-18,0.720761563196201,0.213,0.107,2.25788338768892e-13,"2","DOK2"
7.20821368814225e-18,0.83438630511725,0.171,0.077,2.31751278287462e-13,"2","CILP"
7.35583610603103e-18,0.353545855191633,0.388,0.239,2.36497486645004e-13,"2","KCNH2"
1.11537444595937e-17,0.484519883927767,0.209,0.103,3.58604038120398e-13,"2","ARHGAP18"
1.67091490972927e-17,0.442514547361211,0.346,0.206,5.37215852627059e-13,"2","LINC01503"
2.07124281621876e-17,1.09318408199991,0.108,0.039,6.65925277842494e-13,"2","ADH1C"
2.12050598861434e-17,0.692792650423587,0.243,0.13,6.81763880399397e-13,"2","LGI2"
2.57670511724901e-17,0.930701799699032,0.156,0.069,8.28436462246729e-13,"2","SLC11A1"
2.62946946676402e-17,0.503091476432338,0.223,0.114,8.45400728259301e-13,"2","CYBA"
2.65712055973769e-17,0.267103376881366,0.331,0.192,8.54290831161263e-13,"2","CXCL16"
2.70732765341876e-17,0.32984573206432,0.34,0.202,8.70432913850665e-13,"2","ABCA1"
2.7808854633763e-17,0.357921307281401,0.298,0.168,8.94082485330115e-13,"2","SLC9A9"
2.79501275073166e-17,0.253195765534211,0.411,0.254,8.98624549487735e-13,"2","MFSD5"
3.17828062998556e-17,0.349001676864132,0.289,0.161,1.02184900534666e-12,"2","VASN"
5.18472327620891e-17,0.758679926091358,0.178,0.084,1.66694038053393e-12,"2","THEMIS2"
6.5304684238539e-17,0.335614651539526,0.195,0.094,2.09961090295327e-12,"2","RAB3IL1"
7.15593235457197e-17,0.258097231710234,0.37,0.222,2.30070381131843e-12,"2","KEAP1"
1.02283492333682e-16,0.390409309517534,0.317,0.183,3.28851656202021e-12,"2","AC011365.2"
1.28031903967965e-16,0.844225358487209,0.157,0.07,4.11635374447405e-12,"2","ADGRD1"
1.33581421396751e-16,0.404015601899263,0.162,0.073,4.29477627932695e-12,"2","MXRA5"
1.40727034000408e-16,0.311518491290268,0.284,0.159,4.52451487014711e-12,"2","MAPKAPK3"
1.8334462846271e-16,0.317717175882053,0.367,0.225,5.8947131497046e-12,"2","SLIT3"
1.96599483168208e-16,0.389484108672984,0.259,0.14,6.32086998334106e-12,"2","ARL4D"
2.12373247941077e-16,0.309427497137793,0.341,0.202,6.82801229455356e-12,"2","ACOT13"
2.47627384127011e-16,0.567710474180803,0.145,0.063,7.96146802706753e-12,"2","ADAP2"
2.93042929436695e-16,0.397529708663654,0.311,0.183,9.42162322431918e-12,"2","SCCPDH"
3.35785364707768e-16,0.513783538993887,0.213,0.11,1.07958352607194e-11,"2","TMEM45A"
3.68923053599565e-16,0.435757520099082,0.323,0.193,1.18612450962796e-11,"2","CENPW"
3.78406026939215e-16,0.68027548588056,0.149,0.066,1.21661321721227e-11,"2","CCL13"
3.87476252006228e-16,0.787725222532249,0.144,0.063,1.24577489782522e-11,"2","C3AR1"
3.88086787539568e-16,0.426053536829735,0.295,0.172,1.24773783061847e-11,"2","PTPRC"
4.11075538578454e-16,0.319193586822616,0.434,0.281,1.32164896408359e-11,"2","SDC3"
4.25468664635835e-16,0.708414161364086,0.187,0.092,1.36792430367067e-11,"2","UBXN10-AS1"
6.15939828202712e-16,0.295884754879785,0.405,0.255,1.98030814165454e-11,"2","MLEC"
7.17744858137647e-16,0.450872858456406,0.221,0.116,2.30762149339835e-11,"2","AC016876.1"
1.02948983194395e-15,0.445572252154788,0.305,0.179,3.309912758683e-11,"2","MED11"
1.180566172665e-15,0.284384255122426,0.446,0.286,3.79563830173525e-11,"2","GPS2"
1.38308239126219e-15,0.517073831662029,0.212,0.112,4.44674819614707e-11,"2","SLC39A8"
1.4020532702974e-15,0.734136860730119,0.159,0.074,4.50774146933317e-11,"2","1-Mar.1"
1.41879852145838e-15,0.779663256264743,0.143,0.064,4.56157912634084e-11,"2","VMO1"
1.75369938559907e-15,0.266077897162425,0.447,0.291,5.63831889463956e-11,"2","SLC16A1"
2.21367409529989e-15,0.324158509020947,0.339,0.203,7.11718358379868e-11,"2","AC020909.3"
2.23843027278233e-15,0.655280610612663,0.226,0.124,7.19677717002248e-11,"2","PYCARD"
2.33963554696285e-15,0.767815321661301,0.164,0.078,7.52216224704026e-11,"2","MT1G"
2.55433091256223e-15,0.564639735206925,0.19,0.097,8.21242931697883e-11,"2","LST1"
2.92387355173921e-15,0.932325286493501,0.136,0.059,9.40054585619674e-11,"2","TNFSF13B"
3.37389797227724e-15,0.285307065574192,0.382,0.237,1.08474193706686e-10,"2","CAMK2N1"
3.47066539921077e-15,0.589370726970859,0.22,0.119,1.11585363250025e-10,"2","SNAI2"
3.51611654844978e-15,0.401016886427973,0.281,0.165,1.13046663149209e-10,"2","CYGB"
3.65785817477723e-15,0.297136050826119,0.351,0.216,1.17603798177263e-10,"2","TMEM129"
3.78928121501146e-15,0.312785374965572,0.225,0.119,1.21829180343833e-10,"2","SPOCK1"
5.39251915421429e-15,0.404117825923313,0.343,0.212,1.73374883327144e-10,"2","GNPTAB"
5.55740176753752e-15,0.387261711869664,0.241,0.135,1.78676024228099e-10,"2","OAF"
5.70868926256633e-15,0.470212472555917,0.275,0.158,1.8354006848077e-10,"2","PRKCD"
5.94831705329737e-15,0.320373271678936,0.332,0.202,1.91244341580564e-10,"2","AL163636.1"
6.10128092889537e-15,0.346599059623698,0.386,0.247,1.96162283144915e-10,"2","TUBGCP4"
6.57943138127118e-15,0.276489356039188,0.504,0.338,2.1153529833925e-10,"2","BOLA2-SMG1P6"
6.84409029127454e-15,0.373193469418025,0.331,0.205,2.20044346954768e-10,"2","RAB32"
7.40906604452979e-15,0.475155339444974,0.207,0.11,2.38208882397677e-10,"2","CLMP"
7.50635484404494e-15,0.256798477441123,0.546,0.373,2.41336814590889e-10,"2","SMIM26"
7.8313778619283e-15,0.801789938642735,0.168,0.082,2.51786629638857e-10,"2","BICC1"
8.11971082549926e-15,0.362997160952565,0.324,0.197,2.61056822750627e-10,"2","WIPF1"
9.46384344420859e-15,0.376323141738514,0.324,0.201,3.0427203057475e-10,"2","MAN1A1"
9.8143885031455e-15,0.270920016285286,0.341,0.206,3.15542404764631e-10,"2","RNASE4"
1.43422209565056e-14,0.290710380309828,0.31,0.187,4.61116745972612e-10,"2","SYNGR1"
1.46896304826064e-14,0.288744128828895,0.372,0.235,4.72286309646278e-10,"2","SND1"
1.52641410865944e-14,0.27642661664585,0.354,0.22,4.90757400075098e-10,"2","PRELID1"
1.55655671160868e-14,0.368335777919997,0.269,0.157,5.00448548349307e-10,"2","PYGL"
1.56696140583462e-14,0.343093720031431,0.315,0.191,5.03793761589888e-10,"2","MAPK10"
1.62611474941655e-14,0.260477056911395,0.464,0.314,5.22812153084915e-10,"2","ASS1"
1.70431315161383e-14,0.391288893272432,0.19,0.098,5.47953721375364e-10,"2","SLIT2"
2.10806035790187e-14,0.411304897112798,0.1,0.038,6.7776248566903e-10,"2","HK3"
2.42876072888475e-14,0.266739418724885,0.362,0.23,7.80870861943736e-10,"2","RHOBTB3"
2.51380020552417e-14,0.274611630327843,0.408,0.261,8.08211904078077e-10,"2","AC010323.1"
2.82260318794183e-14,0.276383361094378,0.334,0.207,9.07495150955177e-10,"2","CORO7-PAM16"
3.3964468261718e-14,0.397603916834886,0.314,0.193,1.09199161908249e-09,"2","PIH1D1"
3.62558707070637e-14,0.749616311441409,0.116,0.048,1.16566249910281e-09,"2","PTAFR"
3.94439041359322e-14,0.370051759453491,0.374,0.241,1.26816096187436e-09,"2","MICU1"
4.26241143174167e-14,0.301303112706841,0.278,0.163,1.37040789941926e-09,"2","MRPS33"
4.71810762070153e-14,0.25521691358521,0.449,0.304,1.51691878113175e-09,"2","CD2BP2"
4.87564353739957e-14,0.376563592477849,0.248,0.141,1.56756815370933e-09,"2","STMN3"
5.30347067146383e-14,0.728907485041888,0.142,0.066,1.70511885558234e-09,"2","AC080013.4"
5.36215171510765e-14,0.366711575801877,0.286,0.174,1.72398539792426e-09,"2","KCNE4"
5.66562190519101e-14,0.290268147595319,0.339,0.214,1.82155409873796e-09,"2","KIAA0930"
6.16682688497515e-14,0.419866602236627,0.254,0.146,1.98269651178836e-09,"2","TAPBPL"
6.17506161248529e-14,0.252590428127067,0.479,0.331,1.98534405903015e-09,"2","PIP5K1B"
6.28824216507357e-14,0.307773646494919,0.257,0.149,2.0217327384928e-09,"2","PLAUR"
6.61786265673259e-14,0.561808403439295,0.17,0.086,2.12770902276609e-09,"2","SPON1"
6.69638785128256e-14,0.356924567732349,0.325,0.203,2.15295565806586e-09,"2","KIRREL1"
6.82543853712741e-14,0.473823855240779,0.292,0.178,2.19444674407183e-09,"2","C1GALT1C1"
7.49287058227092e-14,0.310728169837954,0.226,0.126,2.40903282090592e-09,"2","CMKLR1"
8.23857397827628e-14,0.262945211993196,0.342,0.216,2.6487839197556e-09,"2","FIBIN"
8.27750658498902e-14,0.733807819496254,0.155,0.075,2.66130114213982e-09,"2","MS4A7"
8.31687463484074e-14,0.455706447342673,0.264,0.157,2.67395836384765e-09,"2","VGLL3"
9.56307988325508e-14,0.416943549331123,0.213,0.117,3.07462581326534e-09,"2","FAM20A"
9.69624545510823e-14,0.305587118820138,0.272,0.161,3.11743987627185e-09,"2","GGTA1P"
1.01570470531537e-13,0.495952631902239,0.176,0.089,3.26559219805943e-09,"2","DNM1"
1.14253869719057e-13,0.28002616675181,0.321,0.198,3.67337616533739e-09,"2","MSRB2"
1.19356464931819e-13,0.352096288716116,0.305,0.187,3.8374297040229e-09,"2","TFRC"
1.44439366016169e-13,0.255697120039483,0.392,0.258,4.64387005678587e-09,"2","EIF4E2"
2.03489859788244e-13,0.278951860705617,0.362,0.23,6.54240248205184e-09,"2","TSPAN31"
2.05282269155113e-13,0.535753476242786,0.204,0.111,6.60003023560604e-09,"2","AC084398.2"
2.40181891193789e-13,0.316432231834313,0.29,0.174,7.7220879837715e-09,"2","ARSA"
2.42654443813619e-13,0.337787729914904,0.265,0.155,7.80158302305167e-09,"2","LNPK"
2.66744594045583e-13,0.379462538306292,0.184,0.095,8.57610544315954e-09,"2","ACAA1"
2.84463734113249e-13,1.04391091796256,0.109,0.046,9.14579351547506e-09,"2","ADAMTS15"
3.65559986537474e-13,0.796811504769559,0.141,0.068,1.17531191271663e-08,"2","VCAN-AS1"
3.67557157848336e-13,0.274947134842133,0.407,0.265,1.18173301819818e-08,"2","COX6A1P2"
3.72262682624698e-13,0.266728848550992,0.313,0.194,1.19686175090667e-08,"2","GDF9"
4.03992167022712e-13,1.03219592501319,0.101,0.042,1.29887521619472e-08,"2","IL2RA"
4.10145825210929e-13,0.417894887960881,0.188,0.099,1.31865984263566e-08,"2","FBXO28"
4.18332566602845e-13,0.394643334881289,0.219,0.122,1.34498103488481e-08,"2","NT5C"
5.24987844693975e-13,0.551587204457163,0.126,0.057,1.6878884194756e-08,"2","MFAP2"
6.37893108599851e-13,0.927095649754845,0.105,0.044,2.05089013345938e-08,"2","NEURL2"
7.28654548451645e-13,0.258547659236124,0.385,0.251,2.34269723872688e-08,"2","ADRA1A"
8.419746561507e-13,0.345093025989893,0.223,0.125,2.70703271699012e-08,"2","PCDH18"
8.81531512012536e-13,0.306862322982646,0.297,0.182,2.83421196427151e-08,"2","FSTL3"
8.86552287770335e-13,0.897739211965724,0.138,0.067,2.8503542604104e-08,"2","NCF4"
9.86848245861531e-13,0.276796236084328,0.34,0.219,3.17281579526941e-08,"2","SDF2L1"
1.03362267567862e-12,0.572676046392789,0.146,0.072,3.32320026457433e-08,"2","SPI1"
1.06158990805235e-12,0.417880913233416,0.226,0.128,3.41311771337912e-08,"2","TNFRSF19"
1.08103939826536e-12,0.415725498231695,0.272,0.164,3.47564976936295e-08,"2","NDUFV2"
1.13497881653054e-12,0.454889248184563,0.25,0.149,3.64907039302735e-08,"2","HMOX1"
1.1746683785591e-12,0.373674306010758,0.308,0.196,3.77667630390537e-08,"2","RHOG"
1.18023567824501e-12,0.293216538372334,0.272,0.165,3.79457572912552e-08,"2","P2RX1"
1.18715048674572e-12,0.356075157814777,0.291,0.182,3.81680752993615e-08,"2","BCKDK"
1.26379151947125e-12,0.564075609112813,0.184,0.1,4.06321611425203e-08,"2","STK17B"
1.42323847819896e-12,0.455109079243719,0.177,0.095,4.57585403125747e-08,"2","CD4"
1.48162987234782e-12,0.303922204845838,0.209,0.117,4.76358820258546e-08,"2","HS2ST1"
1.8082622349099e-12,0.26335186223223,0.236,0.136,5.81374391145883e-08,"2","TRAPPC5"
1.91638680249731e-12,0.607803893175765,0.166,0.086,6.16137520870911e-08,"2","ALG1"
1.95706825653063e-12,0.502485907632072,0.165,0.084,6.29217015157161e-08,"2","NR1H3"
1.96217239162302e-12,0.447574069176519,0.145,0.071,6.30858045630717e-08,"2","LSP1"
1.97776698242428e-12,0.352790088299712,0.155,0.078,6.35871862519229e-08,"2","RIPOR3"
2.24359819098086e-12,0.605371743087048,0.151,0.077,7.21339254382258e-08,"2","NCKAP1L"
2.24763649103573e-12,0.53164296933299,0.175,0.092,7.22637608232897e-08,"2","PCSK5"
2.31087932546722e-12,0.576454948056787,0.208,0.12,7.42970811930965e-08,"2","FPR1"
2.43011239909091e-12,0.425965857875575,0.247,0.149,7.81305437431717e-08,"2","UGDH"
2.44424041069741e-12,0.404212526910963,0.184,0.1,7.85847734443323e-08,"2","UNC93B1"
2.71103674236637e-12,0.354443093963423,0.234,0.137,8.71625423038213e-08,"2","CCDC167"
2.78610921749268e-12,0.465744535566955,0.198,0.109,8.95761974516072e-08,"2","TMEM185A"
2.96692378378228e-12,0.276544439527552,0.223,0.128,9.5389566572384e-08,"2","ARRB2"
2.96899605302354e-12,0.509802639574329,0.143,0.07,9.54561921007598e-08,"2","U52112.1"
3.08684569787598e-12,0.364959180965952,0.226,0.13,9.92451760324106e-08,"2","TSC22D4"
3.27273899398197e-12,0.256667138209081,0.336,0.218,1.05221831395514e-07,"2","TMCO1"
3.6268512873406e-12,0.442264912919683,0.202,0.113,1.16606895739287e-07,"2","NMRAL1"
4.31952682195853e-12,0.318960639140148,0.274,0.168,1.38877106852789e-07,"2","FENDRR"
5.41003965924773e-12,0.389067172850836,0.237,0.141,1.73938185084474e-07,"2","MATN2"
6.13591876986483e-12,0.396940173525801,0.222,0.128,1.97275924369924e-07,"2","AC106886.5"
6.4360998401241e-12,0.252019508364405,0.374,0.245,2.0692704595983e-07,"2","PPP2R5D"
6.51950242317421e-12,0.326068090719463,0.286,0.181,2.09608522407474e-07,"2","CAPS"
6.80564141675899e-12,0.459682886367661,0.148,0.075,2.18808177190218e-07,"2","RGS1"
8.0506337075832e-12,0.362358452370247,0.212,0.122,2.58835924332508e-07,"2","SRFBP1"
8.19537953053957e-12,0.395904067122837,0.285,0.181,2.63489647286378e-07,"2","BOLA2B"
8.79234997221802e-12,0.261469734023995,0.258,0.156,2.82682843956782e-07,"2","GM2A"
9.18295228451588e-12,0.56593394078377,0.132,0.064,2.9524109889947e-07,"2","EGFLAM"
1.00453271804933e-11,0.48921579693804,0.142,0.072,3.22967314180039e-07,"2","HCK"
1.21373689581201e-11,0.298257857209396,0.274,0.171,3.9022854937252e-07,"2","SERTAD1"
1.22908368419269e-11,0.361154564128172,0.181,0.099,3.95162695304793e-07,"2","SLC17A5"
1.23827819572119e-11,0.254517622989307,0.231,0.135,3.98118822706319e-07,"2","SNAPC2"
1.34053292517962e-11,0.330675048948162,0.28,0.176,4.30994740774498e-07,"2","TMEM126A"
1.48552323615208e-11,0.350521919214281,0.226,0.133,4.77610575655256e-07,"2","NAGA"
1.6314342274516e-11,0.355440569981334,0.147,0.076,5.24522418467963e-07,"2","ADA2"
1.73574805996865e-11,0.291552745526875,0.324,0.214,5.58060358760522e-07,"2","BTF3L4"
1.77065300883062e-11,0.874331041608515,0.111,0.051,5.69282648869134e-07,"2","PRDM6"
1.88147691098553e-11,0.863243921753631,0.103,0.046,6.04913641650959e-07,"2","CD36"
1.93550981641518e-11,0.433376530992331,0.152,0.079,6.22285761075644e-07,"2","C1orf162"
2.00188356752057e-11,0.910175294536008,0.104,0.046,6.43625585793537e-07,"2","AC132217.1"
2.46903260687783e-11,0.312341108556217,0.219,0.126,7.9381867343729e-07,"2","AC104581.2"
2.71652871953347e-11,0.278570040787501,0.301,0.195,8.73391148617207e-07,"2","SMAP2"
2.74228723578739e-11,0.259164761643767,0.311,0.201,8.81672769178003e-07,"2","PPIC"
2.75849288087579e-11,0.561916358012894,0.172,0.094,8.86883046130376e-07,"2","CCDC9B"
2.79693064711323e-11,0.277821472998039,0.291,0.184,8.99241172353374e-07,"2","AGPAT2"
3.05880861779101e-11,0.635645502577549,0.154,0.082,9.83437558705988e-07,"2","ITGAM"
3.06150752621772e-11,0.64584111827066,0.119,0.056,9.8430528475426e-07,"2","PAPLN"
3.14584604193609e-11,0.530696208671595,0.177,0.098,1.01142096094287e-06,"2","PLA2G15"
3.17224435275179e-11,0.496783705196888,0.18,0.1,1.01990828185323e-06,"2","SUSD1"
3.1887158676065e-11,0.277400290075851,0.222,0.132,1.02520403859417e-06,"2","CCL19"
3.78972840191681e-11,0.605272537236972,0.166,0.091,1.21843557850027e-06,"2","LCP1"
3.83712149566677e-11,0.354755589981623,0.224,0.132,1.23367293207182e-06,"2","HGF"
4.08867523535678e-11,0.306696025132181,0.221,0.128,1.31454997491956e-06,"2","ADAMTSL4"
4.1983717579903e-11,0.575121601535086,0.105,0.048,1.34981850391146e-06,"2","ITGBL1"
4.22828946568112e-11,0.498037709379631,0.19,0.109,1.35943734611114e-06,"2","IL10RA"
4.24159481540963e-11,0.334830488622655,0.224,0.132,1.36371514910235e-06,"2","COASY"
4.62355854153678e-11,0.328823592330747,0.19,0.107,1.48652030668949e-06,"2","GAS7"
5.06339224294980e-11,0.477634688416689,0.161,0.086,1.62793124003079e-06,"2","URGCP"
5.28998022273867e-11,0.362258178508567,0.26,0.164,1.70078154141271e-06,"2","TNFAIP8"
5.36537338016881e-11,0.394099206693146,0.18,0.099,1.72502119545808e-06,"2","BX664615.2"
5.37662675265909e-11,0.297913827963881,0.318,0.206,1.72863926724743e-06,"2","MPI"
5.54216803722094e-11,0.309999679043708,0.181,0.101,1.7818624456469e-06,"2","RNF40"
5.63850386968449e-11,0.27055916270456,0.147,0.076,1.81283537914226e-06,"2","AC140134.1"
5.8769982092502e-11,0.546925807705981,0.169,0.093,1.88951369425603e-06,"2","VPS18"
6.02482172366178e-11,0.379094371712851,0.237,0.145,1.9370404323745e-06,"2","LSS"
6.26050208786948e-11,0.253707128663553,0.299,0.192,2.01281402627092e-06,"2","SCNM1"
6.50337623377024e-11,0.272855379234763,0.283,0.179,2.09090049291947e-06,"2","MED16"
6.93971424425347e-11,0.263026270182667,0.312,0.2,2.23118752666993e-06,"2","TMEM183A"
7.7283933442877e-11,0.259251816649129,0.341,0.223,2.48475574412194e-06,"2","MIR1282"
7.89376122164624e-11,0.252430946422004,0.287,0.186,2.53792317037148e-06,"2","PGLS"
8.71413102211042e-11,0.339780277047629,0.168,0.092,2.80168026491872e-06,"2","FUCA2"
8.95367895311481e-11,0.684491070223704,0.123,0.061,2.87869732021594e-06,"2","PIK3AP1"
9.01363777345442e-11,0.467270611928918,0.206,0.122,2.89797468054333e-06,"2","C7orf26"
9.99106243487218e-11,0.400383982216595,0.177,0.1,3.21222648343576e-06,"2","FAM104B"
1.04513631881548e-10,0.400264425444537,0.188,0.108,3.36021777862365e-06,"2","ROR2"
1.16157826200523e-10,0.286106624886342,0.174,0.095,3.73459027017302e-06,"2","RRAGD"
1.2133714472016e-10,0.338760539246771,0.247,0.153,3.90111053989788e-06,"2","MFSD12"
1.36770919864285e-10,0.437896150859134,0.178,0.099,4.39732184455663e-06,"2","LSP1P4"
1.40471372597033e-10,0.49417686213751,0.143,0.075,4.51629510036722e-06,"2","PREX1"
1.75466482979751e-10,0.769169588544805,0.129,0.066,5.64142289428198e-06,"2","DDIT4"
1.75564375447776e-10,0.252369330276815,0.24,0.147,5.64457023502143e-06,"2","BEX4"
1.75934929719919e-10,0.335051322246801,0.184,0.104,5.65648392542512e-06,"2","NUBP2"
1.86835009232179e-10,0.252698118831983,0.252,0.157,6.00693238182379e-06,"2","NOMO1"
1.89961210919208e-10,0.496920211275492,0.128,0.064,6.10744289226345e-06,"2","FGF14"
2.02251258817981e-10,0.296522473311687,0.244,0.151,6.50258022225692e-06,"2","ORMDL2"
2.02501086822227e-10,0.280508275523737,0.182,0.103,6.51061244242143e-06,"2","SDK1"
2.0334468038535e-10,0.252350322845425,0.18,0.102,6.53773481906938e-06,"2","PLEKHH3"
2.14446233260528e-10,0.277214792554575,0.232,0.144,6.89466084555922e-06,"2","CBLB"
2.30064491287097e-10,0.620887778493361,0.162,0.09,7.39680345937147e-06,"2","AC020656.1"
2.31760768996481e-10,0.511954401608584,0.136,0.069,7.45134048400586e-06,"2","RDH5"
2.68878022941079e-10,0.317794848494607,0.144,0.076,8.64469731557862e-06,"2","PPIF"
2.75748508913259e-10,0.298736900175563,0.274,0.175,8.8655903100702e-06,"2","NUP88"
2.85291586557656e-10,0.7744079250048,0.119,0.059,9.17240979941519e-06,"2","TNFSF13"
2.87748461164291e-10,0.290725393417191,0.131,0.068,9.25140077489312e-06,"2","RBM47"
2.99656708591327e-10,0.294788813397967,0.283,0.183,9.63426283791975e-06,"2","LINC01203"
3.25244221390287e-10,0.371686453385821,0.217,0.131,1.04569269619191e-05,"2","RF02217"
3.26912586100084e-10,0.310472285424097,0.241,0.149,1.05105665557038e-05,"2","ADAMTSL3"
3.49021428977845e-10,0.26933607370728,0.24,0.147,1.12213879630667e-05,"2","SRC"
3.6559822675871e-10,0.397077168708478,0.15,0.081,1.17543485885193e-05,"2","SLC7A8"
4.68589921101219e-10,0.297748661661377,0.171,0.099,1.50656345533253e-05,"2","MYO7A"
4.75707805818373e-10,0.348058451120291,0.17,0.097,1.52944816648665e-05,"2","AXIN1"
5.07127523133568e-10,0.575726048515421,0.107,0.052,1.63046569962673e-05,"2","AC011481.3"
5.46030197146808e-10,0.459152400854233,0.131,0.069,1.7555416868467e-05,"2","ALOX5AP"
5.82224653037955e-10,0.335703682420931,0.183,0.106,1.87191048198233e-05,"2","TP53I3"
5.83515310122012e-10,0.265957682462593,0.197,0.115,1.87606007357328e-05,"2","RAB5IF"
6.30380714685348e-10,0.254168830597607,0.304,0.2,2.02673703578486e-05,"2","AL583722.2"
6.45584682022425e-10,0.628346013950637,0.181,0.105,2.0756193111703e-05,"2","AC010422.3"
6.49655170470646e-10,0.590700125231508,0.144,0.078,2.08870633858017e-05,"2","ULK4"
6.51737960446315e-10,0.359579308616868,0.135,0.07,2.09540271663095e-05,"2","EPS15L1"
6.5773917833869e-10,0.414564019380325,0.169,0.097,2.11469723227672e-05,"2","ZNF547"
6.62733089838607e-10,0.348943730561434,0.204,0.124,2.1307531571401e-05,"2","ENOSF1"
7.25369794308867e-10,0.30187024886616,0.163,0.091,2.33213642568244e-05,"2","VDAC1P8"
7.36494234062394e-10,0.443397052584619,0.137,0.072,2.367902611934e-05,"2","TDO2"
7.42975304823489e-10,0.380461678218959,0.141,0.075,2.388739902538e-05,"2","IL17D"
7.56349345122278e-10,0.262954108189452,0.207,0.124,2.43173877950264e-05,"2","NSUN5"
7.62517734725552e-10,0.270870155744331,0.281,0.184,2.45157076891612e-05,"2","MZT2A"
8.49443076502892e-10,0.441432818343964,0.175,0.1,2.73104443526445e-05,"2","EFHC2"
8.69272808645177e-10,0.341957319436199,0.146,0.079,2.79479900707511e-05,"2","TLR1"
8.89783268180285e-10,0.365565198000326,0.174,0.099,2.86074218552643e-05,"2","AC008728.1"
9.38691283139267e-10,0.261061117199769,0.218,0.133,3.01798634442106e-05,"2","PIGB"
9.71442837833024e-10,0.415745651625674,0.158,0.088,3.12328586791695e-05,"2","ACSF3"
9.72740054775251e-10,0.645324775255844,0.105,0.051,3.12745655010791e-05,"2","RDM1P5"
1.01013295076461e-09,0.252461551130502,0.274,0.178,3.24767845000329e-05,"2","MPDU1"
1.01117229460826e-09,0.262244035885783,0.27,0.176,3.25102004439502e-05,"2","AKIRIN1"
1.10085159111105e-09,0.371972620076203,0.181,0.105,3.53934795058114e-05,"2","DSTYK"
1.11081993987812e-09,0.440062508576257,0.14,0.075,3.57139718870213e-05,"2","GRAMD4"
1.15898123264537e-09,0.381643337789191,0.119,0.06,3.72624056107814e-05,"2","LIF"
1.17035235243223e-09,0.435561445004674,0.156,0.087,3.76279984830486e-05,"2","ZNF688"
1.17515624486879e-09,0.25822826669949,0.227,0.143,3.77824484287766e-05,"2","C1orf198"
1.19214118400873e-09,0.390251114738295,0.181,0.107,3.83285312070646e-05,"2","MCM5"
1.21490497937519e-09,0.503658440828898,0.115,0.058,3.90604099918919e-05,"2","CLEC7A"
1.30625976392724e-09,0.455026303744431,0.114,0.057,4.19975576700247e-05,"2","APCDD1"
1.36825719642099e-09,0.2808122972847,0.233,0.146,4.39908371221314e-05,"2","TMEM54"
1.58811301019996e-09,0.602817303387135,0.12,0.061,5.10594213909389e-05,"2","AC138028.3"
1.71409887275493e-09,0.35724271736336,0.172,0.101,5.51099928579436e-05,"2","AMDHD2"
1.85008097055373e-09,0.322973548799026,0.223,0.14,5.94819532842729e-05,"2","OPN1SW"
2.00093601972923e-09,0.252974390835777,0.206,0.125,6.43320939703146e-05,"2","NEGR1"
2.06208206539446e-09,0.274051877447649,0.238,0.149,6.62980004844974e-05,"2","TSEN15"
2.30835642588996e-09,0.294434168724181,0.227,0.144,7.42159674487883e-05,"2","ERI2"
2.50142621545319e-09,0.345064606798962,0.165,0.095,8.04233542530355e-05,"2","SPR"
2.68939118642510e-09,0.347098735437878,0.142,0.077,8.64666160347532e-05,"2","CABP7"
2.74712107777864e-09,0.332741173253318,0.183,0.11,8.83226897716611e-05,"2","PI4K2A"
2.75480507845634e-09,0.254474913913362,0.25,0.16,8.85697380774498e-05,"2","AIMP2"
2.86521864642768e-09,0.284235219221156,0.161,0.091,9.21196447012963e-05,"2","UBOX5"
2.89292844581671e-09,0.336885806336453,0.22,0.138,9.3010542461453e-05,"2","ACP2"
3.08241387150159e-09,0.275728193892339,0.19,0.116,9.91026883826476e-05,"2","TPBG"
3.13950065146075e-09,0.312805023541215,0.164,0.094,0.000100938085445115,"2","SGPP1"
3.16128714274786e-09,0.397246111848035,0.16,0.091,0.000101638542926486,"2","ZCRB1"
3.21904645670664e-09,0.258649226342278,0.207,0.127,0.000103495562629575,"2","STARD3NL"
3.23112829434329e-09,0.251996275944419,0.224,0.141,0.000103884005791431,"2","RNASEH2B"
3.30553319539748e-09,0.703456441249001,0.132,0.072,0.000106276197765225,"2","RILP"
3.37938475291803e-09,0.451376165953917,0.144,0.08,0.000108650599191068,"2","ABRACL"
3.500717293037e-09,0.264506027650267,0.24,0.152,0.000112551561688433,"2","TMEM222"
3.5366968701035e-09,0.277562672265783,0.182,0.107,0.000113708341070698,"2","MAPKAPK5"
3.76200210225845e-09,0.367381749877673,0.148,0.082,0.000120952129589711,"2","AL133227.1"
4.78234969809365e-09,0.261634724874139,0.159,0.091,0.000153757325143409,"2","ABCF2.1"
5.4732488613551e-09,0.277512615247109,0.157,0.09,0.000175970424141428,"2","FBXO10"
5.52253162909635e-09,0.269164279890396,0.13,0.07,0.000177554914407077,"2","DUSP14"
5.60204496700547e-09,0.296714189296277,0.239,0.153,0.000180111347734193,"2","RBM15B"
5.63028470240301e-09,0.289028725533975,0.17,0.1,0.000181019283466959,"2","PEX10"
5.72566208572133e-09,0.283476163506798,0.249,0.163,0.000184085761718027,"2","SBF1"
5.9962550974236e-09,0.551908486391292,0.118,0.062,0.000192785597637266,"2","PCTP"
6.01518409569948e-09,0.436829375369729,0.124,0.067,0.000193394183860834,"2","NPL"
6.17840623797065e-09,0.571131762018826,0.134,0.073,0.000198641938956994,"2","AC008878.2"
6.18021365262203e-09,0.283848640250457,0.188,0.113,0.000198700049145451,"2","KPNA1"
6.36227560987884e-09,0.277562037917579,0.181,0.108,0.000204553523133215,"2","Z84488.2"
6.64299640269608e-09,0.34606475884279,0.128,0.069,0.000213578977343082,"2","SLC19A2"
7.44997116991941e-09,0.374270038129403,0.167,0.098,0.000239524023084079,"2","DIAPH2"
8.05240081930913e-09,0.359023685275467,0.158,0.091,0.000258892738741608,"2","MIR611"
8.22946788648057e-09,0.455928048490411,0.156,0.089,0.000264585622018237,"2","HSPB2-C11orf52"
8.25483329094795e-09,0.34323093130453,0.136,0.075,0.000265401145137267,"2","SHMT1"
8.37988637793994e-09,0.536087871817806,0.106,0.054,0.000269421726937147,"2","SS18L1"
8.48591333178041e-09,0.395372470019058,0.134,0.073,0.000272830599530072,"2","AL121852.1"
8.65896801587824e-09,0.255897241980079,0.167,0.098,0.000278394480678501,"2","C6orf226"
8.78160226447683e-09,0.548072429556518,0.1,0.049,0.000282337294405194,"2","SESN2"
9.0019745595819e-09,0.384072820236654,0.13,0.071,0.000289422484065118,"2","AC009299.3"
9.14736030788791e-09,0.610008820882943,0.13,0.072,0.000294096781258904,"2","SLC7A7"
9.16615920992158e-09,0.403692899221699,0.146,0.083,0.000294701184758189,"2","ATG16L1"
1.00792927301124e-08,0.287544807579955,0.242,0.16,0.000324059340565845,"2","GPRC5D-AS1"
1.05066887991632e-08,0.565922378870727,0.138,0.076,0.000337800551581898,"2","KCNA5"
1.22533699811176e-08,0.347292864734762,0.121,0.064,0.000393958098262913,"2","FTH1P8"
1.23347716061682e-08,0.275838427756026,0.197,0.121,0.000396575241909913,"2","ABCC1"
1.2457858135951e-08,0.311791534025434,0.101,0.05,0.00040053259692896,"2","DIAPH2-AS1"
1.26792353197675e-08,0.252234058878023,0.147,0.084,0.000407650094765846,"2","IL17RC"
1.30922993693321e-08,0.473080856505333,0.115,0.06,0.000420930517023396,"2","CIDECP"
1.33081514710213e-08,0.508224164307637,0.109,0.057,0.000427870377944807,"2","C2"
1.38688902619791e-08,0.350521428690825,0.175,0.105,0.000445898690812889,"2","IDH3A"
1.38764036212703e-08,0.296417745297928,0.231,0.149,0.00044614025282746,"2","NR1D1"
1.41681804650829e-08,0.278561268028655,0.17,0.101,0.000455521170132882,"2","CIAPIN1"
1.44562359616791e-08,0.295802050759812,0.209,0.13,0.000464782442403944,"2","GPSM2"
1.62602655228511e-08,0.293980777756264,0.157,0.092,0.000522783796825186,"2","CEMIP"
1.63585135781365e-08,0.270210196163894,0.177,0.106,0.000525942570050667,"2","PHF13"
1.77229782875157e-08,0.500082491395327,0.163,0.097,0.000569811474921918,"2","CCDC117"
1.78499139272668e-08,0.592124272785635,0.101,0.051,0.000573892582675554,"2","CALML4"
1.81228871224121e-08,0.268565449396297,0.176,0.105,0.000582668943872671,"2","C15orf39"
1.89586091162209e-08,0.488460012640046,0.146,0.084,0.000609538241695618,"2","SLC35A4"
1.99565943958027e-08,0.619474208123497,0.111,0.059,0.000641624466419452,"2","DLX5"
2.03412472143052e-08,0.287549806875006,0.118,0.063,0.000653991439187126,"2","RDH10-AS1"
2.0738943934341e-08,0.401035815876082,0.2,0.125,0.000666777786432999,"2","TUB"
2.43758424985809e-08,0.278863384935523,0.164,0.098,0.000783707712171873,"2","AL160408.2"
2.52875180282329e-08,0.289770903338205,0.201,0.125,0.000813018992125716,"2","PLIN3"
2.58632439302887e-08,0.289760657503746,0.129,0.071,0.000831529155602713,"2","FDX2"
2.60127274045818e-08,0.265149729043017,0.22,0.143,0.000836335198784711,"2","APOL6"
2.60175743482776e-08,0.275521239723943,0.157,0.092,0.000836491032871472,"2","PGPEP1"
2.88023484544262e-08,0.250104090474654,0.281,0.19,0.000926024305158258,"2","CCAR2"
2.89121820143742e-08,0.319409493928936,0.177,0.109,0.000929555563944144,"2","ISM1"
2.99745787232224e-08,0.537419191770725,0.139,0.079,0.000963712680530325,"2","ME1"
3.00815532748873e-08,0.389369071624722,0.142,0.082,0.0009671520193409,"2","NLRX1"
3.21480587160501e-08,0.40218389061158,0.162,0.097,0.00103359223577973,"2","KCNIP3"
3.35543366981986e-08,0.40127782775234,0.187,0.118,0.00107880547918378,"2","CRYBB2P1"
3.50292511106059e-08,0.702373081168596,0.108,0.057,0.00112622545245709,"2","RPS6KA1"
3.67746105197474e-08,0.273248720088715,0.209,0.134,0.0011823405028204,"2","AL135905.2"
3.72784739250041e-08,0.303098918215527,0.217,0.139,0.00119854021516281,"2","PHF2"
3.8322827922633e-08,0.335036208711187,0.172,0.106,0.00123211724054057,"2","CKLF"
3.83240202315996e-08,0.631303206033111,0.11,0.059,0.00123215557446616,"2","LXN"
4.00537937856409e-08,0.277848737294228,0.159,0.094,0.00128776952400214,"2","AC023908.2"
4.04113213406985e-08,0.425053867636769,0.151,0.089,0.0012992643924248,"2","AP003392.3"
4.33532172722556e-08,0.300465668174664,0.164,0.1,0.00139384928852029,"2","NUDT1"
4.36578692910015e-08,0.522033064363971,0.122,0.067,0.00140364415557499,"2","TMEM63B"
4.48726408946524e-08,0.385207772884868,0.108,0.057,0.00144270027740397,"2","ATF4P4"
4.66733812038244e-08,0.460284917296023,0.117,0.063,0.00150059587908416,"2","TSNARE1"
4.69713650596844e-08,0.253245056027443,0.216,0.138,0.00151017635803391,"2","DISC1FP1"
4.74471254245026e-08,0.251841721294782,0.183,0.113,0.00152547252952318,"2","TP53BP2"
4.75298425943044e-08,0.379432789324718,0.115,0.062,0.00152813196924948,"2","CLEC10A"
4.88333008787784e-08,0.456109955300156,0.146,0.086,0.0015700394565536,"2","TMEM136"
5.11786980966001e-08,0.271405363777432,0.137,0.078,0.00164544632250379,"2","NAA25"
5.32274624739832e-08,0.518436966383801,0.102,0.053,0.00171131614600104,"2","AC011511.3"
5.59250522337178e-08,0.457087910216446,0.119,0.065,0.00179804635436626,"2","NIM1K"
5.70109719911207e-08,0.358503822290824,0.206,0.133,0.00183295976048652,"2","PIK3CB"
5.79525641476582e-08,0.355728385707963,0.138,0.079,0.00186323288991136,"2","C1orf35"
5.92076412183397e-08,0.490935737930704,0.127,0.071,0.00190358487281084,"2","SALL1"
6.00795137600396e-08,0.428187908782461,0.138,0.079,0.00193161644689903,"2","GALNT16"
6.12465211811333e-08,0.271518326709488,0.106,0.056,0.00196913690249462,"2","PLXDC1"
6.22954726461691e-08,0.293743814188582,0.16,0.096,0.00200286174104698,"2","AL365273.1"
6.3082841071914e-08,0.260439997808301,0.193,0.122,0.00202817642330311,"2","MT1A"
6.41280370927043e-08,0.500764311729529,0.154,0.092,0.00206178052056754,"2","HCST"
7.05742559859156e-08,0.496506163130204,0.117,0.064,0.00226903290420317,"2","ZNF789"
7.08579120009498e-08,0.29327231669431,0.17,0.105,0.00227815272874254,"2","CGRRF1"
7.10982442810911e-08,0.334030916955727,0.126,0.071,0.00228587965188136,"2","MRPS11"
7.12885363489668e-08,0.337399564416301,0.164,0.099,0.00229199773215563,"2","KDM1A"
7.39835999827913e-08,0.527504378344659,0.118,0.066,0.00237864672304672,"2","RNU6-6P"
7.51791635376368e-08,0.31544064584353,0.202,0.127,0.00241708528689856,"2","AC079742.1"
7.55118259795223e-08,0.425718087411323,0.143,0.084,0.00242778071706762,"2","PLGRKT"
8.1790861481283e-08,0.308754258787757,0.168,0.103,0.00262965798748473,"2","GPSM1"
8.19605815016059e-08,0.281914764036813,0.196,0.123,0.00263511465585813,"2","FAM47E-STBD1"
8.33875606846444e-08,0.521013233002902,0.129,0.073,0.002680993463572,"2","HSPB3"
8.69594108746738e-08,0.329811325561147,0.159,0.096,0.00279583201903164,"2","CDO1"
8.80268246419104e-08,0.25749090574452,0.138,0.08,0.00283015043906206,"2","GALNS"
8.92779589017494e-08,0.315092680959551,0.216,0.14,0.00287037565665014,"2","ARL8A"
1.04163069000982e-07,0.401461859467783,0.129,0.074,0.00334894683145057,"2","CD52"
1.07452183524041e-07,0.482703787346342,0.113,0.062,0.00345469515248146,"2","TMC6"
1.13996436358342e-07,0.312646310609872,0.165,0.101,0.00366509942535704,"2","LYN"
1.19475401939041e-07,0.367838227702612,0.12,0.067,0.0038412536477421,"2","G0S2"
1.22719655245409e-07,0.251106323469461,0.125,0.07,0.00394555963579515,"2","MTHFSD"
1.27960453619334e-07,0.436482497225774,0.139,0.082,0.00411405654431519,"2","CYSLTR1"
1.36331578579844e-07,0.27019070739303,0.109,0.06,0.00438319658292055,"2","EFNB1"
1.36638494993432e-07,0.276320263665655,0.195,0.125,0.00439306425253382,"2","TBC1D22A"
1.38056786871553e-07,0.260740091555244,0.145,0.086,0.0044386637547073,"2","TYSND1"
1.47586415061892e-07,0.253797063648618,0.15,0.09,0.00474505083065488,"2","FAH"
1.47592057684181e-07,0.44610768194395,0.101,0.054,0.00474523224660412,"2","KCNK15"
1.51606118877451e-07,0.268336848691086,0.196,0.126,0.00487428832802894,"2","MSANTD3-TMEFF1"
1.66092808670805e-07,0.457513933433457,0.124,0.071,0.00534004989157505,"2","ANGPTL4"
1.71903132788583e-07,0.36092399037696,0.233,0.155,0.00552685762228573,"2","CYB561D2"
1.86304493217708e-07,0.276839321547497,0.187,0.117,0.00598987576144254,"2","AC027319.1"
1.86703728064971e-07,0.258261696249742,0.313,0.228,0.00600271156101687,"2","DDR1"
1.89912674724823e-07,0.28294396166114,0.188,0.121,0.0061058824050778,"2","ZBTB7A"
1.90915769480281e-07,0.333789703151212,0.145,0.087,0.00613813290456051,"2","SLC46A3"
1.93723693897278e-07,0.3345719063168,0.175,0.109,0.00622841048249137,"2","ANKIB1"
1.98115779728516e-07,0.357027358790454,0.154,0.094,0.00636962043405153,"2","POLI"
2.25403515555835e-07,0.291435050589639,0.147,0.089,0.00724694842863565,"2","NRM"
2.31058930660632e-07,0.403968057437837,0.18,0.115,0.00742877567966999,"2","CENPBD1P1"
2.31817531280732e-07,0.29723690122319,0.119,0.066,0.0074531654482068,"2","GEMIN8"
2.36429445228931e-07,0.306155751808277,0.17,0.107,0.00760144309355535,"2","SYMPK"
2.47884042198055e-07,0.328871849335509,0.144,0.085,0.00796971984070967,"2","ANKRA2"
2.50622847632147e-07,0.357843955579868,0.152,0.093,0.00805777517422115,"2","AC097382.2"
2.6688464766135e-07,0.270405703139145,0.134,0.078,0.00858060830696008,"2","ILF3-DT"
2.68999434898167e-07,0.287962176884895,0.17,0.107,0.00864860083141097,"2","SLC9A3R1"
2.6962905623103e-07,0.596419216513784,0.101,0.054,0.00866884378688383,"2","CORO1A"
2.766043289372e-07,0.268087487557304,0.206,0.135,0.00889310577965993,"2","DYNC1LI1"
2.91562447552302e-07,0.325412526709843,0.152,0.093,0.00937402425125407,"2","GTPBP3"
2.98020233084268e-07,0.45381121466795,0.145,0.088,0.00958164851389229,"2","AL159163.1"
3.15694006072211e-07,0.48973414544535,0.11,0.061,0.0101498779892277,"2","F8"
3.17320315631069e-07,0.440337570175874,0.123,0.071,0.0102021654678545,"2","HAGHL"
3.22221194624224e-07,0.371698169874852,0.137,0.082,0.0103597336283634,"2","CNPY4"
3.32380348004243e-07,0.497033955901197,0.135,0.08,0.0106863605686844,"2","RAB20"
3.4078002445227e-07,0.264158060712135,0.22,0.146,0.0109564185661649,"2","IRF2"
3.41424193870367e-07,0.288745202617907,0.103,0.055,0.0109771292571262,"2","EPHB3"
3.44902859675538e-07,0.584068803773039,0.11,0.061,0.0110889718414282,"2","ZBTB47"
3.48815338447388e-07,0.474889371723564,0.151,0.093,0.011214761946422,"2","GPN3"
3.49035933389696e-07,0.251507714043645,0.25,0.173,0.0112218542944121,"2","YIF1A"
3.58194097629827e-07,0.317154795633724,0.105,0.058,0.0115162984328966,"2","DIRC2"
3.79354355757293e-07,0.33719764803542,0.165,0.103,0.0121966218919527,"2","VCPIP1"
3.967081037455e-07,0.263417498178948,0.202,0.134,0.0127545622435216,"2","ARAP1"
4.15657159192944e-07,0.643137359910409,0.101,0.055,0.0133637933252123,"2","PTPN6"
4.18881739064569e-07,0.315295339226501,0.142,0.085,0.013467466792665,"2","RPAP1"
4.23965847299162e-07,0.276751266582684,0.109,0.061,0.0136309259565154,"2","NRIP1"
4.49575928474928e-07,0.363988593932434,0.115,0.064,0.0144543156763974,"2","CCDC8"
4.62919614292237e-07,0.48047604094634,0.116,0.066,0.0148833285191097,"2","HOXD11"
4.86499036565303e-07,0.27900336803136,0.15,0.092,0.015641430524611,"2","CPEB4"
4.96742920942511e-07,0.368760263457213,0.116,0.066,0.0159707816512227,"2","PCDH11X"
5.18313498916818e-07,0.321709551145058,0.203,0.134,0.0166642973036746,"2","CYB561"
5.19341583934285e-07,0.352617336926465,0.111,0.063,0.0166973512650712,"2","SNX8"
5.30499332371878e-07,0.268351795036693,0.122,0.07,0.0170560840350882,"2","ANKRD52"
5.36580916003767e-07,0.317636555975286,0.123,0.072,0.0172516130304371,"2","SERPINA1"
5.47746554758461e-07,0.288860002204654,0.159,0.098,0.0176105994820393,"2","TGFB3"
5.54765903991406e-07,0.261886027603863,0.203,0.135,0.0178362785792277,"2","PHF19"
5.99550743273556e-07,0.308050130325268,0.135,0.08,0.0192761559469881,"2","ZFP30"
6.77847008313626e-07,0.270070565634717,0.101,0.055,0.0217934591642914,"2","AC120114.4"
6.92219582831517e-07,0.494052293270419,0.101,0.055,0.0222555518076161,"2","AC100803.2"
7.05530993361858e-07,0.343501116081073,0.126,0.074,0.0226835269675771,"2","SMIM15"
7.85413508116262e-07,0.454683058001727,0.139,0.084,0.0252518296994459,"2","GAR1"
8.53896884489781e-07,0.377625458038653,0.162,0.103,0.0274536387332309,"2","PPM1L"
9.35064899260085e-07,0.257610827465971,0.147,0.092,0.030063271576111,"2","HSCB"
9.76433552624081e-07,0.344080304472943,0.111,0.064,0.0313933151504168,"2","WDYHV1"
1.01871753639799e-06,0.265425953098795,0.101,0.056,0.0327527875127319,"2","DOCK5"
1.06982559730762e-06,0.29203629353792,0.198,0.132,0.0343959627790373,"2","PFN1P1"
1.07613890739698e-06,0.538779668333373,0.111,0.064,0.0345989420117203,"2","LILRB2"
1.15745868549592e-06,0.2538888927525,0.134,0.08,0.0372134541973793,"2","AFG3L1P"
1.26256346192291e-06,0.255226072512214,0.15,0.094,0.0405926778642833,"2","RLIM"
1.28350621161708e-06,0.558438630251759,0.129,0.079,0.0412660082097008,"2","SLC2A8"
1.29014620767964e-06,0.312841638526155,0.132,0.079,0.0414794907231082,"2","AL355312.5"
1.33873941888283e-06,0.391292115912373,0.109,0.063,0.0430418110565019,"2","RBM19"
1.34276414344063e-06,0.368269837271193,0.119,0.069,0.0431712099757596,"2","XG"
1.40271431796766e-06,0.409038443038785,0.135,0.082,0.0450986680369784,"2","COMMD2"
1.45246883548342e-06,0.271720963709233,0.159,0.102,0.0466983255296273,"2","UTP20"
1.54696095581615e-06,0.317477661426715,0.209,0.141,0.049736341690445,"2","TMEM11"
1.55723970785862e-06,0.276626934519289,0.145,0.091,0.0500668138473624,"2","HMGXB3"
1.63859873266918e-06,0.274415365492819,0.121,0.072,0.0526825878540469,"2","SAP130"
1.69018494251372e-06,0.280727887378056,0.119,0.07,0.0543411360867586,"2","MAPRE3"
1.74364813597123e-06,0.295238729701555,0.144,0.089,0.0560600312196112,"2","ZNF593"
1.87363175861819e-06,0.415384667433343,0.172,0.113,0.0602391346713335,"2","TCTN1"
1.99316952645467e-06,0.501574716385572,0.102,0.058,0.0640823934450442,"2","PHETA1"
2.01486900399446e-06,0.429543002727514,0.101,0.058,0.0647800533474259,"2","MED19"
2.03130184498545e-06,0.300653796160181,0.113,0.066,0.0653083856181273,"2","ALKBH2"
2.03733697586349e-06,0.293992335235577,0.137,0.084,0.0655024211109871,"2","SURF2"
2.04896119468588e-06,0.348183426828172,0.107,0.062,0.0658761513703459,"2","NOL6"
2.32092273569587e-06,0.357747467138881,0.105,0.06,0.0746199868753579,"2","PIK3R2"
2.33884584641016e-06,0.319231536526154,0.204,0.139,0.0751962328079332,"2","SYTL2"
2.52288406549944e-06,0.357524506427481,0.119,0.071,0.0811132455898724,"2","EAF1"
2.53551596393942e-06,0.296008387059738,0.106,0.062,0.0815193737566162,"2","MME"
2.62885727093568e-06,0.255762277826611,0.106,0.061,0.0845203901178529,"2","MRPL38"
2.76446695372502e-06,0.464969625778802,0.105,0.061,0.088880377029213,"2","PRKCZ"
2.85674954686587e-06,0.273008456580935,0.101,0.057,0.0918473546812846,"2","RASD2"
2.88169061980021e-06,0.295373370742186,0.15,0.096,0.0926492351171967,"2","SPON1-AS1"
2.92172063532996e-06,0.324645384128393,0.129,0.078,0.0939362401464936,"2","CLIP3"
3.43658182887999e-06,0.486385254907399,0.132,0.082,0.110489542380321,"2","PJA1"
3.66377591253483e-06,0.3762141483349,0.137,0.085,0.117794059363907,"2","B3GNT9"
3.7446054120932e-06,0.322272757745033,0.119,0.072,0.120392808604208,"2","LINC01435"
3.76174762236534e-06,0.358898669983174,0.119,0.072,0.120943947806668,"2","TK2"
3.86821196957432e-06,0.371283912096265,0.111,0.066,0.124366883033784,"2","SMIM30"
4.18863902086772e-06,0.335347138788753,0.109,0.064,0.134668933159918,"2","HHIPL1"
4.2693710790601e-06,0.52453082358197,0.103,0.06,0.137264549562861,"2","RNF25"
4.28180582882192e-06,0.258726605312135,0.18,0.119,0.137664339202454,"2","AL355987.3"
4.33823877411035e-06,0.314264812075022,0.117,0.07,0.139478714826422,"2","PLA2G5"
4.40591704553791e-06,0.377918186325579,0.118,0.071,0.141654638931089,"2","AC073346.1"
4.42596208089542e-06,0.598566995622797,0.1,0.058,0.142299106862869,"2","GCDH"
4.63399952271087e-06,0.333121330291406,0.114,0.068,0.148987718654677,"2","PLCL2"
4.95919300539774e-06,0.467076478866896,0.118,0.071,0.159443014316543,"2","NAT14"
5.59271835420632e-06,0.254441056253591,0.183,0.124,0.179811487806087,"2","PPP1R15B"
5.90459191842562e-06,0.274009377917819,0.13,0.081,0.189838534769302,"2","LRRC24"
6.24049993971755e-06,0.278125571315355,0.178,0.119,0.200638313561859,"2","PELP1"
7.12927489088109e-06,0.435429330094861,0.102,0.06,0.229213317016718,"2","MED17"
7.22698482275096e-06,0.272634249003168,0.225,0.16,0.232354789036266,"2","EGR3"
7.29396598988572e-06,0.275914853770775,0.137,0.086,0.234508300540816,"2","SUOX"
7.63759137062254e-06,0.36799658138202,0.13,0.082,0.245556200156885,"2","DCXR"
7.98697928515692e-06,0.252544824520268,0.101,0.059,0.25678937099708,"2","TNFRSF21"
8.00720576193276e-06,0.293828972793544,0.109,0.065,0.2574396724519,"2","TARID"
8.96061798159971e-06,0.267807108283062,0.146,0.095,0.288092828726412,"2","TBCK"
1.00617642764302e-05,0.315386418559704,0.116,0.071,0.323495783251506,"2","HUS1"
1.14457895226217e-05,0.256573015968049,0.12,0.074,0.36799357894181,"2","B3GNT2"
1.25841727629331e-05,0.257884968441781,0.105,0.063,0.404593738501061,"2","LVRN"
1.2883389121051e-05,0.290874677542238,0.124,0.078,0.41421384363091,"2","GPX7"
1.29104145525948e-05,0.351918495944512,0.134,0.085,0.415082738280476,"2","HCFC2"
1.29159637821194e-05,0.268416280792109,0.232,0.169,0.415261151558922,"2","PSMG3"
1.35203795174516e-05,0.414290705142225,0.104,0.063,0.434693721865586,"2","DACT1"
1.35262596177195e-05,0.262708172664687,0.157,0.105,0.434882772969299,"2","NPR3"
1.37771082038812e-05,0.355108405485676,0.141,0.092,0.442947805862985,"2","ENTPD6"
1.42594145014869e-05,0.255184442675827,0.131,0.084,0.458454435637306,"2","ERAL1"
1.46270549134788e-05,0.315713268093038,0.123,0.076,0.470274442523257,"2","AC073111.5"
1.49136862607238e-05,0.377114064336407,0.142,0.092,0.47948992696853,"2","SLC45A4"
1.49609403287788e-05,0.297618019473708,0.146,0.097,0.481009192510567,"2","PGD"
1.49702564932507e-05,0.386286072428781,0.137,0.088,0.481308716514503,"2","POLG"
1.55521133519655e-05,0.442786325619875,0.131,0.084,0.500015996379044,"2","RAB11B-AS1"
1.61548883427284e-05,0.26391843043021,0.13,0.084,0.51939581510706,"2","TMEM262"
1.68134391505093e-05,0.395241299416771,0.119,0.074,0.540568882128026,"2","LYNX1"
1.74217435147054e-05,0.315515751305941,0.121,0.076,0.560126475741295,"2","RNASET2"
1.75062727195751e-05,0.304978285136087,0.137,0.088,0.562844174207058,"2","SYCP3"
1.79550703049712e-05,0.317367064654732,0.132,0.086,0.57727346537513,"2","MPHOSPH10"
1.84284037936102e-05,0.402925316744635,0.117,0.073,0.592491610368362,"2","CSNK1G3"
1.88422264767091e-05,0.259947079697873,0.109,0.067,0.605796423452674,"2","CHEK2"
1.91071695434206e-05,0.30735792146257,0.141,0.092,0.614314607990515,"2","AARSD1"
1.95248673829586e-05,0.3959413786006,0.111,0.069,0.627744011229502,"2","SLC31A1"
2.06051733480408e-05,0.330050424456483,0.136,0.088,0.662476928312861,"2","PLA2G12A"
2.13324552248765e-05,0.315265301254982,0.126,0.081,0.685859767935003,"2","SH3KBP1"
2.15227977878867e-05,0.319727554507241,0.125,0.08,0.691979471678345,"2","ZBTB22"
2.16082507907145e-05,0.314242919240024,0.107,0.066,0.694726871172263,"2","AC113208.3"
2.16241026684953e-05,0.368057943920422,0.117,0.073,0.695236524894793,"2","PYM1"
2.18483575032338e-05,0.375324489970921,0.1,0.06,0.70244654208647,"2","CMTM4"
2.18563501902857e-05,0.441583000524544,0.122,0.078,0.702703514967876,"2","SOCS6"
2.30851813997706e-05,0.413518946088467,0.111,0.069,0.742211667184026,"2","HSD3B7"
2.98946333137424e-05,0.354485527865723,0.107,0.066,0.961142355670132,"2","ALG14"
2.99968289758487e-05,0.26981347675819,0.107,0.066,0.964428048402512,"2","SPIN2B"
3.02479237293942e-05,0.287107493875941,0.131,0.085,0.972500995823753,"2","SPACA9"
3.14287505492488e-05,0.327879619882495,0.1,0.061,1,"2","KCNAB2"
3.2346973683623e-05,0.258966312520014,0.105,0.064,1,"2","AC010519.1"
3.25603561884316e-05,0.288791088731438,0.108,0.067,1,"2","RNGTT"
3.28862471117154e-05,0.250739469074155,0.103,0.063,1,"2","TATDN2"
3.33174178225259e-05,0.398337827226753,0.132,0.087,1,"2","AC097460.1"
3.56297616112188e-05,0.399243283401607,0.118,0.076,1,"2","THG1L"
3.57939029510592e-05,0.251693735083684,0.15,0.101,1,"2","IRX3"
3.82547622597644e-05,0.278323781137715,0.147,0.099,1,"2","DHRS7B"
3.87739803543891e-05,0.383748684433493,0.135,0.088,1,"2","AC036214.4"
4.38465133628656e-05,0.329331742906748,0.1,0.061,1,"2","AC010619.2"
4.89737399582668e-05,0.290063578602328,0.138,0.091,1,"2","SVBP"
5.27191015559971e-05,0.435238811840026,0.101,0.063,1,"2","WHRN"
5.3706131530637e-05,0.351624445172444,0.101,0.063,1,"2","AC066613.2"
5.70677295479813e-05,0.390721713025547,0.121,0.079,1,"2","RFX1"
5.81430780895783e-05,0.263538209126366,0.127,0.083,1,"2","LRIG2"
6.60180258491059e-05,0.378639408508676,0.144,0.098,1,"2","RGS10"
6.64405751697148e-05,0.295106281007243,0.126,0.083,1,"2","EGR2"
6.79886428503587e-05,0.299775997823772,0.123,0.081,1,"2","SH3TC1"
6.95084760977555e-05,0.374154663437822,0.117,0.075,1,"2","AC234917.1"
7.06619406905644e-05,0.328258141348851,0.107,0.068,1,"2","DTX2"
7.32736407973195e-05,0.261263419398322,0.111,0.071,1,"2","ME3"
7.52044948659059e-05,0.255680103036486,0.115,0.073,1,"2","USF3"
7.80211955960787e-05,0.288914495825012,0.113,0.073,1,"2","TVP23A"
7.8260396417598e-05,0.331373061930194,0.105,0.067,1,"2","CSTF2T"
7.90905230916429e-05,0.350874471165141,0.144,0.097,1,"2","ANAPC15"
7.99853723611932e-05,0.283345451888204,0.119,0.077,1,"2","TOM1L1"
8.24100304682647e-05,0.256386163141244,0.138,0.092,1,"2","AC005324.3"
8.77551465165027e-05,0.293413681258002,0.165,0.115,1,"2","RARG"
9.02570173389484e-05,0.308928548780846,0.108,0.069,1,"2","AC020663.4"
9.05274757995676e-05,0.514640495441933,0.102,0.065,1,"2","ANKRD39"
9.45316096880347e-05,0.34128970340421,0.132,0.089,1,"2","KANSL2"
9.88868647831347e-05,0.310319275460758,0.105,0.067,1,"2","ZNF627"
0.000105211089637697,0.304539450052405,0.117,0.076,1,"2","BIN3"
0.000108377767516012,0.337073077369948,0.102,0.065,1,"2","NAV1"
0.000109005839886392,0.263212700347937,0.205,0.15,1,"2","RPA3"
0.000110739315015589,0.307214512800034,0.11,0.071,1,"2","AL359644.1"
0.000112526598397933,0.336458212495045,0.128,0.086,1,"2","NUDT6"
0.000113874087988379,0.341713610761723,0.106,0.068,1,"2","WDR77"
0.000157712800672393,0.266156745867125,0.101,0.065,1,"2","FAM110B"
0.000193236486014887,0.359783049352771,0.101,0.065,1,"2","PRPF38A"
0.000217731236216898,0.300151957548023,0.122,0.082,1,"2","TEP1"
0.000237828565280302,0.277411739821935,0.136,0.094,1,"2","TIMM29"
0.000251980791104602,0.36875417707974,0.114,0.076,1,"2","ZMYND19"
0.000282878377158164,0.254877758811146,0.104,0.069,1,"2","RIDA"
0.000284691235504569,0.296042162770397,0.118,0.079,1,"2","VIPAS39"
0.000330934943497126,0.284587813754666,0.111,0.074,1,"2","AC106707.1"
0.000526505545392721,0.25445715320139,0.104,0.069,1,"2","ACOX2"
0.00073472543447285,0.291664304137973,0.1,0.067,1,"2","TANGO6"
0.000803648190368759,0.26078157749358,0.109,0.075,1,"2","KBTBD3"
0.000816944868975755,0.257094112977125,0.105,0.071,1,"2","RDH10"
0.000830153728205905,0.258859463733414,0.102,0.069,1,"2","PCDHGA3"
0.00098823759836191,0.301664274820542,0.101,0.069,1,"2","ANGEL1"
0.00158294223691347,0.26149991642527,0.119,0.085,1,"2","BANP"
0.0018709490403633,0.251076420934488,0.114,0.081,1,"2","AC010457.1"
0.00246229874839124,0.282791733337885,0.116,0.083,1,"2","LINC00334"
0.00253219339559498,0.266831336104687,0.122,0.089,1,"2","NUDT12"
0.00364658385129411,0.380328484701129,0.124,0.093,1,"2","FN3KRP"
0.00516334253521709,0.250880886048052,0.126,0.095,1,"2","CHUK"
0.00646764892150331,0.277754067031815,0.108,0.08,1,"2","TRMO"
5.55627811574714e-81,0.297329431420228,0.138,0.621,1.78639897699386e-76,"3","DNAJB6"
2.20563842114538e-77,0.303779179293245,0.151,0.638,7.0913480878245e-73,"3","ATP6V1E1"
5.33794265825326e-75,0.253873165775074,0.127,0.58,1.71620194405501e-70,"3","TMBIM1"
7.55713262460071e-75,0.289939366385749,0.189,0.701,2.42969371013537e-70,"3","AXL"
1.3580705611232e-74,0.339473987923732,0.179,0.676,4.36633266106721e-70,"3","KCNAB1"
4.65392114558623e-72,0.278499882286606,0.124,0.56,1.49628218751743e-67,"3","SVIL"
5.51600108532887e-71,0.352893594050469,0.163,0.631,1.77344950894409e-66,"3","LY6E"
1.3439537810409e-70,0.316686868805949,0.14,0.589,4.32094580142459e-66,"3","JMJD8"
2.90608795971631e-69,0.336269133822449,0.152,0.606,9.34336339928391e-65,"3","SRSF3"
5.59366732687404e-69,0.281058921609795,0.109,0.519,1.79841998226327e-64,"3","BTG1"
9.45669306476864e-69,0.315892125583416,0.199,0.7,3.04042138725376e-64,"3","YWHAQ"
1.21040284467279e-67,0.252312822285807,0.143,0.582,3.89156618590748e-63,"3","TAPBP"
1.57090798805896e-67,0.271783752302183,0.135,0.564,5.05062627240835e-63,"3","FGD5-AS1"
1.6760250722267e-67,0.282261665745816,0.221,0.745,5.38858820971605e-63,"3","TIMP3"
2.02421394958312e-67,0.3316662202579,0.125,0.547,6.5080502693047e-63,"3","PI4KA"
5.06243190670128e-67,0.286949786478466,0.241,0.775,1.62762248232353e-62,"3","CD46"
9.23953910011754e-67,0.321668729808538,0.178,0.646,2.97060421607879e-62,"3","PSMB7"
1.08164182597508e-66,0.345397813411033,0.1,0.494,3.47758663469249e-62,"3","TPM3"
1.30359790469381e-66,0.306602752954544,0.108,0.508,4.19119762338108e-62,"3","SEC23A"
1.59186243025844e-66,0.334378490310944,0.126,0.546,5.1179968995239e-62,"3","PAPOLA"
2.747368333017e-66,0.271389183687946,0.168,0.636,8.83306392748296e-62,"3","AC089983.1"
3.69969965326115e-66,0.282279462846389,0.194,0.685,1.18949043551999e-61,"3","SIK3"
6.38783551708888e-66,0.421429582638981,0.131,0.552,2.05375299709924e-61,"3","PRDX5"
8.59580085294761e-66,0.384107106802729,0.163,0.618,2.76363593223119e-61,"3","UBE2B"
7.14821763547495e-65,0.294026544202745,0.156,0.602,2.29822345198155e-60,"3","PNRC1"
7.84330697794091e-65,0.408647917697166,0.156,0.603,2.52170162647778e-60,"3","AC073861.1"
1.50676858993272e-64,0.345339997772165,0.224,0.731,4.8444116934927e-60,"3","PLEC"
1.70391386684487e-64,0.339443065358974,0.209,0.702,5.47825347329293e-60,"3","PLS3"
1.80222412057386e-64,0.25634727082351,0.125,0.535,5.79433077005701e-60,"3","CHMP4B"
2.04947336158139e-64,0.306144625737133,0.216,0.719,6.58926180482032e-60,"3","STAT2"
2.31282557713628e-64,0.358507952468217,0.114,0.513,7.43596551305086e-60,"3","IQGAP1"
5.51433909155807e-64,0.271382612732224,0.108,0.499,1.77291516132683e-59,"3","TAF15"
7.3659070305263e-64,0.404268754329213,0.213,0.723,2.36821276938451e-59,"3","MTND1P23"
6.56231623293344e-63,0.428694672142266,0.143,0.568,2.10985029205043e-58,"3","RCN1"
1.26588058952224e-62,0.253097664912052,0.183,0.648,4.06993268337295e-58,"3","ANK2"
3.19662578024473e-62,0.260197152955411,0.129,0.534,1.02774715460648e-57,"3","ZSCAN18"
6.40519511904572e-62,0.365151580898364,0.138,0.553,2.05933428272439e-57,"3","PTMAP5"
1.16279126119067e-61,0.329648934212157,0.189,0.654,3.73849018385412e-57,"3","EHD1"
1.16729105041523e-61,0.325779156969882,0.143,0.561,3.75295745619002e-57,"3","LGI4"
1.99484077805397e-61,0.255102367243349,0.253,0.791,6.4136125855213e-57,"3","SUN1"
2.59012925731233e-61,0.386287783951156,0.209,0.701,8.32752457518486e-57,"3","RPL18AP3"
7.43640320316939e-61,0.331742150909519,0.136,0.543,2.39087799385099e-56,"3","RPL10P6"
1.65039223644385e-60,0.354912260677993,0.126,0.523,5.30617607939061e-56,"3","MAN1C1"
1.69653408889818e-60,0.255268254910657,0.183,0.636,5.45452674921655e-56,"3","FCGRT"
3.49366348211304e-60,0.312052435716208,0.178,0.634,1.12324774613416e-55,"3","AL049873.1"
3.51331509080598e-60,0.494223911953401,0.151,0.575,1.12956593484503e-55,"3","ATP6V1F"
3.55782231727598e-60,0.322012390389832,0.15,0.568,1.1438754532274e-55,"3","PSMB9"
3.62615134970368e-60,0.290992738906393,0.169,0.612,1.16584392044323e-55,"3","MBNL1"
4.53773686938712e-60,0.327324895444343,0.245,0.768,1.45892778087665e-55,"3","COLEC11"
6.47696014460209e-60,0.284014964243805,0.293,0.858,2.08240745609102e-55,"3","SRRM2"
7.69911565314007e-60,0.415724411044579,0.188,0.647,2.47534267364106e-55,"3","VMP1"
8.22637709808751e-60,0.442188352346756,0.13,0.526,2.64486250080612e-55,"3","GSDMD"
1.47753916830115e-59,0.297861878186408,0.111,0.49,4.75043618000502e-55,"3","AC026347.1"
2.45618657634118e-59,0.43460464231011,0.19,0.652,7.89688546159451e-55,"3","RPL13AP25"
8.55457809133761e-59,0.275309004931412,0.197,0.665,2.75038240214595e-54,"3","HERC2"
1.44294908702155e-58,0.273220962350128,0.251,0.764,4.639225609683e-54,"3","NISCH"
1.77082353272524e-58,0.260346834547679,0.112,0.487,5.69337474006493e-54,"3","SNX9"
1.98803327662396e-58,0.289603703516305,0.271,0.807,6.39172578767371e-54,"3","AP001324.1"
5.26057313804549e-58,0.337434235932544,0.209,0.686,1.691326869613e-53,"3","AL033519.2"
1.06670255974554e-57,0.384809871396699,0.268,0.812,3.42955539983788e-53,"3","DTWD2"
1.53702817128822e-57,0.301088202873094,0.15,0.552,4.94169927350876e-53,"3","DUSP23"
2.10297718702698e-57,0.272210385056821,0.126,0.509,6.76128195401043e-53,"3","TUBB2A"
2.72852784875527e-57,0.414785844608486,0.256,0.771,8.77248988653306e-53,"3","HTRA1"
2.7312667711734e-57,0.342486537328742,0.09,0.437,8.78129579599959e-53,"3","NAP1L4"
3.08973794012691e-57,0.367636035574881,0.084,0.426,9.93381645130204e-53,"3","C1RL"
5.18753566026424e-57,0.338033499827142,0.089,0.435,1.66784459013156e-52,"3","THRAP3"
6.97785411865554e-57,0.424741564331505,0.203,0.669,2.24344987768894e-52,"3","PTPRG"
2.48223229492884e-56,0.271962998164037,0.095,0.443,7.98062505142573e-52,"3","TRA2B"
2.65115114541747e-56,0.298075581503621,0.119,0.488,8.5237160476317e-52,"3","TGFBI"
2.81912852474246e-56,0.405174149322456,0.077,0.407,9.06378011989947e-52,"3","VEGFA"
3.28249717751398e-56,0.409105590442412,0.138,0.532,1.05535566754252e-51,"3","AC005837.2"
4.13606852475601e-56,0.458562011052025,0.119,0.492,1.32978739139431e-51,"3","LRCH3"
6.0055726466186e-56,0.254197298829087,0.088,0.426,1.93085166161435e-51,"3","QARS"
6.15919668998331e-56,0.468998143379214,0.13,0.512,1.98024332779653e-51,"3","RBM6"
1.35382160492939e-55,0.356305355008464,0.169,0.589,4.35267184200847e-51,"3","PIM3"
1.59726953244212e-55,0.487617505710048,0.161,0.572,5.13538127375465e-51,"3","7-Sep"
1.96405533210634e-55,0.365816593193996,0.109,0.469,6.31463429825509e-51,"3","NEURL1B"
2.15596320598273e-55,0.252235266946751,0.1,0.448,6.93163730355509e-51,"3","MSL1"
2.84732758434308e-55,0.281630404635338,0.109,0.466,9.15444291642142e-51,"3","AURKAIP1"
2.99325471971451e-55,0.283733372051542,0.075,0.4,9.62361324935412e-51,"3","CSF1"
3.38970992136061e-55,0.400195326756677,0.173,0.599,1.08982563681665e-50,"3","AC114956.3"
3.81914457875825e-55,0.341374184015186,0.114,0.475,1.22789317351657e-50,"3","SIRPA"
4.2694150755516e-55,0.39342781075258,0.104,0.455,1.37265964094059e-50,"3","BLCAP"
4.81720208324973e-55,0.381097048682212,0.1,0.448,1.54877864178562e-50,"3","DPM3"
5.95265031507231e-55,0.349762397180703,0.117,0.481,1.9138366027989e-50,"3","CCNL2"
6.22492406146912e-55,0.260184297524849,0.298,0.854,2.00137533500294e-50,"3","RPL6P27"
7.77916424186024e-55,0.277374358044831,0.11,0.465,2.50107909540049e-50,"3","FOXJ3"
8.39235189629759e-55,0.519805481250739,0.142,0.532,2.69822505817864e-50,"3","CHD9"
9.40480244366942e-55,0.287037321598895,0.112,0.47,3.02373803366416e-50,"3","IMPDH2"
9.98622705569393e-55,0.257074668194054,0.112,0.474,3.21067186067615e-50,"3","NT5DC2"
1.14675190188228e-54,0.414507159622861,0.167,0.581,3.68692203974173e-50,"3","NOP53"
1.18253564455743e-54,0.33526488289777,0.108,0.462,3.80197035081658e-50,"3","IFNGR2"
1.31691142422419e-54,0.474194193637916,0.124,0.492,4.23400192002318e-50,"3","PCAT19"
1.41902938060539e-54,0.32652652352513,0.174,0.594,4.56232136158438e-50,"3","GNG11"
1.56143113351862e-54,0.446944115026617,0.119,0.481,5.02015723737572e-50,"3","RNPS1"
1.82798904649068e-54,0.379662035766481,0.106,0.458,5.87716758337218e-50,"3","IFRD1"
1.85564073265614e-54,0.252408896188006,0.109,0.465,5.96607051956276e-50,"3","RAB14"
2.34870417362031e-54,0.392951643677635,0.138,0.52,7.55131878860667e-50,"3","RGS3"
4.68841069625488e-54,0.376658381664091,0.079,0.402,1.5073709229529e-49,"3","ITPA"
9.9649974252789e-54,0.293180515842997,0.256,0.734,3.20384632220142e-49,"3","ENG"
1.28272743097865e-53,0.272182948997619,0.116,0.473,4.12409696333945e-49,"3","CCND3"
1.41256917013633e-53,0.35282522842382,0.111,0.464,4.5415511389053e-49,"3","PLAC9"
1.57968874246946e-53,0.287936849123652,0.087,0.416,5.07885727591357e-49,"3","7-Mar"
1.72063515270482e-53,0.364403317163646,0.109,0.461,5.53201407946126e-49,"3","ARHGEF12"
2.29818211106616e-53,0.286120904352116,0.088,0.417,7.38888530528882e-49,"3","PPP3CA"
2.3109795861792e-53,0.342201367831088,0.079,0.399,7.43003046752475e-49,"3","CIC"
2.55100143617795e-53,0.398469006813034,0.138,0.517,8.20172471745574e-49,"3","PCOLCE"
2.66971721439232e-53,0.281743690843768,0.094,0.429,8.58340781599276e-49,"3","SYNGR2"
2.91692960679941e-53,0.447830156445884,0.096,0.434,9.3782203788208e-49,"3","PABPN1"
3.05824024746324e-53,0.308159250519285,0.094,0.428,9.83254821961906e-49,"3","PSMC3"
4.12753508225833e-53,0.450107686432839,0.13,0.501,1.32704380429688e-48,"3","ENAH"
7.09396573062913e-53,0.257511269668892,0.297,0.817,2.28078092205457e-48,"3","ANXA1"
7.96646002105891e-53,0.401064005809694,0.101,0.443,2.56129656137065e-48,"3","RPL13AP20"
8.08459858651476e-53,0.280565693381344,0.132,0.503,2.59927929155036e-48,"3","PPP1R15A"
9.78025509108579e-53,0.417223547152279,0.159,0.557,3.14444981433499e-48,"3","DHRS3"
1.00452795094927e-52,0.332465309003455,0.106,0.453,3.22965781509701e-48,"3","MTCO2P12"
1.42722705559358e-52,0.337903064910674,0.095,0.428,4.5886777064389e-48,"3","RFX2"
1.55014975344341e-52,0.374268396810337,0.111,0.46,4.98388647229591e-48,"3","TJP1"
1.95778718583243e-52,0.351865421584488,0.095,0.429,6.29448158116986e-48,"3","KDELR1"
1.96705489718101e-52,0.329600488627477,0.094,0.427,6.32427819992668e-48,"3","KANK3"
2.07412433243996e-52,0.273876747500765,0.276,0.798,6.66851714122771e-48,"3","SNHG25"
2.14045061003493e-52,0.439810504585681,0.103,0.441,6.8817627563233e-48,"3","PRRC2C"
2.73851589247456e-52,0.266272254721926,0.077,0.391,8.80460244589497e-48,"3","PEMT"
4.35251611426485e-52,0.278659825948061,0.295,0.837,1.39937745589729e-47,"3","NME1-NME2"
4.83246106966612e-52,0.285289484244037,0.075,0.388,1.55368455850836e-47,"3","CAMLG"
5.10455983548454e-52,0.297003351960301,0.104,0.442,1.64116703270663e-47,"3","FAM50A"
5.74817496483427e-52,0.34774979098842,0.272,0.791,1.84809573294387e-47,"3","AC116533.1"
6.78590042806255e-52,0.41289023664496,0.119,0.475,2.18173484662639e-47,"3","AC018616.1"
6.81479199479363e-52,0.341124281519417,0.096,0.43,2.1910237742461e-47,"3","FARP1"
7.53787736191833e-52,0.452835614570085,0.094,0.423,2.42350295063036e-47,"3","ARHGEF7"
7.7959361371546e-52,0.366761235088335,0.117,0.468,2.50647142745658e-47,"3","PODXL"
9.61448695154582e-52,0.425142088899993,0.114,0.461,3.09115369979149e-47,"3","CLK1"
1.05739191128976e-51,0.350262898001439,0.126,0.486,3.3996207339877e-47,"3","SPRYD3"
1.22734665662229e-51,0.467656473744215,0.103,0.441,3.94604223570633e-47,"3","MYOF"
1.34498178669975e-51,0.380515246548925,0.2,0.631,4.32425094241838e-47,"3","ETS2"
1.68322043755364e-51,0.332917886242602,0.108,0.447,5.41172202877869e-47,"3","MPDZ"
1.98163461010893e-51,0.63667174397691,0.163,0.565,6.37115343496122e-47,"3","AP002954.1"
2.4017231173936e-51,0.307174515197167,0.124,0.482,7.72177999473216e-47,"3","NBEAL1"
3.85805568725481e-51,0.307410749217851,0.094,0.421,1.2404034840093e-46,"3","FOXK2"
4.34332920262301e-51,0.288028280768221,0.072,0.376,1.39642377193533e-46,"3","DNAJC10"
4.76442563545791e-51,0.364869237124731,0.279,0.791,1.53181048605607e-46,"3","SNHG8"
6.48548047071003e-51,0.483738753692515,0.094,0.421,2.08514682613798e-46,"3","G3BP1"
6.53028223620547e-51,0.251877831030926,0.146,0.521,2.09955104176242e-46,"3","GIMAP8"
8.45217777297947e-51,0.399741898689322,0.162,0.551,2.71745967579063e-46,"3","KCTD12"
9.21688482529973e-51,0.464812875049114,0.106,0.444,2.96332064018212e-46,"3","AC091167.2"
1.0631060560532e-50,0.546595807212708,0.251,0.737,3.41799228081663e-46,"3","MXRA8"
1.33413327895239e-50,0.333350724021851,0.109,0.449,4.28937190515982e-46,"3","PXN-AS1"
1.48608320727836e-50,0.413213976304718,0.08,0.39,4.77790611972066e-46,"3","SAP30BP"
1.59114805897364e-50,0.422115970974166,0.08,0.392,5.11570012440615e-46,"3","GALNT1"
1.98466681775824e-50,0.263757654143825,0.096,0.423,6.38090228577453e-46,"3","EPB41L4A"
2.15453310469122e-50,0.465308510846926,0.105,0.441,6.92703938489275e-46,"3","AL807752.6"
2.46770624345913e-50,0.461344668155636,0.129,0.485,7.93392234334544e-46,"3","FOXP1"
2.50179761031687e-50,0.263869754668029,0.098,0.422,8.04352949692976e-46,"3","DHX30"
2.62656898879098e-50,0.252863733536095,0.061,0.351,8.44468195586186e-46,"3","LRIG1"
2.69067396237154e-50,0.422905453649315,0.133,0.496,8.65078585642073e-46,"3","UTRN"
2.80852491229118e-50,0.298690680292171,0.288,0.823,9.02968844550737e-46,"3","PLEKHA7"
2.91542588055547e-50,0.448815195934586,0.115,0.46,9.37338574857388e-46,"3","RSF1"
2.975215998335e-50,0.258855042428457,0.096,0.422,9.56561695624687e-46,"3","PROS1"
3.25574476095028e-50,0.265603045606488,0.077,0.383,1.04675449809313e-45,"3","PINK1-AS"
3.30716606061584e-50,0.265697317298069,0.095,0.419,1.0632869601486e-45,"3","IFI16"
5.38274820279183e-50,0.304867697932417,0.089,0.405,1.7306073746796e-45,"3","KCND3"
6.14519072819644e-50,0.29373887932777,0.083,0.395,1.97574027102244e-45,"3","AC079250.1"
7.61867226975254e-50,0.516150104583428,0.125,0.474,2.44947932144814e-45,"3","AL109659.1"
8.98410613700524e-50,0.314279087108362,0.085,0.399,2.88847996410856e-45,"3","RBMX"
9.7691136749771e-50,0.56338360922601,0.115,0.459,3.14086773764189e-45,"3","PXN"
9.90196192730462e-50,0.484073513169728,0.12,0.466,3.18357977924771e-45,"3","ELL2"
1.07191052022086e-49,0.306904047898785,0.125,0.475,3.44629951356209e-45,"3","PIP4P1"
1.20132719782246e-49,0.25312264852757,0.072,0.37,3.86238707371899e-45,"3","TKT"
2.33413570131604e-49,0.289440285146961,0.079,0.383,7.50447969330121e-45,"3","KCNT2"
2.77002389864556e-49,0.48645230416722,0.169,0.567,8.90590383653534e-45,"3","RPS27AP16"
3.07232894999258e-49,0.386219556767025,0.121,0.468,9.87784480712113e-45,"3","PRKG1"
3.64029981242194e-49,0.300276134298182,0.08,0.386,1.17039279269178e-44,"3","ANAPC5"
4.40227247732435e-49,0.284390118306456,0.075,0.376,1.41537462418455e-44,"3","CGGBP1"
4.47569450070297e-49,0.31412236535333,0.085,0.394,1.43898053892101e-44,"3","HDGF"
5.5098069392694e-49,0.294931329269159,0.104,0.432,1.7714580290445e-44,"3","NPDC1"
7.60687025971974e-49,0.356261068049674,0.104,0.43,2.44568485720249e-44,"3","UBXN1"
8.3747755843383e-49,0.356577356331037,0.099,0.421,2.69257409812061e-44,"3","PNKP"
8.77319745409351e-49,0.329965951782034,0.072,0.367,2.82067071346561e-44,"3","ZFAND6"
9.04682248551546e-49,0.313039928991708,0.07,0.365,2.90864389731807e-44,"3","PANK2"
1.05183459571263e-48,0.344027883595165,0.093,0.408,3.38175340867568e-44,"3","PPP1R18"
1.16116940140812e-48,0.268127256063287,0.085,0.393,3.73327574246725e-44,"3","ARHGDIB"
1.3183829924637e-48,0.304096665960726,0.079,0.381,4.23873315907004e-44,"3","DDR2"
1.41481455536208e-48,0.390912359588706,0.269,0.759,4.54877027694463e-44,"3","KLF4"
1.447821160142e-48,0.269132081900087,0.061,0.343,4.65488981197253e-44,"3","GNAQ"
1.77992295019303e-48,0.26251205334705,0.115,0.451,5.72263027716562e-44,"3","HDAC1"
1.8313149612231e-48,0.335430617206534,0.087,0.395,5.8878607318284e-44,"3","GALNT15"
2.42359825929882e-48,0.261556721307998,0.083,0.387,7.79211076347163e-44,"3","FBXO9"
2.72884718747418e-48,0.345389025950676,0.088,0.397,8.77351659244823e-44,"3","KIF13A"
2.75068413038685e-48,0.400692330260033,0.117,0.457,8.84372454760675e-44,"3","STAG2"
2.96202293585564e-48,0.304542884742846,0.108,0.434,9.52319994106945e-44,"3","ATG4B"
4.47577935035643e-48,0.331458315072257,0.088,0.397,1.43900781893309e-43,"3","HLA-DQB1"
4.84658295082322e-48,0.316545501131599,0.087,0.393,1.55822488451917e-43,"3","MDH1"
4.94934629816596e-48,0.371352436358485,0.09,0.4,1.59126432832334e-43,"3","NSMF"
6.39693749763689e-48,0.595192801341924,0.197,0.612,2.05667937486524e-43,"3","ATF3"
7.49507033329128e-48,0.567885078322601,0.103,0.425,2.40974006285648e-43,"3","ATP6V1B2"
8.10937654345279e-48,0.324176888420506,0.052,0.324,2.60724565248551e-43,"3","ADIPOR1"
9.61137166754259e-48,0.329087326459827,0.083,0.385,3.09015210483162e-43,"3","CCM2"
1.01803302986159e-47,0.396210510626642,0.108,0.433,3.273077994308e-43,"3","ABL1"
1.03452260998626e-47,0.362579132378635,0.068,0.355,3.32609364336683e-43,"3","SEC13"
1.14564000172004e-47,0.337416986827885,0.088,0.395,3.68334716953011e-43,"3","SMCO4"
1.3606680685381e-47,0.260230705740564,0.068,0.356,4.37468390715683e-43,"3","RDX"
1.8680522889703e-47,0.667635236213682,0.166,0.55,6.00597491426841e-43,"3","CDC37"
2.26564266159039e-47,0.507667858242246,0.145,0.507,7.28426772127926e-43,"3","ANTXR1"
2.38149943267828e-47,0.582390049675288,0.098,0.413,7.65675882600393e-43,"3","TPST2"
2.72286521211291e-47,0.383561431150789,0.124,0.463,8.7542839434642e-43,"3","TPK1"
2.91986249238112e-47,0.455244794194692,0.064,0.346,9.38764989925455e-43,"3","NOP56"
3.86306359030744e-47,0.265878509162724,0.078,0.371,1.24201357491975e-42,"3","ILF2"
4.13371360664501e-47,0.436867995069972,0.093,0.401,1.32903026167244e-42,"3","DDOST"
4.14387494153195e-47,0.273550776564572,0.18,0.565,1.33229723245194e-42,"3","GREM1"
4.57761723978611e-47,0.327432462143422,0.099,0.414,1.47174971876363e-42,"3","SLC20A1"
4.71843823554226e-47,0.388886213263533,0.09,0.398,1.51702507710919e-42,"3","ECSCR"
5.756783413125e-47,0.426360984513727,0.089,0.394,1.85086343515382e-42,"3","RAB10"
8.36677834903006e-47,0.388032678409757,0.085,0.386,2.69000290699665e-42,"3","SLC3A2"
9.04965453631192e-47,0.565989241667715,0.09,0.395,2.90955442996964e-42,"3","MAX"
1.15305405007486e-46,0.381018494364767,0.085,0.385,3.70718407639568e-42,"3","AAK1"
1.17388680480632e-46,0.255698102706799,0.073,0.361,3.77416346613279e-42,"3","HLA-DMB"
1.64771610815816e-46,0.300124107563589,0.078,0.37,5.2975720593393e-42,"3","PON2"
1.88486063117574e-46,0.574661876795412,0.079,0.372,6.06001541529311e-42,"3","TMEM259"
2.09448426675898e-46,0.278649223835477,0.083,0.379,6.73397636605679e-42,"3","MAP3K12"
2.32313283254906e-46,0.279312303846162,0.077,0.368,7.4691043699285e-42,"3","WDR26"
2.75409774336582e-46,0.392605199357332,0.096,0.405,8.85469965469545e-42,"3","SMOC1"
3.23626544396511e-46,0.39445834314717,0.188,0.58,1.04049170288922e-41,"3","TM4SF1"
3.67956062225798e-46,0.253182530590614,0.066,0.344,1.18301553566216e-41,"3","TRIM47"
3.8858396619414e-46,0.352420248984684,0.124,0.458,1.24933630971078e-41,"3","ADAM15"
5.23230675504407e-46,0.329617883177566,0.299,0.793,1.68223894481422e-41,"3","SERPINF1"
5.33443506299367e-46,0.591167694245616,0.13,0.471,1.71507421710309e-41,"3","AKR1C2"
6.52454411527344e-46,0.395317171524343,0.093,0.398,2.09770617850156e-41,"3","MARK3"
7.85101676519243e-46,0.412564258682593,0.319,0.852,2.52418040017702e-41,"3","MT-ND6"
8.18955977947172e-46,0.283320300761825,0.068,0.348,2.63302536469795e-41,"3","NSD3"
8.62378986083016e-46,0.437314348204173,0.103,0.417,2.77263467815551e-41,"3","PTPRS"
1.60696678115666e-45,0.287493938133311,0.088,0.385,5.16655889809678e-41,"3","AC092073.1"
1.66141615248883e-45,0.594457796819461,0.062,0.333,5.34161907186683e-41,"3","FDFT1"
1.73471344150709e-45,0.281033507751158,0.043,0.297,5.57727718578945e-41,"3","MRPS7"
2.03568161372809e-45,0.29357904285252,0.096,0.401,6.54491995629719e-41,"3","OSBPL5"
2.29963584421674e-45,0.588465257667604,0.156,0.522,7.39355920274123e-41,"3","AC068724.3"
2.68612264770196e-45,0.495926613986528,0.093,0.394,8.63615292462657e-41,"3","KPNB1"
2.78279788057525e-45,0.515246822566777,0.058,0.326,8.9469734658375e-41,"3","EXT2"
3.36228705082756e-45,0.428183430794637,0.088,0.384,1.08100890971157e-40,"3","MAT2A"
4.11357047363754e-45,0.351608712204564,0.074,0.356,1.32255404297921e-40,"3","CDC14B"
4.43780898838122e-45,0.492232370331139,0.114,0.433,1.42679996785445e-40,"3","DLC1"
4.47112452535569e-45,0.422048042397384,0.063,0.334,1.43751124614711e-40,"3","BIN1"
4.51484363823119e-45,0.527629340194621,0.137,0.48,1.45156737812771e-40,"3","CD34"
7.38948417985569e-45,0.339437647119219,0.07,0.349,2.3757930586654e-40,"3","SP100"
7.7194112395864e-45,0.545161860224947,0.111,0.427,2.48186790763942e-40,"3","ITIH5"
8.79581062181462e-45,0.382911712397983,0.084,0.375,2.82794107301962e-40,"3","MMADHC"
1.05221623817324e-44,0.284751896255557,0.067,0.341,3.38298042735078e-40,"3","POLR3H"
1.1966208394478e-44,0.259236218713279,0.351,0.872,3.84725566090862e-40,"3","COL6A3"
1.26968601608742e-44,0.272509750075591,0.058,0.322,4.08216751032267e-40,"3","GMFB"
1.68763468068534e-44,0.329184078590291,0.054,0.315,5.42591426187143e-40,"3","HABP4"
2.07350014885246e-44,0.462729938631499,0.063,0.331,6.66651032857554e-40,"3","CCNH"
3.04962912120301e-44,0.264750989095361,0.053,0.312,9.80486258757979e-40,"3","EMD"
3.8204699581225e-44,0.353778614562155,0.1,0.401,1.22831929623597e-39,"3","NFATC4"
4.61993802864071e-44,0.671934974360591,0.151,0.505,1.48535627558828e-39,"3","RND3"
4.77874388627325e-44,0.301980216095976,0.054,0.313,1.53641394687571e-39,"3","NOMO3"
6.69875149808528e-44,0.438474246685065,0.099,0.4,2.1537155941494e-39,"3","PACSIN2"
7.34885010869754e-44,0.425964473789212,0.091,0.387,2.36272879844735e-39,"3","PARP10"
7.38415057061268e-44,0.296598499368933,0.073,0.348,2.37407824995768e-39,"3","SLK"
9.3621431730844e-44,0.30930505084275,0.054,0.312,3.01002265157837e-39,"3","RBM5"
1.14425038433976e-43,0.585999633051697,0.11,0.422,3.67887941069078e-39,"3","UHRF2"
1.20209055960143e-43,0.414345386290892,0.054,0.312,3.86484135817457e-39,"3","TMEM266"
1.24882236264022e-43,0.423464945312265,0.095,0.393,4.01508877812459e-39,"3","FKBP1A"
1.33873490851186e-43,0.468350194570879,0.075,0.352,4.30416660435649e-39,"3","CCT2"
1.59479597495015e-43,0.288781531577971,0.061,0.323,5.12742853906223e-39,"3","RNF149"
1.82040208827288e-43,0.295567293688668,0.075,0.351,5.85277475400615e-39,"3","SNHG7"
2.34354209428172e-43,0.359477151241596,0.062,0.325,7.53472218732515e-39,"3","SLC35F5"
2.47334922425881e-43,0.321561139478557,0.075,0.351,7.9520650909145e-39,"3","INSR"
3.00692879118302e-43,0.325309053766784,0.067,0.334,9.66757675653254e-39,"3","RETREG2"
3.04032488146547e-43,0.645920719123226,0.1,0.397,9.77494852639962e-39,"3","DYNC1I2"
3.13557068047717e-43,0.413628570686812,0.091,0.382,1.00811732948021e-38,"3","FKBP5"
3.34715308906869e-43,0.500594323111065,0.089,0.376,1.07614318966648e-38,"3","FAM107A"
4.12758196910646e-43,0.280627400218529,0.066,0.331,1.32705887888742e-38,"3","EPS15"
4.15233799023566e-43,0.268155803013051,0.073,0.347,1.33501818724067e-38,"3","TJP2"
5.6574366389581e-43,0.422845796327226,0.072,0.343,1.81892245379142e-38,"3","TRA2A"
5.98809474986595e-43,0.652565247623083,0.106,0.411,1.9252323430294e-38,"3","ERGIC1"
6.58981312936235e-43,0.397100444882566,0.084,0.367,2.11869081922129e-38,"3","PHC2"
7.14834522484391e-43,0.345526448608628,0.072,0.342,2.29826447323956e-38,"3","AC004551.1"
9.10381302987128e-43,0.355946635213788,0.067,0.332,2.92696692723392e-38,"3","ZNF598"
1.02378734948251e-42,0.298436797534208,0.069,0.337,3.29157870732121e-38,"3","MTURN"
1.03837575238865e-42,0.280414251039785,0.059,0.317,3.33848188150476e-38,"3","CCDC12"
1.05019954873053e-42,0.410738000013085,0.083,0.363,3.37649656912352e-38,"3","N4BP2L2"
1.25473666091258e-42,0.264925708949615,0.062,0.321,4.03410383850005e-38,"3","TMED3"
1.29317076503136e-42,0.350935148469845,0.087,0.37,4.15767332665233e-38,"3","EPHX1"
1.582363281267e-42,0.747311868164242,0.178,0.553,5.08745618560155e-38,"3","AC020916.1"
1.5848240541712e-42,0.483975507739585,0.111,0.416,5.09536781656584e-38,"3","FMOD"
1.91639429546163e-42,0.330754862241891,0.066,0.328,6.16139929933868e-38,"3","ATXN2"
2.0730341859681e-42,0.414560473591856,0.083,0.362,6.66501221130604e-38,"3","CSNK1D"
2.24171552140751e-42,0.346806232861402,0.056,0.308,7.2073395728773e-38,"3","UBE4A"
2.24745538140304e-42,0.436149374355528,0.077,0.349,7.22579379674892e-38,"3","SH3GL1"
2.46353216539284e-42,0.34355280312393,0.063,0.323,7.92050226495453e-38,"3","ARNT"
2.50977223439289e-42,0.329813739862044,0.037,0.272,8.06916871079658e-38,"3","RTF1"
2.80196870963333e-42,0.356804451404169,0.073,0.342,9.00860959834212e-38,"3","CDK2AP1"
3.07611308836216e-42,0.469497287581456,0.083,0.361,9.89001119039318e-38,"3","TRAF5"
3.2542042590374e-42,0.662279137805638,0.169,0.534,1.04625921132312e-37,"3","AKR1C1"
3.27566676987751e-42,0.308021070592444,0.077,0.348,1.05315962318332e-37,"3","CRLS1"
3.44054466033341e-42,0.281147181956015,0.336,0.876,1.10616951374379e-37,"3","MIR4300HG"
4.44075516154564e-42,0.266828912417968,0.075,0.346,1.42774719198854e-37,"3","CTBP1"
4.74170557038073e-42,0.479587755043228,0.073,0.341,1.52450575793311e-37,"3","SLC41A3"
4.98328342204799e-42,0.541490477922884,0.085,0.364,1.60217545302265e-37,"3","STAT5B"
5.36011988821673e-42,0.392032936331905,0.077,0.348,1.72333214526056e-37,"3","TFPI"
6.08092097736412e-42,0.255034765946367,0.069,0.332,1.95507690343234e-37,"3","CENPB"
6.39003616251329e-42,0.487514485480094,0.074,0.343,2.05446052660965e-37,"3","CTBP1-AS"
6.62619647212243e-42,0.458283632269158,0.078,0.35,2.13038842775208e-37,"3","LEPROTL1"
7.60748642434362e-42,0.254888176100434,0.073,0.34,2.44588296029072e-37,"3","SOS2"
8.37803861867116e-42,0.509699881627236,0.268,0.744,2.69362319628896e-37,"3","FTH1P10"
8.90463180563467e-42,0.281926406837774,0.068,0.33,2.8629281718296e-37,"3","RBMS1"
9.1461642983441e-42,0.323953005326929,0.066,0.325,2.94058328356061e-37,"3","RAPGEF5"
9.42771897957734e-42,0.279606370488144,0.066,0.326,3.03110592912391e-37,"3","HCP5"
1.0258164142927e-41,0.316734130757973,0.075,0.345,3.29810235359248e-37,"3","RPL41P5"
1.15178512480092e-41,0.330283082616501,0.07,0.334,3.70310435474743e-37,"3","MARS"
1.79378550094904e-41,0.321600348196095,0.059,0.311,5.76719976410127e-37,"3","AMFR"
1.7942267880662e-41,0.36589666856275,0.094,0.38,5.76861854631164e-37,"3","PCNX1"
1.81225526809056e-41,0.677148987027495,0.252,0.706,5.82658191243795e-37,"3","FAM177B"
2.19032537989699e-41,0.377904851908327,0.078,0.348,7.04211512890681e-37,"3","KIZ-AS1"
2.26426256927938e-41,0.651727217698923,0.195,0.581,7.27983058649013e-37,"3","CTSK"
3.58453723383807e-41,0.466544142812759,0.122,0.432,1.15246456605128e-36,"3","SRSF11"
3.61722310412725e-41,0.359544715721428,0.075,0.343,1.16297340020795e-36,"3","GTF2IP4"
3.79357499852193e-41,0.43642765328453,0.088,0.364,1.21967229777478e-36,"3","BACE2"
4.49463753872845e-41,0.398882210095907,0.058,0.309,1.44507091507659e-36,"3","ESRRA"
4.951418706116e-41,0.332240857535322,0.069,0.329,1.59193062820336e-36,"3","C1QBP"
5.28530262508772e-41,0.2619857431584,0.068,0.327,1.69927764699195e-36,"3","AKT3"
5.59816983967236e-41,0.287233373522321,0.07,0.332,1.79986758515306e-36,"3","PCM1"
5.69837975154418e-41,0.490279382764492,0.064,0.32,1.83208607391897e-36,"3","RAB4B-EGLN2"
5.85562373717822e-41,0.388651518387626,0.056,0.303,1.88264158774017e-36,"3","SYNJ2BP-COX16"
7.08999360753951e-41,0.326489279413735,0.073,0.336,2.27950384476003e-36,"3","SIN3B"
7.16241314107926e-41,0.338388583337089,0.069,0.328,2.30278744898839e-36,"3","SPTLC2"
8.46343662759167e-41,0.315591163510389,0.074,0.338,2.721079510137e-36,"3","ZBTB20"
9.09972664157913e-41,0.626981065746961,0.095,0.379,2.92565311253411e-36,"3","AFF4"
1.18419676224428e-40,0.332782680058409,0.068,0.325,3.80731101029158e-36,"3","CTDSPL"
1.31795134455828e-40,0.415183062644737,0.072,0.333,4.23734536788934e-36,"3","SRSF4"
1.54376099139877e-40,0.517053843857039,0.085,0.358,4.96334596344618e-36,"3","PTOV1"
1.77892128037589e-40,0.373113318777031,0.098,0.382,5.71940980853652e-36,"3","AC246787.1"
1.79108571146672e-40,0.28119563968486,0.077,0.341,5.75851967093666e-36,"3","UBE2G2"
2.3573184425334e-40,0.324738093650754,0.094,0.374,7.57901452458914e-36,"3","AKTIP"
2.43395612268786e-40,0.561578997784623,0.085,0.358,7.82541233005375e-36,"3","WDR13"
2.574906773238e-40,0.331422853104561,0.066,0.319,8.27858276663751e-36,"3","SPATA21"
2.65697606830117e-40,0.32435181326924,0.057,0.303,8.54244375719509e-36,"3","DALRD3"
3.17043961825275e-40,0.355577668995408,0.067,0.32,1.01932804166444e-35,"3","TMEM208"
3.62479997153569e-40,0.421577330239265,0.069,0.326,1.16540943884844e-35,"3","PRRC2A"
4.94461902034467e-40,0.2714603892058,0.064,0.315,1.58974446123102e-35,"3","C6orf62"
5.21254225196394e-40,0.552841600295606,0.099,0.383,1.67588445942893e-35,"3","EPB41L4A-AS1"
5.86517647279555e-40,0.259871610000038,0.053,0.292,1.8857128877685e-35,"3","MKRN1"
6.04613119039185e-40,0.26991222373383,0.082,0.348,1.94389163902288e-35,"3","CISD3"
6.71589983101575e-40,0.33519995405031,0.355,0.893,2.15922895466987e-35,"3","JUND"
7.0624760348065e-40,0.301630545821148,0.057,0.3,2.27065666995064e-35,"3","SLC2A4RG"
7.87229351998142e-40,0.504656136547852,0.089,0.362,2.53102108960923e-35,"3","UBE2H"
8.34457997123848e-40,0.365394470616235,0.069,0.323,2.68286590655289e-35,"3","NEMF"
9.20101751688545e-40,0.732975911212727,0.085,0.355,2.95821914185384e-35,"3","TBC1D9B"
9.76058887105415e-40,0.461927693881068,0.08,0.345,3.13812692793262e-35,"3","SLC16A3"
1.00969502805274e-39,0.253899577349173,0.07,0.326,3.24627048469238e-35,"3","BCAR1"
1.28368898198335e-39,0.375302889926685,0.095,0.372,4.12718844597467e-35,"3","CD276"
1.68434962553671e-39,0.507249622731405,0.088,0.359,5.41535248106309e-35,"3","ELK3"
1.90862015845272e-39,0.257750503081508,0.064,0.312,6.13640467144134e-35,"3","CHCHD5"
1.98417867015527e-39,0.652906892892919,0.064,0.313,6.37933284241621e-35,"3","CLPP"
2.30856244581942e-39,0.282886187735262,0.048,0.281,7.42225911955402e-35,"3","NPRL3"
2.31964495842592e-39,0.380384519591073,0.074,0.331,7.45789050583518e-35,"3","TNFRSF14"
2.72677937633574e-39,0.516722913903297,0.068,0.32,8.76686837285703e-35,"3","ARHGAP4"
3.07971745969536e-39,0.434359275488358,0.049,0.283,9.90159960466656e-35,"3","IPO9"
3.3142987253405e-39,0.285317326914539,0.063,0.309,1.06558018318422e-34,"3","SGSM2"
3.97835032733612e-39,0.534088930005676,0.078,0.337,1.27907941374184e-34,"3","CNST"
4.16892487580804e-39,0.277419897479013,0.095,0.372,1.34035103682104e-34,"3","DDHD2"
4.23152990390967e-39,0.303326533382249,0.051,0.285,1.360479179406e-34,"3","DDX41"
4.51695923967832e-39,0.443534761017559,0.068,0.318,1.45224756514898e-34,"3","REST"
4.62178008972333e-39,0.352706528519285,0.069,0.32,1.48594851664695e-34,"3","ARL16"
5.26763317477629e-39,0.440509124393374,0.051,0.284,1.69359674202233e-34,"3","EXOC4"
5.56731908401379e-39,0.36471597322528,0.053,0.289,1.78994875870127e-34,"3","KPNA4"
6.80468461791756e-39,0.482220594139642,0.088,0.356,2.18777415150667e-34,"3","SNHG14"
9.46564991313679e-39,0.353771847118258,0.061,0.302,3.04330110357261e-34,"3","DNAJB12"
1.07827468376052e-38,0.56671162719306,0.069,0.319,3.46676093575844e-34,"3","HSD17B4"
1.27344648497197e-38,0.534468469074606,0.058,0.298,4.09425779383337e-34,"3","DGCR6L"
1.36157610471218e-38,0.460381871372098,0.073,0.325,4.37760333426012e-34,"3","PTPN12"
1.47651303087255e-38,0.418778248792486,0.08,0.34,4.74713704555835e-34,"3","XRCC3"
2.27151111059273e-38,0.335762177286792,0.067,0.313,7.30313537166668e-34,"3","UBE2E2"
2.44455620149766e-38,0.364579363323513,0.078,0.334,7.85949264343513e-34,"3","A2MP1"
2.45361867789529e-38,0.352336881089947,0.08,0.338,7.88862941130116e-34,"3","LUC7L3"
2.53591051358568e-38,0.436374292662163,0.056,0.291,8.15320589222931e-34,"3","MRTFA"
3.00097002220623e-38,0.509926447370535,0.059,0.299,9.64841871839527e-34,"3","SMAD3"
3.02533116179486e-38,0.308582931233402,0.047,0.274,9.72674221828666e-34,"3","VPS13B"
3.706027686581e-38,0.543277553029972,0.09,0.358,1.19152496151266e-33,"3","MIR99AHG"
3.72840003108911e-38,0.254746274603986,0.064,0.307,1.19871789399546e-33,"3","DNAJB4"
3.94437578612413e-38,0.566089756240688,0.062,0.302,1.26815625899677e-33,"3","RHOU"
4.19153278328654e-38,0.251453573743899,0.075,0.328,1.34761970515445e-33,"3","CSNK1E"
5.87359004779561e-38,0.34781485567014,0.079,0.334,1.88841793626677e-33,"3","FNDC3A"
6.03163779396166e-38,0.33936734770013,0.057,0.292,1.93923186713661e-33,"3","ATP13A3"
6.69057298575107e-38,0.288755676102127,0.084,0.344,2.15108612064883e-33,"3","SRSF10"
6.70056944305123e-38,0.471303144062394,0.094,0.362,2.1543000816354e-33,"3","NASP"
6.9620289421665e-38,0.266732428288765,0.066,0.308,2.23836192519595e-33,"3","FOXP4"
7.78951745924791e-38,0.351557728032455,0.072,0.32,2.5044077583228e-33,"3","MTERF4"
8.34245791657755e-38,0.434906951019884,0.062,0.3,2.68218364475885e-33,"3","BUD23"
8.34626948733071e-38,0.273596700580837,0.066,0.308,2.6834091028717e-33,"3","ZBTB38"
9.8417525107988e-38,0.262010549633733,0.069,0.315,3.16422184974692e-33,"3","AP000936.3"
1.20747723286709e-37,0.2577028938891,0.056,0.288,3.88216005139097e-33,"3","MEDAG"
1.25980235232693e-37,0.682954668598422,0.161,0.492,4.05039054296632e-33,"3","FTX"
1.37751089194439e-37,0.355238247591985,0.069,0.314,4.42883526869041e-33,"3","AKT2"
1.38600528501674e-37,0.713935368053321,0.148,0.468,4.45614559185731e-33,"3","MT-TL1"
1.52441480040211e-37,0.257124624805868,0.051,0.278,4.90114602477282e-33,"3","PSMD7"
1.57032427967723e-37,0.291656952377698,0.069,0.313,5.04874959159026e-33,"3","CNOT2"
1.78614347769141e-37,0.413291834909358,0.054,0.285,5.74262989512565e-33,"3","LAMB1"
1.92957427019451e-37,0.338504469466752,0.059,0.294,6.20377423610237e-33,"3","COPS2"
2.33763681712037e-37,0.28711712696601,0.049,0.274,7.51573613072369e-33,"3","COA5"
2.74174811094938e-37,0.278707895043701,0.061,0.296,8.81499435151335e-33,"3","CIITA"
2.91572744536755e-37,0.526765150771011,0.072,0.318,9.3743553096012e-33,"3","SBNO2"
2.97625163786397e-37,0.334795387139102,0.07,0.315,9.56894664089643e-33,"3","RAF1"
3.21844868553515e-37,0.6267888659731,0.087,0.347,1.03476343688641e-32,"3","AC010149.1"
3.56715128532974e-37,0.549185439003946,0.069,0.312,1.14687480974636e-32,"3","SRP72"
3.62468147474119e-37,0.268440866615423,0.051,0.277,1.16537134094404e-32,"3","CNOT1"
3.96167633838643e-37,0.439980552812093,0.066,0.305,1.27371855955462e-32,"3","KALRN"
4.02526023577662e-37,0.494080950678923,0.057,0.288,1.29416141840454e-32,"3","GINM1"
4.59964134074833e-37,0.318295479604534,0.07,0.314,1.47883068746399e-32,"3","PDHB"
4.71648037431788e-37,0.550693214711431,0.103,0.374,1.51639560514694e-32,"3","SNRNP70"
5.43978761598379e-37,0.256830331664541,0.077,0.326,1.74894611641495e-32,"3","TNFRSF1B"
5.4617342961822e-37,0.508881592507467,0.067,0.306,1.75600219356554e-32,"3","CRELD1"
5.6219988724625e-37,0.433566234635465,0.073,0.318,1.80752885748542e-32,"3","UBE2E1"
5.82604084986775e-37,0.258659607401366,0.077,0.325,1.87313039364098e-32,"3","NEK7"
6.19649602722064e-37,0.319819031693174,0.064,0.302,1.99223543771171e-32,"3","AL358781.1"
7.03387886957899e-37,0.451547990182856,0.079,0.329,2.26146239535834e-32,"3","RIN2"
7.10882357454851e-37,0.310517669616262,0.063,0.299,2.28555786745309e-32,"3","CRK"
7.6684430075382e-37,0.409631316004944,0.064,0.301,2.46548111135361e-32,"3","ELF1"
7.71523144061136e-37,0.721162216805911,0.292,0.765,2.48052406047096e-32,"3","FP671120.1"
9.37656708301621e-37,0.457254895533556,0.078,0.327,3.01466008286054e-32,"3","EME2"
1.04308460809382e-36,0.486271197110013,0.054,0.281,3.35362132348244e-32,"3","STX12"
1.39734303353368e-36,0.405160940773302,0.059,0.291,4.49259758711415e-32,"3","SNED1"
1.43789787440599e-36,0.383828117795394,0.088,0.346,4.6229854560027e-32,"3","EIF4B"
1.48261635571766e-36,0.340016947629967,0.041,0.254,4.76675984526786e-32,"3","MEAF6"
1.70884485185747e-36,0.465080054372191,0.078,0.327,5.49410708320696e-32,"3","VPS51"
1.79522094658679e-36,0.287213334856205,0.061,0.292,5.7718148653712e-32,"3","FAM198B"
1.80185031615845e-36,0.25340226290038,0.069,0.309,5.79312895148103e-32,"3","KIFC3"
1.88170820212779e-36,0.892530085682504,0.241,0.65,6.04988004066106e-32,"3","MT-TV"
1.94032754916305e-36,0.596427935513125,0.073,0.316,6.23834710331411e-32,"3","SH3PXD2A"
1.99377838917393e-36,0.27172030640442,0.062,0.295,6.41019689903311e-32,"3","RUFY1"
2.22468516922204e-36,0.276288362768473,0.073,0.315,7.15258528756579e-32,"3","MIR29B2CHG"
2.37698290202248e-36,0.678089777177738,0.109,0.384,7.64223772829247e-32,"3","EBF1"
2.51515526997411e-36,0.779927682641457,0.094,0.356,8.08647570849375e-32,"3","FPGS"
2.74531606413866e-36,0.319385007290558,0.054,0.279,8.82646567781221e-32,"3","AC097634.4"
2.8918078673497e-36,0.47314579303861,0.069,0.308,9.29745147431603e-32,"3","GNAI3"
2.97518789036336e-36,0.288103729270179,0.084,0.335,9.56552658630724e-32,"3","COQ8A"
3.19546140310651e-36,0.541463020618467,0.057,0.284,1.02737279571277e-31,"3","MAP3K5"
3.35177649891617e-36,0.341813004331812,0.08,0.329,1.07762966216654e-31,"3","DAZAP1"
3.35590148656455e-36,0.417267834501276,0.07,0.309,1.07895588694537e-31,"3","NUP85"
3.55033231364981e-36,0.331896202911786,0.072,0.311,1.14146734216155e-31,"3","YY1"
3.8497189160113e-36,0.364455415138044,0.073,0.315,1.23772312868679e-31,"3","PRRC2B"
4.33169945212794e-36,0.514321853354041,0.079,0.326,1.39268469085365e-31,"3","HUWE1"
4.36366775634807e-36,0.310998741972428,0.059,0.289,1.40296282034347e-31,"3","OR2S1P"
5.55415334350055e-36,0.48100586609868,0.088,0.343,1.78571584146886e-31,"3","PALM2-AKAP2"
5.58155192808503e-36,0.374269317277899,0.084,0.336,1.79452476039862e-31,"3","LMBRD1"
5.69404082425066e-36,0.448166568838854,0.058,0.286,1.83069106540483e-31,"3","TRANK1"
6.16439015560319e-36,0.29173128087927,0.057,0.282,1.98191307892798e-31,"3","HGSNAT"
6.38166219222203e-36,0.709696628754899,0.082,0.33,2.0517682114213e-31,"3","CRISPLD2"
6.41687368916196e-36,0.610506014444544,0.096,0.36,2.06308905980246e-31,"3","AFF1"
6.91533398394257e-36,0.316887437291397,0.048,0.265,2.22334902917738e-31,"3","TMEM106B"
7.10476614911223e-36,0.358790121656506,0.056,0.28,2.28425336460107e-31,"3","C14orf119"
8.59658997732447e-36,0.378585800891533,0.085,0.336,2.76388964360959e-31,"3","IPO5"
8.89038526133383e-36,0.392277342785145,0.079,0.325,2.85834776537144e-31,"3","BMP1"
9.3118887062183e-36,0.313002093302088,0.042,0.253,2.99386533793625e-31,"3","RNF44"
9.55829458712367e-36,0.334293612233078,0.063,0.293,3.07308729270613e-31,"3","CCDC124"
1.00028159378497e-35,0.457961001956771,0.082,0.329,3.21600535217804e-31,"3","MT-TY"
1.02235301023898e-35,0.30089104909131,0.042,0.253,3.28696716321933e-31,"3","DGLUCY"
1.11047404510241e-35,0.330648037462123,0.067,0.3,3.57028510240876e-31,"3","WNK1"
1.15680307353653e-35,0.41583492597978,0.08,0.327,3.71923756172728e-31,"3","LRRC20"
1.37476433983752e-35,0.463403727010167,0.063,0.292,4.42000482901163e-31,"3","EIF2S1"
1.45926400875785e-35,0.438503733003469,0.073,0.313,4.69167971455738e-31,"3","AL592114.1"
1.47423902783567e-35,0.350663980412277,0.059,0.286,4.73982589839448e-31,"3","CYHR1"
1.4788047608909e-35,0.520553684015389,0.075,0.316,4.75450518674032e-31,"3","NSF"
1.59091050562672e-35,0.75842453492192,0.051,0.269,5.11493636664047e-31,"3","AC012640.4"
1.71816543443352e-35,0.356035644177552,0.064,0.295,5.52407368824722e-31,"3","SHBG"
1.72351658503779e-35,0.332132743201669,0.067,0.3,5.54127817255501e-31,"3","TNFAIP2"
1.90775131679064e-35,0.352974390424281,0.053,0.273,6.13361125861358e-31,"3","AL137009.1"
2.63988199220906e-35,0.621893845752439,0.126,0.412,8.48748459315135e-31,"3","AGT"
2.67500125934843e-35,0.463584152992603,0.095,0.353,8.60039654893112e-31,"3","SHANK3"
2.94345105756444e-35,0.439550021145903,0.046,0.258,9.46348949517544e-31,"3","GPCPD1"
2.94819600164258e-35,0.337163698020072,0.049,0.266,9.47874496488105e-31,"3","RFC4"
3.81001940662279e-35,0.626120148318614,0.058,0.281,1.22495933942329e-30,"3","BAP1"
4.48949940639551e-35,0.329221830160767,0.048,0.262,1.44341895415022e-30,"3","MRPS25"
5.18451850235636e-35,0.294270426461453,0.062,0.287,1.66687454369259e-30,"3","TMEM18"
6.25446508195607e-35,0.513017822083427,0.069,0.302,2.0108730684997e-30,"3","MAFB"
7.33432568833299e-35,0.487223142993483,0.087,0.335,2.35805905205594e-30,"3","ADGRF5"
7.35140109722743e-35,0.396934573786238,0.082,0.325,2.36354896676959e-30,"3","SRSF6"
8.45284481427182e-35,0.302618727342435,0.061,0.285,2.71767413623653e-30,"3","MT-TG"
9.49451163519196e-35,0.499044822871707,0.056,0.275,3.05258043583057e-30,"3","KBTBD2"
9.79942748094769e-35,0.856313472692846,0.061,0.285,3.15061392939949e-30,"3","ALYREF"
1.26604548490112e-34,0.518226295743742,0.059,0.281,4.07046283850558e-30,"3","PFKM"
1.36499403237777e-34,0.570292561574045,0.09,0.34,4.38859231349777e-30,"3","AC098614.1"
1.53418469272139e-34,0.31568280831786,0.048,0.26,4.93255720556854e-30,"3","CNN2"
1.66329796498236e-34,0.257272315515803,0.066,0.293,5.34766928721479e-30,"3","TBX3"
2.49688890505389e-34,0.375911724438237,0.063,0.287,8.02774751863876e-30,"3","YTHDC1"
2.51745936282331e-34,0.952207856111429,0.122,0.403,8.09388359741321e-30,"3","NFKBIZ"
3.07722169678546e-34,0.257885737057401,0.378,0.91,9.89357547733495e-30,"3","AC090498.1"
3.22472898684773e-34,0.284196269351046,0.053,0.268,1.03678261656141e-29,"3","ARHGEF40"
3.52069215139495e-34,0.553179317237224,0.061,0.282,1.13193773359499e-29,"3","SAMD4B"
3.78045986596309e-34,0.394583148717984,0.068,0.295,1.21545565150579e-29,"3","RB1CC1"
3.7878494015394e-34,0.662532920206251,0.094,0.347,1.21783146108893e-29,"3","AC064799.2"
5.56489781482354e-34,0.27743162970903,0.053,0.267,1.78917029644392e-29,"3","DELE1"
6.04744290586462e-34,0.714346001741249,0.08,0.318,1.94431336866453e-29,"3","PRKAA1"
6.40760825505131e-34,0.364704112949423,0.052,0.264,2.06011013008155e-29,"3","AL355309.1"
6.75230409722225e-34,0.614880174255532,0.072,0.301,2.17093329029793e-29,"3","PMEPA1"
7.02413092120512e-34,0.29791388516953,0.381,0.89,2.25832833247666e-29,"3","S100A4"
8.00359035086325e-34,0.442462809232063,0.069,0.297,2.57323433370604e-29,"3","MT-TE"
8.01066759554932e-34,0.463153570012336,0.058,0.276,2.57550973864506e-29,"3","AC034102.4"
9.29809338014571e-34,0.473256494141898,0.051,0.261,2.98943000265065e-29,"3","ACVRL1"
9.43459836593501e-34,0.375304759323764,0.044,0.249,3.03331772063176e-29,"3","TEAD2"
9.71536342885124e-34,0.439173204705968,0.072,0.301,3.12358649600996e-29,"3","BOP1"
1.02296638748485e-33,0.284424793970595,0.043,0.246,3.28893923240253e-29,"3","AFG3L2"
1.23396565537376e-33,0.341912245617375,0.062,0.281,3.96732297859218e-29,"3","AKR1C3"
1.4683094155337e-33,0.29410922988025,0.052,0.263,4.72076160188239e-29,"3","AL606489.1"
1.49931713227352e-33,0.660767163780567,0.079,0.314,4.82045451197261e-29,"3","COL5A2"
1.97860450255007e-33,0.316931985166362,0.044,0.248,6.36141133614874e-29,"3","EFHD2"
1.99865498055303e-33,0.421314550850216,0.059,0.276,6.42587562797606e-29,"3","MAT2B"
2.32217317328539e-33,0.334847946927654,0.066,0.287,7.46601896942987e-29,"3","PITPNM2"
2.43507133513001e-33,0.263528032546795,0.057,0.271,7.82899784957651e-29,"3","PEPD"
2.43607334698804e-33,0.341074157354343,0.051,0.259,7.83221941790123e-29,"3","PPCS"
2.60544521942143e-33,0.353493609551614,0.054,0.266,8.37676692496185e-29,"3","NLRP1"
2.61521358851524e-33,0.252816083982894,0.056,0.268,8.40817320843536e-29,"3","PLCG1"
2.62253896422541e-33,0.335140285283789,0.059,0.276,8.43172502388111e-29,"3","USP47"
2.94963907726236e-33,0.319168281001416,0.042,0.242,9.48338459730621e-29,"3","IER5"
3.03020753876419e-33,0.821494012675062,0.292,0.747,9.74242025788076e-29,"3","FP236383.1"
3.33603227176551e-33,0.290631868842149,0.056,0.267,1.07256773569533e-28,"3","DCAF8"
3.6328673838593e-33,0.305434570208083,0.082,0.317,1.1680031925846e-28,"3","RHOJ"
3.94359608998141e-33,0.282692609485097,0.059,0.275,1.26790557888992e-28,"3","AC004453.1"
4.48276318671371e-33,0.376520838521924,0.061,0.277,1.44125319216033e-28,"3","PAWR"
4.92822828553067e-33,0.389306678130978,0.049,0.255,1.58447467608096e-28,"3","AGAP3"
5.27581226429609e-33,0.272517075643781,0.059,0.274,1.69622640109384e-28,"3","EPN1"
5.83374531855111e-33,0.330809349386265,0.043,0.243,1.87560745736737e-28,"3","URM1"
6.56546714847048e-33,0.470814031002886,0.063,0.281,2.11086334290474e-28,"3","MAPK14"
8.1088788295467e-33,0.262645252101475,0.051,0.256,2.60708563248756e-28,"3","TSKU"
8.31743200144267e-33,0.335995777266946,0.053,0.262,2.67413756278383e-28,"3","ETV6"
9.04341964915232e-33,0.473401446467661,0.067,0.287,2.90754985139896e-28,"3","CCNY"
1.23305790409872e-32,0.508509882145638,0.084,0.319,3.9644044674678e-28,"3","ERG"
1.42760623118067e-32,0.631444264424267,0.087,0.325,4.58989679386896e-28,"3","NBPF15"
1.51490470096081e-32,0.489041482285598,0.052,0.258,4.8705701040591e-28,"3","CSNK1G2"
1.71353849019856e-32,0.489652310106361,0.056,0.265,5.50919759983739e-28,"3","POPDC2"
1.91029592276229e-32,0.477161470032483,0.066,0.283,6.14179242127305e-28,"3","CUL1"
2.09011954652209e-32,0.298811328308014,0.054,0.262,6.71994335402318e-28,"3","RFLNA"
2.23323468832991e-32,0.25792746519282,0.062,0.275,7.18007284644949e-28,"3","GIMAP4"
2.44337710330887e-32,0.475678434256136,0.064,0.281,7.85570172484836e-28,"3","ZMYM4"
2.61562247778849e-32,0.250474766406358,0.074,0.3,8.40948782833776e-28,"3","AC091167.6"
2.73074715588771e-32,0.496939651764385,0.083,0.315,8.77962518089457e-28,"3","MRTFB"
2.75528074854584e-32,0.451071233545885,0.068,0.287,8.85850313464974e-28,"3","NTRK3"
2.91713062375187e-32,0.292918184407235,0.372,0.896,9.37886666842463e-28,"3","SCHLAP1"
3.14666211872825e-32,0.289717929511206,0.053,0.259,1.01168333779232e-27,"3","EFCAB14"
3.49156434146165e-32,0.361207577623252,0.058,0.268,1.12257285142334e-27,"3","AC005261.1"
3.6036168721269e-32,0.397511345446595,0.059,0.271,1.15859886055752e-27,"3","SUPT16H"
3.70381465051662e-32,0.317941282802509,0.062,0.275,1.1908134482876e-27,"3","E2F4"
3.75636119364032e-32,0.491457801519375,0.054,0.261,1.2077076873673e-27,"3","SNAPC3"
4.18434964066792e-32,0.413384759579161,0.038,0.229,1.34531025297114e-27,"3","PLEKHJ1"
4.21572811475122e-32,0.357524680375009,0.044,0.242,1.35539874617367e-27,"3","PRKRA"
4.52781117656614e-32,0.725048272097965,0.077,0.303,1.45573657137778e-27,"3","CELF2"
4.56174828362468e-32,0.36932828056664,0.058,0.267,1.46664769066817e-27,"3","SYNE1"
5.52344653074338e-32,0.472010218673158,0.339,0.821,1.7758432940993e-27,"3","SOCS3"
6.11846873457875e-32,0.356256808812077,0.066,0.281,1.96714888285441e-27,"3","SUCLG2"
6.31120442631673e-32,0.358939377279033,0.064,0.278,2.02911533510509e-27,"3","ELAVL1"
6.31197509316098e-32,0.271329324192425,0.059,0.27,2.02936311220219e-27,"3","WASH3P"
6.3277782329697e-32,0.583402853582927,0.057,0.265,2.03444397968209e-27,"3","BICRAL"
6.33336538809952e-32,0.460727969771656,0.061,0.271,2.03624030592788e-27,"3","USP33"
6.89646512351074e-32,0.625735720875004,0.059,0.268,2.21728250185994e-27,"3","GOLGA7B"
7.12924655179575e-32,0.410152035890364,0.075,0.3,2.29212405886785e-27,"3","TAF1D"
8.3922277473193e-32,0.590789023439394,0.049,0.25,2.69818514304063e-27,"3","TLE1"
8.9908054783879e-32,0.280319919505947,0.031,0.213,2.89063386935649e-27,"3","PIP5K1A"
9.60429889905478e-32,0.288198678649169,0.048,0.247,3.0878781390351e-27,"3","ICAM1"
9.62232112739062e-32,0.262532046424452,0.051,0.251,3.09367246566736e-27,"3","FAM20B"
1.08047036220252e-31,0.433626615493327,0.064,0.278,3.47382026151733e-27,"3","MT-TC"
1.12738760173238e-31,0.435655859274363,0.07,0.289,3.62466387832976e-27,"3","DCLK1"
1.14999027992559e-31,0.326306070245803,0.051,0.251,3.69733374898875e-27,"3","FLRT2"
1.22819108547974e-31,0.286417892031759,0.049,0.249,3.94875715892591e-27,"3","CHKB-CPT1B"
1.23983180190211e-31,0.260466577874734,0.036,0.223,3.98618322629548e-27,"3","OSBPL8"
1.26105945352383e-31,0.315439475097048,0.047,0.244,4.05443224902447e-27,"3","CHD3"
1.31236579278556e-31,0.376519440207277,0.053,0.256,4.21938726038486e-27,"3","GRB10"
1.45796545599145e-31,0.26553419074623,0.067,0.282,4.6875047375581e-27,"3","CRTAC1"
1.65115329878754e-31,0.300844312582125,0.054,0.257,5.30862297093182e-27,"3","TCN2"
1.69383177696549e-31,0.256143067574852,0.056,0.26,5.44583854612175e-27,"3","D2HGDH"
1.76773056295464e-31,0.469682786245249,0.053,0.255,5.68343053295546e-27,"3","PDS5A"
2.1015082982653e-31,0.282038231960563,0.051,0.25,6.75655932975276e-27,"3","C2CD5"
2.16336770916478e-31,0.391785715476413,0.037,0.224,6.95544352173569e-27,"3","CASP4"
2.20821187711312e-31,0.383437388860155,0.046,0.24,7.0996220061064e-27,"3","TRIM69"
2.54004187533439e-31,0.303970994902391,0.337,0.81,8.1664886333876e-27,"3","CADM3-AS1"
2.55080689359159e-31,0.325539917826992,0.054,0.256,8.20109924358632e-27,"3","PLEKHG2"
2.97890326126802e-31,0.33356179885398,0.052,0.252,9.57747187530281e-27,"3","ARHGEF1"
3.00523702070748e-31,0.281596751335986,0.048,0.244,9.66213754527663e-27,"3","INTS3"
3.33324385124335e-31,0.363171353671742,0.043,0.234,1.07167123061325e-26,"3","DNAJA2"
3.60828870714769e-31,0.286946317814192,0.041,0.23,1.16010090223505e-26,"3","HERPUD2"
3.8569884955691e-31,0.402728683192154,0.061,0.268,1.24006037121042e-26,"3","CAMKK2"
3.8683604559527e-31,0.259666225272764,0.033,0.215,1.24371657019335e-26,"3","PTK2B"
4.47134246977053e-31,0.256961559534963,0.043,0.234,1.43758131745592e-26,"3","ELMSAN1"
4.59586250210196e-31,0.398634665120707,0.058,0.262,1.4776157530508e-26,"3","FUBP3"
5.44997094376635e-31,0.54756104240165,0.069,0.283,1.75222015813032e-26,"3","FAM160B2"
5.61930514794286e-31,0.52171988860674,0.059,0.265,1.80666279811511e-26,"3","DTX3"
5.9030477136221e-31,0.284566403140717,0.056,0.257,1.89788887040664e-26,"3","SUPT7L"
6.08806532876407e-31,0.344996399677268,0.043,0.234,1.95737388385094e-26,"3","NAA10"
6.93450450867323e-31,0.539125702304132,0.056,0.257,2.22951254458353e-26,"3","SAP30L"
8.06728574038015e-31,0.357861282523556,0.062,0.268,2.59371303838962e-26,"3","PPOX"
8.76474761667144e-31,0.396807713631747,0.052,0.249,2.81795400623604e-26,"3","11-Sep"
9.51022629810311e-31,0.629240792607709,0.079,0.301,3.05763285710313e-26,"3","PEAK1"
9.56984706851023e-31,0.358975052458393,0.033,0.213,3.07680153099672e-26,"3","CPED1"
1.02147593147776e-30,0.418452949509497,0.068,0.279,3.28414726729413e-26,"3","DUS1L"
1.02588775464069e-30,0.443037599161081,0.052,0.249,3.29833171994528e-26,"3","MCTS1"
1.03273793767491e-30,0.571214168124992,0.087,0.315,3.3203557434186e-26,"3","MAGI2-AS3"
1.04385313019387e-30,0.71025345709021,0.043,0.232,3.3560921988863e-26,"3","CFDP1"
1.07549633689937e-30,0.334886851042156,0.061,0.265,3.45782827276516e-26,"3","CD109"
1.09166417008824e-30,0.289114475889622,0.062,0.268,3.50980947325071e-26,"3","ANKLE2"
1.11834354859132e-30,0.273185474773816,0.041,0.228,3.59558634307594e-26,"3","COG8"
1.15401651698894e-30,0.305652989873447,0.057,0.258,3.71027850377114e-26,"3","CLK4"
1.21426591434418e-30,0.32714197675943,0.049,0.244,3.90398634120798e-26,"3","FBXL17"
1.23851686524022e-30,0.567850701606856,0.041,0.228,3.98195557343382e-26,"3","AL138785.1"
1.26164441420845e-30,0.410708177306283,0.066,0.274,4.05631295612159e-26,"3","ECPAS"
1.28325529594849e-30,0.473936241907291,0.052,0.249,4.12579410200399e-26,"3","MCMDC2"
1.28390321998397e-30,0.365754148262407,0.042,0.23,4.12787724257047e-26,"3","RPL35P1"
1.33300675487174e-30,0.35774323380837,0.047,0.239,4.28575001758815e-26,"3","HCRTR1"
1.35182317019244e-30,0.252184420729527,0.047,0.239,4.34624667448572e-26,"3","CERS2"
1.37463086159893e-30,0.375150213571673,0.041,0.227,4.41957568312673e-26,"3","NMT1"
1.38949351430921e-30,0.298758938082945,0.044,0.234,4.46736059785554e-26,"3","MRPS16"
1.47532954718908e-30,0.473323296327672,0.046,0.236,4.7433320271676e-26,"3","EPHB4"
1.48662852759174e-30,0.50488908991793,0.047,0.239,4.7796593790602e-26,"3","U2SURP"
1.50041213195686e-30,0.477086013887678,0.048,0.242,4.82397504545449e-26,"3","SMIM7"
1.64990329455274e-30,0.498933359441502,0.079,0.3,5.3046040823165e-26,"3","ELP2"
1.70292199394199e-30,0.48056006194002,0.083,0.306,5.4750645027229e-26,"3","GEM"
1.77181521869842e-30,0.359480441702275,0.03,0.205,5.69656310963729e-26,"3","TPRA1"
1.86921595690969e-30,0.390450762607764,0.053,0.25,6.00971622306036e-26,"3","CERS4"
1.88519161719498e-30,0.261328262212749,0.061,0.265,6.06107956844358e-26,"3","PHLDB1"
2.02754243411054e-30,0.547513021007181,0.066,0.274,6.51875167990879e-26,"3","NF1"
2.12156550609237e-30,0.298238239816607,0.058,0.259,6.82104525863758e-26,"3","MAN2B2"
2.33967257286801e-30,0.601583404436132,0.069,0.281,7.52228128902792e-26,"3","WWP1"
2.42627167604172e-30,0.269748838329553,0.047,0.238,7.80070606564174e-26,"3","SSH1"
2.43063501451472e-30,0.317698308605169,0.072,0.285,7.81473463516629e-26,"3","GIMAP6"
2.48970553817487e-30,0.451357193493381,0.042,0.228,8.00465227578603e-26,"3","ERI3"
2.49136126524708e-30,0.501635572607182,0.059,0.262,8.00997560389589e-26,"3","ZNF491"
2.53754677917199e-30,0.258723495951692,0.041,0.226,8.15846664971585e-26,"3","GRAMD1A"
2.619330289437e-30,0.255619466598928,0.042,0.228,8.42140881356889e-26,"3","KAT8"
2.62785598140462e-30,0.450971396625817,0.042,0.228,8.44881976581399e-26,"3","IPO11"
2.85554068347112e-30,0.682370064778981,0.066,0.273,9.18084885142799e-26,"3","ADGRL2"
2.91320956696279e-30,0.586021407314202,0.08,0.301,9.36626007874208e-26,"3","AKAP2"
2.97491905268696e-30,0.369549179632961,0.048,0.24,9.56466224629385e-26,"3","EIF2AK2"
3.14605465949478e-30,0.29774608281622,0.052,0.247,1.01148803357417e-25,"3","CRTC3"
3.21712231983367e-30,0.398411052193915,0.046,0.235,1.03433699704972e-25,"3","ENTPD1-AS1"
3.26851936116579e-30,0.65257759477654,0.07,0.282,1.05086165980841e-25,"3","FLI1"
3.31183377359339e-30,0.473158610704714,0.051,0.245,1.06478767654801e-25,"3","TMX1"
3.58808202843431e-30,0.808007963731432,0.069,0.279,1.15360425296192e-25,"3","LIMA1"
4.156525853028e-30,0.993021680608366,0.061,0.263,1.33636462700703e-25,"3","SGK1"
4.25340184224057e-30,0.562434148542019,0.048,0.239,1.36751122629877e-25,"3","PLEKHA2"
4.5259920683768e-30,0.402111425584368,0.063,0.267,1.45515170990382e-25,"3","CHP1"
4.63350712874489e-30,0.653725918491962,0.187,0.501,1.48971887696277e-25,"3","CLDN5"
5.20751215280091e-30,0.454014846728775,0.051,0.243,1.67426723224702e-25,"3","RBM10"
5.53519420735303e-30,0.561694898850945,0.064,0.269,1.77962028960607e-25,"3","TNRC6A"
6.39217284780832e-30,0.706619780337536,0.043,0.229,2.05514749229885e-25,"3","GSE1"
6.76211472442636e-30,0.484435197429874,0.054,0.25,2.17408750505032e-25,"3","TBC1D5"
6.91592058238218e-30,0.58997635723314,0.083,0.303,2.2235376264417e-25,"3","HERC2P2"
7.3089110099283e-30,0.251826047896023,0.057,0.255,2.34988797880205e-25,"3","SLC25A36"
7.39982435027719e-30,0.396615920921511,0.059,0.259,2.37911752685762e-25,"3","ARID1B"
7.40489440739914e-30,0.319563833726939,0.041,0.224,2.3807476009229e-25,"3","PWP1"
7.52008665108772e-30,0.307910002622776,0.069,0.277,2.41778305919121e-25,"3","FAM193B"
8.00909015377306e-30,0.456596380646034,0.047,0.236,2.57500257533958e-25,"3","SHOC2"
8.02733610299982e-30,0.419604629081678,0.035,0.212,2.58086883047547e-25,"3","TNK2"
1.1675500095182e-29,0.270596611215085,0.031,0.204,3.75379003560198e-25,"3","SIL1"
1.46653485672828e-29,0.561200207113126,0.08,0.298,4.7150562178671e-25,"3","ADCY4"
1.58069216155213e-29,0.26257567908194,0.046,0.232,5.08208336860625e-25,"3","PPIE"
1.60221415394739e-29,0.263731460840967,0.043,0.227,5.15127872635624e-25,"3","STX10"
1.64842471058147e-29,0.506875339086298,0.044,0.23,5.29985028699048e-25,"3","SOCS4"
1.77728458073377e-29,0.762803480321589,0.08,0.298,5.71414765551715e-25,"3","RPL35P5"
1.83922929280275e-29,0.390962105443511,0.054,0.248,5.91330609929012e-25,"3","AL109811.3"
1.8662258138373e-29,0.491742516825783,0.044,0.229,6.0001026140683e-25,"3","MYO1E"
2.31446978935509e-29,0.295134055528961,0.047,0.234,7.44125181975554e-25,"3","AC011462.1"
2.46976629912542e-29,0.91254482595251,0.11,0.353,7.94054562831815e-25,"3","PLXDC2"
2.56102974480401e-29,0.359652576110908,0.036,0.212,8.23396673251937e-25,"3","ATG5"
2.66686022259959e-29,0.448740660286672,0.052,0.243,8.57422230167996e-25,"3","KIF22"
2.92856773734267e-29,0.646977053568375,0.053,0.245,9.41563813233042e-25,"3","IP6K2"
3.13096599981384e-29,0.390409116613359,0.048,0.235,1.00663687860015e-24,"3","MON2"
3.2826481297714e-29,0.317434876079858,0.059,0.257,1.0554042002028e-24,"3","NBPF10"
3.61060453977862e-29,0.482457545371828,0.056,0.249,1.16084546558423e-24,"3","LINC02456"
3.74257583858245e-29,0.321774194639365,0.042,0.223,1.20327555786264e-24,"3","TOX"
3.94695546224659e-29,0.415057944271772,0.058,0.254,1.2689856506669e-24,"3","AL137129.1"
3.9865110314014e-29,0.264930062928178,0.047,0.232,1.28170316170587e-24,"3","RASSF8"
4.1364245764276e-29,0.374763041716841,0.056,0.249,1.32990186556724e-24,"3","GPRC5C"
4.65224996979693e-29,0.286688092060477,0.032,0.204,1.49574488778941e-24,"3","KDM5B"
5.34553122206504e-29,0.333008348100787,0.046,0.229,1.71864174320613e-24,"3","SNTA1"
6.02434763931864e-29,0.591790826521999,0.069,0.274,1.93688800951734e-24,"3","RGPD5"
6.06623631200758e-29,0.472743064617355,0.07,0.276,1.95035563667356e-24,"3","CDK4"
6.10831170503339e-29,0.253274315380823,0.036,0.21,1.96388329628529e-24,"3","ERVK3-1"
6.43061392217107e-29,0.393100344676924,0.048,0.233,2.06750668211722e-24,"3","SESTD1"
6.46234175473959e-29,0.685945698727266,0.085,0.303,2.07770749756633e-24,"3","JMJD1C"
6.9163571946729e-29,0.545515715101396,0.048,0.233,2.22367800165928e-24,"3","EXOC6B"
7.65626252776519e-29,0.494511239610916,0.048,0.233,2.46156496530178e-24,"3","FOXK1"
7.81170107473437e-29,0.323154395850683,0.066,0.265,2.51154001253785e-24,"3","LDB2"
7.81713064136353e-29,0.310056437274973,0.059,0.254,2.51328567250479e-24,"3","ABCF1"
8.35730091749621e-29,0.445684528963586,0.047,0.231,2.68695581798421e-24,"3","TRIB2"
8.50346540235714e-29,0.605430705748147,0.048,0.233,2.73394916151184e-24,"3","MGMT"
8.51009271507593e-29,0.386822137558176,0.031,0.2,2.73607990882406e-24,"3","RNF14"
8.57137219118184e-29,0.688657129069332,0.042,0.222,2.75578187318687e-24,"3","ITGA5"
8.62395765371772e-29,0.558624910750762,0.35,0.844,2.77268862524678e-24,"3","RPL13P12"
9.8234061128273e-29,0.402479189486693,0.062,0.259,3.1583232993351e-24,"3","EXOC7"
9.91402680377396e-29,0.389538325823868,0.046,0.228,3.18745875768136e-24,"3","MDC1"
1.08584148826263e-28,0.559309291914433,0.058,0.251,3.49108896891317e-24,"3","MPZL2"
1.08912078392062e-28,0.745351929055425,0.038,0.214,3.50163223238319e-24,"3","VPS35L"
1.14710208153282e-28,0.543522324258649,0.048,0.233,3.68804790233618e-24,"3","TTC7B"
1.16289385999906e-28,0.879693230338791,0.061,0.256,3.73882004928297e-24,"3","TRPC4AP"
1.24091885625065e-28,0.448323818760304,0.046,0.227,3.98967821473146e-24,"3","KDM3A"
1.26533901138011e-28,0.567646915537749,0.077,0.286,4.06819145548818e-24,"3","ASXL1"
1.34013927761318e-28,0.424340221266532,0.057,0.249,4.30868179145414e-24,"3","AP5Z1"
1.41150693692637e-28,0.280756223372914,0.03,0.196,4.53813595291196e-24,"3","PPP2R2D"
1.42029444958204e-28,0.339568094034463,0.044,0.225,4.56638868485122e-24,"3","YARS2"
1.44862954710075e-28,0.500539389065803,0.059,0.253,4.65748885688362e-24,"3","AC004542.2"
1.45428379251765e-28,0.490811460030512,0.054,0.243,4.6756678213235e-24,"3","ATP6V0A1"
1.6514523360203e-28,0.324361233665536,0.046,0.227,5.30958440553887e-24,"3","R3HDM2"
1.66802017259711e-28,0.529448275817946,0.07,0.273,5.36285165691698e-24,"3","FNDC3B"
1.78142018693221e-28,0.487414997389496,0.041,0.217,5.72744404300574e-24,"3","TWF1"
1.82137949604671e-28,0.405216320396485,0.054,0.243,5.85591721773979e-24,"3","APPBP2"
1.8274622139513e-28,0.275043295639161,0.051,0.236,5.87547376407483e-24,"3","F11R"
1.9468911492853e-28,0.258284901080312,0.048,0.232,6.25944973406717e-24,"3","BCL2L1"
2.02675173775365e-28,0.257401758752161,0.049,0.233,6.51620951205176e-24,"3","WDFY3"
2.04268769533182e-28,0.610604767944367,0.062,0.257,6.56744520926134e-24,"3","SOS1"
2.10780974270363e-28,0.330675658972185,0.04,0.215,6.77681910376643e-24,"3","MAP3K2"
2.37896638125643e-28,0.504956593909816,0.052,0.238,7.64861481237755e-24,"3","FBRSL1"
2.42552969574319e-28,0.489976209296526,0.04,0.215,7.79832052478391e-24,"3","DPYD"
2.46914776801188e-28,0.263491066365577,0.041,0.217,7.93855698893499e-24,"3","C6orf106"
2.56957027902571e-28,0.452193882819439,0.067,0.266,8.26142540409556e-24,"3","KIZ"
2.72795090108168e-28,0.349415324603117,0.049,0.233,8.77063494206771e-24,"3","MTPN"
2.76461159130368e-28,0.3586329172258,0.04,0.214,8.88850272720046e-24,"3","TTC28-AS1"
3.08014530850192e-28,0.701997063621411,0.046,0.226,9.90297518136454e-24,"3","BRF1"
3.12858708026736e-28,0.370949676517448,0.044,0.224,1.00587203217676e-23,"3","TTC14"
3.32342018552575e-28,0.428369501780109,0.058,0.249,1.06851282384838e-23,"3","IL33"
3.43182419050054e-28,0.304017914583272,0.037,0.209,1.10336579548783e-23,"3","AC011495.1"
3.46337555294848e-28,0.34298957652503,0.049,0.233,1.11350987402847e-23,"3","CD40"
3.92468413469358e-28,0.437781252901849,0.042,0.218,1.26182519614533e-23,"3","STIP1"
4.15025410478574e-28,0.271929526384784,0.04,0.213,1.33434819722966e-23,"3","DDX18"
4.34518798963272e-28,0.708144166212021,0.054,0.241,1.39702139054682e-23,"3","MITF"
4.42058582160311e-28,0.388927505216793,0.051,0.234,1.42126254750362e-23,"3","UBR5"
4.55041207369119e-28,0.370092719160942,0.038,0.211,1.46300298581245e-23,"3","ZNF516"
4.60431806458106e-28,0.445545007161922,0.046,0.224,1.48033430094346e-23,"3","C11orf24"
4.60859767291969e-28,0.344339056286011,0.04,0.213,1.48171023782041e-23,"3","CREBRF"
4.72361461101575e-28,0.330101755605447,0.061,0.253,1.51868933358767e-23,"3","NAE1"
4.99198771631571e-28,0.265772496633836,0.048,0.229,1.60497397067267e-23,"3","AGFG1"
6.35586753618121e-28,0.65599409222226,0.058,0.248,2.04347497155762e-23,"3","MAGI2"
6.76893853609619e-28,0.393170601565185,0.041,0.215,2.17628142874028e-23,"3","BCAS3"
6.80704023774588e-28,0.301993512557645,0.037,0.208,2.18853150683768e-23,"3","MTMR6"
7.14169303861215e-28,0.548921793431941,0.052,0.236,2.29612572884419e-23,"3","C22orf39"
7.91281755216733e-28,0.251342827360918,0.046,0.224,2.54404997119732e-23,"3","MIR497HG"
8.78605506969348e-28,0.516196825517992,0.054,0.24,2.82480456545715e-23,"3","AC022387.1"
8.94574102760396e-28,0.574215898617248,0.054,0.24,2.87614519778495e-23,"3","SLC25A37"
9.18996424920019e-28,0.283575638431399,0.052,0.235,2.95466540576035e-23,"3","OLA1"
9.22656947313783e-28,0.68329576294737,0.048,0.228,2.96643435130855e-23,"3","BDH2"
1.00897384593048e-27,0.437747193685162,0.033,0.199,3.24395181205107e-23,"3","NES"
1.0157593430743e-27,0.269954129566573,0.041,0.214,3.26576786391817e-23,"3","JAGN1"
1.02186212777681e-27,0.295014164802111,0.063,0.255,3.28538892701523e-23,"3","RBMS3"
1.04302878554345e-27,0.290683897805452,0.043,0.218,3.35344184840074e-23,"3","RPRD1A"
1.06891127450656e-27,0.741734265650385,0.062,0.253,3.43665663866603e-23,"3","NPLOC4"
1.23423074609069e-27,0.280012887009575,0.042,0.216,3.96817527175619e-23,"3","AC034206.1"
1.32124549452239e-27,0.600788085475181,0.066,0.259,4.24793638943895e-23,"3","MRFAP1L1"
1.49854439079598e-27,0.342676645353084,0.038,0.208,4.81797007084816e-23,"3","PPP1R9B"
1.51010064682455e-27,0.747932487985314,0.049,0.23,4.85512458960561e-23,"3","MECP2"
1.62290479129819e-27,0.336310885460309,0.059,0.248,5.21780119450281e-23,"3","NNT"
1.66888259484285e-27,0.302262955044428,0.035,0.201,5.36562443067924e-23,"3","GXYLT2"
2.02826448762251e-27,0.275222089651993,0.033,0.198,6.52107315415512e-23,"3","NME7"
2.03039034882658e-27,0.362407637449381,0.036,0.203,6.52790801051235e-23,"3","SLC2A1"
2.16637528414999e-27,0.432086500051157,0.052,0.234,6.96511317607065e-23,"3","ARL8B"
2.36119600148811e-27,0.490701690260809,0.057,0.242,7.59148126438444e-23,"3","CC2D2A"
2.47405054320049e-27,0.4390830103768,0.051,0.231,7.95431990144391e-23,"3","ETS1"
2.50624676766362e-27,0.281800715447165,0.043,0.217,8.05783398271529e-23,"3","CTCF"
2.51434324462757e-27,0.388295372961746,0.037,0.205,8.08386496580212e-23,"3","CNIH2"
2.86696191734994e-27,0.344337844257694,0.04,0.209,9.21756926047179e-23,"3","RHBDF1"
2.99859927513127e-27,0.70779185111832,0.066,0.258,9.64079652947454e-23,"3","TRIB1"
3.10197098481795e-27,0.350551019237334,0.057,0.241,9.9731469132882e-23,"3","CPSF1"
3.44656729341487e-27,0.339214168707475,0.049,0.228,1.10810585050581e-22,"3","MIA3"
3.44723158760247e-27,0.442261209239202,0.038,0.207,1.10831942773007e-22,"3","RIMKLB"
3.8050520749688e-27,0.621014594720946,0.061,0.249,1.22336229262322e-22,"3","RPS15AP17"
4.05961303142516e-27,0.381336954451524,0.036,0.202,1.3052061857335e-22,"3","AL353807.3"
4.09936091955055e-27,0.536541496626028,0.053,0.235,1.3179855292447e-22,"3","POM121C"
4.19734905901328e-27,0.328353357890162,0.047,0.223,1.34948969596336e-22,"3","SNHG16"
4.19793970098331e-27,0.450181502828275,0.044,0.218,1.34967959326314e-22,"3","PLEKHA4"
4.19816468496181e-27,0.271246426235197,0.037,0.204,1.34975192786207e-22,"3","FO704657.1"
4.61970238082406e-27,0.332678046723584,0.059,0.245,1.48528051245874e-22,"3","ARFGAP1"
4.77409584041419e-27,0.294376392219142,0.033,0.196,1.53491955365157e-22,"3","AC135048.2"
4.87769781961817e-27,0.297852789425698,0.044,0.218,1.56822862598544e-22,"3","CHKB"
4.99080426684722e-27,0.702229695552647,0.049,0.227,1.60459347983405e-22,"3","NPIPB4"
5.45574569673976e-27,0.546509155263698,0.046,0.219,1.7540767989588e-22,"3","MPV17"
5.48285086855485e-27,0.491346925206813,0.041,0.211,1.76279138274907e-22,"3","AL020996.2"
5.56819216306306e-27,0.288546786033793,0.049,0.227,1.7902294623464e-22,"3","FAF1"
5.6601267738663e-27,0.312630310036513,0.042,0.212,1.81978735906575e-22,"3","HACD4"
5.69651377609869e-27,0.819256285760838,0.064,0.255,1.83148614415349e-22,"3","CLASP1"
6.04105490355889e-27,0.514723746990609,0.063,0.252,1.94225956204322e-22,"3","CDC34"
6.06425740253006e-27,0.517108993445368,0.038,0.206,1.94971939748744e-22,"3","SARNP"
6.27817540067717e-27,0.47809344348694,0.041,0.21,2.01849617307172e-22,"3","CDYL"
6.29976960968965e-27,0.513356811249449,0.042,0.213,2.02543892721132e-22,"3","AL137127.1"
6.52180955097479e-27,0.496851930867191,0.04,0.207,2.0968269887339e-22,"3","ARHGAP35"
6.66312810212007e-27,0.280768056881387,0.051,0.228,2.14226231611262e-22,"3","CREBL2"
6.66720896634692e-27,0.379042063526301,0.047,0.222,2.1435743547702e-22,"3","EVL"
7.34775150327397e-27,0.468845342968748,0.048,0.224,2.36237558581762e-22,"3","TMEM79"
7.35224435372068e-27,0.528736960216583,0.047,0.222,2.36382008216474e-22,"3","NSUN5P2"
7.36079813150302e-27,0.550613256142875,0.053,0.233,2.36657020725954e-22,"3","PRKRA-AS1"
7.65444848412842e-27,0.331454530747445,0.027,0.183,2.46098173213213e-22,"3","SERTAD3"
8.20472375559956e-27,0.47957902577434,0.043,0.214,2.63790073466281e-22,"3","BECN1"
8.45533355524224e-27,0.296974819059239,0.035,0.197,2.71847429134593e-22,"3","YIF1B"
8.50614271657247e-27,0.624848813256643,0.059,0.244,2.73480994480521e-22,"3","UBE2E3"
8.67579103587084e-27,0.480552334680454,0.049,0.226,2.78935357594283e-22,"3","ZNF331"
9.56956990000821e-27,0.355763675037979,0.044,0.216,3.07671241855164e-22,"3","SAMM50"
9.89177101999204e-27,0.564605072040441,0.053,0.233,3.18030330063764e-22,"3","PRPF4B"
1.06712414902174e-26,0.330798327202982,0.048,0.223,3.43091085151979e-22,"3","DPF2"
1.07540242516925e-26,0.292945975017737,0.048,0.223,3.45752633716166e-22,"3","GTF3C3"
1.08590718481123e-26,0.550552161143349,0.043,0.213,3.49130018988658e-22,"3","RGL2"
1.10421514905676e-26,0.662766753622942,0.053,0.233,3.55016212573239e-22,"3","FAM217A"
1.11142183392142e-26,0.313464698287775,0.028,0.185,3.57333233824076e-22,"3","EGLN2"
1.11698891924584e-26,0.483299376475253,0.04,0.207,3.5912310742673e-22,"3","DNMT1"
1.15030065394276e-26,0.275989989643732,0.041,0.209,3.69833163249135e-22,"3","DBN1"
1.16118166478029e-26,0.41829326108338,0.035,0.197,3.73331517043511e-22,"3","BST1"
1.16717617492163e-26,0.284409439985011,0.033,0.195,3.75258811999052e-22,"3","SMARCAD1"
1.29386498553882e-26,0.353394404997815,0.022,0.173,4.15990531500585e-22,"3","SBNO1"
1.29914770657072e-26,0.410366312307188,0.052,0.229,4.17688979139553e-22,"3","USP25"
1.33706558342146e-26,0.335076200056854,0.028,0.185,4.29879955725832e-22,"3","GATD1"
1.37179906745146e-26,0.419304694858261,0.046,0.217,4.4104711817632e-22,"3","CA5B"
1.4155807607874e-26,0.509050640192123,0.049,0.225,4.55123370400755e-22,"3","PRKAG2"
1.48250352354791e-26,0.316969301911922,0.047,0.22,4.76639707855889e-22,"3","SCX"
1.56853624007381e-26,0.336158458305369,0.044,0.215,5.0430008654613e-22,"3","RYK"
1.60188634248219e-26,0.290168358073425,0.042,0.211,5.1502247797145e-22,"3","RPSAP12"
1.64348069386606e-26,0.417948156751858,0.052,0.229,5.28395477884877e-22,"3","MTSS1"
1.71703784232012e-26,0.432440628157379,0.056,0.236,5.52044836684341e-22,"3","SGTA"
1.77593635170385e-26,0.330321466233654,0.04,0.206,5.70981296436306e-22,"3","AC010226.1"
1.80715858801641e-26,0.442816866592819,0.036,0.198,5.81019557633156e-22,"3","MMP19"
1.84717459545941e-26,0.400966456139322,0.042,0.21,5.93885104186154e-22,"3","LYPLA1"
1.90965115913791e-26,0.911524246203855,0.058,0.24,6.13971944174429e-22,"3","KCTD3"
1.9147368153463e-26,0.346074833093546,0.043,0.212,6.15607033501989e-22,"3","ASB6"
2.00600991762814e-26,0.295348606407643,0.037,0.2,6.44952248616623e-22,"3","ATP6V1A"
2.29370291878766e-26,0.396201714749696,0.047,0.219,7.37448425419422e-22,"3","KIAA0232"
2.3914168837809e-26,0.477711218406134,0.04,0.205,7.68864442304399e-22,"3","MAP2K1"
2.67797535270931e-26,0.321155921254719,0.047,0.218,8.6099585564957e-22,"3","MAST2"
2.78373128676517e-26,0.460978534553538,0.038,0.202,8.9499744600787e-22,"3","NT5DC1"
2.79277117464404e-26,0.454890328167831,0.048,0.221,8.97903860359806e-22,"3","NDUFAF8"
2.82238390863485e-26,0.740330280990124,0.054,0.233,9.07424650465189e-22,"3","NFATC2"
2.82937675153414e-26,0.259203251193784,0.038,0.202,9.09672919385743e-22,"3","CIZ1"
2.89487786274027e-26,0.414609179425729,0.053,0.23,9.30732181649625e-22,"3","AKAP13"
2.91755419948055e-26,0.930638850967043,0.079,0.278,9.38022850674991e-22,"3","EIF4G3"
3.02604658165305e-26,0.625360118627752,0.044,0.213,9.72904236467274e-22,"3","BIRC6"
3.05226564476686e-26,0.681432244214968,0.054,0.232,9.81333927448993e-22,"3","RREB1"
3.1255825518749e-26,0.765704241170613,0.058,0.239,1.0049060462533e-21,"3","UCKL1"
3.18156002346609e-26,0.473335870396306,0.04,0.204,1.02290336314458e-21,"3","HDAC4"
3.20625372027294e-26,0.303195914717218,0.042,0.209,1.03084263360495e-21,"3","CAMSAP2"
3.21893331056419e-26,0.508281476340174,0.037,0.2,1.03491924867949e-21,"3","SDR39U1"
3.34659371756615e-26,0.57910316979952,0.077,0.273,1.07596334613469e-21,"3","HDAC9"
3.51624342729219e-26,0.389783039083639,0.053,0.23,1.13050742430871e-21,"3","FAM76B"
3.61734686920204e-26,0.411479304137471,0.051,0.225,1.16301319191715e-21,"3","PHF14"
3.68205682780081e-26,0.326993757026582,0.059,0.24,1.18381809070624e-21,"3","CASKIN2"
3.81745771191152e-26,0.308609544061602,0.042,0.208,1.22735082895667e-21,"3","RASIP1"
3.88476935577229e-26,0.394067553712813,0.025,0.175,1.24899219557435e-21,"3","DLG1"
4.00577245783387e-26,0.976530687109147,0.079,0.278,1.28789590291817e-21,"3","JMY"
4.16703583591956e-26,0.598157398843782,0.048,0.22,1.3397436916065e-21,"3","ADGRL3-AS1"
4.17436094076107e-26,0.298259910628687,0.035,0.194,1.34209878606409e-21,"3","CASP17P"
4.25194714026087e-26,0.329399804478819,0.043,0.211,1.36704352506527e-21,"3","CNPY2"
4.8318031377603e-26,0.622330751385084,0.035,0.194,1.55347302682131e-21,"3","CP"
4.83670533183439e-26,0.363482042156718,0.048,0.22,1.55504913123807e-21,"3","JDP2"
5.01689902274544e-26,0.399307127845293,0.043,0.211,1.61298320480289e-21,"3","NIPBL"
5.05793961488774e-26,0.632455692496148,0.054,0.232,1.62617816558256e-21,"3","IRF7"
5.39886967215493e-26,0.369544504828025,0.063,0.247,1.73579058829453e-21,"3","SEC16A"
5.40994397894659e-26,0.310486778134593,0.037,0.199,1.73935108867112e-21,"3","CCSER2"
5.73438678427023e-26,0.700211116999612,0.069,0.259,1.84366269501072e-21,"3","CSGALNACT1"
5.81693068138752e-26,0.311079909881937,0.043,0.21,1.8702013833729e-21,"3","DENND6A"
6.12809516931453e-26,0.521406377005339,0.051,0.224,1.97024387788631e-21,"3","SMC1A"
6.34171475242388e-26,0.576855249411333,0.042,0.208,2.0389247100518e-21,"3","PSMB8-AS1"
6.59274040736578e-26,0.735526892417965,0.074,0.268,2.11963196837217e-21,"3","AC124319.2"
6.69746650471443e-26,0.530964446201688,0.046,0.215,2.15330245593074e-21,"3","GPM6A"
6.73513131907095e-26,0.370822576294733,0.041,0.205,2.1654120703945e-21,"3","SNX27"
6.74183776890982e-26,0.79655787370572,0.066,0.251,2.1675682610822e-21,"3","GGA1"
7.20630687754015e-26,0.293228990621186,0.04,0.202,2.31689972419794e-21,"3","THSD1"
7.21509325870808e-26,0.385124555843563,0.044,0.212,2.31972463360723e-21,"3","AL117348.2"
7.51750813763654e-26,0.603555194861886,0.044,0.212,2.41695404133153e-21,"3","TMEM131"
7.56402155097109e-26,0.290062746954482,0.031,0.186,2.43190856885272e-21,"3","AC008763.3"
7.74419212753379e-26,0.729324646793869,0.047,0.217,2.48983521092339e-21,"3","CCDC73"
7.85965311483177e-26,0.263072274223593,0.038,0.2,2.52695707294956e-21,"3","NECAB1"
8.1523104829685e-26,0.465729435873149,0.048,0.219,2.6210493433792e-21,"3","MRPL10"
8.565919849165e-26,0.643107347361703,0.051,0.223,2.75402889070504e-21,"3","SERPINA3"
9.0526051084413e-26,0.591229334318098,0.067,0.253,2.91050306841496e-21,"3","MUC1"
9.22461406484505e-26,0.282969216535707,0.04,0.202,2.96580566798833e-21,"3","ZNF274"
9.81212820426205e-26,0.369174235306747,0.041,0.204,3.15469733895229e-21,"3","IFI27L1"
9.82466450548534e-26,0.565388190065679,0.037,0.197,3.15872788515859e-21,"3","SLC52A2"
9.9659578524458e-26,0.289396010251173,0.038,0.2,3.20415510913985e-21,"3","DVL2"
1.0479076349753e-25,0.394098974001691,0.054,0.229,3.36912783720908e-21,"3","TEK"
1.06837791719115e-25,0.304658986572088,0.03,0.183,3.43494184156127e-21,"3","LETMD1"
1.0941475972987e-25,0.551770804423497,0.044,0.211,3.51779394007506e-21,"3","MT-TI"
1.20594079562772e-25,0.586478686069888,0.056,0.232,3.87722025202268e-21,"3","WBP11"
1.23782720312531e-25,0.429342169791955,0.032,0.188,3.9797382407682e-21,"3","MTIF3"
1.33079772934794e-25,0.631397492072129,0.043,0.208,4.27864777962655e-21,"3","AL354740.1"
1.35133279103295e-25,0.59424579155629,0.058,0.236,4.34467005645003e-21,"3","FBXL7"
1.40003491402267e-25,0.741642564398794,0.044,0.211,4.5012522520743e-21,"3","PUM3"
1.41835137512592e-25,0.371531196697699,0.043,0.208,4.56014150616734e-21,"3","PRCC"
1.43200820227459e-25,0.663185197598266,0.048,0.218,4.60404957113303e-21,"3","AC058822.1"
1.52213590983968e-25,0.312482935510518,0.038,0.198,4.89381916372556e-21,"3","RABGAP1L"
1.53296797785972e-25,0.495773694546253,0.032,0.187,4.92864534561679e-21,"3","CDC27"
1.56219525029346e-25,0.307436811481497,0.038,0.199,5.0226139492185e-21,"3","HTATIP2"
1.56883952691124e-25,0.475639716779523,0.044,0.21,5.04397596297233e-21,"3","ZNF44"
1.57961923049187e-25,0.540406557716876,0.021,0.165,5.07863378795441e-21,"3","CXCR4"
1.59864237463651e-25,0.475223745406114,0.042,0.206,5.13979509869385e-21,"3","AC000089.1"
1.75804389857504e-25,0.556813813264583,0.04,0.201,5.65228693830862e-21,"3","AP002807.1"
1.76219828802622e-25,1.08374113455098,0.229,0.57,5.66564371583309e-21,"3","MMP14"
1.85771444651771e-25,0.30873818544317,0.051,0.221,5.97273771699909e-21,"3","SMARCD2"
1.88750707125388e-25,0.345404468595708,0.047,0.214,6.06852398478836e-21,"3","PRKCH"
1.96423910706579e-25,0.283208827195943,0.028,0.179,6.31522515312722e-21,"3","MCRS1"
2.03580227763661e-25,0.501020458571118,0.038,0.198,6.54530790282948e-21,"3","TRMT1"
2.20065216723759e-25,0.842157652142968,0.096,0.306,7.07531678288558e-21,"3","ARHGAP26"
2.29166789509042e-25,0.666846224571578,0.047,0.214,7.3679414495052e-21,"3","SYNC"
2.35509467779075e-25,0.291334347993254,0.033,0.188,7.57186489856503e-21,"3","YLPM1"
2.43340223326282e-25,0.27952293007298,0.028,0.179,7.82363152016328e-21,"3","HAS3"
2.48356567371101e-25,0.362863874542783,0.043,0.207,7.98491199754826e-21,"3","MT-TW"
2.53654955419493e-25,0.379099184531281,0.036,0.193,8.1552604716921e-21,"3","RUSC1"
2.59575129055872e-25,0.417496259013393,0.042,0.204,8.34559997427533e-21,"3","C11orf68"
2.64048736585455e-25,0.48374497102791,0.051,0.221,8.48943092995895e-21,"3","ARHGAP6"
2.7228233664646e-25,0.258398623325094,0.036,0.193,8.75414940552034e-21,"3","BTN2A1"
2.73122001158244e-25,0.318930179532225,0.027,0.176,8.78114545923869e-21,"3","ZRANB3"
2.88003649424699e-25,0.420042096400174,0.028,0.178,9.25960533265351e-21,"3","ADIPOR2"
3.28518005365029e-25,0.278895074610487,0.049,0.218,1.0562182390491e-20,"3","AC025682.1"
3.51712168045951e-25,0.773457063672661,0.057,0.232,1.13078979148454e-20,"3","TAOK2"
3.60283763092091e-25,0.495861360075399,0.038,0.197,1.15834832671738e-20,"3","MFSD6"
3.83431336276568e-25,0.498637166965064,0.051,0.22,1.23277008926279e-20,"3","ZDHHC14"
3.87449763073673e-25,0.758182119423692,0.082,0.278,1.24568973325817e-20,"3","RUNX1"
3.92882109872029e-25,0.25666601011177,0.033,0.187,1.26315527144956e-20,"3","RRP7A"
3.96374702428313e-25,0.469600062131145,0.04,0.199,1.27438430577727e-20,"3","ACAT2"
4.16058738954036e-25,0.298636923784277,0.036,0.192,1.33767045161112e-20,"3","CEMIP2"
4.17696940444529e-25,0.49760928125546,0.025,0.171,1.3429374332232e-20,"3","CPVL"
4.41838037012494e-25,0.593732203100597,0.041,0.201,1.42055347279887e-20,"3","CLSTN3"
4.62527541656277e-25,0.497887407358778,0.041,0.201,1.4870722991791e-20,"3","TM9SF4"
4.8895672307519e-25,0.334401456699035,0.036,0.191,1.57204476035904e-20,"3","GNG7"
4.93671672129393e-25,0.693922087997077,0.061,0.238,1.58720379306321e-20,"3","CCDC39"
4.96314550629808e-25,0.313440998332674,0.028,0.177,1.5957009117299e-20,"3","TRIP4"
4.99100482568421e-25,0.755703441472438,0.035,0.189,1.60465796150573e-20,"3","FITM2"
5.00628911813735e-25,0.487021413768059,0.054,0.226,1.60957201437234e-20,"3","NUDT16"
5.1333734665299e-25,0.416844157965395,0.054,0.226,1.65043090322403e-20,"3","EMC9"
5.52950403761464e-25,0.723581140046657,0.059,0.235,1.77779084313348e-20,"3","RALGAPA2"
5.89711901285634e-25,0.289432754922814,0.044,0.208,1.89598273382344e-20,"3","C5orf56"
5.92050319019917e-25,0.32585566252051,0.032,0.184,1.90350098068094e-20,"3","CBWD1"
6.02316170451755e-25,0.64353001561593,0.051,0.219,1.93650671961944e-20,"3","FAM13B"
6.07677158941637e-25,0.307881115245508,0.046,0.21,1.95374283371326e-20,"3","ATF2"
6.33017049171542e-25,0.265677593555678,0.038,0.195,2.03521311479142e-20,"3","PPP2R2A"
6.73857982374844e-25,0.358328013240118,0.033,0.186,2.16652079913336e-20,"3","DYNLT3"
7.04933030515748e-25,0.553768144357768,0.038,0.195,2.26643018641118e-20,"3","NEK6"
7.26078174276714e-25,0.689554434687693,0.062,0.239,2.33441393811706e-20,"3","UBR4"
7.34954864341274e-25,0.635447805658591,0.052,0.221,2.36295338434363e-20,"3","WDR38"
7.73649508429066e-25,0.532761218537539,0.033,0.186,2.48736053455029e-20,"3","NAPG"
8.11343602434897e-25,0.281865190386794,0.063,0.241,2.60855081618844e-20,"3","NUAK1"
9.68147786015368e-25,0.588708579306715,0.061,0.236,3.11269194681801e-20,"3","LUC7L"
9.78470181258834e-25,0.593758685858735,0.042,0.202,3.14587947976528e-20,"3","ASH2L"
1.07840875759068e-24,0.63002288282003,0.052,0.22,3.46719199652981e-20,"3","TMX3"
1.0913496938934e-24,0.449081408867805,0.042,0.201,3.50879840083668e-20,"3","CAPG"
1.09861248549719e-24,0.268570072045801,0.043,0.204,3.53214900212202e-20,"3","HEXIM1"
1.16736121916496e-24,0.742262825812551,0.074,0.261,3.75318305573727e-20,"3","TRAK1"
1.17429855421286e-24,0.549215852217489,0.051,0.217,3.77548728164978e-20,"3","TWIST1"
1.18588977860119e-24,0.297322132503025,0.027,0.173,3.81275422718069e-20,"3","GNA13"
1.25205663101318e-24,0.576485904794938,0.032,0.183,4.02548727437048e-20,"3","KYAT3"
1.28410125806145e-24,0.257889387767488,0.035,0.187,4.12851395479335e-20,"3","CRY1"
1.37288949725929e-24,0.431791292455368,0.032,0.182,4.41397702263834e-20,"3","C12orf10"
1.53906679288556e-24,0.389017913004379,0.031,0.18,4.94825364580636e-20,"3","TMEM101"
1.5810887921453e-24,0.267194732001423,0.043,0.203,5.08335857562635e-20,"3","LARP4"
1.58345553242083e-24,0.336640124040626,0.038,0.193,5.09096788228622e-20,"3","DNAJC13"
1.60607294807525e-24,0.380055638083938,0.062,0.238,5.16368513535672e-20,"3","HEXA"
1.62710781861312e-24,0.403742925400466,0.04,0.196,5.23131434762306e-20,"3","AP000781.2"
1.62855342990853e-24,0.45377965063703,0.027,0.172,5.23596213249891e-20,"3","MTMR9LP"
1.63127648753914e-24,0.440151924298831,0.03,0.177,5.2447170350871e-20,"3","AC020915.1"
1.65058451715123e-24,0.792188210700717,0.037,0.191,5.30679428109292e-20,"3","FAM192A"
1.82386560809259e-24,0.4464462369049,0.043,0.203,5.86391031657848e-20,"3","SKIL"
1.86564071802406e-24,0.643677660741898,0.07,0.253,5.99822147251915e-20,"3","BAHCC1"
1.96859431601587e-24,0.420273760104387,0.062,0.237,6.32922758542264e-20,"3","TLK2"
1.97722406888749e-24,0.578883572187816,0.036,0.189,6.35697310388018e-20,"3","BRWD1"
2.03490262983239e-24,0.470271152189044,0.046,0.207,6.54241544517413e-20,"3","ARFGEF1"
2.08263540850645e-24,0.271826015622933,0.032,0.182,6.69588110188909e-20,"3","PHACTR2"
2.08558017944398e-24,0.681077127389673,0.049,0.214,6.70534883493033e-20,"3","NOL9"
2.17068143942767e-24,0.597247546069443,0.037,0.191,6.9789578959039e-20,"3","GPATCH8"
2.25026827340675e-24,0.263673546083267,0.027,0.172,7.23483752583004e-20,"3","DYM"
2.34932354595821e-24,0.293998256877269,0.035,0.186,7.55331013261025e-20,"3","AC025043.1"
2.46123293594081e-24,0.256029795045923,0.026,0.169,7.91311001234329e-20,"3","PDS5B"
2.51705981755008e-24,0.392310753890113,0.033,0.183,8.09259901940526e-20,"3","CCNT1"
2.65744640780547e-24,0.605018312448881,0.054,0.222,8.54395594573538e-20,"3","BABAM2"
2.70478233410179e-24,0.553850111482323,0.048,0.211,8.69614568237067e-20,"3","PALM"
2.73882343061557e-24,0.611400889370092,0.064,0.24,8.80559121177213e-20,"3","SKAP2"
2.7801120438331e-24,0.552689135613269,0.054,0.222,8.9383382321278e-20,"3","RHOT1"
3.00929509793453e-24,0.753331533013738,0.056,0.224,9.6751846693693e-20,"3","ARMCX2"
3.02322311859667e-24,0.420564616269088,0.052,0.218,9.71996464860014e-20,"3","USP53"
3.0848636572053e-24,0.329396615047343,0.038,0.193,9.91814514428075e-20,"3","ATF1"
3.1601284031927e-24,0.635128935554752,0.082,0.272,1.01601288291048e-19,"3","CDC25B"
3.30068883235907e-24,0.681349148448426,0.035,0.185,1.06120446649177e-19,"3","RNF4"
3.56882179227332e-24,0.442024253458185,0.037,0.19,1.1474118944338e-19,"3","AC093668.1"
3.92180140689525e-24,0.355282390429887,0.03,0.175,1.26089837033089e-19,"3","AMZ2"
3.93467475635039e-24,0.406801447089836,0.035,0.185,1.26503728091421e-19,"3","ARMCX5-GPRASP2"
3.94248604982641e-24,0.318058091643547,0.035,0.184,1.26754868987969e-19,"3","LINC00667"
4.22441291676777e-24,0.362247197746656,0.028,0.173,1.35819099687001e-19,"3","RSPH9"
4.30187358473433e-24,0.562394266300074,0.056,0.224,1.38309537622794e-19,"3","PPFIBP1"
4.43650624727572e-24,0.263417192792478,0.036,0.187,1.42638112356162e-19,"3","ZER1"
4.53691256787288e-24,0.455660020447707,0.057,0.226,1.45866275969681e-19,"3","STXBP3"
4.90077422819002e-24,0.36353846562753,0.043,0.2,1.57564792210537e-19,"3","ARL15"
5.40082531096843e-24,0.660597039655243,0.046,0.205,1.73641934572946e-19,"3","FRG1HP"
5.43230209919038e-24,0.641216395602695,0.043,0.2,1.7465394479107e-19,"3","GRIPAP1"
5.50282116990824e-24,0.518305975956153,0.056,0.223,1.7692120343372e-19,"3","TLK1"
5.65480636813745e-24,0.464476648995705,0.044,0.202,1.81807679541987e-19,"3","PARP6"
5.89225448736653e-24,0.579618255931251,0.035,0.184,1.89441874023321e-19,"3","PFKFB3"
6.19429837273109e-24,0.747317886411374,0.053,0.219,1.99152886981677e-19,"3","KANSL1"
6.42502124987673e-24,0.336371484837477,0.038,0.191,2.06570858204787e-19,"3","AC109460.3"
6.58193981856816e-24,0.412508957455967,0.031,0.177,2.11615947106785e-19,"3","CCDC130"
7.15873603402665e-24,0.373144216023855,0.043,0.2,2.30160522229991e-19,"3","UBR2"
7.19197843013154e-24,0.339050639247026,0.048,0.209,2.31229298507159e-19,"3","MEIS1"
7.2474453408755e-24,0.475245228161971,0.031,0.176,2.33012615154488e-19,"3","APH1B"
7.32071951729396e-24,0.522629799130565,0.051,0.213,2.35368453200518e-19,"3","SPHK1"
7.57147468863188e-24,0.672033005147711,0.043,0.2,2.43430482714204e-19,"3","GALM"
8.14174397372958e-24,0.440121572185505,0.031,0.176,2.6176521049938e-19,"3","SLC37A3"
8.39837361692666e-24,0.585980063230214,0.04,0.192,2.70016110157809e-19,"3","RMDN3"
8.44439747444342e-24,0.640635121295426,0.059,0.229,2.7149582320083e-19,"3","RAB23"
8.62900133923689e-24,0.311148150545701,0.047,0.206,2.77431022057805e-19,"3","AKIRIN2"
8.71188396950463e-24,0.256020269039675,0.028,0.171,2.80095781503543e-19,"3","ICE1"
8.7296283333318e-24,0.725199281570818,0.058,0.227,2.80666280544951e-19,"3","AC008537.1"
9.15104941590663e-24,0.253663780334738,0.033,0.181,2.94215389770814e-19,"3","SFSWAP"
9.58207013463005e-24,0.423153847782482,0.037,0.187,3.08073136898491e-19,"3","KIAA0040"
1.01482091645501e-23,0.424953146773854,0.037,0.188,3.26275072849451e-19,"3","KLHL24"
1.03365435701036e-23,0.569395325357412,0.036,0.185,3.323302123224e-19,"3","DNM1L"
1.05719873413177e-23,0.671151855625486,0.031,0.175,3.39899965010705e-19,"3","PPM1K"
1.10168038731849e-23,0.351034087694704,0.027,0.168,3.54201261326769e-19,"3","8-Sep"
1.1118772216056e-23,0.352110195150418,0.025,0.163,3.57479645518416e-19,"3","TUBGCP6"
1.12152723449544e-23,0.417171072402359,0.044,0.201,3.6058222116263e-19,"3","DUSP12"
1.22731908020372e-23,0.493805175555346,0.03,0.173,3.945953574763e-19,"3","SCRN2"
1.24730397246767e-23,0.384285055377768,0.036,0.185,4.01020700188079e-19,"3","ITM2A"
1.30854525577367e-23,0.609895843209584,0.043,0.199,4.20710385183793e-19,"3","FCHSD2"
1.35130894459324e-23,0.299562597048814,0.035,0.182,4.34459338776173e-19,"3","SPRYD7"
1.37414658558799e-23,0.669141023200863,0.042,0.196,4.41801868732394e-19,"3","EXT1"
1.37813488543865e-23,0.313862349304318,0.032,0.177,4.43084147017381e-19,"3","YY1AP1"
1.43531598061687e-23,0.672398032265439,0.062,0.233,4.61468440928129e-19,"3","ABCD4"
1.44384474384481e-23,0.379268337589505,0.037,0.187,4.64210523593545e-19,"3","AL365273.2"
1.44395435530062e-23,0.426770455483282,0.044,0.201,4.64245764772701e-19,"3","ARL2BP"
1.44537146326312e-23,0.272523534250424,0.025,0.163,4.64701379153725e-19,"3","PHYHIP"
1.45913999996942e-23,0.485044770573586,0.028,0.17,4.69128101390167e-19,"3","AC108488.2"
1.46149819983447e-23,0.59724677552642,0.031,0.175,4.6988628622878e-19,"3","UBE2O"
1.47766414722381e-23,0.738030512813406,0.033,0.179,4.75083799973928e-19,"3","FKBP15"
1.50384280622362e-23,0.327089764957392,0.043,0.198,4.83500500628957e-19,"3","AC026464.4"
1.50719314400251e-23,0.461636617773373,0.04,0.191,4.84577667728247e-19,"3","RCC1"
1.56071152004115e-23,0.453880539162307,0.054,0.219,5.01784360808431e-19,"3","ABL2"
1.58199712333266e-23,0.253428038315211,0.041,0.194,5.08627895122682e-19,"3","FMR1"
1.65108673780768e-23,0.410420517714569,0.038,0.188,5.30840897072548e-19,"3","MTOR"
1.68068953849724e-23,0.395607129288322,0.036,0.184,5.40358493522247e-19,"3","ERLIN2"
1.73448590834275e-23,0.553184303555836,0.021,0.156,5.57654564391276e-19,"3","HAVCR2"
1.7694324416947e-23,0.402078657289988,0.04,0.191,5.68890224329264e-19,"3","GBE1"
1.85800022998763e-23,0.28747948710682,0.032,0.177,5.97365653943321e-19,"3","MSRA"
1.91399765742295e-23,0.492114437083626,0.04,0.191,6.15369386838053e-19,"3","KANSL1L"
2.00629568540701e-23,0.437958392402879,0.032,0.177,6.45044125815209e-19,"3","C20orf194"
2.07382024547742e-23,0.368815540038656,0.038,0.188,6.66753947123447e-19,"3","DOCK1"
2.24875027969816e-23,0.988634162702546,0.068,0.243,7.22995702425755e-19,"3","EEA1"
2.40907823255556e-23,0.349476483772836,0.048,0.206,7.74542742548938e-19,"3","FRMD6"
2.49133649718292e-23,0.465601682762548,0.048,0.206,8.00989597209282e-19,"3","FAM208A"
2.55142510027741e-23,0.800241136770428,0.054,0.218,8.2030868399019e-19,"3","SLC22A3"
2.60401985742561e-23,0.407982279816782,0.037,0.185,8.37218424360907e-19,"3","MED13"
2.6896043108036e-23,0.352935976017063,0.025,0.162,8.64734681966466e-19,"3","HACL1"
2.75769410055419e-23,0.507992889242436,0.042,0.195,8.86626230269179e-19,"3","AC024940.2"
2.80268985096414e-23,0.627154859066495,0.031,0.173,9.0109281398348e-19,"3","IMPDH1"
2.84795747888464e-23,0.283498673589249,0.035,0.181,9.15646809036201e-19,"3","PDLIM4"
2.87221267957826e-23,0.281879589469974,0.038,0.188,9.23445098611206e-19,"3","NDRG3"
2.88251672145702e-23,0.678978031591477,0.038,0.187,9.26757951115647e-19,"3","ZNF853"
2.99465795715135e-23,0.334365108075746,0.04,0.19,9.6281247980373e-19,"3","PCGF2"
3.00568602855371e-23,0.33867784337991,0.036,0.182,9.66358115040304e-19,"3","OAF"
3.17370458396278e-23,0.45693099741268,0.048,0.206,1.02037776078987e-18,"3","BAX"
3.21634808702509e-23,0.556256856703092,0.042,0.194,1.03408807345944e-18,"3","SATB2"
3.28542561759286e-23,0.316419998534891,0.037,0.185,1.05629719031228e-18,"3","GGA3"
3.35199055468259e-23,0.470745528516471,0.041,0.192,1.077698483236e-18,"3","RTF2"
3.40563625932941e-23,0.360273502731973,0.033,0.178,1.094946113737e-18,"3","FARSB"
3.5522891731771e-23,0.251344756421388,0.04,0.189,1.14209649206817e-18,"3","RUVBL2"
3.61649967334447e-23,0.456651233613319,0.048,0.206,1.16274080997698e-18,"3","VTI1A"
3.74172918675015e-23,0.595804134957941,0.379,0.867,1.20300335083204e-18,"3","SLC35F1"
3.95599802154233e-23,0.354595375540591,0.04,0.189,1.27189292390607e-18,"3","LHFPL3"
4.01250757555054e-23,0.275243086525576,0.042,0.194,1.29006131061526e-18,"3","BCL2L2-PABPN1"
4.3018190818819e-23,0.541991708677507,0.037,0.184,1.38307785301585e-18,"3","AC116366.3"
4.38861162222125e-23,0.461774953935902,0.028,0.168,1.41098252266035e-18,"3","TOR3A"
4.43446157817862e-23,0.379754099220437,0.038,0.186,1.42572374200021e-18,"3","FKBP1C"
4.5395381512599e-23,0.359350381843354,0.046,0.2,1.45950691101157e-18,"3","ZNF106"
4.84024602207456e-23,0.376099490544924,0.033,0.177,1.55618749855719e-18,"3","PCF11"
4.84484532075117e-23,0.300026579966857,0.028,0.168,1.55766621907471e-18,"3","ZNF76"
4.88863904963373e-23,0.296516996075524,0.046,0.2,1.57174634084774e-18,"3","MX2"
4.91869222222135e-23,0.305300913421414,0.044,0.198,1.58140873636639e-18,"3","SNAP23"
5.13930692399658e-23,0.442636277072974,0.046,0.2,1.65233856913414e-18,"3","IL3RA"
5.87622515709099e-23,0.325410554756323,0.032,0.174,1.88926515025633e-18,"3","DERL1"
5.94806070563416e-23,0.298913445206207,0.041,0.191,1.91236099746844e-18,"3","PDZD2"
6.81457089842192e-23,0.808718822159714,0.082,0.265,2.19095268955163e-18,"3","CDH5"
7.66970925446695e-23,0.376886357755279,0.037,0.183,2.46588822240367e-18,"3","CCAR1"
7.66971646158419e-23,0.467380724598174,0.048,0.204,2.46589053956393e-18,"3","GBA2"
8.27661868585602e-23,0.596332164713018,0.046,0.199,2.66101567368957e-18,"3","LARP4B"
8.80888268818784e-23,0.473167490288479,0.025,0.159,2.83214387307927e-18,"3","GNL2"
9.11998906588045e-23,0.366736468786931,0.04,0.187,2.93216768457122e-18,"3","RALGDS"
9.83458376111142e-23,0.471533307488254,0.043,0.194,3.16191702503493e-18,"3","AP2B1"
1.01013181418736e-22,0.375777338492573,0.03,0.168,3.24767479579378e-18,"3","LYRM2"
1.02093646773361e-22,0.318038426548893,0.027,0.164,3.28241283741033e-18,"3","NREP"
1.02132412086212e-22,0.719357225538636,0.04,0.187,3.2836591809838e-18,"3","STAG1"
1.05352671797133e-22,0.368332813798978,0.027,0.164,3.38719375094962e-18,"3","FUZ"
1.05873956414831e-22,1.08156410876808,0.121,0.338,3.40395357269322e-18,"3","SPON2"
1.09334689357387e-22,0.379617902588573,0.04,0.187,3.51521959752934e-18,"3","FBXO3"
1.11034766594846e-22,0.263408154403181,0.036,0.18,3.5698787807909e-18,"3","PPP4R2"
1.14498978882852e-22,0.672787906342153,0.028,0.166,3.68125667006256e-18,"3","USP15"
1.22030355125126e-22,0.342966603654794,0.032,0.173,3.92339794762793e-18,"3","PPTC7"
1.27040167691163e-22,0.455203718843056,0.028,0.166,4.08446843143858e-18,"3","ACCS"
1.36905905696416e-22,0.315283460542144,0.03,0.168,4.40166177404549e-18,"3","MRPL3"
1.37987956124796e-22,0.296268154218965,0.036,0.179,4.4364507773683e-18,"3","TRMT112P6"
1.38846714973612e-22,0.434388210141413,0.03,0.168,4.46406073311659e-18,"3","OSBPL1A"
1.42151284477843e-22,0.415018741690419,0.043,0.193,4.57030594724713e-18,"3","NDST1"
1.45086475637074e-22,0.951965598923178,0.099,0.295,4.66467527820757e-18,"3","LPAR1"
1.46243664110158e-22,0.693693682309118,0.042,0.191,4.7018800448057e-18,"3","ARHGAP21"
1.5016049856378e-22,0.351874989616435,0.031,0.17,4.82781018932409e-18,"3","TMEM25"
1.56801008857246e-22,0.471243493703861,0.042,0.191,5.0413092357693e-18,"3","DCP2"
1.61317174770566e-22,0.497252786023123,0.038,0.184,5.18650848604847e-18,"3","FTSJ3"
1.64679131283723e-22,0.309416567382516,0.041,0.188,5.29459874990298e-18,"3","RNF220"
1.66385683963243e-22,0.811542394333016,0.041,0.189,5.34946612510224e-18,"3","FCHO2"
1.68988343468089e-22,0.416898594933074,0.048,0.202,5.43314423084254e-18,"3","TBL1X"
1.71377534018647e-22,0.324309638614152,0.038,0.184,5.50995909623351e-18,"3","MAML1"
1.76646801215074e-22,0.269594140393604,0.04,0.185,5.67937130586586e-18,"3","IL17RA"
1.8023839161184e-22,0.688183491471491,0.064,0.231,5.79484452871226e-18,"3","RGS16"
1.81566557380605e-22,0.722600233866775,0.051,0.206,5.83754638634385e-18,"3","MOGS"
1.85747434890177e-22,0.479417720752638,0.043,0.193,5.97196577915407e-18,"3","RPSAP9"
1.88410749783003e-22,0.304643342413496,0.035,0.177,6.05759401627333e-18,"3","PLEKHO2"
1.9084887028972e-22,0.654127776073613,0.053,0.211,6.13598202868479e-18,"3","GADD45A"
1.96272720345362e-22,0.310729593071414,0.032,0.172,6.31036423182373e-18,"3","GMPPB"
1.98220812649455e-22,0.729802114846008,0.042,0.19,6.37299734749263e-18,"3","HOOK3"
2.0620084704876e-22,0.297194249109962,0.031,0.169,6.62956343346467e-18,"3","CNOT6"
2.06559081386686e-22,0.257233440755444,0.021,0.15,6.64108102566333e-18,"3","RRM1"
2.07510010588812e-22,0.296165632664001,0.038,0.183,6.67165435044089e-18,"3","WASHC1"
2.1825492453079e-22,0.392662390889191,0.035,0.176,7.01711407858942e-18,"3","HMBOX1"
2.19047842338197e-22,0.353566529230284,0.026,0.16,7.04260717901536e-18,"3","DMGDH"
2.23038852468262e-22,0.34636403083564,0.028,0.164,7.17092214570709e-18,"3","BFAR"
2.45357580141518e-22,0.277317850006047,0.03,0.167,7.88849155912993e-18,"3","HLA-DMA"
2.46062726012267e-22,0.503680017055359,0.037,0.181,7.91116270402038e-18,"3","DLG5"
2.76275208766083e-22,0.446716611041822,0.036,0.178,8.88252423703835e-18,"3","ZACN"
2.91995482053242e-22,0.770947890626881,0.028,0.164,9.38794674349377e-18,"3","DTL"
2.96684238817591e-22,0.278895652422315,0.021,0.15,9.53869496222437e-18,"3","B3GLCT"
3.1393861832344e-22,0.347699628952429,0.032,0.171,1.00934405177169e-17,"3","SLC35C1"
3.29932798692999e-22,0.275981003031878,0.026,0.159,1.06076694107786e-17,"3","FOXC2"
3.41822250186075e-22,0.348999890439292,0.051,0.204,1.09899271657325e-17,"3","ANKRD13D"
3.47487197200372e-22,0.320607680881811,0.037,0.18,1.11720608771892e-17,"3","CDK10"
3.68690331769254e-22,0.960278698392943,0.044,0.194,1.18537628567133e-17,"3","EXOSC8"
3.82474011369695e-22,0.758169849561361,0.037,0.179,1.22969219395471e-17,"3","MTR"
3.84975004593038e-22,0.417886064180133,0.043,0.191,1.23773313726708e-17,"3","NCOR1"
4.04988309964615e-22,0.270736052563386,0.03,0.166,1.30207791536723e-17,"3","ZNF577"
4.07387826526584e-22,0.268971789687325,0.041,0.186,1.30979260106562e-17,"3","MAVS"
4.15481562094711e-22,0.363942884676957,0.033,0.172,1.3358147702907e-17,"3","IGIP"
4.22673950080851e-22,0.372553499580985,0.023,0.153,1.35893901690495e-17,"3","LMBR1"
4.49008123722426e-22,0.304001491379213,0.03,0.165,1.44360601857997e-17,"3","CMAHP"
4.56052805028824e-22,0.78895911294569,0.051,0.204,1.46625537344817e-17,"3","ECM1"
4.91635013196363e-22,0.355734834640394,0.043,0.19,1.58065573092763e-17,"3","LENG8"
5.17623567469733e-22,0.737707293633708,0.056,0.213,1.66421153177194e-17,"3","ZNF335"
5.26410853568453e-22,0.451657948388556,0.026,0.158,1.69246353530793e-17,"3","DTD1"
5.51480978855287e-22,0.495679772916771,0.038,0.181,1.77306649511763e-17,"3","PIK3R3"
5.5261680994131e-22,0.281466775394546,0.022,0.151,1.77671830564231e-17,"3","RNF19B"
5.5402797871158e-22,0.59491030856603,0.047,0.197,1.7812553543556e-17,"3","MYCBP2-AS1"
5.62059737884812e-22,0.428144414938868,0.04,0.183,1.80707826327346e-17,"3","RRP36"
5.9504706647812e-22,0.610217867880464,0.047,0.197,1.91313582343381e-17,"3","PRAL"
5.96370347030206e-22,0.292584609679271,0.041,0.186,1.91739030273682e-17,"3","AC022167.2"
5.97512651407047e-22,0.392426635049511,0.035,0.174,1.9210629255388e-17,"3","ATL1"
6.02550094409662e-22,0.597051119438412,0.043,0.19,1.9372588085365e-17,"3","RPL7AP50"
6.09640581729867e-22,0.417964398658412,0.033,0.171,1.9600554343197e-17,"3","ATXN3"
6.28394564484626e-22,0.328568235452443,0.032,0.169,2.02035136427452e-17,"3","TRIM2"
6.31493487864554e-22,0.468115219285079,0.033,0.171,2.03031471283333e-17,"3","HMOX2"
6.32937435080244e-22,0.448988389140121,0.046,0.195,2.03495714752649e-17,"3","ITPKC"
6.65729598070553e-22,0.379997089677343,0.037,0.178,2.14038723075664e-17,"3","POLR2C"
6.71745974879519e-22,0.581271056932941,0.04,0.183,2.15973048383514e-17,"3","AC012213.5"
6.73646603767828e-22,0.490579968930428,0.042,0.188,2.16584119577394e-17,"3","CBLB"
6.84083736928566e-22,0.67651088684039,0.033,0.171,2.19939762259903e-17,"3","ZC3H15"
7.13610096887333e-22,0.451446406220241,0.025,0.155,2.29432782250246e-17,"3","ALDH1A1"
7.22729729969827e-22,0.359809590514026,0.036,0.176,2.32364835482599e-17,"3","PRKRIP1"
7.26668475125066e-22,0.364519808728517,0.027,0.16,2.3363118143746e-17,"3","AC073107.1"
7.47553865168872e-22,0.361182012230367,0.041,0.185,2.40346043190444e-17,"3","TRAP1"
7.5208777262626e-22,0.283925905198334,0.022,0.15,2.41803739777069e-17,"3","MINDY2"
8.33048267503231e-22,0.85965724155765,0.038,0.18,2.67833348484964e-17,"3","RPRD2"
8.54946059343549e-22,0.341920974114729,0.028,0.162,2.74873707539545e-17,"3","TKFC"
9.25837743101379e-22,0.442669842280076,0.025,0.154,2.97666092784524e-17,"3","MEIS3"
9.36484882234377e-22,0.553948108658632,0.037,0.178,3.01089254487175e-17,"3","ZDHHC17"
9.66641918731255e-22,0.376691026382345,0.035,0.173,3.10785043291286e-17,"3","MTMR11"
9.97861410222817e-22,0.337435994843522,0.031,0.166,3.20822422000738e-17,"3","AR"
1.09577689315315e-21,0.654494740215929,0.043,0.189,3.52303228917668e-17,"3","PTPRK"
1.32205738634831e-21,0.45773166347156,0.021,0.146,4.25054670284844e-17,"3","AC005162.3"
1.3346093071266e-21,0.35138487779094,0.033,0.17,4.29090238334274e-17,"3","AC021739.2"
1.41904001300578e-21,0.566416661148867,0.028,0.161,4.56235554581489e-17,"3","ZRANB1"
1.45389690270807e-21,0.381400074900338,0.036,0.174,4.67442393189671e-17,"3","RPS2P5"
1.45782255620608e-21,0.523603635005589,0.036,0.174,4.68704530045817e-17,"3","TCHP"
1.48520909567936e-21,0.425719674279429,0.022,0.149,4.7750957635187e-17,"3","LMNB2"
1.51287161964154e-21,0.707171086948748,0.049,0.2,4.86403354430953e-17,"3","CCDC14"
1.53246100533679e-21,0.971998041642927,0.057,0.213,4.92701537825832e-17,"3","SWAP70"
1.54977019574149e-21,0.448027306079581,0.031,0.165,4.98266615632845e-17,"3","MCM3AP-AS1"
1.57343859677523e-21,1.00472418445723,0.061,0.219,5.05876243249204e-17,"3","SOGA1"
1.57404336617455e-21,0.576730607636038,0.052,0.204,5.06070682658781e-17,"3","NIN"
1.5832830012749e-21,0.934853463303886,0.056,0.211,5.09041317739894e-17,"3","MLLT10"
1.72431267531748e-21,0.601842721484953,0.027,0.158,5.54383768241322e-17,"3","UBL4A"
1.87170682137652e-21,0.49503422608154,0.047,0.194,6.01772460140764e-17,"3","ARL4A"
1.87743170905024e-21,0.309708612605891,0.042,0.185,6.03613068776744e-17,"3","BCL2"
2.0098303703319e-21,0.297998636021697,0.026,0.155,6.46180562365408e-17,"3","ZBTB43"
2.02166500388189e-21,0.542231510636966,0.051,0.201,6.49985515398066e-17,"3","EHD4"
2.04448760302871e-21,0.356985579833562,0.028,0.16,6.5732320924976e-17,"3","CORO7"
2.16046383870366e-21,0.640160711967984,0.022,0.148,6.94610728781615e-17,"3","NCOA5"
2.18640537930421e-21,0.517966498301974,0.041,0.183,7.02951193500096e-17,"3","TTC28"
2.23470519490235e-21,0.393247065670055,0.027,0.157,7.18480067213056e-17,"3","PLCL1"
2.24945372592848e-21,0.710177690669825,0.042,0.185,7.23221867423267e-17,"3","ABCC5"
2.31968611834878e-21,0.364014927957673,0.038,0.178,7.45802283910318e-17,"3","FAM104A"
2.38158456874902e-21,0.556620370715829,0.042,0.185,7.65703254698497e-17,"3","AP1G1"
2.50555755393733e-21,0.581814632641101,0.044,0.189,8.05561809166391e-17,"3","RYBP"
2.50695901663887e-21,0.457508639079082,0.03,0.162,8.06012393439564e-17,"3","MICAL3"
2.57066492502571e-21,0.402936051056498,0.032,0.166,8.26494480045014e-17,"3","PFDN1"
2.59551564420925e-21,0.468189282302189,0.027,0.157,8.34484234769716e-17,"3","BBS7"
2.95556235704636e-21,0.274752747989328,0.027,0.157,9.50242853413977e-17,"3","FAM156B"
3.23409294656389e-21,0.478275176240611,0.033,0.168,1.03979322324976e-16,"3","AC125807.1"
3.28937751352237e-21,0.394162902054857,0.03,0.161,1.05756776437258e-16,"3","KAT6B"
3.36186403036061e-21,0.437827730083545,0.057,0.211,1.08087290440124e-16,"3","RAD21"
3.51741499541738e-21,0.565236288780344,0.036,0.172,1.13088409517664e-16,"3","PPP6R1"
3.9220488221149e-21,0.383017266663159,0.038,0.177,1.26097791679816e-16,"3","COQ10B"
3.92984490904259e-21,0.649002887227768,0.036,0.172,1.26348443670628e-16,"3","LHFPL2"
4.0285622530051e-21,0.395627668540389,0.023,0.149,1.29522304996367e-16,"3","PPL"
4.1883246066689e-21,0.445142581729882,0.033,0.168,1.34658824429012e-16,"3","LINC01118"
4.33940687044485e-21,0.512444113454245,0.042,0.184,1.39516270291672e-16,"3","PDPN"
4.36174630147708e-21,0.331213434767767,0.036,0.172,1.40234505338789e-16,"3","QTRT1"
4.41995919723039e-21,0.321576088623492,0.028,0.158,1.42106108150154e-16,"3","CFAP97"
4.48901216073736e-21,0.314427062605944,0.031,0.163,1.44326229979867e-16,"3","EXOC6"
4.5674539806197e-21,0.275173481358211,0.041,0.181,1.46848212930904e-16,"3","SHE"
4.66217355221511e-21,0.251504993446069,0.027,0.156,1.49893541877268e-16,"3","KDM5A"
4.73902980597298e-21,0.517012392637011,0.027,0.156,1.52364547291837e-16,"3","MICU2"
4.85994610891682e-21,0.357028279407765,0.038,0.176,1.56252127347785e-16,"3","IMP3"
4.95411441458474e-21,0.349755354164887,0.02,0.141,1.59279732543314e-16,"3","PPP1R1A"
5.31139104783601e-21,0.492293330871438,0.026,0.153,1.70766533578976e-16,"3","AL355075.3"
5.45051339259783e-21,0.436854995892499,0.026,0.153,1.75239456085413e-16,"3","AC092017.3"
5.64771919390177e-21,0.764009904027101,0.049,0.197,1.81579819803136e-16,"3","ST3GAL1"
5.68987299552411e-21,0.616201768536846,0.03,0.16,1.82935106679096e-16,"3","ZFYVE16"
5.75257788434666e-21,0.260214658939675,0.02,0.141,1.84951131559629e-16,"3","PCDHGC5"
5.82174882181477e-21,0.302029567437471,0.031,0.162,1.87175046370167e-16,"3","FAM91A1"
5.92579914709584e-21,0.348035500533994,0.022,0.146,1.90520368378278e-16,"3","DNAJA3"
5.9412936171815e-21,0.287461165880699,0.036,0.171,1.91018531086002e-16,"3","AC110275.1"
5.98444797202135e-21,0.432731710312858,0.042,0.183,1.92405986748458e-16,"3","NAV2"
5.99863640463709e-21,0.286829520503045,0.027,0.155,1.92862159045487e-16,"3","HIBCH"
6.03722515331469e-21,0.622479116004455,0.042,0.183,1.94102825904221e-16,"3","SH3D21"
6.04469953115063e-21,0.511858780638115,0.037,0.174,1.94343134626024e-16,"3","EVA1B"
6.0499263666146e-21,0.587619126606665,0.032,0.164,1.94511182613026e-16,"3","RUSC2"
6.20466849529132e-21,0.342007981572711,0.032,0.164,1.99486296792111e-16,"3","DPP9"
6.42398929066469e-21,0.381659900578242,0.046,0.189,2.0653767968416e-16,"3","PBRM1"
6.64507609881807e-21,0.377407613831221,0.038,0.176,2.136458416531e-16,"3","GBAP1"
6.75245987935531e-21,1.06936415379542,0.069,0.232,2.17098337581153e-16,"3","PHLDA1"
7.02655220488249e-21,0.364769375683461,0.043,0.184,2.25910679939177e-16,"3","CNOT4"
7.3315097728656e-21,0.255585813478123,0.035,0.168,2.35715370707402e-16,"3","FOPNL"
7.3389070412838e-21,0.276009628173641,0.03,0.159,2.35953200284316e-16,"3","DCUN1D1"
7.36660219314337e-21,0.398905515148678,0.028,0.157,2.36843627111752e-16,"3","INSL6"
7.94149657187222e-21,0.660851562057053,0.042,0.182,2.55327056282264e-16,"3","RPS15AP38"
8.1538996294446e-21,0.430593448829158,0.027,0.154,2.62156026986273e-16,"3","CCDC82"
8.26595015221507e-21,0.3296631280261,0.042,0.182,2.65758563343867e-16,"3","SETD1A"
8.36232198051917e-21,0.629419012296033,0.041,0.179,2.68857013995672e-16,"3","NMRK1"
8.51719972016189e-21,0.746692348206335,0.048,0.194,2.73836488202925e-16,"3","AP001107.1"
8.62631610848588e-21,0.360993471896609,0.031,0.161,2.7734468920393e-16,"3","RASA2"
8.6934739412545e-21,0.470139768997136,0.031,0.161,2.79503880685274e-16,"3","MRPS12"
8.97865846324994e-21,0.35085524367419,0.025,0.15,2.88672848251949e-16,"3","AC013643.2"
9.21017843202007e-21,0.360687743518513,0.035,0.168,2.96116446767877e-16,"3","LIMD1"
9.25191285350535e-21,0.485553730265861,0.037,0.173,2.97458250153051e-16,"3","CSKMT"
9.29315005915218e-21,0.432408041840268,0.019,0.138,2.98784067551802e-16,"3","AP3B1"
1.0090057192817e-20,0.418579968763785,0.037,0.172,3.24405428806259e-16,"3","MICAL2"
1.03653302129729e-20,0.451453752835315,0.038,0.175,3.33255731677293e-16,"3","RBM33"
1.03826055357521e-20,0.332447188151674,0.037,0.172,3.33811150579964e-16,"3","BTBD3"
1.03880054193708e-20,0.433234799649366,0.044,0.186,3.33984762238192e-16,"3","PLEKHG1"
1.0856136989836e-20,0.339746843698265,0.026,0.151,3.49035660360218e-16,"3","TVP23C-CDRT4"
1.12282492587948e-20,0.519017653735516,0.037,0.172,3.6099944191951e-16,"3","KIAA0513"
1.13581172817602e-20,0.332075554765667,0.036,0.17,3.65174828725873e-16,"3","TNFRSF10D"
1.16594848673135e-20,0.423480300945572,0.026,0.151,3.74864097968996e-16,"3","ELP6"
1.18876206663764e-20,0.595904186681562,0.033,0.165,3.82198892044668e-16,"3","LMBR1L"
1.19826314631743e-20,0.538259581967296,0.032,0.163,3.85253584172518e-16,"3","ADCY6"
1.20815269986195e-20,0.596809536868892,0.036,0.17,3.88433174532616e-16,"3","GOLM1"
1.21066448335126e-20,0.309178465102637,0.035,0.167,3.89240738042264e-16,"3","GOLGA1"
1.35230995627341e-20,0.587753918830046,0.051,0.197,4.34781174041465e-16,"3","CDH13"
1.36813656751265e-20,0.497395219741769,0.033,0.165,4.39869587820992e-16,"3","AC010327.5"
1.38712294383561e-20,0.5873655950632,0.023,0.146,4.45973897672587e-16,"3","ANKRD9"
1.39110262742348e-20,0.525351475656241,0.03,0.158,4.47253405742924e-16,"3","LINC02147"
1.48080938315143e-20,0.763206119025769,0.043,0.183,4.76095024777017e-16,"3","GATAD2B"
1.48873411395312e-20,0.729908814049279,0.04,0.176,4.78642904977067e-16,"3","AC233992.1"
1.57633610926854e-20,0.261197970734788,0.022,0.144,5.06807822490929e-16,"3","NID2"
1.5971457486039e-20,0.420794731849546,0.037,0.172,5.1349832963364e-16,"3","DMTF1"
1.62569422683082e-20,0.27355278482651,0.026,0.15,5.22676950868376e-16,"3","ABCC4"
1.71417441316861e-20,0.45333111217351,0.052,0.198,5.5112421557784e-16,"3","GABBR1"
1.73766044661926e-20,0.81601182329571,0.073,0.237,5.58675210192558e-16,"3","USP34"
1.76749249844426e-20,0.386070282177079,0.012,0.124,5.68266513174815e-16,"3","LYZ"
1.79274717247221e-20,0.744510902756086,0.053,0.2,5.7638614342154e-16,"3","ERC1"
1.79482199063763e-20,0.377220301591826,0.025,0.148,5.77053218209904e-16,"3","C19orf25"
1.80100240832071e-20,0.630007197222204,0.037,0.171,5.7904028429919e-16,"3","ZNF496"
1.89522565887278e-20,0.315352602864333,0.035,0.166,6.09334001584186e-16,"3","UVRAG"
1.90583527989362e-20,0.572223415445991,0.037,0.171,6.12745100838597e-16,"3","IMMP2L"
1.95131598127849e-20,0.279848024405181,0.03,0.157,6.27367601140846e-16,"3","SERPINB9"
2.1784175344847e-20,0.514102031567982,0.03,0.157,7.00383021512176e-16,"3","ZSWIM6"
2.2629924972406e-20,1.08352559575675,0.059,0.212,7.27574717787826e-16,"3","RPLP0P2"
2.26647899483507e-20,0.628064106162464,0.036,0.168,7.28695661629424e-16,"3","CACHD1"
2.31120453462848e-20,0.506961675657561,0.04,0.175,7.43075369928401e-16,"3","ZXDC"
2.32427514498437e-20,0.343096482050677,0.041,0.177,7.47277701863925e-16,"3","ACAP3"
2.43794657220577e-20,0.356492241143362,0.028,0.154,7.83824202429878e-16,"3","NSRP1"
2.45033665421011e-20,0.865482299681679,0.085,0.258,7.87807737695091e-16,"3","ADM"
2.65438105429997e-20,0.386709887341327,0.028,0.154,8.53410052767983e-16,"3","SPECC1L-ADORA2A"
2.66118490213404e-20,0.648556727436406,0.054,0.202,8.55597557885117e-16,"3","PLEKHM2"
2.68464069333699e-20,0.254397306093451,0.03,0.156,8.63138829314774e-16,"3","EPM2AIP1"
2.73247571742612e-20,0.323873046917832,0.026,0.149,8.78518267909673e-16,"3","KIAA0586"
2.74955964055475e-20,0.422728903793168,0.032,0.161,8.84010920034757e-16,"3","AC092042.3"
2.78204110810089e-20,0.625182825318774,0.043,0.182,8.94454036665518e-16,"3","UNK"
2.99882920125428e-20,0.612460933788536,0.037,0.17,9.64153576495263e-16,"3","AL139807.1"
3.04569450749256e-20,0.389438197746501,0.033,0.163,9.79221241103934e-16,"3","ALG3"
3.16186289572268e-20,0.841615789996575,0.041,0.176,1.0165705396038e-15,"3","MGAT5"
3.28135385529608e-20,0.268583746392092,0.032,0.161,1.05498807801624e-15,"3","AP001011.1"
3.29010272447097e-20,0.616671930407113,0.043,0.181,1.05780092694466e-15,"3","SNRK-AS1"
3.3259500196206e-20,0.386247275813681,0.032,0.161,1.06932619080822e-15,"3","MAPK9"
3.40904827745723e-20,0.353492787995389,0.032,0.16,1.09604311168527e-15,"3","DNAJC21"
3.46557098837708e-20,0.639123292621524,0.041,0.177,1.11421572847311e-15,"3","WEE1"
3.47356626331768e-20,0.307467229167164,0.028,0.153,1.11678628931927e-15,"3","CHADL"
3.50327156970297e-20,0.324539234377909,0.035,0.165,1.1263368423752e-15,"3","BCAT2"
3.52371042411596e-20,0.51987130065463,0.042,0.179,1.13290813845752e-15,"3","NCOA3"
3.66585477281447e-20,0.501749148520267,0.044,0.183,1.17860896800758e-15,"3","DNASE1"
3.74058102660221e-20,0.764269740095476,0.052,0.197,1.20263420586288e-15,"3","SHC2"
3.74409729899781e-20,0.257883682984841,0.023,0.144,1.20376472260079e-15,"3","NKAP"
3.80710219393373e-20,0.456024517791522,0.043,0.18,1.22402142637163e-15,"3","TYK2"
3.85149827205461e-20,0.396132135227645,0.048,0.19,1.23829520944828e-15,"3","FAR1"
4.00131759619525e-20,0.643049973081586,0.037,0.169,1.28646362035273e-15,"3","MDN1"
4.04953713752039e-20,0.367407296228391,0.036,0.167,1.30196668508418e-15,"3","TRAFD1"
4.10168555767421e-20,0.345939739755481,0.025,0.146,1.31873292364783e-15,"3","USHBP1"
4.19229533846985e-20,0.600810110168736,0.032,0.16,1.34786487427144e-15,"3","GPRC5A"
4.25230119044249e-20,0.36334110585767,0.021,0.139,1.36715735573916e-15,"3","OVCA2"
4.31671784676094e-20,0.754524356021911,0.036,0.167,1.38786795491211e-15,"3","MAN2A1"
4.65138459129991e-20,0.316628602231291,0.035,0.164,1.49546665994883e-15,"3","BCL7C"
4.69263303073607e-20,0.379589702142511,0.031,0.157,1.50872844571196e-15,"3","TRPC1"
4.73187517733778e-20,0.253907097454705,0.035,0.164,1.52134518826587e-15,"3","LOXL3"
4.89904527029294e-20,0.313491685504825,0.035,0.164,1.57509204485188e-15,"3","USP8"
5.05478265409462e-20,0.354036729506248,0.044,0.183,1.62516317111796e-15,"3","AP2A1"
5.16297398111346e-20,0.398274890628349,0.021,0.139,1.65994776466779e-15,"3","SAYSD1"
5.22449685130726e-20,0.497412903980347,0.02,0.136,1.6797279826638e-15,"3","AL591684.1"
5.360462737369e-20,0.370502253227392,0.04,0.173,1.72344237469151e-15,"3","CHST15"
5.36953141723936e-20,0.739919962742834,0.037,0.168,1.72635804595663e-15,"3","ME2"
5.84790440126649e-20,0.294199462307353,0.022,0.141,1.88015974405119e-15,"3","CCDC88C"
5.87159390469543e-20,0.719628448728189,0.037,0.169,1.88777615629863e-15,"3","MAMDC4"
5.89670141521235e-20,0.51044541717981,0.032,0.159,1.89584847200492e-15,"3","COG4"
6.5430155593106e-20,0.290892137617393,0.031,0.157,2.10364493247395e-15,"3","ICAM2"
6.6611985314598e-20,0.390513056640016,0.032,0.159,2.14164193984964e-15,"3","AC009690.1"
7.02134173881925e-20,0.610615434526592,0.046,0.184,2.25743158244778e-15,"3","LENG1"
7.0708252303921e-20,0.480619720866303,0.037,0.168,2.27334101982336e-15,"3","SAMD9L"
7.18837138182699e-20,0.491307020921533,0.04,0.173,2.31113328297119e-15,"3","ZDHHC24"
7.24588993378057e-20,0.352883668376964,0.035,0.163,2.32962607260979e-15,"3","BIVM-ERCC5"
7.40488696776354e-20,0.494173918957491,0.022,0.14,2.38074520900566e-15,"3","ELP3"
7.55688728617382e-20,0.455559919825613,0.043,0.179,2.42961483137775e-15,"3","AC027097.2"
7.82006343302951e-20,0.419060471838985,0.037,0.168,2.51422859435332e-15,"3","CNTNAP3B"
8.10364920686731e-20,0.817362706647943,0.046,0.184,2.60540425649991e-15,"3","DTNA"
8.74065038574484e-20,0.457506008477792,0.035,0.163,2.81020650552082e-15,"3","ANG"
9.00569772617381e-20,0.25153959357648,0.026,0.147,2.89542187594214e-15,"3","AC068790.8"
9.09417107357145e-20,0.319411312133351,0.031,0.156,2.92386694186396e-15,"3","CSRNP2"
9.58117398124743e-20,0.691257371961174,0.036,0.165,3.08044324671086e-15,"3","XPNPEP1"
9.83987883639556e-20,0.378962254362232,0.031,0.156,3.16361944468954e-15,"3","STEAP2"
1.10123405829462e-19,0.332405761754774,0.031,0.156,3.54057762082304e-15,"3","SGMS1"
1.11168889640957e-19,0.648908837722666,0.052,0.194,3.57419097084641e-15,"3","AC068587.4"
1.15403727823997e-19,0.521001200789366,0.041,0.173,3.71034525326932e-15,"3","FAM43A"
1.18574877343906e-19,0.313292739765295,0.041,0.174,3.81230088148391e-15,"3","RBM26"
1.20236611339112e-19,0.26857384843458,0.02,0.134,3.86572729116379e-15,"3","NAB1"
1.20648335589862e-19,0.372864693867629,0.043,0.178,3.87896463754965e-15,"3","GAB1"
1.2904157422941e-19,0.380154041378846,0.035,0.162,4.14881565304976e-15,"3","EFCAB10"
1.30704857974416e-19,0.647059090342368,0.381,0.859,4.20229188873544e-15,"3","MT-TQ"
1.34765150086294e-19,0.253779606337844,0.038,0.169,4.33283434042444e-15,"3","SART1"
1.34935721923534e-19,0.304379506087238,0.03,0.153,4.33831839556354e-15,"3","KLHL9"
1.36289025884786e-19,0.391763850219583,0.038,0.169,4.38182847122176e-15,"3","POMT1"
1.38375619334964e-19,0.538934173062676,0.021,0.136,4.44891453723841e-15,"3","MAP2K5"
1.39290594742475e-19,0.299330180521916,0.023,0.141,4.47833191156531e-15,"3","SRRD"
1.40138843675944e-19,0.31567928324295,0.438,0.894,4.50560396302527e-15,"3","FBLN1"
1.40704817753037e-19,0.324150938712371,0.042,0.176,4.5238005955779e-15,"3","AL133260.1"
1.43673560721289e-19,0.57519718789048,0.047,0.184,4.61924865075018e-15,"3","RNF185"
1.44954653557053e-19,0.362366643968,0.031,0.155,4.66043706651282e-15,"3","PARD3B"
1.47382218597137e-19,0.468451024953687,0.04,0.171,4.73848571011657e-15,"3","ATG2B"
1.48773819530884e-19,0.49897819809601,0.035,0.162,4.78322707173746e-15,"3","SNHG3"
1.52311877847171e-19,0.971720160614234,0.049,0.189,4.8969791846644e-15,"3","AUTS2"
1.5237051099971e-19,0.850911528516382,0.019,0.131,4.89886429915167e-15,"3","NCAPH2"
1.53243916528426e-19,0.387371367807368,0.033,0.16,4.92694516030544e-15,"3","AC023509.3"
1.53759877692395e-19,0.883005108705126,0.046,0.182,4.94353382768818e-15,"3","CDK17"
1.56664068513911e-19,0.411243088488973,0.032,0.157,5.03690646679076e-15,"3","AC117498.1"
1.58118567072673e-19,0.509211416543003,0.037,0.166,5.0836700499535e-15,"3","RCAN1"
1.61197818722598e-19,0.289986316128529,0.032,0.157,5.18267106975025e-15,"3","SENP7"
1.66216219151455e-19,0.50894889608476,0.025,0.143,5.34401766193842e-15,"3","RDH11"
1.69199762594223e-19,0.285187641124983,0.03,0.152,5.43994156716685e-15,"3","KMT2B"
1.69257874197318e-19,0.29213221272815,0.032,0.157,5.44180991331797e-15,"3","AC008440.2"
1.6928462211862e-19,0.697200273471682,0.043,0.177,5.44266988573574e-15,"3","SPSB1"
1.75059476912173e-19,0.771132474508047,0.057,0.202,5.62833724220326e-15,"3","NPIPB12"
1.76371712994977e-19,0.617505021721183,0.046,0.182,5.67052694450149e-15,"3","NKIRAS2"
1.78380046950308e-19,0.560591729673705,0.036,0.164,5.73509688949936e-15,"3","PIGX"
1.85709590029279e-19,0.383266937971244,0.037,0.166,5.97074902903135e-15,"3","DMAP1"
1.90677611208581e-19,0.656742437358175,0.048,0.186,6.13047587796709e-15,"3","AC010531.1"
1.95979086169054e-19,0.531489146680667,0.035,0.161,6.30092359942125e-15,"3","EDEM2"
1.99152401099883e-19,0.344174681326391,0.032,0.157,6.40294884776235e-15,"3","WWOX"
2.15071686230725e-19,0.452473377301077,0.03,0.152,6.91476978400405e-15,"3","AL139300.1"
2.15474435544324e-19,0.752006858948712,0.051,0.19,6.92771857718556e-15,"3","TRIM22"
2.18929572930813e-19,0.460217019204421,0.031,0.154,7.03880469929858e-15,"3","CCNT2"
2.23635899884703e-19,0.405908280872349,0.033,0.159,7.1901178171931e-15,"3","HCLS1"
2.25030563275857e-19,0.340426087022873,0.03,0.152,7.23495763988208e-15,"3","CHTF8"
2.29884732984853e-19,0.631882703994529,0.031,0.154,7.391024050196e-15,"3","TMEM204"
2.33359962613159e-19,0.746694612556561,0.042,0.174,7.50275615797568e-15,"3","PRG4"
2.35730787549948e-19,0.508034925752538,0.03,0.152,7.57898055051837e-15,"3","ARHGAP31"
2.3601043824835e-19,0.531579953726515,0.036,0.163,7.5879716001227e-15,"3","SHLD2P3"
2.40280774789454e-19,0.702290060175261,0.038,0.168,7.72526719025573e-15,"3","EXOC1"
2.7617263522893e-19,0.303006952429895,0.02,0.133,8.87922639524533e-15,"3","RPS2P55"
2.93244929967751e-19,0.607852195023391,0.032,0.156,9.42811774339316e-15,"3","MTHFR"
2.93335499151694e-19,0.921344547312924,0.046,0.181,9.43102963322612e-15,"3","PLEKHA3"
2.98254504437011e-19,0.456395372635609,0.031,0.153,9.58918057215434e-15,"3","FAM156A"
3.07261076845442e-19,0.538414476987867,0.035,0.16,9.8787508816578e-15,"3","MCM3AP"
3.09492479998373e-19,0.257882037189129,0.026,0.144,9.95049272442768e-15,"3","TMEM134"
3.12856420979773e-19,0.483694302818747,0.03,0.151,1.00586467909207e-14,"3","TTC39B"
3.19596394040076e-19,0.331818589954581,0.04,0.169,1.02753436647825e-14,"3","MNT"
3.27411424467146e-19,0.6928841928486,0.037,0.164,1.05266047080432e-14,"3","CEP89"
3.4068079466504e-19,0.823898022210975,0.061,0.207,1.09532282292757e-14,"3","ZNF521"
3.4165526894118e-19,0.397108233237441,0.027,0.146,1.09845585517279e-14,"3","APTX"
3.47505333903826e-19,0.319111574679668,0.031,0.153,1.11726439903419e-14,"3","APOL2"
3.52825143571591e-19,0.281533510723789,0.031,0.153,1.13436811909702e-14,"3","DNTTIP2"
3.54038793050457e-19,0.340227318127299,0.033,0.157,1.13827012353652e-14,"3","ORC4"
3.58247812112429e-19,0.929567298857289,0.041,0.171,1.15180254072267e-14,"3","PMPCA"
3.60154110773223e-19,0.587530155912037,0.041,0.171,1.15793148154699e-14,"3","ATG14"
3.69643157182711e-19,0.420274229893051,0.022,0.137,1.18843971465813e-14,"3","KLHL5"
3.71192904207828e-19,0.582245286046525,0.033,0.157,1.19342230631859e-14,"3","PTBP3"
3.78076695378775e-19,0.280475976407151,0.026,0.144,1.2155543833123e-14,"3","RPP25"
3.84644842459367e-19,0.372145943656795,0.041,0.171,1.23667163299111e-14,"3","RNF217"
3.94365013876168e-19,0.636289330650754,0.058,0.202,1.26792295611327e-14,"3","PCED1A"
3.96320345409688e-19,0.297723125454062,0.02,0.132,1.27420954252669e-14,"3","FGF13"
3.97988401463342e-19,0.450874890171651,0.036,0.162,1.27957250954479e-14,"3","GPRC5B"
4.14192727518195e-19,0.371444931232167,0.035,0.16,1.33167103824375e-14,"3","SOCS5"
4.21173554144188e-19,0.487064047254215,0.022,0.136,1.35411509392898e-14,"3","HACD2"
4.32121182241338e-19,0.394015056489642,0.035,0.159,1.38931281302413e-14,"3","P2RX4"
4.43056955567507e-19,0.566156331414148,0.042,0.173,1.42447241784509e-14,"3","ISY1-RAB43"
4.68927287505429e-19,0.365020178866457,0.022,0.136,1.50764812205871e-14,"3","AC013489.3"
4.70251418787598e-19,0.309689830204217,0.022,0.136,1.51190533654401e-14,"3","TMEM19"
4.70770044510788e-19,0.407387874874935,0.026,0.143,1.51357277010664e-14,"3","GOSR2"
4.76205416996434e-19,0.512599400387515,0.405,0.907,1.53104803618524e-14,"3","MT-TS1"
4.77501403425363e-19,0.435171503756197,0.023,0.138,1.53521476215288e-14,"3","BCS1L"
4.78204052070613e-19,0.391014541738722,0.04,0.168,1.53747384781223e-14,"3","TBX2"
4.84376713238052e-19,0.505450981561107,0.031,0.152,1.55731957073166e-14,"3","ASCC3"
4.97680465046098e-19,0.538080743821779,0.038,0.166,1.60009246316971e-14,"3","ANKRD28"
5.28263862109995e-19,0.732109453542493,0.023,0.138,1.69842114306984e-14,"3","EDEM1"
5.2873369237728e-19,0.324077509250618,0.03,0.15,1.69993169436219e-14,"3","INPP5K"
5.57518824376473e-19,0.773685303755701,0.04,0.168,1.7924787722528e-14,"3","SELENOO"
5.70886728679165e-19,0.564224926671741,0.026,0.143,1.83545792137638e-14,"3","VARS2"
5.88094386010685e-19,0.613487111049577,0.042,0.172,1.89078226046295e-14,"3","AC018521.4"
6.14395875994959e-19,0.297275429217673,0.027,0.145,1.97534418091139e-14,"3","MFAP1"
6.23871929618119e-19,0.694936356397657,0.042,0.172,2.00581064091521e-14,"3","AL021026.1"
6.26058579903692e-19,0.567095768143248,0.03,0.149,2.01284094024836e-14,"3","CKAP5"
6.40201106172082e-19,0.963789821193365,0.059,0.203,2.05831057645386e-14,"3","FAM167B"
6.7122138230108e-19,0.595492393401738,0.026,0.142,2.1580438662362e-14,"3","TRIM23"
6.80191075814011e-19,0.491938583048441,0.023,0.138,2.18688232784963e-14,"3","CEP128"
6.98076130380934e-19,0.275995221994368,0.033,0.156,2.24438456678774e-14,"3","SLF2"
7.02046221377723e-19,0.298685184443102,0.035,0.158,2.25714880635152e-14,"3","FAM20A"
7.3925855137266e-19,0.280460056731592,0.033,0.156,2.37679016851824e-14,"3","SETD2"
7.41263647727156e-19,0.272883592844573,0.042,0.171,2.38323675380758e-14,"3","TAPT1"
7.4329985799068e-19,0.468212179466869,0.027,0.144,2.38978337342583e-14,"3","PCNX3"
7.67601772820686e-19,0.385558453073284,0.431,0.918,2.46791645979579e-14,"3","MCL1"
7.93149406272322e-19,0.412923865010864,0.025,0.14,2.55005465610614e-14,"3","ETFDH"
7.99918036149531e-19,0.438273349988407,0.031,0.151,2.57181647802436e-14,"3","TAZ"
7.99973483969621e-19,0.478204588945309,0.047,0.181,2.57199474831073e-14,"3","MYBBP1A"
8.03803037562171e-19,0.646321474003364,0.037,0.163,2.58430714606613e-14,"3","CNGB3"
8.124435692216e-19,0.314568058643685,0.021,0.133,2.61208731940437e-14,"3","NAT9"
8.33871368844722e-19,0.295267348570068,0.022,0.135,2.68097983797267e-14,"3","AC012485.1"
8.87018901908495e-19,0.643152457318006,0.028,0.146,2.851854471526e-14,"3","ERICH1"
8.93929335419518e-19,0.35418565275117,0.03,0.149,2.87407220630729e-14,"3","JPX"
9.07764336919095e-19,0.314165647257131,0.033,0.155,2.91855311962858e-14,"3","MEGF8"
9.13633083534787e-19,0.46430308598674,0.028,0.146,2.93742172687269e-14,"3","RUBCN"
9.34036187561948e-19,0.265441494388793,0.021,0.132,3.00301974663042e-14,"3","VPS50"
9.41814353346437e-19,0.608159814769444,0.043,0.174,3.02802732744413e-14,"3","TULP3"
9.71789513694855e-19,0.639145251158398,0.03,0.149,3.12440046548033e-14,"3","PDIA5"
9.72153184034973e-19,0.629092594690407,0.04,0.167,3.12556970199084e-14,"3","C8orf33"
9.84289176254356e-19,0.607924362449362,0.021,0.132,3.16458813057538e-14,"3","RPSAP58"
1.01948345861017e-18,0.59180365683752,0.038,0.164,3.27774126777756e-14,"3","EEF1A1P25"
1.03322456532011e-18,0.383355451904134,0.026,0.141,3.32192029996069e-14,"3","TMEM138"
1.04523211718056e-18,0.469339496408864,0.017,0.125,3.36052577994722e-14,"3","ADNP2"
1.06945844447962e-18,0.59724575010212,0.037,0.162,3.43841584484642e-14,"3","MARK1"
1.23435019718499e-18,0.398333639985246,0.03,0.148,3.96855931896947e-14,"3","PAN2"
1.23981139769305e-18,0.821586750432728,0.335,0.727,3.98611762472294e-14,"3","CHI3L1"
1.27132038893023e-18,0.529832630097288,0.032,0.152,4.08742218244959e-14,"3","CSGALNACT2"
1.28817913704583e-18,0.628221134835483,0.036,0.159,4.14162474351604e-14,"3","PLK3"
1.28885768774526e-18,0.627356472088463,0.058,0.199,4.14380635186979e-14,"3","LYST"
1.33349287917609e-18,0.308666831657139,0.037,0.161,4.28731295583906e-14,"3","KDM4B"
1.34243912073335e-18,0.29615464096565,0.03,0.148,4.31607601706979e-14,"3","SEC61A2"
1.35322549065824e-18,0.315139754356762,0.021,0.131,4.3507552750153e-14,"3","PPP1R13L"
1.41337640011093e-18,0.288380196754925,0.021,0.131,4.54414646399666e-14,"3","TMEM131L"
1.42260394880812e-18,0.335052982755993,0.028,0.145,4.57381395581299e-14,"3","TRAF3IP2-AS1"
1.45049677414723e-18,0.709316152504154,0.026,0.141,4.66349217856077e-14,"3","TPP2"
1.48499004866174e-18,0.530976704646938,0.031,0.15,4.77439150545237e-14,"3","RGS12"
1.48521998393252e-18,0.474488568318325,0.037,0.161,4.77513077034143e-14,"3","ZNF252P"
1.51549083358798e-18,0.280331174721458,0.019,0.127,4.87245457906872e-14,"3","PCCA"
1.52093346429699e-18,0.260823030917135,0.028,0.145,4.88995318106124e-14,"3","ARHGAP18"
1.60561468729395e-18,0.387131032955571,0.032,0.152,5.16221178111878e-14,"3","TPBG"
1.61099534773412e-18,0.60035810809718,0.025,0.138,5.17951114249998e-14,"3","PLA2G4C"
1.61592835015289e-18,0.440277059979562,0.041,0.168,5.19537123857655e-14,"3","HSPA13"
1.61709157254172e-18,0.802569766568555,0.044,0.174,5.19911111487888e-14,"3","SLC25A25"
1.65836813095603e-18,0.370601125039456,0.022,0.133,5.33181937783673e-14,"3","RNMT"
1.7116885761585e-18,0.397151886718551,0.047,0.178,5.5032499412072e-14,"3","PLEKHM1"
1.84161045453155e-18,0.359685199409556,0.025,0.138,5.92096177236437e-14,"3","ACTL6A"
1.89223179139031e-18,0.454507796168719,0.036,0.158,6.08371443249897e-14,"3","MTA3"
1.89318697333237e-18,0.53069688637518,0.021,0.131,6.08678543796089e-14,"3","B3GALT6"
1.89824275339113e-18,0.512621573782966,0.027,0.142,6.10304027642782e-14,"3","FBXO42"
2.06938741571092e-18,0.430395851353744,0.036,0.158,6.65328748025219e-14,"3","ZNF518B"
2.15252627435338e-18,0.555536180286528,0.041,0.167,6.92058722467357e-14,"3","SH3BP2"
2.20557895514077e-18,0.371642031617811,0.02,0.128,7.09115689867308e-14,"3","ERCC5"
2.21804156724309e-18,0.364794556374199,0.033,0.153,7.13122544284327e-14,"3","LINC00869"
2.24185022278145e-18,0.623499201921546,0.023,0.135,7.20777265126463e-14,"3","CNOT6L"
2.2635010128657e-18,0.419361193773513,0.036,0.158,7.2773821064645e-14,"3","TMEM184A"
2.26470346167197e-18,0.935020034107807,0.027,0.142,7.28124809962155e-14,"3","DCAF16"
2.30327223443282e-18,0.541390442343874,0.032,0.151,7.40525056092497e-14,"3","TRIM14"
2.35800775347415e-18,0.347360149216039,0.017,0.123,7.58123072819475e-14,"3","TMEM39B"
2.38100499146897e-18,0.740311511787357,0.026,0.14,7.65516914807188e-14,"3","PIKFYVE"
2.38747321872391e-18,0.523696199270319,0.022,0.133,7.67596514551926e-14,"3","GABPA"
2.39236050919736e-18,0.333495184666168,0.016,0.121,7.69167827312043e-14,"3","AC008761.1"
2.40824477451602e-18,0.365651572825608,0.038,0.162,7.74274777454646e-14,"3","ARMCX4"
2.41118069522246e-18,0.525644098399121,0.02,0.128,7.75218705320972e-14,"3","EML3"
2.49478426532728e-18,0.317468584150924,0.028,0.144,8.02098089145374e-14,"3","VTA1"
2.66524447690094e-18,0.378517680197766,0.032,0.151,8.56902751768421e-14,"3","ROBO4"
2.67567918020641e-18,0.813496404143805,0.041,0.167,8.60257613228162e-14,"3","KDM4C"
2.68174075293838e-18,0.281403112393475,0.026,0.139,8.62206469477219e-14,"3","AC007998.2"
2.72178829081241e-18,0.747063031494768,0.031,0.149,8.750821533791e-14,"3","C20orf27"
2.77801802101134e-18,0.451810693503944,0.433,0.905,8.93160573935356e-14,"3","AC025259.3"
2.77954205173065e-18,0.538845849784308,0.041,0.167,8.93650565051921e-14,"3","VAMP2"
2.79601728218443e-18,0.607079973085587,0.042,0.169,8.98947516395117e-14,"3","TMEM184C"
2.83161265629329e-18,0.631371498448689,0.035,0.155,9.10391785124855e-14,"3","STC1"
2.85326526499455e-18,0.441306823977387,0.028,0.144,9.17353315348397e-14,"3","ODF2L"
2.90819371788518e-18,0.448002855885594,0.04,0.164,9.35013362237265e-14,"3","KIF2A"
2.91902264394572e-18,0.706365175842612,0.033,0.152,9.38494970254988e-14,"3","SIN3A"
2.92252598778408e-18,0.382764831248308,0.038,0.162,9.39621330332458e-14,"3","TMEM255B"
2.94808671396615e-18,0.604749497115844,0.027,0.141,9.47839359407258e-14,"3","PRKCA"
3.10815806312645e-18,0.321146520126387,0.02,0.127,9.99303898875783e-14,"3","NPIPA7"
3.13298428485912e-18,0.507048307468863,0.022,0.132,1.00728577742506e-13,"3","CHM"
3.17024699255744e-18,0.4622756228162,0.038,0.162,1.01926611057714e-13,"3","FAM120B"
3.3202569844602e-18,0.449421853340273,0.027,0.141,1.0674958230738e-13,"3","ORC5"
3.35080768267487e-18,0.477541515478378,0.046,0.175,1.0773181780568e-13,"3","SIPA1L1"
3.40461460643565e-18,0.562544424795837,0.046,0.175,1.09461764211512e-13,"3","ATE1"
3.51435516748251e-18,0.421694863250162,0.032,0.15,1.1299003298973e-13,"3","PPP3CC"
3.56624978567985e-18,0.34790537733485,0.021,0.129,1.14658496859393e-13,"3","BAZ2B"
3.61622155940144e-18,0.383828361829964,0.028,0.143,1.16265139356316e-13,"3","CCDC91"
3.65372170798556e-18,0.41704203268235,0.031,0.148,1.17470806633444e-13,"3","CDC20B"
3.95968357221613e-18,0.576828647439444,0.031,0.148,1.27307786530321e-13,"3","RARS2"
4.19904663529781e-18,0.349617309449179,0.027,0.14,1.3500354837146e-13,"3","VWA5A"
4.34656548549134e-18,0.423846841798851,0.042,0.167,1.39746426924032e-13,"3","KCTD9"
4.56352669245444e-18,0.693241913591457,0.028,0.143,1.46721946689103e-13,"3","TAF12"
4.81676616831686e-18,0.479510038096564,0.036,0.156,1.54863849077555e-13,"3","TP53INP1"
4.9538949667161e-18,1.38893765193345,0.093,0.258,1.59272677074889e-13,"3","MDK"
5.0862838024086e-18,0.592088607276911,0.04,0.163,1.63529110531239e-13,"3","CNKSR3"
5.3382669042719e-18,0.305657430208782,0.017,0.121,1.71630619239246e-13,"3","SLC26A11"
5.4133594614267e-18,0.451700912059172,0.038,0.16,1.7404492004433e-13,"3","IFIT3"
5.46337575840052e-18,0.314346678835715,0.035,0.153,1.75652994008335e-13,"3","CDK14"
5.52503916142531e-18,0.358385230884717,0.03,0.145,1.77635534078985e-13,"3","PDZD8"
5.55092613875952e-18,0.937840829073707,0.048,0.178,1.78467826287257e-13,"3","GOLGA8A"
5.62686292904151e-18,0.345249857390239,0.022,0.131,1.80909270031614e-13,"3","NPIPA8"
5.73437702439049e-18,0.397200209867567,0.028,0.142,1.84365955711179e-13,"3","FXYD6"
5.82774291945274e-18,0.436419337128911,0.032,0.149,1.87367762603325e-13,"3","RPS3AP5"
6.15026772290229e-18,0.610198254712231,0.04,0.162,1.97737257559032e-13,"3","PGGHG"
6.17372821512702e-18,0.421843061645812,0.026,0.138,1.98491535844549e-13,"3","TMCC1"
6.28245866842865e-18,0.460733620559765,0.031,0.147,2.01987328648649e-13,"3","FBXO31"
6.44381903885601e-18,0.437847618407398,0.047,0.175,2.0717522591826e-13,"3","GATAD2A"
6.61859755662393e-18,0.273265379075577,0.026,0.137,2.12794530043016e-13,"3","SYNE2"
6.67131480068677e-18,0.493700464085399,0.049,0.18,2.1448944215688e-13,"3","AC003991.1"
6.67423242039852e-18,0.398372142928794,0.019,0.123,2.14583246548233e-13,"3","TMEM209"
7.11357219752315e-18,0.888611961449674,0.051,0.183,2.28708459722567e-13,"3","MTCO2P2"
7.14329424186272e-18,0.41779059310883,0.027,0.139,2.29664053170128e-13,"3","MFSD14C"
7.29730692140404e-18,0.912845196327899,0.038,0.16,2.34615714830061e-13,"3","WIPF2"
7.44145996912256e-18,0.712039097404892,0.028,0.142,2.3925037946726e-13,"3","TRPS1"
7.59326407776582e-18,0.978150696732779,0.043,0.169,2.44131033364249e-13,"3","TBX1"
7.7574169965515e-18,0.654934696472953,0.016,0.118,2.49408713856127e-13,"3","RANBP10"
7.80969258201417e-18,0.339148241690077,0.021,0.128,2.51089426204337e-13,"3","ASCC1"
7.93575662218851e-18,0.295898733960878,0.022,0.13,2.55142511159983e-13,"3","CLDN12"
8.06123969176857e-18,0.550594762298048,0.033,0.151,2.59176917330051e-13,"3","AC084337.2"
8.08775204439778e-18,0.506346172016776,0.022,0.13,2.60029315979433e-13,"3","ASCC2"
8.26912199620581e-18,0.687461582592917,0.026,0.137,2.65860541300013e-13,"3","AC104825.1"
8.54902950004971e-18,0.274682463030495,0.03,0.144,2.74859847456098e-13,"3","POU6F1"
8.5633246348136e-18,0.549835613256313,0.032,0.148,2.75319450333892e-13,"3","AP003501.1"
8.71054105090701e-18,0.77550901345141,0.031,0.146,2.80052605327711e-13,"3","LAGE3"
9.15858027725252e-18,0.431525413184191,0.02,0.125,2.94457514493946e-13,"3","GABPB1"
9.25434933938391e-18,0.670283207381363,0.04,0.162,2.97536585610532e-13,"3","AC090114.3"
9.57112181757798e-18,1.03625275585328,0.047,0.175,3.0772113755695e-13,"3","LRRC74A"
9.77584890232639e-18,0.459983130475195,0.026,0.136,3.14303318058696e-13,"3","LEMD2"
1.01968198549286e-17,0.397772483072765,0.03,0.143,3.2783795515581e-13,"3","RNF169"
1.03478150193769e-17,1.22758986565814,0.064,0.206,3.32692600687985e-13,"3","REV3L"
1.03713389666221e-17,0.265190493260657,0.017,0.12,3.33448919115868e-13,"3","SLC51A"
1.08390600025782e-17,0.344700954561034,0.023,0.131,3.48486618142893e-13,"3","ABCA5"
1.08423594536018e-17,0.632839227755335,0.043,0.168,3.4859269879275e-13,"3","ZNF384"
1.09023943996858e-17,0.668226157389598,0.035,0.152,3.50522882344298e-13,"3","STARD9"
1.0965473541108e-17,0.766555423390639,0.04,0.161,3.52550939820163e-13,"3","ZC3H14"
1.13475018459927e-17,0.57850559795078,0.044,0.17,3.64833531850511e-13,"3","FNBP4"
1.15860366313808e-17,0.400264220994883,0.03,0.143,3.72502663735523e-13,"3","ISM1"
1.17082469938895e-17,0.297883633281612,0.019,0.122,3.76431849100542e-13,"3","CLUAP1"
1.18722700477323e-17,0.385981054471005,0.026,0.136,3.81705354304643e-13,"3","ATRIP"
1.19856205844597e-17,0.318177139167694,0.028,0.141,3.85349687410965e-13,"3","PPP1R8"
1.34149492865551e-17,0.616633256666684,0.046,0.172,4.31304034512035e-13,"3","FMNL2"
1.36000627833554e-17,0.6454325534976,0.041,0.163,4.37255618547659e-13,"3","ANKDD1A"
1.37479310816691e-17,0.506353827410464,0.019,0.122,4.42009732206743e-13,"3","PROSER1"
1.4135568649625e-17,0.307990962671401,0.017,0.119,4.54472667654093e-13,"3","DBP"
1.42648280993675e-17,0.411648113654902,0.025,0.133,4.58628488222763e-13,"3","PDE1A"
1.45146267517857e-17,0.379201466539008,0.031,0.145,4.66659764696661e-13,"3","RSRC1"
1.59658835431701e-17,0.428703412829381,0.03,0.142,5.13319121796463e-13,"3","EIF4EBP1"
1.64196599568368e-17,0.46729634412035,0.023,0.131,5.27908487272259e-13,"3","CD4"
1.6622813283341e-17,0.315151376471976,0.028,0.14,5.34440069872697e-13,"3","AC138305.3"
1.6733485539016e-17,0.743840020624099,0.028,0.14,5.37998293564903e-13,"3","TRIQK"
1.6792637776617e-17,0.546049117753919,0.047,0.173,5.39900097156014e-13,"3","LCAT"
1.70472497701036e-17,0.354731212061114,0.028,0.14,5.48086127358602e-13,"3","CARHSP1"
1.71431321434148e-17,0.37589583911312,0.031,0.144,5.5116884154293e-13,"3","FRG1CP"
1.73111868184912e-17,0.422444057156347,0.036,0.153,5.56571967401312e-13,"3","SRP54"
1.81739905538477e-17,0.520136406770572,0.033,0.149,5.84311970296757e-13,"3","DLAT"
1.85937737646682e-17,0.672303441209946,0.038,0.158,5.97808420307847e-13,"3","ITGB3BP"
1.87794188867872e-17,0.309890906801907,0.032,0.146,6.03777096629096e-13,"3","SRRM5"
2.0049879005043e-17,0.45358608012933,0.032,0.146,6.44623659891138e-13,"3","LLPH"
2.02153372878551e-17,0.339410700445007,0.031,0.144,6.49943309141829e-13,"3","SLFN5"
2.08460898793066e-17,0.440541298979365,0.021,0.125,6.70222635709586e-13,"3","MAP1S"
2.08705335159791e-17,0.253346120511333,0.019,0.121,6.71008523072243e-13,"3","NUP62"
2.1004921718868e-17,0.668711176481255,0.023,0.13,6.75329238183326e-13,"3","IFT122"
2.11818303124677e-17,0.915113689901857,0.033,0.148,6.8101702637615e-13,"3","CIR1"
2.12483844657554e-17,0.443661464045569,0.037,0.155,6.83156808958503e-13,"3","SPATA7"
2.14527641182638e-17,0.839512658686207,0.017,0.118,6.89727819166299e-13,"3","GOT1"
2.30237011039177e-17,0.616123500749239,0.015,0.113,7.40235014192058e-13,"3","AL391422.2"
2.371283989766e-17,0.333766686008599,0.027,0.137,7.62391515549668e-13,"3","ARAP3"
2.39283227184522e-17,0.541356882896831,0.031,0.143,7.69319503720957e-13,"3","P3H4"
2.44525776111127e-17,0.414001915706812,0.02,0.123,7.86174822774884e-13,"3","RBM14"
2.45496261702264e-17,0.861349233020483,0.04,0.159,7.89295030998949e-13,"3","KLHDC10"
2.54879762894962e-17,0.812726955549956,0.031,0.144,8.19463925683593e-13,"3","BORCS7-ASMT"
2.59603658444506e-17,0.274991590905728,0.023,0.13,8.3465172226493e-13,"3","FAM174A"
2.65834115143458e-17,0.699427385884332,0.021,0.125,8.54683263597731e-13,"3","ZNF518A"
2.6752698591945e-17,0.363190299108808,0.041,0.161,8.60126012429623e-13,"3","ADAMTS4"
2.7033621623295e-17,0.560988198910095,0.03,0.141,8.69157968810556e-13,"3","AC104389.4"
2.74412769941758e-17,0.900816314865671,0.052,0.181,8.82264496639747e-13,"3","KAT7"
2.75581346523158e-17,0.685420861252913,0.026,0.134,8.86021587206607e-13,"3","PARP4"
2.89095370968966e-17,0.544825710445451,0.038,0.157,9.29470527202322e-13,"3","AHCTF1"
2.99976864539309e-17,0.881565452690624,0.026,0.134,9.64455617180332e-13,"3","IMPACT"
3.04993140953269e-17,0.774006743528514,0.023,0.129,9.80583447478854e-13,"3","GPR183"
3.07764722533317e-17,0.525615626005753,0.035,0.15,9.89494359416867e-13,"3","CACNB3"
3.11163279096532e-17,0.268383591069639,0.028,0.138,1.00042105862326e-12,"3","ARNT2"
3.27856570961634e-17,0.50197893400676,0.032,0.145,1.05409166129875e-12,"3","ACADS"
3.28357664008782e-17,0.7743551842156,0.059,0.194,1.05570272555463e-12,"3","ABI2"
3.2885074986009e-17,1.18888117344809,0.037,0.154,1.05728804587517e-12,"3","RABEPK"
3.38147937044855e-17,0.519395944692977,0.04,0.159,1.08717943239291e-12,"3","DLEU2"
3.41988414208294e-17,0.887776832893375,0.044,0.167,1.09952695052109e-12,"3","ACBD3"
3.51520626930665e-17,0.633956442182926,0.048,0.174,1.13017396764478e-12,"3","CLK2"
3.53537714444355e-17,0.775392539106274,0.049,0.176,1.13665910571005e-12,"3","CACNB2"
3.57380227783363e-17,0.509360894131054,0.041,0.161,1.14901317034629e-12,"3","TREX2"
3.59572648684767e-17,0.612753681827095,0.031,0.143,1.1560620227864e-12,"3","MYO18A"
3.63392953415151e-17,0.893730891053318,0.043,0.165,1.16834468452505e-12,"3","AGAP1"
3.6962769995493e-17,0.38265037996413,0.022,0.127,1.18839001812509e-12,"3","HECTD3"
3.8375645083387e-17,0.346028721410129,0.02,0.122,1.23381536507598e-12,"3","TXNDC9"
3.88909985557456e-17,0.755610146816382,0.036,0.151,1.25038449456578e-12,"3","NR4A3"
3.89683880252101e-17,0.381902461082328,0.023,0.129,1.25287264339853e-12,"3","TRAPPC13"
3.95495675999859e-17,0.452725112050022,0.026,0.133,1.27155814790715e-12,"3","ROBO1"
4.12131603033756e-17,0.895351704696183,0.047,0.171,1.32504431691383e-12,"3","AC010619.1"
4.13966195234137e-17,0.302675236524251,0.023,0.129,1.33094271429727e-12,"3","SH3BGR"
4.38145751243245e-17,0.419066349439026,0.033,0.147,1.40868240482216e-12,"3","SOX4"
4.70580229286453e-17,0.546051045368248,0.028,0.138,1.51296249517888e-12,"3","METTL7B"
4.72340975164705e-17,0.351777502364394,0.028,0.138,1.51862346925204e-12,"3","AP001094.1"
4.77847132328527e-17,0.536847977043908,0.017,0.117,1.53632631514945e-12,"3","ZNF672"
4.81771408343197e-17,0.550404203043064,0.028,0.138,1.54894325496421e-12,"3","MIR762HG"
4.87796527196654e-17,0.515625779006856,0.031,0.142,1.56831461458996e-12,"3","GOLT1B"
4.89892242671213e-17,1.11166676596865,0.051,0.178,1.57505254941222e-12,"3","CDK13"
4.98018198907426e-17,0.918533678749227,0.026,0.133,1.60117831130727e-12,"3","CLOCK"
5.31293094353873e-17,0.635892140039003,0.038,0.155,1.70816042765714e-12,"3","INAFM1"
5.38230367960495e-17,0.30226678581621,0.02,0.121,1.73046445602979e-12,"3","HSCB"
5.39288003692809e-17,0.68082084312314,0.021,0.123,1.73386486067275e-12,"3","KIF3C"
5.51296440119424e-17,1.0808738594166,0.035,0.149,1.77247318462796e-12,"3","CSAD"
5.5588814518574e-17,0.619426810795126,0.02,0.121,1.78723597558667e-12,"3","TRIM38"
5.61574949641963e-17,0.628108486679454,0.037,0.153,1.80551962059387e-12,"3","WDFY1"
5.62425344772019e-17,0.491951527231384,0.025,0.13,1.80825372597652e-12,"3","AC025171.1"
5.90140260909299e-17,0.652023230117883,0.025,0.13,1.89735995284949e-12,"3","TCAIM"
5.94186563297783e-17,0.338385037691233,0.035,0.148,1.9103692196587e-12,"3","AGO4"
6.21384681348668e-17,0.44792652909924,0.026,0.132,1.9978138890041e-12,"3","PPARG"
6.22954682726047e-17,0.545857742457155,0.025,0.13,2.00286160043251e-12,"3","KIF9"
6.33546811682824e-17,0.366245012543644,0.028,0.137,2.03691635424145e-12,"3","RNF40"
6.48766707002662e-17,0.381409584658564,0.027,0.134,2.08584983968426e-12,"3","PSEN2"
6.48954391166301e-17,0.364177831260555,0.025,0.13,2.08645326303878e-12,"3","AC011479.1"
6.52658319894795e-17,0.499195518607575,0.02,0.12,2.09836176429376e-12,"3","ZNF618"
6.56870325199118e-17,0.610070522057351,0.031,0.141,2.11190378254768e-12,"3","TATDN1"
6.62988808086815e-17,0.59638156609251,0.032,0.143,2.13157531687992e-12,"3","MAML3"
6.7527739398806e-17,0.425529781387324,0.031,0.141,2.17108434941101e-12,"3","TFCP2"
6.81839305697903e-17,1.13299411041669,0.053,0.181,2.19218155174933e-12,"3","MYO9A"
6.9465564422061e-17,0.534910597259456,0.028,0.136,2.23338736173368e-12,"3","STAG3L4"
7.08356569204773e-17,0.312894838771546,0.02,0.12,2.27743720565026e-12,"3","COG7"
7.12995666001909e-17,0.277331892826274,0.035,0.148,2.29235236576274e-12,"3","SNAP47"
7.51322469679647e-17,0.364851142887865,0.023,0.127,2.41557687226703e-12,"3","MRE11"
7.72678036846892e-17,0.473859681045372,0.031,0.141,2.48423715626644e-12,"3","CRNKL1"
7.81321065809996e-17,0.401013914740373,0.027,0.134,2.51202535868572e-12,"3","WDR86"
8.09053277259881e-17,0.754011350108248,0.04,0.156,2.60118719171824e-12,"3","TTC23"
8.23975632362212e-17,0.473049033583917,0.025,0.129,2.64916405560775e-12,"3","GET4"
8.39056937168959e-17,0.288027679940785,0.022,0.125,2.69765195869192e-12,"3","ZNF397"
8.69453276485037e-17,0.901642616417754,0.022,0.125,2.79537922922704e-12,"3","PHF5A"
9.00962183867163e-17,0.688077002499988,0.033,0.145,2.89668351735132e-12,"3","PAICS"
9.62017662540499e-17,0.652163729866087,0.017,0.115,3.09298298683396e-12,"3","ARMC2"
9.64223313968639e-17,0.626419520459946,0.035,0.147,3.10007437674057e-12,"3","DCP1A"
9.84035030499312e-17,0.430278535075867,0.016,0.113,3.16377102655834e-12,"3","NIPA1"
1.00397853658472e-16,0.622100719229586,0.019,0.117,3.22789139297353e-12,"3","PEX11B"
1.03465244478127e-16,0.433116678483323,0.035,0.147,3.32651107521626e-12,"3","PAPSS1"
1.08897754423104e-16,0.708304609449946,0.027,0.133,3.50117170245722e-12,"3","INPP4B"
1.11002011991775e-16,0.656321855558971,0.031,0.14,3.56882568754754e-12,"3","NSD1"
1.11255653574097e-16,0.604892915006312,0.02,0.119,3.5769805180608e-12,"3","AC068137.1"
1.11342822275512e-16,0.879422986437291,0.04,0.156,3.57978307897999e-12,"3","AC104123.1"
1.11570597238888e-16,0.72583563987781,0.026,0.131,3.58710627182749e-12,"3","NAALADL1"
1.11620137823817e-16,0.311380439807538,0.026,0.131,3.58869905117355e-12,"3","FP700111.1"
1.12340139471554e-16,0.294729900976001,0.016,0.112,3.61184782414993e-12,"3","COX7CP1"
1.20589802591299e-16,0.442529770454756,0.022,0.124,3.87708274311285e-12,"3","COMMD9"
1.22398079808626e-16,0.284639566977349,0.037,0.151,3.93522066392712e-12,"3","WHAMM"
1.23137064647193e-16,0.298695700022001,0.027,0.133,3.9589797654719e-12,"3","POU2F1"
1.23437791513414e-16,0.744089209417751,0.035,0.147,3.96864843494779e-12,"3","DGKH"
1.23445186658251e-16,0.382845031356901,0.026,0.131,3.96888619624941e-12,"3","FARSA"
1.24212905743938e-16,0.595677894525912,0.019,0.117,3.99356913257335e-12,"3","FSCN1"
1.2680213564032e-16,0.667815095268591,0.033,0.144,4.07681546297193e-12,"3","POLA1"
1.28586253372813e-16,0.262673684524336,0.033,0.144,4.13417663218932e-12,"3","KIAA0355"
1.31366546697658e-16,0.600882355919101,0.028,0.135,4.2235658428764e-12,"3","REX1BD"
1.31715207983159e-16,0.301399122557396,0.027,0.133,4.23477565186654e-12,"3","HEATR5B"
1.32501505596378e-16,0.467404428775129,0.04,0.155,4.26005590642914e-12,"3","PSPC1"
1.3624154127018e-16,0.722528515296526,0.023,0.126,4.38030179337754e-12,"3","EP400"
1.36505153774868e-16,0.291427793776196,0.026,0.13,4.38877719901577e-12,"3","PDHX"
1.38314149338037e-16,0.282095468839512,0.038,0.153,4.44693821536722e-12,"3","GBP1"
1.39117015160515e-16,0.613078334417422,0.035,0.146,4.47275115442571e-12,"3","CAAP1"
1.39507247375671e-16,0.42200367316449,0.04,0.155,4.48529751037521e-12,"3","SELENOI"
1.4136670226394e-16,0.485195853264895,0.03,0.137,4.54508084448794e-12,"3","REV1"
1.44074141865667e-16,0.283476145286924,0.019,0.117,4.63212773512307e-12,"3","AP001267.3"
1.44529896976045e-16,0.49825279829544,0.025,0.128,4.64678071767684e-12,"3","PLAGL1"
1.46393148681296e-16,0.323661084516739,0.031,0.139,4.70668612325234e-12,"3","AGPAT4"
1.49643724021096e-16,0.33994074928487,0.037,0.15,4.81119537100224e-12,"3","GART"
1.52266677367757e-16,0.255113331919974,0.025,0.128,4.89552594405077e-12,"3","LRP6"
1.53707757004006e-16,0.472913159806262,0.03,0.137,4.94185809543579e-12,"3","DHRS4-AS1"
1.54594945530438e-16,0.349914552071173,0.01,0.1,4.97038209374911e-12,"3","GK5"
1.55506582164685e-16,0.417814856127545,0.032,0.141,4.99969212317679e-12,"3","LRRC37B"
1.58235485515381e-16,0.869323142402551,0.044,0.164,5.08742909480503e-12,"3","SPG11"
1.58284721443094e-16,0.59574878415578,0.038,0.152,5.08901207911692e-12,"3","SNHG15"
1.62490195665524e-16,0.413435472762568,0.031,0.139,5.22422228084228e-12,"3","CBFA2T2"
1.64868854992221e-16,0.347046599105176,0.036,0.148,5.30069855685491e-12,"3","A2ML1-AS1"
1.66710955426722e-16,0.946075235763542,0.044,0.164,5.35992392792453e-12,"3","RBM22"
1.70434006968078e-16,0.418294676982665,0.027,0.132,5.47962375803068e-12,"3","UPF2"
1.72622429963738e-16,0.934317140848313,0.037,0.15,5.54998374576415e-12,"3","ASAP3"
1.72763266387007e-16,0.512302907279532,0.025,0.128,5.55451177760865e-12,"3","ST6GALNAC4"
1.9060710425825e-16,0.39221129396025,0.016,0.111,6.128209009007e-12,"3","RSPRY1"
1.91167137769479e-16,0.528862601456167,0.042,0.159,6.14621464642653e-12,"3","AC093668.2"
1.92019359934708e-16,0.812926244232887,0.033,0.143,6.1736144412608e-12,"3","SGCD"
1.98296611029786e-16,0.507285929930459,0.026,0.13,6.37543434121865e-12,"3","GPR176"
1.99383218138668e-16,0.363365772698926,0.028,0.134,6.41036984637631e-12,"3","FARP2"
2.0139638442393e-16,0.64093474069154,0.021,0.12,6.47509515561378e-12,"3","RWDD4"
2.02152952824099e-16,0.434577279323677,0.03,0.136,6.4994195862476e-12,"3","KIF28P"
2.02211102641235e-16,0.264898857332887,0.017,0.113,6.50128916101833e-12,"3","TTC38"
2.02688246944797e-16,0.45358802513592,0.017,0.113,6.51662982752218e-12,"3","RPL35P2"
2.07255543103896e-16,0.602914369654283,0.028,0.134,6.66347296633337e-12,"3","MLX"
2.09812787602497e-16,0.610718629123634,0.023,0.125,6.74569093420788e-12,"3","PCSK1"
2.11662531859181e-16,0.703893623523418,0.031,0.139,6.80516206180453e-12,"3","ARHGEF15"
2.14945835699813e-16,0.333846965917364,0.016,0.111,6.91072356358469e-12,"3","MTG2"
2.23510375550616e-16,0.57858452850608,0.038,0.152,7.18608208432786e-12,"3","SYNJ1"
2.2916177573752e-16,0.729397802512694,0.042,0.158,7.36778025173699e-12,"3","AC118549.1"
2.32715120005418e-16,0.856110684855963,0.026,0.129,7.4820238232942e-12,"3","AL450405.1"
2.37595031291701e-16,0.437347428036494,0.025,0.127,7.63891785105947e-12,"3","ABCB10"
2.41040373416592e-16,0.837872661755539,0.032,0.141,7.74968904571686e-12,"3","EEF1B2P3"
2.46680273385244e-16,0.784239744226095,0.032,0.141,7.93101746960899e-12,"3","RPSAP54"
2.72516173799402e-16,0.81341920020235,0.025,0.127,8.76166750382457e-12,"3","ZNF621"
2.74265935843625e-16,0.604242072711999,0.035,0.145,8.81792410330839e-12,"3","DDX10"
2.86537492630506e-16,0.654405245290558,0.038,0.151,9.2124669255634e-12,"3","ZNF131"
2.89261087751282e-16,0.345836617974785,0.023,0.124,9.30003323229147e-12,"3","ARMT1"
2.89364074295528e-16,0.369545478207622,0.03,0.136,9.30334435267553e-12,"3","ACSM3"
2.89556288228402e-16,0.501203475242697,0.047,0.167,9.30952422283134e-12,"3","ZRANB2"
2.90735204697449e-16,0.420729333874253,0.02,0.117,9.34742756622767e-12,"3","RPS26P15"
2.96067660642525e-16,1.02232074000062,0.056,0.182,9.51887135731781e-12,"3","ANPEP"
2.98181658981832e-16,0.446800221400819,0.033,0.142,9.58683851792487e-12,"3","NSMCE3"
3.01858595969045e-16,0.367942219171689,0.023,0.124,9.70505571900077e-12,"3","ZNF503"
3.11113897479264e-16,0.297795698370362,0.019,0.115,1.00026229178558e-11,"3","MEX3C"
3.17269683206733e-16,0.276662635420975,0.031,0.138,1.02005375847797e-11,"3","MAPK8"
3.1776786444075e-16,0.518944932810327,0.021,0.119,1.02165546096346e-11,"3","AC106886.4"
3.18450730323318e-16,0.594194347885411,0.015,0.108,1.0238509430625e-11,"3","MXRA5"
3.26049672524514e-16,0.617693190102687,0.028,0.133,1.04828230213357e-11,"3","ALG6"
3.33917456127986e-16,0.824000486087844,0.028,0.133,1.07357801319709e-11,"3","SMC5"
3.35588922575158e-16,0.552454161803253,0.023,0.124,1.07895194497139e-11,"3","SETDB2"
3.37116712401153e-16,0.293930387826532,0.028,0.133,1.08386394204095e-11,"3","EPC2"
3.41090096576185e-16,0.600409180699168,0.038,0.151,1.09663876950209e-11,"3","ARMCX1"
3.43913967372368e-16,0.818102172885917,0.022,0.122,1.1057177964989e-11,"3","PITPNA-AS1"
3.57356610332642e-16,0.391290662945188,0.03,0.135,1.14893723788048e-11,"3","GPSM3"
3.6046942905962e-16,0.424668418443563,0.025,0.126,1.15894526136958e-11,"3","GLIS1"
3.61528375890966e-16,0.301154910331207,0.02,0.117,1.16234988132704e-11,"3","SRPX2"
3.62879442072978e-16,0.50057326184013,0.025,0.126,1.16669369420883e-11,"3","FBXO8"
3.72066418973716e-16,0.399335556612117,0.023,0.124,1.19623074364239e-11,"3","PKNOX1"
3.77548567553676e-16,0.281232707617487,0.022,0.121,1.21385639954182e-11,"3","PEX13"
3.86205170652015e-16,0.634963345781004,0.019,0.114,1.24168824416329e-11,"3","ACP6"
3.90397863859364e-16,0.574721679149429,0.036,0.146,1.25516817209424e-11,"3","CAMK1D"
3.90573558419567e-16,1.04687847510732,0.043,0.16,1.25573304767475e-11,"3","MT-TH"
4.00838681708475e-16,1.25070378805775,0.033,0.142,1.28873644556092e-11,"3","ZFAND1"
4.02658932107714e-16,0.349145190541121,0.021,0.119,1.29458873261951e-11,"3","CLN3"
4.10412304651928e-16,1.04216723995852,0.052,0.174,1.31951660068641e-11,"3","RTCA"
4.12097549374975e-16,0.487926725025741,0.03,0.135,1.32493483099548e-11,"3","LPIN2"
4.12762514907016e-16,0.63361035693418,0.025,0.126,1.32707276167755e-11,"3","MYO15B"
4.25613699973353e-16,0.646890852517537,0.042,0.157,1.36839060678433e-11,"3","AC015802.6"
4.29709028368664e-16,0.489986867708678,0.022,0.121,1.38155749710809e-11,"3","RCBTB1"
4.33412209196775e-16,0.339538722797585,0.022,0.121,1.39346359378855e-11,"3","ABCD3"
4.4900356541867e-16,0.39355815138978,0.021,0.119,1.44359136317757e-11,"3","ELMO2"
4.62150164055469e-16,0.487306771661564,0.026,0.128,1.48585899245474e-11,"3","GPR62"
4.69042936454988e-16,0.470613069446972,0.025,0.125,1.50801994499643e-11,"3","GPER1"
4.72080901975329e-16,0.378863018309385,0.021,0.118,1.51778730794088e-11,"3","WDR20"
4.95392306318456e-16,0.59280537997072,0.023,0.123,1.59273580404447e-11,"3","RIOX2"
4.97369968899422e-16,0.254097145877706,0.016,0.109,1.59909418700853e-11,"3","CHD1"
5.06668190777659e-16,0.454495055471511,0.02,0.116,1.62898890016925e-11,"3","MTRR"
5.15865828096697e-16,0.780101803705459,0.032,0.139,1.65856022391369e-11,"3","SCRIB"
5.1621673207607e-16,0.645721873305455,0.025,0.125,1.65968841529777e-11,"3","RASA1"
5.19417722813587e-16,0.361596763170659,0.027,0.13,1.66997992061797e-11,"3","MANBA"
5.29241700495499e-16,0.659958690633335,0.027,0.13,1.70156499126308e-11,"3","TCERG1"
5.40894680459814e-16,0.530361225138218,0.031,0.136,1.73903048714635e-11,"3","CDK11B"
5.41489871974454e-16,0.649962512360627,0.028,0.132,1.74094408738507e-11,"3","NBPF20"
5.43335952154164e-16,0.443144977098128,0.028,0.132,1.74687941977085e-11,"3","LIPE-AS1"
5.49556228303666e-16,0.561578603125051,0.012,0.102,1.76687822961912e-11,"3","EYA4"
5.65115373174249e-16,0.479288960891686,0.021,0.118,1.81690243629253e-11,"3","NOD1"
5.71455400386223e-16,0.558093819183314,0.036,0.145,1.83728625778175e-11,"3","MCU"
5.78713840430771e-16,0.563938213649229,0.026,0.127,1.86062286836897e-11,"3","PLA2R1"
6.04969679578257e-16,0.600313217648724,0.025,0.125,1.94503801681206e-11,"3","ISL2"
6.10791598502151e-16,0.485498959837339,0.022,0.12,1.96375606834427e-11,"3","DLST"
6.1946544515752e-16,0.671834876226054,0.031,0.136,1.99164335272594e-11,"3","HES4"
6.20109543965011e-16,0.863154853232234,0.032,0.138,1.99371419480191e-11,"3","USP9Y"
6.28395594997956e-16,0.48403933985626,0.012,0.101,2.02035467747793e-11,"3","RNF214"
6.49744026190594e-16,0.301934248638919,0.03,0.134,2.08899201860538e-11,"3","TVP23C"
6.58549810885741e-16,0.611915610557714,0.037,0.147,2.11730349697875e-11,"3","CCNC"
7.25023500739598e-16,0.290906289798192,0.027,0.129,2.33102305722788e-11,"3","MRM2"
7.55415302382563e-16,0.681900571278142,0.032,0.138,2.42873573869018e-11,"3","MYO6"
7.66490633471196e-16,0.566009114706107,0.033,0.14,2.46434403567324e-11,"3","AC017116.2"
7.68637845248194e-16,0.853150476392695,0.043,0.158,2.47124753625747e-11,"3","RAP2A"
8.02366151053203e-16,1.02463590607277,0.062,0.19,2.57968741225115e-11,"3","SNTB2"
8.23714251916783e-16,0.512488314724439,0.025,0.124,2.64832369133765e-11,"3","SACS"
8.45347846030666e-16,0.327641617789294,0.031,0.135,2.71787785977319e-11,"3","WRAP73"
8.58814890362524e-16,0.281742619030483,0.03,0.133,2.76117575400455e-11,"3","TIMM9"
8.79024699880831e-16,0.712170374228505,0.022,0.119,2.82615231258686e-11,"3","NR1D2"
9.06990324183214e-16,0.47708155074021,0.035,0.142,2.91606459128145e-11,"3","ZNF37BP"
9.19242807054859e-16,0.335695743107977,0.02,0.115,2.95545754896208e-11,"3","U2AF2"
9.22378195739685e-16,0.546631645395462,0.019,0.112,2.96553813712266e-11,"3","CLIP2"
9.84471801925595e-16,0.506916269872581,0.033,0.14,3.16517529037098e-11,"3","KANTR"
1.00644126766659e-15,0.51446097357104,0.025,0.124,3.23580931967485e-11,"3","ATP8B1"
1.0119145967613e-15,0.425702303293944,0.015,0.105,3.25340662004724e-11,"3","DIS3L"
1.0253172238078e-15,0.348381152853073,0.017,0.11,3.29649740626445e-11,"3","VAV2"
1.04693026540638e-15,0.499833343774399,0.031,0.135,3.36598549630804e-11,"3","ZBTB10"
1.05611831957366e-15,0.545984768933696,0.043,0.157,3.39552600926128e-11,"3","LENG9"
1.12540462246504e-15,0.297839345730946,0.02,0.114,3.61828840168734e-11,"3","ZNHIT6"
1.12978911942423e-15,0.437855575838349,0.02,0.114,3.63238499786084e-11,"3","TDG"
1.13594183171544e-15,0.497966349368909,0.025,0.123,3.65216658314831e-11,"3","MRPL1"
1.18250969499879e-15,0.652596818307159,0.017,0.109,3.80188692039062e-11,"3","SLC35B4"
1.21580603038287e-15,0.563195174604167,0.022,0.119,3.90893796828395e-11,"3","HINT2"
1.22988270593377e-15,0.672673864215258,0.03,0.132,3.95419588784767e-11,"3","STXBP1"
1.23776769758883e-15,0.525935009364812,0.043,0.157,3.97954692451784e-11,"3","PPARD"
1.24055646808242e-15,0.446638563270034,0.026,0.125,3.98851310053177e-11,"3","FUK"
1.29225154353066e-15,0.407012854782562,0.02,0.114,4.15471793760543e-11,"3","MCPH1"
1.30341291952019e-15,0.428981787578937,0.038,0.148,4.19060287754936e-11,"3","SPAG1"
1.30996159820463e-15,0.295301533995245,0.025,0.123,4.21165753438772e-11,"3","LETM1"
1.31053845540183e-15,0.452408511275987,0.025,0.123,4.21351218796243e-11,"3","MCTP1"
1.32082097785726e-15,0.630296878789563,0.027,0.128,4.24657152590887e-11,"3","AGTPBP1"
1.3242254130659e-15,0.271498989805871,0.019,0.112,4.25751712554816e-11,"3","AC090772.3"
1.36129530488396e-15,0.285579422426989,0.03,0.132,4.37670053473243e-11,"3","ATP11A"
1.36544107433826e-15,0.672573902747634,0.022,0.118,4.39002959810494e-11,"3","FAM98B"
1.39761249028388e-15,0.342528638098273,0.023,0.121,4.49346391751169e-11,"3","RABEP1"
1.40014165547129e-15,0.596753707430736,0.022,0.118,4.50159543650575e-11,"3","AL121845.3"
1.40840473663099e-15,0.290913562955064,0.025,0.123,4.52816206874231e-11,"3","AC021733.1"
1.41764831553966e-15,0.818910750345944,0.035,0.141,4.55788109929157e-11,"3","TRMU"
1.42679131821692e-15,0.707777719658125,0.03,0.132,4.58727676719922e-11,"3","TOMM40"
1.43146939883264e-15,0.551599621569504,0.026,0.125,4.60231726418682e-11,"3","NATD1"
1.44843490763321e-15,0.507569305459459,0.019,0.111,4.65686307153153e-11,"3","ZNF282"
1.4578074401523e-15,0.841779848821867,0.03,0.132,4.68699670083367e-11,"3","MYO7A"
1.4690689700951e-15,0.32879981068377,0.023,0.12,4.72320364575274e-11,"3","TDRD3"
1.48258634356718e-15,0.284435912370034,0.02,0.113,4.76666335320285e-11,"3","FBXO33"
1.61409234860261e-15,0.410198536848827,0.03,0.132,5.18946830999224e-11,"3","SPECC1L"
1.61444147493435e-15,0.34676691063438,0.03,0.131,5.19059078606144e-11,"3","TENT5A"
1.71360648799918e-15,0.396080111418239,0.031,0.134,5.50941621956617e-11,"3","AC027309.1"
1.72909026832397e-15,0.366838931690616,0.023,0.12,5.55919812168839e-11,"3","AC022826.2"
1.73890697728759e-15,1.01504126463633,0.052,0.171,5.59075982267735e-11,"3","AC010468.1"
1.76404375672738e-15,0.486798816431444,0.03,0.131,5.67157708225421e-11,"3","OSBPL10"
1.78379227495102e-15,0.316875843172954,0.028,0.129,5.73507054319502e-11,"3","CRTC1"
1.80734792837833e-15,0.34451757595347,0.02,0.113,5.81080432452917e-11,"3","TMEM39A"
1.84666169942808e-15,0.342742133204726,0.023,0.12,5.93720202983123e-11,"3","AL671710.1"
1.86415921051862e-15,0.556940629795737,0.016,0.106,5.99345827773841e-11,"3","TTC8"
1.88860240845588e-15,0.412129483866365,0.019,0.111,6.0720456034265e-11,"3","FANCI"
1.88971255588371e-15,0.540161704975668,0.023,0.12,6.07561483842171e-11,"3","DEDD2"
1.92373258292867e-15,0.286918569345447,0.03,0.131,6.18499262737397e-11,"3","EPG5"
1.98821540353475e-15,0.402599619303835,0.028,0.129,6.39231134390457e-11,"3","INO80D"
1.99077654855014e-15,0.306896608834422,0.02,0.113,6.40054568124355e-11,"3","FMC1"
2.00131374033619e-15,0.453639172144454,0.032,0.136,6.4344238065549e-11,"3","MTCO1P40"
2.00473549898669e-15,0.659667175522054,0.026,0.124,6.4454251027921e-11,"3","SNAP29"
2.00992351080758e-15,0.479997518885311,0.02,0.113,6.46210507959745e-11,"3","MIA2"
2.01131855407971e-15,0.328074574533837,0.028,0.129,6.46659028322167e-11,"3","SYNE3"
2.01275617527102e-15,0.418717178629283,0.022,0.118,6.47121237911387e-11,"3","ST3GAL6"
2.05903525327436e-15,0.51258468313688,0.025,0.122,6.6200042428024e-11,"3","C11orf95"
2.1348402753169e-15,0.414779490135518,0.015,0.103,6.86372496917137e-11,"3","FERMT3"
2.17709680037573e-15,0.351203051176708,0.027,0.127,6.99958392288801e-11,"3","LMCD1"
2.21024022337247e-15,0.271367439742512,0.032,0.135,7.10614334216484e-11,"3","TRAPPC9"
2.22102486430019e-15,0.371021787437088,0.021,0.115,7.14081704121154e-11,"3","AD000671.2"
2.23026284655221e-15,0.760336774395877,0.026,0.124,7.17051807795002e-11,"3","ITPR3"
2.33593324410195e-15,0.45557091542904,0.027,0.126,7.51025897311219e-11,"3","RPTOR"
2.37225718555046e-15,0.333986117068071,0.025,0.122,7.62704407726327e-11,"3","FAP"
2.39118218113931e-15,0.717607199794615,0.035,0.14,7.687889830581e-11,"3","BCL6B"
2.51344107718109e-15,0.672446284971339,0.025,0.122,8.08096440724491e-11,"3","VPS8"
2.53467281506865e-15,0.793574861519271,0.022,0.117,8.14922656772723e-11,"3","CDH12"
2.55632817175088e-15,0.44826993626171,0.032,0.135,8.21885070499625e-11,"3","SOX7"
2.56666115203778e-15,0.360160641254736,0.025,0.121,8.25207226991666e-11,"3","ARHGEF6"
2.59246519498096e-15,0.710468601319224,0.026,0.124,8.33503484838329e-11,"3","C18orf25"
2.61634000069159e-15,0.783728853032014,0.041,0.15,8.41179473622353e-11,"3","ARHGAP27P1-BPTFP1-KPNA2P3"
2.67002994579306e-15,0.644048235193715,0.031,0.133,8.58441327871926e-11,"3","PIAS3"
2.68010227887173e-15,0.441162978677877,0.028,0.128,8.61679683680051e-11,"3","ZKSCAN8"
2.72814722856384e-15,0.943093093370383,0.03,0.13,8.7712661545556e-11,"3","UIMC1"
2.75380055327734e-15,0.627738382490948,0.026,0.124,8.85374415884199e-11,"3","RCOR1"
2.87083392940012e-15,0.479101706334574,0.022,0.117,9.23001816641433e-11,"3","SCAND1"
2.94017037149647e-15,0.942294703233995,0.028,0.128,9.45294176139831e-11,"3","EYA1"
2.96120831465104e-15,0.390785133343574,0.027,0.126,9.52058085243457e-11,"3","KMT2A"
3.05422726494061e-15,0.281306852427407,0.021,0.114,9.81964607951055e-11,"3","RPL4P5"
3.06635960211577e-15,0.564900233176943,0.047,0.161,9.85865275676241e-11,"3","HAUS7"
3.08601165176317e-15,0.468059433257,0.021,0.114,9.92183606158377e-11,"3","MAML2"
3.16761710875611e-15,0.287989814105746,0.021,0.114,1.01842057663618e-10,"3","MYO5A"
3.23878926275204e-15,0.288941650531729,0.04,0.147,1.04130313586741e-10,"3","WDR90"
3.25917454460442e-15,0.426416995080229,0.025,0.121,1.04785720783577e-10,"3","NUP54"
3.30427869706599e-15,0.478045787637412,0.02,0.112,1.06235864389369e-10,"3","TNRC6C"
3.33594112806224e-15,0.311139330960561,0.02,0.112,1.07253843208329e-10,"3","MYSM1"
3.40897444247088e-15,0.549555658606608,0.027,0.125,1.09601937299881e-10,"3","RAB33B"
3.4192891287557e-15,0.353009815719839,0.017,0.107,1.09933564778624e-10,"3","POFUT2"
3.46881338162742e-15,0.377140725307699,0.032,0.134,1.11525819032703e-10,"3","FAM241A"
3.48264375604551e-15,0.676737019414583,0.021,0.114,1.11970479400619e-10,"3","VIT"
3.48660348085007e-15,0.452447959431265,0.02,0.112,1.12097788512811e-10,"3","HACE1"
3.52818235405254e-15,0.593173532459581,0.03,0.13,1.13434590865143e-10,"3","RYR2"
3.57331627124019e-15,0.942687135942647,0.037,0.143,1.14885691436643e-10,"3","BNC2"
3.58243478566488e-15,0.617777636811894,0.026,0.123,1.15178860793912e-10,"3","AC004824.1"
3.65261203311485e-15,0.48773794654071,0.021,0.114,1.17435129476676e-10,"3","IKBIP"
3.67320838142811e-15,0.520366437409038,0.036,0.141,1.18097322671295e-10,"3","IFT88"
3.68673894066949e-15,0.254675393322924,0.017,0.107,1.18532343681465e-10,"3","NCDN"
3.82736902592281e-15,0.452530585906339,0.025,0.12,1.23053741552444e-10,"3","NAA16"
3.8433019630847e-15,0.323772681861118,0.03,0.13,1.23566001415136e-10,"3","DDX54"
3.84897803059715e-15,0.694605717813378,0.023,0.118,1.23748492661729e-10,"3","FAM89A"
3.86314610108747e-15,0.507993580476565,0.015,0.102,1.24204010296063e-10,"3","KCTD17"
3.8680814406178e-15,0.435984213098858,0.027,0.125,1.24362686397303e-10,"3","ADAMTS10"
3.98582579774962e-15,0.40842307181764,0.026,0.123,1.28148285223448e-10,"3","CBWD6"
4.10657855085114e-15,0.538819914834524,0.028,0.127,1.32030606988415e-10,"3","ZKSCAN7-AS1"
4.19050523252455e-15,0.600811783716395,0.027,0.125,1.34728933730897e-10,"3","THNSL2"
4.46054419409327e-15,0.795586891220745,0.03,0.129,1.43410956384293e-10,"3","AC138894.1"
4.47569426642466e-15,0.458886276087633,0.019,0.109,1.43898046359819e-10,"3","DOC2B"
4.49332182172152e-15,0.925664115367181,0.032,0.134,1.44464789890169e-10,"3","ATXN7L3"
4.62059793419062e-15,0.372143602311068,0.017,0.106,1.48556844182163e-10,"3","ATG2A"
4.6508180389033e-15,0.865181440460934,0.031,0.131,1.4952845076878e-10,"3","CNOT9"
4.68591235850014e-15,0.721179388876467,0.023,0.118,1.50656768238138e-10,"3","CTPS2"
4.7392121657002e-15,0.568062890274974,0.031,0.131,1.52370410339427e-10,"3","FES"
4.77428944581937e-15,0.648541323898265,0.016,0.104,1.53498179972538e-10,"3","KCTD18"
4.79970457458927e-15,0.364076789852857,0.028,0.127,1.5431530177762e-10,"3","ITGA2"
4.84163630611755e-15,0.335080832651273,0.017,0.106,1.55663448877985e-10,"3","AC008894.2"
4.86268843755165e-15,0.264164050727492,0.022,0.115,1.56340295955723e-10,"3","TMEM161A"
4.88163013735454e-15,0.379799749486981,0.025,0.12,1.56949290546086e-10,"3","WDR36"
4.88794831516204e-15,0.575658514805212,0.03,0.129,1.57152426280775e-10,"3","RPS2P7"
5.08619760921216e-15,0.37707420443531,0.031,0.131,1.6352633933378e-10,"3","AC244197.3"
5.22320834982744e-15,0.333860604943177,0.036,0.14,1.67931371655302e-10,"3","MED12"
5.27927880430704e-15,0.387228211583128,0.017,0.106,1.69734092837276e-10,"3","EBAG9"
5.37788559028564e-15,0.274836944361951,0.015,0.101,1.72904399613274e-10,"3","CBR3-AS1"
5.49154651761723e-15,0.48517550335736,0.032,0.133,1.76558712087912e-10,"3","TDRP"
5.49322236005103e-15,0.437428922060036,0.025,0.12,1.76612592098e-10,"3","TYMP"
5.58316949142202e-15,0.315421725157621,0.022,0.115,1.79504482318709e-10,"3","ANKRD50"
5.61790792411512e-15,0.404962520522844,0.025,0.12,1.80621357668225e-10,"3","RAPGEF2"
5.68378205428139e-15,0.825522992287312,0.037,0.142,1.82739276827201e-10,"3","MAP4K3"
5.80131197583213e-15,0.381048524938905,0.04,0.146,1.86517981334979e-10,"3","KIF3B"
5.87453800926919e-15,0.402304203074188,0.017,0.106,1.88872271536014e-10,"3","BATF3"
5.9741754998477e-15,0.283291597931562,0.016,0.103,1.92075716495603e-10,"3","SLC25A51"
6.01182314463786e-15,0.612934598601491,0.017,0.106,1.93286125923252e-10,"3","ADA2"
6.05418908522816e-15,0.500636786002428,0.022,0.115,1.9464823327917e-10,"3","ABHD17C"
6.06782256068777e-15,0.597447571309793,0.042,0.151,1.95086563148672e-10,"3","SCARF1"
6.08222813231872e-15,0.614280227818222,0.015,0.101,1.95549716682179e-10,"3","TUBB2B"
6.15434185468855e-15,0.303292224255248,0.023,0.117,1.97868244970092e-10,"3","AC008443.1"
6.18686602750431e-15,0.584117953010451,0.023,0.117,1.98913929650291e-10,"3","NUDT17"
6.2236280735342e-15,0.383533639813925,0.026,0.122,2.00095866192198e-10,"3","RAE1"
6.37727916218208e-15,0.339894932975772,0.036,0.139,2.05035902343316e-10,"3","ZZEF1"
6.47377461142872e-15,0.453430666681645,0.021,0.113,2.08138327532045e-10,"3","SLC50A1"
6.51155383605186e-15,0.403800966869196,0.021,0.113,2.09352967382903e-10,"3","AL022328.4"
6.60562018430436e-15,0.547414388712538,0.022,0.115,2.1237729454557e-10,"3","P3H2"
6.65483802504405e-15,0.459976415487461,0.023,0.117,2.13959697343191e-10,"3","SGK3"
6.70649035092388e-15,1.09484710538434,0.063,0.186,2.15620371272554e-10,"3","STEAP4"
6.89360190388942e-15,0.442112474873799,0.028,0.126,2.21636194811949e-10,"3","ZNF768"
6.97982138428944e-15,0.446687193400732,0.027,0.124,2.2440823732629e-10,"3","TARBP1"
7.00020567933448e-15,0.483608284550659,0.026,0.122,2.25063612796283e-10,"3","EEF1DP1"
7.01530807179033e-15,0.5938777713168,0.026,0.122,2.25549169816131e-10,"3","SRCAP"
7.05036642065286e-15,1.05850442002012,0.022,0.115,2.2667633079041e-10,"3","PPP1R16B"
7.10427946684771e-15,0.664266029904387,0.032,0.133,2.28409689138621e-10,"3","RAB3IL1"
7.61220037821094e-15,0.676279340315755,0.027,0.124,2.4473985435986e-10,"3","ZNF333"
7.79064850098881e-15,0.787999017416446,0.016,0.103,2.50477139955291e-10,"3","SYNJ2BP"
7.92747676869159e-15,0.619378308056895,0.026,0.121,2.54876305590203e-10,"3","CCDC7"
8.21022883272873e-15,0.563760971429519,0.025,0.119,2.63967067201062e-10,"3","MKNK1-AS1"
8.23942553797591e-15,1.23072647448412,0.099,0.249,2.64905770471463e-10,"3","ZNF653"
8.28803428744556e-15,0.579405870573623,0.017,0.105,2.66468590375662e-10,"3","AC130456.5"
8.53688351527086e-15,0.471341219579226,0.021,0.112,2.74469341899473e-10,"3","LCOR"
8.95635584087222e-15,0.460420881556862,0.028,0.125,2.87955796639883e-10,"3","RPS7P10"
9.05001211274111e-15,0.614296331798446,0.032,0.132,2.90966939436739e-10,"3","ISCA2"
9.27248065236815e-15,0.477735884508284,0.023,0.116,2.98119525454288e-10,"3","NOL8"
9.71307939297475e-15,0.488310694708868,0.023,0.116,3.12285215563531e-10,"3","HELZ2"
9.73545706851789e-15,0.686681537697886,0.04,0.145,3.13004680209919e-10,"3","SMG1"
9.93073710477028e-15,1.02533128155764,0.026,0.121,3.19283128655469e-10,"3","AC136632.1"
1.00915174672113e-14,0.395298198397673,0.032,0.131,3.24452378088311e-10,"3","DHX38"
1.01026156564985e-14,0.394402344212894,0.017,0.105,3.24809195972082e-10,"3","FAM76A"
1.05180969260197e-14,1.0688793717855,0.031,0.129,3.3816733426846e-10,"3","ASPSCR1"
1.06171749584429e-14,0.973299502800619,0.038,0.143,3.41352792088899e-10,"3","TRIM26"
1.08848753931412e-14,0.885004310016269,0.023,0.116,3.49959628764882e-10,"3","SIRT6"
1.10588427987026e-14,0.350377095722016,0.015,0.1,3.55552854821088e-10,"3","AC244107.1"
1.14527569574787e-14,0.608022641846699,0.026,0.12,3.68217588939897e-10,"3","HYOU1"
1.18032990247012e-14,0.809860269644975,0.037,0.14,3.79487866943167e-10,"3","USE1"
1.22873254255866e-14,0.448374257490356,0.017,0.104,3.95049799758035e-10,"3","IL10RB"
1.22986147767817e-14,0.653882884155905,0.026,0.12,3.95412763688307e-10,"3","LRRC17"
1.23594633654433e-14,0.481997468610169,0.02,0.109,3.97369106662368e-10,"3","DCUN1D2"
1.24356873188754e-14,0.807543481037991,0.027,0.122,3.99819782989164e-10,"3","CCDC59"
1.24816507352572e-14,0.25013911880303,0.016,0.102,4.01297552789253e-10,"3","PNPT1"
1.29418161336229e-14,0.627893227420031,0.033,0.133,4.1609233051211e-10,"3","DNAJC7"
1.29926802836612e-14,0.622045725206905,0.027,0.122,4.17727663799991e-10,"3","TMPRSS9"
1.32038939964311e-14,0.457178786704841,0.03,0.127,4.24518395879257e-10,"3","FGD4"
1.3344671746657e-14,0.730314208605362,0.028,0.124,4.2904454132677e-10,"3","ULK3"
1.35134689662931e-14,0.753819678156456,0.03,0.127,4.34471540735288e-10,"3","API5"
1.35622524072137e-14,0.366033401621148,0.025,0.118,4.36039977144329e-10,"3","GTF2IRD2"
1.36607251700358e-14,0.69001807996291,0.023,0.116,4.39205974941821e-10,"3","TKTL1"
1.37195707871321e-14,0.410363233158022,0.031,0.129,4.41097920377084e-10,"3","NTN4"
1.37530357228588e-14,0.335025310016443,0.016,0.102,4.42173851525634e-10,"3","RSBN1"
1.40658919246263e-14,0.475768975567644,0.02,0.108,4.52232491268659e-10,"3","ELMO1"
1.41915214380102e-14,0.53144437629591,0.028,0.124,4.56271605753465e-10,"3","DNMT3A"
1.43482263588812e-14,0.463838359981505,0.025,0.117,4.61309825664388e-10,"3","MVB12B"
1.48948107672213e-14,0.430573870272417,0.026,0.12,4.78883060976931e-10,"3","SLC2A10"
1.49393623025851e-14,0.654926533241621,0.019,0.106,4.80315437390412e-10,"3","ALS2"
1.49882343522075e-14,0.375600699712465,0.023,0.115,4.81886722657825e-10,"3","STRN3"
1.50546534343933e-14,0.649642817562886,0.027,0.122,4.84022162569179e-10,"3","STYX"
1.52402636326293e-14,0.818358805263927,0.026,0.12,4.89989716052665e-10,"3","MED27"
1.52788019535309e-14,0.74068773953688,0.023,0.115,4.91228761607973e-10,"3","MIRLET7A1HG"
1.58391158201914e-14,0.745688646004484,0.033,0.133,5.09243412734974e-10,"3","NRBP2"
1.63210458729397e-14,0.255284157155735,0.03,0.126,5.24737945860884e-10,"3","CWC25"
1.64800410719689e-14,0.330387595350376,0.021,0.111,5.29849800504872e-10,"3","GPR37L1"
1.64957494174493e-14,0.449764095264113,0.033,0.133,5.30354839520413e-10,"3","RUFY3"
1.65687615877703e-14,0.339902990415651,0.026,0.119,5.32702253808404e-10,"3","WDR46"
1.68231447037001e-14,0.763720023608916,0.025,0.117,5.40880925368663e-10,"3","CNOT3"
1.69732337818247e-14,0.616856662234694,0.036,0.137,5.45706439319447e-10,"3","TUBG2"
1.72350229771873e-14,0.574399676100601,0.035,0.135,5.5412322373955e-10,"3","MYCBP2"
1.73047378791983e-14,0.568181292778435,0.023,0.115,5.56364627554104e-10,"3","BORCS7"
1.76719115335551e-14,0.897320220903507,0.062,0.182,5.6816962771533e-10,"3","CLIC2"
1.80404760748521e-14,0.272644826864498,0.023,0.115,5.80019346282571e-10,"3","SYNJ2"
1.90754138693022e-14,0.658366540927645,0.023,0.115,6.13293631311936e-10,"3","SLC5A2"
1.99208719388877e-14,0.376203409305578,0.016,0.101,6.40475953707178e-10,"3","SLC8A1-AS1"
2.01073892832789e-14,1.0386700766207,0.064,0.186,6.464726728467e-10,"3","CDK19"
2.07286041456521e-14,0.893531613906652,0.027,0.121,6.6644535188686e-10,"3","RAB2B"
2.09908462665858e-14,0.265805913225627,0.025,0.117,6.74876698317001e-10,"3","AL590627.2"
2.10070898299081e-14,0.282440274777353,0.02,0.108,6.75398945121376e-10,"3","ABHD14B"
2.11598089899391e-14,0.605570633331297,0.019,0.105,6.80309018835534e-10,"3","ATXN1L"
2.13167089872615e-14,0.866623591161094,0.052,0.165,6.85353510649445e-10,"3","NFX1"
2.20524076935572e-14,0.893264590074633,0.026,0.119,7.09006959755557e-10,"3","AC117834.1"
2.2057388234136e-14,0.766605200272998,0.033,0.132,7.09167089115705e-10,"3","AL049844.1"
2.22764027713306e-14,0.755099444199938,0.037,0.139,7.16208625501051e-10,"3","STX3"
2.24016539616023e-14,0.315547395983128,0.022,0.112,7.20235576519476e-10,"3","MSANTD3"
2.31337653028637e-14,0.570500832169238,0.022,0.112,7.43773688252372e-10,"3","MCOLN1"
2.32697976251179e-14,0.603710228654183,0.037,0.138,7.48147263445166e-10,"3","NR2C2AP"
2.37045176574036e-14,0.648029490184832,0.028,0.123,7.62123947203183e-10,"3","ALG9"
2.3762164809784e-14,0.517123272905784,0.022,0.112,7.63977360799367e-10,"3","ADRA1D"
2.50169218715513e-14,0.460771586902128,0.032,0.129,8.04319055092246e-10,"3","AC139795.2"
2.57270733762268e-14,0.344132522498144,0.023,0.114,8.27151136119067e-10,"3","RGS4"
2.58415243610579e-14,0.399774553061516,0.021,0.109,8.30830849732373e-10,"3","MRPL9"
2.6100114261414e-14,1.06691188055281,0.044,0.151,8.39144773618721e-10,"3","GOSR1"
2.61913570268025e-14,0.484823886615573,0.019,0.105,8.42078319768727e-10,"3","FAM45A"
2.7423897902205e-14,0.381324002338909,0.017,0.102,8.81705741453794e-10,"3","AP5B1"
2.78837307333201e-14,0.80608232140378,0.026,0.118,8.96489826806976e-10,"3","ITPRIP"
2.81340063538863e-14,0.767350480878424,0.021,0.109,9.04536438283799e-10,"3","BMX"
2.88810321728635e-14,0.271052624944454,0.02,0.107,9.28554065389734e-10,"3","C12orf49"
2.93240809387777e-14,0.526614835703691,0.042,0.147,9.42798526262642e-10,"3","PLCXD3"
2.97479187119043e-14,0.350923745443289,0.023,0.114,9.56425334506434e-10,"3","SLC25A38"
3.0478369919976e-14,0.269598389401124,0.028,0.123,9.79910071297147e-10,"3","AC025419.1"
3.07224144179038e-14,0.693269424165736,0.04,0.142,9.87756345950024e-10,"3","MBD4"
3.09572086767606e-14,0.570795121087508,0.036,0.136,9.95305216166531e-10,"3","TRPM7"
3.18869862819917e-14,0.348467010130435,0.028,0.122,1.02519849595232e-09,"3","SEPT7P2"
3.21003321637223e-14,0.295543409478383,0.021,0.109,1.03205777939584e-09,"3","TST"
3.23776528094093e-14,0.7060342638869,0.027,0.12,1.04097391547532e-09,"3","AC126773.2"
3.31978433352328e-14,0.292083234226566,0.023,0.113,1.06734386107107e-09,"3","AC007780.1"
3.37288099094257e-14,0.480936709355374,0.016,0.1,1.08441496739795e-09,"3","CACNA2D3"
3.52626480393121e-14,0.472884229391719,0.03,0.124,1.13372939711192e-09,"3","NCKIPSD"
3.55845088798075e-14,0.589126216154245,0.021,0.109,1.14407754499469e-09,"3","SV2A"
3.60744027780912e-14,0.264299954137747,0.037,0.138,1.15982812371841e-09,"3","ARHGAP5"
3.62200648771041e-14,0.533227672116107,0.027,0.12,1.16451130586378e-09,"3","RPS6KB2-AS1"
3.64806209141659e-14,0.353388038165618,0.027,0.12,1.17288844301135e-09,"3","GMDS"
3.67709973488491e-14,0.685606881632421,0.026,0.118,1.18222433576285e-09,"3","NAF1"
3.78952136506693e-14,0.366667631961665,0.025,0.115,1.21836901408267e-09,"3","YPEL1"
3.90203728020555e-14,0.455204019469734,0.03,0.124,1.25454400595889e-09,"3","SCARB1"
3.91841186101128e-14,0.47136008028294,0.021,0.108,1.25980859743374e-09,"3","TTC27"
3.92859384809512e-14,0.625661572241181,0.028,0.122,1.26308220810106e-09,"3","LSMEM2"
3.97070874683158e-14,0.324845639948343,0.021,0.108,1.27662256919382e-09,"3","ATP6V0A2"
3.98813238904128e-14,0.873184351700833,0.025,0.115,1.28222444440066e-09,"3","ATP2B1"
3.99303403003646e-14,0.674222186054503,0.033,0.131,1.28380037099702e-09,"3","CUTALP"
4.00595408612124e-14,0.385284423672231,0.021,0.108,1.28795429822884e-09,"3","WWC2"
4.14328974698495e-14,0.460904991716757,0.03,0.124,1.33210908655313e-09,"3","AC138969.1"
4.21515898663811e-14,0.261150517631626,0.02,0.106,1.35521576579402e-09,"3","AC114728.1"
4.23714918204643e-14,0.511962494967105,0.019,0.104,1.36228583351975e-09,"3","CXorf40B"
4.28831302710252e-14,0.293674446594998,0.026,0.117,1.37873552134373e-09,"3","GP1BB"
4.3034906813676e-14,0.48752540259857,0.036,0.135,1.3836152889665e-09,"3","ADAMTS9-AS2"
4.36828149911245e-14,0.320983441500958,0.021,0.108,1.40444618477964e-09,"3","SSH2"
4.52879692576216e-14,0.703875978595533,0.027,0.119,1.45605349960179e-09,"3","NOVA1"
4.67694652458709e-14,0.883625682369218,0.027,0.119,1.50368507712e-09,"3","ATF7"
4.85536451084942e-14,0.525918159506133,0.026,0.117,1.5610482438832e-09,"3","ATP10D"
4.93901046590606e-14,0.357162499500328,0.017,0.101,1.58794125489346e-09,"3","UHRF1BP1L"
5.01022815832988e-14,0.90621361207297,0.035,0.132,1.61083845518464e-09,"3","FAM13A"
5.04813067684145e-14,0.511820620882305,0.025,0.115,1.6230244939113e-09,"3","DENND5B"
5.07413797491983e-14,0.616162654152197,0.025,0.115,1.63138610031648e-09,"3","DDAH1"
5.30135199979068e-14,0.548079609677947,0.023,0.112,1.7044376814527e-09,"3","AC007750.1"
5.30737477121422e-14,0.294329789485392,0.019,0.103,1.70637406269308e-09,"3","PPFIA1"
5.37346181399672e-14,1.1148409952052,0.054,0.167,1.72762170781808e-09,"3","RORA"
5.40322421139952e-14,0.756923404154466,0.031,0.126,1.73719061620706e-09,"3","EPC1"
5.5788273829054e-14,0.982575104310712,0.03,0.123,1.79364879187791e-09,"3","AIFM1"
5.64126127991808e-14,0.441661275270296,0.025,0.114,1.81372191410646e-09,"3","SMN1"
5.73351903519702e-14,0.401244322421744,0.026,0.117,1.84338370500619e-09,"3","RECQL5"
5.77845685379205e-14,0.58490874737863,0.021,0.108,1.85783166306268e-09,"3","WBP4"
5.82843059703234e-14,0.361271302980883,0.028,0.121,1.87389872125187e-09,"3","GULP1"
6.03002453047395e-14,0.378580101841992,0.022,0.11,1.93871318679268e-09,"3","EPHA5"
6.08931282980455e-14,0.509516874740995,0.03,0.123,1.95777496791046e-09,"3","AC132008.2"
6.38897275315791e-14,0.722380307285364,0.027,0.119,2.0541186298678e-09,"3","USP40"
6.52953465850346e-14,0.253951952473188,0.02,0.105,2.09931068805545e-09,"3","SGIP1"
6.59621118770997e-14,0.714142326746057,0.028,0.121,2.12074785896063e-09,"3","PPIL4"
6.72563454586523e-14,0.524325685843059,0.025,0.114,2.16235876284113e-09,"3","HLTF"
6.74251811631392e-14,0.670647522018918,0.019,0.103,2.16778699957609e-09,"3","WDR76"
6.79706648080982e-14,1.00209880197188,0.033,0.13,2.18532484424517e-09,"3","RUNX1T1"
7.47689140753228e-14,0.514173871148622,0.019,0.102,2.4038953564357e-09,"3","HEATR5A"
7.57680908861295e-14,0.54813427068025,0.031,0.125,2.43601989007995e-09,"3","ISL1"
7.72933862522248e-14,0.853405753950702,0.028,0.12,2.48505966139528e-09,"3","AC004951.4"
7.84113493481312e-14,1.26670373879965,0.062,0.179,2.52100329289176e-09,"3","IQCN"
7.87239698493444e-14,0.864756118363563,0.049,0.157,2.53105435462627e-09,"3","TERF1"
8.08798713035449e-14,0.632549892617611,0.023,0.111,2.60036874228027e-09,"3","TRPM4"
8.11591179202078e-14,0.406839766406827,0.026,0.116,2.6093468002526e-09,"3","RASGEF1B"
8.65271538566083e-14,1.25664288927853,0.043,0.146,2.78193452364381e-09,"3","SCFD1"
8.82923182974959e-14,0.57530499779387,0.027,0.118,2.83868632558279e-09,"3","CYLD"
8.87050366884658e-14,0.451485837540492,0.021,0.107,2.85195563457086e-09,"3","NPIPB13"
9.2065958190581e-14,1.0281267491778,0.03,0.122,2.96001262178537e-09,"3","RANGAP1"
9.47758590907726e-14,0.665721199191565,0.019,0.102,3.04713864562743e-09,"3","MRPL45"
9.60611008671933e-14,0.611125698013424,0.026,0.116,3.08846045398113e-09,"3","CPNE2"
9.61895435415288e-14,0.818351857181753,0.037,0.135,3.09259001440369e-09,"3","LDHAL6A"
9.78165605988569e-14,0.685298421167459,0.022,0.109,3.14490023981385e-09,"3","MAPKAPK5-AS1"
9.79331826979219e-14,0.64901629593847,0.033,0.129,3.14864975692089e-09,"3","ZBTB44"
1.00371526185771e-13,0.371250700890548,0.021,0.106,3.22704493839872e-09,"3","AC068533.3"
1.00760979177424e-13,1.32259710703424,0.041,0.141,3.23956624153335e-09,"3","LRCH1"
1.01478365007253e-13,0.301600288675551,0.021,0.106,3.26263091334819e-09,"3","EXOSC9"
1.02751488891688e-13,0.304683413664539,0.019,0.102,3.30356311935666e-09,"3","SMYD4"
1.03174724308084e-13,0.274631414722755,0.02,0.104,3.31717056122922e-09,"3","AC126755.6"
1.05066798282338e-13,0.624141734680703,0.02,0.104,3.37800263157545e-09,"3","C12orf29"
1.05067316755605e-13,1.04511023741659,0.032,0.126,3.37801930100947e-09,"3","TCF20"
1.06286114225681e-13,0.946747966433862,0.021,0.106,3.41720485846985e-09,"3","ARHGAP27"
1.1107047903204e-13,0.250362619885433,0.027,0.117,3.57102697135913e-09,"3","DLGAP5"
1.14368519024055e-13,0.629848403167344,0.023,0.111,3.67706225514239e-09,"3","TESK2"
1.15630044269028e-13,1.01513130267046,0.028,0.119,3.71762155329353e-09,"3","UFL1"
1.22003157621219e-13,0.635503176588842,0.021,0.106,3.92252352067982e-09,"3","GARS-DT"
1.22105453197507e-13,0.884168787687278,0.019,0.101,3.92581242575303e-09,"3","INE2"
1.22661062835089e-13,0.522588013454282,0.03,0.122,3.94367583121096e-09,"3","APBB2"
1.26990770943831e-13,0.752543666417402,0.035,0.13,4.0828802766151e-09,"3","AC007040.2"
1.31146456774512e-13,0.469130036306908,0.025,0.112,4.21648973175734e-09,"3","TET2"
1.32115350065641e-13,0.642616337428813,0.026,0.114,4.24764061996043e-09,"3","FHOD1"
1.33249598302406e-13,0.723655365759692,0.03,0.121,4.28410783502065e-09,"3","ODR4"
1.36509929971018e-13,0.460918018410956,0.03,0.121,4.38893075849821e-09,"3","BLOC1S4"
1.38142028649043e-13,0.629688368009056,0.033,0.128,4.44140436309538e-09,"3","PREP"
1.4196653161083e-13,0.519077200208529,0.027,0.117,4.56436595781978e-09,"3","AC005785.1"
1.4218780411255e-13,0.368730572352049,0.021,0.106,4.57148009002259e-09,"3","AL157392.3"
1.42311442945192e-13,1.18973898829505,0.04,0.139,4.57545520213086e-09,"3","NSMCE2"
1.4631952388118e-13,0.83614436696237,0.037,0.134,4.7043190123038e-09,"3","AC016831.7"
1.47331050420972e-13,1.19942972961693,0.026,0.114,4.73684060208466e-09,"3","RNF20"
1.49976265959315e-13,0.443250557863768,0.027,0.117,4.82188692685793e-09,"3","ZFX"
1.51061404826184e-13,0.316869598312177,0.019,0.101,4.85677522656664e-09,"3","AL031282.1"
1.51438510923519e-13,1.31768349749169,0.028,0.119,4.86889956470206e-09,"3","DUSP7"
1.52558657878534e-13,0.522627447538177,0.025,0.112,4.90491340945275e-09,"3","ADGRL1"
1.53208886756139e-13,0.261158575778155,0.022,0.107,4.92581891809662e-09,"3","UEVLD"
1.60116982625552e-13,0.807851668630311,0.026,0.114,5.14792110839413e-09,"3","STK11"
1.61828455433662e-13,1.00840968921701,0.032,0.125,5.20294667064767e-09,"3","THADA"
1.63464083857147e-13,0.420504233665063,0.031,0.123,5.25553376009112e-09,"3","RBM28"
1.65655142394239e-13,0.69062463789697,0.027,0.116,5.32597848311718e-09,"3","C5orf51"
1.68871334075678e-13,0.412261336649619,0.019,0.101,5.42938226186712e-09,"3","EEF1A1P9"
1.70288012663259e-13,1.07033867983879,0.025,0.112,5.47492989513643e-09,"3","LRRC37A16P"
1.71193428164591e-13,0.300046096358586,0.02,0.103,5.50403990891975e-09,"3","KREMEN1"
1.72242423123262e-13,0.372472087746636,0.021,0.105,5.53776614583601e-09,"3","AC140134.1"
1.74210998887918e-13,0.717395413475419,0.027,0.116,5.60105782524546e-09,"3","LINC02603"
1.74362632897702e-13,0.488370727959452,0.021,0.105,5.60593301029402e-09,"3","PDPR"
2.01170305044138e-13,0.328033246027182,0.023,0.109,6.46782647747408e-09,"3","TCEANC2"
2.01843829803145e-13,0.779305803950926,0.026,0.114,6.48948097200093e-09,"3","MALL"
2.01859572301008e-13,0.569822831675412,0.023,0.109,6.48998710904969e-09,"3","RFTN2"
2.03245058602618e-13,0.807357895438668,0.023,0.109,6.53453187913277e-09,"3","WIPI1"
2.11046515413667e-13,0.538542410188436,0.025,0.111,6.78535651706479e-09,"3","TRAPPC10"
2.18399810008054e-13,0.445993448767035,0.028,0.118,7.02177229156896e-09,"3","TSPYL4"
2.19288752821483e-13,0.82446999416774,0.037,0.133,7.05035269196351e-09,"3","ZNF160"
2.3358092027213e-13,0.809237746124469,0.027,0.116,7.50986016766924e-09,"3","CTTNBP2NL"
2.34486865020317e-13,0.836999240871842,0.026,0.113,7.53898719726821e-09,"3","STAG3L5P-PVRIG2P-PILRB"
2.36233974578088e-13,1.05610836113746,0.03,0.12,7.59515851666011e-09,"3","TAF5L"
2.3825042721215e-13,0.615238215493221,0.023,0.109,7.65998948529785e-09,"3","SP110"
2.39543968031788e-13,0.46544158631114,0.022,0.107,7.70157811619002e-09,"3","CEP170"
2.39569136757139e-13,0.631559321058482,0.027,0.116,7.70238731587878e-09,"3","AC022098.1"
2.4107777328935e-13,0.596037073090596,0.028,0.118,7.75089148902589e-09,"3","DPH1"
2.43421163247441e-13,1.3712095780487,0.047,0.15,7.82623381956848e-09,"3","DIPK2B"
2.46626813177744e-13,0.527243991721484,0.027,0.116,7.92929867047766e-09,"3","AC005832.4"
2.49036289442218e-13,0.361694144302967,0.026,0.113,8.00676574185676e-09,"3","HECTD2"
2.53129999835774e-13,1.01606143153168,0.044,0.146,8.13838262471998e-09,"3","MAGI1"
2.56382251419672e-13,0.615320026971144,0.032,0.124,8.24294576539389e-09,"3","DLEC1"
2.70573949005262e-13,0.794518792105959,0.022,0.106,8.69922303446819e-09,"3","GSDME"
2.77230421995068e-13,0.583786453016142,0.023,0.108,8.91323529756343e-09,"3","TAF4"
2.83470623348816e-13,1.01899744729111,0.033,0.126,9.11386401128780e-09,"3","JCAD"
2.95888377192767e-13,0.639071439681921,0.022,0.106,9.51310721512466e-09,"3","RBAK-RBAKDN"
2.97956783099389e-13,0.334023742279202,0.023,0.108,9.57960853342844e-09,"3","PGAP3"
3.05895101969925e-13,0.58103502656747,0.025,0.111,9.83483342343507e-09,"3","KLF5"
3.10892056656592e-13,0.632679574115922,0.032,0.124,9.99549051356609e-09,"3","NTMT1"
3.28184507807711e-13,0.261749646964203,0.022,0.106,1.05514601105257e-08,"3","FAHD2CP"
3.28576544480774e-13,0.725589510113896,0.031,0.121,1.05640644816014e-08,"3","TSNAXIP1"
3.28974009276773e-13,0.774386798576476,0.031,0.121,1.05768433722575e-08,"3","JADE1"
3.51097031407655e-13,0.675700496797721,0.026,0.112,1.12881206567875e-08,"3","RPS6KB2"
3.61333981229986e-13,0.389330234191789,0.022,0.106,1.16172488305253e-08,"3","AC109460.4"
3.68390897876393e-13,0.713312536439237,0.022,0.106,1.18441357576239e-08,"3","AACS"
3.80231361033026e-13,1.04634250077811,0.027,0.114,1.22248184885728e-08,"3","EFS"
3.85608647282326e-13,0.620220856872578,0.027,0.114,1.23977036187741e-08,"3","AP000879.1"
3.96042735043703e-13,0.475899873715537,0.023,0.108,1.27331699743901e-08,"3","TTC39C"
3.96362457757022e-13,0.875150361873112,0.037,0.131,1.2743449379346e-08,"3","EVI5"
4.1096968961869e-13,0.591762295363241,0.031,0.12,1.32130864909305e-08,"3","ARMH3"
4.16339523713144e-13,0.323045735510334,0.022,0.105,1.33857320269013e-08,"3","SUFU"
4.21192499465001e-13,0.309238395872195,0.022,0.105,1.35417600502993e-08,"3","CAPN15"
4.24085703822963e-13,0.365151669992085,0.028,0.116,1.36347794636121e-08,"3","GIGYF2"
4.32485368132979e-13,0.310681272821013,0.021,0.103,1.39048370708434e-08,"3","CH17-340M24.3"
4.47800301046924e-13,0.732657875349982,0.025,0.109,1.43972274789596e-08,"3","MAP6"
4.60874439477665e-13,0.465063761724519,0.02,0.101,1.48175741036464e-08,"3","SNORD104"
4.6294439590392e-13,0.633630092713257,0.027,0.114,1.48841252727069e-08,"3","PDCL3"
4.64199970101914e-13,1.11131288406584,0.038,0.134,1.49244932387466e-08,"3","PKP4"
4.66199949716187e-13,0.342062998898592,0.025,0.109,1.49887945833251e-08,"3","AC009060.1"
4.77612094362281e-13,0.732963230564466,0.026,0.112,1.53557064458417e-08,"3","DACH1"
4.80447838571514e-13,1.16414461861244,0.057,0.166,1.54468784579128e-08,"3","RMC1"
4.85222955995177e-13,0.258888263550092,0.021,0.103,1.5600403258201e-08,"3","PGAM5"
4.9384891402749e-13,0.437981644744287,0.025,0.109,1.58777364348978e-08,"3","AQP3"
5.13930607450621e-13,1.14719558191798,0.031,0.12,1.65233829601449e-08,"3","TUBGCP3"
5.26197578388142e-13,0.433435842325568,0.032,0.122,1.69177783427571e-08,"3","PLK2"
5.27372083402634e-13,0.413530307183542,0.028,0.116,1.69555398534781e-08,"3","RNF128"
5.29415611983049e-13,0.932909212707649,0.027,0.114,1.7021241340867e-08,"3","IDE"
5.32739249051977e-13,0.735630292408632,0.023,0.107,1.71280995962701e-08,"3","CRYZ"
5.48917000588755e-13,0.319369642382381,0.03,0.118,1.76482304859291e-08,"3","ZNF84"
5.57299769341099e-13,0.755298634376566,0.041,0.137,1.79177448840857e-08,"3","AKNA"
5.63764467488467e-13,0.831819842763042,0.03,0.118,1.81255913942217e-08,"3","AC013271.1"
5.66048207755426e-13,0.480990690459265,0.03,0.118,1.81990159275447e-08,"3","COG1"
5.68437148837961e-13,0.736634342426479,0.023,0.107,1.82758227722893e-08,"3","AP003465.1"
5.83937868644107e-13,1.21960757795808,0.04,0.135,1.87741864147767e-08,"3","PTPRD"
6.10896008460422e-13,0.539242025825055,0.021,0.102,1.9640917568011e-08,"3","UBOX5-AS1"
6.27323222751423e-13,0.30801245982749,0.025,0.109,2.0169068934681e-08,"3","LDLRAP1"
6.44480038882041e-13,0.456928406203874,0.028,0.115,2.07206777300965e-08,"3","APPL2"
6.49104086687888e-13,0.332250285534663,0.027,0.113,2.08693454911023e-08,"3","AKAP8L"
6.52947831791643e-13,0.549526994119892,0.022,0.104,2.09929257399331e-08,"3","DENND4A"
6.64778718365931e-13,0.583040967692755,0.022,0.104,2.1373300574183e-08,"3","FBXL4"
6.83207256141322e-13,0.822947938020758,0.023,0.106,2.19657964921996e-08,"3","AL161665.1"
6.85115525754159e-13,0.902055932201576,0.032,0.122,2.2027149268522e-08,"3","EML4"
7.44414885257234e-13,0.681781475672184,0.032,0.122,2.39336829759053e-08,"3","SDHAP1"
8.0109269152813e-13,0.472194511873345,0.022,0.104,2.57559311253209e-08,"3","RANBP6"
8.01094111938821e-13,0.696787778074364,0.031,0.119,2.5755976792945e-08,"3","PHF20L1"
8.02907482094803e-13,0.706541578171987,0.032,0.121,2.581427845683e-08,"3","MACROD2"
8.05296372720882e-13,0.468686121998642,0.032,0.121,2.58910836793491e-08,"3","1-Dec"
8.50896965808574e-13,0.873543133100416,0.026,0.11,2.73571883477115e-08,"3","NECAB3"
9.11026183246431e-13,0.484653542407133,0.022,0.103,2.9290402817556e-08,"3","AC006547.1"
9.22827061648191e-13,0.261412000981609,0.023,0.106,2.9669812859051e-08,"3","SCAF8"
9.60347001697444e-13,0.85181443758265,0.021,0.101,3.08761164515745e-08,"3","TSPAN12"
9.80944982469118e-13,0.322263240965486,0.022,0.103,3.15383621313646e-08,"3","NOX4"
9.84560975002216e-13,0.621482385139476,0.035,0.125,3.16546199072963e-08,"3","CDKAL1"
1.00875812927376e-12,0.458432511552731,0.026,0.11,3.24325826142807e-08,"3","ATAD3B"
1.01399553293321e-12,0.762538948702765,0.037,0.129,3.26009703793356e-08,"3","MGRN1"
1.02530477621211e-12,0.652377903922229,0.033,0.123,3.29645738599954e-08,"3","NAT10"
1.0280170319962e-12,0.834344225044813,0.022,0.103,3.30517755957098e-08,"3","WDFY2"
1.02855431515958e-12,0.534632458197763,0.026,0.11,3.30690497866958e-08,"3","KLHL22"
1.10478969967699e-12,0.402450267191715,0.025,0.107,3.5520093634315e-08,"3","POT1"
1.10605489246844e-12,0.874890559676194,0.027,0.112,3.55607708477527e-08,"3","AC012309.1"
1.18892507647245e-12,0.46934937185903,0.023,0.105,3.82251301336656e-08,"3","ZNF783"
1.21315198951046e-12,0.738711497208692,0.021,0.101,3.90040496147508e-08,"3","AL354989.1"
1.21837779887476e-12,0.277811200443113,0.021,0.101,3.91720646116223e-08,"3","FMO5"
1.26787015480308e-12,0.681497904350741,0.028,0.114,4.07632933470738e-08,"3","SCAF4"
1.28347598953814e-12,0.508594476086237,0.021,0.1,4.12650365396407e-08,"3","ZGPAT"
1.32118797806685e-12,0.2969470091551,0.023,0.105,4.24775146828273e-08,"3","MPND"
1.36055080164868e-12,0.76306487645257,0.026,0.109,4.37430688238066e-08,"3","AL049829.2"
1.50934971297043e-12,0.458252519940558,0.023,0.105,4.85271026217123e-08,"3","PPIF"
1.52883027595077e-12,0.420985117954058,0.021,0.1,4.91534222020933e-08,"3","HCG11"
1.54467058337096e-12,1.06381338370529,0.025,0.107,4.96627039259597e-08,"3","MZT1"
1.57157669970921e-12,0.789551844429697,0.026,0.109,5.05277624723509e-08,"3","KDM6B"
1.65195857943384e-12,0.800891473976264,0.03,0.115,5.31121202873775e-08,"3","KIAA2026"
1.67911190972038e-12,0.762229364868218,0.049,0.149,5.39851270094201e-08,"3","NPIPB5"
1.68979866706018e-12,0.910356731408946,0.043,0.139,5.43287169446517e-08,"3","TRIM33"
1.69173849800661e-12,0.420515429285118,0.021,0.1,5.43910844494105e-08,"3","NPIPB11"
1.77558323167763e-12,0.333150082418782,0.026,0.108,5.70867764816674e-08,"3","LRRK2"
1.7853414924119e-12,0.763166693735319,0.036,0.126,5.7400514322535e-08,"3","NR2C1"
1.81911195559708e-12,0.377912348928962,0.023,0.104,5.84862684844017e-08,"3","LONRF2"
1.83307673199971e-12,0.890558667581763,0.026,0.108,5.89352500105228e-08,"3","CHKA"
1.9002015401109e-12,0.534112031963509,0.023,0.104,6.10933797161055e-08,"3","HECA"
1.94862590524249e-12,0.631661947743923,0.022,0.102,6.26502714794514e-08,"3","SLC4A1AP"
1.95151717269005e-12,0.455269194670409,0.022,0.102,6.27432286191579e-08,"3","ACER3"
2.02440975106409e-12,1.31392776844467,0.033,0.121,6.50867979064614e-08,"3","BDP1"
2.04264157139227e-12,0.91319967312801,0.023,0.104,6.56729691618328e-08,"3","CBLL1"
2.12285022045308e-12,0.718511523434424,0.031,0.117,6.82517574377869e-08,"3","PPIL2"
2.28297999967794e-12,0.749523598999467,0.036,0.125,7.34000899696455e-08,"3","EIF2B3"
2.54499057406727e-12,0.783180218713137,0.022,0.101,8.18239919468367e-08,"3","AC025283.3"
2.61215664204036e-12,0.405597385580741,0.025,0.105,8.39834481982396e-08,"3","WDR19"
2.66441412116151e-12,0.705272495676137,0.033,0.12,8.56635784094637e-08,"3","NABP1"
2.71499951275325e-12,0.506034348076867,0.026,0.107,8.72899493345297e-08,"3","ST6GAL2"
2.73557887991404e-12,1.19192955305254,0.041,0.133,8.79515965681164e-08,"3","ZC3H7A"
2.75052481008799e-12,0.825101139417461,0.04,0.131,8.84321231691388e-08,"3","SPRY1"
2.84080630950836e-12,0.485160399059389,0.035,0.122,9.13347636570034e-08,"3","MIEF1"
2.9538301566226e-12,0.874655800301791,0.028,0.112,9.49685933655733e-08,"3","BTRC"
2.95942016496819e-12,0.591291310595369,0.027,0.109,9.51483177238923e-08,"3","SGF29"
2.96110315332434e-12,1.06908711443151,0.04,0.131,9.52024274825308e-08,"3","MSI2"
2.98606672410646e-12,0.862247069250616,0.023,0.103,9.60050312467469e-08,"3","AL122020.1"
3.110218846976e-12,0.524112139923179,0.033,0.12,9.99966461491254e-08,"3","AC022858.1"
3.45489442046343e-12,1.0901889608733,0.033,0.12,1.1107831051232e-07,"3","KIAA0895L"
3.62287211138454e-12,0.621351965909633,0.025,0.105,1.16478961253124e-07,"3","SLC43A2"
3.70334256406244e-12,0.346298040704104,0.022,0.1,1.19066166777171e-07,"3","SUSD5"
3.72616719820624e-12,0.627473601784759,0.035,0.122,1.19800001589529e-07,"3","NHLRC3"
3.75922819757763e-12,1.13353988530502,0.028,0.111,1.20862945780318e-07,"3","PRKD1"
3.76692260611169e-12,1.18082786957571,0.026,0.107,1.21110328709097e-07,"3","LRMDA"
3.84932385432886e-12,0.35480052929955,0.026,0.107,1.23759611240527e-07,"3","PIGL"
3.86719798000856e-12,0.747078773534764,0.033,0.12,1.24334282255255e-07,"3","JARID2"
3.90072425534349e-12,0.52608494804329,0.026,0.107,1.25412185533548e-07,"3","CYYR1-AS1"
4.46369622508612e-12,1.26333606369155,0.036,0.124,1.43512297332744e-07,"3","SMIM41"
4.57069780749468e-12,0.470616078792486,0.023,0.102,1.46952505208762e-07,"3","AC104938.1"
5.07016514639823e-12,1.3046942935249,0.074,0.188,1.63010879621849e-07,"3","RIOK3"
5.10021974935925e-12,0.519027780751335,0.03,0.112,1.63977165161649e-07,"3","YRDC"
5.35445809548777e-12,0.647802732563662,0.03,0.112,1.72151182228027e-07,"3","PFKFB2"
6.47286566141161e-12,0.365804152971081,0.027,0.108,2.08109103880045e-07,"3","ITCH"
6.774413450536e-12,0.279600673594845,0.023,0.101,2.17804166848183e-07,"3","GIMAP1"
7.04050084188449e-12,0.25213744655552,0.559,0.978,2.26359142567428e-07,"3","ANXA2"
7.2448920310635e-12,0.617019350633644,0.025,0.103,2.32930523690722e-07,"3","CASP3"
7.65036093055843e-12,0.528106443199222,0.027,0.107,2.45966754278384e-07,"3","FNDC1"
8.10778840546322e-12,0.817807668997482,0.028,0.109,2.60673505024048e-07,"3","ZDHHC9"
8.13927260190109e-12,0.284587075436612,0.032,0.116,2.61685753423722e-07,"3","AC111194.2"
8.26740815299902e-12,1.04185726164916,0.031,0.113,2.65805439527071e-07,"3","DNAJC18"
8.3538962122298e-12,0.796397299168027,0.042,0.133,2.685861171194e-07,"3","SOX5"
8.82464163629166e-12,0.637008563803904,0.023,0.1,2.83721053248413e-07,"3","ZNF507"
8.99283532224927e-12,0.897326088618998,0.028,0.109,2.89128648445636e-07,"3","POLR1A"
9.37506044844409e-12,1.04515182075475,0.025,0.102,3.01417568477926e-07,"3","GCC2"
9.52076385299308e-12,0.805217327550496,0.026,0.105,3.0610207863758e-07,"3","MEIS2"
1.03418150457999e-11,0.472731856313089,0.025,0.102,3.32499695537513e-07,"3","HERC6"
1.04313028203058e-11,1.11041179871674,0.03,0.111,3.35376816975651e-07,"3","UBA3"
1.05144074163236e-11,0.611527928991353,0.033,0.117,3.3804871284222e-07,"3","EP300"
1.05865833050879e-11,0.578213847734495,0.026,0.104,3.40369239841882e-07,"3","AC098829.1"
1.07722990225818e-11,1.17899564976833,0.038,0.126,3.46340185875029e-07,"3","SYCE1L"
1.10219455841954e-11,0.417135729653633,0.025,0.102,3.54366572477468e-07,"3","CWC27"
1.14222390458823e-11,0.684048799431705,0.03,0.111,3.6723640756416e-07,"3","CPSF3"
1.1601029170576e-11,0.858265073695929,0.026,0.104,3.72984688863188e-07,"3","STK10"
1.21839179731176e-11,0.806570618602956,0.036,0.121,3.91725146753703e-07,"3","ALKAL2"
1.28052242484548e-11,1.0156408885648,0.042,0.131,4.11700764812072e-07,"3","NPIPB3"
1.41532217909115e-11,0.765308148438934,0.025,0.101,4.55040233799596e-07,"3","CTBS"
1.42507109223837e-11,0.855588011197259,0.028,0.108,4.58174606865557e-07,"3","DNMBP"
1.46778802097924e-11,0.459329606458259,0.025,0.101,4.71908526625036e-07,"3","ABCB7"
1.55343745359373e-11,0.770757494727948,0.03,0.11,4.99445675704919e-07,"3","TRMT1L"
1.58557917321483e-11,0.615664805449747,0.026,0.103,5.097795599803e-07,"3","AMT"
1.62039502153979e-11,0.892103067397834,0.026,0.103,5.20973203375259e-07,"3","INPP5D"
1.75562220050995e-11,0.750837945529198,0.025,0.101,5.64450093685954e-07,"3","RPL12P50"
1.88980275174354e-11,0.73073398803948,0.027,0.105,6.07590482713065e-07,"3","LINC00623"
1.92792112740329e-11,0.724503933337592,0.025,0.101,6.19845921671431e-07,"3","CLEC16A"
1.94033994818055e-11,0.349589777483877,0.027,0.105,6.23838696739528e-07,"3","RNF31"
2.10162525094681e-11,0.582608215749759,0.025,0.1,6.75693534431909e-07,"3","DGKD"
2.1606219764778e-11,0.599201619586744,0.031,0.111,6.94661571657376e-07,"3","AC007679.1"
2.37480850085305e-11,0.800481803071114,0.036,0.119,7.63524681109265e-07,"3","AL954705.1"
2.6890358130495e-11,0.690713826859531,0.033,0.115,8.64551904253544e-07,"3","SERPINF2"
2.82256231796258e-11,0.472304966639173,0.025,0.1,9.07482010848149e-07,"3","C1GALT1"
2.97849169872326e-11,0.964630845867182,0.036,0.119,9.57614866056515e-07,"3","LINC00475"
3.66273593377177e-11,0.792494834469069,0.026,0.101,1.17760623006696e-06,"3","ANKS1B"
3.75976816453333e-11,0.691060207391585,0.027,0.103,1.20880306257911e-06,"3","FANCC"
3.91318787776714e-11,0.781554605897242,0.037,0.12,1.25812903458091e-06,"3","CEMIP"
4.40071712470817e-11,0.727158044789557,0.028,0.105,1.41487456276492e-06,"3","ATM"
4.73439387464882e-11,0.678240860853371,0.026,0.101,1.52215497463834e-06,"3","VRK2"
4.94825744710869e-11,0.794178726347529,0.027,0.103,1.59091425181991e-06,"3","DENND4B"
5.07294407113479e-11,0.705450000611911,0.04,0.124,1.63100224831055e-06,"3","ZNF317"
5.14364412936602e-11,1.0593908325311,0.031,0.109,1.65373302403247e-06,"3","SLC38A6"
7.41840453696815e-11,0.828379150343553,0.032,0.11,2.38509124268063e-06,"3","DIO2"
1.07893302966755e-10,1.12319817546515,0.051,0.14,3.46887758368416e-06,"3","LDLR"
1.40477882348895e-10,0.867898835794795,0.028,0.102,4.51650439539933e-06,"3","AC093278.2"
1.83193549495689e-10,0.963366071198491,0.032,0.108,5.8898558098359e-06,"3","GRIN3B"
2.26633452565109e-10,1.42752220711023,0.052,0.14,7.28649213342083e-06,"3","MEG3"
2.64177422865671e-10,1.19289291302067,0.035,0.111,8.49356832255418e-06,"3","EID2"
3.36457151200157e-10,1.21960120705508,0.036,0.113,1.08174338682362e-05,"3","XYLT1"
3.61584154485546e-10,1.30350649206581,0.057,0.147,1.16252921508648e-05,"3","BASP1"
4.48401068504262e-10,1.56588412052409,0.075,0.177,1.44165427534805e-05,"3","SPAG5-AS1"
5.00635476836239e-10,1.05430048684687,0.03,0.101,1.60959312157619e-05,"3","ZNF232"
5.5976731751757e-10,1.0119268265397,0.048,0.132,1.79970790255074e-05,"3","LPCAT2"
6.70485305760212e-10,1.22065647895808,0.043,0.123,2.15567730654966e-05,"3","AC078883.1"
6.88798209988274e-10,0.829014461910788,0.042,0.121,2.2145551249333e-05,"3","ITGA6"
1.11730108357608e-09,0.979502177459965,0.035,0.107,3.59223471380547e-05,"3","SPIRE1"
1.38562716986115e-09,0.295978111375833,0.514,0.953,4.45492991382057e-05,"3","SOD2.1"
1.72535588167119e-09,0.745123863726336,0.031,0.1,5.54719169516106e-05,"3","NAALADL2"
1.89050520995555e-09,1.0254400330118,0.031,0.1,6.07816330052808e-05,"3","MBIP"
4.03095005106381e-09,1.57360107910524,0.041,0.114,0.000129599075091752,"3","DLG2"
5.57419561918923e-09,1.30127383290147,0.033,0.101,0.000179215963352553,"3","ARL6IP6"
5.88620917140748e-09,0.89493967755029,0.035,0.103,0.000189247511069922,"3","TAPT1-AS1"
1.1478411527142e-08,1.60778007305348,0.072,0.161,0.000369042409009141,"3","AC008481.3"
1.18579815726774e-08,0.997354763219453,0.035,0.101,0.00038124596554315,"3","ST8SIA6"
2.55248767121403e-07,0.279840062490722,0.871,0.998,0.00820650311172024,"3","AL669831.3"
2.40655394905872e-05,0.95907610783916,0.614,0.926,0.77373116016187,"3","FOSB"
5.04252242534246e-05,0.254261900529412,0.952,1,1,"3","MT-CO2"
0.000107769324994421,0.883535446688102,0.478,0.871,1,"3","MMP2"
0.000195258980785193,0.268344448905797,0.583,0.983,1,"3","AC138811.2"
0.000286361061445488,0.910763340746819,0.606,0.932,1,"3","ERCC1"
0.000308294076325174,0.250016763203964,0.909,0.999,1,"3","RPS29"
0.00531929197058787,0.499541216791657,0.574,0.972,1,"3","MALAT1"
1.11074072689308e-195,5.49955559654877,0.64,0.028,3.57114251103393e-191,"4","RERGL"
2.41198085156503e-118,6.55623899959809,0.247,0.005,7.75475963586671e-114,"4","SLC14A1"
1.56905151431055e-100,3.91973702126457,0.798,0.106,5.04465752365985e-96,"4","ADRA2A"
1.37260790437582e-79,4.14144637100598,0.584,0.066,4.41307167335869e-75,"4","GJA5"
4.11744641747027e-39,3.40070499984098,0.337,0.042,1.32380019768087e-34,"4","SEMA3G"
5.47775385015641e-39,4.67338084724474,0.112,0.004,1.76115264036379e-34,"4","LINC00840"
3.40035177160465e-35,4.71629331859702,0.124,0.006,1.09324709808861e-30,"4","C8orf34"
4.30209867311977e-35,3.11545659369236,0.449,0.085,1.38316774439474e-30,"4","TNC"
3.46607131412741e-34,5.01966675758888,0.135,0.007,1.1143765882051e-29,"4","NPY1R"
1.97862962809398e-32,4.74205260475045,0.124,0.006,6.36149211728495e-28,"4","TNFRSF11B"
2.08314028611858e-30,0.915277666886727,1,0.953,6.69750433389985e-26,"4","A2M"
4.97057838110717e-29,1.82328924496855,0.955,0.667,1.59809065530977e-24,"4","RGS5"
6.23900564246579e-29,4.44596042313104,0.157,0.012,2.00590270410918e-24,"4","LRRC10B"
5.59920201761824e-28,2.78402316655213,0.438,0.099,1.80019944068444e-23,"4","1-Dec"
6.97116106125763e-27,3.08842208089562,0.236,0.03,2.24129799280494e-22,"4","JAG2"
6.16496763633103e-25,2.71981597401732,0.36,0.072,1.98209874475679e-20,"4","ITIH3"
8.68332548482657e-25,2.78014310910167,0.438,0.108,2.79177597662659e-20,"4","ATP2A3"
5.72893862611802e-23,1.92428006749966,0.348,0.07,1.8419110576832e-18,"4","NDUFA4L2"
9.94649549243269e-23,3.40136674245348,0.18,0.021,3.19789776577204e-18,"4","AC113554.1"
1.72337241574164e-22,1.76526994790263,0.854,0.453,5.54081465385093e-18,"4","PDK4"
3.44244147968657e-22,0.863257787713652,1,0.951,1.10677936013403e-17,"4","MT2A"
4.45706441125669e-22,2.71346259489726,0.225,0.032,1.43299077886314e-17,"4","SOX17"
2.50452996227032e-21,2.08774153416306,0.775,0.399,8.0523142816953e-17,"4","IGFBP3"
3.2849389025424e-21,0.893154498088957,1,0.912,1.05614070655641e-16,"4","A2M-AS1"
1.10714374126659e-20,1.3800189819266,0.933,0.684,3.55957784254623e-16,"4","C4A"
1.12897591916504e-20,2.58714369628777,0.303,0.061,3.62977047770752e-16,"4","PREX2"
3.10280454371333e-20,1.68565982063146,0.775,0.385,9.97582688849273e-16,"4","JAG1"
4.33634063871071e-20,3.01183367771946,0.18,0.023,1.39417687875188e-15,"4","MAP2"
8.17600842178621e-20,1.20502489197047,0.326,0.071,2.62866846768848e-15,"4","IGLC3"
1.13015626490767e-19,2.43309106997334,0.315,0.069,3.63356540730465e-15,"4","PLCE1"
8.12827071133162e-18,1.200890213668,0.854,0.528,2.61332031640023e-13,"4","C4B-AS1"
3.0234694777145e-17,2.6830782165132,0.18,0.027,9.7207567177999e-13,"4","MAP3K7CL"
4.63607480451847e-17,2.97569824591204,0.169,0.024,1.49054441040073e-12,"4","FHL5"
6.4573454983978e-17,3.09336984361249,0.146,0.019,2.07610115118988e-12,"4","HEY1"
6.95831818766874e-17,1.49225203650135,0.708,0.396,2.23716888051738e-12,"4","PLAC9"
8.34973148070761e-17,0.972004281836273,0.989,0.837,2.6845221683623e-12,"4","GADD45B"
1.35881368588321e-16,2.68614221457152,0.225,0.042,4.3687218814831e-12,"4","NRGN"
1.63895948579814e-16,1.278386523602,0.865,0.604,5.2694186427896e-12,"4","LTBP1"
2.56354470150654e-16,0.678983336226163,1,0.895,8.24205256981368e-12,"4","ADIRF"
7.34647216462863e-16,0.845583064071079,0.989,0.936,2.36196426564975e-11,"4","AEBP1"
1.23214128142583e-15,0.982168499909787,1,0.833,3.96145743391218e-11,"4","ADAMTS1"
1.96375812668084e-15,0.667499879792077,1,0.915,6.31367875309158e-11,"4","AL136982.7"
2.06808003758242e-15,1.94245806989426,0.618,0.309,6.64908412883124e-11,"4","ACAN"
9.78794823754287e-15,0.882133313431492,0.944,0.729,3.14692323785241e-10,"4","MT1E"
1.16322093969186e-14,1.07689866823907,0.787,0.439,3.7398716432033e-10,"4","CLDN5"
1.29225711491365e-14,1.10480982439523,0.921,0.739,4.15473585015889e-10,"4","TGM2"
2.61374110957413e-14,2.76985653815002,0.169,0.028,8.40343904139179e-10,"4","ASPN"
3.75219215019164e-14,0.725646085814641,1,0.817,1.20636729820811e-09,"4","NOTCH3"
5.81942732123264e-14,1.50174331459382,0.528,0.216,1.87100407804951e-09,"4","ZFHX3"
9.37399481084417e-14,1.0956733586624,0.775,0.456,3.01383307163451e-09,"4","EDIL3"
2.42135712682791e-13,1.89762205033935,0.315,0.091,7.78490529846443e-09,"4","GFOD1"
3.12173756354942e-13,1.16515461382691,0.809,0.537,1.00366984405678e-08,"4","ENDOD1"
3.42245450099795e-13,2.94066051487026,0.101,0.012,1.10035334661585e-08,"4","CARNS1"
3.89620510325244e-13,1.84821768674816,0.472,0.2,1.25266890274669e-08,"4","ENPP2"
7.20259356118789e-13,0.789156415661994,0.966,0.846,2.31570585585752e-08,"4","CAV1"
1.13171460238217e-12,2.76350577467171,0.146,0.024,3.63857561811891e-08,"4","ACE"
1.42480855799702e-12,1.90299211956847,0.236,0.057,4.58090199481623e-08,"4","BCAM"
2.27074582286836e-12,1.30877977667078,0.652,0.354,7.30067489510407e-08,"4","C4A-AS1"
3.28524075875184e-12,1.79987198486502,0.517,0.236,1.0562377563463e-07,"4","FIBIN"
3.88917019600905e-12,1.20688827663725,0.584,0.275,1.25040710971887e-07,"4","FADS3"
4.88815114225037e-12,1.81254992535035,0.416,0.157,1.57158947374492e-07,"4","TBX2-AS1"
9.38659445834063e-12,0.582098343377093,1,0.9,3.0178839843011e-07,"4","ADIRF-AS1"
9.64940010867431e-12,2.26398601482328,0.191,0.042,3.10237862893988e-07,"4","HEYL"
1.0749636810455e-11,1.79571264503751,0.506,0.241,3.45611573092937e-07,"4","IGFBP2"
1.09998712570884e-11,0.906695743963976,0.843,0.553,3.53656860786651e-07,"4","CPE"
1.42396614762161e-11,1.89744803738231,0.416,0.168,4.57819356121824e-07,"4","ARL15"
1.52155902403863e-11,0.866883245664987,0.854,0.61,4.8919644181866e-07,"4","NUDT4"
1.75836419963333e-11,1.08059862898544,0.73,0.445,5.65331673824112e-07,"4","MT1M"
2.10906918312749e-11,0.883555898422859,0.809,0.539,6.78086833067318e-07,"4","CDKN1A"
2.45944146269216e-11,1.65493743052956,0.281,0.083,7.90735024670155e-07,"4","SUSD5"
4.83572756078353e-11,1.327230524124,0.528,0.251,1.55473476806751e-06,"4","EFHD1"
4.94929906939229e-11,3.07999738226237,0.124,0.02,1.59124914380032e-06,"4","CYP4X1"
6.49389953480924e-11,1.12955715578679,0.652,0.358,2.08785363943652e-06,"4","DKK3"
7.07560798587654e-11,1.44981916668446,0.472,0.21,2.27487872353917e-06,"4","GPRC5C"
7.58675569482189e-11,2.79931542964729,0.169,0.036,2.43921782344219e-06,"4","ADAMTS8"
8.54869385052582e-11,0.646772876708861,0.966,0.786,2.74849055988256e-06,"4","MMRN2"
8.84714861471797e-11,2.61927059167168,0.112,0.017,2.84444675111797e-06,"4","SNX10"
9.57536345158567e-11,2.59063696364991,0.135,0.024,3.07857510331931e-06,"4","CDH6"
1.50090131671245e-10,2.56819406157632,0.18,0.042,4.82554782336219e-06,"4","MRAP2"
1.67117494271181e-10,1.22421609140465,0.64,0.382,5.37299455831273e-06,"4","THBS1"
2.67138636679978e-10,1.01408789239375,0.719,0.476,8.58877430789798e-06,"4","PTMAP5"
2.95568066499004e-10,0.82510441408664,1,0.939,9.50280890600949e-06,"4","FN1"
3.56363045396457e-10,0.912537009049977,0.888,0.677,1.14574282725415e-05,"4","ADGB"
3.79626842841783e-10,2.52119489414434,0.124,0.022,1.22053826242062e-05,"4","PHLDA2"
4.73495189520419e-10,0.690253791389859,0.933,0.795,1.5223343838271e-05,"4","NR4A1"
8.29784760422838e-10,0.700556227860208,0.933,0.752,2.66784098323547e-05,"4","CEBPD"
1.07791207095633e-09,1.74920535740092,0.348,0.134,3.46559509933171e-05,"4","HRH2"
1.1116337790331e-09,1.7683342923733,0.258,0.081,3.57401376296931e-05,"4","CLMN"
1.72152455938281e-09,0.614920329404391,0.921,0.713,5.53487361087169e-05,"4","DTWD2"
2.98356227044639e-09,2.15446205480203,0.18,0.046,9.59245105571219e-05,"4","PITPNM1"
3.26687181678232e-09,0.821566355807175,0.764,0.494,0.000105033195781368,"4","EMP2"
3.99441057664137e-09,0.966531082136457,0.73,0.479,0.000128424294449597,"4","MUSTN1"
5.98127942116746e-09,1.43422344503611,0.427,0.199,0.000192304114669955,"4","HSPB6"
6.56294570483521e-09,0.360425222747395,1,0.966,0.000211005267356157,"4","SPARCL1"
6.90572193487113e-09,0.668101652881183,0.966,0.823,0.000222025865928042,"4","TSC22D1"
1.01242062131914e-08,1.69266453744955,0.292,0.108,0.000325503353960318,"4","NTN4"
1.02939608630113e-08,0.712246240060039,0.876,0.667,0.000330961135706675,"4","EPAS1"
1.03939571549843e-08,1.98928964234136,0.236,0.078,0.000334176116489899,"4","C12orf75"
1.16970155978573e-08,1.3258644378135,0.472,0.238,0.000376070748486711,"4","EPS8"
1.30925731493597e-08,2.11684171346379,0.112,0.021,0.000420939319325063,"4","LINGO1"
1.30994680198519e-08,0.960810306570147,0.629,0.368,0.000421160996306258,"4","TMEM110-MUSTN1"
1.34302400648658e-08,0.769737425068805,0.888,0.713,0.000431795648325501,"4","CBL"
1.39953386520383e-08,1.44499032597124,0.528,0.311,0.000449964133001683,"4","SLC7A2"
2.05336934539039e-08,1.15776799783567,0.551,0.31,0.000660178778236464,"4","AC025180.1"
2.36530275645584e-08,0.59846219786136,0.921,0.772,0.000760468489228119,"4","SLC19A1"
2.50428899685644e-08,0.593070854248152,0.978,0.853,0.000805153955379315,"4","BGN"
3.38921631238561e-08,1.0173049216512,0.596,0.349,0.0010896669365951,"4","C4B"
4.34792003738198e-08,1.84610335340093,0.258,0.093,0.00139789977121868,"4","CD82"
4.69042250740722e-08,1.38030204746638,0.393,0.187,0.0015080177403565,"4","TMTC1"
4.7126718382031e-08,0.98784929673782,0.854,0.633,0.00151517112270068,"4","DEPP1"
5.56754221970761e-08,2.09291064542551,0.18,0.051,0.00179002049905819,"4","PTGIR"
5.59185252360238e-08,0.477790496748866,0.989,0.881,0.0017978365048634,"4","HSPB1"
5.68800661826105e-08,0.846885870883327,0.843,0.678,0.00182875100783711,"4","CD46"
5.82227481123697e-08,0.438341829744939,0.978,0.878,0.0018719195745608,"4","DDX5"
5.85986460900214e-08,0.847182667367599,0.652,0.426,0.00188400507044028,"4","MTREX"
6.04362509917348e-08,1.63172782793298,0.169,0.045,0.00194308590563527,"4","AVPR1A"
8.20184218288437e-08,1.43545298106286,0.247,0.086,0.00263697428021915,"4","PTPRB"
9.28833323725618e-08,1.37470719270976,0.393,0.185,0.00298629201911024,"4","DLL4"
9.86145204176795e-08,2.36270863441084,0.101,0.019,0.00317055544594881,"4","WISP1"
1.0190515614557e-07,1.05332100118941,0.551,0.337,0.00327635267523621,"4","NFASC"
1.03886011787186e-07,1.881554821829,0.225,0.076,0.00334003916496983,"4","NOTCH4"
1.04930709162796e-07,1.72405879519817,0.213,0.069,0.00337362723029304,"4","RERG"
1.16147806126431e-07,1.54086407214624,0.404,0.206,0.00373426811477089,"4","AC011365.2"
1.22154579770013e-07,0.601614000743058,0.91,0.759,0.00392739189418568,"4","CTNNB1"
1.28111708240791e-07,0.515834732540643,1,0.831,0.00411891953164968,"4","COL4A1"
1.409141528996e-07,1.84522689834856,0.191,0.058,0.00453053092987504,"4","AC012313.3"
1.52888040885607e-07,1.01008024340393,0.584,0.344,0.00491550340251314,"4","FBLN5"
2.11117969568883e-07,1.25574689473369,0.326,0.142,0.00678765383960916,"4","TBX2"
2.1373769076103e-07,0.983232524114591,0.618,0.381,0.00687188049565787,"4","FSIP1"
2.24729687352716e-07,0.455847922447126,0.978,0.901,0.00722528417807717,"4","FSTL1"
2.27597527886202e-07,1.13029685271034,0.506,0.319,0.00731748811906927,"4","ARHGEF10L"
2.78827725677227e-07,2.02873748125554,0.135,0.034,0.00896459020824852,"4","TMEM59L"
3.04600677249525e-07,1.92174009608432,0.112,0.025,0.00979321637424948,"4","VSIG2"
3.54747884691446e-07,0.869618492783505,0.742,0.608,0.0114054992407147,"4","ACTN4"
3.98176176613385e-07,0.452444552740243,0.944,0.815,0.0128017622542969,"4","PTMA"
4.2849789672001e-07,2.11228393482858,0.101,0.021,0.013776635877445,"4","AP001505.1"
4.41451159672063e-07,0.496373948255032,0.933,0.821,0.0141930962346165,"4","AC025259.3"
4.52402308085685e-07,0.88045039177154,0.652,0.424,0.0145451866072629,"4","PLPP1"
4.93978669967793e-07,1.20686185931275,0.438,0.238,0.0158819082181345,"4","LGALSL"
5.03722073040334e-07,2.01166917409044,0.124,0.03,0.0161951683703198,"4","INHBA"
6.37186722784127e-07,0.355306335027056,0.225,0.079,0.0204861903242325,"4","IGLC2"
6.73675321892742e-07,1.52972466758502,0.169,0.05,0.0216593352741736,"4","MT1JP"
6.86678098056403e-07,0.905430900455794,0.685,0.479,0.0220773875306114,"4","KCTD12"
7.56462299162229e-07,1.26035761039153,0.393,0.202,0.0243210193803648,"4","FSTL3"
7.70160699098172e-07,0.529804528859806,0.955,0.778,0.0247614366367053,"4","COL18A1"
8.23297990882232e-07,0.529827700169184,0.899,0.754,0.0264698537048546,"4","SORBS2"
8.6411710535525e-07,1.35860885373305,0.337,0.16,0.0277822290542767,"4","AC004943.2"
1.06207195503322e-06,1.32696180229805,0.393,0.202,0.034146675426273,"4","EFNB2"
1.1551455451341e-06,1.57819052959402,0.326,0.157,0.0371390844216064,"4","C1orf198"
1.18158765131702e-06,0.604170604958318,0.843,0.654,0.0379892245774936,"4","SPEG"
1.21321571489396e-06,0.758813020005145,0.562,0.35,0.0390060984495557,"4","CRIM1"
1.42626305361481e-06,0.942121964344754,0.607,0.409,0.0458557834367699,"4","NET1"
1.51529055766269e-06,1.02911626136437,0.427,0.229,0.0487181067194132,"4","CDH5"
1.63383268510255e-06,2.66152402960406,0.112,0.027,0.0525293546587322,"4","FMO3"
1.89364210193345e-06,1.01066178891346,0.607,0.405,0.0608824872192623,"4","PLPP3"
1.91050893043479e-06,0.738750663887345,0.169,0.052,0.0614247726224089,"4","IGHGP"
2.04269471139543e-06,1.59560696773479,0.202,0.072,0.0656746776660745,"4","C1QTNF7"
2.10372737990071e-06,0.586420741019392,0.787,0.596,0.0676369389911877,"4","TINAGL1"
2.27901819972264e-06,0.601193573835104,0.697,0.483,0.0732727141392825,"4","SMIM12"
2.43728212584712e-06,0.637266249024803,0.629,0.411,0.0783610576281106,"4","TNS2"
3.00981075778775e-06,1.25136021755473,0.371,0.196,0.0967684256736341,"4","AC002398.2"
3.05082148307663e-06,1.09804364026605,0.438,0.241,0.0980869615023966,"4","CALHM2"
3.3996839085187e-06,0.526104205278514,0.978,0.872,0.109303237342785,"4","C12orf60"
3.63160909720743e-06,0.678750220106072,0.64,0.434,0.116759864084316,"4","SORT1"
3.81856630378078e-06,0.892638735772825,0.404,0.216,0.122770725232856,"4","DOCK6"
3.90858378445037e-06,0.463127064614755,0.978,0.873,0.125664877253864,"4","MFGE8"
3.9211349239586e-06,1.79549427715575,0.124,0.033,0.126068408940193,"4","MROH5"
4.12413851893482e-06,0.574551095568665,0.64,0.428,0.132595177522273,"4","UTRN"
4.75465443692074e-06,1.96385989520614,0.112,0.029,0.152866894801439,"4","RF00002.5"
4.83411836960271e-06,1.61791522554124,0.213,0.082,0.155421739701097,"4","SIRT5"
5.04881431290968e-06,0.273596034277532,1,0.987,0.162324428974359,"4","ACTB"
5.30377392088058e-06,0.812808145993137,0.416,0.225,0.170521635330232,"4","KIRREL1"
5.50906175174164e-06,0.725597659583654,0.674,0.473,0.177121844380245,"4","CAPN12"
5.7730637070654e-06,1.68604374502419,0.135,0.039,0.18560977124586,"4","AC011447.1"
5.80995698090495e-06,0.337348358645503,1,0.891,0.186795926893075,"4","PFN1"
5.945981060373e-06,1.65528202939131,0.236,0.099,0.191169237072052,"4","GJA4"
6.13613273028523e-06,1.34576950212792,0.236,0.097,0.1972828034114,"4","CTTNBP2NL"
6.23866863322372e-06,1.67704701283663,0.169,0.057,0.200579435226776,"4","PGF"
6.32913848628775e-06,1.77389012237714,0.124,0.034,0.203488131472637,"4","ZNF569"
6.65581767461504e-06,0.628927749592126,0.775,0.613,0.213991194056548,"4","PLS3"
7.38108261510433e-06,0.62026578671958,0.719,0.512,0.237309187158219,"4","H2AFJ"
7.67601300414467e-06,1.19909092100038,0.438,0.249,0.246791494096255,"4","UBA2"
7.74238099196499e-06,1.21232188026618,0.36,0.193,0.248925291272666,"4","ZNF703"
7.99926087742488e-06,1.33071220342965,0.191,0.07,0.257184236470087,"4","DGKA"
8.23425948741025e-06,0.763423786378954,0.483,0.277,0.264739676779727,"4","EVA1C"
8.68807806213902e-06,0.36949877270814,0.876,0.693,0.279330397775832,"4","GPX3"
8.85460483993073e-06,0.778436062724374,0.427,0.237,0.284684400208613,"4","FAM193B"
1.02161877604875e-05,1.0598240986504,0.416,0.251,0.328460652687432,"4","SLIT3"
1.04453375450874e-05,0.38181631762681,0.921,0.811,0.335828047412105,"4","STOM"
1.0963125461791e-05,0.270270555178838,1,0.944,0.352475446722042,"4","ACTG1"
1.10831752914996e-05,1.86412050835302,0.213,0.086,0.356335168797002,"4","AMIGO2"
1.14691165026497e-05,0.598310829046652,0.73,0.547,0.368743564676692,"4","CSRP2"
1.18376072875237e-05,0.520063325024671,0.989,0.874,0.380590911901173,"4","MGP"
1.24855536195061e-05,1.36863087760517,0.281,0.132,0.401423034420739,"4","MAST4"
1.28487440355155e-05,1.46949556600568,0.213,0.086,0.413099969485859,"4","KCNA5"
1.31274843516608e-05,0.4891292167771,0.921,0.784,0.422061749390246,"4","PECAM1"
1.38355908080593e-05,1.27520542885775,0.348,0.186,0.444828080069915,"4","ADAMTS9"
1.41881571649735e-05,2.00275439941374,0.101,0.026,0.456163441011063,"4","CDK18"
1.61347878789897e-05,0.848680006478869,0.562,0.396,0.518749565097399,"4","FBLIM1"
1.73972027030981e-05,0.652648260261815,0.708,0.529,0.559337464107308,"4","FEZ2"
1.75061662968371e-05,0.904010662395214,0.539,0.368,0.562840752609608,"4","MLLT6"
1.84417149901495e-05,0.58556228933165,0.708,0.507,0.592919578648296,"4","TM4SF1"
1.88619258369138e-05,0.502851975498641,0.708,0.505,0.606429777582615,"4","C5orf34"
1.98206514298851e-05,0.754536154029169,0.449,0.274,0.637253764122237,"4","AC006030.1"
2.00572010890929e-05,0.447312323200145,0.921,0.756,0.644859072215426,"4","PDGFRB"
2.04708326677832e-05,0.587787967690964,0.719,0.494,0.658157741101897,"4","CXCL2"
2.11373530156692e-05,1.47965923177418,0.135,0.042,0.679587036806781,"4","RBM27"
2.14350834320555e-05,1.67337896987345,0.191,0.076,0.689159367424015,"4","PBX3"
2.19966771206228e-05,1.10673852371535,0.281,0.136,0.707215166105144,"4","PIK3CA"
2.24331664966646e-05,1.62673252829172,0.112,0.032,0.721248736034264,"4","ANGPT2"
2.32068220785102e-05,0.591423993608517,0.82,0.686,0.746122536646181,"4","RASSF4"
2.34325832647243e-05,0.370591682721394,0.989,0.877,0.753380984544152,"4","AC087521.3"
2.36986281733526e-05,1.03139378112103,0.315,0.158,0.761934594401461,"4","FAM207A"
2.46226706687027e-05,0.677475744966198,0.562,0.382,0.79164348466946,"4","SNCG"
2.49618021837974e-05,0.261337747394275,1,0.911,0.802546902011272,"4","POLR2B"
2.53375207993519e-05,0.564680775693172,0.652,0.457,0.814626631219961,"4","ESAM"
2.77002677358584e-05,0.832353197635325,0.551,0.37,0.890591307975583,"4","WTIP"
3.07166516335784e-05,0.595071177007083,0.697,0.517,0.987571066671178,"4","GNG11"
3.07240979002972e-05,1.67713038722961,0.135,0.043,0.987810471592455,"4","MAP3K10"
3.09094586660332e-05,0.690258651877219,0.573,0.377,0.993770005571633,"4","MICAL1"
3.16539104146793e-05,0.56574141567986,0.787,0.667,1,"4","MCAM"
3.23310540874928e-05,1.14269857459936,0.326,0.175,1,"4","ANGPT1"
3.29106963279644e-05,1.20853899060127,0.258,0.122,1,"4","PELI1"
3.42630173450746e-05,0.296393605977387,1,0.924,1,"4","IFITM2"
3.55071481450088e-05,1.12649045610508,0.315,0.169,1,"4","FCHSD2"
3.80361995919151e-05,1.22381614322521,0.213,0.088,1,"4","AL157392.3"
3.88479329266023e-05,1.06863013870821,0.348,0.2,1,"4","C2CD2"
4.3411944648941e-05,1.9111501206182,0.124,0.039,1,"4","GLI2"
4.46225154550682e-05,0.786231750096541,0.551,0.367,1,"4","MEF2D"
4.66759428388439e-05,0.562138077099163,0.708,0.567,1,"4","ITGB5"
4.84772132396105e-05,0.856854657627841,0.382,0.215,1,"4","TMEM120A"
5.00296505630994e-05,0.871473387469714,0.371,0.207,1,"4","PLXNB1"
5.06792419207003e-05,0.581697789885955,0.64,0.461,1,"4","PTP4A3"
5.14863091945377e-05,0.41507655724117,0.899,0.737,1,"4","HNRNPA2B1"
5.36002474684702e-05,2.27363141258742,0.112,0.034,1,"4","PLAGL2"
5.3604902027116e-05,0.902448219622058,0.652,0.528,1,"4","CEP85L"
5.40638153243708e-05,0.51299467273206,0.775,0.619,1,"4","TSPO"
5.50170237636311e-05,0.768649077912834,0.416,0.251,1,"4","CENPP"
5.61938403245059e-05,0.997443687522051,0.247,0.115,1,"4","ARAP3"
5.82349574951293e-05,0.848464595935567,0.303,0.155,1,"4","CBWD1"
5.85719664293104e-05,0.813398797694763,0.27,0.127,1,"4","TTC39B"
6.03903331030762e-05,1.12628565560835,0.225,0.097,1,"4","PLXNA3"
6.04190037461338e-05,0.72690427386899,0.551,0.381,1,"4","ITGA1"
6.41869773739164e-05,0.729552144585627,0.607,0.444,1,"4","IRF2BPL"
6.56744827577743e-05,1.32694978189029,0.18,0.071,1,"4","DUSP8"
6.63478770823031e-05,0.732284699621859,0.652,0.5,1,"4","CAV2"
7.03148470433994e-05,1.10526156393343,0.236,0.106,1,"4","SEMA3F"
7.34381912661052e-05,0.915041407493237,0.404,0.24,1,"4","SOX18"
7.35833058964604e-05,1.49963796486004,0.27,0.135,1,"4","SERTAD4-AS1"
7.94735165600558e-05,0.733111209524595,0.202,0.085,1,"4","KIAA1217"
8.23239763251123e-05,2.02866423534084,0.112,0.035,1,"4","ZNF615"
9.0086828889566e-05,0.631857835825595,0.64,0.471,1,"4","PKIG"
9.59345866553342e-05,1.73928106549718,0.146,0.053,1,"4","AC002066.1"
9.71818007639097e-05,0.940412761077504,0.506,0.35,1,"4","AC006254.1"
9.93480013478605e-05,0.654162243566572,0.584,0.42,1,"4","BHLHE40"
0.000101179357869647,0.354641313229351,0.955,0.846,1,"4","JUNB"
0.00010497939879589,0.928016203895706,0.36,0.209,1,"4","CLASP2"
0.000106790899182339,1.92528598838743,0.112,0.036,1,"4","KCNS3"
0.000114985007736234,1.54612688475915,0.157,0.06,1,"4","TACR1"
0.000117237612659553,1.20283067856318,0.18,0.073,1,"4","AC025569.1"
0.000117415307349136,1.29186342726849,0.225,0.104,1,"4","ZNF844"
0.000118126886052289,0.852808243568135,0.461,0.308,1,"4","AC092755.1"
0.000118234358667042,1.3830223970878,0.124,0.041,1,"4","BRSK2"
0.000118480933762417,0.558951187502989,0.708,0.55,1,"4","RRAS"
0.000123756171360988,1.06310577765938,0.292,0.153,1,"4","RBSN"
0.000126167430172844,0.711349039875597,0.562,0.385,1,"4","SET"
0.0001269618384835,1.57566474266647,0.146,0.054,1,"4","AP000893.2"
0.000129653840973184,0.506676628142753,0.652,0.453,1,"4","SORBS3"
0.000129839756965327,0.755821799367807,0.371,0.21,1,"4","PEF1"
0.000133025619544959,0.490802239993389,0.517,0.344,1,"4","PACSIN2"
0.000144886144083015,0.525338888089006,0.596,0.428,1,"4","CENPO"
0.000149384495188229,0.480628221195126,0.685,0.517,1,"4","RAD9A"
0.000151961443604463,0.978712353220905,0.326,0.187,1,"4","OSBPL8"
0.000152632540352962,1.31611463436324,0.236,0.112,1,"4","NOV"
0.000157234611782158,0.968735531484426,0.213,0.095,1,"4","MCPH1"
0.000159226414663554,0.913522887228212,0.393,0.245,1,"4","MEDAG"
0.000163348904228626,1.11257854245459,0.281,0.144,1,"4","TEKT4P2"
0.000167504014843924,0.792369566265629,0.584,0.434,1,"4","ADCY3"
0.00016922970967492,0.717317121048162,0.371,0.211,1,"4","CFAP36"
0.000175280699069241,1.34390375155319,0.135,0.048,1,"4","AC091057.2"
0.000175844307308716,1.3398740592093,0.225,0.104,1,"4","SEPT7P2"
0.000180896654492596,1.01766256048515,0.213,0.098,1,"4","CPNE2"
0.000190425871283311,1.47808530005276,0.202,0.092,1,"4","SUGP1"
0.000196667351374691,0.474087273344228,0.787,0.65,1,"4","RCAN2"
0.000199103505521836,0.806322691542999,0.427,0.27,1,"4","MIR29B2CHG"
0.000200131452901456,1.06772828074204,0.315,0.178,1,"4","HEY2"
0.000203425281710066,1.03327092346262,0.27,0.139,1,"4","PRR29"
0.000207283187823394,0.864255485917585,0.348,0.201,1,"4","FOXO1"
0.000216338370190217,0.951395148728239,0.18,0.074,1,"4","NHS"
0.000216630745504258,0.450358125560928,0.775,0.648,1,"4","GABBR2"
0.000221614003669842,0.831916825734946,0.36,0.207,1,"4","NUAK1"
0.000228672782722993,0.836195833275966,0.382,0.236,1,"4","PAWR"
0.000235419394897552,0.440716357490414,0.685,0.549,1,"4","MSN"
0.000236877782266535,1.04236611863081,0.281,0.146,1,"4","MICAL2"
0.000239479969826221,0.388230485410475,0.663,0.486,1,"4","FGD5-AS1"
0.000244532575833051,1.57363795938001,0.112,0.037,1,"4","SPIN3"
0.000261842299736663,1.11213070512835,0.258,0.132,1,"4","ICAM2"
0.000276933612926908,0.935365534907564,0.27,0.138,1,"4","PGGHG"
0.000282038178986499,1.45943308027604,0.146,0.057,1,"4","FKBP4"
0.000285542598099383,1.33882830426405,0.303,0.18,1,"4","PRKCD"
0.000293162503491236,0.945763307737775,0.18,0.077,1,"4","SRGAP2C"
0.000298302775800534,0.455468402487305,0.809,0.703,1,"4","ARGLU1"
0.000303021315001476,0.490672187778063,0.562,0.399,1,"4","ADARB1"
0.000318534529541609,1.43416690602253,0.236,0.116,1,"4","SOX13"
0.000320017001731927,0.931964227807967,0.404,0.264,1,"4","EMD"
0.000325280542164794,1.26741006488485,0.348,0.209,1,"4","EDN1"
0.00032667339669474,1.47216157955028,0.213,0.104,1,"4","AC021733.1"
0.000326829116062751,0.309480309659721,0.966,0.87,1,"4","HOOK2"
0.000345589268213161,0.891110657974001,0.438,0.281,1,"4","ITGA3"
0.000353899864581425,0.714473617747756,0.404,0.261,1,"4","TEX26-AS1"
0.000355969095893906,0.399685289615069,0.865,0.745,1,"4","PER1"
0.000359013627757417,0.556485423285446,0.652,0.499,1,"4","AC125611.3"
0.000361095868445803,0.740622686218189,0.337,0.193,1,"4","AC133644.3"
0.000377222955900683,1.08249840803219,0.169,0.071,1,"4","KITLG"
0.000404257266120266,1.66988539344051,0.135,0.052,1,"4","AC005841.1"
0.000404733816095439,0.530369026911305,0.551,0.391,1,"4","TCF4"
0.0004105751457844,0.430457345546197,0.865,0.786,1,"4","TGFBR2"
0.00042582453071552,0.963572634377692,0.326,0.189,1,"4","TMPO"
0.000429891539213746,1.66825705549289,0.112,0.039,1,"4","ETV1"
0.000433557624818848,1.05163376301304,0.303,0.172,1,"4","SELENBP1"
0.000446345896832256,0.524762428682708,0.652,0.487,1,"4","CSPG4"
0.000455334762316624,0.592438539177365,0.539,0.377,1,"4","ITSN2"
0.0004646444705858,0.479314014053438,0.629,0.486,1,"4","NDUFA12"
0.000466472589784346,1.30320985411667,0.169,0.073,1,"4","LINC02202"
0.000475272382772183,0.970460875007069,0.258,0.139,1,"4","MTHFD2"
0.000479413596171447,0.397239067958198,0.933,0.821,1,"4","AC087521.1"
0.000490949356508159,1.52136988862165,0.101,0.033,1,"4","ZDHHC13"
0.00053402967821956,0.669987190580658,0.393,0.25,1,"4","TBX3"
0.000544501598216152,0.532906137375067,0.382,0.237,1,"4","NPRL3"
0.000549398952659077,0.327150881194715,0.921,0.79,1,"4","HNRNPU"
0.000567354640479454,0.441111257621967,0.618,0.473,1,"4","PIGK"
0.000567878378102885,0.472946360021144,0.562,0.417,1,"4","CD34"
0.000575542486601791,0.858301113687795,0.472,0.331,1,"4","STK38L"
0.000582138312776079,0.638275562130563,0.393,0.248,1,"4","FAM198B"
0.000589102908052507,0.51038316168391,0.438,0.298,1,"4","LRIG1"
0.000598663551592933,0.659908743090191,0.281,0.154,1,"4","RPS20P14"
0.000612446392031025,0.693473537362439,0.348,0.207,1,"4","TANC1"
0.000619552446904414,0.91332903606637,0.337,0.198,1,"4","ZBED5"
0.000627107359150617,1.14746629517378,0.292,0.176,1,"4","THCAT158"
0.000645283199681047,0.468630175916316,0.517,0.372,1,"4","RUFY2"
0.000648203615250961,0.274456458293066,0.787,0.645,1,"4","CD93"
0.000672752708342965,0.557990749553902,0.506,0.334,1,"4","AC073569.2"
0.000687441900551511,0.637954367166378,0.315,0.18,1,"4","CREBRF"
0.000706355170763207,0.774058157034492,0.539,0.42,1,"4","ARPC5"
0.000709367044169221,0.659630490839042,0.551,0.394,1,"4","NOTCH2"
0.0007239673658541,0.650365842601027,0.337,0.2,1,"4","MAU2"
0.000742989422985171,0.422784583676393,0.753,0.617,1,"4","CEBPB"
0.000760949496185257,0.533670439192547,0.539,0.377,1,"4","FBLN2"
0.000770172591195958,1.09303872839391,0.18,0.082,1,"4","FAM120C"
0.000774044045809821,1.21588864253389,0.247,0.132,1,"4","HVCN1"
0.000801205653458588,0.588432980643114,0.36,0.217,1,"4","TAF1"
0.000802329914754537,0.441713625897687,0.719,0.608,1,"4","CAVIN3"
0.000815174914837127,0.553454180485195,0.326,0.188,1,"4","TMX3"
0.000817456151308265,0.521604629306393,0.506,0.369,1,"4","CDC42SE1"
0.000825830766058575,1.41015751002265,0.236,0.126,1,"4","TOPORS"
0.000846713191318906,0.711209394262404,0.551,0.402,1,"4","CBX6"
0.000848540327842084,1.01554145603564,0.213,0.108,1,"4","RNF144B"
0.000850453814203287,0.794643178775289,0.371,0.227,1,"4","EFNA1"
0.000851952335818879,0.370996745275757,0.775,0.648,1,"4","CXCL12"
0.000863961118847156,0.836453937052269,0.404,0.28,1,"4","CHSY1"
0.000870715159559247,0.8779954299422,0.348,0.213,1,"4","TIE1"
0.000873394515522738,0.682552653344613,0.528,0.403,1,"4","PDCD4"
0.000877041961208682,0.400282164082491,0.652,0.467,1,"4","ATN1"
0.000878623380366987,1.54589329730183,0.101,0.035,1,"4","CNTNAP3"
0.000879860965775182,0.358841681212744,1,0.902,1,"4","AC063952.1"
0.000884504881413209,0.601622255647936,0.101,0.035,1,"4","SPTB"
0.000901760679639086,1.21276914125398,0.191,0.091,1,"4","SPC24"
0.000906952029400512,1.90241183679778,0.135,0.055,1,"4","EEF1A1P19"
0.000915800389726538,0.581167944026632,0.371,0.23,1,"4","RBM17"
0.0009170650366999,0.255025964617064,0.944,0.818,1,"4","PRRX1"
0.000921666970919855,0.572878248219423,0.629,0.504,1,"4","PHLDB2"
0.000931940508700211,0.755441724822095,0.483,0.356,1,"4","DOCK9"
0.000940840323701373,0.794432967279197,0.225,0.115,1,"4","PKP4"
0.00094093560114166,1.02062740880416,0.303,0.18,1,"4","PCIF1"
0.000944183842708652,0.491180937214048,1,0.976,1,"4","CLU"
0.000957152743000872,0.751885182304343,0.247,0.127,1,"4","CACNB3"
0.00096469090185533,1.01631878702245,0.18,0.083,1,"4","CNOT10"
0.00100395573325617,0.853805197939435,0.213,0.106,1,"4","SMIM41"
0.00103632248481943,1.06727384141231,0.247,0.133,1,"4","CAMK1"
0.00104129162720385,0.68684370322654,0.404,0.273,1,"4","HAPLN3"
0.00104524334272456,0.683902074279633,0.461,0.331,1,"4","AC079313.2"
0.00105171214063448,0.786801439361666,0.281,0.154,1,"4","PDGFA"
0.00106345385087307,0.518771604667483,0.517,0.376,1,"4","RAMP2"
0.0010807065270249,1.2628311954217,0.135,0.056,1,"4","TEN1-CDK3"
0.00108222771550303,1.11108593349507,0.27,0.154,1,"4","SHE"
0.00110264396503465,1.39332490708588,0.112,0.042,1,"4","IL10RB-DT"
0.0011027476420453,0.485655995096146,0.596,0.491,1,"4","AC099336.2"
0.00110596547771429,1.125416924306,0.169,0.076,1,"4","ZC3H6"
0.00111691784226697,0.520481348319346,0.472,0.336,1,"4","AC093503.2"
0.00113031023279648,0.763199695410195,0.36,0.223,1,"4","ATXN7L3B"
0.00115926464020091,1.07339191234029,0.191,0.093,1,"4","MTA1"
0.00117946342420809,0.573153399524661,0.416,0.273,1,"4","BRD4"
0.00119873796660507,0.676224699220939,0.629,0.489,1,"4","PDLIM5"
0.00120902790537472,0.492543331906245,0.472,0.337,1,"4","AC013717.1"
0.00122364611947222,0.644155195900067,0.348,0.217,1,"4","TAOK1"
0.00122675445881845,0.656797434409911,0.472,0.339,1,"4","HDAC5"
0.00125354934631635,0.973132253367478,0.202,0.103,1,"4","KIAA0895L"
0.00129354867874532,0.345400954915287,0.36,0.225,1,"4","SGK1"
0.00130705906561451,1.05920853273268,0.247,0.138,1,"4","PRDM16"
0.00132619752541123,0.781874056425766,0.404,0.265,1,"4","EIF2B1"
0.00135345612578112,0.986871061583628,0.236,0.128,1,"4","EPSTI1"
0.00137410221869834,0.578839410180052,0.674,0.57,1,"4","EDNRA"
0.00137793134307673,0.849577014422288,0.258,0.145,1,"4","HMOX2"
0.00140600440799429,0.96980755994171,0.292,0.17,1,"4","AC005670.2"
0.00141905850972083,0.259057501969608,1,0.951,1,"4","STAMBPL1"
0.00142070121339885,0.499227207004508,0.551,0.401,1,"4","ARPP19"
0.00147202681983452,1.07145590525083,0.236,0.129,1,"4","EXOSC1"
0.00147796336584158,0.817446556598483,0.36,0.236,1,"4","USP47"
0.00148380692093438,1.39681048213551,0.213,0.115,1,"4","ADH1B"
0.00150149950993892,0.925694397166062,0.191,0.093,1,"4","ITFG2"
0.0015245135773518,0.751570461758086,0.27,0.152,1,"4","GAB1"
0.00153606931002206,0.663926277714006,0.483,0.357,1,"4","RBM25"
0.00153683259558168,0.643891187362959,0.303,0.179,1,"4","PIP5K1A"
0.00155046432945038,0.254853971750869,0.989,0.904,1,"4","ACTA2-AS1"
0.00159511799177722,0.931702405473392,0.281,0.163,1,"4","BTN2A1"
0.00162984831517548,0.585545682969235,0.483,0.345,1,"4","PGRMC2"
0.00163145336637612,0.742235265518812,0.36,0.231,1,"4","HIP1"
0.00167021496634837,0.516529690803812,0.416,0.283,1,"4","FDFT1"
0.00169260074989173,0.937931851536333,0.258,0.149,1,"4","ENTPD4"
0.00170144189906121,0.851629555196245,0.315,0.198,1,"4","MEF2C"
0.00170174103570258,1.07045108611932,0.281,0.169,1,"4","FOXC1"
0.00170357684786891,0.905010816948962,0.202,0.102,1,"4","GMDS"
0.00173542071436855,1.27681841561066,0.213,0.115,1,"4","SOX5"
0.00177269449777205,1.01990142385427,0.213,0.112,1,"4","TBX4"
0.00177907775705976,0.326680404940783,0.742,0.609,1,"4","AXL"
0.00181524015949614,0.383039633680671,0.506,0.36,1,"4","AC021078.1"
0.00182808728250001,0.444900237240199,0.663,0.532,1,"4","COL14A1"
0.00184561275482291,0.948179045627548,0.258,0.147,1,"4","TTC33"
0.00184666916425675,1.23217125001224,0.112,0.043,1,"4","PCDH10"
0.00184799525396809,0.706574609914297,0.348,0.216,1,"4","C5orf15"
0.00189282314694799,1.48936701151665,0.124,0.052,1,"4","SLC4A5"
0.00189525763937266,0.83865950463033,0.292,0.181,1,"4","GADD45A"
0.00192729168578353,1.31238552788493,0.124,0.051,1,"4","ITIH4"
0.00192740337354628,1.08608065442676,0.157,0.072,1,"4","HSDL1"
0.00193754263038576,0.479665773593202,0.584,0.447,1,"4","ELOVL5"
0.00194651274313645,0.435171686895744,0.607,0.454,1,"4","TWSG1"
0.00196489735448666,0.363720093662334,0.64,0.507,1,"4","SAV1"
0.00201425089650935,0.584569362634527,0.483,0.364,1,"4","EPB41L4A"
0.00202357139088595,0.733586159432483,0.292,0.177,1,"4","AC011495.1"
0.00203717902516846,0.474658956154083,0.528,0.41,1,"4","MT-TL1"
0.00203900736952764,1.20112524594933,0.213,0.115,1,"4","BCL9L"
0.00213387132763945,0.514806668586327,0.618,0.523,1,"4","AC114956.3"
0.00213413958915705,1.51499600039766,0.112,0.045,1,"4","RAB6B"
0.00217990944383435,0.999007887701504,0.101,0.038,1,"4","PGAM2"
0.00219305875966339,0.543267162066737,0.438,0.311,1,"4","PANK2"
0.00223109808369961,1.30011781785638,0.135,0.058,1,"4","TXLNG"
0.00227846154433479,0.275040990624923,0.584,0.442,1,"4","RBM6"
0.002289530557688,0.406861120134455,0.719,0.6,1,"4","SLC38A2"
0.00232239540585168,1.29027678740847,0.146,0.066,1,"4","MECR"
0.00232246937736764,1.53645417859157,0.101,0.039,1,"4","IGF2"
0.00232603345657153,0.552648449164266,0.483,0.353,1,"4","UBE3C"
0.00232833642795934,0.654627250743119,0.438,0.314,1,"4","TSTD2"
0.00233665511271208,1.48123411038588,0.146,0.067,1,"4","VEGFC"
0.00235120259398519,1.16821032402238,0.27,0.163,1,"4","COL8A1"
0.00241188167403945,0.455742340341431,0.461,0.324,1,"4","ELK4"
0.00245126671619917,0.800601949389986,0.315,0.197,1,"4","BCL2L1"
0.00246027746197775,0.529159989772029,0.483,0.344,1,"4","RHEB"
0.00247270696618637,0.303862278245536,0.629,0.469,1,"4","PAPOLA"
0.0024953166932695,0.511324531733215,0.371,0.235,1,"4","HEG1"
0.00252924827546614,1.1144784096959,0.112,0.045,1,"4","5-Sep"
0.00256524868415757,0.366171566802372,0.596,0.444,1,"4","EIF4G1"
0.00259600663283238,0.863859604583501,0.236,0.13,1,"4","CSNK2A2"
0.00261500939389378,1.06850081991444,0.124,0.052,1,"4","RNF157"
0.00262710111549047,0.938000762301957,0.124,0.051,1,"4","RRN3P1"
0.00266123741476599,1.14840350197109,0.202,0.108,1,"4","PCSK5"
0.00268315112265696,0.749035150462633,0.258,0.149,1,"4","NFKB2"
0.00268689834924711,0.555469452990638,0.303,0.182,1,"4","ARRDC2"
0.0027005322364043,0.429417214992536,0.506,0.373,1,"4","ZNF286B"
0.0027156106936829,0.650360273564525,0.36,0.236,1,"4","FYTTD1"
0.00271659081351384,0.789646052182226,0.281,0.169,1,"4","CDH13"
0.00289117805152818,0.631780306621598,0.472,0.342,1,"4","ASS1"
0.0028989683622448,0.267679954804489,0.854,0.794,1,"4","MYL12B"
0.00292361199639164,1.65249810560885,0.101,0.039,1,"4","CEP131"
0.00294418457125398,0.590250491072075,0.528,0.396,1,"4","HMGN3"
0.00299597798371747,1.15464450550955,0.157,0.076,1,"4","THOC6"
0.0030577741582462,0.540390701055334,0.213,0.114,1,"4","AL591684.1"
0.00307302235989502,0.588846092210951,0.494,0.386,1,"4","TMOD1"
0.00308320868935578,0.796190927090578,0.213,0.115,1,"4","USP1"
0.0031016115806676,0.34236430819954,0.539,0.391,1,"4","DBNL"
0.00313208095190702,0.682457024954779,0.281,0.172,1,"4","B4GALNT1"
0.00315972414717916,1.23100459968207,0.157,0.078,1,"4","AC099518.5"
0.00316582401721311,1.23896207966031,0.124,0.053,1,"4","SLC24A5"
0.00318544102522145,0.886592260030945,0.404,0.29,1,"4","NDUFA5"
0.00322063037451772,0.887517382994752,0.191,0.099,1,"4","PPM1D"
0.00324796126184805,0.449401852902686,0.449,0.331,1,"4","GIPC2"
0.00324846272169345,0.737608773102559,0.404,0.282,1,"4","TP53BP1"
0.00327777593862211,0.653064139213948,0.281,0.165,1,"4","ADGRL4"
0.00333579695834532,0.556777319331166,0.461,0.337,1,"4","YME1L1"
0.0033362333635591,0.281242962060431,0.337,0.205,1,"4","UCKL1"
0.00335950866428127,0.890577410934333,0.213,0.117,1,"4","NRN1"
0.00338377763178686,0.800655227973117,0.191,0.099,1,"4","RRP1B"
0.00340253980388896,0.468610835866776,0.573,0.44,1,"4","MAP4"
0.00341193926290501,0.805388040746389,0.258,0.154,1,"4","WWP2"
0.00342678304768821,0.339098687158986,0.876,0.747,1,"4","NNMT"
0.00349280013917909,0.727372048567986,0.483,0.349,1,"4","ATP8B2"
0.0035140221158886,0.734403769532746,0.27,0.162,1,"4","RASAL2"
0.00351841746357687,0.80634725239596,0.303,0.183,1,"4","IRS1"
0.00353683082438711,0.575301261912825,0.247,0.142,1,"4","MAN2A1"
0.00361735406603705,0.31558506514136,0.764,0.624,1,"4","FAM177B"
0.00364848988042384,0.329154398285024,0.697,0.556,1,"4","GABARAPL2"
0.00366392164263478,0.323606646777752,0.584,0.437,1,"4","LSM4"
0.00367440196251262,0.553347813143575,0.528,0.416,1,"4","RSU1"
0.00367617128845145,0.904398067457335,0.382,0.283,1,"4","NR1H2"
0.00367763686251034,1.08430510012904,0.191,0.103,1,"4","DAAM2"
0.00368954118524198,0.832533385795048,0.258,0.155,1,"4","PM20D2"
0.00376012757276125,0.974932596277077,0.213,0.119,1,"4","ECM2"
0.00376519436327929,1.82436929242903,0.112,0.048,1,"4","SUPT3H"
0.00379826270913673,1.33889017796979,0.124,0.054,1,"4","SRL"
0.00391206649401991,1.13959564989663,0.191,0.102,1,"4","OARD1"
0.0039563843158188,1.23879699071535,0.112,0.047,1,"4","NRXN2"
0.00396595901163111,1.30774917199718,0.258,0.16,1,"4","MYOM2"
0.00405702065792638,0.601469514881619,0.225,0.125,1,"4","RARS2"
0.00407161171623301,0.452221828253952,0.685,0.57,1,"4","TBL1XR1"
0.00407346819704275,0.663104312393817,0.506,0.39,1,"4","PPP2CB"
0.0041551885611157,0.60706003450828,0.506,0.41,1,"4","CX3CL1"
0.00415638881626495,0.586996642793163,0.326,0.207,1,"4","SNX18"
0.0041711750673457,0.493328429075347,0.416,0.293,1,"4","AKAP1"
0.00419323273345153,0.909044718591285,0.157,0.078,1,"4","AC005562.1"
0.00426320603093989,0.806481210233699,0.112,0.046,1,"4","KLF15"
0.00427986658506337,0.601346016457142,0.494,0.375,1,"4","PHC1"
0.0042945772646631,1.04153859174729,0.213,0.12,1,"4","TEX10"
0.00433476534922978,0.304582186496264,0.708,0.626,1,"4","NPTN"
0.00437473571842968,0.314965737407009,0.539,0.398,1,"4","AC010320.2"
0.00437618451279319,0.346617750892634,0.64,0.515,1,"4","SNX22"
0.00438328678551872,0.882398526339979,0.191,0.1,1,"4","AL929236.1"
0.00443165263585779,0.648666294140275,0.326,0.214,1,"4","MAP3K11"
0.0044685924589047,0.422379704754251,0.764,0.657,1,"4","RAMP1"
0.00449613226832806,0.277167808969488,0.91,0.801,1,"4","AL928654.3"
0.0045043984765375,0.941624627401744,0.247,0.148,1,"4","EGFL8"
0.00451005396957096,0.746261058646149,0.135,0.061,1,"4","DHCR24"
0.0045683168425296,1.1782456953626,0.202,0.112,1,"4","TENT5A"
0.00459547363512472,0.273466971106872,0.596,0.461,1,"4","CHMP4B"
0.00462493241057067,1.55084187856808,0.112,0.048,1,"4","GRIP2"
0.00466124440592324,0.348307996502173,0.528,0.405,1,"4","PODXL"
0.00473432831548958,0.418118406291256,0.652,0.573,1,"4","C9orf3"
0.00476981483773986,0.3381362552163,0.663,0.525,1,"4","PHYKPL"
0.00477980831807918,1.01998725356435,0.124,0.054,1,"4","DYNC2H1"
0.00483396020720719,0.493340814499472,0.393,0.279,1,"4","ARHGAP17"
0.00485430684751723,0.443055207540588,0.573,0.451,1,"4","RGS3"
0.00490390807208078,1.24431719549565,0.112,0.048,1,"4","CEP162"
0.00492193375665997,0.681628494642872,0.337,0.221,1,"4","CYTH3"
0.00492562688863105,1.09272695056135,0.157,0.079,1,"4","METTL22"
0.00495083209865022,0.750023624983228,0.292,0.186,1,"4","AC016727.1"
0.00497426749525647,0.69132671560659,0.393,0.284,1,"4","GLIPR1"
0.00497534248073027,0.922978989024404,0.18,0.094,1,"4","DYRK4"
0.00497564896120246,0.605140284848617,0.36,0.245,1,"4","AL139095.4"
0.00504857975632929,0.381565238306314,0.607,0.492,1,"4","LRPAP1"
0.00510066665172189,1.00397339612774,0.169,0.086,1,"4","AC010457.1"
0.00512143425915735,0.824035057142909,0.303,0.199,1,"4","CD27-AS1"
0.00515465202682975,0.303127190271346,0.517,0.388,1,"4","MAEA"
0.00517030141767144,1.30798083082734,0.124,0.056,1,"4","AF201337.1"
0.00518247299563773,0.66803973952532,0.449,0.344,1,"4","PDIA6"
0.00519872561216442,1.06033544232135,0.236,0.138,1,"4","SNAI2"
0.00527621131330252,0.913476199214608,0.169,0.086,1,"4","SYNJ2BP"
0.00531171432077431,1.14463412178785,0.146,0.071,1,"4","TRPV2"
0.00542414078071051,0.44070233216218,0.472,0.349,1,"4","LTBP3"
0.00545517965089505,0.716158256023385,0.416,0.301,1,"4","ARRDC3"
0.00545605479053658,1.32253936313701,0.101,0.042,1,"4","NACAD"
0.00545709752431266,0.336874188323278,0.685,0.577,1,"4","MACF1"
0.00546327456853136,0.367482521509515,0.506,0.373,1,"4","TAB2"
0.00556437361520265,1.32543604453601,0.169,0.088,1,"4","CDK6"
0.00557617673639051,1.01999724927738,0.281,0.182,1,"4","ERRFI1"
0.0056062161885875,0.733502027831032,0.258,0.154,1,"4","WDR11"
0.00561893223828483,1.23562816673062,0.124,0.056,1,"4","PRDM5"
0.0056229655344701,0.643929674227698,0.157,0.078,1,"4","ELL"
0.00562652472536357,0.681922085745234,0.483,0.374,1,"4","ARPC4"
0.00565611737407371,0.447631510955832,0.517,0.397,1,"4","PICALM"
0.00566066188038725,0.553994972658059,0.371,0.263,1,"4","BCL6"
0.00566120076324882,0.527430662150087,0.506,0.412,1,"4","AP003721.1"
0.00567090975525282,1.00740071129805,0.225,0.135,1,"4","CORO7"
0.0057001334205469,1.11832836372928,0.135,0.064,1,"4","DNAH11"
0.00571744196152357,0.829822767388967,0.303,0.199,1,"4","SESTD1"
0.00573528376689564,0.538155447569917,0.528,0.427,1,"4","TMEM30A"
0.00575332057807538,1.09958823942777,0.169,0.088,1,"4","PREX1"
0.00575358473669566,1.73598271936124,0.112,0.049,1,"4","A1BG"
0.00578789206896978,0.92138043565609,0.135,0.063,1,"4","LRRC23"
0.00582613217869087,0.567715560541726,0.427,0.311,1,"4","RAD51B"
0.00591540798557215,0.765440960088571,0.326,0.223,1,"4","LRRC32"
0.00594103204871254,0.925195105697664,0.202,0.112,1,"4","SEL1L3"
0.00596653101021625,0.734946443333488,0.348,0.241,1,"4","SMARCE1"
0.00600556467816745,0.295646259580708,0.831,0.71,1,"4","AC139769.1"
0.00603712234825697,1.73770283156791,0.112,0.05,1,"4","AC010320.3"
0.00606002699723196,1.06236564488456,0.146,0.072,1,"4","COL5A3"
0.00606291179017059,1.11576050243735,0.18,0.096,1,"4","SLC9A8"
0.00609797016226134,0.782172235560255,0.18,0.093,1,"4","ADPRH"
0.00613501002287642,1.25230066785362,0.112,0.049,1,"4","AC093423.3"
0.00614093867767729,1.21654013094887,0.157,0.08,1,"4","ANKRD52"
0.00616213172535498,0.637138696850164,0.404,0.296,1,"4","AC073896.1"
0.00616810044283898,0.498488443817815,0.461,0.335,1,"4","MXD3"
0.0062071175697403,0.787509799743938,0.191,0.102,1,"4","RCBTB1"
0.00647463762729863,0.519785807207669,0.236,0.136,1,"4","AC016876.1"
0.00651973895979456,1.15906583395878,0.101,0.043,1,"4","AL356056.3"
0.00654475242511904,0.784905261280628,0.225,0.128,1,"4","ABT1"
0.00657171016380072,0.887918801283468,0.258,0.161,1,"4","TMEM87B"
0.0068283855916715,0.636905802708213,0.213,0.123,1,"4","LDLR"
0.00693629436928891,0.37188295193996,0.562,0.458,1,"4","CALM3"
0.00701404714878174,0.840937384560606,0.225,0.132,1,"4","CSRNP2"
0.00707049184168189,0.849602639487283,0.225,0.136,1,"4","PPP2R3C"
0.00715236305195941,0.510195298215537,0.393,0.276,1,"4","VPS13D"
0.00718824464148646,0.369690171451854,0.629,0.509,1,"4","SUN2"
0.00722583506383492,1.25802754599547,0.135,0.065,1,"4","PCED1B"
0.00722923900784453,0.743591617019411,0.213,0.122,1,"4","TRNT1"
0.00725821021901748,0.566224890282771,0.213,0.12,1,"4","NT5C2"
0.00730226789493104,0.304916053695306,0.663,0.546,1,"4","PTGES3"
0.00733797513699409,0.985614844902414,0.191,0.107,1,"4","PTPN13"
0.00737721101123747,0.924916414479104,0.281,0.177,1,"4","CHD2"
0.00742186986166194,0.598789704958818,0.382,0.261,1,"4","SIK1"
0.00742321348104174,0.822310222205566,0.258,0.158,1,"4","PQLC3"
0.00745543536790824,0.963641128733657,0.27,0.173,1,"4","PRR14"
0.00748833113693021,0.581835088458736,0.438,0.319,1,"4","STT3B"
0.00752741946843704,0.533427439685478,0.517,0.401,1,"4","BLOC1S1"
0.00757107720051128,0.905365382429012,0.348,0.245,1,"4","PPP1R2"
0.00769827965878439,0.389755527414038,0.494,0.358,1,"4","MIR4458HG"
0.00773093930841125,0.799686859405645,0.236,0.142,1,"4","PDS5B"
0.00779670983325861,0.905610926538493,0.303,0.207,1,"4","CHD3"
0.00789048278386011,1.00774650670634,0.135,0.065,1,"4","AC011472.2"
0.00795290854152611,0.427533195999071,0.427,0.312,1,"4","SAMD8"
0.00795790567546076,0.760779246478921,0.213,0.125,1,"4","DGKH"
0.00803470190445314,0.48477569048817,0.303,0.194,1,"4","MDC1"
0.00807767292471256,0.698927452315256,0.292,0.187,1,"4","VPS37A"
0.00815383221158669,0.264306983842209,0.764,0.661,1,"4","IRF2BP2"
0.00815737655484928,1.24862968429687,0.101,0.044,1,"4","TEX14"
0.00818622831971771,1.04542903164107,0.18,0.098,1,"4","ABCF3"
0.00820746342253484,0.543098374596549,0.258,0.161,1,"4","LHFPL3"
0.00825412765607904,0.788851051407066,0.18,0.098,1,"4","AC087276.2"
0.00829862697782172,1.18604656530961,0.225,0.135,1,"4","FAM20A"
0.00837591175201712,1.46429600099626,0.124,0.059,1,"4","CENPV"
0.00838382516387991,1.16600744323242,0.202,0.115,1,"4","ZNF704"
0.00841340877701792,0.816798969102088,0.191,0.106,1,"4","PMFBP1"
0.0085028723145882,0.421125883124245,0.427,0.318,1,"4","PTK2"
0.00858428257607492,0.663838224846879,0.303,0.201,1,"4","YIPF1"
0.00861202532924439,0.339794887222576,0.449,0.32,1,"4","FERMT2"
0.00861773870507401,1.39454257295126,0.101,0.044,1,"4","DOCK2"
0.00867237937398498,0.593394190925665,0.382,0.288,1,"4","NFYB"
0.00870517056293845,0.857156031630035,0.157,0.08,1,"4","MEF2C-AS1"
0.00870974971806275,1.50048434423408,0.124,0.06,1,"4","NEK4"
0.00871654802730368,0.286178499295255,0.596,0.456,1,"4","DENND5A"
0.00872780375004694,0.549143908885425,0.135,0.065,1,"4","THAP9-AS1"
0.00874692349242295,0.582027025004559,0.18,0.097,1,"4","SYNJ2"
0.00880041001463064,0.38284630056324,0.674,0.598,1,"4","SIK3"
0.00886531965355406,0.837843630681857,0.236,0.144,1,"4","ICE1"
0.00888251252653502,0.929385657918871,0.236,0.146,1,"4","METTL3"
0.00894817058149663,0.693952991068479,0.247,0.154,1,"4","PIK3R3"
0.00900959611005521,0.345979472901904,0.483,0.352,1,"4","PPP1CC"
0.0090202743348564,1.39615809574964,0.146,0.076,1,"4","TEAD4"
0.00904057775062458,1.04946035602277,0.112,0.051,1,"4","FAM220A"
0.00907623588225236,1.15661384225276,0.157,0.085,1,"4","KIAA1257"
0.00908469318649168,0.373067718903397,0.584,0.453,1,"4","GADD45GIP1"
0.009090317605425,0.703789992352107,0.326,0.221,1,"4","CLK4"
0.00909825017792544,1.1013292803696,0.18,0.102,1,"4","RNF112"
0.00911988053875623,1.15717990030273,0.202,0.123,1,"4","SNRNP40"
0.00918601421666812,1.04515319734645,0.157,0.084,1,"4","MYO1B"
0.00922603521937993,0.447448934468908,0.315,0.206,1,"4","MPG"
0.00925776550195112,0.64446087352067,0.157,0.081,1,"4","GMPPA"
0.0093054405509738,1.48894138892365,0.112,0.052,1,"4","USP50"
0.00932131576653743,0.905977889231432,0.18,0.101,1,"4","PKP4-AS1"
0.00937440260874655,0.655051529698957,0.348,0.248,1,"4","MRTFA"
0.00938405289520091,0.63444424462621,0.326,0.223,1,"4","AC022400.6"
0.00943505880103349,0.731364292338132,0.202,0.117,1,"4","CGRRF1"
0.00944381522441121,0.398131101965407,0.483,0.383,1,"4","CHURC1-FNTB"
0.00944545699168282,0.741338599422911,0.438,0.347,1,"4","NFATC4"
0.00947830235200494,0.352205042292858,0.652,0.559,1,"4","ARID5B"
0.00954547434399093,0.407456838039075,0.461,0.364,1,"4","ARHGEF7"
0.00954629120421128,0.883007411212352,0.135,0.067,1,"4","ARHGEF37"
0.00961758845169414,0.865964153626531,0.18,0.1,1,"4","GP1BB"
0.00971415098956477,0.286530365237497,0.427,0.307,1,"4","DONSON"
0.0097280285767834,0.92393043503478,0.124,0.059,1,"4","IQSEC2"
0.00974221978552018,0.589672845226867,0.371,0.271,1,"4","KCTD10"
0.00974924011609659,0.878357780553701,0.202,0.116,1,"4","SYNE2"
0.00978391420734554,0.818377014531247,0.247,0.158,1,"4","CDC42BPB"
0.00979142559379951,0.639570667206765,0.315,0.214,1,"4","TUBA4A"
0.00979517722453217,1.08092923841211,0.191,0.108,1,"4","FGD4"
0.00981264762498331,0.779068984101488,0.169,0.089,1,"4","GALNT16"
0.00983361223579035,0.778103396414721,0.236,0.147,1,"4","BTBD3"
0.00986637158234711,0.524445046543578,0.292,0.191,1,"4","PTCD3"
0.00991731290440947,0.437750017258507,0.438,0.336,1,"4","PDGFRL"
3.23079731142279e-162,5.94417472944186,0.654,0.034,1.03873364359554e-157,"5","JCHAIN"
9.19398740612522e-136,6.02686916116926,0.593,0.034,2.95595889094332e-131,"5","ENAM"
1.03855246055375e-133,6.06693452272588,0.704,0.053,3.33905001592637e-129,"5","IGHG3"
4.76830278330561e-119,5.93254123228233,0.617,0.044,1.53305702786059e-114,"5","IGHGP"
1.02019380713776e-106,6.09886880012024,0.667,0.061,3.28002510932862e-102,"5","IGHG2"
2.5392089697415e-104,4.92839555960691,0.247,0.006,8.16381075861589e-100,"5","MZB1"
3.00552844899106e-94,6.08507102116788,0.667,0.073,9.66307451635116e-90,"5","IGHG1"
4.65583752231484e-82,5.9052610607895,0.728,0.101,1.49689832179944e-77,"5","IGHG4"
8.515467812504e-69,4.75546141150203,0.185,0.005,2.73780805639816e-64,"5","POU2AF1"
1.42644818632207e-57,5.22861852952346,0.21,0.009,4.58617356384409e-53,"5","CXCL9"
3.5803363406761e-54,6.02656423846507,0.728,0.154,1.15111393689077e-49,"5","IGKC"
3.43375289036248e-52,4.81852209064414,0.222,0.012,1.10398589178044e-47,"5","AC112719.2"
8.8324127951239e-50,5.87796685186296,0.716,0.16,2.83970903776029e-45,"5","AC244205.1"
7.58635016471294e-48,6.2424451934963,0.481,0.069,2.43908744145686e-43,"5","IGLC3"
2.73927367412723e-47,6.14951887815804,0.494,0.075,8.80703878968647e-43,"5","IGLC2"
5.69323764433432e-43,5.4485306169642,0.296,0.027,1.83043283502993e-38,"5","IGLL5"
7.05268997837977e-43,5.51643050159987,0.148,0.006,2.26751035494888e-38,"5","IGHA2"
3.31198693143887e-41,5.66314645117499,0.284,0.026,1.06483691832691e-36,"5","IGLC1"
1.10733077315644e-39,2.56064495075273,0.395,0.051,3.56017916877527e-35,"5","PIM2"
1.59627414857673e-35,5.50679201120527,0.346,0.046,5.13218101508905e-31,"5","IGHA1"
9.00969102991063e-22,2.25130634482776,0.21,0.026,2.89670576302657e-17,"5","CD3D"
4.36822290947238e-19,2.31836036009941,0.358,0.08,1.40442734762446e-14,"5","CD52"
4.8462746381312e-18,2.59740667553012,0.185,0.025,1.55812575890556e-13,"5","CD8A"
2.15147665903659e-17,3.4020286727515,0.111,0.01,6.91721260646855e-13,"5","AL590764.2"
5.94142838337267e-17,2.72247273931801,0.136,0.015,1.91022863953815e-12,"5","IGHM"
4.00592304707328e-15,0.466969626390278,1,0.984,1.28794431886453e-10,"5","B2M"
9.4171759786506e-15,1.39935323250911,0.444,0.135,3.02771624889595e-10,"5","CXCR4"
2.1676574656262e-14,1.25563664527403,0.37,0.1,6.96923551773479e-10,"5","LYZ"
1.45123312747657e-13,0.903664524192418,0.728,0.303,4.66585962814992e-09,"5","S100A8"
2.63355182850151e-13,1.12123334459379,0.63,0.245,8.4671324838152e-09,"5","AC007192.1"
3.10277786775006e-13,1.23935017337268,0.556,0.2,9.97574112260323e-09,"5","IFI30"
5.04771520936509e-13,0.680311935174868,1,0.861,1.62289091696297e-08,"5","HLA-DRA"
3.01146764908618e-12,0.945340055198338,0.938,0.575,9.68216963857698e-08,"5","S100A9"
3.6724010121824e-12,1.18430001676922,0.593,0.24,1.18071364942676e-07,"5","AC006160.1"
6.92005450119982e-12,1.80408139708693,0.383,0.131,2.22486672268075e-07,"5","APOC1"
7.66532275468251e-12,0.671465376703879,0.988,0.721,2.46447791885797e-07,"5","HLA-DRB1"
1.18383894292517e-11,1.59574907222006,0.333,0.101,3.80616058539871e-07,"5","AC020656.1"
1.33955802119878e-11,2.40907196456137,0.123,0.018,4.3068129939562e-07,"5","NCF2"
3.69298049334628e-11,1.32416465309408,0.321,0.093,1.18733015841576e-06,"5","RPL7AP30"
4.91966412746164e-11,0.791460403239831,0.827,0.42,1.58172121362019e-06,"5","AL590385.2"
9.01866890542962e-11,1.87060519048004,0.185,0.039,2.89959223978468e-06,"5","TRBC2"
9.37654171746734e-11,1.15011342885214,0.568,0.247,3.01465192758293e-06,"5","CTSS"
9.41899091951765e-11,1.96739924570522,0.111,0.016,3.02829977053412e-06,"5","ADAM28"
1.15653312873736e-10,0.621020602740968,0.975,0.653,3.71836966220347e-06,"5","HLA-DPA1"
1.88127325789124e-10,1.12257312174842,0.753,0.361,6.04848165144613e-06,"5","RARRES3"
2.25662178463489e-10,1.11280113989843,0.37,0.123,7.25526469977962e-06,"5","CD53"
2.60638738773792e-10,2.38721576798735,0.136,0.024,8.37979609031618e-06,"5","SPOCK2"
2.82318459252796e-10,1.73862914033171,0.173,0.036,9.07682078343665e-06,"5","DUSP2"
4.12758901953487e-10,0.451865161559097,1,0.96,1.32706114567066e-05,"5","HLA-B"
5.91038481999847e-10,1.50002111641598,0.235,0.062,1.90024782347771e-05,"5","TMEM100"
6.48314332257535e-10,1.51936071638673,0.272,0.079,2.0843954096412e-05,"5","SERPINA1"
9.13250609438072e-10,0.745552917814805,0.852,0.476,2.93619203440435e-05,"5","C1QB"
1.26654485352924e-09,1.18382649463723,0.333,0.11,4.07206835858187e-05,"5","SEL1L3"
1.26904463489328e-09,2.22401507374908,0.123,0.021,4.08010540564539e-05,"5","AL136018.1"
1.32756370386934e-09,1.3235635662435,0.679,0.34,4.26825006431031e-05,"5","AL157871.4"
1.6315643485491e-09,1.74642327186419,0.123,0.021,5.24564253702021e-05,"5","CBFA2T3"
1.76964526738226e-09,1.24421861518151,0.284,0.086,5.6895864991607e-05,"5","PREX1"
2.36766396671717e-09,0.846536338039338,0.494,0.2,7.61227641939237e-05,"5","APOL1"
2.45661552361071e-09,1.4539679910678,0.259,0.074,7.8982645699608e-05,"5","RFX5"
2.51695993468286e-09,1.29679922995791,0.457,0.193,8.09227788599887e-05,"5","PTPRC"
2.56680147429024e-09,0.780749896940273,0.765,0.404,8.25252341999055e-05,"5","MS4A6A"
2.86682661445573e-09,0.839910813596095,0.63,0.305,9.21713424813662e-05,"5","HLA-DMB"
3.04417450217918e-09,1.08797955321933,0.259,0.076,9.78732544195628e-05,"5","CHI3L2"
3.95644284778074e-09,2.40878489320342,0.123,0.022,0.000127203593998999,"5","CSF3R"
4.03619659170111e-09,0.698222342976547,0.617,0.272,0.000129767756619783,"5","SIK1B"
4.67042976810461e-09,0.895052212725066,0.667,0.372,0.000150158987474331,"5","APOE"
5.78043819720317e-09,0.605715716126431,0.407,0.147,0.000185846868478279,"5","ODF3B"
5.95074887743877e-09,0.549096461866024,0.519,0.208,0.000191322527158534,"5","AOX1"
5.95877547942613e-09,1.42803924273169,0.222,0.06,0.000191580590439029,"5","RAC2"
5.9690986504395e-09,1.93300659085383,0.123,0.022,0.00019191249071028,"5","AC087477.5"
6.22379262672012e-09,0.656216902419125,0.926,0.625,0.000200101156741679,"5","SSR4"
7.00660702901323e-09,2.14429786144592,0.111,0.019,0.000225269422589804,"5","RAB3C"
7.3563050423448e-09,0.812503371588889,0.778,0.498,0.000236512563416428,"5","TYROBP"
8.1364765478629e-09,0.854584082202687,0.556,0.248,0.00026159585749034,"5","HLA-DQB1-AS1"
8.59587866375139e-09,0.775804965884857,0.765,0.448,0.000276366094918271,"5","AL645922.1"
8.84030752591607e-09,0.71239286460539,0.617,0.282,0.000284224727265727,"5","FCGR2A"
9.15176196123371e-09,0.942179136482343,0.457,0.194,0.000294238298815625,"5","HLA-DQA1"
9.69434595225284e-09,0.792414317365176,0.457,0.184,0.000311682916710881,"5","SLFN11"
1.00325526015691e-08,0.682314354683083,0.926,0.679,0.000322556598693048,"5","CCDC152"
1.08140459319518e-08,2.21992864615719,0.111,0.019,0.000347682390758181,"5","GPAT3"
1.13453395277867e-08,0.639549301107107,0.605,0.284,0.00036476401115787,"5","FCER1G"
1.2653228449063e-08,0.435746629643248,1,0.951,0.000406813947865825,"5","MT2A"
1.63066081068844e-08,1.27441479295881,0.198,0.051,0.000524273757244441,"5","STXBP4"
1.81923002484071e-08,1.22226368332677,0.321,0.113,0.000584900645286536,"5","ADH1B"
1.8614945445937e-08,0.688217567738941,0.37,0.136,0.00059848911103232,"5","EXOC6"
1.94576786511978e-08,0.714136243827812,0.728,0.365,0.00062558382631466,"5","AIF1"
1.99945732416044e-08,0.735223865101531,0.333,0.116,0.000642845524290822,"5","ADRA2A"
2.47222587128908e-08,1.54488585210873,0.123,0.024,0.000794845339878151,"5","CD247"
2.56964345449221e-08,0.708423877814837,0.667,0.335,0.000826166067053791,"5","LAPTM5"
2.75161233919953e-08,1.79198081643549,0.123,0.024,0.00088467088317604,"5","ACP5"
2.95631198393496e-08,2.44747353092486,0.111,0.02,0.000950483865954928,"5","FAM110A"
3.1863088450584e-08,0.90756297697377,0.765,0.465,0.00102443015677473,"5","CCL18"
3.32466096934228e-08,0.794029366310896,0.531,0.248,0.00106891174825324,"5","BLOC1S5-TXNDC5"
3.45331003863275e-08,0.567847370273484,0.617,0.299,0.00111027371052082,"5","EMC3"
3.57678123617085e-08,0.706272153267292,0.494,0.211,0.00114997093524129,"5","VAMP8"
3.58810369667335e-08,0.609215228297582,0.383,0.141,0.00115361121951745,"5","CPVL"
3.819176949083e-08,0.790529847527192,0.407,0.157,0.00122790358089967,"5","AL080243.2"
3.94651643047811e-08,0.766493363599823,0.469,0.199,0.00126884449756302,"5","FCGR3A"
3.98363849957663e-08,1.00847602950304,0.444,0.195,0.00128077961399888,"5","ITGB2"
4.3275897080012e-08,2.32824160598533,0.136,0.029,0.00139136336701946,"5","GZMA"
4.56949818046809e-08,0.623996827913851,0.667,0.337,0.0014691393600023,"5","HLA-DQB1"
4.72524186011103e-08,0.88553965030542,0.42,0.169,0.0015192125104443,"5","EGR3"
4.91027313821971e-08,0.355047033064147,1,0.959,0.00157870191666902,"5","TMSB10"
5.20092948604691e-08,1.15861200387194,0.21,0.059,0.00167215083905894,"5","CES2"
5.3054205200318e-08,0.620607669208748,0.605,0.289,0.00170574575139542,"5","GRASP"
5.44258442665064e-08,0.585255037522268,0.568,0.258,0.00174984531901245,"5","IVNS1ABP"
5.77065957695176e-08,2.01282311006026,0.111,0.021,0.00185532476058576,"5","CALHM6"
6.76312325125914e-08,0.346949553408179,1,0.971,0.00217441175651233,"5","FTL"
7.05195704879391e-08,0.93725680904753,0.407,0.167,0.00226727471075773,"5","SCO2"
7.20900777112011e-08,1.11232685558793,0.42,0.175,0.00231776808849283,"5","C5orf56"
7.36078655645011e-08,0.47041099857151,1,0.881,0.00236656648576428,"5","CD74"
8.01256752181324e-08,0.771835826342682,0.494,0.222,0.00257612058393818,"5","TXNDC5"
8.11204079952964e-08,1.26856847474687,0.247,0.079,0.00260810223745677,"5","HIVEP1"
8.24016299628614e-08,0.556836181577309,0.975,0.727,0.00264929480493596,"5","CFD"
8.28264047187464e-08,1.64244436848932,0.136,0.029,0.00266295173811242,"5","AC087477.2"
8.59663917234239e-08,1.58075199663615,0.136,0.03,0.0027639054602998,"5","NKG7"
8.64911655260701e-08,0.822341994762876,0.654,0.357,0.00278077746282868,"5","PSME2"
9.06674641766579e-08,0.636373041540823,0.975,0.704,0.00291504964074373,"5","HLA-DPB1"
9.47437562686928e-08,1.06831025269033,0.16,0.038,0.00304610650779474,"5","TLCD2"
1.04877932228921e-07,0.726132312487751,0.691,0.397,0.00337193039909204,"5","PLAC9"
1.13928831254817e-07,0.995722210792845,0.309,0.111,0.00366292585367363,"5","IFIT5"
1.18572997074511e-07,1.22674514160872,0.222,0.066,0.0038122404289426,"5","HERC5"
1.26461875348362e-07,0.85284442910978,0.21,0.06,0.0040658757543252,"5","KIF13B"
1.31405707621388e-07,0.90126389444522,0.494,0.234,0.00422482490573524,"5","GMFG"
1.38006535829179e-07,1.11418916326495,0.42,0.188,0.00443704813344394,"5","ZC3HAV1"
1.46421642553612e-07,1.34598738258937,0.272,0.091,0.00470760222974118,"5","PPM1M"
1.54824742790508e-07,0.528066811504529,0.951,0.734,0.00497777030545764,"5","C1QA"
1.55358028178226e-07,1.75202667046156,0.185,0.052,0.00499491596395816,"5","CDKN3"
1.67162001345023e-07,1.15345913971094,0.235,0.073,0.00537442550524385,"5","TMEM119"
1.7206890075032e-07,2.0268632429226,0.123,0.026,0.00553218722802355,"5","AC092902.4"
1.79250482774515e-07,0.93903979744586,0.358,0.144,0.00576308227168343,"5","ARRB2"
1.88160792732976e-07,0.93435683243502,0.358,0.141,0.00604955764715791,"5","PYCARD"
1.94249541124627e-07,0.917895807369541,0.346,0.134,0.00624531699669788,"5","KAT6B"
2.00426677002634e-07,0.537500068887337,0.58,0.276,0.00644391809231169,"5","FADS3"
2.16639933644547e-07,0.992902870797841,0.333,0.129,0.00696519050660584,"5","SLC39A8"
2.18201090730338e-07,0.593204751820763,0.593,0.286,0.00701538326807108,"5","XBP1"
2.39701246893919e-07,1.87390877042168,0.111,0.022,0.00770663478888639,"5","AL161725.1"
2.47357369272385e-07,0.61728764527835,0.728,0.44,0.00795278677947646,"5","CFB"
2.56783088237765e-07,0.599278424520781,1,0.81,0.00825583306993238,"5","C3"
2.87765809558117e-07,0.906325094875524,0.235,0.074,0.009251958543103,"5","MRTO4"
2.91923994777649e-07,0.49788652837321,0.432,0.181,0.00938564835609619,"5","GPM6A"
3.01160728408485e-07,0.33581870240649,1,0.912,0.00968261857906119,"5","HLA-A"
3.12264794121521e-07,1.2190413910711,0.321,0.127,0.010039625395801,"5","TRIM14"
3.19106506384555e-07,0.599187294541321,0.728,0.392,0.0102595932867698,"5","CSRNP1"
3.20342990365439e-07,1.41906487142653,0.198,0.058,0.0102993474832392,"5","GMEB1"
3.22627460714292e-07,0.651455400170318,0.63,0.314,0.0103727954894252,"5","VCAN"
3.33786164144644e-07,0.761381136894197,0.309,0.112,0.0107315589634145,"5","CPPED1"
3.74935042522643e-07,0.547971856684174,0.395,0.159,0.0120545365521455,"5","RYBP"
3.93409201781363e-07,0.685033422847432,0.617,0.334,0.0126484992464726,"5","ARHGDIB"
4.0920396271876e-07,0.430629409773642,1,0.846,0.0131563166053709,"5","SOD2"
4.14494103456625e-07,0.485078640869198,0.728,0.404,0.0133263999202339,"5","S100A16"
4.15367731523791e-07,0.6461136806347,0.469,0.21,0.0133544879362214,"5","SEC11C"
4.36588338270557e-07,0.403521456887374,1,0.85,0.0140367516637367,"5","HLA-E"
4.72287110497226e-07,0.474279509319793,0.963,0.753,0.0151845028895963,"5","S100A10"
4.98506265095742e-07,0.80372734468191,0.346,0.136,0.0160274749290932,"5","PTGDS"
5.04543559020623e-07,0.627930865349356,0.519,0.249,0.0162215799660721,"5","COLEC12"
5.45528741912847e-07,1.04928324970106,0.296,0.113,0.01753929458124,"5","LST1"
5.71377063545222e-07,0.778987981888812,0.543,0.268,0.0183703439700424,"5","IFI35"
5.74730156209667e-07,0.566099144765934,0.827,0.502,0.018478149252297,"5","CTSC"
5.80747635644449e-07,1.48067694898192,0.259,0.092,0.0186716172336047,"5","MT1G"
5.84397976099346e-07,1.31273761641336,0.321,0.129,0.0187889793295701,"5","GBP1"
5.85997628115484e-07,1.54911722989785,0.148,0.038,0.0188404097415409,"5","PPDPFL"
5.91276003917623e-07,0.919349303191638,0.296,0.111,0.0190101148019555,"5","ATP2A3"
6.08560750672819e-07,1.79068515438326,0.16,0.044,0.0195658366948818,"5","DSC2"
6.49941994307682e-07,0.704799260959707,0.395,0.165,0.0208962850589863,"5","TAPBPL"
7.52054507079775e-07,1.07449203576415,0.173,0.048,0.0241793044571218,"5","PLD1"
7.61459829549683e-07,0.607558602679921,0.543,0.278,0.0244816949798519,"5","TNFRSF1B"
7.7964015765879e-07,0.361105424799,1,0.924,0.0250662107088877,"5","IFITM2"
7.84171519184678e-07,0.965346520746785,0.222,0.072,0.0252118985133066,"5","ZNF627"
8.70587189668261e-07,1.17888057572391,0.309,0.121,0.0279902487350243,"5","FAM136A"
8.86059138102849e-07,0.918441861458754,0.284,0.104,0.0284876873491447,"5","SPON1-AS1"
8.93501243780343e-07,0.692212715781885,0.407,0.176,0.0287269584887818,"5","SLX1B-SULT1A4"
9.17965494062053e-07,0.805722696650605,0.247,0.085,0.0295135085995891,"5","ACER3"
9.24465856678273e-07,1.16321518158048,0.123,0.028,0.0297225017580632,"5","ZDHHC23"
9.52011042535152e-07,0.553043542955114,0.58,0.29,0.0306081070285477,"5","TRIM47"
9.67957356726927e-07,0.565918667378258,0.58,0.306,0.0311207969761274,"5","MT1L"
9.68134458659704e-07,0.566359682298455,0.321,0.128,0.0311264909803681,"5","BASP1"
9.92248374612932e-07,0.699039711293972,0.519,0.247,0.0319017774921804,"5","GLRX"
1.02068066499498e-06,1.07925146919264,0.16,0.044,0.0328159040602535,"5","ZNF680"
1.04132226582328e-06,0.748999584311784,0.531,0.277,0.0334795521684844,"5","PRPSAP1"
1.06401968196462e-06,1.69044923127869,0.123,0.029,0.0342092967948444,"5","CD28"
1.06807306384619e-06,1.26151591095924,0.123,0.028,0.0343396170757187,"5","TBX15"
1.11387110969289e-06,1.68459360617593,0.173,0.05,0.0358120700477362,"5","FYB1"
1.12887413484512e-06,0.63451606716977,0.457,0.205,0.0362944323094053,"5","FCGR2C"
1.1308896560569e-06,0.808898966371326,0.481,0.24,0.0363592333318853,"5","FOLR2"
1.18837891889012e-06,0.71105876066804,0.642,0.366,0.0382075706212361,"5","C1QC"
1.20344683300833e-06,0.727245259042819,0.531,0.267,0.0386920191280507,"5","C6orf62"
1.22049055824532e-06,0.659221371995283,0.309,0.117,0.0392399919381452,"5","COG3"
1.33640605368273e-06,1.0112554669739,0.407,0.179,0.0429667910319534,"5","FAM8A1"
1.37720597730765e-06,0.457875474436033,0.667,0.355,0.0442785493764182,"5","RASA4"
1.44634543094858e-06,0.625586154004092,0.333,0.133,0.0465014519504279,"5","HCLS1"
1.45495183861835e-06,0.625247405463851,0.358,0.146,0.0467781565634185,"5","ZC3H13"
1.49533510774313e-06,0.825883024433461,0.284,0.108,0.0480765190490495,"5","GPR183"
1.65910611375591e-06,0.571552554812959,0.42,0.181,0.0533419206633662,"5","DNPEP"
1.69324493480214e-06,1.83359263884461,0.136,0.035,0.0544395178988235,"5","VAV1"
1.70782956337392e-06,0.441362872265438,0.901,0.61,0.054908428292035,"5","MARCKS"
1.78588935884901e-06,0.995544335791946,0.185,0.056,0.0574181287763545,"5","HIST2H2BF"
1.78918099465793e-06,0.848689621960209,0.296,0.115,0.0575239581592471,"5","HIPK2"
1.84386513481795e-06,1.06860191027359,0.21,0.07,0.059282107949532,"5","TRPV2"
1.85691259606809e-06,1.26050986750539,0.198,0.063,0.0597015968761852,"5","HMGA1"
1.90442741851767e-06,0.834049673931846,0.259,0.094,0.0612292459327615,"5","ITGAM"
2.03546155001602e-06,0.616662177026301,0.333,0.134,0.065442124294565,"5","FPR1"
2.0522977317323e-06,0.525550933239453,0.704,0.423,0.0659834243729251,"5","PCAT19"
2.1744143104628e-06,1.13020761924618,0.16,0.045,0.0699095944956896,"5","AC008537.4"
2.19574996736068e-06,0.543081451418597,0.543,0.278,0.0705955572006133,"5","CYTH4"
2.22649428936496e-06,0.725960788291243,0.605,0.319,0.0715840178973727,"5","EPB41L2"
2.3317637299644e-06,1.38982511831747,0.198,0.063,0.0749685356820853,"5","CCDC88B"
2.37196384145558e-06,1.23798334756326,0.136,0.035,0.0762610094666384,"5","IL7R"
2.45644358863057e-06,0.578375500087534,0.42,0.183,0.0789771178180616,"5","AC026954.2"
2.47064496401656e-06,0.710643389733993,0.432,0.204,0.0794337062380964,"5","SIMC1"
2.63510974711012e-06,0.740661244164156,0.457,0.231,0.0847214134793376,"5","APOL3"
2.64870139126417e-06,0.412001194926431,0.84,0.545,0.0851583984305345,"5","AC244100.2"
2.70328756792937e-06,0.688113082672512,0.222,0.074,0.0869133985964971,"5","RNU6-6P"
2.72109839724261e-06,0.468661186511765,0.383,0.16,0.0874860345697472,"5","TAF9B"
2.74222030154388e-06,1.78592759384198,0.136,0.035,0.0881651249149372,"5","TRAC"
2.85380711934374e-06,0.422704003345992,0.481,0.226,0.0917527526940207,"5","TMUB2"
2.94093671635815e-06,1.45572209763984,0.136,0.035,0.0945540563676309,"5","DEF6"
2.95998069001295e-06,1.95061735277182,0.111,0.026,0.0951663391646063,"5","LRRC8D"
3.12465108992911e-06,0.701073346453293,0.272,0.102,0.100460657192311,"5","KIAA1551"
3.20264450938644e-06,1.74242088842928,0.136,0.036,0.102968223621284,"5","LY86"
3.30715430687657e-06,0.936828167366531,0.321,0.133,0.106328318120389,"5","CYBA"
3.32923481812974e-06,0.411326136496814,0.889,0.546,0.107038228637689,"5","RPL14P1"
3.33443561975698e-06,0.65476313498977,0.605,0.323,0.107205439610807,"5","DUSP5"
3.36189834862343e-06,0.296511620225584,1,0.956,0.108088393806592,"5","TRABD2A"
3.36864596278043e-06,1.12176748278506,0.185,0.058,0.108305336349354,"5","TENT5C"
3.47857515775941e-06,0.494159280800277,0.642,0.381,0.111839669897123,"5","THBD"
3.49454124569791e-06,1.46368758765295,0.123,0.03,0.112352995590434,"5","PCDHGB7"
3.49538537725313e-06,0.456032195449356,0.877,0.547,0.112380135264065,"5","GLRX5"
3.50636751788075e-06,1.27994971242703,0.173,0.052,0.112733222067384,"5","ALOX5"
3.70889509781409e-06,0.804284927216472,0.235,0.083,0.119244686289821,"5","HSD11B1-AS1"
3.81663615323858e-06,0.365563817914539,0.741,0.416,0.122708668962774,"5","ATP6V1G1"
3.85868923079797e-06,0.417325516685791,0.926,0.623,0.124060717459386,"5","CALR"
3.88472829219899e-06,0.762729724975683,0.247,0.088,0.12489789932249,"5","DENND2D"
3.94362982361064e-06,1.68719984785677,0.16,0.047,0.126791642458906,"5","GNGT1"
3.98589719252051e-06,1.01576312579762,0.185,0.057,0.128150580636727,"5","ADAMTS15"
4.01964785815669e-06,1.09348407643658,0.16,0.047,0.129235698287596,"5","BMPR1B"
4.03855191130552e-06,1.16407515438275,0.222,0.079,0.129843482500384,"5","STK11IP"
4.32112206016419e-06,0.812627753394889,0.333,0.144,0.138928395356339,"5","TNS3"
4.36454515285223e-06,0.488905548275622,0.407,0.18,0.140324491209352,"5","SH3BP5-AS1"
4.39528233093531e-06,0.416643586457725,0.407,0.179,0.141312722221901,"5","AIMP1"
4.49075636892026e-06,0.959745514094624,0.185,0.059,0.144382308017155,"5","HLA-DOA"
4.61249217098013e-06,0.648365795952178,0.309,0.121,0.148296235789182,"5","AC009245.1"
4.73991481691812e-06,0.910085560318227,0.198,0.065,0.152393001278734,"5","AC115223.1"
4.7694840997952e-06,0.677535689780211,0.333,0.137,0.153343683292515,"5","PTP4A1"
4.83197915400965e-06,0.49971832226418,0.926,0.71,0.155352961780564,"5","SELENOP"
4.83642359462129e-06,0.392977337800123,0.531,0.262,0.155495854990669,"5","MRPL24"
4.90572767766392e-06,0.680789104627156,0.457,0.23,0.157724050564573,"5","MAN1B1"
4.9582374817461e-06,0.639039440475284,0.309,0.123,0.159412293275619,"5","ATP23"
5.08972517399262e-06,0.867935286393431,0.321,0.136,0.163639754069037,"5","G6PC3"
5.14238220218997e-06,0.664123048388538,0.321,0.136,0.16533273018261,"5","MT-TH"
5.16565131791979e-06,0.727022333288747,0.296,0.121,0.166080855522439,"5","MGAT4A"
5.21163300042393e-06,1.13587395907115,0.222,0.079,0.16755921259663,"5","ALOX5AP"
5.22925217368031e-06,1.32403565946847,0.173,0.054,0.168125686635996,"5","GMNN"
5.39158801517258e-06,0.773614786137939,0.42,0.195,0.173344946275814,"5","RNF139"
5.44901335752641e-06,0.545873168160823,0.346,0.143,0.175191228457832,"5","TNFRSF10D"
5.46402149645708e-06,0.614421448566666,0.864,0.622,0.175673755132592,"5","PLA2G2A"
5.62025456551799e-06,0.602214338801558,0.321,0.132,0.180696804535969,"5","TP53INP1"
5.62264848336188e-06,0.720970209481547,0.296,0.121,0.180773771388568,"5","SLFN5"
5.62748531864909e-06,0.499426873048792,0.593,0.315,0.180929280479887,"5","CD209"
5.7304708347094e-06,0.342533984380081,0.778,0.448,0.184240367806742,"5","MYC"
5.77659733234496e-06,0.564534442438915,0.395,0.177,0.185723380832223,"5","UBE2D1"
5.8305045963127e-06,1.25717400401665,0.222,0.078,0.18745655327605,"5","ST8SIA4"
5.98341274056215e-06,0.571679030634351,0.395,0.178,0.192372703021814,"5","NIPBL"
5.98469369383387e-06,0.378670336026173,0.63,0.345,0.192413886950453,"5","IFI44"
6.0643999067014e-06,0.883856125917805,0.346,0.154,0.194976521400357,"5","AL669918.1"
6.08630603288086e-06,0.444065349898879,0.679,0.393,0.195680825263152,"5","TMX2-CTNND1"
6.15228975275599e-06,0.65734578805976,0.432,0.198,0.197802267840858,"5","BOLA2B"
6.19969503889317e-06,0.460874318786219,0.617,0.341,0.199326395195454,"5","PYGO2"
6.23585226846127e-06,0.423436096472921,0.741,0.465,0.200488886283298,"5","AKR1C1"
6.27709707746204e-06,0.393281012065505,0.889,0.559,0.201814948137482,"5","VAMP5"
6.36175906777292e-06,0.6335151984881,0.37,0.164,0.204536915787967,"5","NEK6"
6.56047733056587e-06,0.270214479831604,1,0.953,0.210925906655023,"5","RPL12"
6.58050283249486e-06,0.442260925399404,0.864,0.537,0.211569746567542,"5","SH3BGRL3"
6.61338789191274e-06,0.49423471689605,0.58,0.304,0.212627034112887,"5","RAB4A"
6.65304826662905e-06,0.658115581181645,0.407,0.191,0.213902154820391,"5","SVEP1"
6.78634553457683e-06,1.024550006795,0.346,0.156,0.218187795282179,"5","CCL4"
6.8086462946211e-06,0.66295726790679,0.272,0.107,0.218904787018363,"5","AGTPBP1"
6.88043391014494e-06,0.758295661472343,0.309,0.129,0.22121283064507,"5","CSNK2A2"
6.91941783342453e-06,0.479005259924943,0.42,0.193,0.222466202762432,"5","RGL1"
6.96631680387458e-06,0.454252089019877,0.654,0.373,0.223974051561371,"5","SLC2A3"
7.08942901334067e-06,0.633476040349911,0.494,0.254,0.227932232207916,"5","SLC39A6"
7.16364401222781e-06,0.637435297546002,0.284,0.111,0.230318318637136,"5","VRK3"
7.16690965362636e-06,1.46965965965561,0.136,0.037,0.230423312273741,"5","LINC01871"
7.16850287541593e-06,0.530860689463008,0.704,0.419,0.230474535947498,"5","OLFML2B"
7.31782576950337e-06,1.29024526004094,0.235,0.09,0.235275416315303,"5","NCKAP1L"
7.59070514153485e-06,1.09016589477513,0.235,0.086,0.244048761005487,"5","RAB4B"
7.68368710400261e-06,0.426739008080998,0.654,0.372,0.247038224080788,"5","UBE2Q1"
7.91416844203316e-06,0.868781905304264,0.481,0.227,0.254448429579808,"5","SH2D1A"
8.11911055543986e-06,0.63877734182421,0.333,0.136,0.261037523467947,"5","PDGFB"
8.13329714356284e-06,0.460092576177446,0.778,0.525,0.261493636462689,"5","IL6"
8.2229339069446e-06,1.14902055678108,0.259,0.104,0.264375548042176,"5","LCP1"
8.26232518257001e-06,1.18316951419075,0.148,0.042,0.265642016944808,"5","OBSCN"
8.30360286894162e-06,0.412584325958422,0.988,0.846,0.266969135839342,"5","CTSB"
8.31435353554269e-06,0.629189984263331,0.889,0.632,0.267314780521233,"5","CCL2"
8.42616639963916e-06,0.296512325447792,0.852,0.544,0.270909675914799,"5","LY6E"
8.48653885632474e-06,0.700767489737192,0.42,0.209,0.272850710769697,"5","ICAM1"
8.89788008330279e-06,0.839996491030354,0.383,0.179,0.286075742558268,"5","SVIP"
8.9165374466978e-06,0.86250422929649,0.407,0.195,0.286675595448781,"5","CMTM7"
8.95263984597117e-06,0.468150283237808,0.506,0.255,0.287836323687819,"5","GALK1"
9.16765328521385e-06,0.443403179457734,0.469,0.229,0.29474922077291,"5","ZFR"
9.81038222293411e-06,0.434495081482491,0.432,0.198,0.315413598849555,"5","C1GALT1C1"
1.00680430855173e-05,0.455854177867352,0.519,0.256,0.323697653242466,"5","MSR1"
1.06799681193972e-05,0.670344678670283,0.432,0.209,0.343371655006739,"5","CLEC4G"
1.08396939809168e-05,0.839407416820968,0.235,0.087,0.348507001180455,"5","AC010185.1"
1.09054140552924e-05,0.679894494909583,0.272,0.107,0.350619967291707,"5","RNF144B"
1.09121138506416e-05,0.452445138711838,0.765,0.511,0.350835372411978,"5","PIM3"
1.09331072480674e-05,0.536978229156923,0.506,0.259,0.351510331132613,"5","SIK1"
1.1208567774253e-05,0.624545825297238,0.358,0.155,0.360366662510009,"5","ITM2A"
1.13395568185368e-05,0.603491529663408,0.296,0.121,0.364578091272776,"5","AC005162.3"
1.13568706623826e-05,0.719650415034899,0.333,0.145,0.365134748666262,"5","ZBTB40"
1.13963592195559e-05,0.583592287857362,0.259,0.099,0.366404345267941,"5","AC068137.1"
1.16130586241281e-05,0.262497329027887,0.617,0.333,0.373371447824344,"5","GALNT1"
1.17376994135393e-05,0.825359126119611,0.667,0.389,0.3773787738447,"5","WARS"
1.18688404358468e-05,0.706674995107191,0.358,0.163,0.38159508885291,"5","USP36"
1.20649799375785e-05,0.448347553122497,0.704,0.412,0.387901169973087,"5","BST2"
1.21505899570639e-05,0.878883689475944,0.222,0.081,0.390653617709563,"5","NUBP1"
1.22132793851888e-05,0.945594679987163,0.284,0.122,0.392669145513204,"5","VPS54"
1.228453155978e-05,0.854156440154389,0.296,0.125,0.394959974178486,"5","PLA1A"
1.23422961964144e-05,0.707795658887268,0.42,0.201,0.39681716501092,"5","H2AFY"
1.27949411126395e-05,0.359286082480651,0.778,0.455,0.411370151712474,"5","DBI"
1.28770551243436e-05,0.351776021017138,0.481,0.23,0.414010199302771,"5","PLEKHB2"
1.30809909832623e-05,1.01078902700456,0.21,0.078,0.420566941102868,"5","VMO1"
1.31142194021649e-05,0.501913235696327,0.568,0.297,0.421635267999004,"5","DIAPH1"
1.34575630722636e-05,0.353968339652201,0.877,0.583,0.432674110336345,"5","NFKBIA"
1.36544571397332e-05,0.411906421107839,0.395,0.181,0.439004451499564,"5","SPHK1"
1.37343218022804e-05,0.479920499796728,0.432,0.208,0.441572180265118,"5","EFHD2"
1.42043471385596e-05,0.98841041794328,0.21,0.076,0.456683964851828,"5","DTX4"
1.45989062236689e-05,0.39008811074516,0.531,0.273,0.469369433997178,"5","AC004448.2"
1.46518378749729e-05,0.567783176955089,0.568,0.304,0.471071239518255,"5","NBR1"
1.47870631479404e-05,1.09863473903919,0.16,0.05,0.475418867269431,"5","AP001001.1"
1.48908159100824e-05,0.816026770330237,0.235,0.088,0.478754622325059,"5","GALNT16"
1.51857040201076e-05,0.558361481856353,0.407,0.192,0.488235569950479,"5","WDR91"
1.56596191701336e-05,1.34950251437601,0.16,0.051,0.503472415938965,"5","PIGO"
1.56811030718967e-05,0.761571519148314,0.247,0.095,0.504163144864549,"5","NIPAL3"
1.61934995194273e-05,0.3406047012805,0.272,0.106,0.520637203049107,"5","AC078883.1"
1.6392644599682e-05,0.369745567921533,0.593,0.319,0.527039916524376,"5","TMEM9"
1.65341351877836e-05,1.52620202116741,0.123,0.034,0.531588980422432,"5","AC015849.1"
1.66239214897082e-05,1.17531929457402,0.222,0.086,0.53447569981561,"5","FERMT3"
1.68438465156857e-05,1.23042773459417,0.111,0.028,0.541546509325811,"5","ALX3"
1.7126051352598e-05,0.700804048535189,0.247,0.094,0.550619677037378,"5","EXOSC3"
1.72214900599264e-05,0.308573564079108,0.543,0.282,0.553688126916694,"5","CRISPLD2"
1.72575195696023e-05,0.919049402161915,0.272,0.115,0.554846511682285,"5","NLRC5"
1.73455497358954e-05,0.713457147686196,0.444,0.228,0.557676769558773,"5","VSIG4"
1.7486826111625e-05,0.401921408961938,0.667,0.393,0.562218946314854,"5","CYP1B1"
1.74957937058236e-05,0.731776434200049,0.185,0.062,0.562507263435933,"5","APOPT1"
1.75738208600637e-05,1.16039813860827,0.259,0.105,0.565015914471909,"5","AC023908.2"
1.78590551867244e-05,0.488803990009274,0.716,0.451,0.574186483308378,"5","AL355388.3"
1.83247114706892e-05,0.37437449273207,0.79,0.504,0.589157798494129,"5","ACTR3"
1.86093961120688e-05,1.49319092610327,0.111,0.028,0.598310694399124,"5","PCDHGA11"
1.86650398619537e-05,0.729596217337165,0.321,0.141,0.600099696601675,"5","ANKRD28"
1.89364875007383e-05,1.19448029997975,0.198,0.071,0.608827009636237,"5","PRPF4"
1.92640158236592e-05,0.6840506281135,0.531,0.293,0.619357372746468,"5","IL18R1"
1.93661932123345e-05,0.268720450188332,0.617,0.335,0.622642477969767,"5","IFT43"
1.96772071367159e-05,0.513744023698285,0.605,0.339,0.632641886652552,"5","PDGFRA"
1.97194588594362e-05,0.326079624297932,0.864,0.572,0.634000321789732,"5","SRGN"
1.98131854129712e-05,1.69053174308228,0.111,0.029,0.637013724212436,"5","AC091825.1"
1.98383935862065e-05,1.39804763914394,0.111,0.029,0.637824192190125,"5","HMGN5"
2.0108353198985e-05,1.12246156236138,0.21,0.077,0.646503663700567,"5","C3AR1"
2.04715837574745e-05,1.31284995402958,0.198,0.072,0.658181889386563,"5","LILRB2"
2.04768938145659e-05,0.43830941359492,0.481,0.243,0.658352613032108,"5","TNFAIP3"
2.08177550332697e-05,0.764718997382322,0.333,0.154,0.669311642074654,"5","SMUG1"
2.11911286774388e-05,0.616872527930754,0.333,0.149,0.681315978108335,"5","BSDC1"
2.15074928128951e-05,0.29892679998117,0.84,0.552,0.691487401427391,"5","SMDT1"
2.15243999078313e-05,0.386674938999585,0.901,0.643,0.692030981436683,"5","CD93"
2.1627409915407e-05,0.422014660040919,0.321,0.137,0.69534285619025,"5","CNGB3"
2.18476854646995e-05,0.321907513710477,0.63,0.341,0.702424935375553,"5","TNFSF10"
2.24734205443303e-05,0.415674966941174,0.741,0.456,0.722542943920765,"5","PDK4"
2.27452429524219e-05,0.250332785638109,1,0.947,0.731282306163318,"5","RPL28"
2.31010071826205e-05,0.36958986028699,0.481,0.241,0.742720481928432,"5","SLC35B1"
2.35267291025745e-05,1.0776863821608,0.198,0.07,0.756407867376872,"5","PRR16"
2.41490731150944e-05,0.348111219314888,0.765,0.501,0.776416849723398,"5","TAPBP"
2.47822924083824e-05,0.477416615743625,0.469,0.23,0.796775483221903,"5","AC124319.2"
2.48476914460283e-05,0.37543850206798,1,0.731,0.798878127681255,"5","RPN2"
2.49389453538761e-05,0.639434947436235,0.235,0.089,0.801812032072471,"5","LINC00623"
2.51503784368698e-05,0.363999900712524,0.407,0.192,0.8086098171238,"5","IPO11"
2.52051115451441e-05,0.526406279790086,0.543,0.3,0.810369541287928,"5","CSNK2B"
2.58539102665282e-05,1.29788291984663,0.16,0.052,0.831229068979147,"5","RNF152"
2.5929193633562e-05,0.754960657661992,0.21,0.076,0.833649504512653,"5","STK4"
2.60314679537522e-05,0.332464489218018,0.383,0.173,0.836937726181087,"5","SARNP"
2.62622733542604e-05,0.78508337511882,0.235,0.091,0.844358350612826,"5","KDR"
2.63541159416233e-05,0.394581200436247,0.704,0.405,0.847311181639132,"5","MOB1A"
2.65635289565374e-05,0.550183244957452,0.346,0.156,0.854044019481634,"5","ERO1A"
2.68231531250877e-05,0.424994227884725,0.432,0.214,0.862391196124695,"5","MAGOH"
2.69462190385849e-05,1.33107282083053,0.148,0.046,0.866347888309543,"5","AC011005.4"
2.7665631743361e-05,0.453847283650935,0.284,0.118,0.889477726180801,"5","NR2C2AP"
3.00727024275794e-05,1.33825260445166,0.136,0.04,0.966867455749106,"5","EIF2AK3"
3.0135993395791e-05,1.44548401850335,0.111,0.029,0.968902323668075,"5","FTH1P5"
3.01364429446689e-05,1.06147799752898,0.173,0.059,0.968916777114049,"5","RLF"
3.02849143142937e-05,1.30153262531964,0.111,0.029,0.973690280118857,"5","AP000346.2"
3.02894668742085e-05,0.409159801666403,0.432,0.224,0.973836649472676,"5","SGK1"
3.04023772098628e-05,0.730794999998176,0.272,0.113,0.9774668296743,"5","STPG4"
3.1265756381382e-05,1.03516615097496,0.185,0.065,1,"5","ZCCHC8"
3.15253649001512e-05,1.81505061873346,0.111,0.03,1,"5","CCL5"
3.15892500813875e-05,0.477109032809953,0.358,0.167,1,"5","CCSER2"
3.17530811893314e-05,0.981408906538648,0.259,0.11,1,"5","FGD5"
3.1769370836033e-05,1.00223431238944,0.16,0.052,1,"5","TLR2"
3.18632722058928e-05,0.548774938251359,0.346,0.156,1,"5","CBX1"
3.22858416840312e-05,0.625483477033313,0.346,0.157,1,"5","CMTM6"
3.24094230199209e-05,0.905511860279022,0.272,0.115,1,"5","SIX1"
3.24452856497181e-05,0.686018179368969,0.222,0.084,1,"5","HS3ST2"
3.24925345780576e-05,0.578526950596157,0.235,0.09,1,"5","SSH2"
3.26766629756697e-05,0.254097430982041,1,0.92,1,"5","RPS25"
3.35519349883398e-05,0.672949688879346,0.309,0.137,1,"5","ADAMTS4"
3.36051750617102e-05,0.498076591096641,0.333,0.143,1,"5","ATF7IP"
3.37147543200861e-05,0.947615613040334,0.198,0.072,1,"5","RF01684.1"
3.39898169875137e-05,0.367216453051018,0.543,0.28,1,"5","TP53BP1"
3.440032890544e-05,0.757792385827277,0.358,0.17,1,"5","CKLF-CMTM1"
3.48323313220269e-05,0.362224484743492,0.519,0.267,1,"5","CNDP2"
3.48498653499303e-05,0.434412246348699,0.716,0.449,1,"5","NAIP"
3.48525675264645e-05,0.398762451828556,0.235,0.089,1,"5","TNC"
3.62800528139902e-05,1.02809420179082,0.185,0.066,1,"5","AC022973.4"
3.62829562494913e-05,0.414348578860586,0.494,0.253,1,"5","AL022718.1"
3.63227634460608e-05,0.275867514504834,0.988,0.791,1,"5","ARL14EPL"
3.69702168811732e-05,0.448938833803346,0.519,0.272,1,"5","AP000787.1"
3.79832271735674e-05,0.734243480609909,0.358,0.166,1,"5","CD248"
3.81970079782608e-05,0.557763026867809,0.469,0.232,1,"5","MIEN1"
3.8275820553824e-05,0.285789910778641,0.481,0.238,1,"5","LSAMP"
3.87249232786887e-05,0.508740458289179,0.815,0.575,1,"5","CD14"
3.93036247441751e-05,0.529464027376864,0.506,0.264,1,"5","KRT10"
3.93460848006301e-05,1.08198179397572,0.21,0.081,1,"5","AL110118.2"
3.94142814542223e-05,1.13774626036399,0.148,0.047,1,"5","PITPNM1"
3.98249977965827e-05,0.899495081435363,0.247,0.1,1,"5","RPAP3"
4.00542883783865e-05,0.606266718572839,0.321,0.141,1,"5","NIFK-AS1"
4.00644823347063e-05,0.767508323083454,0.333,0.151,1,"5","AC104758.2"
4.07791489889717e-05,0.468238085886861,0.481,0.246,1,"5","AGTRAP"
4.10063339143981e-05,0.399181870352134,0.284,0.122,1,"5","TRIM26"
4.10605020391474e-05,0.477698386447888,0.506,0.264,1,"5","IL1R1"
4.13787473589848e-05,0.401017546936271,0.383,0.179,1,"5","NDUFAF4"
4.14896743482487e-05,0.63370084099301,0.296,0.127,1,"5","ABT1"
4.18776315830865e-05,1.22176781999569,0.309,0.148,1,"5","CCL19"
4.19288823295077e-05,1.03638995437368,0.247,0.102,1,"5","HCST"
4.19403587442233e-05,0.785347614198374,0.358,0.17,1,"5","RPL26P6"
4.19447411390668e-05,1.45744868449747,0.123,0.035,1,"5","AC131953.1"
4.22262664098205e-05,1.25596200493982,0.123,0.035,1,"5","LIN37"
4.25712889281606e-05,0.551824679435466,0.222,0.084,1,"5","TYW1"
4.26356144792084e-05,1.20104505457253,0.148,0.047,1,"5","FKBP11"
4.28106720676064e-05,0.623349937722663,0.494,0.267,1,"5","CD55"
4.3111690518511e-05,0.277056163497282,0.395,0.184,1,"5","SEPHS2"
4.3659319692558e-05,1.34627415724959,0.136,0.041,1,"5","AC009336.2"
4.40985724847022e-05,0.923087276848337,0.21,0.08,1,"5","ENTPD3-AS1"
4.41369025245418e-05,0.426154601427751,0.765,0.513,1,"5","EGFL7"
4.47557655503535e-05,1.34528392729335,0.16,0.054,1,"5","LRRC37A3"
4.5131523503442e-05,0.262990625827923,0.444,0.216,1,"5","GRB10"
4.52053546104225e-05,0.421645304924871,0.432,0.212,1,"5","RPS15AP17"
4.5341659795097e-05,0.347698330415527,0.407,0.198,1,"5","PRPF4B"
4.53659701236489e-05,0.340658109840416,0.457,0.234,1,"5","GIMAP4"
4.5434693859891e-05,0.294776478720817,0.691,0.393,1,"5","SLCO2B1"
4.60392140600313e-05,0.490474033609694,0.42,0.208,1,"5","CLASP2"
4.60778567841895e-05,0.641233194710334,0.259,0.106,1,"5","ENOPH1"
4.65453302014716e-05,0.885901655402512,0.222,0.088,1,"5","KLHL8"
4.66369494890212e-05,0.35157265272915,0.395,0.185,1,"5","CYGB"
4.70542539589488e-05,1.31667759699603,0.123,0.035,1,"5","ADHFE1"
4.72989177770325e-05,0.653266204371213,0.333,0.151,1,"5","TXNDC11"
4.79424773247712e-05,0.635471293189531,0.358,0.174,1,"5","GM2A"
4.84819340583986e-05,0.676356832645726,0.148,0.047,1,"5","RPS12P23"
4.94667545612708e-05,0.925658012051884,0.247,0.104,1,"5","SLC15A3"
4.97425382693086e-05,0.825529618059416,0.198,0.072,1,"5","ISY1"
5.02992218597703e-05,0.366221763157069,0.704,0.418,1,"5","ARPC5"
5.04105755064388e-05,0.319277572326878,0.988,0.812,1,"5","IFITM1"
5.15723267059666e-05,0.378555074173037,0.802,0.513,1,"5","PPIB"
5.22050371786075e-05,0.362939673051048,0.543,0.289,1,"5","GGACT"
5.24743455099031e-05,0.710002301156053,0.21,0.077,1,"5","AC138305.1"
5.28174580923708e-05,0.671936609107493,0.432,0.217,1,"5","SPEN"
5.30609296186541e-05,1.12047516215338,0.16,0.053,1,"5","HOXA3"
5.30941684779975e-05,0.796796513890542,0.407,0.201,1,"5","GIMAP5"
5.32639716990148e-05,1.27146201382178,0.185,0.068,1,"5","DLX5"
5.33851306993093e-05,0.611849684807604,0.21,0.079,1,"5","STK35"
5.3778202222318e-05,0.574071009731466,0.309,0.137,1,"5","PMF1-BGLAP"
5.46723114382554e-05,0.337785445507629,0.457,0.229,1,"5","GNB1L"
5.49547399378707e-05,0.450200319913737,0.432,0.225,1,"5","PPM1G"
5.50282669445649e-05,0.726322037247703,0.346,0.163,1,"5","FAM160A2"
5.53876622119254e-05,0.482597097656902,0.395,0.196,1,"5","ETS1"
5.57835407218576e-05,0.926067195819003,0.247,0.105,1,"5","SCARB1"
5.68840185249745e-05,1.37257200763149,0.136,0.042,1,"5","AL139317.3"
5.69024604552391e-05,0.383432627105024,0.84,0.566,1,"5","LGALS3BP"
5.71301387334812e-05,0.395618875001657,0.531,0.282,1,"5","HYPK"
5.71761502402553e-05,1.38439655130484,0.123,0.036,1,"5","ZEB1-AS1"
5.75938274011316e-05,0.482291205021535,0.568,0.327,1,"5","TSPAN14"
5.82068824255377e-05,0.26639346224053,0.333,0.147,1,"5","AFDN"
5.83146966937179e-05,0.319370313781834,0.407,0.2,1,"5","USP11"
5.86732838755669e-05,0.306197972396047,0.963,0.738,1,"5","NME1-NME2"
5.88036998422733e-05,0.352973559929523,0.951,0.669,1,"5","PPA1"
5.91173352075448e-05,0.399319034200543,0.37,0.174,1,"5","ATP7A"
5.99674853238919e-05,1.05279727129834,0.16,0.054,1,"5","FAM50B"
6.00739365797835e-05,0.682202918879901,0.21,0.08,1,"5","TOP1"
6.00852439426441e-05,0.488040831184042,0.481,0.256,1,"5","LAP3"
6.06612726903148e-05,0.328328911089945,0.358,0.163,1,"5","SDCCAG8"
6.13175024985179e-05,0.545605918712034,0.222,0.086,1,"5","STARD4"
6.16207439134778e-05,0.49376331501881,0.506,0.275,1,"5","WASL"
6.17130750721787e-05,0.837138803697407,0.123,0.036,1,"5","KCTD13"
6.1780398768947e-05,0.77359116700112,0.185,0.067,1,"5","ZMYM1"
6.20634231828488e-05,0.75026173775493,0.259,0.11,1,"5","AC006460.1"
6.22001789841436e-05,0.365232947685942,0.963,0.745,1,"5","LUM"
6.26143679876781e-05,0.30231123690804,0.321,0.139,1,"5","CREBZF"
6.37028636245921e-05,0.423098069444935,0.346,0.161,1,"5","SIPA1"
6.40807928669143e-05,0.580223041603051,0.407,0.206,1,"5","SCCPDH"
6.41423025014497e-05,0.579343840637964,0.259,0.109,1,"5","SYNE3"
6.43521143389063e-05,0.409161479519192,0.679,0.402,1,"5","QKI"
6.45485336748514e-05,1.38622611072164,0.123,0.037,1,"5","SEPSECS"
6.48119959506878e-05,0.480499186147234,0.346,0.161,1,"5","PDZD2"
6.49334799205532e-05,0.253094348122849,0.975,0.811,1,"5","FBLN1"
6.51765120872021e-05,0.449247640070403,0.605,0.354,1,"5","SLC20A1"
6.54163736946097e-05,1.57350921326065,0.123,0.037,1,"5","TMEM37"
6.54796182701975e-05,0.35307624843044,0.988,0.874,1,"5","MGP"
6.59924442658518e-05,0.789171824194645,0.16,0.054,1,"5","ZNF846"
6.6216750543374e-05,0.289798507910349,0.605,0.335,1,"5","PRDX4"
6.62265320885893e-05,1.04882720337881,0.21,0.083,1,"5","AL121852.1"
6.62827116244817e-05,0.67055370726817,0.198,0.073,1,"5","NYNRIN"
6.65528111921902e-05,0.505076620555825,0.506,0.271,1,"5","TUBGCP4"
6.77644094753442e-05,0.522054028974144,0.407,0.201,1,"5","AC016722.2"
6.79126473332892e-05,0.315299965399224,0.988,0.717,1,"5","RNASE1"
6.80034977821392e-05,0.664891928143332,0.222,0.088,1,"5","SH3KBP1"
6.82475798129754e-05,0.283017853367945,0.988,0.794,1,"5","NR4A1"
6.85678757779128e-05,0.26540522940248,0.481,0.256,1,"5","RHOU"
6.91734530930185e-05,0.434687165455173,0.222,0.085,1,"5","MAD2L1BP"
7.05762270557263e-05,0.377078110516434,0.407,0.203,1,"5","TRIM69"
7.20164518941995e-05,0.639662329304159,0.235,0.095,1,"5","EPHX2"
7.28611846281e-05,0.488061872724916,0.247,0.101,1,"5","PSMG1"
7.31331564086496e-05,0.428075316421745,0.938,0.729,1,"5","MT1E"
7.48146442174962e-05,0.665984497193817,0.407,0.212,1,"5","TMOD3"
7.48148909689412e-05,1.56118680307502,0.148,0.05,1,"5","ARHGAP9"
7.53427143045061e-05,0.471193201284487,0.469,0.243,1,"5","SPAG7"
7.5563077592819e-05,0.308172075381784,0.901,0.615,1,"5","SEC11A"
7.61195306646108e-05,0.379176503475337,0.728,0.475,1,"5","LAMTOR2"
7.61834816970975e-05,0.561100193958438,0.605,0.375,1,"5","NCOA7"
7.65753381012348e-05,0.404583734018039,0.519,0.284,1,"5","PLAT"
7.75608275176781e-05,0.299475159901804,0.395,0.187,1,"5","SREK1"
7.77368283095674e-05,0.306340763767371,0.988,0.784,1,"5","TGFBR2"
7.84105282015642e-05,0.366182988995194,0.901,0.58,1,"5","MIR1244-1"
7.89126023197262e-05,0.255754782810642,0.395,0.186,1,"5","ZC3H11A"
7.96717582597027e-05,0.290479419815721,0.37,0.176,1,"5","CHD2"
8.00980051726435e-05,0.576086524321181,0.383,0.18,1,"5","AC064799.1"
8.07022027678072e-05,0.348051259401514,0.58,0.322,1,"5","AKAP17A"
8.07755291175464e-05,0.260329878568741,0.691,0.408,1,"5","AC018616.1"
8.14395807454333e-05,0.589000401995655,0.247,0.102,1,"5","KIAA0895L"
8.18801844784592e-05,0.47856674413266,0.346,0.162,1,"5","ABCC10"
8.27397476511003e-05,0.644532658364342,0.346,0.161,1,"5","AC068724.4"
8.31276020133187e-05,0.874877014726699,0.136,0.043,1,"5","HOXB2"
8.31721663402108e-05,0.895914049650495,0.21,0.083,1,"5","KLHL20"
8.37965260219164e-05,0.627641693145119,0.148,0.048,1,"5","HMGCS1"
8.41948171684342e-05,0.855981563170957,0.481,0.294,1,"5","ARL4C"
8.43967889128269e-05,0.366374793124182,0.358,0.172,1,"5","C11orf68"
8.44839297033891e-05,0.6411111919308,0.235,0.093,1,"5","B3GNT9"
8.47071222071757e-05,0.673983933806991,0.222,0.089,1,"5","C12orf49"
8.4783804583421e-05,0.924401327440675,0.123,0.037,1,"5","EREG"
8.50256367639332e-05,0.615517160887261,0.432,0.222,1,"5","MAN1A1"
8.51264063265336e-05,1.08247047574419,0.148,0.049,1,"5","KBTBD11"
8.57272447752751e-05,1.314322352617,0.123,0.037,1,"5","AC135507.1"
8.59659607885757e-05,0.496359151309572,0.568,0.328,1,"5","PSMB8"
8.60813800590867e-05,0.704211907961799,0.148,0.049,1,"5","ABHD17B"
8.68360763959509e-05,0.997183595562041,0.235,0.096,1,"5","DCK"
8.77129675950772e-05,0.542709752656783,0.321,0.147,1,"5","DLGAP1"
8.82514341727618e-05,0.375852166629441,0.79,0.511,1,"5","LIPA"
8.83341991164897e-05,0.777330679442694,0.296,0.135,1,"5","ARHGAP45"
8.90078333898012e-05,0.910668837400606,0.198,0.077,1,"5","UVSSA"
8.92328306154501e-05,1.10538383473364,0.136,0.043,1,"5","ITGAX"
8.99175291077923e-05,1.40468765783047,0.136,0.044,1,"5","AC027644.3"
9.0166961124193e-05,0.258203542930702,0.556,0.306,1,"5","OAT"
9.02851833962819e-05,0.62450311574901,0.358,0.175,1,"5","SMG7"
9.04643453621976e-05,0.60954876792719,0.21,0.08,1,"5","PYM1"
9.05620370792683e-05,0.471450609820454,0.383,0.185,1,"5","TMEM179B"
9.17454608728786e-05,0.702301445978841,0.272,0.12,1,"5","SH2D3C"
9.23073655796349e-05,0.807359052953455,0.259,0.115,1,"5","UNC93B1"
9.2617989288199e-05,0.4650177669577,0.21,0.081,1,"5","TMEM198B"
9.32614661485861e-05,0.438926178227791,0.617,0.353,1,"5","RUVBL1"
9.41857270338295e-05,0.645995178234446,0.556,0.326,1,"5","SLPI"
9.44425435626602e-05,0.342541690329742,0.37,0.177,1,"5","LYPLA1"
9.47609672285395e-05,0.640302266402619,0.247,0.103,1,"5","DHX36"
9.53577827455913e-05,0.308953243439886,0.407,0.203,1,"5","IER5"
9.62266647520472e-05,0.263917655699444,0.642,0.362,1,"5","ECHS1"
9.62838084057247e-05,1.02815428095603,0.173,0.062,1,"5","GNRHR2"
9.64876474639935e-05,0.291282774464527,0.617,0.376,1,"5","FBLN2"
9.68029091657181e-05,0.836127502341141,0.136,0.043,1,"5","SEMA4F"
9.68660399072168e-05,0.430683270295916,0.617,0.367,1,"5","CDC42SE1"
9.73624226885447e-05,0.848108756728403,0.185,0.07,1,"5","MFAP2"
9.89029776267072e-05,0.600074900277975,0.444,0.239,1,"5","CACYBP"
9.94583968263916e-05,0.716620596109876,0.21,0.082,1,"5","AL161668.3"
9.95433744263664e-05,0.435799833957281,0.247,0.1,1,"5","LMF1"
9.96541076093105e-05,0.478673259959404,0.506,0.294,1,"5","CHRDL1"
9.98420547494795e-05,0.405687420397369,0.309,0.139,1,"5","AQR"
0.000100490514675083,0.503263789600566,0.284,0.123,1,"5","MRPL4"
0.00010356411476956,1.11236340227625,0.123,0.037,1,"5","VTRNA2-1"
0.000103698739860754,0.934546545580762,0.198,0.077,1,"5","ERAP2"
0.000104920361385311,0.894174897095941,0.136,0.043,1,"5","PRIMA1"
0.000105108099601804,0.791813247270953,0.21,0.082,1,"5","ZNF346"
0.000105193265323823,1.19483967666588,0.136,0.044,1,"5","MOCS3"
0.000105850404229567,0.398222577363965,0.358,0.173,1,"5","TCTN3"
0.000106446868144774,0.326302734144463,0.988,0.821,1,"5","TIMP1"
0.000107519533804581,0.813987468537337,0.173,0.061,1,"5","DLEU1"
0.000108933806698109,0.371672093198091,0.691,0.425,1,"5","PPP1CA"
0.000109419276213919,1.05892753324944,0.16,0.057,1,"5","CERKL"
0.000109421508350046,0.270473770694746,0.395,0.198,1,"5","RREB1"
0.000109902843875773,0.513508796058619,0.481,0.253,1,"5","PCMT1"
0.000110626952944144,0.783807054822965,0.222,0.093,1,"5","POLR1A"
0.000111194989907474,1.15420957018608,0.111,0.032,1,"5","LPXN"
0.000112648781521981,0.323859288350572,0.556,0.3,1,"5","MIR7705"
0.000114070634901792,0.398244076100179,0.543,0.298,1,"5","MAP2K4"
0.00011409028283727,1.03995561414229,0.148,0.049,1,"5","AC245033.2"
0.000114280601592366,0.649453678270095,0.42,0.22,1,"5","WIPF1"
0.000114389589134965,0.575229134446932,0.346,0.166,1,"5","TBC1D28"
0.000115111612930826,0.668193850140247,0.259,0.114,1,"5","GIHCG"
0.000115447916244138,0.730742435731877,0.136,0.043,1,"5","AP000769.1"
0.000115654985324673,0.310402241411011,0.432,0.223,1,"5","POLD2"
0.00011630936825357,0.420278997767149,0.333,0.157,1,"5","CDKN1C"
0.000116751312372824,0.512502266932308,0.309,0.142,1,"5","SH3BP2"
0.000117888830118288,0.461490587213726,0.346,0.16,1,"5","LHFPL3"
0.000118567666015563,0.567171983173862,0.296,0.134,1,"5","TIPARP"
0.000118784439754032,0.407272202322124,0.667,0.418,1,"5","BHLHE40"
0.000120786496759412,0.383555963866967,0.37,0.176,1,"5","MRPS34"
0.000120879991865567,0.501403398778242,0.358,0.175,1,"5","SEMA4D"
0.000121294256982256,1.12567791962525,0.16,0.057,1,"5","RAB30"
0.000122081209301272,1.06834739999856,0.136,0.044,1,"5","AL590560.1"
0.000122987555594566,0.49321007167322,0.444,0.233,1,"5","BTF3L4"
0.00012306776625649,0.34955703169864,0.642,0.377,1,"5","NUCB2"
0.000124267766740095,0.874318916312814,0.235,0.102,1,"5","CLUAP1"
0.000124478564474509,0.384329213129647,0.309,0.142,1,"5","SAMD9L"
0.000125342243357117,0.605240978774411,0.222,0.089,1,"5","FAM222B"
0.000125429241411785,0.27579183047177,0.617,0.373,1,"5","DLC1"
0.000127547156215943,0.490058529069522,0.444,0.233,1,"5","RPS26P47"
0.000127809376237299,0.276089236342978,0.494,0.262,1,"5","MIR22HG"
0.000128208865811204,0.785183549420718,0.222,0.09,1,"5","DDX60"
0.00012861195303349,0.525729674844253,0.272,0.118,1,"5","MUT"
0.000129089452672623,0.84068203902506,0.321,0.155,1,"5","YBEY"
0.000129145286350945,0.542555705622395,0.259,0.114,1,"5","SUSD1"
0.000129301239673067,0.527191927899112,0.198,0.076,1,"5","REEP4"
0.000130537135264754,0.507150841376146,0.852,0.69,1,"5","CSF3"
0.000130625433568916,0.78857299905509,0.222,0.091,1,"5","TMOD2"
0.00013069370422634,0.28032304246856,1,0.841,1,"5","HLA-C"
0.000131571591279296,0.329862431911357,0.951,0.695,1,"5","CCL15-CCL14"
0.000132572828246245,0.536133758283841,0.407,0.217,1,"5","CXCL16"
0.000133221578831667,0.260036856827154,0.938,0.688,1,"5","TMA7"
0.000133557940984454,0.435667998504347,0.407,0.209,1,"5","10-Sep"
0.000135340787223432,0.280324999353278,0.691,0.41,1,"5","TNS2"
0.00013551403188784,0.346460886359825,0.617,0.369,1,"5","SERPINB1"
0.000135793686910856,0.519246832192448,0.259,0.113,1,"5","TDRP"
0.000135985622173848,0.691082482371074,0.272,0.12,1,"5","ZNF664"
0.000136591647851161,1.08718906291093,0.173,0.066,1,"5","FAM49B"
0.000137193578948619,0.844154702677203,0.296,0.144,1,"5","MPEG1"
0.000137359778115328,0.319926785587745,0.321,0.145,1,"5","FLYWCH1"
0.00013769033321142,0.38520096472147,0.704,0.445,1,"5","PLSCR1"
0.000138145609416519,0.523781190467836,0.321,0.153,1,"5","POP4"
0.00013878873285984,0.645273773592413,0.235,0.098,1,"5","PHF23"
0.000139787215038305,0.252729685143696,0.605,0.35,1,"5","NECTIN2"
0.000139910264750443,0.331370837999668,0.988,0.872,1,"5","C12orf60"
0.000141335583575661,0.928555080340353,0.284,0.135,1,"5","PRELID3B"
0.000143277707215744,0.26910201826955,0.704,0.427,1,"5","ATG7"
0.000143278010538872,0.746224011444595,0.222,0.092,1,"5","AC079296.1"
0.00014345460656467,0.805562708729679,0.16,0.056,1,"5","AASDHPPT"
0.000144378889498853,1.10424780680351,0.185,0.071,1,"5","AREL1"
0.000146019231502746,0.432864802394362,0.63,0.361,1,"5","METAP2"
0.000146417562389294,0.608029274583853,0.321,0.157,1,"5","IRAK1BP1"
0.000146434927227855,0.957142051897522,0.16,0.058,1,"5","FAM117B"
0.00014644615627714,0.255433882928481,0.815,0.532,1,"5","CLTA"
0.000146913138672601,0.250346557028712,0.914,0.646,1,"5","NPC2"
0.000147931147937118,0.302558098036284,0.914,0.708,1,"5","GAS5"
0.000148407609654287,0.507170246407669,0.605,0.352,1,"5","CD163L1"
0.000148519522323901,0.473603556936993,0.741,0.516,1,"5","PDLIM1"
0.00014892144985993,1.03268761383114,0.16,0.058,1,"5","AP000356.3"
0.000149000806525364,0.338067753013489,0.58,0.326,1,"5","SLC44A1"
0.000149109060961601,0.423945761899636,0.333,0.159,1,"5","NR3C2"
0.000149795334420665,0.978272500540527,0.173,0.065,1,"5","GBP3"
0.000150044261451905,0.513204891190262,0.21,0.083,1,"5","ARRDC1"
0.000150650623529121,0.332995768772544,0.333,0.158,1,"5","BRD9"
0.000152141349407303,1.36424208647653,0.111,0.033,1,"5","SEMA4A"
0.000152572916465546,0.336705519721337,0.654,0.406,1,"5","RPL37P2"
0.000152787761594716,0.28813880988284,0.975,0.756,1,"5","AL450992.1"
0.000153119628684673,0.725808646657383,0.247,0.108,1,"5","ARV1"
0.000154726390367975,0.366174363812437,0.383,0.186,1,"5","HGS"
0.000155211527343881,0.548049508108325,0.222,0.092,1,"5","ADGRG6"
0.000155973122451471,0.260076799459211,0.63,0.38,1,"5","AC091167.2"
0.000156937252444695,0.839115271344226,0.198,0.079,1,"5","POLE"
0.000157337386598243,0.299992822132763,0.494,0.265,1,"5","U2AF1"
0.000157824895583336,0.61985729125016,0.346,0.175,1,"5","ANGPT1"
0.000158237165778395,1.06367155551645,0.111,0.033,1,"5","AC008750.8"
0.000159864165985964,1.25780946773286,0.148,0.052,1,"5","SLC22A5"
0.000161167139490411,0.337920563831479,0.654,0.406,1,"5","ZNF706"
0.000163297236625094,0.752870591062841,0.198,0.077,1,"5","ACKR4"
0.000164874239884859,0.329306550528268,0.383,0.194,1,"5","AGFG1"
0.000165420370943986,0.656940824718744,0.296,0.139,1,"5","TAF9"
0.000165610124491702,0.390697440386354,0.358,0.177,1,"5","MAGI3"
0.000165726308569349,0.320204677267671,0.37,0.183,1,"5","NTPCR"
0.000165824934811025,0.747179491432858,0.321,0.157,1,"5","CNOT4"
0.00016610088323713,0.407070468038055,0.247,0.104,1,"5","ZNF584"
0.000166729936421359,0.447704419394974,0.407,0.209,1,"5","NCSTN"
0.000168013844858576,1.360451582367,0.123,0.039,1,"5","SEC31B"
0.000168404129805652,0.556526663593282,0.198,0.078,1,"5","ADAP2"
0.000169291028964884,0.872334062703299,0.111,0.033,1,"5","PABPC4L"
0.000169735802924394,0.311307447154101,0.654,0.38,1,"5","IFNGR1"
0.000170443095581528,0.287946271618979,0.63,0.358,1,"5","AC021078.1"
0.000171398399114953,0.276105174503986,0.617,0.368,1,"5","IFI44L"
0.0001729289808039,0.6807702006621,0.321,0.158,1,"5","FKBP1C"
0.000173513292854926,0.425076491389229,0.272,0.119,1,"5","NT5C2"
0.000173635470281963,0.344277390674761,0.222,0.092,1,"5","SP110"
0.000175526704941342,0.45168506044395,0.457,0.26,1,"5","LPCAT1"
0.000177473729182448,0.574321719149729,0.321,0.157,1,"5","C1orf198"
0.000177633440386857,0.297955975094056,0.543,0.308,1,"5","SIGLEC1"
0.000177806587368049,0.456812236831986,0.383,0.194,1,"5","RPL35P1"
0.000180020467866637,0.42718621154617,0.247,0.104,1,"5","ATP8B1"
0.000180343758874995,0.291308811067452,0.728,0.451,1,"5","ADD3"
0.000181059415614372,0.396433777633358,0.383,0.195,1,"5","ACOX1"
0.000181565559790885,0.627646835729091,0.21,0.084,1,"5","AL022318.4"
0.000181761542640531,0.294670582632689,0.79,0.539,1,"5","AC018738.1"
0.000183673676586726,0.40169916580329,0.321,0.151,1,"5","TRMT112P6"
0.000185325667966335,0.960653806483546,0.16,0.06,1,"5","TMC8"
0.000187540381122025,0.541139292816499,0.321,0.155,1,"5","CDC42SE2"
0.000188384860071061,0.288881532671039,0.37,0.182,1,"5","AC034206.1"
0.000188411728439129,1.01803755151581,0.136,0.045,1,"5","RIOK2"
0.000189618921147054,0.578231146550701,0.185,0.071,1,"5","TMC6"
0.00019220332400299,1.30448340755425,0.16,0.06,1,"5","WDR92"
0.000193086248792674,0.584450310674995,0.358,0.181,1,"5","AC092597.1"
0.000193291969774537,1.00509695592878,0.173,0.064,1,"5","GPX8"
0.000194905346245136,1.20440432080272,0.16,0.057,1,"5","OXSM"
0.000195291517235715,1.15223305136315,0.173,0.067,1,"5","CBR3"
0.000195680782605328,0.689074225218112,0.407,0.224,1,"5","RPL34P18"
0.000196575863752452,0.303337103715075,0.556,0.315,1,"5","GPS2"
0.000196655514350181,0.529816645623414,0.321,0.153,1,"5","IL15RA"
0.000196715440637453,0.779307963220349,0.148,0.052,1,"5","KCNN1"
0.000196826758864335,0.52860300274199,0.296,0.139,1,"5","ZFAND2B"
0.000199520671522722,0.450841647969091,0.309,0.145,1,"5","DMTF1"
0.000200482660219051,0.371474413933363,0.63,0.401,1,"5","DUSP6"
0.000201421604219515,0.40223354153937,0.37,0.186,1,"5","GMPR2"
0.000201898896604125,0.530088983297096,0.346,0.175,1,"5","NOLC1"
0.000201914104026752,0.529510760660948,0.58,0.342,1,"5","CD163"
0.000202453089853571,0.614592086495576,0.198,0.079,1,"5","AC027097.1"
0.000204424325469984,0.431256151742017,0.543,0.315,1,"5","SNX12"
0.000204696858942842,0.756673408510899,0.185,0.071,1,"5","PCTP"
0.000205062695763822,0.683179760549422,0.309,0.153,1,"5","PTRHD1"
0.000205597518573685,0.58252296871371,0.309,0.145,1,"5","AC097637.1"
0.000210566381383511,0.648439012634737,0.222,0.093,1,"5","RPP38"
0.000210735410515027,0.340905084822391,0.358,0.177,1,"5","MARF1"
0.000211320160855776,0.91824891796437,0.173,0.066,1,"5","ZNF33B"
0.000211557791164548,0.854351363085951,0.21,0.087,1,"5","IL10RB"
0.000212101766501559,0.682841792704049,0.21,0.086,1,"5","AC244517.2"
0.000215194615703381,0.740422297567255,0.148,0.051,1,"5","NOP14"
0.000215853025188897,0.37892354441319,0.358,0.18,1,"5","PTK2B"
0.00021608404232908,0.289616003194882,0.506,0.273,1,"5","AHCYL1"
0.000217377431763964,0.547802446714384,0.37,0.196,1,"5","EPB41L3"
0.000218530745743044,0.718610140347756,0.123,0.039,1,"5","ABCB9"
0.000218596216531754,0.303507129988541,0.617,0.376,1,"5","ITSN2"
0.000219138335479656,0.615195968793484,0.21,0.085,1,"5","ADRB2"
0.00022147213112762,0.601271263889081,0.309,0.146,1,"5","ZBTB25"
0.000221496653227346,0.321343328241308,0.432,0.224,1,"5","BBIP1"
0.000223246626765458,0.519116199397359,0.444,0.245,1,"5","ZNF638"
0.000223522842791479,0.518138345464727,0.346,0.17,1,"5","FTH1P20"
0.000224545731252729,0.499861333636864,0.358,0.18,1,"5","TIPRL"
0.000224734600439252,0.529489825805663,0.395,0.213,1,"5","RSL1D1"
0.000226392283971264,0.739992223285607,0.284,0.135,1,"5","AGO1"
0.000226697009639651,0.307843573702287,0.914,0.714,1,"5","SAT1"
0.000230111570339177,0.416776077999645,0.309,0.146,1,"5","PPP6R1"
0.000230357161021142,0.698279781495081,0.185,0.071,1,"5","AL512625.3"
0.000231320188503154,0.865132941963289,0.198,0.079,1,"5","AC004771.4"
0.000231467971357852,0.294840687007943,0.309,0.143,1,"5","SART1"
0.000233018653457265,0.413232961459484,0.556,0.325,1,"5","SETD7"
0.000233713019473001,0.296815830431926,0.605,0.355,1,"5","CAMK2D"
0.000238059767187623,0.317731082657947,0.37,0.187,1,"5","ITGA5"
0.00023964515990596,0.505751805711895,0.284,0.132,1,"5","SMIM3"
0.000240353535752114,0.725340054882811,0.383,0.203,1,"5","ACP1"
0.000241354070136672,0.256392564764034,0.531,0.306,1,"5","WIPI2"
0.000242197002042793,0.505243952525969,0.346,0.178,1,"5","DCAF7"
0.0002423965028547,0.595333534178943,0.222,0.093,1,"5","CFI"
0.000242790231628916,0.550173231360706,0.395,0.213,1,"5","TIE1"
0.000244367466329479,0.571228945563541,0.346,0.177,1,"5","RAB9A"
0.000247231159249474,0.428294244881521,0.235,0.101,1,"5","NOVA1"
0.000251501016581191,0.515285107517439,0.333,0.166,1,"5","DGUOK-AS1"
0.000252946958886174,0.303860278910249,0.988,0.84,1,"5","RPL17"
0.000253247450176762,0.350803051863019,0.568,0.326,1,"5","DAB2"
0.000254418294917361,0.592650437677889,0.309,0.153,1,"5","TMEM220"
0.000254664689507112,0.308044091940429,0.79,0.534,1,"5","SELENOF"
0.000255215280461318,0.393987057057479,0.296,0.141,1,"5","TOR3A"
0.000255459590630975,0.952309759914323,0.148,0.053,1,"5","AC002066.1"
0.000256232715087043,0.412948085102921,0.247,0.107,1,"5","AC006978.2"
0.000257332206764887,0.33739401775469,0.247,0.108,1,"5","NR2C1"
0.00025781419909894,1.12161700075727,0.123,0.04,1,"5","AC092368.3"
0.000260842940433954,0.42092053024191,0.432,0.238,1,"5","PARP14"
0.00026153428119089,0.357525422953316,0.198,0.079,1,"5","RPH3AL"
0.000261658684223255,0.281412341260789,0.79,0.562,1,"5","CCL14"
0.000261709024966702,0.551668042529677,0.21,0.086,1,"5","CH17-340M24.3"
0.000262067930256969,0.958878178009578,0.198,0.082,1,"5","DYRK1B"
0.000262379501733167,0.312531086706411,0.333,0.16,1,"5","AC093668.1"
0.00026342543991032,0.641539705385534,0.272,0.128,1,"5","AL355075.3"
0.000263483107101217,0.706385376326204,0.222,0.095,1,"5","TFF3"
0.000264304133155304,0.290125751417419,0.988,0.738,1,"5","TGM2"
0.000265779208450402,0.949769405512053,0.333,0.172,1,"5","POLD4"
0.000266313599134744,1.01676787818872,0.198,0.083,1,"5","U52112.1"
0.0002671387507081,0.783042959928619,0.136,0.046,1,"5","AL592295.3"
0.00026819758266332,0.380119170190562,0.309,0.148,1,"5","C20orf194"
0.000270575026832189,0.402759744382172,0.247,0.107,1,"5","AC010542.3"
0.00027186522390004,0.422138750937433,0.247,0.109,1,"5","KIF9"
0.000271870504838234,0.759685452843576,0.16,0.059,1,"5","JAML"
0.000271992222817439,1.34294325485426,0.148,0.053,1,"5","SEMA3A"
0.0002723477182119,0.848259238985568,0.272,0.133,1,"5","PLEK"
0.000273031306454898,0.536911657727263,0.272,0.123,1,"5","AC068790.8"
0.000275696231635567,1.21649006359613,0.123,0.04,1,"5","TNFAIP8L1"
0.000276480819121185,0.274738030346382,0.79,0.501,1,"5","NDUFC2"
0.00027806620445057,0.629264403257277,0.259,0.118,1,"5","SLC9A3R1"
0.000285460159128873,0.412674577395671,0.395,0.208,1,"5","TFRC"
0.000286876221959836,0.297337351143127,0.617,0.349,1,"5","YPEL3"
0.000288119707690045,0.544937597649937,0.259,0.116,1,"5","ADAM19"
0.000289250026652463,0.519499024926057,0.519,0.326,1,"5","ZEB2"
0.00029010811683407,0.462958634316208,0.235,0.1,1,"5","NIPA2"
0.000293627961671742,0.661916457512768,0.16,0.059,1,"5","MZF1"
0.00029375607119442,0.471066085972978,0.42,0.23,1,"5","LYSMD4"
0.000294821566043776,1.1328304613204,0.148,0.054,1,"5","CCDC28B"
0.000295736375939947,1.16677284720329,0.185,0.076,1,"5","GBP4"
0.000299093440794577,0.442389751957592,0.494,0.277,1,"5","RHOQ"
0.000299764003711487,0.557943169864162,0.284,0.136,1,"5","CENPA"
0.000302663336696557,0.505201386488891,0.309,0.152,1,"5","P4HTM"
0.000303754356155379,0.776221738607455,0.16,0.06,1,"5","TTI2"
0.000304805161043455,0.776513283909601,0.21,0.088,1,"5","WDR12"
0.000305280512801429,1.16851843423334,0.123,0.04,1,"5","AC009084.1"
0.000307173348935535,0.414737526445845,0.506,0.286,1,"5","PCBD1"
0.000307915953301607,0.279910982665475,0.543,0.31,1,"5","RBCK1"
0.000308693163175283,0.403085112281676,0.605,0.356,1,"5","AC008038.1"
0.000309232591824518,0.728054507393009,0.37,0.203,1,"5","MOV10"
0.000311010250401755,0.641423549152933,0.136,0.047,1,"5","SYK"
0.000312713622268824,0.688667671821139,0.247,0.11,1,"5","DDX54"
0.000314484901212966,1.115155652146,0.111,0.035,1,"5","IFT80"
0.000315575290445387,0.411542174993078,0.173,0.065,1,"5","AC009139.2"
0.000315793165493528,0.751410842835544,0.235,0.105,1,"5","FAM149B1"
0.00031696351795302,0.85774658806293,0.16,0.061,1,"5","MANEA"
0.00031735896274465,0.3977121902697,0.432,0.236,1,"5","C2orf88"
0.000320704698328612,0.41010565276663,0.407,0.214,1,"5","DRAM2"
0.000320787376833257,0.470471668847586,0.198,0.079,1,"5","PSTK"
0.000326224174578126,0.327399800025186,0.494,0.278,1,"5","GABRE"
0.000327326090649866,0.96634452873099,0.148,0.053,1,"5","NCEH1"
0.000327333745445869,0.286808074803308,0.444,0.23,1,"5","PLSCR4"
0.000328971944876342,0.311408522990373,0.481,0.256,1,"5","ARHGAP29"
0.000330928699388313,0.655340103568324,0.21,0.087,1,"5","DCBLD2"
0.000331115308880489,0.466166548580088,0.321,0.159,1,"5","DOCK1"
0.000331609486099227,0.504723559131454,0.235,0.103,1,"5","LDLRAD3"
0.000336336753061414,0.569905733653746,0.123,0.04,1,"5","LRP2BP"
0.000340725343957767,0.577559507787327,0.358,0.182,1,"5","PRKCH"
0.000343992355599645,0.40135128858786,0.469,0.28,1,"5","VPS51"
0.000344157028724755,0.38819636222471,0.247,0.108,1,"5","ABCC9"
0.000352017209102621,0.600338922609535,0.457,0.267,1,"5","COMMD4"
0.000352226783551991,0.473900209428841,0.222,0.096,1,"5","MEX3C"
0.000352289923263435,0.428238939015412,0.346,0.178,1,"5","ZNF521"
0.000352321479111573,0.670980964089662,0.198,0.081,1,"5","CCL13"
0.000352734396690501,0.878169248618234,0.185,0.074,1,"5","PRDM4"
0.000353573485139228,0.313402430470317,0.691,0.437,1,"5","RBM8A"
0.000355426671951515,0.491437943998253,0.173,0.067,1,"5","AC091042.1"
0.000356069171404271,0.447732582558485,0.432,0.239,1,"5","IL1RL1"
0.0003570736852275,0.570123104168804,0.358,0.186,1,"5","CYBB"
0.000358355819490403,0.556350315357711,0.407,0.22,1,"5","IFI27L2"
0.000359424744748891,0.805654523120183,0.383,0.206,1,"5","CASKIN2"
0.000360128446591423,0.258582701468027,0.84,0.602,1,"5","MRPS21"
0.000361557701344464,0.85772021953269,0.185,0.074,1,"5","AC239799.1"
0.000363705272516446,0.40324521451476,0.37,0.194,1,"5","MIA3"
0.000365122021956272,1.09816794373442,0.136,0.048,1,"5","RIPK2"
0.000367445645093167,0.261623584713106,0.543,0.308,1,"5","AL136295.5"
0.000367909462897858,0.418337620016297,0.123,0.04,1,"5","SLC5A4-AS1"
0.000368552601859779,0.417401876899444,0.444,0.246,1,"5","IFNAR1"
0.000371329578024501,0.538619812032927,0.309,0.152,1,"5","AGPAT3"
0.000372833227240574,0.384062460964976,0.84,0.605,1,"5","WDR47"
0.000375438663320922,0.460591148957847,0.519,0.296,1,"5","TLDC2"
0.000377640729873361,0.261766840646039,0.481,0.263,1,"5","KLHDC2"
0.000380171566394265,0.337217541635845,0.642,0.395,1,"5","PICALM"
0.000382748964445715,0.549180922007308,0.235,0.101,1,"5","AC010504.1"
0.000382934574878008,0.383019565705428,0.346,0.181,1,"5","RGL2"
0.000389430894767033,0.407508951938222,0.37,0.195,1,"5","C5orf66"
0.000390962684646885,0.87088992774959,0.235,0.109,1,"5","ARHGEF3"
0.000391586833767588,0.305369522848013,0.469,0.273,1,"5","ADIPOR1"
0.000391709346357446,0.277352791002816,0.481,0.269,1,"5","AP000936.3"
0.000392581959376314,0.278894268590728,0.815,0.541,1,"5","MAF"
0.000395259181481305,0.374038497939986,0.272,0.122,1,"5","AC017083.3"
0.000395660961817999,0.458820768996276,0.185,0.074,1,"5","PCDH15"
0.000396127818787687,0.732392112047011,0.148,0.054,1,"5","DLL1"
0.000397767198707451,0.272830657907316,0.593,0.363,1,"5","NAGK"
0.000398508058703343,0.88604392939542,0.185,0.077,1,"5","TMEM135"
0.000400205324810965,0.507705381027036,0.346,0.178,1,"5","SBF1"
0.000400781852693553,0.256150336442443,0.827,0.549,1,"5","AC089983.1"
0.000404610598686536,1.08388415750744,0.259,0.123,1,"5","IL10RA"
0.000405967148477076,0.336130845280621,1,0.828,1,"5","AC100778.3"
0.000407351948427457,0.482402537929843,0.321,0.157,1,"5","GRPEL1"
0.00040989791908441,0.439879656948761,0.481,0.296,1,"5","SLC16A3"
0.000412844825641344,1.35817954000939,0.16,0.063,1,"5","COIL"
0.000413525841647704,0.379866152290649,0.432,0.238,1,"5","EIF3J"
0.000414828954081428,0.424577717349943,0.37,0.194,1,"5","TMEM126A"
0.000415013736860331,1.00350877433455,0.284,0.143,1,"5","PARVB"
0.000422147121952533,0.400682509800714,0.296,0.142,1,"5","AC125807.1"
0.000423537807228752,0.409629506926403,0.346,0.182,1,"5","DDX39A"
0.000429886648541019,0.266256123988384,0.247,0.107,1,"5","STK16"
0.000429928522330195,0.386834865349631,0.864,0.652,1,"5","PLTP"
0.000432812430944875,1.02813087320123,0.16,0.062,1,"5","ZNF490"
0.000433607596097873,0.660316316294047,0.309,0.154,1,"5","TAP2"
0.000435818116725495,0.535178185716138,0.21,0.088,1,"5","SARM1"
0.000437149635021078,0.975698817275668,0.136,0.048,1,"5","KIF27"
0.000437452668319091,0.335876019815489,0.642,0.412,1,"5","ABHD8"
0.000437767444155627,0.312831795534644,0.494,0.285,1,"5","RBBP6"
0.000438014213130902,0.755291702577293,0.247,0.116,1,"5","OVCA2"
0.000439306407277781,0.941285148137352,0.123,0.041,1,"5","ZSCAN9"
0.000440549267809386,0.301866679400406,0.457,0.247,1,"5","AL096870.2"
0.000443504272697071,0.310350571177982,0.37,0.188,1,"5","TMPO"
0.000444042629805753,0.481407190713918,0.358,0.188,1,"5","CASP4"
0.000444162686070544,0.606874720115219,0.272,0.128,1,"5","IFT52"
0.000453387248857358,0.949488360432618,0.21,0.09,1,"5","PMS2CL"
0.000456445265474482,0.276761252820074,0.901,0.684,1,"5","AC026403.1"
0.000456994247106651,0.270236210570477,0.358,0.18,1,"5","GGTA1P"
0.000459986395811399,0.46677872742833,0.358,0.189,1,"5","SERTAD1"
0.000467784217120388,0.363140745232708,0.494,0.274,1,"5","EMG1"
0.000467825547097277,0.87533561823713,0.136,0.048,1,"5","MTND6P4"
0.000469970128012683,0.38644686982822,0.259,0.12,1,"5","TAF12"
0.00047004098106619,0.277689462894742,0.975,0.82,1,"5","AC025259.3"
0.000470141332167445,1.28839697498747,0.136,0.049,1,"5","C19orf48"
0.000473422786824354,0.700855601070481,0.21,0.092,1,"5","ALPK3"
0.000473699713931319,0.295745678855919,0.58,0.331,1,"5","AC097523.1"
0.000476246030229569,0.526047823411105,0.556,0.344,1,"5","LSM5"
0.000478656965869758,0.267114323991714,0.765,0.507,1,"5","TM4SF1"
0.000479077594517013,0.429125092671184,0.259,0.119,1,"5","AC104389.4"
0.000480179684867902,0.263932713992131,0.901,0.637,1,"5","ARPC2"
0.00048055403251264,0.455016208989813,0.358,0.185,1,"5","TPR"
0.000481416862918622,0.313946063543087,0.395,0.206,1,"5","AC012254.2"
0.000483179999088364,0.277434722389149,0.815,0.556,1,"5","LAMTOR5-AS1"
0.000484316347034274,0.850902793810893,0.16,0.062,1,"5","RNASE6"
0.000487268615509405,0.341913222934135,0.519,0.3,1,"5","CNRIP1"
0.00048788352017452,0.267769500403036,0.654,0.397,1,"5","SYVN1"
0.000491042750123063,0.411233100888568,0.222,0.095,1,"5","LIMD2"
0.000493576613541568,0.253837919123864,0.383,0.201,1,"5","CLK3"
0.000494922901714139,0.268066207404453,0.42,0.225,1,"5","NLRP1"
0.000496823352265886,0.340814289699272,0.346,0.169,1,"5","RFC5"
0.000504304365301557,0.279673257082432,0.272,0.127,1,"5","TASP1"
0.000505395349796683,0.437425058792369,0.568,0.344,1,"5","PGRMC2"
0.000507676318903945,0.340398015387867,0.407,0.23,1,"5","PAK2"
0.000507729346865107,1.13723944346813,0.136,0.049,1,"5","AC078881.1"
0.000509457912412229,0.412840305002334,0.272,0.13,1,"5","CCDC82"
0.000517680751398344,0.436590162328753,0.259,0.123,1,"5","ERICH1"
0.000518451705603329,0.473546768166748,0.247,0.113,1,"5","RPP14"
0.000519574718577261,0.335977927904349,0.383,0.2,1,"5","SAR1B"
0.000519761928930561,0.497127753661713,0.296,0.144,1,"5","PILRA"
0.000520498988322449,0.703602782603989,0.185,0.076,1,"5","GCNT2"
0.000523895654781888,0.387175340073851,0.296,0.143,1,"5","LINC01278"
0.000524809604365007,0.279365995107806,0.407,0.213,1,"5","PDCD10"
0.000525713635801858,0.51644808222545,0.321,0.16,1,"5","SIAE"
0.000528992800213397,0.396596107309504,0.432,0.248,1,"5","RNF213"
0.000529794877723748,0.73317054329355,0.235,0.106,1,"5","MIR3654"
0.000531256617449026,0.299356505552877,0.284,0.133,1,"5","MAP7D3"
0.000531265943488218,0.461813205531872,0.321,0.159,1,"5","AC010531.1"
0.000531405855717997,0.439117645062043,0.346,0.183,1,"5","MRPS33"
0.000532479207702512,0.58429913701398,0.321,0.166,1,"5","FAM214B"
0.000534530225264492,0.607641480593136,0.21,0.091,1,"5","FUOM"
0.000534848957113855,0.47921664540754,0.346,0.178,1,"5","RPSAP12"
0.000540018515575345,0.328238535518047,0.494,0.284,1,"5","MCUB"
0.000543964231760977,0.812800691766271,0.272,0.136,1,"5","RASA3"
0.000547171800347133,0.582479597876279,0.395,0.223,1,"5","FURIN"
0.00054901122244643,0.675106435412165,0.198,0.083,1,"5","AL390728.6"
0.000549992531465738,0.304720526663973,0.753,0.521,1,"5","NOP10"
0.000555802147024781,0.947041113122217,0.173,0.071,1,"5","MT1F"
0.000555987382160141,0.437333950317682,0.247,0.116,1,"5","SAYSD1"
0.000563127755121664,0.740128098046074,0.148,0.055,1,"5","RAB6D"
0.000566329479971314,0.879076492620936,0.259,0.125,1,"5","SOX4"
0.000566564461647535,0.467107899315972,0.383,0.205,1,"5","MRPL17"
0.000569046087698665,0.663584557627486,0.21,0.092,1,"5","C1orf162"
0.000571205083857818,0.686901457488521,0.16,0.062,1,"5","AP001781.2"
0.000571654942940392,0.882640098213117,0.21,0.092,1,"5","SCUBE2"
0.000573726805639455,0.618045528758356,0.37,0.21,1,"5","BUB3"
0.000574244764604848,0.297286311497147,0.704,0.443,1,"5","AC004057.1"
0.0005742582190302,0.330836783515964,0.605,0.372,1,"5","TRIOBP"
0.000575308042215946,1.02537183833334,0.568,0.385,1,"5","IL32"
0.000576526343763242,0.336721969090153,0.21,0.089,1,"5","MXRA5"
0.000576743463453539,0.688753001863359,0.222,0.098,1,"5","TCF3"
0.000577243483021423,1.03179183385363,0.136,0.048,1,"5","AC073869.3"
0.000581557033354408,0.787837658138986,0.123,0.042,1,"5","DOP1B"
0.000581998588046639,0.305487753771161,0.444,0.239,1,"5","RAB8B"
0.000582991998369567,0.466833017594873,0.42,0.24,1,"5","TGFBR1"
0.00058312971720491,0.648602162712691,0.247,0.116,1,"5","CDK11B"
0.000588666646044727,0.598701300804709,0.136,0.049,1,"5","FOXN2"
0.000590139869463866,0.273533196858325,0.951,0.745,1,"5","PLXND1"
0.000590953966005408,0.294915555113733,0.691,0.428,1,"5","DNAJC25-GNG10"
0.000591048656567305,0.509790843261151,0.235,0.105,1,"5","TMEM254"
0.000592002968284035,0.454769651733855,0.37,0.2,1,"5","CPSF6"
0.00059327457853885,0.26816415945223,0.358,0.182,1,"5","USO1"
0.000593424046610142,0.425823289013053,0.605,0.382,1,"5","NR4A2"
0.000597059652378569,0.372863918749407,0.605,0.383,1,"5","THBS1"
0.000602051488812958,0.283282791119883,0.235,0.105,1,"5","PCSK1"
0.000606079146528693,0.487656128891149,0.259,0.121,1,"5","ODF2L"
0.000610328879120237,0.336718730371071,0.173,0.069,1,"5","HID1"
0.000611383037458478,0.260926781952858,0.63,0.372,1,"5","NINJ1"
0.000611611054873969,0.550131261933644,0.284,0.137,1,"5","MED24"
0.000611822015809033,0.468714836015062,0.346,0.18,1,"5","PCIF1"
0.000615222891144488,0.330369935995301,0.383,0.203,1,"5","AC104109.3"
0.000621155765920849,0.398391101278587,0.432,0.236,1,"5","ZNHIT3"
0.00062363458793381,0.426941024812424,0.296,0.149,1,"5","CSK"
0.000625369972737412,1.00405197964356,0.148,0.056,1,"5","AC091429.1"
0.000625585015593941,0.351567037270404,0.444,0.256,1,"5","ELF1"
0.000626357314771404,0.887796436501156,0.123,0.043,1,"5","ZNF770"
0.000628837145136596,1.71940822420747,0.247,0.12,1,"5","C16orf70"
0.000632401580870394,0.698457507484839,0.173,0.069,1,"5","MME"
0.000634299774992625,0.447660552327573,0.247,0.113,1,"5","TVP23C"
0.000635968974290119,0.32357654894938,0.827,0.625,1,"5","MAGED1"
0.000641984867781305,0.457164024226569,0.481,0.291,1,"5","UBE2L6"
0.000646358926413578,0.35638692140714,0.519,0.301,1,"5","NPHP3-ACAD11"
0.000654376688544938,0.459887007612752,0.37,0.203,1,"5","PGLS"
0.000655365528454272,0.538265994492926,0.198,0.084,1,"5","SCO2.1"
0.00065584297797052,1.37129459698036,0.111,0.037,1,"5","FMNL1"
0.000657335233842516,0.289360873978932,0.309,0.157,1,"5","CDC27"
0.00066137029590618,1.03683659695072,0.148,0.058,1,"5","DOK5"
0.000661688478098247,1.19900312685947,0.123,0.043,1,"5","TRMT13"
0.000662566451349658,0.584778986970635,0.284,0.142,1,"5","CYYR1"
0.000662827331075474,1.01544985121777,0.123,0.043,1,"5","LINC00847"
0.000668952387129405,0.372413878214458,0.728,0.474,1,"5","AC040977.2"
0.000670003750744161,0.777827004020572,0.148,0.057,1,"5","BMP2"
0.000672371982588157,0.301503899855083,0.42,0.23,1,"5","PEPD"
0.000673027540390305,0.354630044237648,0.198,0.084,1,"5","MLF1"
0.00067374755836053,0.585467998764837,0.309,0.156,1,"5","AKAP8"
0.000674064196504711,0.564937054945903,0.259,0.123,1,"5","PLSCR3"
0.000676183367113818,0.930846446700298,0.123,0.043,1,"5","CCDC85A"
0.000681386939376591,0.37314417420236,0.321,0.159,1,"5","ERLEC1"
0.000682693309341851,0.752457336162631,0.259,0.128,1,"5","EPSTI1"
0.000684959235361619,0.512379398750139,0.309,0.157,1,"5","TLNRD1"
0.00068609848473057,0.468481393341614,0.296,0.148,1,"5","ISG20"
0.000686654381689128,0.373175012587021,0.679,0.438,1,"5","HYAL2"
0.000686817258315184,0.472716339813869,0.333,0.172,1,"5","MED25"
0.000687644288781388,0.382275299401147,0.309,0.159,1,"5","RALGDS"
0.000689894317441871,0.268408835393244,0.383,0.2,1,"5","C22orf39"
0.000691730743245312,0.308757240141192,0.568,0.337,1,"5","GALNT15"
0.000692896307172581,0.548796111234825,0.296,0.148,1,"5","NPIPA1"
0.000696591222127875,0.468281784719882,0.444,0.262,1,"5","HELLPAR"
0.000696755452053704,0.547561619778629,0.272,0.131,1,"5","AL807752.7"
0.000701821048823321,0.442028587738566,0.259,0.122,1,"5","VIRMA"
0.000702217717980105,0.370054978417607,0.531,0.317,1,"5","PDE4B"
0.000706525006916273,0.636036857930455,0.173,0.071,1,"5","DUSP8"
0.000711507325642466,0.477156946886744,0.407,0.237,1,"5","NPRL3"
0.000713285675621561,0.258624610103504,0.444,0.248,1,"5","TNKS1BP1"
0.000719460760721153,0.398413889800302,0.58,0.363,1,"5","ARPC3"
0.000720446420847612,0.43280704107999,0.296,0.145,1,"5","MAN2B1"
0.000721425287744894,1.00367627926342,0.123,0.043,1,"5","SELP"
0.000722287362167761,1.04158019214127,0.173,0.07,1,"5","NCALD"
0.000729549978365809,0.31460703051609,0.309,0.15,1,"5","AL133260.1"
0.000732283847664157,0.301961597349178,0.395,0.216,1,"5","SCAF11"
0.000733172990811588,0.34375257883899,0.42,0.227,1,"5","RAB32"
0.000734032069210492,0.511227913755727,0.123,0.042,1,"5","ZNF180"
0.000743155338933387,0.498363018684282,0.481,0.283,1,"5","MXD1"
0.000743659289422029,0.252508299801836,0.543,0.329,1,"5","AC246787.1"
0.000747472679029104,0.258927013296015,0.778,0.513,1,"5","AL136531.2"
0.000748305134842047,0.640831442842694,0.235,0.109,1,"5","AC011479.1"
0.000752952797949772,0.339889230553496,0.284,0.139,1,"5","RFX7"
0.000754223856686077,0.322079930786555,0.21,0.092,1,"5","CHKA"
0.0007572410424228,0.955455823118221,0.111,0.037,1,"5","AL354836.1"
0.00076230766326417,0.864826930771821,0.148,0.056,1,"5","ZC3H12C"
0.000763512911601548,0.304808211283658,0.309,0.155,1,"5","PIP4K2C"
0.000764947103776007,0.598214717348596,0.185,0.077,1,"5","PEX14"
0.000765836191555474,0.429558126417767,0.284,0.14,1,"5","HLA-DMA"
0.000768480010154181,0.360432105246595,0.346,0.18,1,"5","CLNS1A"
0.000768964667105614,1.13281197746288,0.16,0.065,1,"5","ARMC6"
0.000769799036376059,0.317518999292776,0.383,0.208,1,"5","AFG3L2"
0.000770136484059145,0.340129856014709,0.272,0.132,1,"5","DTD1"
0.000771513526751347,0.578211692228496,0.222,0.099,1,"5","AC007285.1"
0.000774394980351946,0.483764520892605,0.247,0.117,1,"5","MMAB"
0.000780518847880514,0.600176135217908,0.222,0.101,1,"5","SLC2A10"
0.000782754911295988,0.434694563190003,0.481,0.287,1,"5","UBAC2"
0.000784042090023968,1.40679852917491,0.136,0.051,1,"5","AC004923.4"
0.0007851585175293,0.303311349090011,0.481,0.271,1,"5","CCDC142"
0.000785530537285157,0.407157640725637,0.358,0.189,1,"5","TCEA1"
0.000785532402644359,0.540516329737768,0.235,0.109,1,"5","MMD"
0.000793880365098292,0.362530424281364,0.383,0.208,1,"5","TMEM60"
0.000796311950095808,0.317313189681449,0.728,0.458,1,"5","HEXB"
0.000805904681480509,0.532863973581045,0.148,0.056,1,"5","RN7SL1"
0.000806163557250745,0.336620216030001,0.815,0.582,1,"5","AL390957.1"
0.000808136040050614,0.376280932513108,0.481,0.277,1,"5","COTL1"
0.000810134773903206,0.307753274909947,0.481,0.271,1,"5","REST"
0.000810146359481377,0.319924954501902,0.531,0.332,1,"5","PARP10"
0.000813587479074883,0.525522201440854,0.235,0.109,1,"5","BTN3A2"
0.000813888534412556,0.691801122192411,0.247,0.117,1,"5","RHCE"
0.000814016437247174,0.334961496352063,0.383,0.206,1,"5","CCAR2"
0.000815564556937056,0.337596880799041,0.444,0.256,1,"5","NUFIP2"
0.000818099508531191,0.288255577451668,0.284,0.138,1,"5","ARMCX4"
0.000823702659002131,0.403391945102093,0.333,0.171,1,"5","GALT"
0.000831570151537776,0.268390417259656,0.457,0.263,1,"5","KIFC3"
0.00083197080575,0.417458004284491,0.346,0.186,1,"5","AC073610.3"
0.000837001143216258,0.343138988742442,0.333,0.185,1,"5","PLEKHA4"
0.000840648645891463,0.458831667415163,0.235,0.11,1,"5","ST3GAL5"
0.000845389218050456,0.46321459324203,0.235,0.108,1,"5","RELB"
0.00085945488491879,0.348130791647874,0.42,0.231,1,"5","GAREM1"
0.000861194594322616,1.1439003397544,0.136,0.051,1,"5","MNDA"
0.000861912181515764,0.882639075647302,0.16,0.065,1,"5","AC243964.2"
0.000862918497418238,0.506580351591446,0.358,0.189,1,"5","DPCD"
0.000870379790650973,0.455051686624576,0.16,0.063,1,"5","ERO1B"
0.000874515174304159,0.54592150230852,0.296,0.154,1,"5","TRAPPC5"
0.000876490682720602,0.346008733009731,0.247,0.112,1,"5","EPC2"
0.000880605858383134,0.505333390977979,0.259,0.124,1,"5","Z84492.1"
0.000885532502268361,0.796843046402451,0.111,0.037,1,"5","AL138828.1"
0.000886954517721334,0.323843916000039,0.185,0.078,1,"5","TYMS"
0.000890081080361672,0.529619288334361,0.444,0.274,1,"5","STMP1"
0.000890124870137433,0.472602103577941,0.556,0.334,1,"5","SDCBP2-AS1"
0.000893208078210355,0.668174393149366,0.185,0.079,1,"5","PRR5-ARHGAP8"
0.000901926914549377,0.677127356232973,0.16,0.064,1,"5","MZF1-AS1"
0.000903310395059998,0.501824580072598,0.136,0.05,1,"5","MACROD1"
0.000904322298186309,0.441108598647419,0.346,0.186,1,"5","ADAMTS9"
0.000908201510272028,0.758937341508363,0.185,0.077,1,"5","AL359644.1"
0.000909020947406493,0.85927022270085,0.198,0.088,1,"5","RGS1"
0.000909710856131975,0.749150823664222,0.136,0.05,1,"5","NFKBID"
0.000913076171902739,0.449156853383997,0.296,0.153,1,"5","NMRK1"
0.000914182740780315,1.35456980088691,0.185,0.081,1,"5","PLEKHF2"
0.000916519195701813,0.583355585347803,0.173,0.072,1,"5","LHX6"
0.000916840497830378,0.477828713291484,0.173,0.071,1,"5","TMCC3"
0.000920328515825938,0.646124468906468,0.235,0.11,1,"5","AC000120.2"
0.000920764938158419,0.592902794960758,0.198,0.086,1,"5","FXR2"
0.00092196605001661,0.74591526459757,0.185,0.079,1,"5","AP001596.1"
0.000936716842808316,0.713977461348965,0.173,0.071,1,"5","CU633904.1"
0.000936790565097834,0.52993054084241,0.272,0.135,1,"5","GPRC5A"
0.000949219097446908,0.958654491440501,0.185,0.082,1,"5","FNIP2"
0.000950349920936057,1.16245030673992,0.148,0.059,1,"5","JAK3"
0.000953175618814594,0.62111653116007,0.198,0.086,1,"5","AFAP1"
0.000954011959390916,0.375418040905659,0.556,0.355,1,"5","DOCK9"
0.000954365188843748,0.539621816124373,0.173,0.071,1,"5","BET1"
0.000956084754029462,0.403334639265774,0.691,0.482,1,"5","SSR3"
0.000970680056345855,0.463295912255376,0.296,0.149,1,"5","EPS8L2"
0.000972870355275192,0.856180063771212,0.123,0.044,1,"5","NPFF"
0.000981949224772351,0.576822794970959,0.333,0.18,1,"5","ZDHHC20"
0.00098246122366085,0.535608845160084,0.173,0.073,1,"5","BTN2A2"
0.000985202569075214,0.552782433074669,0.284,0.142,1,"5","AAGAB"
0.000986419567501438,0.350645700512934,0.42,0.236,1,"5","ADI1"
0.000990046255071789,0.842580118787336,0.16,0.065,1,"5","RPL24P2"
0.00100120422127341,0.606599239657005,0.222,0.101,1,"5","TRIM38"
0.0010026091129875,0.270315437495235,0.494,0.274,1,"5","RPS3AP47"
0.00100391057529706,0.272731074484617,0.198,0.085,1,"5","PNPT1"
0.00100466908262561,0.785355772433769,0.148,0.057,1,"5","AL359555.4"
0.00100948187192492,0.633315734764299,0.198,0.087,1,"5","C1orf174"
0.00101938856024671,0.776437723447926,0.173,0.073,1,"5","MYNN"
0.00102250826866081,0.641472031538497,0.16,0.065,1,"5","IL16"
0.00102265388104687,0.603542660899063,0.222,0.105,1,"5","AC132008.2"
0.00102300430869039,0.956240745672855,0.111,0.038,1,"5","TMEM150C"
0.00102902530066862,0.418511298166911,0.259,0.126,1,"5","MPST"
0.00102914743306705,0.457296777606855,0.148,0.057,1,"5","USP2"
0.00103121569298705,0.947687115175272,0.198,0.089,1,"5","ME1"
0.00103197639624708,0.808790070197587,0.16,0.064,1,"5","NPIPA3"
0.00103345396266811,0.300332328579314,0.222,0.099,1,"5","CFAP298"
0.00103920257212052,0.593926742709989,0.309,0.161,1,"5","PRKCI"
0.00104064883636463,0.25343550497838,0.272,0.13,1,"5","NADSYN1"
0.00104678047714999,0.45280405305517,0.444,0.272,1,"5","SBNO2"
0.00104945120596472,0.404889075785571,0.383,0.218,1,"5","SETD3"
0.00105236296026702,0.266724862526627,0.321,0.164,1,"5","RPSAP9"
0.00105403871565838,0.522901365850154,0.247,0.117,1,"5","RNF103"
0.00105435578217345,0.347850096256132,0.395,0.22,1,"5","CYTH3"
0.00105863504066962,0.936390445651759,0.185,0.081,1,"5","AL160272.2"
0.00105912637103617,0.802379179857481,0.185,0.081,1,"5","VCAN-AS1"
0.00106024461371591,0.396136599801007,0.654,0.426,1,"5","PTGS2"
0.0010619994761658,0.378177117284019,0.185,0.078,1,"5","MAP3K4"
0.00106312742208038,0.655610565799215,0.136,0.051,1,"5","AL139260.1"
0.00106357078752868,0.511089172828448,0.272,0.136,1,"5","AL645941.2"
0.00106717613243549,0.268394210375725,0.519,0.317,1,"5","EPHX1"
0.0010672817221146,0.862435498231525,0.111,0.038,1,"5","IQGAP2"
0.00106998390288101,0.29724562836959,0.222,0.1,1,"5","ALG8"
0.00107610163558012,0.364079315979733,0.407,0.234,1,"5","COA4"
0.00108652942006546,0.487736591429123,0.198,0.086,1,"5","PGAM5"
0.00109125805096063,0.366464577491326,0.346,0.187,1,"5","TNFRSF12A"
0.0011045296211974,0.273384294353765,0.444,0.243,1,"5","AL139095.4"
0.00110741432156477,0.57842254396249,0.222,0.104,1,"5","BAG4"
0.00110783549182876,0.971740171120822,0.148,0.059,1,"5","SLX1B"
0.00110838396799328,1.03032982276899,0.222,0.102,1,"5","HIST2H2AA3"
0.00111403016395004,0.299637551821483,0.58,0.373,1,"5","ERGIC3"
0.00111655694393763,1.02440022570833,0.111,0.038,1,"5","RGL3"
0.00111910073129273,0.302970440200179,0.395,0.222,1,"5","FAM107B"
0.00111979294058928,0.383839533165538,0.481,0.283,1,"5","AL162258.1"
0.00112292948026757,0.81161195872549,0.173,0.072,1,"5","FEM1A"
0.00112962889844801,0.288652612691895,0.827,0.559,1,"5","RAN"
0.00113086522499186,0.330533710525167,0.37,0.205,1,"5","SMIM7"
0.00113306589170939,0.686077155311503,0.136,0.051,1,"5","NBEAL2"
0.00113408597803389,0.636932204082314,0.259,0.13,1,"5","FZR1"
0.00113422331491913,0.915242207852954,0.272,0.143,1,"5","R3HDM4"
0.00113677390490839,0.258037213234221,0.432,0.243,1,"5","GIMAP1-GIMAP5"
0.00113702701999684,0.756812531425215,0.111,0.038,1,"5","CERS6-AS1"
0.00113959657892145,0.497609868116099,0.259,0.123,1,"5","RPL21P93"
0.00114875590235955,0.384485560667635,0.321,0.169,1,"5","CEBPG"
0.00115381532032417,0.417120264124096,0.284,0.143,1,"5","ZNF436"
0.00116064534159935,0.267884814589363,0.827,0.575,1,"5","RPLP0P6"
0.00117022698008339,0.312329802393601,0.593,0.382,1,"5","LMAN2"
0.00117715008832703,0.488607584312032,0.383,0.216,1,"5","ZNF639"
0.00118149219600874,0.506311398296887,0.222,0.103,1,"5","PGPEP1"
0.00119005452036593,0.29092914862286,0.432,0.242,1,"5","AC006441.3"
0.00119737355502038,0.352034326459677,0.259,0.127,1,"5","RGS12"
0.00120846323937512,0.406077285428541,0.284,0.143,1,"5","MAMDC4"
0.00120900032351135,0.71052436865112,0.21,0.097,1,"5","AL391650.1"
0.00121786981002784,0.652934471683918,0.21,0.096,1,"5","ZCCHC2"
0.00122369999327349,0.393906069682079,0.222,0.103,1,"5","TRABD"
0.00122380474169949,1.1609612831239,0.111,0.039,1,"5","RINT1"
0.00122470050444151,0.492817594902982,0.16,0.065,1,"5","GSEC"
0.00122652476194815,0.434688487397287,0.333,0.178,1,"5","CHFR"
0.00122825258343809,0.772582468880384,0.16,0.065,1,"5","AC068631.3"
0.00122993007708864,0.674215039769724,0.247,0.121,1,"5","CLEC2B"
0.00123441280048526,0.317405598314677,0.346,0.186,1,"5","YTHDF2"
0.0012350494858454,0.400883518240377,0.333,0.182,1,"5","MSL3"
0.00123793620012736,0.604094077495073,0.272,0.136,1,"5","RNPEP"
0.00124446457190429,0.378552121275738,0.309,0.166,1,"5","BST1"
0.00124447091742015,0.489564047436639,0.185,0.079,1,"5","AL662884.2"
0.00124880445660029,0.576150303700347,0.296,0.163,1,"5","ZKSCAN1"
0.00125345723721375,0.56374610005485,0.321,0.168,1,"5","GOLGA8B"
0.00125879580644176,0.448141575248826,0.395,0.223,1,"5","PROCR"
0.00126406220855807,1.26635569219799,0.123,0.046,1,"5","SLA"
0.00126948260415536,0.305893510519313,0.383,0.213,1,"5","MAP3K11"
0.00127095017350759,0.364873504841753,0.58,0.36,1,"5","JTB"
0.00127360265417842,0.300866707787416,0.469,0.275,1,"5","C16orf72"
0.00127431636371571,0.559338306006582,0.21,0.096,1,"5","AC007780.1"
0.00129213352494704,0.30813768828376,0.235,0.11,1,"5","PPP1R13L"
0.00129537422847219,0.86727030531584,0.235,0.119,1,"5","C4orf19"
0.0013103721823049,0.553248686093447,0.309,0.162,1,"5","BAZ2A"
0.00131644086279186,0.272191606156762,0.407,0.234,1,"5","ECPAS"
0.00131727385766844,0.27522744938177,0.481,0.269,1,"5","LRTOMT"
0.00132152075140455,0.868521559070877,0.148,0.059,1,"5","CXCL3"
0.00132823397827574,0.524776377877095,0.198,0.088,1,"5","CDK6"
0.00133732848757747,0.577952038035503,0.222,0.105,1,"5","ITGA6"
0.00134228827382958,0.511247283658953,0.247,0.119,1,"5","CCNK"
0.00134997732392154,0.289299898113737,0.457,0.262,1,"5","HM13-AS1"
0.00135275661280916,0.492852135751879,0.247,0.121,1,"5","TMCO4"
0.00136370322070982,0.547381226352855,0.16,0.065,1,"5","RGMB"
0.00136414382625736,0.278292899395491,0.383,0.213,1,"5","PURB"
0.00136434492993549,0.510269450477405,0.284,0.145,1,"5","AC008760.1"
0.00136621475541956,0.362063522176116,0.284,0.142,1,"5","ZNF263"
0.0013713700384256,0.398686783007907,0.407,0.229,1,"5","CYTH1"
0.00137207142334817,0.353032640382328,0.519,0.321,1,"5","BZW1"
0.00137361632813275,0.273064028056299,0.914,0.715,1,"5","GNAI2"
0.00137845488776574,0.374304684267011,0.284,0.145,1,"5","PSMD10"
0.00138143028512939,0.373555228261599,0.383,0.213,1,"5","TRIM5"
0.00139003173310138,0.32769716169323,0.469,0.27,1,"5","MOB4"
0.00139535525168167,0.757677558792169,0.259,0.134,1,"5","PTGS1"
0.00139975428327599,0.554981438141108,0.123,0.045,1,"5","ASB7"
0.00140857473528016,0.430305843086115,0.296,0.156,1,"5","REPS1"
0.00141047742818946,0.945370395199239,0.198,0.092,1,"5","INTS8"
0.00141135210672063,1.03094472687065,0.148,0.06,1,"5","SLC35G2"
0.00141545810975629,0.547696258912689,0.222,0.104,1,"5","SDHAP1"
0.00141686876191883,0.272841709604062,0.963,0.819,1,"5","SYN1"
0.00141974915133419,0.450815324814954,0.247,0.121,1,"5","CAPN10"
0.00142017514601275,0.287126840636937,0.506,0.293,1,"5","MRC1"
0.00143382525195199,0.646545887817184,0.309,0.165,1,"5","UBE2Q2"
0.0014402851303928,0.530856661529729,0.432,0.254,1,"5","TSPAN31"
0.00144181355038937,0.879935712979049,0.173,0.074,1,"5","RADIL"
0.00144634600775705,0.363729978272972,0.556,0.362,1,"5","POSTN"
0.00144671783060682,0.252225843067643,0.469,0.269,1,"5","AL136295.1"
0.00145253130659044,1.15958540154095,0.136,0.053,1,"5","HSPA6"
0.00145866943133011,0.926504592036348,0.148,0.059,1,"5","CD38"
0.00145883531774328,0.469885425603263,0.309,0.163,1,"5","ZBTB7B"
0.00145913198027331,0.291579146858905,0.309,0.163,1,"5","TRIM22"
0.00146146877314723,0.463179529783081,0.222,0.104,1,"5","AC004824.1"
0.00146169683917877,0.253461924483695,0.481,0.289,1,"5","EZR"
0.0014632570459363,0.282906514124239,0.21,0.096,1,"5","ZNHIT6"
0.00147164732154644,0.481395770647065,0.272,0.136,1,"5","CBR1"
0.00147533246836238,0.37935303379275,0.296,0.151,1,"5","LIG3"
0.00147876913571267,0.290663027197505,0.321,0.168,1,"5","PLAUR"
0.00148096026734368,0.734417608111593,0.259,0.131,1,"5","POLRMT"
0.00148970197350313,0.710354792419709,0.358,0.199,1,"5","RPS26P6"
0.00150030867584254,0.434112703824963,0.519,0.326,1,"5","6-Mar"
0.00150373403788651,0.788600021410158,0.136,0.053,1,"5","BMF"
0.0015089454591447,0.859960167000383,0.222,0.107,1,"5","8-Mar"
0.00151095795030977,0.578708482479824,0.272,0.139,1,"5","MTHFD2"
0.00153404467238056,0.830418714301608,0.296,0.167,1,"5","HMOX1"
0.00154573647240252,0.663717382252644,0.111,0.039,1,"5","AVIL"
0.00154671735291352,0.421990439487566,0.383,0.217,1,"5","CCDC92"
0.00154948321956359,0.583167721005605,0.296,0.158,1,"5","BTD"
0.00155197668319873,0.316874588877332,0.235,0.111,1,"5","EPG5"
0.00155637160988441,1.13343757828849,0.173,0.077,1,"5","ZNF142"
0.00156311658858707,0.61471487773818,0.16,0.067,1,"5","APCDD1"
0.00156913679759383,0.740029233259588,0.173,0.074,1,"5","TMF1"
0.00157148443089979,0.517812154829048,0.235,0.112,1,"5","SH2B3"
0.00157422999797804,0.28843321272931,0.444,0.258,1,"5","PRXL2A"
0.00157449669857175,0.40489608898063,0.333,0.181,1,"5","PCGF3"
0.00158537553570331,0.539729121515921,0.346,0.193,1,"5","GTF2A2"
0.00158570810930827,0.595995237870938,0.235,0.113,1,"5","AC016825.1"
0.00158766081220023,0.5181848558574,0.42,0.253,1,"5","SIRT2"
0.00159760457425893,0.488469331511766,0.235,0.112,1,"5","DOLK"
0.00159795107251073,0.374595105149058,0.222,0.103,1,"5","PIGS"
0.00160069960141648,0.262491395286833,0.16,0.066,1,"5","PRMT7"
0.00160149851837295,0.270871939366011,0.198,0.088,1,"5","SGIP1"
0.00160832280152898,0.504046967375698,0.21,0.098,1,"5","ABCF3"
0.00161109785034921,0.289101697953567,0.506,0.303,1,"5","EIF1AX"
0.00161229191117939,0.947598162844964,0.16,0.068,1,"5","RNF166"
0.00161338468084992,0.507960190474745,0.284,0.145,1,"5","DHRS4L2"
0.00162853151793056,0.278239824499498,0.691,0.443,1,"5","SERPINE1"
0.0016304363981464,0.317805983640762,0.617,0.399,1,"5","BLOC1S1"
0.00163224888608998,0.943666003079227,0.111,0.04,1,"5","AC020659.1"
0.00163471535087595,0.557593161922411,0.222,0.108,1,"5","LIMK2"
0.00163672355261222,0.261548903904929,0.259,0.126,1,"5","A2ML1-AS1"
0.00164369261115257,0.532504564949867,0.123,0.045,1,"5","ZNF780A"
0.00164524252714785,0.724735000075426,0.272,0.141,1,"5","CARS"
0.00165068726264361,0.513549834776454,0.358,0.196,1,"5","GLRX2"
0.00165842030829149,1.30010307468804,0.111,0.04,1,"5","SULT1A1"
0.00166009968805336,1.05380827842721,0.136,0.054,1,"5","GLDN"
0.00166363528242196,0.668019416988684,0.136,0.052,1,"5","ZNF766"
0.00166673452820918,0.335724548395891,0.284,0.141,1,"5","AC015922.3"
0.0016681178378601,0.764582592510576,0.222,0.108,1,"5","FTSJ1"
0.00168123382690342,0.323114056764252,0.37,0.206,1,"5","USP39"
0.00168375433113118,0.276857894564668,0.321,0.165,1,"5","PAIP1"
0.00168549429747146,0.484069110601608,0.185,0.081,1,"5","HOTAIRM1"
0.0016870023473527,0.327646141668383,0.407,0.237,1,"5","CDK2AP2"
0.001689021138689,0.529520692875752,0.247,0.12,1,"5","EMILIN2"
0.001689454159354,0.319853590003752,0.21,0.097,1,"5","FHOD1"
0.00170424700625993,0.346301403354294,0.543,0.335,1,"5","SGCE"
0.00171002066500045,0.624912551290664,0.16,0.068,1,"5","CLEC7A"
0.00171137429345609,0.2873046436848,0.469,0.275,1,"5","FP565260.2"
0.00171925807518097,0.61979537049562,0.21,0.096,1,"5","POLG"
0.00171944248311665,0.295516316674495,0.531,0.331,1,"5","CHMP5"
0.00173357665994415,0.550776760766224,0.284,0.152,1,"5","ADPGK"
0.00173406505437198,0.401905962449795,0.198,0.087,1,"5","MYLPF"
0.00175052048467695,0.487384898669617,0.21,0.097,1,"5","AP001267.3"
0.00175693055408656,0.485218372303082,0.16,0.067,1,"5","YJU2"
0.00175814688990491,0.253328820188685,0.333,0.174,1,"5","ACBD6"
0.00176284588373549,0.538800808065155,0.284,0.15,1,"5","FBH1"
0.00177185294984946,0.78428286759992,0.198,0.091,1,"5","AC244517.10"
0.00178166610184496,0.830206019923061,0.136,0.054,1,"5","AC020659.2"
0.00180350537674927,1.17114080218028,0.111,0.04,1,"5","RSPH3"
0.00181013094944566,0.655704684793757,0.173,0.076,1,"5","ZNF254"
0.0018132814916039,0.425010508385084,0.358,0.197,1,"5","MCFD2"
0.00181580190832378,0.39214637068589,0.333,0.184,1,"5","TWIST2"
0.00182198600385968,0.916112131673092,0.136,0.055,1,"5","CASP10"
0.00182267348500991,0.363640628918696,0.272,0.137,1,"5","MGAT4B"
0.00182530252908195,0.255332603579858,0.975,0.847,1,"5","RARRES1"
0.0018312699434252,0.488968612591644,0.21,0.096,1,"5","SYCP3"
0.00183293569869262,0.423740650923651,0.284,0.149,1,"5","TCTA"
0.00184579722224756,0.716382402815098,0.198,0.091,1,"5","SPC24"
0.00184804589316005,0.347956637654221,0.506,0.319,1,"5","AC078927.1"
0.00185714439492026,1.02463132698846,0.185,0.086,1,"5","FILIP1"
0.00187162506625039,0.275290830597694,0.383,0.217,1,"5","ENKD1"
0.00187202862905138,0.325312325194889,0.272,0.139,1,"5","PIGX"
0.00187563135161588,1.24194164569293,0.148,0.063,1,"5","PTPN6"
0.00187915290205527,0.270369399145189,0.667,0.447,1,"5","MT1M"
0.001883011017604,0.410603503408375,0.222,0.106,1,"5","TUSC3"
0.00189073483227634,0.978124042280804,0.148,0.061,1,"5","HARS2"
0.0018973330304967,0.546284398151541,0.21,0.099,1,"5","AL590627.2"
0.00189976054698163,0.2707023748999,0.469,0.271,1,"5","IPO7"
0.00190419490935952,0.469457105445163,0.284,0.149,1,"5","CD68"
0.00191302264196732,0.343105436240933,0.247,0.121,1,"5","Z84488.2"
0.00193975017971282,0.466371528496398,0.346,0.19,1,"5","GATD3B"
0.00194651034924233,0.292897100604516,0.309,0.159,1,"5","PSMB10"
0.00194866135506021,0.298806969581108,0.383,0.211,1,"5","HIF1A"
0.00195312965605502,0.270310310412444,0.506,0.313,1,"5","C9"
0.00195499834537179,0.508432937019094,0.16,0.068,1,"5","AP000873.2"
0.00196014466884869,0.442024848446017,0.173,0.075,1,"5","LRRK1"
0.0019665051857145,0.284307183078647,0.222,0.104,1,"5","PHKG2"
0.0019702056624514,0.300061584464369,0.247,0.122,1,"5","DMAC2"
0.00197197091081925,0.687692478448804,0.272,0.142,1,"5","TRAFD1"
0.00198673282846414,0.723642546404664,0.136,0.054,1,"5","ZBTB6"
0.00199200918550778,0.409256617862793,0.42,0.24,1,"5","CD37"
0.00199780535185355,0.422621396168413,0.284,0.146,1,"5","KATNA1"
0.00201351455584651,0.415040060647452,0.296,0.159,1,"5","METTL21A"
0.00201876040379542,0.741880846783519,0.16,0.067,1,"5","AC010619.2"
0.00202916912675011,0.840694890951811,0.111,0.04,1,"5","TM4SF18"
0.00203211690747897,0.86337849889949,0.21,0.101,1,"5","AAAS"
0.00204195522249602,0.313991017103894,0.247,0.121,1,"5","POMGNT2"
0.0020576222776217,0.658512942322127,0.16,0.069,1,"5","B9D1"
0.00205835262578041,0.423208693053273,0.383,0.223,1,"5","AC007216.4"
0.00205954135197544,0.310005478208617,0.444,0.271,1,"5","MOAP1"
0.00205978456661623,0.254635816941391,0.432,0.249,1,"5","N4BP1"
0.0020737379163075,0.502547706734707,0.148,0.06,1,"5","AC007920.2"
0.0020792736023447,0.575512076688091,0.321,0.183,1,"5","MMP24OS"
0.00210934296707693,0.745914089852562,0.185,0.085,1,"5","LSP1"
0.0021149320559771,0.356904114200275,0.296,0.156,1,"5","PTPN9"
0.00211574915263875,0.452023782303942,0.198,0.091,1,"5","SECTM1"
0.00211759912587541,0.846347572710281,0.222,0.112,1,"5","TOMM40"
0.0021208317607998,0.451628744531711,0.42,0.253,1,"5","SNRPA"
0.00212408204820331,0.251049487975193,0.309,0.161,1,"5","RALBP1"
0.00214553238938743,0.313970026068105,0.296,0.156,1,"5","LSM6"
0.00214763434652626,0.530870473889426,0.37,0.212,1,"5","EBNA1BP2"
0.00218129356268924,0.555162929186516,0.309,0.168,1,"5","AD000671.1"
0.00219213622083444,0.423518046734613,0.272,0.139,1,"5","NEGR1"
0.00219358932100662,0.322131534513571,0.494,0.295,1,"5","CMTM3"
0.00219485876577229,0.484515540200904,0.198,0.092,1,"5","ZNF91"
0.00220202040152949,0.421431373278355,0.346,0.196,1,"5","KAT2B"
0.00220403658092962,0.319647352718256,0.222,0.11,1,"5","ASPSCR1"
0.00220635211949278,0.418128843324995,0.173,0.075,1,"5","USP3"
0.00221746492880836,0.260695606542842,0.642,0.425,1,"5","UBXN11"
0.00223438178597203,0.318753179820756,0.407,0.24,1,"5","RPS24P8"
0.00223968536517715,0.379678804770464,0.321,0.175,1,"5","SH3BP5"
0.00223985519928512,0.494653995144997,0.198,0.092,1,"5","RIPOR3"
0.0022439033467941,0.510009178244824,0.16,0.068,1,"5","LXN"
0.0022455152752445,1.13378468763455,0.16,0.071,1,"5","CLEC10A"
0.00226106087282393,1.10624990174877,0.111,0.041,1,"5","SLC16A5"
0.00227075843057946,0.957331660972276,0.111,0.041,1,"5","AC007998.3"
0.0022737233962266,1.02204989878174,0.111,0.041,1,"5","HOXD8"
0.00228153450140799,0.32148995954235,0.284,0.15,1,"5","NXPE3"
0.00228488120412105,0.320945986847224,0.37,0.211,1,"5","ARHGAP10"
0.00230355848067166,0.397385471321827,0.284,0.152,1,"5","ANKRD12"
0.0023035881236606,0.268261924384499,0.309,0.166,1,"5","ASNSD1"
0.00230744122776705,0.958565474328948,0.136,0.055,1,"5","AC011481.2"
0.00231083926193545,0.802548229460145,0.148,0.062,1,"5","MYO1F"
0.00231507146525361,0.444079191894474,0.235,0.116,1,"5","CEP128"
0.00231541597947276,0.589511190178614,0.185,0.085,1,"5","NEK3"
0.00231609790979006,0.604076547899014,0.247,0.127,1,"5","DOK2"
0.0023182689638557,0.343473336399226,0.58,0.355,1,"5","GSTK1"
0.00231928146642573,0.372436122379428,0.284,0.149,1,"5","ARMC10"
0.00233031186972654,0.472929499584308,0.185,0.083,1,"5","PPP1R3D"
0.00234356889069543,0.388607766112512,0.432,0.255,1,"5","HBEGF"
0.00234970192546951,0.829716558030737,0.123,0.048,1,"5","HDAC8"
0.00235447458912822,0.575067857032661,0.185,0.083,1,"5","PPT2"
0.00235812978941294,0.275452368929609,0.346,0.189,1,"5","EVL"
0.00235926258804326,0.635530610335226,0.148,0.062,1,"5","MKS1"
0.00235979808685876,0.449428928792236,0.222,0.106,1,"5","RPS7P10"
0.00237334130999721,0.607541537601994,0.148,0.062,1,"5","PAAF1"
0.0023752389482198,0.702471981765644,0.173,0.076,1,"5","RPL23AP74"
0.00237693682737043,0.387657173362868,0.457,0.277,1,"5","COPB2"
0.00237848061516421,0.270805021307001,0.852,0.647,1,"5","CXCL12"
0.00238178546430247,0.349946950226331,0.321,0.179,1,"5","ENPP4"
0.00239549821076606,0.491291255738387,0.296,0.161,1,"5","BOLA1"
0.00239862009248063,0.668696517746508,0.16,0.07,1,"5","RTN4IP1"
0.00240262657446063,0.814469919009458,0.123,0.048,1,"5","NOP56P1"
0.00240490579795838,0.832055523842174,0.111,0.04,1,"5","AC091982.1"
0.0024091928247952,1.0389412803856,0.136,0.055,1,"5","PTPRJ"
0.00240927218381944,0.250770059698202,0.222,0.106,1,"5","SMIM41"
0.00241792910890852,0.260874220768084,0.296,0.154,1,"5","AL136419.1"
0.00242704213879487,0.635337966434012,0.136,0.055,1,"5","E2F6"
0.00244345164977064,0.377448507063271,0.333,0.184,1,"5","P2RX1"
0.0024453142667774,0.324766249925636,0.481,0.296,1,"5","CTSH"
0.00246846759270746,0.527632566883673,0.123,0.047,1,"5","SLC1A1"
0.00247459870912837,0.532767022208034,0.148,0.062,1,"5","MOB3B"
0.00248995800630572,0.697187937974946,0.37,0.215,1,"5","SNAPIN"
0.00249000320337308,0.413539886002671,0.309,0.173,1,"5","RHBDF2"
0.0024947027427431,0.45703736954239,0.21,0.099,1,"5","HNRNPA1L2"
0.00250208490315431,0.570136928399827,0.247,0.126,1,"5","MOB1B"
0.00250992936283006,0.771559835083277,0.148,0.062,1,"5","AC099789.1"
0.00252647774481516,1.08790309039444,0.123,0.048,1,"5","LINC00595"
0.00252991442252065,0.33389326038721,0.593,0.389,1,"5","ATP1A1-AS1"
0.00253514901217664,0.276522345041025,0.198,0.091,1,"5","CHD1"
0.00253628340625514,0.410788505379451,0.42,0.251,1,"5","HSD17B12"
0.00253874274642907,0.303693554358979,0.556,0.359,1,"5","MESD"
0.00254100951812894,1.43771538522755,0.16,0.072,1,"5","WDYHV1"
0.00255538682985139,0.614513436993547,0.136,0.055,1,"5","AC005786.3"
0.00256849322493881,0.458711887158366,0.321,0.177,1,"5","DENND3"
0.00258168017921659,0.43578417673401,0.21,0.099,1,"5","AC111194.2"
0.00258169850433481,0.307941669647489,0.309,0.171,1,"5","SIL1"
0.00258898909492907,0.743201194370516,0.173,0.077,1,"5","AC011511.1"
0.00260145162272948,0.275855689054008,0.37,0.212,1,"5","AAMP"
0.00260697735021015,0.738146896642053,0.136,0.055,1,"5","FAM124A"
0.00260724137227167,0.394496338166446,0.481,0.291,1,"5","UBE2G2"
0.00262266744640805,0.276414909397411,0.346,0.197,1,"5","PPIE"
0.00263045149441178,0.622574112747675,0.235,0.118,1,"5","CCDC88C"
0.00263964999506284,0.362203466780678,0.321,0.176,1,"5","MAPRE1"
0.00264343799814066,0.708389088246007,0.148,0.063,1,"5","STYXL1"
0.0026557402359533,0.780539177700897,0.198,0.095,1,"5","PHRF1"
0.002656883855185,0.547845011457597,0.173,0.076,1,"5","G0S2"
0.00267683917589157,0.316800262528665,0.519,0.33,1,"5","OSBPL9"
0.00271441711412778,0.362610084736666,0.259,0.135,1,"5","ZFYVE16"
0.00271848977641305,0.441354858785225,0.346,0.194,1,"5","PLLP"
0.0027250797327611,0.540285600770677,0.21,0.1,1,"5","ENTPD6"
0.00273203461355469,0.744429380636282,0.111,0.041,1,"5","NPIPA5"
0.00273301746641694,0.413088940142668,0.259,0.132,1,"5","TBC1D14"
0.00274155275078303,0.450592933724475,0.272,0.142,1,"5","TRIP10"
0.00274579364213615,0.724781723748753,0.136,0.056,1,"5","GARNL3"
0.00277281499216341,0.484588309811569,0.185,0.084,1,"5","TRAF3IP1"
0.00277443717042494,0.786423312242108,0.37,0.209,1,"5","PDHA1"
0.00277739414270896,0.914694689220394,0.259,0.146,1,"5","AC005833.1"
0.0027842724599349,0.680995003015312,0.136,0.055,1,"5","NEURL2"
0.00278692530852743,0.404543893031762,0.309,0.168,1,"5","OSGEP"
0.00281469178174155,0.696820062852519,0.148,0.064,1,"5","PC"
0.00281722887038779,0.350346043011358,0.358,0.204,1,"5","SNRNP35"
0.00281914845992477,0.609503812702066,0.148,0.062,1,"5","NRBF2"
0.00282053566908935,0.329944994553543,0.21,0.1,1,"5","DPH1"
0.00282816411397815,0.290787043638621,0.247,0.124,1,"5","CWC22"
0.0028296134686529,0.596663898487791,0.235,0.118,1,"5","SNW1"
0.00283138590356458,0.389368742798555,0.333,0.186,1,"5","MT-TT"
0.00284859360252214,0.4854685155522,0.259,0.137,1,"5","SNAI2"
0.00285104652026266,1.00694635367794,0.123,0.049,1,"5","SLC6A6"
0.00285178499782375,1.06155948059677,0.111,0.042,1,"5","WAS"
0.00285485169924591,0.531890160339504,0.247,0.13,1,"5","POLR3GL"
0.00288395877814782,0.534649050244417,0.136,0.055,1,"5","RASSF9"
0.00288562686736563,0.350803685145575,0.321,0.175,1,"5","FKBP10"
0.00288837197161096,0.595355906630867,0.136,0.055,1,"5","AC090771.2"
0.00288848433731556,0.309943796495927,0.617,0.398,1,"5","AC116049.2"
0.00289331109885476,0.369231514058821,0.296,0.161,1,"5","ERMP1"
0.00289488795359008,0.323642238187971,0.309,0.166,1,"5","CHCHD7"
0.0029052606432888,0.927829066596051,0.123,0.049,1,"5","MS4A14"
0.00290737094102164,1.1892671661541,0.111,0.042,1,"5","AL035530.2"
0.00291438849528147,0.314050996161883,0.358,0.202,1,"5","TOMM5"
0.00292601065658497,0.378247227483782,0.296,0.162,1,"5","HPF1"
0.00293447358464504,0.421874578243288,0.173,0.079,1,"5","CPNE8"
0.00295429928302404,0.271619504837228,0.272,0.14,1,"5","EEF1A1P25"
0.0029656956629146,0.545259716869095,0.21,0.102,1,"5","PHGDH"
0.00296684552402283,0.388034010212957,0.444,0.279,1,"5","CHSY1"
0.0029743664196502,0.255781883151941,0.235,0.115,1,"5","NEDD4"
0.00298304172807269,0.437062435514466,0.383,0.222,1,"5","YKT6"
0.00298592146277552,0.28857797122654,0.284,0.15,1,"5","CARM1"
0.0029957678565735,0.31846209612487,0.778,0.54,1,"5","ARL2-SNX15"
0.00299936020366949,0.388731640980612,0.284,0.151,1,"5","RPS6KA4"
0.00300020926996665,0.462965646181269,0.198,0.094,1,"5","UMPS"
0.00300150843844967,0.520095969822157,0.247,0.127,1,"5","TCP11L1"
0.00302058084449602,0.335474852823506,0.37,0.217,1,"5","DOCK6"
0.00307063640871853,0.430508585766476,0.37,0.211,1,"5","CD302"
0.00308326610208361,0.622975443041422,0.136,0.055,1,"5","AL121758.1"
0.00308994792479837,0.333054334145609,0.407,0.239,1,"5","IDH1"
0.00310075429515805,0.413866766173237,0.272,0.144,1,"5","GAB2"
0.00312008767066531,0.75375147950908,0.173,0.079,1,"5","RBBP9"
0.00313275859316672,0.268308369501219,0.247,0.125,1,"5","GALC"
0.00313501906195407,0.313878124848231,0.272,0.147,1,"5","GATA2"
0.00313855587763529,0.358958598142073,0.309,0.17,1,"5","MFSD12"
0.00314430743090087,0.401304990655289,0.21,0.099,1,"5","ZNF593"
0.00315532990003971,0.74477097997252,0.111,0.042,1,"5","ZNF493"
0.00315981541654493,0.518432960959632,0.198,0.094,1,"5","MINK1"
0.00316662183061656,0.404935890563631,0.494,0.312,1,"5","NASP"
0.00318165540934068,0.277087025295907,0.556,0.365,1,"5","KANK3"
0.00318936765286827,0.6427013402788,0.173,0.078,1,"5","PLIN5"
0.00319197059648035,1.06815164131959,0.123,0.05,1,"5","ARHGAP30"
0.00319660464400863,0.379538829355471,0.346,0.194,1,"5","KCNE4"
0.00320156062468108,0.266143203107896,0.506,0.319,1,"5","SAMHD1"
0.00321258360330109,0.326785458082801,0.407,0.237,1,"5","ARHGAP12"
0.00323585514165122,0.265244670482196,0.136,0.055,1,"5","CERS6"
0.00325365997316534,0.857641820364377,0.148,0.063,1,"5","AC007182.2"
0.00326174535278847,0.252462835403507,0.346,0.192,1,"5","AC068234.1"
0.00327539753765978,0.472791806690518,0.247,0.127,1,"5","NUP205"
0.00329744340263097,0.295302750850261,0.605,0.38,1,"5","AL024498.2"
0.00330085526281044,0.37762449746728,0.395,0.23,1,"5","AZI2"
0.00331279007269275,0.259785051168879,0.63,0.42,1,"5","TGFBI"
0.00332756216579208,0.83149951078358,0.136,0.057,1,"5","ICA1L"
0.00333792657121726,0.969067643320179,0.136,0.057,1,"5","FTH1P2"
0.00333904001608815,0.573502139864595,0.235,0.118,1,"5","HELZ"
0.00334839149959174,0.591026252403432,0.235,0.121,1,"5","CAB39L"
0.00338244385514834,0.286851158601912,0.42,0.245,1,"5","NAXD"
0.00338673074712393,0.510817883864646,0.173,0.079,1,"5","MTERF3"
0.00341079166590466,1.08177014143482,0.111,0.043,1,"5","ERF"
0.00341374909794156,0.320232825918392,0.16,0.07,1,"5","CMAS"
0.0034139587289559,0.463503780498093,0.272,0.145,1,"5","CCNDBP1"
0.00341830847819976,0.275644327974836,0.531,0.343,1,"5","C9orf78"
0.00343295404232947,0.390184879388491,0.395,0.24,1,"5","SUCLG2"
0.0034337010933984,0.311245088841046,0.21,0.101,1,"5","COG7"
0.0034650920412502,0.275369831217597,0.506,0.319,1,"5","DUT"
0.00348575124734522,0.724289434688993,0.136,0.057,1,"5","ZBED5-AS1"
0.00349290676451041,0.440749610257507,0.395,0.234,1,"5","MARK4"
0.0034986614696862,0.630185079550085,0.136,0.056,1,"5","THUMPD3"
0.00351481060036638,0.396992724783602,0.148,0.063,1,"5","ACOX3"
0.00352172584840994,0.333794442011636,0.21,0.101,1,"5","RIC3"
0.00352653269798234,0.89930769399883,0.111,0.043,1,"5","TMEM170B"
0.00353543432937276,0.772596497261099,0.148,0.066,1,"5","CDK5"
0.00353798402323176,0.427780198101083,0.198,0.094,1,"5","ARPIN"
0.0035545222953754,0.31665021508771,0.185,0.088,1,"5","AC093278.2"
0.00357533795291044,0.438412980383325,0.235,0.121,1,"5","TMEM134"
0.00358249900429325,0.40067847631868,0.259,0.137,1,"5","C7orf26"
0.00360119021702365,0.566227720300723,0.296,0.165,1,"5","AP001107.3"
0.0036044059951527,0.731651220709846,0.16,0.073,1,"5","RGS19"
0.00360726065673892,0.346630215198736,0.37,0.222,1,"5","TRIB1"
0.00362701264574134,0.413937944547662,0.444,0.285,1,"5","ELOVL1"
0.00363501571689225,0.293706097798848,0.21,0.101,1,"5","AC008761.1"
0.00365429931727362,0.282351713172528,0.346,0.192,1,"5","AC087393.2"
0.00365573535814725,0.323031040192187,0.296,0.162,1,"5","RASSF1"
0.00366098645579857,0.533358299718286,0.21,0.104,1,"5","OSTF1"
0.00369132970702617,0.576833770301466,0.148,0.064,1,"5","AC005523.2"
0.00369155226250545,0.335133522433023,0.383,0.231,1,"5","NBPF19"
0.00370489934576892,0.918692037872467,0.136,0.057,1,"5","RAPGEF6"
0.00370851132940733,1.04581364481058,0.123,0.051,1,"5","SAMSN1"
0.00372363212508224,0.535271373552134,0.198,0.095,1,"5","FBXO33"
0.00372820814705364,0.436229404743902,0.457,0.277,1,"5","HCP5"
0.00373285345629498,0.420093713123611,0.321,0.18,1,"5","PDCD2"
0.00373747731931204,0.816278844621235,0.111,0.043,1,"5","GXYLT1"
0.00374684436235901,0.558006123250057,0.321,0.19,1,"5","C5AR1"
0.0037553475559995,0.386505723376659,0.247,0.127,1,"5","AC069213.3"
0.00378577371234929,0.353709676443311,0.272,0.144,1,"5","HPS3"
0.00379225163881679,0.939933477981757,0.136,0.058,1,"5","CHRM3"
0.00380170866428068,0.57873359562668,0.136,0.057,1,"5","NAGPA"
0.00381295186582248,0.321440528691439,0.247,0.13,1,"5","HAVCR2"
0.00382352929430825,0.251079087199213,0.272,0.141,1,"5","AC009690.2"
0.00383178087459868,0.302108659948986,0.741,0.54,1,"5","ARPC1B"
0.00384649613324324,0.753080286104514,0.148,0.065,1,"5","ZNF586"
0.00387951952250205,0.285174142211712,0.296,0.159,1,"5","KLHL24"
0.00389456140173908,0.362406995816156,0.222,0.11,1,"5","FARSA"
0.00390224355052237,0.406793205050955,0.198,0.093,1,"5","DLGAP1-AS1"
0.00390926674050344,0.359030136156661,0.309,0.17,1,"5","HOXD13"
0.00391780231718506,0.477863858522415,0.111,0.042,1,"5","MGAT3"
0.00393269433354624,0.367759130723956,0.185,0.088,1,"5","INPP5D"
0.00394875682058266,1.05427737204421,0.136,0.058,1,"5","CYP19A1"
0.00395096249126714,0.392460305542116,0.198,0.094,1,"5","FUNDC1"
0.0039565212998596,0.289912297159264,0.148,0.064,1,"5","DNAH11"
0.00397981172189996,0.555369380330357,0.284,0.154,1,"5","ADRA2C"
0.00398747284993881,0.356817528596562,0.247,0.13,1,"5","CYP2R1"
0.00398805988398746,0.977890312409902,0.235,0.129,1,"5","TPBG"
0.00399329174760144,0.501693608219545,0.185,0.086,1,"5","AC090543.2"
0.00400619051252461,0.450096354631304,0.173,0.079,1,"5","ZBTB21"
0.00403165977448639,0.387900725185986,0.185,0.086,1,"5","HNRNPA1P48"
0.00403736040500165,0.272318112193279,0.37,0.221,1,"5","KIF1B"
0.00405153143123629,0.416913529800537,0.284,0.157,1,"5","APOL6"
0.00406258766466845,0.536262191920871,0.148,0.066,1,"5","EHD3"
0.00406312551738859,0.30015207541924,0.383,0.227,1,"5","ARPC5L"
0.00407795798341225,0.391264511104495,0.21,0.103,1,"5","ABCF2.1"
0.00409262551487273,0.274517007424419,0.358,0.207,1,"5","NUAK1"
0.0041470372977012,0.359372290410715,0.333,0.189,1,"5","AL121871.1"
0.00417794376059477,1.03318695185707,0.173,0.082,1,"5","B3GNT2"
0.00417919277256244,0.53036311082596,0.222,0.112,1,"5","AC244197.3"
0.00417988437804077,0.67946044808705,0.148,0.066,1,"5","PHETA1"
0.00418279908746053,1.23959187653111,0.111,0.045,1,"5","FBXO16"
0.00418919295598998,0.435076693028942,0.16,0.071,1,"5","CAGE1"
0.0041924658162001,0.273539261308211,0.988,0.888,1,"5","IGFBP5"
0.00420913883664896,0.270543636124389,0.222,0.109,1,"5","GATD3A"
0.00421877010103372,0.329734227793253,0.235,0.12,1,"5","PTDSS2"
0.00422008781925837,0.413122646167707,0.321,0.186,1,"5","AC004691.2"
0.00422234041824826,0.480932282832,0.111,0.043,1,"5","CHL1"
0.00422304705519572,0.90795522361067,0.148,0.066,1,"5","TSPAN6"
0.00422917716294157,0.623512233088617,0.16,0.073,1,"5","SPATS2"
0.00423648237913597,0.735679587127886,0.123,0.05,1,"5","RHNO1"
0.00423851735591642,0.410115185964052,0.222,0.111,1,"5","TEX261"
0.00424592261542833,0.579240056735439,0.247,0.131,1,"5","MIR1244-3"
0.00426832099418244,0.371177532842062,0.543,0.341,1,"5","MBD3"
0.00427736111756257,0.788834224132193,0.148,0.066,1,"5","RTKN"
0.00430017955748382,0.393509366559816,0.16,0.071,1,"5","JAK2"
0.00430023148236079,0.540326281155239,0.173,0.081,1,"5","GPANK1"
0.00430436019087251,0.328241529789022,0.296,0.166,1,"5","USP24"
0.00430637652875644,0.3179196805487,0.222,0.113,1,"5","EVI5"
0.0043159897266908,0.251574475526686,0.543,0.347,1,"5","CALCOCO2"
0.00432403781110197,0.276419488669793,0.321,0.18,1,"5","TMEM131"
0.00432726907838558,1.1029298242606,0.16,0.074,1,"5","PABPC1L"
0.00433547511746928,0.743433977739288,0.136,0.057,1,"5","ATF6B"
0.0043411896068111,0.399906882354632,0.407,0.239,1,"5","AC253536.7"
0.00434960936810324,0.503797610243606,0.136,0.057,1,"5","NOTCH2NLA"
0.00435352460778976,0.863386427653077,0.136,0.058,1,"5","FAM135A"
0.00435688319763443,0.260348636040997,0.383,0.229,1,"5","CXXC1"
0.00435872790398236,0.430699228075829,0.42,0.257,1,"5","PRPF6"
0.0043603104938916,0.259853560457097,0.296,0.161,1,"5","TGIF1"
0.00436171512893623,0.404481409087879,0.259,0.138,1,"5","STK17A"
0.00436200486543299,0.459932014584827,0.272,0.147,1,"5","TRMT2A"
0.00438130698369861,0.432799350150163,0.296,0.166,1,"5","RNF168"
0.00440922669352839,0.364359931551747,0.506,0.335,1,"5","TMED4"
0.00441312808824321,0.261667287600593,0.16,0.072,1,"5","ARHGEF28"
0.00443246728651591,0.561399415248272,0.272,0.147,1,"5","TAPT1"
0.00443708083503452,0.634743223147152,0.247,0.131,1,"5","PXK"
0.00445824535571576,0.937986324245802,0.173,0.084,1,"5","CARD10"
0.00446012703694153,0.989221349663433,0.222,0.119,1,"5","AC010422.3"
0.00446603719407853,0.292143164351474,0.42,0.257,1,"5","CERK"
0.00447971601435546,0.263044479061526,0.444,0.27,1,"5","NELFE"
0.00449274684143491,0.294081013901429,0.284,0.154,1,"5","NOL11"
0.00449382032552323,0.678033704863843,0.123,0.051,1,"5","FJX1"
0.00451591657635141,0.534647080024735,0.37,0.228,1,"5","ABCA1"
0.00451636353947004,0.538226046036558,0.16,0.073,1,"5","FAM162B"
0.00455074724747282,0.773547191799551,0.111,0.044,1,"5","SEMA3E"
0.00455613143237666,0.29186146594431,0.222,0.11,1,"5","MAN2A2"
0.00456552321971108,0.40958436889975,0.198,0.095,1,"5","DACH1"
0.00457394859647595,0.909731935838778,0.136,0.059,1,"5","AC009133.4"
0.00458423803269616,0.321227855081535,0.321,0.187,1,"5","DLL4"
0.00459465060931795,0.447444017148571,0.16,0.073,1,"5","CYP7B1"
0.00460493259296455,0.323294591421512,0.222,0.113,1,"5","PARP4"
0.00463235613920531,0.455965314203594,0.136,0.057,1,"5","AL359736.1"
0.00464063879769483,0.312941822822446,0.37,0.218,1,"5","MID1IP1"
0.00465027611065915,0.250605238898786,0.951,0.755,1,"5","GPX1"
0.00466294249578831,0.494324203281302,0.136,0.058,1,"5","MORC4"
0.00467801331923629,0.859549995667557,0.111,0.044,1,"5","PRCD"
0.00468696334688364,0.421314452077537,0.21,0.105,1,"5","MAP1S"
0.00469505965611775,0.405044947583224,0.42,0.265,1,"5","PFDN4"
0.00470229889295265,0.354193379827245,0.346,0.204,1,"5","HEXA"
0.00470587055401056,0.327648532846747,0.309,0.175,1,"5","EMC2"
0.00470996186616806,0.699275527929133,0.198,0.098,1,"5","AL159163.1"
0.00472726624774347,0.422399979170551,0.173,0.08,1,"5","SLC46A1"
0.00472876696235801,0.54009409682778,0.185,0.089,1,"5","ALS2"
0.004730854188339,0.327847268265762,0.259,0.137,1,"5","PHF3"
0.0047446366426523,0.810821672295468,0.148,0.066,1,"5","MTHFS"
0.0047538291935306,0.475981302708009,0.235,0.123,1,"5","SNRNP40"
0.00477061012851806,0.487265726954477,0.259,0.141,1,"5","ZNF362"
0.00479037800737629,0.373818978078795,0.309,0.178,1,"5","ALPK1"
0.0047946198122898,0.472341478660137,0.111,0.043,1,"5","RF00006.1"
0.00481415392280362,0.297366477065027,0.654,0.447,1,"5","GBP2"
0.00481580167208219,0.293252442224571,0.296,0.164,1,"5","UQCC1"
0.00482278243906146,0.644955954043522,0.21,0.107,1,"5","BTN3A1"
0.00482986513626462,0.491677267534365,0.235,0.121,1,"5","DHX32"
0.00484536548911175,0.271294014729297,0.222,0.113,1,"5","PHAX"
0.00486079746586242,0.467123201123641,0.247,0.133,1,"5","DCAF11"
0.00486519086068103,0.578587265634499,0.148,0.065,1,"5","AC011472.2"
0.00487483566624992,0.338572627433932,0.21,0.105,1,"5","TARBP1"
0.00488628024443074,0.494599666668907,0.173,0.081,1,"5","ST7"
0.00489481195563981,0.643078823027317,0.16,0.074,1,"5","ARSG"
0.00490356112618587,0.70986943093167,0.136,0.058,1,"5","AC103740.1"
0.00490519273454876,1.15707952458846,0.123,0.052,1,"5","TTC32"
0.00491771990307995,0.813517084146938,0.16,0.075,1,"5","RPL7P26"
0.00494229437970609,0.386867083941527,0.395,0.253,1,"5","TIA1"
0.0049490295179323,0.260634572602326,0.247,0.128,1,"5","CHTF8"
0.00495402265994473,0.598134650507586,0.16,0.072,1,"5","IL15"
0.00497401041004859,0.302225093678957,0.123,0.05,1,"5","APOOL"
0.00498634189719511,0.416518135223981,0.148,0.066,1,"5","KPNA5"
0.00499450789252705,0.688923782080184,0.136,0.058,1,"5","POLR3A"
0.00499972806478181,0.359558894482446,0.222,0.114,1,"5","AC027309.1"
0.0050111876252954,0.269351799315754,0.198,0.096,1,"5","ANKRD33B"
0.00501775543257653,0.398039743556925,0.173,0.081,1,"5","AC091045.1"
0.00501857800248871,0.808413097767789,0.111,0.044,1,"5","SATL1"
0.0050194298194883,0.323984328815348,0.457,0.281,1,"5","TOR1AIP2"
0.00501997759462871,0.362968156521721,0.321,0.185,1,"5","ALDH1A2"
0.00502253256027156,0.315842547388788,0.21,0.105,1,"5","GABPB1"
0.00505911920608347,0.591718257887611,0.173,0.082,1,"5","AL035252.4"
0.00508328516011058,0.46698084984273,0.173,0.081,1,"5","AC027290.1"
0.00510177615968408,0.826132637299085,0.136,0.059,1,"5","SRXN1"
0.00510436480039645,0.51558380410577,0.123,0.05,1,"5","ENC1"
0.00510630374454295,0.324571368825745,0.346,0.206,1,"5","DNAJC9-AS1"
0.00513929602636537,0.250261888838544,0.432,0.261,1,"5","MS4A4A"
0.00515133467710757,0.360047296686973,0.198,0.097,1,"5","STARD8"
0.0051519997335119,0.550406559459116,0.111,0.044,1,"5","GTPBP10"
0.00515765236859421,0.384668621954479,0.21,0.105,1,"5","AC116353.4"
0.00516739136814466,0.459346421639903,0.136,0.058,1,"5","AL139353.1"
0.00517677780685319,0.258987986150031,0.346,0.196,1,"5","PSME3"
0.00519270933426424,0.295419955109515,0.259,0.138,1,"5","ANKRD35"
0.00519555015973007,0.347354889148528,0.173,0.081,1,"5","GCC2-AS1"
0.00520787899003748,0.282266947720802,0.235,0.124,1,"5","MCU"
0.0052184063997356,0.629229465534351,0.16,0.073,1,"5","PDRG1"
0.00522108006451455,0.31052671118562,0.259,0.141,1,"5","UVRAG"
0.00523280135048052,0.321839326369578,0.37,0.217,1,"5","AC093591.1"
0.00524921297012184,0.836582836227732,0.111,0.044,1,"5","RNFT1-DT"
0.00525864859110148,0.67319677270106,0.16,0.075,1,"5","AC010601.1"
0.00529990952992759,0.361908769030727,0.272,0.148,1,"5","E4F1"
0.00532749444695653,0.801959389390405,0.123,0.052,1,"5","PRKCE"
0.00538111741958407,0.603411813936221,0.222,0.116,1,"5","STK17B"
0.00538358301141484,0.449069001323,0.173,0.081,1,"5","PRKY"
0.00538914213591721,0.598773241693252,0.136,0.059,1,"5","AC104116.1"
0.00538994284552855,0.579853288842701,0.259,0.138,1,"5","ATXN2L"
0.00540200538096004,0.684377685493392,0.123,0.051,1,"5","ABCD1"
0.00542744092332361,1.0256694236965,0.21,0.107,1,"5","DNAJC9"
0.0054369149528575,0.281329483244419,0.309,0.173,1,"5","PPP1R11"
0.00544604249625842,0.678719300679045,0.235,0.126,1,"5","PNP"
0.00545129157174256,0.446501973346203,0.358,0.217,1,"5","AGAP3"
0.00545722877099523,0.410130292699953,0.296,0.166,1,"5","CBFB"
0.0054694192862053,0.483746517692948,0.148,0.066,1,"5","GZF1"
0.00548697590477061,0.250581880375858,0.605,0.408,1,"5","SIRPA"
0.00548770680695684,0.434997025839202,0.136,0.059,1,"5","C9orf64"
0.00552483081152206,0.514016576455884,0.173,0.082,1,"5","SLC7A7"
0.00553402617121191,0.255874600358844,0.407,0.241,1,"5","SDF2L1"
0.00554322443609086,0.305887684652797,0.198,0.096,1,"5","AC010976.1"
0.00556850934825956,0.36835746977641,0.247,0.131,1,"5","PEX16"
0.00560221357075503,0.55845883107711,0.173,0.081,1,"5","PBX2"
0.00560433891064961,0.265689612528672,0.21,0.106,1,"5","EP400"
0.00561055319625579,0.514541924644739,0.148,0.066,1,"5","H3F3C"
0.00561491389307275,0.372576923285392,0.21,0.104,1,"5","TAF5"
0.00562833429060204,0.356208656214284,0.519,0.341,1,"5","RASSF2"
0.00563330224198317,0.302266520896331,0.21,0.105,1,"5","PGD"
0.00563731448797796,0.444022399134817,0.235,0.123,1,"5","GPKOW"
0.00563781306569076,0.327982554454878,0.222,0.116,1,"5","ADAMTS9-AS2"
0.00565910103991616,0.52021722559672,0.173,0.081,1,"5","AL031729.1"
0.00568205468172335,0.669632819327145,0.198,0.103,1,"5","VPS8"
0.00568234820136971,0.437297414835987,0.235,0.123,1,"5","SMARCB1"
0.00570650912024054,0.275997400497436,0.654,0.456,1,"5","DENND5A"
0.00574726704422396,0.304270489280352,0.21,0.106,1,"5","ISL1"
0.00578373216897915,0.416131303008376,0.185,0.09,1,"5","EXOSC9"
0.00579235157926161,0.950540656302585,0.148,0.068,1,"5","RFFL"
0.00580128870638427,1.05342909407156,0.123,0.052,1,"5","RF00012.34"
0.0058109925934851,0.54147984711273,0.247,0.133,1,"5","EIF2AK4"
0.00582075644668517,0.31250721936064,0.395,0.244,1,"5","AL138733.1"
0.00582103551605443,0.457665063859868,0.21,0.106,1,"5","FUCA2"
0.00582226519126843,0.337804071060057,0.556,0.376,1,"5","RAMP2"
0.0058289097055837,0.758079040930191,0.173,0.082,1,"5","PPP3R1"
0.00583702048752103,0.429349631432531,0.123,0.051,1,"5","TOP3B"
0.00584357022061121,0.539831356890973,0.123,0.052,1,"5","SPATA5L1"
0.00586117070447845,0.35351049421575,0.383,0.238,1,"5","NUDT9"
0.00588534263900059,0.97504932813885,0.136,0.061,1,"5","CNTN1"
0.00589038746521984,0.396713670573568,0.247,0.132,1,"5","SNX11"
0.00591448967279139,0.294801464736615,0.148,0.067,1,"5","VEGFC"
0.0059204890916589,0.381024042804988,0.21,0.105,1,"5","DDX55"
0.00593783223069283,0.559519647187231,0.259,0.141,1,"5","ECSIT"
0.0059465731584381,0.557755138196339,0.123,0.052,1,"5","PGAP2"
0.00595519257473274,0.438891542527396,0.198,0.098,1,"5","CTTNBP2NL"
0.00599843260771629,0.346147775820232,0.247,0.131,1,"5","CCDC28A"
0.00601301930987594,0.612397348801072,0.235,0.13,1,"5","SCARF1"
0.00601579725406137,0.771386153327109,0.136,0.06,1,"5","SEC16B"
0.00601792736527223,0.440103757279731,0.173,0.083,1,"5","PCDH17"
0.00603513499806398,0.488369150767159,0.284,0.164,1,"5","YIPF2"
0.00604729881750809,0.467968377208665,0.123,0.052,1,"5","AC005288.1"
0.0060702175432291,0.840455205213488,0.123,0.052,1,"5","SYN2"
0.00610871145498223,0.263453771377726,0.346,0.201,1,"5","LINC01203"
0.00610891164837213,0.352919083798021,0.309,0.176,1,"5","PSMB8-AS1"
0.00613161764206631,0.541376667850414,0.185,0.093,1,"5","NLRX1"
0.00614295881961978,0.574353786110035,0.198,0.1,1,"5","EEF1A1P13"
0.00615072715099244,0.346999298408913,0.173,0.082,1,"5","PPID"
0.0061589081104601,0.381998228560416,0.173,0.082,1,"5","CAMTA2"
0.0061662223836507,0.446448652793223,0.173,0.081,1,"5","PARP3"
0.00617344184938442,0.620905969883028,0.136,0.06,1,"5","NEK4"
0.00617679532546505,0.382530805596253,0.259,0.145,1,"5","ATXN3"
0.00617940134854507,0.40448841230725,0.309,0.178,1,"5","IKBKB"
0.0061929208023457,0.267468760917761,0.444,0.266,1,"5","PI4KB"
0.00619738821411043,0.255762111907771,0.321,0.176,1,"5","DGUOK"
0.00625407082711853,0.50878452445069,0.284,0.165,1,"5","PPP2R2D"
0.00628907322533546,0.766599887436975,0.136,0.061,1,"5","ALKBH3-AS1"
0.0062989151963512,0.468581579051702,0.259,0.143,1,"5","CCNQ"
0.00630501520749295,0.385604864518448,0.296,0.174,1,"5","UBR1"
0.00631365471208124,0.475274182689758,0.259,0.139,1,"5","PLIN3"
0.00633423797813205,0.438059442656039,0.185,0.09,1,"5","SLC25A44"
0.00635345880502897,1.31092991957309,0.173,0.083,1,"5","CPEB3"
0.00635779543535128,0.36515857951723,0.284,0.158,1,"5","AC022167.2"
0.00638733910618287,0.320415135331282,0.37,0.222,1,"5","LRRC32"
0.00640501158712552,0.279616150341259,0.506,0.318,1,"5","GCC1"
0.00641814257282957,0.817101293385773,0.111,0.045,1,"5","CCL28"
0.00643965031745623,0.340968791714866,0.346,0.207,1,"5","SNHG19"
0.0064495721882737,0.29638592858705,0.222,0.115,1,"5","WRAP73"
0.00646367500817661,0.266105682556466,0.309,0.176,1,"5","UACA"
0.00646974042250943,0.512735576973255,0.16,0.074,1,"5","SLC47A1"
0.00647340499206397,1.09682334707922,0.111,0.046,1,"5","AL355102.2"
0.00648639356788751,0.500739713517763,0.407,0.253,1,"5","TMEM223"
0.0065722382993692,0.582452984104681,0.235,0.127,1,"5","MRPL35"
0.00659805694527674,0.514601909725295,0.148,0.067,1,"5","CIDEB"
0.0066015502828974,0.436982525369536,0.259,0.147,1,"5","CRBN"
0.00664018701101693,0.53390944572608,0.272,0.154,1,"5","AC011511.5"
0.00666158903573094,0.792513642371822,0.148,0.067,1,"5","TRUB2"
0.00676429695976467,0.905983363496811,0.136,0.061,1,"5","PTAFR"
0.00677758641255551,0.316067653066366,0.123,0.052,1,"5","CEP97"
0.00678393210790931,0.680885877751029,0.247,0.136,1,"5","ERI1"
0.00678584731394582,0.430557835663807,0.185,0.091,1,"5","WBP4"
0.00682249651669538,0.531866786455302,0.16,0.074,1,"5","TRIM52-AS1"
0.00683516769550865,0.447937486973216,0.222,0.115,1,"5","ACSBG1"
0.00685036766065904,0.942382590502258,0.111,0.046,1,"5","SMO"
0.00686196067997805,0.626882679727382,0.136,0.06,1,"5","NOL10"
0.00689798613261186,0.29507473777723,0.346,0.197,1,"5","NELFB"
0.00691194537051785,0.479851236774238,0.185,0.091,1,"5","KCNJ8"
0.00692358493021873,0.633424808286629,0.173,0.082,1,"5","UBN2"
0.00693964713678116,0.632406348462285,0.296,0.174,1,"5","SCO1"
0.00695151548415277,0.548774264111655,0.111,0.045,1,"5","CASTOR3"
0.00695332467832805,0.49966655222247,0.296,0.17,1,"5","TRIP11"
0.00696900532538458,0.560164097547599,0.222,0.118,1,"5","C15orf39"
0.00700593401528043,0.305031074779355,0.148,0.067,1,"5","UAP1L1"
0.00700871803989689,0.325325780550523,0.16,0.074,1,"5","LRR1"
0.00702013507536076,0.50805939698169,0.259,0.146,1,"5","GTPBP6"
0.00703741176268274,0.357201817813912,0.259,0.141,1,"5","STARD3NL"
0.00703809505795313,0.839675243801857,0.136,0.061,1,"5","LAT2"
0.00705413375148562,0.645608236630607,0.185,0.092,1,"5","MPHOSPH6"
0.00709503102024704,0.400447263486467,0.235,0.122,1,"5","RPL12P4"
0.00709816362165994,0.420597690379916,0.16,0.075,1,"5","MTA2"
0.00711277732235748,0.403064854420842,0.222,0.117,1,"5","TUBG2"
0.00712966929530413,0.505415245010892,0.272,0.15,1,"5","MIR4435-2HG"
0.00713724316460088,0.278519723499281,0.309,0.177,1,"5","RASIP1"
0.00719213907760109,0.455833623712204,0.148,0.067,1,"5","FAM13A-AS1"
0.0071999888762476,1.12169676126268,0.111,0.047,1,"5","FIZ1"
0.00720282463756758,0.366345400410505,0.173,0.083,1,"5","THG1L"
0.00721471414259386,0.643779863541278,0.123,0.053,1,"5","CDK2"
0.00723190959081199,0.407588052713413,0.16,0.076,1,"5","HELQ"
0.00726573846513891,0.260311090974637,0.605,0.403,1,"5","SPATS2L"
0.00726688590055265,0.496076218476736,0.272,0.154,1,"5","BMP4"
0.00732572557145938,0.365963855061627,0.185,0.092,1,"5","COMMD2"
0.00732960703335394,0.393094194524879,0.235,0.126,1,"5","TSFM"
0.00734683693720546,0.338832428807888,0.235,0.126,1,"5","C20orf27"
0.00735275390687322,0.268504856223564,0.333,0.199,1,"5","ALG2"
0.00736188648794542,1.0662121759676,0.111,0.046,1,"5","TIFA"
0.00743244079272642,0.572779943282171,0.272,0.155,1,"5","LYRM1"
0.00745674673621891,1.00927371220292,0.185,0.092,1,"5","TAF4"
0.00746029897042248,0.40330380050005,0.185,0.091,1,"5","NOP9"
0.00748739100419961,0.518706272291397,0.383,0.251,1,"5","NXF1"
0.00750968049743261,0.369174601404521,0.185,0.092,1,"5","NFS1"
0.00751668655438638,0.452857445231546,0.247,0.134,1,"5","MAP3K7"
0.00752391148654694,1.03091669291875,0.148,0.069,1,"5","RPIA"
0.00752696594021298,0.522923786004979,0.123,0.052,1,"5","NPHP3"
0.00759373758978733,0.590404506177765,0.21,0.109,1,"5","AC012254.3"
0.00762375803678358,0.401013914871351,0.21,0.108,1,"5","TGFB3"
0.00762437566414169,0.338293563942947,0.346,0.21,1,"5","SH3TC2"
0.00765850923120264,0.999706547217688,0.123,0.054,1,"5","FBXO46"
0.00765990079212348,0.318337116972016,0.235,0.125,1,"5","ANKMY2"
0.00767349060635228,0.480722086977309,0.148,0.068,1,"5","AC105036.3"
0.00770811232113819,0.546664389101842,0.173,0.086,1,"5","AP5B1"
0.0077154191591311,0.390551941371544,0.198,0.101,1,"5","PIK3R4"
0.0077280459777681,0.552306178318777,0.136,0.062,1,"5","METTL4"
0.00773969972603881,0.74668884338132,0.16,0.077,1,"5","PICK1"
0.00775378864250724,0.352253359758382,0.173,0.083,1,"5","RPL22P2"
0.00777572321798106,0.266240103107872,0.395,0.244,1,"5","CCDC144NL-AS1"
0.0078019249310929,0.331456412314064,0.309,0.181,1,"5","GOLGA2"
0.00784713740849222,0.767438251259314,0.21,0.115,1,"5","NBN"
0.00787162589142976,0.252898578174015,0.272,0.151,1,"5","UTP6"
0.00792745299365732,1.04597048222279,0.136,0.063,1,"5","CORO1A"
0.00793661773649872,1.00913603397911,0.111,0.046,1,"5","SLC9A7"
0.00797823875595125,0.557946322679958,0.123,0.054,1,"5","DHX37"
0.00798676567812231,0.830094631661443,0.111,0.047,1,"5","SRGAP1"
0.0079871054109585,0.253472626602187,0.457,0.281,1,"5","AL136454.1"
0.00799031845720607,0.853533219948018,0.111,0.046,1,"5","STEAP1"
0.00803320381832162,0.434985505077792,0.432,0.272,1,"5","AP003068.1"
0.00804554591420771,0.278469780742768,0.284,0.16,1,"5","ARFIP2"
0.00804650027946373,0.735294370304575,0.185,0.094,1,"5","ATG16L1"
0.00806667840104392,0.40044863934347,0.593,0.437,1,"5","RASD1"
0.00810587914545778,0.269947233544908,0.173,0.084,1,"5","AGPAT5"
0.00811571712696804,0.839651107162148,0.111,0.047,1,"5","RBM15"
0.00814302920215281,0.50091372996113,0.185,0.092,1,"5","ERAL1"
0.00816336094489873,0.387260633801847,0.358,0.218,1,"5","AARS"
0.00818523006888491,0.463631861234072,0.235,0.127,1,"5","TMEM273"
0.00819394436538414,0.358671068562209,0.383,0.24,1,"5","SOX18"
0.00819877187521392,0.388296018112605,0.272,0.153,1,"5","ANKRD17"
0.00820125732030353,0.331788235026213,0.21,0.109,1,"5","SIRT1"
0.0082196485892413,0.302259974820151,0.247,0.137,1,"5","TUBGCP6"
0.00823436997213533,1.02672889640568,0.136,0.062,1,"5","SLC39A4"
0.00827419620944495,0.762328661093184,0.173,0.088,1,"5","PER3"
0.0082779681451091,0.921533843915116,0.111,0.047,1,"5","QRICH2"
0.00828642714803957,0.284898262254854,0.284,0.164,1,"5","MYT1L"
0.00830958746699291,0.380936049782565,0.123,0.053,1,"5","PRR5L"
0.00831076370572901,0.539606560632593,0.111,0.046,1,"5","KDM4A-AS1"
0.00833852079696334,0.789164237668917,0.16,0.079,1,"5","TRMT10C"
0.0083510251203849,0.314973238803528,0.123,0.052,1,"5","CASZ1"
0.0083515681527985,0.540855761535777,0.173,0.086,1,"5","GSKIP"
0.00835955865937035,0.368832035061426,0.21,0.108,1,"5","SNIP1"
0.00836823115634571,0.258906104014182,0.284,0.161,1,"5","CD200"
0.0083697294768086,0.406895567145125,0.16,0.075,1,"5","TMEM88"
0.00840640771207462,0.486632362192172,0.16,0.076,1,"5","AC093801.1"
0.00841140203484003,0.28240513426613,0.222,0.118,1,"5","ARHGEF15"
0.00841974596997526,0.314226688943531,0.173,0.084,1,"5","DARS2"
0.00842410592686111,0.400093411763458,0.185,0.093,1,"5","ADPRH"
0.0084249926985815,0.440914857409636,0.173,0.083,1,"5","DPM2"
0.00843627893834688,0.278627196498817,0.111,0.046,1,"5","ACAP1"
0.00848130694930261,0.268674104614952,0.481,0.318,1,"5","AP3D1"
0.00848856575110099,0.658878008033312,0.284,0.167,1,"5","ISYNA1"
0.00852030958371803,0.620285214430774,0.16,0.077,1,"5","SLC35A3"
0.00852697183467219,0.670731970225439,0.21,0.113,1,"5","LYN"
0.00858886727519524,0.411906311283325,0.222,0.119,1,"5","AC135048.1"
0.00859310587740258,0.448011963338398,0.123,0.053,1,"5","APTR"
0.00861436000998065,0.273872497644761,0.185,0.092,1,"5","ATP6V0A2"
0.00863174038654496,0.261715590983554,0.506,0.348,1,"5","IQSEC1"
0.00869384447606363,0.819279882988198,0.185,0.093,1,"5","ABCG1"
0.00872331876750524,0.787355447468438,0.198,0.107,1,"5","FECH"
0.00874970984205348,0.521756078792297,0.16,0.078,1,"5","PID1"
0.00875057496465505,0.665025688724203,0.259,0.154,1,"5","FCGR2B"
0.00875401753819098,0.300923296594544,0.123,0.053,1,"5","PLOD2"
0.00875553779562554,0.486940009860446,0.235,0.129,1,"5","MARK2"
0.00878275638887769,0.376675192555154,0.432,0.282,1,"5","RARA"
0.00880185706398197,0.286082439985853,0.568,0.385,1,"5","SET"
0.00888273875317966,0.54757448219968,0.136,0.062,1,"5","GAS1RR"
0.00888675598834652,1.00587587562836,0.123,0.055,1,"5","VAMP1"
0.00890084223732781,0.406118915766297,0.111,0.046,1,"5","AC135586.2"
0.00890267700950274,0.299370537595898,0.432,0.276,1,"5","VPS13D"
0.00896639166113852,0.784418555665977,0.198,0.103,1,"5","DAAM2"
0.00899022802302636,0.314147664791538,0.284,0.163,1,"5","COMMD5"
0.00899202587444235,0.512152740998691,0.333,0.207,1,"5","HSPB11"
0.00899370884450598,0.317759315510665,0.383,0.239,1,"5","FIBIN"
0.00902536561147628,1.0955645274932,0.148,0.072,1,"5","STMN1"
0.00906092552722631,0.75451399568938,0.111,0.047,1,"5","BBS10"
0.00906423743074915,0.527362636615679,0.16,0.077,1,"5","ZC3H6"
0.00906490271224849,0.304860604111811,0.407,0.266,1,"5","SLC23A1"
0.00907786553614912,0.562081097353308,0.198,0.101,1,"5","THEMIS2"
0.0091180496711656,0.469430914344988,0.235,0.13,1,"5","BLOC1S2"
0.00913996621369629,0.449439931796919,0.235,0.127,1,"5","TYW3"
0.00917901397298376,0.425370743418584,0.222,0.12,1,"5","AC017116.2"
0.00924855004314287,0.73570221607552,0.16,0.079,1,"5","USP31"
0.00925121168015333,0.34746077059194,0.235,0.128,1,"5","AC084337.2"
0.00925927522816582,0.401603207445621,0.21,0.111,1,"5","AL021707.2"
0.00929744610193243,0.297397858740914,0.21,0.108,1,"5","POLE3"
0.00930930056226585,0.441177971886024,0.444,0.282,1,"5","SRA1"
0.0093153584326919,0.531516672061798,0.222,0.121,1,"5","RBM18"
0.00934858918138223,0.348436517005491,0.222,0.119,1,"5","SIKE1"
0.00935209598592136,0.258702687826379,0.272,0.154,1,"5","SAFB2"
0.00940191667945587,0.618558781959779,0.185,0.095,1,"5","AC044860.1"
0.00945053539835604,0.612577027574218,0.111,0.047,1,"5","MIB2"
0.00952089886154561,0.362165912105863,0.321,0.197,1,"5","TRIB2"
0.00953867557907377,0.343980635296677,0.16,0.077,1,"5","CLN8"
0.00955615868384692,0.574366022485518,0.111,0.046,1,"5","AC010487.3"
0.009573301287475,0.447033270357075,0.123,0.054,1,"5","LYRM7"
0.00957450791050742,0.494135427205746,0.198,0.103,1,"5","RAE1"
0.00959615374395133,0.70960625669923,0.173,0.086,1,"5","AL162431.2"
0.00962846671911161,0.689765138919063,0.16,0.077,1,"5","DDIT4"
0.00963113484580315,0.324416777285651,0.284,0.164,1,"5","CNOT7"
0.00964200718807877,0.354915403402334,0.21,0.113,1,"5","SMC5"
0.00964885396703606,0.662231221026418,0.136,0.062,1,"5","RNF2"
0.00969383803990582,0.26091438980889,0.284,0.165,1,"5","SRSF1"
0.00970125745519688,0.278438800090144,0.383,0.241,1,"5","IP6K1"
0.00971985180843102,0.282630502500027,0.21,0.112,1,"5","RNMT"
0.00972508564258211,0.810534825760655,0.123,0.055,1,"5","AC010542.5"
0.00973323438702381,0.277543146152586,0.333,0.2,1,"5","MON2"
0.00978180605376047,0.491777500305165,0.136,0.062,1,"5","MORC2"
0.00982289932024987,0.331438133606438,0.235,0.128,1,"5","OXNAD1"
0.00986602346725186,0.333288690729502,0.123,0.054,1,"5","SLC22A4"
0.00989727287823689,0.405417755489737,0.198,0.102,1,"5","SLX1A-SULT1A3"
0.00992687426430511,0.315140040121163,0.198,0.102,1,"5","DNHD1"
0.00997641890903943,0.595684556608251,0.148,0.071,1,"5","AL356481.1"
0.00999010836458366,0.391318806709852,0.296,0.176,1,"5","CD320"
5.75522175259994e-92,8.16583717138808,0.167,0.001,1.85036134567841e-87,"6","CLDN1"
1.46024883456543e-81,5.08164139410386,0.806,0.058,4.69484602801132e-77,"6","SCN7A"
8.52339734176694e-81,5.84323634942173,0.639,0.035,2.74035747935149e-76,"6","PLP1"
2.91630581369159e-72,5.32085011789121,0.639,0.039,9.37621482159983e-68,"6","CHL1"
3.81428050781482e-69,5.26450262859252,0.667,0.045,1.22632932606754e-64,"6","ITGB8"
4.1401159967681e-55,4.70789626527402,0.306,0.011,1.33108869412091e-50,"6","ANGPTL7"
4.22600150070029e-53,4.62721947021304,0.611,0.05,1.35870174249015e-48,"6","CDH19"
5.93541651194179e-47,7.11630774752659,0.139,0.002,1.9082957627544e-42,"6","MT3"
9.54309143827642e-47,5.37565121062152,0.194,0.005,3.06819932832025e-42,"6","TTYH1"
8.25239092087243e-43,4.51126681509627,0.528,0.046,2.65322620496969e-38,"6","S100B"
3.03314979305838e-39,4.89751930206513,0.222,0.008,9.751879899662e-35,"6","GFAP"
1.69098439568843e-33,5.32613687565896,0.167,0.005,5.43668393057788e-29,"6","PMP2"
4.77271855113429e-31,4.00473031857062,0.417,0.038,1.53447674137518e-26,"6","L1CAM"
1.18594663987698e-27,4.74249943777171,0.167,0.007,3.81293704186848e-23,"6","GRIK3"
1.53662327658265e-27,4.80504719878729,0.222,0.012,4.94039749654088e-23,"6","GFRA3"
2.8089727161591e-25,4.73954384493909,0.222,0.013,9.03112817972311e-21,"6","MPZ"
1.0990270382341e-20,5.25533246245999,0.111,0.004,3.53348183062646e-16,"6","AC005064.1"
5.14997060292103e-20,3.22713867326504,0.306,0.032,1.65576704854514e-15,"6","AATK"
2.61235878340337e-19,4.22836964807799,0.222,0.018,8.39899472452016e-15,"6","AC079584.2"
4.17914008299198e-17,5.45069134487316,0.139,0.008,1.34363532808275e-12,"6","MIA"
1.50008653287461e-16,4.30228101107308,0.139,0.008,4.82292821184517e-12,"6","AC116345.1"
7.06353778169068e-16,3.63758657258316,0.167,0.012,2.27099803219137e-11,"6","GAP43"
2.25749573459901e-15,3.48761920970591,0.333,0.05,7.25807453630927e-11,"6","KCNMB4"
2.4922750435062e-15,3.73445867323503,0.25,0.028,8.01291349237678e-11,"6","SORCS1"
1.32215158634129e-14,4.53897204910428,0.25,0.03,4.25084956524588e-10,"6","MIA-RAB4B"
1.74423634316639e-14,2.71457722505025,0.611,0.177,5.60789426691425e-10,"6","SEMA3B"
3.79197458581087e-14,3.36492885329321,0.306,0.044,1.21915774908405e-09,"6","ARHGEF26"
8.00888300210902e-14,3.10710530044607,0.306,0.045,2.57493597400807e-09,"6","SEMA3G"
3.80499596457373e-11,3.15953181099009,0.278,0.046,1.2233442525701e-06,"6","MT-TM"
8.25191224090264e-11,3.65152134067857,0.111,0.008,2.65307230457261e-06,"6","SOX8"
1.28028839719976e-10,3.94955579236859,0.139,0.013,4.11625522583693e-06,"6","FOXD3"
1.77566563862686e-10,3.42190725588791,0.222,0.032,5.70894259474922e-06,"6","AFAP1L2"
1.9124562261005e-10,2.59993975090924,0.472,0.135,6.14873801253571e-06,"6","HSPA12A"
2.3306732210003e-10,3.42752013818448,0.167,0.019,7.49334747283806e-06,"6","NTM"
2.36033021599281e-10,3.30430769524802,0.278,0.05,7.58869767743849e-06,"6","CYB5R2"
2.72973195800295e-10,3.57382528835314,0.167,0.019,8.77636121817529e-06,"6","COL28A1"
3.0289022583159e-10,3.09796315504988,0.111,0.009,9.73822365071145e-06,"6","RGS6"
6.81117852010505e-10,4.20729526607018,0.111,0.009,2.18986200599897e-05,"6","TMEM132B"
2.43928462529014e-09,3.58226151501202,0.139,0.015,7.84254399877035e-05,"6","NCAM2"
2.78441065319695e-09,3.42002168807459,0.139,0.015,8.95215869109352e-05,"6","ADGRB3"
3.74227731464091e-09,3.07289639282603,0.389,0.106,0.00012031795794302,"6","GPM6B"
4.17923007902872e-09,3.28758615367753,0.139,0.015,0.000134366426270852,"6","AC034102.2"
6.70250467361331e-09,3.55846265666007,0.111,0.01,0.000215492227761342,"6","CIT"
7.62651847959167e-09,1.95331815030117,0.194,0.029,0.000245200195637352,"6","IGLC1"
8.43998248646571e-09,3.1257202092294,0.111,0.01,0.000271353876922359,"6","GLIPR1L1"
1.02614500090576e-08,3.01646209000772,0.111,0.01,0.000329915879241212,"6","SMIM5"
1.03088430048426e-08,1.94341712725635,0.5,0.173,0.000331439611448695,"6","AHR"
1.13048135506042e-08,2.11177847402004,0.694,0.376,0.000363461060465477,"6","ABCA8"
3.24339826629122e-08,3.56269832674752,0.111,0.011,0.00104278497659529,"6","IMPG1"
3.84213209014545e-08,4.57123750296973,0.111,0.011,0.00123528388830266,"6","CST1"
6.7514569861311e-08,3.46891248674113,0.111,0.012,0.00217066093561101,"6","XKR4"
1.03563819586993e-07,2.42677903569932,0.222,0.042,0.00332968036354141,"6","SCD"
1.57949562399222e-07,2.66800985788501,0.194,0.034,0.00507823638069739,"6","NRXN1"
2.20018742115497e-07,1.71809871509713,0.472,0.171,0.00707382257775534,"6","SLC2A1"
2.45421886912049e-07,1.60817657283137,1,0.88,0.00789055908610929,"6","APOD"
2.50268295450888e-07,2.12630753542313,0.333,0.092,0.00804637596704151,"6","GATM"
2.67467615019945e-07,2.59459967296994,0.333,0.093,0.00859935129050624,"6","TCIM"
3.32341489388187e-07,2.91585536880467,0.167,0.027,0.0106851112253196,"6","F3"
3.6376531822256e-07,3.34282165567741,0.111,0.013,0.0116954187461735,"6","SLCO1C1"
3.81122578126841e-07,3.38918639969785,0.139,0.02,0.0122534720093561,"6","FCGBP"
3.85185802046032e-07,2.62212550694988,0.361,0.113,0.012384108721582,"6","AC016825.1"
6.51388924562189e-07,4.25530278007502,0.111,0.014,0.0209428053135989,"6","CADM4"
7.30060877891071e-07,1.7037404219672,0.556,0.256,0.0234721872850758,"6","STARD13"
7.3628622892746e-07,3.28224246604953,0.111,0.014,0.0236723385462468,"6","SOX10"
9.55602234216802e-07,2.11486774027066,0.222,0.048,0.0307235674323044,"6","CADM3"
1.04109907782778e-06,0.644904921958919,1,0.904,0.0334723764512409,"6","MT-RNR1"
1.8494513593086e-06,1.52766193336025,0.472,0.193,0.0594617106531308,"6","ITGB4"
2.42430091020348e-06,2.34929232437677,0.167,0.031,0.0779436985639522,"6","IGLL5"
3.66962216262283e-06,1.84960411534311,0.444,0.174,0.117982022150487,"6","CXCL14"
5.67589748592183e-06,1.9577735425802,0.417,0.173,0.182485780069873,"6","AC019117.3"
6.54012256132714e-06,1.1847664709028,0.667,0.411,0.210271480469229,"6","AL109659.1"
1.05733545408005e-05,2.86174148907389,0.194,0.046,0.339943921841276,"6","CCL3"
1.15000601131785e-05,1.3282279598182,0.722,0.486,0.369738432698803,"6","LGI4"
1.28158709279359e-05,3.14439695039889,0.139,0.025,0.412043066204067,"6","NGFR"
1.62027375789659e-05,0.411307695153061,0.972,0.96,0.520934215901333,"6","TMSB10"
1.75914040076434e-05,2.03146716529488,0.361,0.141,0.565581230249744,"6","MT-ATP8"
2.85553148699327e-05,1.83139592130077,0.333,0.118,0.918081928383207,"6","ADRA2A"
3.04592954132379e-05,0.643772584642345,0.944,0.797,0.979296806831011,"6","NR4A1"
3.15759150230672e-05,2.92919305161505,0.167,0.037,1,"6","SP4"
3.38538765089617e-05,2.73924862398798,0.111,0.018,1,"6","CFHR3"
3.53608626824893e-05,1.09473263782781,0.806,0.621,1,"6","PMP22"
4.15820971290898e-05,2.77613491178921,0.167,0.038,1,"6","ADAMTS8"
4.23497839774503e-05,1.14126546420583,0.611,0.333,1,"6","SYF2"
4.37814446060946e-05,2.30283262643897,0.25,0.077,1,"6","DTX4"
4.37887159305031e-05,0.343539216396821,1,0.983,1,"6","MT-RNR2"
5.17232544922956e-05,2.41540025343207,0.167,0.038,1,"6","IQGAP2"
5.55217035774581e-05,1.46193965585918,0.556,0.277,1,"6","NDRG2"
5.57487481096082e-05,1.26037850776101,0.583,0.337,1,"6","VWA1"
5.93100350971525e-05,2.07106772712993,0.167,0.038,1,"6","SPP1"
6.01576395800624e-05,1.247558341646,0.639,0.411,1,"6","AC018616.1"
7.40036742996213e-05,1.25468208684275,0.5,0.258,1,"6","GALK1"
7.81886413965016e-05,2.4256432008626,0.111,0.019,1,"6","TENM2"
7.96312077574072e-05,3.20290147092858,0.111,0.019,1,"6","ANK3"
8.33360385196407e-05,0.630232325176819,0.889,0.649,1,"6","AC005944.1"
8.46936210784877e-05,3.44227253854476,0.139,0.029,1,"6","LILRB1-AS1"
8.5900936630445e-05,1.64513401249547,0.389,0.162,1,"6","SIPA1"
9.06097279040669e-05,3.06311541419169,0.167,0.04,1,"6","FABP5"
0.000101496392785434,1.91819381236366,0.222,0.064,1,"6","HOMEZ"
0.000103568985570817,0.989319484517808,0.694,0.42,1,"6","NFIC"
0.000104250995461037,2.29414862544767,0.167,0.04,1,"6","GLI2"
0.000106166101577584,2.75372993102437,0.111,0.02,1,"6","AC106791.1"
0.000123217008803925,1.76464303873775,0.278,0.095,1,"6","ANKRD19P"
0.000126776094849629,0.810877843470183,0.889,0.756,1,"6","S100A10"
0.000129032180590515,1.9882772416786,0.417,0.198,1,"6","AL049839.2"
0.000133011600511814,1.90009773281727,0.222,0.066,1,"6","AC068631.3"
0.000139448478700948,1.57321867223103,0.444,0.23,1,"6","CHP1"
0.000154501456459058,1.65323340305313,0.361,0.159,1,"6","GPR137B"
0.000156764340660258,2.40046762224745,0.111,0.021,1,"6","SPDL1"
0.000167644810331105,2.57035648347471,0.111,0.021,1,"6","TOP3BP1"
0.000169653819798003,0.372788496663082,0.972,0.956,1,"6","TRABD2A"
0.000194801815587498,0.578561463092151,0.25,0.081,1,"6","IGLC2"
0.000200050317415428,1.72820779283771,0.361,0.161,1,"6","MTOR"
0.000206675730901458,1.58563198258966,0.389,0.18,1,"6","MT-TI"
0.000210504515645885,1.83166038933129,0.389,0.176,1,"6","AGPS"
0.000221700880048579,2.39016065293585,0.139,0.031,1,"6","MAL"
0.000234567108044393,2.2510495030581,0.25,0.086,1,"6","ADGRD1"
0.000235791522635801,1.8496983712184,0.361,0.158,1,"6","C1orf198"
0.000244710369875305,2.17243548827302,0.194,0.056,1,"6","CXorf38"
0.000251080793358199,2.06562279240683,0.278,0.102,1,"6","ARHGEF10"
0.000256604039779202,2.86908749729242,0.167,0.043,1,"6","PRIMA1"
0.000268392138762773,1.41387891792719,0.25,0.083,1,"6","CLMN"
0.000278934189852131,1.99133805655322,0.333,0.14,1,"6","C19orf24"
0.000293836675628254,0.820086793571397,0.694,0.444,1,"6","CLDN5"
0.000295506133947131,1.40077564729231,0.444,0.23,1,"6","ITPRID2"
0.000301715578022987,1.22050037507451,0.472,0.256,1,"6","MT-TE"
0.00031468210125112,1.58183985513955,0.306,0.124,1,"6","MEG3"
0.000327152159730755,2.30303413799278,0.111,0.022,1,"6","PAIP2B"
0.000356317453694636,2.42137454587103,0.25,0.092,1,"6","TMOD2"
0.000370971210469943,1.6281672505301,0.306,0.125,1,"6","ASB1"
0.000409995495549112,1.98924627732739,0.222,0.073,1,"6","CU633967.1"
0.000423955037136004,0.371560376230879,1,0.979,1,"6","VIM"
0.000428873015393031,2.5146182055182,0.167,0.046,1,"6","IFIT2"
0.000478514803970466,2.48897376136288,0.194,0.061,1,"6","WDR92"
0.000499994011560751,0.838321608428351,0.806,0.696,1,"6","GPX3"
0.000518369672049645,1.28269787890168,0.361,0.162,1,"6","GPATCH8"
0.000540969993976315,0.516606853936316,0.972,0.758,1,"6","AL450992.1"
0.000544472518821716,1.93023370544221,0.222,0.075,1,"6","NOL4L"
0.000559868634817414,2.1715932394186,0.167,0.047,1,"6","BBS10"
0.000569791263359793,1.4158052296332,0.306,0.126,1,"6","ZFAND2A"
0.000585839231429052,2.43529949143269,0.194,0.062,1,"6","CNTN1"
0.000588574780058431,1.68960010356825,0.333,0.154,1,"6","LETMD1"
0.000590013433639949,1.67169187170352,0.278,0.11,1,"6","INO80D"
0.000614518961885545,1.21628177431754,0.528,0.308,1,"6","UQCC2"
0.000631743773333881,1.34629004821434,0.389,0.192,1,"6","SERPINA3"
0.00066296721852849,2.70099737990275,0.139,0.035,1,"6","PSPN"
0.000699468940847042,2.39234442395094,0.194,0.062,1,"6","LRWD1"
0.000731783904450107,0.975450349851113,0.444,0.236,1,"6","ECPAS"
0.000746171200849813,0.824730822326926,0.778,0.577,1,"6","MT-TV"
0.000819548697654949,1.13889346114911,0.417,0.204,1,"6","ENPP2"
0.000852105862951948,1.50403127774963,0.222,0.078,1,"6","MT-TD"
0.00086188449592211,1.75272077915486,0.333,0.159,1,"6","MATN2"
0.000915262870403713,2.13163153426227,0.306,0.138,1,"6","PTGDS"
0.000999418835358333,2.57354789367682,0.139,0.037,1,"6","COQ3"
0.00102072437998187,1.71643134142666,0.111,0.025,1,"6","NOVA2"
0.00106916533528329,1.16278397231327,0.389,0.198,1,"6","ETS1"
0.00124908083510108,2.26192044527952,0.167,0.051,1,"6","TOP3B"
0.00130027535190223,0.572866301869148,0.833,0.678,1,"6","APOO"
0.00134351100850132,1.74091710106203,0.25,0.098,1,"6","DCK"
0.00138465837608666,2.36632330932849,0.139,0.038,1,"6","HSPA12B"
0.00141438873173498,1.63427481898106,0.222,0.082,1,"6","COG6"
0.00145890381130107,1.4625073185384,0.278,0.118,1,"6","MMAB"
0.00168312912860267,1.35026062079494,0.222,0.083,1,"6","CENPC"
0.0016946385762583,1.7525200688628,0.222,0.083,1,"6","BIRC3"
0.00170894562889499,0.902818925409534,0.583,0.376,1,"6","TRADD"
0.00171356659296256,0.39311304771455,0.972,0.883,1,"6","AHNAK"
0.00171706958587357,2.49295824821357,0.139,0.039,1,"6","AC012184.3"
0.00173796485637614,2.63740905234928,0.111,0.027,1,"6","TTC26"
0.00181392708225493,1.62332887593209,0.222,0.084,1,"6","SETMAR"
0.00181539191375081,2.51011180065886,0.111,0.027,1,"6","MMP11"
0.00188982145708137,2.16815554910984,0.139,0.039,1,"6","FIGN"
0.00189966835189526,1.4796844692971,0.278,0.119,1,"6","ABCA2"
0.00204935591644931,2.39990686534355,0.139,0.04,1,"6","FRMD5"
0.00205086895472007,2.17776092593804,0.111,0.027,1,"6","AC004160.1"
0.00214495695881416,1.78817171862551,0.194,0.068,1,"6","SPATA13"
0.0022178137961136,1.80569453836585,0.111,0.027,1,"6","CEP76"
0.00225143359107246,1.71697015843384,0.194,0.069,1,"6","MIS12"
0.00227416154063076,0.831288410383746,0.583,0.37,1,"6","CHD4"
0.00227831483020562,0.895581534746986,0.417,0.22,1,"6","DNAAF4-CCPG1"
0.00231804846574236,0.56590550321067,0.778,0.689,1,"6","AC134772.1"
0.00233552208065444,2.09770426771224,0.111,0.027,1,"6","AL121944.1"
0.00233719025186759,1.11800239525026,0.389,0.213,1,"6","TLE1"
0.00234135141234277,1.17211799996049,0.333,0.156,1,"6","MUL1"
0.00238698797996146,1.19647944050509,0.361,0.184,1,"6","C6orf106"
0.00240721669186924,2.04195562080897,0.139,0.041,1,"6","ASTE1"
0.00241336322428256,1.6996029847509,0.194,0.069,1,"6","RPIA"
0.00243807840163202,1.85437970146893,0.167,0.053,1,"6","PTGIR"
0.00253408070971414,2.76870713937044,0.111,0.028,1,"6","PDP2"
0.00255390900303523,1.77441029238831,0.222,0.088,1,"6","CADM2"
0.00256901614597849,0.437506434786928,1,0.882,1,"6","CD74"
0.00257632973035214,2.04125237011944,0.111,0.028,1,"6","ZNF2"
0.00269174083246365,1.6009034327896,0.194,0.07,1,"6","TATDN2"
0.00269576358832314,0.729724271004182,0.722,0.537,1,"6","SELENOF"
0.00277930795713102,0.987807377786416,0.556,0.37,1,"6","CDC42SE1"
0.00282876330158231,2.05483339244687,0.139,0.04,1,"6","FANCF"
0.00286256392549038,0.582136882253182,0.778,0.779,1,"6","CLIC4"
0.0029559544291954,1.80264772600271,0.278,0.132,1,"6","AL807752.7"
0.002956705798712,1.60595915627536,0.389,0.213,1,"6","MRPL13"
0.00305580769405478,1.0974844724689,0.361,0.188,1,"6","FAM13B"
0.00315629879457016,0.794722873275162,0.472,0.284,1,"6","DAZAP1"
0.00316476403356663,1.9510297230936,0.222,0.089,1,"6","INPP5D"
0.00316815861013545,2.06078532547234,0.222,0.091,1,"6","SATB1"
0.00319468012535349,1.8595859058042,0.194,0.073,1,"6","MAGOHB"
0.00325054791298928,0.786514253408285,0.639,0.446,1,"6","BTG1"
0.00330616557615933,2.39145683799336,0.167,0.057,1,"6","AP4E1"
0.00337434345271633,1.66384323976425,0.194,0.072,1,"6","KITLG"
0.00337443848942076,0.930748718655073,0.306,0.139,1,"6","ADAMTS4"
0.00345865063207723,1.83106636712963,0.167,0.056,1,"6","SMG1P6"
0.0035142778474474,1.51752369642713,0.333,0.172,1,"6","CIZ1"
0.00354486478680518,2.06328649031455,0.222,0.09,1,"6","RAB20"
0.00356304650573832,1.69838971251068,0.222,0.091,1,"6","SPTY2D1OS"
0.00368133911214866,1.17931823995843,0.5,0.361,1,"6","IFI16"
0.00375229039363234,2.16409849873624,0.222,0.09,1,"6","CTNNAL1"
0.00377306082436465,0.551961605315304,0.833,0.687,1,"6","C4A"
0.00381658236545821,1.87220865848063,0.194,0.073,1,"6","RDH10-AS1"
0.00388474438470997,0.596747089342293,0.694,0.566,1,"6","VMP1"
0.00397191470790532,0.688270791232208,0.611,0.404,1,"6","DUSP6"
0.00415025540971197,2.24730464041869,0.111,0.03,1,"6","ABHD1"
0.0042000410085856,1.02015377891684,0.444,0.266,1,"6","AMFR"
0.00420327354154248,1.13741386958496,0.306,0.15,1,"6","PRG4"
0.00430962465275424,1.34397433219693,0.278,0.132,1,"6","PARD3B"
0.00436463040189642,0.567768216893942,0.611,0.417,1,"6","TRIM28"
0.0043975780777576,0.625915689533672,0.556,0.369,1,"6","AC079922.1"
0.00439783173824927,0.542903612044803,0.861,0.648,1,"6","ENG"
0.0045127737960399,1.8176542379466,0.139,0.044,1,"6","LRFN4"
0.00453628461899394,2.35915946813255,0.111,0.03,1,"6","AC006487.1"
0.00459791741337403,1.38637410236994,0.25,0.111,1,"6","MAN2A2"
0.00476110623876955,0.817905988792713,0.472,0.285,1,"6","PCM1"
0.00476573841660422,1.84759441198614,0.25,0.118,1,"6","CCDC85C"
0.00486133379034125,1.76699773376528,0.194,0.077,1,"6","ZNF254"
0.00496284959403895,0.476555235383011,0.806,0.565,1,"6","NDUFS6"
0.00508305547188171,1.46530236754589,0.222,0.092,1,"6","ELMO1"
0.00510091789257298,1.2245665309468,0.194,0.073,1,"6","GTDC1"
0.00526837123291054,1.55267839580618,0.25,0.113,1,"6","DHX38"
0.00527658929609127,0.61035539173318,0.806,0.6,1,"6","SLC38A2"
0.00530135282207933,1.0267840872029,0.25,0.11,1,"6","B3GALT6"
0.00531247275628964,1.06360516518971,0.333,0.178,1,"6","MAPRE1"
0.00532731417780028,0.818323388865852,0.5,0.312,1,"6","RAD51B"
0.00542452902369746,1.31180269472748,0.25,0.11,1,"6","ARVCF"
0.00588112887093309,0.855837720855551,0.444,0.261,1,"6","SPRY2"
0.00593500194313975,0.654141844579053,0.611,0.433,1,"6","SPTBN1"
0.00602790864204082,1.09572117634326,0.278,0.13,1,"6","SIN3A"
0.00612091635135153,1.94391154763796,0.139,0.045,1,"6","ALCAM"
0.00629076993890992,0.725018806428079,0.583,0.403,1,"6","TMEM173"
0.00653757947352012,0.622321955829962,0.611,0.42,1,"6","INF2"
0.0065412242960129,1.13523298780809,0.194,0.075,1,"6","GJA5"
0.00658245400318062,0.282491508458217,1,0.961,1,"6","HLA-B"
0.00660518501194318,1.10407636674184,0.556,0.406,1,"6","QKI"
0.0066361527534571,0.947423201982275,0.417,0.242,1,"6","DCTN6"
0.00665315993262136,1.18244782635393,0.222,0.094,1,"6","MED14"
0.00666581295155403,0.409184783212807,0.722,0.56,1,"6","SERINC1"
0.00670632271351872,0.263625260056809,1,0.916,1,"6","EIF1"
0.00672163303137311,0.408476266554832,0.833,0.725,1,"6","NME2"
0.00674264184094617,2.00065564168248,0.139,0.046,1,"6","CYP21A1P"
0.00679236658151222,1.21946030112509,0.278,0.134,1,"6","CFAP97"
0.00683397103143731,0.908389657341763,0.333,0.176,1,"6","SRRT"
0.00695906698035909,1.03696255502348,0.361,0.196,1,"6","IFT27"
0.00707182282825483,0.384823068070568,0.861,0.662,1,"6","IRF2BP2"
0.00713637286224852,1.05314958644552,0.333,0.184,1,"6","AC034206.1"
0.00717729620728183,2.06154292511465,0.167,0.063,1,"6","HTR5BP"
0.00732100535030774,0.924340246093351,0.583,0.454,1,"6","ADD3"
0.00742775411444088,1.03239032726745,0.278,0.133,1,"6","ZBTB7A"
0.00752663909569456,0.980883166120282,0.389,0.221,1,"6","UBALD2"
0.00753563928103874,1.54571182737754,0.194,0.079,1,"6","WDR44"
0.0076553240193047,1.50533493557534,0.306,0.161,1,"6","DCTN1"
0.00773832613056798,0.792631577217231,0.528,0.38,1,"6","AC073342.1"
0.00779673314075748,0.573613689781729,0.556,0.366,1,"6","RARRES3"
0.00785475339213118,0.836602630404789,0.444,0.281,1,"6","SRSF6"
0.00802132430520284,2.50370560649334,0.111,0.033,1,"6","ZC3H10"
0.00806632361508476,1.70010685801759,0.194,0.081,1,"6","AC106707.1"
0.00810043608352708,0.904492950328166,0.444,0.267,1,"6","MBNL2"
0.00833686467200291,1.27743933890333,0.361,0.205,1,"6","TLK2"
0.00844389238179641,1.14243063846939,0.417,0.261,1,"6","HADH"
0.00856588149227698,0.475816537856347,0.806,0.781,1,"6","SLC35F1"
0.00860891670690104,0.713379426623656,0.583,0.441,1,"6","MAP4"
0.00868484818934801,0.802684219857043,0.5,0.333,1,"6","RAB6A"
0.00874876899446793,1.33948753640165,0.306,0.165,1,"6","B3GNTL1"
0.00889441427212028,0.959806264305679,0.333,0.179,1,"6","DICER1"
0.0091345309859012,1.40182529604622,0.25,0.12,1,"6","L3HYPDH"
0.00928245857798427,2.03469719321081,0.111,0.034,1,"6","CCDC39.1"
0.00931391151478963,0.671276842298801,0.583,0.423,1,"6","WBP2"
0.0095493354341816,0.518030373238563,0.667,0.542,1,"6","ARPC1B"
0.00957013583160557,1.21563726999458,0.278,0.14,1,"6","RFX7"
0.00957293589757844,1.70093262826832,0.194,0.083,1,"6","BIN3"
0.00964355909228188,1.32764948235851,0.222,0.098,1,"6","RICTOR"
0.00970309295592048,1.51703487920954,0.222,0.102,1,"6","AC022826.2"
