"barcode","nFeature_RNA","nCount_RNA","percent_mt","percent_ribo","spatial_x","spatial_y"
"L13_0",2775,7285,2.00411805078929,16.4859299931366,4.90883590462833,7.89504225048927
"L13_1",2235,5052,2.67220902612827,15.6571654790182,17.8821879382889,0
"L13_2",3728,10931,2.20473881621078,18.2142530418077,18.2328190743338,15.1827735586332
"L13_3",3906,11563,2.42151690737698,16.9333218023004,5.25946704067321,23.0778158091225
"L13_5",4296,13231,2.02554606605699,17.1264454689744,31.2061711079944,7.28773130814394
"L13_6",4336,13598,2.59596999558759,15.8993969701427,31.5568022440393,22.4705048667772
"L13_7",4388,14043,2.52794986826177,15.673289183223,18.5834502103787,30.3655471172664
"L13_11",4214,12618,2.32207956886987,15.3510857505151,44.5301542776999,14.5754626162879
"L13_14",3891,11584,2.72790055248619,15.9530386740331,18.9340813464236,45.5483206758996
"L13_15",4626,15209,2.26181866000395,16.1417581695049,5.96072931276297,53.4433629263889
"L13_17",4633,14982,2.40288346015218,15.745561340275,57.5035063113604,6.68042036579861
"L13_18",4806,15374,1.69116690516456,16.1116170157409,57.8541374474053,21.8631939244318
"L13_21",4346,13932,2.72753373528567,15.8125179443009,32.258064516129,52.8360519840436
"L13_22",4296,13681,1.98815876032454,14.4872450844237,19.2847124824684,60.7310942345328
"L13_23",5367,19283,1.9084167401338,15.884457812581,6.31136044880785,68.6261364850221
"L13_26",4725,15657,2.12045730344255,17.1041706584914,70.8274894810659,13.9681516739426
"L13_27",4767,16609,2.22770786922753,17.3701005478957,71.1781206171108,29.1509252325758
"L13_28",4356,14214,2.16687772618545,15.8294639088223,71.5287517531557,44.333698791209
"L13_29",4029,12198,2.32005246761764,14.387604525332,58.5553997194951,52.2287410416983
"L13_31",4614,15286,2.5513541802957,15.6810153081251,32.6086956521739,68.0188255426768
"L13_32",4919,17155,1.89449140192364,16.1702127659574,19.6353436185133,75.9138677931661
"L13_33",5028,16954,1.60434115842869,16.7512091541819,6.66199158485273,83.8089100436553
"L13_35",4947,16913,2.02211316738603,14.2907822385148,83.8008415147265,6.07310942345329
"L13_36",4338,14277,2.11529032709953,15.4794424599005,84.1514726507714,21.2558829820865
"L13_37",4731,15941,1.91330531334295,15.0241515588733,84.5021037868163,36.4386565407197
"L13_38",4843,16475,2.26403641881639,16.3945371775417,84.8527349228611,51.6214300993529
"L13_39",4516,14435,2.09906477312089,15.691028749567,71.8793828892006,59.5164723498422
"L13_40",4108,12852,2.54435107376284,16.6900093370682,58.90603085554,67.4115146003315
"L13_41",4335,13865,2.05553552109629,17.6848178867652,45.9326788218794,75.3065568508207
"L13_44",5992,23690,1.55339805825243,18.5394681300127,7.01262272089762,98.9916836022886
"L13_47",4759,15440,2.46113989637306,13.9443005181347,97.124824684432,13.3608407315972
"L13_48",4704,16327,2.47442886017027,17.400624732039,97.4754558204768,28.5436142902304
"L13_49",5082,17631,1.93976518631955,17.3671374283932,97.8260869565217,43.7263878488637
"L13_50",3863,11404,2.31497720098211,16.5906699403718,98.1767180925666,58.9091614074969
"L13_51",4320,13534,2.40135953893897,16.499187232156,85.203366058906,66.8042036579861
"L13_52",4303,14219,2.58808636331669,17.2093677473803,72.2300140252454,74.6992459084754
"L13_53",3841,11996,2.61753917972658,15.863621207069,59.2566619915848,82.5942881589647
"L13_54",4017,12171,1.98833292252075,16.613261030318,46.2833099579243,90.489330409454
"L13_55",4573,15671,1.80588347903771,19.9795801161381,33.3099579242637,98.3843726599432
"L13_57",5258,18383,1.28923461894141,17.499864004787,7.3632538569425,114.174457160922
"L13_59",4037,12227,2.34726425124724,14.8033041629181,110.098176718093,5.46579848110796
"L13_60",4013,12420,2.27053140096618,14.5813204508857,110.448807854137,20.6485720397412
"L13_61",4522,15045,2.52575606513792,15.5998670654703,110.799438990182,35.8313455983744
"L13_62",3222,8909,2.26737007520485,17.1736446290268,111.150070126227,51.0141191570076
"L13_63",3310,8690,2.08285385500575,16.3060989643268,111.500701262272,66.1968927156408
"L13_64",3781,11363,2.34973158496876,15.9816949749186,98.5273492286115,74.0919349661301
"L13_65",4821,16224,1.9723865877712,16.7467948717949,85.5539971949509,81.9869772166194
"L13_66",4027,12783,2.24516936556364,15.6457795509661,72.5806451612903,89.8820194671086
"L13_67",3911,12204,2.04031465093412,16.1094723041626,59.6072931276297,97.7770617175979
"L13_68",4533,15321,1.89282683897918,18.7716206513935,46.6339410939691,105.672103968087
"L13_69",4594,15422,1.8220723641551,20.0492802489949,33.6605890603086,113.567146218576
"L13_70",4251,13708,1.87481762474467,19.2442369419317,20.687237026648,121.462188469066
"L13_71",4921,16462,1.42753006925039,18.6976066091605,7.71388499298738,129.357230719555
"L13_74",4610,15141,2.12007132950267,15.8642097615745,123.422159887798,12.7535297892519
"L13_75",4752,16060,2.26027397260274,14.8879202988792,123.772791023843,27.9363033478851
"L13_76",4386,14578,2.79187817258883,14.9951982439292,124.123422159888,43.1190769065183
"L13_77",3087,8316,2.05627705627706,17.4603174603175,124.474053295933,58.3018504651515
"L13_78",4202,13116,2.05855443732845,17.451967063129,124.824684431978,73.4846240237848
"L13_79",3342,9313,1.98647052507248,15.5588961666488,111.851332398317,81.379666274274
"L13_80",3663,10884,2.42557883131202,15.9500183755972,98.8779803646564,89.2747085247633
"L13_81",4972,17429,2.11716105341672,17.2356417465144,85.9046283309958,97.1697507752526
"L13_82",4579,15363,2.59714899433704,16.0320249951181,72.9312762973352,105.064793025742
"L13_83",3809,12067,2.28722963454048,15.8034308444518,59.9579242636746,112.959835276231
"L13_84",3936,12592,1.96950444726811,19.3297331639136,46.984572230014,120.85487752672
"L13_85",4686,16065,1.86741363211951,17.7591036414566,34.0112201963534,128.74991977721
"L13_86",5368,19954,1.34308910494137,18.6478901473389,21.0378681626928,136.644962027699
"L13_87",5710,22787,1.53157502084522,19.6383903102646,8.06451612903226,144.540004278188
"L13_91",5287,19534,2.17057438312686,18.2041568547149,137.096774193548,35.2240346560291
"L13_92",4329,13613,2.2184676412253,16.4548593256446,137.447405329593,50.4068082146623
"L13_93",3911,12102,2.04098496116344,18.2036027102958,137.798036465638,65.5895817732955
"L13_94",4502,15501,2.29662602412748,17.4311334752597,138.148667601683,80.7723553319287
"L13_95",4713,15114,1.85258700542543,16.3887786158528,125.175315568022,88.667397582418
"L13_96",3019,7814,2.26516508830305,15.5106219605836,112.201963534362,96.5624398329072
"L13_97",4281,13304,1.79645219482862,16.8295249549008,99.2286115007013,104.457482083397
"L13_98",4402,14427,1.73286199487073,16.448326055313,86.2552594670407,112.352524333886
"L13_99",3864,11746,2.01770815596799,16.8057210965435,73.2819074333801,120.247566584375
"L13_100",3650,10589,1.84153366701294,16.4793653791671,60.3085553997195,128.142608834864
"L13_101",3812,12084,2.05230056272757,17.9907315458457,47.3352033660589,136.037651085354
"L13_102",5256,19668,1.70835875533862,18.069961358552,34.3618513323983,143.932693335843
"L13_103",5563,22399,1.6250725478816,20.0723246573508,21.3884992987377,151.827735586332
"L13_104",5458,20514,1.55503558545384,17.8609729940528,8.41514726507714,159.722777836821
"L13_107",5482,20465,1.91057903738089,15.9394087466406,149.719495091164,12.1462188469066
"L13_108",5469,20727,2.08906257538476,18.3914700632026,150.070126227209,27.3289924055398
"L13_109",5041,17988,1.71781187458306,20.5414720925061,150.420757363254,42.511765964173
"L13_110",4646,16168,1.91736763978229,19.1736763978229,150.771388499299,57.6945395228062
"L13_111",4811,17137,1.72725681274435,21.491509599113,151.122019635344,72.8773130814394
"L13_112",4295,13666,2.2098638957998,18.1033221132738,151.472650771388,88.0600866400726
"L13_113",4890,16612,2.17312785937876,16.6686732482543,138.499298737728,95.9551288905619
"L13_114",3962,11725,2.38805970149254,15.0618336886994,125.525946704067,103.850171141051
"L13_115",3298,9299,2.0109689213894,16.7867512635767,112.552594670407,111.74521339154
"L13_116",3262,9310,2.12674543501611,16.358754027927,99.5792426367461,119.64025564203
"L13_117",3396,9247,1.94657726830323,17.4002379149995,86.6058906030856,127.535297892519
"L13_118",4457,15512,1.83728726147499,19.629963898917,73.632538569425,135.430340143008
"L13_119",3920,12371,2.19060706490987,16.1264247029343,60.6591865357644,143.325382393498
"L13_120",4508,16234,2.21140815572256,19.1142047554515,47.6858345021038,151.220424643987
"L13_121",5383,20448,1.99041471048513,18.6473004694836,34.7124824684432,159.115466894476
"L13_122",5101,18429,1.85034456563026,16.6639535514678,21.7391304347826,167.010509144965
"L13_123",5761,22638,1.79786200194363,18.7869953176076,8.76577840112202,174.905551395455
"L13_125",4627,15358,1.96640187524417,16.050266961844,162.692847124825,4.2511765964173
"L13_126",4773,16881,2.30436585510337,16.6933238552218,163.04347826087,19.4339501550505
"L13_127",5175,19134,1.92327793456674,18.0202780390927,163.394109396914,34.6167237136837
"L13_128",4634,16158,1.96187646986013,20.4295086025498,163.744740532959,49.7994972723169
"L13_129",4752,17572,1.89506032324152,22.6838151604826,164.095371669004,64.9822708309502
"L13_130",5027,18737,1.6171212040348,20.9371831136254,164.446002805049,80.1650443895834
"L13_131",4622,15088,1.82264050901379,19.3332449628844,164.796633941094,95.3478179482166
"L13_132",3881,11759,2.15154349859682,17.1698273662726,151.823281907433,103.242860198706
"L13_133",4066,12061,2.42931763535362,16.1180664953155,138.849929873773,111.137902449195
"L13_134",3837,11350,2.01762114537445,16.431718061674,125.876577840112,119.032944699684
"L13_135",2891,7739,2.42925442563639,17.2244476030495,112.903225806452,126.927986950174
"L13_136",3504,9585,1.52321335419927,17.8090766823161,99.929873772791,134.823029200663
"L13_137",4541,15428,1.71765620948924,20.5989110707804,86.9565217391304,142.718071451152
"L13_138",4890,17315,1.61131966503032,18.4117816921744,73.9831697054698,150.613113701641
"L13_139",4572,16308,2.14005396124601,19.2727495707628,61.0098176718093,158.508155952131
"L13_140",5006,17735,1.96222159571469,18.3366224978855,48.0364656381487,166.40319820262
"L13_141",4542,15568,2.2417780061665,16.5724563206578,35.0631136044881,174.298240453109
"L13_142",4892,17901,2.27920227920228,18.8983855650522,22.0897615708275,182.193282703599
"L13_143",5848,22789,1.61920224669797,18.8468120584493,9.1164095371669,190.088324954088
"L13_146",5003,17257,1.81375673639682,17.6855768673582,176.01683029453,11.5389079045612
"L13_147",4916,17278,1.81733996990392,19.0068294941544,176.367461430575,26.7216814631945
"L13_148",4603,16594,2.06701217307461,21.3812221284802,176.71809256662,41.9044550218277
"L13_149",4219,13675,2.03290676416819,20.1389396709324,177.068723702665,57.0872285804609
"L13_150",4201,13772,1.98228289282602,19.0458902120244,177.41935483871,72.2700021390941
"L13_151",3898,12072,1.83068257123923,17.668986083499,177.769985974755,87.4527756977273
"L13_152",2873,8064,3.21180555555556,18.2291666666667,178.120617110799,102.635549256361
"L13_153",3154,8800,2.79545454545455,19.2840909090909,165.147265077139,110.53059150685
"L13_154",3185,9105,3.11916529379462,18.4843492586491,152.173913043478,118.425633757339
"L13_155",4132,13230,2.29024943310658,16.334089191232,139.200561009818,126.320676007828
"L13_156",3357,9515,2.02837624802943,16.4266946925906,126.227208976157,134.215718258318
"L13_157",3020,8197,1.92753446382823,17.2014151518848,113.253856942496,142.110760508807
"L13_158",4010,12711,1.91959719927622,19.4949256549445,100.280504908836,150.005802759296
"L13_159",4680,16614,1.74551583002287,19.9048994823643,87.3071528751753,157.900845009785
"L13_160",4770,17319,2.00935388879266,17.0044459841792,74.3338008415147,165.795887260275
"L13_161",5077,19408,2.0919208573784,19.7959604286892,61.3604488078541,173.690929510764
"L13_162",4943,17702,2.1127556208338,18.9018190035024,48.3870967741935,181.585971761253
"L13_163",4551,15918,1.90350546551074,19.7449428320141,35.413744740533,189.481014011743
"L13_164",5102,18411,1.5045353321384,19.9500298734452,22.4403927068724,197.376056262232
"L13_165",5965,23978,1.34706814580032,19.3051964300609,9.46704067321178,205.271098512721
"L13_167",4493,14215,1.76574041505452,16.3700316567007,188.990182328191,3.64386565407197
"L13_168",5030,17077,1.44638988112666,16.8765005563038,189.340813464236,18.8266392127052
"L13_169",5323,19847,1.89953141532725,18.8240036277523,189.691444600281,34.0094127713384
"L13_170",5071,18678,1.96487846664525,20.89088767534,190.042075736325,49.1921863299716
"L13_171",4390,14708,2.27767201522981,18.6021212945336,190.39270687237,64.3749598886048
"L13_172",4721,17145,2.50218722659668,17.6261300670749,190.743338008415,79.557733447238
"L13_173",4282,14294,2.45557576605569,17.6437666153631,191.09396914446,94.7405070058712
"L13_174",3568,10815,2.82940360610264,16.8654646324549,191.444600280505,109.923280564504
"L13_175",3133,8810,3.31441543700341,18.0476730987514,178.471248246844,117.818322814994
"L13_176",3480,10089,2.81494697194965,17.8709485578353,165.497896213184,125.713365065483
"L13_177",3974,12639,2.03338871746182,18.0235778147005,152.524544179523,133.608407315972
"L13_178",4394,14709,1.82881229179414,20.1441294445578,139.551192145863,141.503449566462
"L13_179",3260,8653,1.90685311452675,15.4628452559806,126.577840112202,149.398491816951
"L13_180",3323,8952,1.98838248436104,15.3932082216265,113.604488078541,157.29353406744
"L13_181",4586,15651,1.53983771005048,19.9348284454667,100.631136044881,165.188576317929
"L13_182",5003,18024,2.0583666222814,18.6473590767865,87.6577840112202,173.083618568419
"L13_183",5582,22765,1.79222490665495,21.2519218097957,74.6844319775596,180.978660818908
"L13_184",5777,23331,1.67588187390168,20.3977540611204,61.711079943899,188.873703069397
"L13_185",4915,17262,1.92909280500521,19.0765844050516,48.7377279102384,196.768745319886
"L13_186",5483,21475,1.90454016298021,19.2689173457509,35.7643758765778,204.663787570376
"L13_187",5933,24215,1.55275655585381,19.6902746231675,22.7910238429173,212.558829820865
"L13_188",5734,23529,1.49602618045816,20.0518509073909,9.81767180925666,220.453872071354
"L13_191",4907,17088,1.60346441947566,18.1589419475655,202.314165497896,10.9315969622159
"L13_192",4953,16770,1.85450208706023,17.6744186046512,202.664796633941,26.1143705208491
"L13_193",4907,16704,2.22701149425287,16.8342911877395,203.015427769986,41.2971440794823
"L13_194",4305,13763,2.43406234105936,16.9657778100705,203.366058906031,56.4799176381156
"L13_195",4643,15922,2.43059917095842,16.9639492526065,203.716690042076,71.6626911967488
"L13_196",4562,16424,2.22844617632733,17.8153921091086,204.067321178121,86.845464755382
"L13_197",4339,14968,2.39845002672368,17.5507749866382,204.417952314165,102.028238314015
"L13_198",3682,10976,2.98833819241983,16.2809766763848,204.76858345021,117.211011872648
"L13_199",3464,10238,3.00840007814026,16.8001562805235,191.79523141655,125.106054123138
"L13_200",3378,9932,3.05074506645187,19.4019331453886,178.821879382889,133.001096373627
"L13_201",4834,18067,1.97597830298334,19.0900536890463,165.848527349229,140.896138624116
"L13_202",5126,18932,1.86984998943588,18.1069089372491,152.875175315568,148.791180874605
"L13_203",3528,10314,1.99728524335854,18.2955206515416,139.901823281907,156.686223125095
"L13_204",3610,9740,1.19096509240246,14.6817248459959,126.928471248247,164.581265375584
"L13_205",3495,9633,1.73362400083048,17.0663344752414,113.955119214586,172.476307626073
"L13_206",4058,12559,1.90301775619078,18.3931841707142,100.981767180926,180.371349876563
"L13_207",4922,17780,2.32845894263217,18.785151856018,88.0084151472651,188.266392127052
"L13_208",5114,18614,1.46663801439777,21.4569678736435,75.0350631136045,196.161434377541
"L13_209",5255,20177,1.62065718392229,20.9892451801556,62.0617110799439,204.05647662803
"L13_210",5441,20652,1.96591129188456,19.4847956614371,49.0883590462833,211.95151887852
"L13_211",5743,23275,1.91621911922664,18.84425349087,36.1150070126227,219.846561129009
"L13_212",5979,24827,1.41781125387683,20.570346799855,23.1416549789621,227.741603379498
"L13_213",5363,20308,1.72838290328934,18.6625960212724,10.1683029453015,235.636645629987
"L13_215",3968,12090,1.48056244830438,18.6021505376344,215.287517531557,3.03655471172664
"L13_216",4547,15291,1.54339153750572,17.4874108952979,215.638148667602,18.2193282703599
"L13_217",4565,15094,1.78216509871472,17.3181396581423,215.988779803647,33.4021018289931
"L13_218",3933,12055,2.69597677312319,16.0016590626296,216.339410939691,48.5848753876263
"L13_219",3637,10859,2.16410350861037,17.4141265309881,216.690042075736,63.7676489462595
"L13_220",3927,12198,2.56599442531563,16.9372028201344,217.040673211781,78.9504225048927
"L13_221",4272,14021,2.72448470151915,16.0402253762214,217.391304347826,94.1331960635259
"L13_222",4342,14082,2.6061638971737,17.2986791648914,217.741935483871,109.315969622159
"L13_223",3797,11303,2.87534282933734,16.5442802795718,218.092566619916,124.498743180792
"L13_224",3759,11206,2.87346064608246,15.8754238800643,205.119214586255,132.393785431282
"L13_225",4053,12801,2.73416139364112,15.6550269510195,192.145862552595,140.288827681771
"L13_226",4538,15734,1.96389983475276,17.2874030761408,179.172510518934,148.18386993226
"L13_227",5029,18967,1.89803342647757,19.233405388306,166.199158485274,156.078912182749
"L13_228",3793,11392,2.36130617977528,17.8897471910112,153.225806451613,163.973954433239
"L13_229",2987,8182,2.01662185284771,17.6607186506967,140.252454417952,171.868996683728
"L13_230",3332,8699,1.77031842740545,15.3695827106564,127.279102384292,179.764038934217
"L13_231",3814,12128,2.20151715039578,16.9442612137203,114.305750350631,187.659081184707
"L13_232",4468,15593,2.33438081190278,19.0662476752389,101.332398316971,195.554123435196
"L13_233",5237,20307,2.31447284187719,19.4218742305609,88.35904628331,203.449165685685
"L13_234",5311,21032,2.23468999619627,21.1534804108026,75.3856942496494,211.344207936174
"L13_235",5285,20722,1.82897403725509,21.7450053083679,62.4123422159888,219.239250186664
"L13_236",5885,24033,1.62276869304706,21.5453751092248,49.4389901823282,227.134292437153
"L13_237",4930,18592,1.64586919104991,21.9449225473322,36.4656381486676,235.029334687642
"L13_238",5321,20467,1.71984169638931,19.8954414423218,23.492286115007,242.924376938131
"L13_239",5576,21849,1.92686164126505,19.2457320701176,10.5189340813464,250.819419188621
"L13_242",4578,15511,1.45058345690155,18.0581522790278,228.611500701262,10.3242860198706
"L13_243",4052,12597,1.9210923235691,17.1231245534651,228.962131837307,25.5070595785038
"L13_244",3612,10722,2.41559410557732,15.6593919044954,229.312762973352,40.689833137137
"L13_245",3658,10718,2.45381601044971,17.2980033588356,229.663394109397,55.8726066957702
"L13_246",4205,13080,2.5611620795107,16.4449541284404,230.014025245442,71.0553802544034
"L13_247",4140,13099,2.42766623406367,16.1844415604245,230.364656381487,86.2381538130367
"L13_248",4591,15313,2.52073401684843,17.0574022072749,230.715287517532,101.42092737167
"L13_249",4138,13308,2.53231139164412,18.7105500450857,231.065918653576,116.603700930303
"L13_250",3969,12330,2.4330900243309,17.2992700729927,231.416549789621,131.786474488936
"L13_251",3853,11878,2.86243475332548,16.8799461188752,218.443197755961,139.681516739426
"L13_252",4275,13827,2.57467274173718,16.4894771100022,205.4698457223,147.576558989915
"L13_253",4697,16470,2.07043108682453,18.1420765027322,192.49649368864,155.471601240404
"L13_254",4461,15130,2.49173826834104,18.797091870456,179.523141654979,163.366643490893
"L13_255",3378,9670,1.923474663909,17.0941054808687,166.549789621318,171.261685741383
"L13_256",3402,9445,1.82106934886183,16.6966649020646,153.576437587658,179.156727991872
"L13_257",3515,10123,1.95594191445224,16.3390299318384,140.603085553997,187.051770242361
"L13_258",4212,13811,2.30975309535877,15.8496850336688,127.629733520337,194.94681249285
"L13_259",4940,17456,1.88473877176902,16.1778185151237,114.656381486676,202.84185474334
"L13_260",5364,20237,2.05069921431042,18.6786579038395,101.683029453015,210.736896993829
"L13_261",5569,21201,1.78293476722796,17.5887929814631,88.7096774193548,218.631939244318
"L13_262",5650,22656,2.41437146892655,18.6264124293785,75.7363253856942,226.526981494808
"L13_263",5316,19741,2.15287979332354,18.9048173851375,62.7629733520337,234.422023745297
"L13_264",5685,22873,1.98050102741223,20.0629563240502,49.7896213183731,242.317065995786
"L13_265",5929,23918,1.90651392256878,19.6630153022828,36.8162692847125,250.212108246275
"L13_266",5278,20297,1.8081489875351,19.8797851899295,23.8429172510519,258.107150496765
"L13_267",4723,16881,2.21550855991944,17.8070019548605,10.8695652173913,266.002192747254
"L13_269",3198,9235,1.53762858689767,21.4834867352463,241.584852734923,2.42924376938131
"L13_270",4290,13960,1.66905444126074,19.4484240687679,241.935483870968,17.6120173280145
"L13_271",3880,11916,1.99731453507889,16.7841557569654,242.286115007013,32.7947908866477
"L13_272",3422,9760,2.34631147540984,16.8852459016393,242.636746143058,47.977564445281
"L13_273",3450,9966,2.60887015853903,16.8171784065824,242.987377279102,63.1603380039142
"L13_274",4494,14926,2.45879673053732,15.2686587163339,243.338008415147,78.3431115625474
"L13_275",4602,15665,2.40663900414938,16.0102138525375,243.688639551192,93.5258851211806
"L13_276",4334,13824,2.64033564814815,17.0789930555556,244.039270687237,108.708658679814
"L13_277",3991,12654,2.64738422633159,16.9985775248933,244.389901823282,123.891432238447
"L13_278",4484,15227,2.42989426676299,15.8337164247718,244.740532959327,139.07420579708
"L13_279",4065,13279,2.60561789291362,16.5449205512463,231.767180925666,146.96924804757
"L13_280",3867,12112,2.28698811096433,15.9098414795244,218.793828892006,154.864290298059
"L13_281",4865,18196,1.79160255001099,20.1088151242031,205.820476858345,162.759332548548
"L13_282",4496,15622,1.7603379848931,21.1048521316093,192.847124824684,170.654374799037
"L13_283",3368,9674,2.30514781889601,18.6996071945421,179.873772791024,178.549417049527
"L13_284",4086,12304,1.54421326397919,14.1173602080624,166.900420757363,186.444459300016
"L13_285",3302,9056,1.71157243816254,15.3268551236749,153.927068723703,194.339501550505
"L13_286",3850,11361,1.65478390986709,16.3453921309744,140.953716690042,202.234543800994
"L13_287",4923,17333,2.11734841054636,16.9734033346795,127.980364656381,210.129586051484
"L13_288",5421,20404,1.89668692413252,18.4179572632817,115.007012622721,218.024628301973
"L13_289",5078,18298,2.17510110394579,16.9745327358181,102.03366058906,225.919670552462
"L13_290",5254,20080,2.22111553784861,17.3705179282869,89.0603085553997,233.814712802952
"L13_291",5700,22353,2.03104728671767,17.1207444190936,76.0869565217391,241.709755053441
"L13_292",6495,28275,1.61626878868258,19.3704686118479,63.1136044880785,249.60479730393
"L13_293",6547,29104,1.6870533260033,20.0831500824629,50.140252454418,257.499839554419
"L13_294",5802,23679,1.22049073018286,22.2137759195912,37.1669004207574,265.394881804909
"L13_295",4652,16977,2.03216115921541,19.2613535960417,24.1935483870968,273.289924055398
"L13_296",4318,14365,2.06752523494605,17.7097111033763,11.2201963534362,281.184966305887
"L13_299",4836,17047,1.70704522789934,21.4172581685927,254.908835904628,9.71697507752526
"L13_300",4214,13479,1.79538541434825,19.5860227019809,255.259467040673,24.8997486361585
"L13_301",4396,14863,1.99825068963197,17.9035188050865,255.610098176718,40.0825221947917
"L13_302",3571,10680,2.64044943820225,17.2940074906367,255.960729312763,55.2652957534249
"L13_303",3668,11176,2.60379384395132,15.8554044380816,256.311360448808,70.4480693120581
"L13_304",4313,13586,2.15663182688061,15.18474900633,256.661991584853,85.6308428706913
"L13_305",4490,14860,2.46298788694482,15.3633916554509,257.012622720898,100.813616429325
"L13_306",3719,11136,2.24497126436782,16.8462643678161,257.363253856942,115.996389987958
"L13_307",3781,11583,2.59000259000259,15.8853492186826,257.713884992987,131.179163546591
"L13_308",4521,15708,2.51464222052457,16.4693149987268,258.064516129032,146.361937105224
"L13_309",4320,14446,2.58202962757857,17.7073238266648,245.091164095372,154.256979355713
"L13_310",4352,14424,2.09373266777593,17.859123682751,232.117812061711,162.152021606203
"L13_311",4249,14725,1.92869269949066,16.597623089983,219.14446002805,170.047063856692
"L13_312",4830,18007,1.96034875326262,19.6423613039374,206.17110799439,177.942106107181
"L13_313",4037,12904,1.91413515189089,19.8078115313081,193.197755960729,185.837148357671
"L13_314",2831,7414,2.36039924467224,16.7116266522795,180.224403927069,193.73219060816
"L13_315",3628,10071,1.53907258464899,13.7225697547413,167.251051893408,201.627232858649
"L13_316",3207,8952,1.7426273458445,16.3985701519214,154.277699859748,209.522275109138
"L13_317",4838,17674,1.58424804798008,20.8045716872242,141.304347826087,217.417317359628
"L13_318",5640,22908,1.75484546883185,20.1108782957919,128.330995792426,225.312359610117
"L13_319",4753,16310,2.12752912323728,17.6456161863887,115.357643758766,233.207401860606
"L13_320",4524,15523,2.17097210590736,16.9232751401147,102.384291725105,241.102444111095
"L13_321",5019,18671,2.35659579026297,18.3011086712013,89.4109396914446,248.997486361585
"L13_322",5725,22397,2.15653882216368,17.8639996428093,76.437587657784,256.892528612074
"L13_323",5749,22782,1.66798349574225,18.0712843472917,63.4642356241234,264.787570862563
"L13_324",5675,22716,1.75647120972002,19.9154780771263,50.4908835904628,272.682613113053
"L13_325",4977,18237,1.7546745627022,19.2685200416735,37.5175315568022,280.577655363542
"L13_326",4999,18656,2.48713550600343,19.6022727272727,24.5441795231417,288.472697614031
"L13_327",4674,16491,2.0556667273058,17.8946091807653,11.5708274894811,296.36773986452
"L13_330",4173,13286,2.07737468011441,18.5307842842089,268.232819074334,17.0047063856692
"L13_331",4606,15110,2.09133024487095,17.8491065519523,268.583450210379,32.1874799443024
"L13_332",3983,12761,2.26471279680276,17.4045921166053,268.934081346424,47.3702535029356
"L13_333",3656,11129,2.33623865576422,16.0571479917333,269.284712482468,62.5530270615688
"L13_334",3958,12040,2.30897009966777,16.187707641196,269.635343618513,77.7358006202021
"L13_335",4865,17131,2.39915941859786,16.7707664467924,269.985974754558,92.9185741788353
"L13_336",4854,16662,2.26263353739047,17.6809506661865,270.336605890603,108.101347737468
"L13_337",3806,11793,2.94242347155092,16.4504366997371,270.687237026648,123.284121296102
"L13_338",4683,16714,2.51286346775159,15.0532487734833,271.037868162693,138.466894854735
"L13_339",4315,14315,2.66154383513797,17.0310862731401,271.388499298738,153.649668413368
"L13_340",4372,14121,2.56355782168402,16.6702074923872,258.415147265077,161.544710663857
"L13_341",3967,13482,2.52929832369085,19.1959649903575,245.441795231417,169.439752914347
"L13_342",4830,17371,2.17604052731564,18.277589085257,232.468443197756,177.334795164836
"L13_343",4728,19319,2.23096433562814,15.0318339458564,219.495091164095,185.229837415325
"L13_344",4168,13815,2.37423090843286,17.8501628664495,206.521739130435,193.124879665814
"L13_345",2961,7926,2.76305828917487,18.0671208680293,193.548387096774,201.019921916304
"L13_346",3356,9236,1.92724122996968,14.1186660892161,180.575035063114,208.914964166793
"L13_347",3213,8427,2.01732526403228,13.2431470274119,167.601683029453,216.810006417282
"L13_348",3977,12615,1.9500594530321,18.4938565200159,154.628330995792,224.705048667772
"L13_349",5154,19581,1.7057351514223,19.830447883152,141.654978962132,232.600090918261
"L13_350",4868,18163,2.08115399438419,18.9506138853714,128.681626928471,240.49513316875
"L13_351",4977,18464,2.07972270363951,18.1434142114385,115.708274894811,248.390175419239
"L13_352",4378,15047,2.21306572738752,17.0731707317073,102.73492286115,256.285217669729
"L13_353",4790,17233,2.36174780943539,17.8668833052864,89.7615708274895,264.180259920218
"L13_354",4978,18616,2.01439621830683,19.622905027933,76.7882187938289,272.075302170707
"L13_355",4847,17889,1.98445972385265,19.950807758958,63.8148667601683,279.970344421196
"L13_356",4421,15843,1.69159881335606,18.127879820741,50.8415147265077,287.865386671686
"L13_357",5015,19253,1.70363060302291,17.3375577832026,37.8681626928471,295.760428922175
"L13_358",4266,14820,1.93657219973009,18.4480431848853,24.8948106591865,303.655471172664
"L13_359",4275,14088,1.62549687677456,19.6692220329358,11.9214586255259,311.550513423154
"L13_362",4680,15338,2.00808449602295,16.6123353761899,281.206171107994,9.10966413517993
"L13_363",4094,12684,1.90003153579313,16.9031851151056,281.556802244039,24.2924376938131
"L13_364",4114,13117,2.25661355492872,15.8954029122513,281.907433380084,39.4752112524464
"L13_365",4276,13488,1.93505338078292,15.0281731909846,282.258064516129,54.6579848110796
"L13_366",3565,10302,2.45583381867599,16.0260143661425,282.608695652174,69.8407583697128
"L13_367",3313,9521,2.75181178447642,17.2460875958408,282.959326788219,85.023531928346
"L13_368",4879,16564,2.37261531031152,17.157691378894,283.309957924264,100.206305486979
"L13_369",4396,14221,2.41895787919274,16.0959144926517,283.660589060308,115.389079045612
"L13_370",3867,11912,2.66957689724647,15.5221625251847,284.011220196353,130.571852604246
"L13_371",3890,11665,2.63180454350621,16.9652807543935,284.361851332398,145.754626162879
"L13_372",3681,11107,2.51192941388314,17.6735392095075,284.712482468443,160.937399721512
"L13_373",4090,12481,2.09919076997036,16.6813556606041,271.739130434783,168.832441972001
"L13_374",4408,14498,2.30376603669472,16.6160849772382,258.765778401122,176.727484222491
"L13_375",4836,18527,1.86214713661143,22.4321260862525,245.792426367461,184.62252647298
"L13_376",4252,14777,2.67307301888069,17.5069364553022,232.819074333801,192.517568723469
"L13_377",4169,14199,2.43679132333263,16.3250933164307,219.84572230014,200.412610973958
"L13_378",3537,10051,2.70619838822008,15.898915530793,206.87237026648,208.307653224448
"L13_379",3554,10663,2.34455594110475,16.5150520491419,193.899018232819,216.202695474937
"L13_380",3082,8059,2.09703437151011,15.0887206849485,180.925666199158,224.097737725426
"L13_381",3082,8443,2.21485254056615,16.889731138221,167.952314165498,231.992779975916
"L13_382",4729,16719,1.64483521741731,20.5634308272026,154.978962131837,239.887822226405
"L13_383",4401,15432,2.09305339554173,18.5588387765682,142.005610098177,247.782864476894
"L13_384",5054,18720,2.16880341880342,19.4978632478632,129.032258064516,255.677906727383
"L13_385",4477,15973,2.22876103424529,17.5984473799537,116.058906030856,263.572948977873
"L13_386",4414,15006,2.41903238704518,18.4726109556178,103.085553997195,271.467991228362
"L13_387",4276,14152,2.31769361221029,19.431882419446,90.1122019635344,279.363033478851
"L13_388",4943,17955,2.57309941520468,17.4436090225564,77.1388499298738,287.25807572934
"L13_389",4196,14569,2.42295284508202,17.6882421580067,64.1654978962132,295.15311797983
"L13_390",4258,14526,2.07214649593832,16.473908853091,51.1921458625526,303.048160230319
"L13_391",4238,14282,1.82747514353732,19.3040190449517,38.218793828892,310.943202480808
"L13_392",4959,18473,1.68353813674011,19.7315000270665,25.2454417952314,318.838244731297
"L13_393",3976,12832,1.64432668329177,20.7917705735661,12.2720897615708,326.733286981787
"L13_395",3605,10440,2.03065134099617,16.7816091954023,294.179523141655,1.21462188469066
"L13_396",4289,13366,2.1846476133473,15.9958102648511,294.5301542777,16.3973954433239
"L13_397",4458,13779,2.55461209086291,15.6107119529719,294.880785413745,31.5801690019571
"L13_398",4279,13081,2.54567693601407,15.9238590321841,295.23141654979,46.7629425605903
"L13_399",3804,10824,2.60532150776053,15.9922394678492,295.582047685834,61.9457161192235
"L13_400",3411,9693,2.30062932012793,18.4772516248839,295.932678821879,77.1284896778567
"L13_401",3808,11951,2.21738766630408,17.4127688059577,296.283309957924,92.3112632364899
"L13_402",4496,15111,2.3029581099861,16.8155648203296,296.633941093969,107.494036795123
"L13_403",4146,13278,2.3120951950595,17.0808856755535,296.984572230014,122.676810353756
"L13_404",4077,12268,2.69807629605478,17.0850994457124,297.335203366059,137.85958391239
"L13_405",4406,13162,2.21850782555843,15.6815073697007,297.685834502104,153.042357471023
"L13_406",4300,12922,2.17458597740288,18.3021204147965,298.036465638149,168.225131029656
"L13_407",4799,16858,2.48546684066912,17.5109740182703,285.063113604488,176.120173280145
"L13_408",4911,18651,2.11248726609833,18.7228566832878,272.089761570827,184.015215530635
"L13_409",4710,16603,1.54791302776607,20.4360657712462,259.116409537167,191.910257781124
"L13_410",4746,17061,2.1628275013188,18.433854990915,246.143057503506,199.805300031613
"L13_411",4542,16004,2.5806048487878,18.0829792551862,233.169705469846,207.700342282102
"L13_412",4331,14494,2.79425969366634,18.2972264385263,220.196353436185,215.595384532592
"L13_413",4151,12907,3.3160300612071,15.3715038351282,207.223001402525,223.490426783081
"L13_414",3498,10006,2.43853687787328,15.490705576654,194.249649368864,231.38546903357
"L13_415",2920,7796,2.12929707542329,16.2006157003592,181.276297335203,239.280511284059
"L13_416",3790,11609,2.21379963821173,18.7096218451202,168.302945301543,247.175553534549
"L13_417",4179,13370,2.19895287958115,18.6312640239342,155.329593267882,255.070595785038
"L13_418",4153,14326,2.38028758899902,17.8486667597375,142.356241234222,262.965638035527
"L13_419",4619,16249,2.2955258785156,17.404147947566,129.382889200561,270.860680286017
"L13_420",4323,14195,2.33180697428672,17.7456851003875,116.4095371669,278.755722536506
"L13_421",4876,17648,2.11355394378966,18.4893472348141,103.43618513324,286.650764786995
"L13_422",5060,18252,2.20797720797721,18.4472934472934,90.4628330995792,294.545807037484
"L13_423",4537,16101,2.38494503446991,18.2659462145208,77.4894810659187,302.440849287974
"L13_424",4022,12623,2.01219995246772,18.0147350075259,64.5161290322581,310.335891538463
"L13_425",3951,12737,1.97848786998508,18.5836539216456,51.5427769985975,318.230933788952
"L13_426",4927,18316,1.5068792312732,19.8187377156584,38.5694249649369,326.125976039441
"L13_427",5038,18953,1.77280641587084,19.3162032395927,25.5960729312763,334.021018289931
"L13_428",5139,18963,1.34472393608606,20.8458577229341,12.6227208976157,341.91606054042
"L13_431",5127,16823,1.88432503120728,16.8459846638531,307.50350631136,8.5023531928346
"L13_432",4332,12603,2.17408553519003,15.5518527334762,307.854137447405,23.6851267514678
"L13_433",4190,11983,2.21146624384545,15.7222732203956,308.20476858345,38.867900310101
"L13_434",4256,13162,1.80823583042091,17.3301929797903,308.555399719495,54.0506738687342
"L13_435",3895,11136,2.31681034482759,19.5941091954023,308.90603085554,69.2334474273675
"L13_436",3410,9573,2.2563459730492,19.8683798182388,309.256661991585,84.4162209860007
"L13_437",4198,13401,2.6565181702858,15.1481232743825,309.60729312763,99.5989945446339
"L13_438",4079,13603,2.74939351613615,17.0256561052709,309.957924263675,114.781768103267
"L13_439",4042,12339,2.60150741551179,16.7841802415107,310.308555399719,129.9645416619
"L13_440",4348,13556,2.55975213927412,17.5346709943936,310.659186535764,145.147315220534
"L13_441",4777,15769,1.75026951613926,18.7519817363181,311.009817671809,160.330088779167
"L13_442",5360,19893,1.53320263409239,20.4896194641331,311.360448807854,175.5128623378
"L13_443",5388,20671,2.06569590247206,19.7910115620918,298.387096774194,183.407904588289
"L13_444",5453,21924,2.28060572888159,20.3156358328772,285.413744740533,191.302946838778
"L13_445",4996,18227,2.12322378888462,20.3324738026005,272.440392706872,199.197989089268
"L13_446",4854,18214,1.7184583287581,21.8897551334139,259.467040673212,207.093031339757
"L13_447",4894,17799,2.13495140176414,17.9167368953312,246.493688639551,214.988073590246
"L13_448",5247,19419,2.1010350687471,18.1008290849168,233.520336605891,222.883115840736
"L13_449",4723,16695,2.21024258760108,18.8259958071279,220.54698457223,230.778158091225
"L13_450",3539,10322,2.70296454175547,16.8184460375896,207.573632538569,238.673200341714
"L13_451",3132,8518,2.33622916177506,14.0525945057525,194.600280504909,246.568242592203
"L13_452",3432,9934,1.78175961344876,16.2371652909201,181.626928471248,254.463284842693
"L13_453",4165,13158,2.21918224654203,17.8066575467396,168.653576437588,262.358327093182
"L13_454",4535,15594,2.35346928305759,16.5576503783506,155.680224403927,270.253369343671
"L13_455",4711,17267,2.10227601783749,19.5227891353449,142.706872370266,278.148411594161
"L13_456",4524,15763,2.25845334010023,16.3040030451056,129.733520336606,286.04345384465
"L13_457",5677,22630,2.08130799823243,17.5651789659744,116.760168302945,293.938496095139
"L13_458",5157,19038,1.85943901670344,17.1446580523164,103.786816269285,301.833538345628
"L13_459",4785,17477,1.96830119585741,20.4325685186245,90.8134642356241,309.728580596118
"L13_460",4862,17713,1.73319031220008,21.6281826906792,77.8401122019635,317.623622846607
"L13_461",4060,13317,1.98242847488173,18.6228129458587,64.8667601683029,325.518665097096
"L13_462",5068,18672,1.9280205655527,18.337617823479,51.8934081346424,333.413707347585
"L13_463",5286,19879,1.9316867045626,19.0955279440616,38.9200561009818,341.308749598075
"L13_464",5741,22725,1.66336633663366,19.3487348734873,25.9467040673212,349.203791848564
"L13_465",5774,23640,1.37478849407783,21.4424703891709,12.9733520336606,357.098834099053
"L13_467",2751,6577,1.73331306066596,15.0068420252395,320.476858345021,0.607310942345329
"L13_468",4588,13467,1.78955966436474,14.5095418430237,320.827489481066,15.7900845009785
"L13_469",4276,12528,2.33077905491699,15.2697956577267,321.178120617111,30.9728580596118
"L13_470",3701,10501,2.68545852775926,16.0079992381678,321.528751753156,46.155631618245
"L13_471",3580,10166,2.25260672831005,17.6175486917175,321.879382889201,61.3384051768782
"L13_472",3827,11429,2.33616239391023,17.5780908215942,322.230014025245,76.5211787355114
"L13_473",3962,12162,1.9980266403552,16.9708929452393,322.58064516129,91.7039522941446
"L13_474",4416,14954,2.08639828808346,17.9818108867193,322.931276297335,106.886725852778
"L13_475",4435,15440,2.02072538860104,16.1787564766839,323.28190743338,122.069499411411
"L13_476",4608,14554,2.26741789198846,15.6795382712656,323.632538569425,137.252272970044
"L13_477",4248,12715,1.41565080613449,18.010224144711,323.98316970547,152.435046528677
"L13_478",4755,15364,1.57511064826868,17.6451444936215,324.333800841515,167.617820087311
"L13_479",4816,16549,1.7463290833283,19.6930328116503,324.68443197756,182.800593645944
"L13_480",4564,15883,2.4050872001511,19.2218094818359,311.711079943899,190.695635896433
"L13_481",4075,13302,2.42068861825289,18.7941662907833,298.737727910238,198.590678146922
"L13_482",4629,15858,2.27645352503468,19.2710303947534,285.764375876578,206.485720397412
"L13_483",5252,20405,1.87699093359471,21.852487135506,272.791023842917,214.380762647901
"L13_484",4454,15612,2.33153984114783,18.6202920830131,259.817671809257,222.27580489839
"L13_485",4435,14826,1.93578847969783,17.0241467691893,246.844319775596,230.17084714888
"L13_486",4237,14046,2.38502064644739,18.0264844083725,233.870967741935,238.065889399369
"L13_487",4765,16930,2.18546958062611,17.867690490254,220.897615708275,245.960931649858
"L13_488",4253,14073,2.33070418531941,16.9118169544518,207.924263674614,253.855973900347
"L13_489",4310,13994,1.83650135772474,17.6790052879806,194.950911640954,261.751016150837
"L13_490",4107,13376,2.0633971291866,19.056519138756,181.977559607293,269.646058401326
"L13_491",3488,10584,2.12585034013605,16.921768707483,169.004207573633,277.541100651815
"L13_492",4286,14486,2.67844815684109,17.5824934419439,156.030855539972,285.436142902304
"L13_493",5188,18867,2.20490804049398,16.8919277044575,143.057503506311,293.331185152794
"L13_494",5398,21254,2.22546344217559,17.6155076691446,130.084151472651,301.226227403283
"L13_495",4858,17910,2.1608040201005,17.5879396984925,117.11079943899,309.121269653772
"L13_496",5346,20840,1.6746641074856,22.3800383877159,104.13744740533,317.016311904261
"L13_497",5824,24397,1.48788785506415,23.0971021027175,91.164095371669,324.911354154751
"L13_498",4649,16889,1.71709396648706,20.5814435431346,78.1907433380084,332.80639640524
"L13_499",4305,14752,2.38611713665944,17.6925162689805,65.2173913043478,340.701438655729
"L13_500",4933,17903,2.0890353572027,18.7287046863654,52.2440392706872,348.596480906219
"L13_501",6055,25058,1.77188921701652,18.5928645542342,39.2706872370266,356.491523156708
"L13_502",5957,25342,1.669165811696,20.4758898271644,26.2973352033661,364.386565407197
"L13_503",4998,18299,1.743264659271,19.6841357451227,13.3239831697055,372.281607657686
"L13_504",3880,12085,1.29913115432354,19.528340918494,0,364.993876349542
"L13_505",4636,14464,1.91509955752212,15.279314159292,333.800841514726,7.89504225048927
"L13_506",4736,14470,1.81755355908777,14.4782308223912,334.151472650771,23.0778158091225
"L13_507",4035,11841,2.82070771049742,15.7250232243898,334.502103786816,38.2605893677557
"L13_508",3312,9334,2.63552603385472,16.3381187058067,334.852734922861,53.4433629263889
"L13_509",3850,11227,2.23568183842522,17.0749087022357,335.203366058906,68.6261364850221
"L13_510",4168,13286,1.79888604546139,17.4695167845853,335.553997194951,83.8089100436553
"L13_511",4460,14943,1.92063173392224,17.185304155792,335.904628330996,98.9916836022886
"L13_512",4474,15697,2.05134739122125,17.0351022488374,336.255259467041,114.174457160922
"L13_513",4221,13003,1.77651311235869,15.7425209567023,336.605890603086,129.357230719555
"L13_514",4421,13993,1.84377903237333,16.0222968627171,336.95652173913,144.540004278188
"L13_515",4366,13736,1.95835760046593,16.8535235876529,337.307152875175,159.722777836821
"L13_516",4702,15336,1.72796035472092,17.9121022430882,337.65778401122,174.905551395455
"L13_517",3977,12459,2.31158198892367,19.0625250822698,338.008415147265,190.088324954088
"L13_518",3580,10576,2.56240544629349,17.1709531013616,325.035063113604,197.983367204577
"L13_519",3738,11528,2.76717557251908,16.7591950034698,312.061711079944,205.878409455066
"L13_520",3720,11272,2.36870120652945,18.3463449254791,299.088359046283,213.773451705556
"L13_521",4376,14595,2.1034600890716,19.3696471394313,286.115007012623,221.668493956045
"L13_522",4794,16813,1.92708023553203,19.211324570273,273.141654978962,229.563536206534
"L13_523",3805,12261,2.27550770736482,18.2040616589185,260.168302945302,237.458578457023
"L13_524",4561,15650,2.185303514377,18.1725239616613,247.194950911641,245.353620707513
"L13_525",4638,16384,2.252197265625,17.547607421875,234.22159887798,253.248662958002
"L13_526",4287,14692,2.76340865777294,18.2003811598149,221.24824684432,261.143705208491
"L13_527",5098,19561,2.07044629620163,19.0276570727468,208.274894810659,269.038747458981
"L13_528",5097,18355,1.53636611277581,21.067828929447,195.301542776999,276.93378970947
"L13_529",4282,14201,2.16886134779241,18.921202732202,182.328190743338,284.828831959959
"L13_530",4166,14300,2.44055944055944,17.006993006993,169.354838709677,292.723874210448
"L13_531",4444,15156,2.40168910002639,16.7854315122724,156.381486676017,300.618916460938
"L13_532",4705,16637,2.21794794734628,18.3446534832001,143.408134642356,308.513958711427
"L13_533",5374,21005,2.05665317781481,19.5239228755058,130.434782608696,316.409000961916
"L13_534",5661,22919,2.16414328722894,20.0881364806492,117.461430575035,324.304043212405
"L13_535",6051,27532,1.59450820862996,22.9224175504867,104.488078541374,332.199085462895
"L13_536",5256,20417,1.89547925748151,19.7825341627075,91.5147265077139,340.094127713384
"L13_537",4849,17096,1.73139915769771,19.542583060365,78.5413744740533,347.989169963873
"L13_538",4666,16823,2.32419901325566,17.3155798609047,65.5680224403927,355.884212214362
"L13_539",5736,23250,2.03440860215054,19.7333333333333,52.5946704067321,363.779254464852
"L13_540",5622,22224,1.84485241180706,18.8489920806336,39.6213183730715,371.674296715341
"L13_541",5261,19254,1.44385582216682,18.6298950867352,26.6479663394109,379.56933896583
"L13_542",4399,14331,1.30486358244365,19.9637150233759,13.6746143057503,387.46438121632
"L13_543",3708,11304,1.30042462845011,20.2229299363057,0.350631136044881,380.176649908176
"L13_545",4429,13202,2.067868504772,14.1114982578397,347.124824684432,15.1827735586332
"L13_546",4797,15214,2.09675299066649,14.6838438280531,347.475455820477,30.3655471172664
"L13_547",3800,10968,2.31582786287381,15.8096280087527,347.826086956522,45.5483206758996
"L13_548",3207,8717,2.89090283354365,16.0605712974647,348.176718092567,60.7310942345328
"L13_549",3586,10374,2.72797378060536,16.782340466551,348.527349228612,75.9138677931661
"L13_550",3900,12186,2.69981946495979,17.9878549154768,348.877980364656,91.0966413517993
"L13_551",3760,11267,2.03248424602822,16.7746516375255,349.228611500701,106.279414910432
"L13_552",3842,11177,2.0935850407086,15.648206137604,349.579242636746,121.462188469066
"L13_553",4110,12265,1.97309417040359,15.0835711373828,349.929873772791,136.644962027699
"L13_554",4000,11806,2.40555649669659,15.4836523801457,350.280504908836,151.827735586332
"L13_555",4299,12995,2.11619853789919,16.567910734898,350.631136044881,167.010509144965
"L13_556",4623,14373,2.23335420580255,17.4841717108467,350.981767180926,182.193282703599
"L13_557",4159,13339,2.33900592248294,18.7045505660094,351.332398316971,197.376056262232
"L13_558",4795,16600,2.39156626506024,17.2650602409639,338.35904628331,205.271098512721
"L13_559",4540,14689,2.10361494996256,17.2986588603717,325.385694249649,213.16614076321
"L13_560",4294,14080,2.34375,17.0525568181818,312.412342215989,221.0611830137
"L13_561",3770,11481,2.22106088319833,16.7668321574776,299.438990182328,228.956225264189
"L13_562",3548,10558,2.19738586853571,16.7171812843342,286.465638148668,236.851267514678
"L13_563",3419,10110,2.28486646884273,17.7151335311573,273.492286115007,244.746309765167
"L13_564",4012,12448,2.37789203084833,15.9142030848329,260.518934081346,252.641352015657
"L13_565",4594,16497,1.84882099775717,18.9246529672062,247.545582047686,260.536394266146
"L13_566",4483,15156,1.93982581155978,18.712061229876,234.572230014025,268.431436516635
"L13_567",4948,18320,2.01965065502183,17.8438864628821,221.598877980365,276.326478767125
"L13_568",4909,18306,1.92832950945045,19.2942204741615,208.625525946704,284.221521017614
"L13_569",5035,18234,1.82077437753647,20.2917626412197,195.652173913043,292.116563268103
"L13_570",3992,12988,2.64859870649831,17.4083769633508,182.678821879383,300.011605518592
"L13_571",4831,17393,2.21353418041741,16.8631058471799,169.705469845722,307.906647769082
"L13_572",5037,18606,2.38632699129313,16.6720412770074,156.732117812062,315.801690019571
"L13_573",5420,20616,2.18762126503686,18.4565386107877,143.758765778401,323.69673227006
"L13_574",5641,22660,1.97705207413945,19.5719329214475,130.785413744741,331.591774520549
"L13_575",4651,17525,2.1055634807418,21.3865905848787,117.81206171108,339.486816771039
"L13_576",4773,17162,2.0335625218506,19.4557743852698,104.838709677419,347.381859021528
"L13_577",5162,18813,1.90825493010153,18.2320735661511,91.8653576437588,355.276901272017
"L13_578",5440,21302,1.79795324382687,19.1296591869308,78.8920056100982,363.171943522506
"L13_579",4408,15286,1.89061886693707,17.8529373282742,65.9186535764376,371.066985772996
"L13_580",5223,19686,2.15889464594128,18.2718683328254,52.945301542777,378.962028023485
"L13_581",5433,21122,1.66177445317678,18.8665846037307,39.9719495091164,386.857070273974
"L13_582",4607,16367,1.71075945500092,18.6350583491171,26.9985974754558,394.752112524464
"L13_583",4711,16337,1.6526902124013,18.7488522984636,14.0252454417952,402.647154774953
"L13_584",3414,9648,1.37852404643449,19.0505804311774,0.701262272089762,395.359423466809
"L13_585",4293,13076,2.03426124197002,13.520954420312,360.098176718093,7.28773130814394
"L13_586",4617,14577,2.37360225012005,13.8574466625506,360.448807854137,22.4705048667772
"L13_587",4224,12452,2.21651140379056,15.6521040796659,360.799438990182,37.6532784254104
"L13_588",4247,12479,2.81272537863611,14.5203942623608,361.150070126227,52.8360519840436
"L13_589",3909,11187,2.87834093143828,15.1693930454992,361.500701262272,68.0188255426768
"L13_590",3795,11337,2.3374790508953,18.3205433536209,361.851332398317,83.20159910131
"L13_591",3677,10868,2.50276039749724,17.6481413323519,362.201963534362,98.3843726599432
"L13_592",3842,10859,2.50483469932775,15.0934708536698,362.552594670407,113.567146218576
"L13_593",4119,11448,2.41963661774983,15.1554856743536,362.903225806452,128.74991977721
"L13_594",3993,11742,2.46125021291092,15.5084312723556,363.253856942496,143.932693335843
"L13_595",4023,11659,2.85616262115104,15.781799468222,363.604488078541,159.115466894476
"L13_596",3674,10663,2.75719778673919,18.9533902278908,363.955119214586,174.298240453109
"L13_597",4494,14586,1.91964897847251,21.2738242150007,364.305750350631,189.481014011743
"L13_598",4295,13926,1.81674565560821,20.0129254631624,364.656381486676,204.663787570376
"L13_599",4561,14757,2.22267398522735,17.4967811885885,351.683029453015,212.558829820865
"L13_600",4753,16872,1.87885253674727,17.4312470365102,338.709677419355,220.453872071354
"L13_601",3816,11561,2.06729521667676,16.7805553152841,325.736325385694,228.348914321844
"L13_602",3623,10701,2.21474628539389,16.148023549201,312.762973352034,236.243956572333
"L13_603",3400,9926,2.12573040499698,16.4114446907113,299.789621318373,244.138998822822
"L13_604",2696,7388,2.63941526800217,18.7466161342718,286.816269284712,252.034041073311
"L13_605",2440,6244,2.73862908392056,18.0333119795003,273.842917251052,259.929083323801
"L13_606",2899,7896,2.55825734549139,16.8946301925025,260.869565217391,267.82412557429
"L13_607",2761,7584,2.09651898734177,18.8422995780591,247.896213183731,275.719167824779
"L13_608",3677,10905,2.03576341127923,15.5983493810179,234.92286115007,283.614210075268
"L13_609",4635,16200,2.00617283950617,18.7345679012346,221.94950911641,291.509252325758
"L13_610",5090,18852,1.80882664969234,19.3613409717802,208.976157082749,299.404294576247
"L13_611",4418,14627,1.81855472755862,18.6162576057975,196.002805049088,307.299336826736
"L13_612",4465,14626,2.33830165458772,17.0039655408177,183.029453015428,315.194379077226
"L13_613",4773,16846,1.83426332660572,18.2239107206459,170.056100981767,323.089421327715
"L13_614",4918,18845,2.51525603608384,17.1239055452375,157.082748948107,330.984463578204
"L13_615",5173,19876,2.03763332662508,17.4028979673979,144.109396914446,338.879505828693
"L13_616",4399,15900,2.23270440251572,19.7547169811321,131.136044880785,346.774548079183
"L13_617",4452,15690,2.12237093690249,18.8910133843212,118.162692847125,354.669590329672
"L13_618",5165,19755,1.93368767400658,19.9949379903822,105.189340813464,362.564632580161
"L13_619",5375,21389,1.82336715133947,17.6118565617841,92.2159887798036,370.45967483065
"L13_620",4985,18105,2.25352112676056,19.2101629384148,79.242636746143,378.35471708114
"L13_621",4264,14360,2.38161559888579,18.3774373259053,66.2692847124825,386.249759331629
"L13_622",5816,24000,1.72083333333333,19.9416666666667,53.2959326788219,394.144801582118
"L13_623",5048,18852,2.12709526840654,18.549755994059,40.3225806451613,402.039843832608
"L13_624",4583,16222,2.1205769942054,18.6598446554062,27.3492286115007,409.934886083097
"L13_625",4423,14628,1.66803390757451,19.0183210281652,14.3758765778401,417.829928333586
"L13_626",3230,8674,1.68319114595342,18.2384136499885,1.05189340813464,410.542197025442
"L13_628",4189,12069,1.99685143756732,14.0608169690944,373.422159887798,14.5754626162879
"L13_629",4267,12949,2.47123329986872,14.4721600123562,373.772791023843,29.7582361749211
"L13_630",3983,11742,2.29092147845342,15.4402997785726,374.123422159888,44.9410097335543
"L13_631",3466,9367,2.77570193231558,15.0528450944806,374.474053295933,60.1237832921875
"L13_632",3844,11435,2.85089637079143,15.216440752077,374.824684431978,75.3065568508207
"L13_633",3674,10766,2.44287571985881,16.8121865130968,375.175315568022,90.489330409454
"L13_634",3474,9802,2.92797388288104,17.0577433176903,375.525946704067,105.672103968087
"L13_635",4044,11603,2.71481513401706,15.5907954839266,375.876577840112,120.85487752672
"L13_636",4032,11991,2.71036610791427,15.7368026019515,376.227208976157,136.037651085354
"L13_637",3849,11240,2.4644128113879,16.3167259786477,376.577840112202,151.220424643987
"L13_638",3853,11192,3.04681915654039,14.0725518227305,376.928471248247,166.40319820262
"L13_639",3468,10380,2.30250481695568,20.3371868978805,377.279102384292,181.585971761253
"L13_640",3632,10695,1.86068256194483,19.5044413277232,377.629733520337,196.768745319886
"L13_641",3297,9395,2.39489089941458,17.6583288983502,377.980364656381,211.95151887852
"L13_642",3612,10967,2.00601805416249,19.0662897784262,365.007012622721,219.846561129009
"L13_643",4571,15468,2.05585725368503,16.6408068269977,352.03366058906,227.741603379498
"L13_644",3817,11590,1.81190681622088,16.1259706643658,339.0603085554,235.636645629987
"L13_645",3136,8859,2.46077435376453,16.920645671069,326.086956521739,243.531687880477
"L13_646",2881,7891,2.24306171587885,15.7394500063363,313.113604488079,251.426730130966
"L13_647",2633,6610,2.63237518910741,15.7639939485628,300.140252454418,259.321772381455
"L13_648",2512,6195,2.30831315577078,15.4802259887006,287.166900420757,267.216814631945
"L13_649",2322,5340,2.17228464419476,14.0823970037453,274.193548387097,275.111856882434
"L13_650",2086,4846,2.20800660338423,15.8274865868758,261.220196353436,283.006899132923
"L13_651",2324,5912,2.96008119079838,18.0142083897158,248.246844319776,290.901941383412
"L13_652",2880,7648,2.26202928870293,17.3247907949791,235.273492286115,298.796983633902
"L13_653",3172,9286,2.18608658195132,17.7471462416541,222.300140252454,306.692025884391
"L13_654",4635,15854,2.20764475842059,20.7897060678693,209.326788218794,314.58706813488
"L13_655",4447,14882,2.26448058056713,17.9680150517404,196.353436185133,322.482110385369
"L13_656",4605,15624,2.310547875064,17.3323092677931,183.380084151473,330.377152635859
"L13_657",4563,15656,2.37608584568217,16.9583546244251,170.406732117812,338.272194886348
"L13_658",4856,18019,2.18658083134469,16.7767356679061,157.433380084151,346.167237136837
"L13_659",4715,17265,2.32261801332175,18.8010425716768,144.460028050491,354.062279387327
"L13_660",5028,19070,1.82485579444153,20.277923439958,131.48667601683,361.957321637816
"L13_661",5068,19406,2.03545295269504,19.1435638462331,118.51332398317,369.852363888305
"L13_662",5015,18400,2.21195652173913,17.0869565217391,105.539971949509,377.747406138794
"L13_663",5424,20703,1.93208713712988,19.0938511326861,92.5666199158485,385.642448389284
"L13_664",4245,14491,2.44979642536747,18.6184528327928,79.5932678821879,393.537490639773
"L13_665",4899,17930,2.40936977133296,17.4121583937535,66.6199158485273,401.432532890262
"L13_666",5325,20521,1.71531601773793,19.4434969056089,53.6465638148668,409.327575140751
"L13_667",4354,15049,1.98019801980198,18.9580703036747,40.6732117812062,417.222617391241
"L13_668",4262,14535,2.39422084623323,17.6676986584107,27.6998597475456,425.11765964173
"L13_669",4393,14567,2.01826045170591,19.9766595730075,14.726507713885,433.012701892219
"L13_670",3431,9772,1.45313139582481,19.607040523946,1.40252454417952,425.724970584075
"L13_672",4386,13185,2.28289723170269,14.19795221843,386.746143057504,21.8631939244318
"L13_673",4710,14537,2.65529338928252,13.3521359290087,387.096774193548,37.045967483065
"L13_674",4349,12909,2.10705709195135,15.268417383221,387.447405329593,52.2287410416983
"L13_675",3117,8407,2.35518020697038,15.5465683359106,387.798036465638,67.4115146003315
"L13_676",3106,8164,2.46202841744243,14.8824105830475,388.148667601683,82.5942881589647
"L13_677",3149,8240,2.94902912621359,14.9029126213592,388.499298737728,97.7770617175979
"L13_678",3776,10451,2.76528561860109,15.5296143909674,388.849929873773,112.959835276231
"L13_679",3597,9861,2.59608558969679,14.3595984180103,389.200561009818,128.142608834864
"L13_680",4434,13974,2.49033920137398,15.7148990983255,389.551192145863,143.325382393498
"L13_681",3499,9492,3.15002107037505,14.2014327855036,389.901823281907,158.508155952131
"L13_682",3783,10811,2.66395338081584,14.2355008787346,390.252454417952,173.690929510764
"L13_683",3050,8500,2.56470588235294,16.4,390.603085553997,188.873703069397
"L13_684",3068,8321,2.42759283739935,16.5484917678164,390.953716690042,204.05647662803
"L13_685",3812,11544,2.48613998613999,15.7137907137907,391.304347826087,219.239250186664
"L13_686",3746,11190,2.75245755138517,16.1662198391421,378.330995792426,227.134292437153
"L13_687",4209,13536,2.05378250591017,18.8682033096927,365.357643758766,235.029334687642
"L13_688",4202,13018,2.31218313104932,16.1391918881549,352.384291725105,242.924376938131
"L13_689",3196,9037,2.1799269669138,17.3840876397034,339.410939691445,250.819419188621
"L13_690",2361,5858,2.71423694093547,18.5558210993513,326.437587657784,258.71446143911
"L13_691",2819,6948,2.37478411053541,14.1335636154289,313.464235624123,266.609503689599
"L13_692",2260,5164,2.59488768396592,14.5817195972115,300.490883590463,274.504545940089
"L13_693",2194,5196,2.5211701308699,14.0300230946882,287.517531556802,282.399588190578
"L13_694",2724,6691,1.763562995068,12.7484680914661,274.544179523142,290.294630441067
"L13_695",2049,4719,2.01313837677474,16.2534435261708,261.570827489481,298.189672691556
"L13_696",1891,4505,2.84128745837958,18.7347391786903,248.59747545582,306.084714942046
"L13_697",2107,4943,3.13574752174793,18.0254905927574,235.62412342216,313.979757192535
"L13_698",3039,8151,2.52729726413937,18.6234817813765,222.650771388499,321.874799443024
"L13_699",4112,12817,2.4888819536553,17.0944838885855,209.677419354839,329.769841693513
"L13_700",4379,13918,2.23451645351344,16.2667049863486,196.704067321178,337.664883944003
"L13_701",4533,14800,2.21621621621622,17.5608108108108,183.730715287518,345.559926194492
"L13_702",4603,16170,2.12121212121212,16.4749536178108,170.757363253857,353.454968444981
"L13_703",4379,14761,2.2152970665944,17.7697987941196,157.784011220196,361.35001069547
"L13_704",5681,22776,1.89673340358272,20.7367404285213,144.810659186536,369.24505294596
"L13_705",5035,18827,1.78467095129336,18.3884846231476,131.837307152875,377.140095196449
"L13_706",5253,19803,2.14108973387871,17.8710296419734,118.863955119215,385.035137446938
"L13_707",4924,18011,2.29859530287047,17.7447115651546,105.890603085554,392.930179697428
"L13_708",5027,19029,2.19664722266015,17.8044038047191,92.9172510518934,400.825221947917
"L13_709",4133,13636,2.37606336168965,17.7178058081549,79.9438990182328,408.720264198406
"L13_710",4887,17066,1.97468651119184,17.156920192195,66.9705469845722,416.615306448895
"L13_711",5414,20352,1.72955974842767,18.8679245283019,53.9971949509116,424.510348699385
"L13_712",4335,14415,2.06729101630246,17.2181755116198,41.0238429172511,432.405390949874
"L13_713",4469,15370,1.77618737800911,19.7527651268705,28.0504908835905,440.300433200363
"L13_714",4540,14965,1.23621784163047,21.4366855997327,15.0771388499299,448.195475450852
"L13_715",3966,12805,1.02303787582975,24.1233893010543,1.7531556802244,440.907744142709
"L13_717",4136,12314,2.21698879324346,14.4794542796817,399.719495091164,13.9681516739426
"L13_718",4560,14002,2.628195972004,13.926581916869,400.070126227209,29.1509252325758
"L13_719",4364,13604,2.61687738900323,14.4442810937959,400.420757363254,44.333698791209
"L13_720",3821,10634,2.25691179236411,14.2467556892985,400.771388499299,59.5164723498422
"L13_721",3211,9000,2.73333333333333,15.2444444444444,401.122019635344,74.6992459084754
"L13_722",2834,7152,3.35570469798658,15.2964205816555,401.472650771388,89.8820194671086
"L13_723",3351,8855,2.83455674760023,14.3986448334274,401.823281907433,105.064793025742
"L13_724",3575,10416,2.75537634408602,15.5529953917051,402.173913043478,120.247566584375
"L13_725",3957,11933,2.43023548143803,14.9249979049694,402.524544179523,135.430340143008
"L13_726",4117,12539,2.79926628917777,14.3392615041072,402.875175315568,150.613113701641
"L13_727",3414,9163,2.892065917276,14.2311470042562,403.225806451613,165.795887260275
"L13_728",3386,9652,2.83878988810609,16.8669705760464,403.576437587658,180.978660818908
"L13_729",3231,8776,2.17639015496809,15.7019143117593,403.927068723703,196.161434377541
"L13_730",3714,11161,2.58937371203297,15.8229549323537,404.277699859748,211.344207936174
"L13_731",4323,14270,1.90609670637701,17.0567624386826,404.628330995792,226.526981494808
"L13_732",4225,13546,1.95629706186328,17.6952605935331,391.654978962132,234.422023745297
"L13_733",4454,14953,2.58810940948305,17.1871865177556,378.681626928471,242.317065995786
"L13_734",4128,12658,2.44904408279349,16.8510033180597,365.708274894811,250.212108246275
"L13_735",3359,9431,2.16307920687096,16.0958540981868,352.73492286115,258.107150496765
"L13_736",2215,5361,2.107815706025,16.9930983025555,339.761570827489,266.002192747254
"L13_737",2291,5375,1.91627906976744,13.4883720930233,326.788218793829,273.897234997743
"L13_738",2525,6018,2.22665337321369,13.0109670987039,313.814866760168,281.792277248232
"L13_739",2375,5664,1.80084745762712,15.2718926553672,300.841514726508,289.687319498722
"L13_740",2499,5969,2.68051599932987,13.787904171553,287.868162692847,297.582361749211
"L13_741",2375,5441,1.74600257305642,12.6998713471788,274.894810659187,305.4774039997
"L13_742",1406,2858,2.55423372988104,17.1448565430371,261.921458625526,313.37244625019
"L13_743",1822,4041,2.82108389012621,17.5946547884187,248.948106591865,321.267488500679
"L13_744",2636,6438,3.74339857098478,16.4181422802112,235.974754558205,329.162530751168
"L13_745",3469,9609,3.17410760745135,16.3596628161099,223.001402524544,337.057573001657
"L13_746",3643,10584,2.22978080120937,16.4965986394558,210.028050490884,344.952615252147
"L13_747",3979,12521,2.1164443734526,17.3628304448526,197.054698457223,352.847657502636
"L13_748",4889,17108,2.16273088613514,17.4596679915829,184.081346423562,360.742699753125
"L13_749",4217,13825,1.90235081374322,19.493670886076,171.107994389902,368.637742003615
"L13_750",4651,15798,1.87998480820357,20.2873781491328,158.134642356241,376.532784254104
"L13_751",5451,21442,2.02872866337095,20.4924913720735,145.161290322581,384.427826504593
"L13_752",4794,17691,2.012322649935,17.9017579560228,132.18793828892,392.322868755082
"L13_753",4866,17688,2.69674355495251,18.8715513342379,119.214586255259,400.217911005572
"L13_754",4947,18521,2.19750553425841,17.5314507855947,106.241234221599,408.112953256061
"L13_755",4811,17776,2.01957695769577,18.6037353735374,93.2678821879383,416.00799550655
"L13_756",4252,14653,2.12243226643008,17.6141404490548,80.2945301542777,423.903037757039
"L13_757",4731,16769,1.75919852108057,18.3851153914962,67.3211781206171,431.798080007529
"L13_758",4811,17594,2.24508355121064,18.4381038990565,54.3478260869565,439.693122258018
"L13_759",4563,15497,2.23914305994709,17.5646899399884,41.3744740532959,447.588164508507
"L13_760",3881,12305,2.08858187728566,20.3900853311662,28.4011220196353,455.483206758996
"L13_761",5682,21839,1.282109986721,22.3132927331838,15.4277699859748,463.378249009486
"L13_762",4121,12665,1.17647058823529,20.8843268851165,2.10378681626928,456.090517701342
"L13_764",4135,12942,2.21758615360841,13.9159326224695,413.04347826087,21.2558829820865
"L13_765",3639,10473,2.21522008975461,14.9622839682994,413.394109396914,36.4386565407197
"L13_766",4289,12223,2.38893888570727,13.769123783032,413.744740532959,51.6214300993529
"L13_767",3982,11760,2.24489795918367,14.4302721088435,414.095371669004,66.8042036579861
"L13_768",3327,9049,2.92850038678307,14.8966736655984,414.446002805049,81.9869772166194
"L13_769",2836,7392,2.97619047619048,14.3668831168831,414.796633941094,97.1697507752526
"L13_770",3226,8489,3.42796560254447,14.736718105784,415.147265077139,112.352524333886
"L13_771",3464,9850,2.73096446700508,15.3299492385787,415.497896213184,127.535297892519
"L13_772",4096,12565,2.45921209709511,15.2407481098289,415.848527349229,142.718071451152
"L13_773",3547,10651,2.2814759177542,15.0220636559947,416.199158485273,157.900845009785
"L13_774",2898,7498,2.57401973859696,14.8706321685783,416.549789621318,173.083618568419
"L13_775",2680,6665,2.83570892723181,15.198799699925,416.900420757363,188.266392127052
"L13_776",3702,10484,2.46089278901183,15.9958031285769,417.251051893408,203.449165685685
"L13_777",4243,13876,2.13317959066013,16.7123090227731,417.601683029453,218.631939244318
"L13_778",3629,10235,1.91499755740107,13.7371763556424,417.952314165498,233.814712802952
"L13_779",3940,12079,2.0448712641775,15.9698650550542,404.978962131837,241.709755053441
"L13_780",4420,14335,2.05092431112661,16.5469131496338,392.005610098177,249.60479730393
"L13_781",3987,12320,2.50811688311688,15.3814935064935,379.032258064516,257.499839554419
"L13_782",3247,9401,2.16998191681736,16.1791298798,366.058906030856,265.394881804909
"L13_783",2387,5819,2.28561608523801,16.3601993469668,353.085553997195,273.289924055398
"L13_784",1694,3684,2.79587404994571,17.0195439739414,340.112201963534,281.184966305887
"L13_785",1978,4081,2.37686841460426,13.1585395736339,327.138849929874,289.080008556376
"L13_786",2317,5361,1.86532363365044,13.3184107442641,314.165497896213,296.975050806866
"L13_787",2342,5269,1.70810400455494,12.9626115012336,301.192145862553,304.870093057355
"L13_788",2718,6660,1.75675675675676,12.5075075075075,288.218793828892,312.765135307844
"L13_789",1627,3368,2.34560570071259,14.667458432304,275.245441795231,320.660177558333
"L13_790",1507,3309,3.50559081293442,20.4291326684799,262.272089761571,328.555219808823
"L13_791",2504,6609,2.61764260856408,20.9108791042518,249.29873772791,336.450262059312
"L13_792",2749,7018,2.4223425477344,18.8087774294671,236.32538569425,344.345304309801
"L13_793",3933,12264,2.52772341813438,17.4575994781474,223.352033660589,352.240346560291
"L13_794",4952,17377,1.98538297749899,18.0986361282155,210.378681626928,360.13538881078
"L13_795",4983,16484,1.86241203591361,17.6231497209415,197.405329593268,368.030431061269
"L13_796",4956,17953,1.7490113073024,20.5480978109508,184.431977559607,375.925473311758
"L13_797",5352,20759,1.68119851630618,21.5761838238836,171.458625525947,383.820515562248
"L13_798",5660,22587,1.65139239385487,22.1366272634701,158.485273492286,391.715557812737
"L13_799",5756,23537,1.76318137400688,20.3424395632409,145.511921458626,399.610600063226
"L13_800",4913,18273,1.81141575001368,19.7613965960707,132.538569424965,407.505642313715
"L13_801",5081,18771,1.98178040594534,19.8657503595972,119.565217391304,415.400684564205
"L13_802",4840,17650,2.08498583569405,19.5297450424929,106.591865357644,423.295726814694
"L13_803",4566,16314,2.18217481917372,18.9959543949982,93.6185133239832,431.190769065183
"L13_804",4323,15130,2.19431592861864,17.5941837409121,80.6451612903226,439.085811315673
"L13_805",5289,20008,2.04918032786885,18.0127948820472,67.671809256662,446.980853566162
"L13_806",4886,17385,2.19154443485764,16.1748633879781,54.6984572230014,454.875895816651
"L13_807",4183,13649,1.94153417832808,17.5250934134369,41.7251051893408,462.77093806714
"L13_808",5604,21672,1.76264304171281,18.9091915836102,28.7517531556802,470.66598031763
"L13_809",5447,20645,1.86485831920562,19.4623395495277,15.7784011220196,478.561022568119
"L13_810",4538,15123,1.47457515043312,21.0936983402764,2.45441795231417,471.273291259975
"L13_812",4412,14098,2.27691871187402,12.9521918002554,426.01683029453,13.3608407315972
"L13_813",4277,13471,2.1973127458986,13.7851681389652,426.367461430575,28.5436142902304
"L13_814",3893,11721,2.28649432642266,14.7854278645167,426.71809256662,43.7263878488637
"L13_815",4159,12956,2.09941339919728,14.8502624266749,427.068723702665,58.9091614074969
"L13_816",4324,14083,2.4994674430164,15.5790669601647,427.41935483871,74.0919349661301
"L13_817",3546,10270,2.55111976630964,14.6251217137293,427.769985974755,89.2747085247633
"L13_818",4242,12802,2.6245899078269,13.9821902827683,428.120617110799,104.457482083397
"L13_819",4128,12710,2.73800157356412,15.8615263571991,428.471248246844,119.64025564203
"L13_820",3693,10650,2.98591549295775,15.5774647887324,428.821879382889,134.823029200663
"L13_821",4109,12428,2.51850659800451,15.5938204055359,429.172510518934,150.005802759296
"L13_822",3000,7991,2.69052684269804,14.4287323238643,429.523141654979,165.188576317929
"L13_823",2210,5476,3.3418553688824,16.4718772826881,429.873772791024,180.371349876563
"L13_824",3151,7969,2.82344083322876,13.8662316476346,430.224403927069,195.554123435196
"L13_825",4107,12833,2.2130444946622,16.2939297124601,430.575035063114,210.736896993829
"L13_826",3558,10379,2.2930918200212,14.9147316697177,430.925666199158,225.919670552462
"L13_827",3118,8677,2.76593292612654,15.869540163651,431.276297335203,241.102444111095
"L13_828",3601,10923,2.18804357777167,15.4810949372883,418.302945301543,248.997486361585
"L13_829",3661,11036,2.22000724900326,15.4856832185574,405.329593267882,256.892528612074
"L13_830",4247,13375,2.40747663551402,15.2448598130841,392.356241234222,264.787570862563
"L13_831",3468,9779,2.51559464157889,15.8400654463647,379.382889200561,272.682613113053
"L13_832",2913,7896,2.67223910840932,15.2608915906788,366.4095371669,280.577655363542
"L13_833",2009,4635,2.82632146709817,18.3603020496224,353.43618513324,288.472697614031
"L13_834",1758,3704,3.40172786177106,18.3315334773218,340.462833099579,296.36773986452
"L13_835",1997,4158,2.69360269360269,12.3376623376623,327.489481065919,304.26278211501
"L13_836",2692,6363,1.6973125884017,12.2112211221122,314.516129032258,312.157824365499
"L13_837",2606,6183,2.31279314248747,11.984473556526,301.542776998597,320.052866615988
"L13_838",1596,3304,2.87530266343826,15.8898305084746,288.569424964937,327.947908866477
"L13_839",1587,3661,3.11390330510789,19.202403714832,275.596072931276,335.842951116967
"L13_840",2122,4976,2.2508038585209,20.096463022508,262.622720897616,343.737993367456
"L13_841",3043,8560,1.92757009345794,20.5257009345794,249.649368863955,351.633035617945
"L13_842",3294,9952,2.491961414791,19.0916398713826,236.676016830294,359.528077868435
"L13_843",4967,17579,2.52574094089539,17.1170146197167,223.702664796634,367.423120118924
"L13_844",5115,18053,1.86672575195258,17.7089680385531,210.729312762973,375.318162369413
"L13_845",4799,16399,1.90865296664431,18.531617781572,197.755960729313,383.213204619902
"L13_846",5733,22250,1.94157303370787,20.2426966292135,184.782608695652,391.108246870392
"L13_847",5214,19356,2.09237445753255,20.6964248811738,171.809256661992,399.003289120881
"L13_848",6071,24922,1.46456945670492,21.9765668886927,158.835904628331,406.89833137137
"L13_849",5679,21950,1.81321184510251,19.7312072892938,145.86255259467,414.793373621859
"L13_850",5049,18540,1.96332254584682,18.3764832793959,132.88920056101,422.688415872349
"L13_851",4300,14472,2.32172470978441,18.7810945273632,119.915848527349,430.583458122838
"L13_852",4054,13205,2.46876183263915,18.6823173040515,106.942496493689,438.478500373327
"L13_853",4274,14003,1.885310290652,20.0171391844605,93.969144460028,446.373542623816
"L13_854",4152,13190,2.19105382865807,16.9825625473844,80.9957924263675,454.268584874306
"L13_855",5025,17902,1.78750977544408,18.5565858563289,68.0224403927069,462.163627124795
"L13_856",4808,17716,2.21268909460375,17.8482727477986,55.0490883590463,470.058669375284
"L13_857",4653,16473,2.13682996418382,17.5499301887938,42.0757363253857,477.953711625774
"L13_858",5695,22444,2.04063446800927,18.5261094279095,29.1023842917251,485.848753876263
"L13_859",4763,16655,2.03542479735815,17.0819573701591,16.1290322580645,493.743796126752
"L13_860",4464,15101,1.66214158002781,18.290179458314,2.80504908835905,486.456064818608
"L13_861",3842,10868,2.16231137283769,12.9554655870445,438.990182328191,5.46579848110796
"L13_862",3701,10543,2.37124158209238,12.8426444086123,439.340813464236,20.6485720397412
"L13_863",3925,11872,2.38376010781671,13.3002021563342,439.69144460028,35.8313455983744
"L13_864",3720,11277,2.6691495965239,14.1260973663208,440.042075736325,51.0141191570076
"L13_865",3502,10362,2.23895000965065,16.7728237791932,440.39270687237,66.1968927156408
"L13_866",3733,11297,2.58475701513676,15.659024519784,440.743338008415,81.379666274274
"L13_867",4491,14774,2.22688506836334,13.7945038581291,441.09396914446,96.5624398329072
"L13_868",3984,11653,2.2140221402214,14.4597957607483,441.444600280505,111.74521339154
"L13_869",3632,10366,2.82654833108238,16.1585954080648,441.79523141655,126.927986950174
"L13_870",4109,12298,2.398764026671,15.4008781915759,442.145862552595,142.110760508807
"L13_871",3445,9916,2.36990722065349,14.0681726502622,442.49649368864,157.29353406744
"L13_872",2806,6794,2.64939652634678,13.9093317633206,442.847124824684,172.476307626073
"L13_873",2710,6726,2.39369610466845,16.6220636336604,443.197755960729,187.659081184707
"L13_874",3819,10984,2.38528769118718,16.1143481427531,443.548387096774,202.84185474334
"L13_875",3982,12352,2.19397668393782,14.8073186528497,443.899018232819,218.024628301973
"L13_876",3380,9272,2.53451251078516,14.851164797239,444.249649368864,233.207401860606
"L13_877",3230,9282,2.98427063132945,16.8390433096315,444.600280504909,248.390175419239
"L13_878",3293,9286,2.41223346973939,16.0133534352789,431.626928471248,256.285217669729
"L13_879",3373,9506,2.18809173153798,14.843256890385,418.653576437588,264.180259920218
"L13_880",3557,10209,3.11489861886571,14.7712802429229,405.680224403927,272.075302170707
"L13_881",3875,11633,2.37256081836156,16.1953064557724,392.706872370266,279.970344421196
"L13_882",2967,8117,2.58716274485647,15.90489096957,379.733520336606,287.865386671686
"L13_883",2476,6001,2.54957507082153,17.7637060489918,366.760168302945,295.760428922175
"L13_884",2696,6365,2.95365278868814,15.3495679497251,353.786816269285,303.655471172664
"L13_885",1776,3936,3.04878048780488,17.9623983739837,340.813464235624,311.550513423154
"L13_886",2081,4406,2.56468452110758,13.1411711302769,327.840112201964,319.445555673643
"L13_887",2494,5918,2.02771206488679,13.2646164244677,314.866760168303,327.340597924132
"L13_888",1713,3676,2.58433079434168,15.8868335146899,301.893408134642,335.235640174621
"L13_889",1657,3659,2.37769882481552,19.2948893140202,288.920056100982,343.130682425111
"L13_890",2233,5346,2.45043022820801,18.8365132809577,275.946704067321,351.0257246756
"L13_891",2868,7798,2.19286996665812,18.7355732239036,262.973352033661,358.920766926089
"L13_892",2795,7569,2.61593341260404,19.1967234773418,250,366.815809176578
"L13_893",3695,11389,1.94924927561682,19.5890771797348,237.026647966339,374.710851427068
"L13_894",4695,16050,2.24922118380062,17.7881619937695,224.053295932679,382.605893677557
"L13_895",4806,16764,2.14745884037223,18.4383202099738,211.079943899018,390.500935928046
"L13_896",4838,16997,1.85915161499088,19.3151732658704,198.106591865358,398.395978178536
"L13_897",5207,20249,2.04454540964986,18.9836535137538,185.133239831697,406.291020429025
"L13_898",5710,22796,1.80733462010879,21.1572205650114,172.159887798036,414.186062679514
"L13_899",5967,24628,2.0464511937632,20.3426993665746,159.186535764376,422.081104930003
"L13_900",5991,24896,1.60266709511568,20.2201156812339,146.213183730715,429.976147180493
"L13_901",4657,16746,2.18559656037263,18.2789919980891,133.239831697055,437.871189430982
"L13_902",4190,14943,2.44930736799839,18.9453255705012,120.266479663394,445.766231681471
"L13_903",4031,12931,2.0493387982368,21.9085917562447,107.293127629734,453.66127393196
"L13_904",5056,18457,1.60372758303083,20.4529446822344,94.3197755960729,461.55631618245
"L13_905",4942,18216,1.84453227931489,19.9330259112868,81.3464235624123,469.451358432939
"L13_906",4736,16871,2.32944105269397,18.6533104143204,68.3730715287518,477.346400683428
"L13_907",4903,17576,1.97997269003186,16.2039144287665,55.3997194950912,485.241442933918
"L13_908",4829,16109,2.2223601713328,16.9967099137128,42.4263674614306,493.136485184407
"L13_909",4404,14866,2.15256289519709,17.7922776806135,29.45301542777,501.031527434896
"L13_910",4816,16354,1.91390485508133,17.4452733276263,16.4796633941094,508.926569685385
"L13_911",4461,14229,1.84833790146883,16.5928737086232,3.15568022440393,501.638838377241
"L13_913",3632,10499,2.06686351081055,13.0679112296409,452.314165497896,12.7535297892519
"L13_914",3554,10086,2.11183819155265,13.5633551457466,452.664796633941,27.9363033478851
"L13_915",3339,9348,2.34274711168164,14.0029952931108,453.015427769986,43.1190769065183
"L13_916",4156,12837,2.46942432032406,15.128145205266,453.366058906031,58.3018504651515
"L13_917",4505,14745,1.99389623601221,16.4733808070532,453.716690042076,73.4846240237848
"L13_918",4147,12718,2.28023274099701,17.4477119043875,454.067321178121,88.667397582418
"L13_919",3802,11494,2.62745780407169,13.8942056725248,454.417952314166,103.850171141051
"L13_920",4030,12048,2.56474103585657,14.1268260292165,454.76858345021,119.032944699684
"L13_921",3571,9955,3.14414866901055,13.7719738824711,455.119214586255,134.215718258318
"L13_922",3272,9147,2.32863233847163,14.9338580955505,455.4698457223,149.398491816951
"L13_923",3313,9044,2.58735072976559,12.9478107032287,455.820476858345,164.581265375584
"L13_924",3014,7703,2.42762560041542,14.0075295339478,456.17110799439,179.764038934217
"L13_925",3141,8123,2.42521235996553,14.3173704296442,456.521739130435,194.94681249285
"L13_926",3780,11139,2.38800610467726,16.0247778077027,456.87237026648,210.129586051484
"L13_927",3720,10969,2.31561673808004,15.0697420001823,457.223001402525,225.312359610117
"L13_928",3072,8015,3.10667498440424,16.5190268247037,457.573632538569,240.49513316875
"L13_929",3562,10382,2.6295511462146,13.8027355037565,457.924263674614,255.677906727383
"L13_930",3344,9096,2.29771328056288,17.2823218997361,444.950911640954,263.572948977873
"L13_931",3161,8773,2.69007181123903,16.1860253049128,431.977559607293,271.467991228362
"L13_932",3094,8308,2.43139142994704,15.1540683678382,419.004207573633,279.363033478851
"L13_933",4179,13101,2.57995572857034,16.3269979390886,406.030855539972,287.25807572934
"L13_934",3206,9039,2.4007080429251,15.5658811815466,393.057503506311,295.15311797983
"L13_935",3153,8537,2.63558627152395,14.4312990511889,380.084151472651,303.048160230319
"L13_936",3425,9290,2.31431646932185,17.9763186221744,367.11079943899,310.943202480808
"L13_937",2766,7061,2.53505169239484,19.0766180427701,354.13744740533,318.838244731297
"L13_938",1929,4419,2.91921249151392,18.8051595383571,341.164095371669,326.733286981787
"L13_939",2030,4656,2.2766323024055,17.1176975945017,328.190743338008,334.628329232276
"L13_940",2016,4538,2.37990304098722,16.9237549581313,315.217391304348,342.523371482765
"L13_941",2236,5039,2.54018654494939,16.7890454455249,302.244039270687,350.418413733255
"L13_942",2494,6227,2.48916010920186,17.6489481291151,289.270687237027,358.313455983744
"L13_943",3446,9957,2.29988952495732,18.8510595560912,276.297335203366,366.208498234233
"L13_944",2674,7388,2.55820249052518,19.6534921494315,263.323983169705,374.103540484722
"L13_945",3347,10109,2.59174992580869,19.4381244435651,250.350631136045,381.998582735212
"L13_946",4990,18257,1.97732376622665,19.0557046612258,237.377279102384,389.893624985701
"L13_947",4435,15344,2.359228362878,18.8673096976017,224.403927068724,397.78866723619
"L13_948",4370,15213,2.20206402418984,20.9557615197528,211.430575035063,405.68370948668
"L13_949",4631,16845,2.02433956663698,18.9551795785099,198.457223001403,413.578751737169
"L13_950",5252,20252,1.94054908157219,18.0377246691685,185.483870967742,421.473793987658
"L13_951",4683,16535,2.01995766555791,18.3308134260659,172.510518934081,429.368836238147
"L13_952",5634,21585,2.01065554783414,19.5830437804031,159.537166900421,437.263878488637
"L13_953",6053,25348,1.73189206249014,19.9621271895219,146.56381486676,445.158920739126
"L13_954",4825,18001,1.77212377090162,18.5934114771402,133.5904628331,453.053962989615
"L13_955",4447,15028,1.94969390471121,17.5938248602608,120.617110799439,460.949005240104
"L13_956",4504,15579,2.16316836767443,18.5377752102189,107.643758765778,468.844047490594
"L13_957",5013,17864,2.05441110613524,19.525302283923,94.6704067321178,476.739089741083
"L13_958",5873,23740,1.76495366470093,19.8062342038753,81.6970546984572,484.634131991572
"L13_959",4259,13566,2.22615361934247,15.7894736842105,68.7237026647966,492.529174242062
"L13_960",4745,16447,2.44421475041041,15.2793822581626,55.7503506311361,500.424216492551
"L13_961",5034,17094,1.97730197730198,16.5730665730666,42.7769985974755,508.31925874304
"L13_962",4179,13618,2.06344543985901,18.732559847261,29.8036465638149,516.214300993529
"L13_963",4151,13490,2.00148257968866,18.0429948109711,16.8302945301543,524.109343244019
"L13_964",4758,16405,1.7311795184395,16.086558975922,3.50631136044881,516.821611935875
"L13_965",3205,8632,2.35171455050973,13.0444856348471,465.287517531557,4.85848753876263
"L13_966",3207,8857,2.17906740431297,12.91633736028,465.638148667602,20.0412610973958
"L13_967",3428,9513,2.03931462209608,13.392200147167,465.988779803647,35.2240346560291
"L13_968",3822,11278,1.9063663770172,17.769107997872,466.339410939691,50.4068082146623
"L13_969",4108,12463,2.11024632913424,15.6142180855332,466.690042075736,65.5895817732955
"L13_970",3821,11631,2.58791161551027,15.8283896483535,467.040673211781,80.7723553319287
"L13_971",4003,12450,2.61044176706827,15.2208835341365,467.391304347826,95.9551288905619
"L13_972",4503,14843,2.25695614094186,15.5089941386512,467.741935483871,111.137902449195
"L13_973",3628,10213,2.53598355037697,13.4828160187996,468.092566619916,126.320676007828
"L13_974",3956,12261,2.44678248103744,13.7346056602235,468.443197755961,141.503449566462
"L13_975",3611,10331,2.60381376439841,14.209660245862,468.793828892006,156.686223125095
"L13_976",2656,6818,2.80140803754767,15.3710765620417,469.144460028051,171.868996683728
"L13_977",3382,9203,2.59697924589808,15.6253395631859,469.495091164095,187.051770242361
"L13_978",3856,11369,2.41006245052335,15.929281379189,469.84572230014,202.234543800994
"L13_979",3997,11922,2.41570206341218,15.2742828384499,470.196353436185,217.417317359628
"L13_980",3770,10937,2.70640943585993,17.6465209838164,470.54698457223,232.600090918261
"L13_981",3638,10257,2.29111826070001,15.8623379155699,470.897615708275,247.782864476894
"L13_982",3700,10412,2.50672301190934,13.8494045332309,471.24824684432,262.965638035527
"L13_983",3503,9936,2.38526570048309,14.4021739130435,458.274894810659,270.860680286017
"L13_984",3198,8742,1.76161061541981,15.5913978494624,445.301542776999,278.755722536506
"L13_985",3301,9052,2.52982766239505,14.1957578435705,432.328190743338,286.650764786995
"L13_986",3669,10881,2.89495450785773,15.9911772814999,419.354838709677,294.545807037484
"L13_987",3748,10848,2.3783185840708,16.2057522123894,406.381486676017,302.440849287974
"L13_988",3081,8633,2.36302559944399,14.7457430788834,393.408134642356,310.335891538463
"L13_989",3670,11170,2.49776186213071,14.7985675917637,380.434782608696,318.230933788952
"L13_990",3702,11042,2.20974461148343,16.6908168809998,367.461430575035,326.125976039441
"L13_991",3589,10624,2.02371987951807,18.6841114457831,354.488078541374,334.021018289931
"L13_992",3375,9681,2.02458423716558,20.8966015907448,341.514726507714,341.91606054042
"L13_993",2681,6972,2.03671830177854,22.2030981067126,328.541374474053,349.811102790909
"L13_994",3371,8714,2.60500344273583,15.8480605921506,315.568022440393,357.706145041399
"L13_995",2841,7291,2.64709916335208,17.528459744891,302.594670406732,365.601187291888
"L13_996",3625,10981,2.46789909844276,17.1295874692651,289.621318373072,373.496229542377
"L13_997",3599,10917,2.20756618118531,18.5124118347531,276.647966339411,381.391271792866
"L13_998",3625,11024,2.39477503628447,16.5910740203193,263.67461430575,389.286314043356
"L13_999",4711,17485,2.49356591364026,17.5865027166142,250.70126227209,397.181356293845
"L13_1000",4473,15817,1.97888347980021,18.2778023645445,237.727910238429,405.076398544334
"L13_1001",4610,15638,2.06548151937588,18.1928635375368,224.754558204769,412.971440794823
"L13_1002",4373,14977,1.9563330440008,19.0291780730453,211.781206171108,420.866483045313
"L13_1003",4792,17642,2.08593130030609,19.1531572384083,198.807854137447,428.761525295802
"L13_1004",5588,22067,1.90329451216749,19.1960846512893,185.834502103787,436.656567546291
"L13_1005",5189,19694,1.75180257946583,21.5141667512948,172.861150070126,444.55160979678
"L13_1006",5369,20646,1.61290322580645,20.4591688462656,159.887798036466,452.44665204727
"L13_1007",5220,19690,1.9197562214322,18.5170137125444,146.914446002805,460.341694297759
"L13_1008",5373,20577,1.83214268357875,19.4974972056179,133.941093969144,468.236736548248
"L13_1009",4188,14393,2.1329813103592,18.050441186688,120.967741935484,476.131778798738
"L13_1010",3926,12463,2.09419882853246,17.8207494182781,107.994389901823,484.026821049227
"L13_1011",4359,14504,2.23386651958081,17.3331494760066,95.0210378681627,491.921863299716
"L13_1012",4588,15275,2.02945990180033,15.9345335515548,82.0476858345021,499.816905550205
"L13_1013",4232,13851,2.51245397444228,15.8761100281568,69.0743338008415,507.711947800695
"L13_1014",4874,16849,2.60549587512612,15.7279363760461,56.1009817671809,515.606990051184
"L13_1015",4468,14100,2.42553191489362,16.0496453900709,43.1276297335203,523.502032301673
"L13_1016",4602,15496,1.80691791430046,18.4692823954569,30.1542776998597,531.397074552163
"L13_1017",5575,21193,1.7458594819044,18.5485773604492,17.1809256661992,539.292116802652
"L13_1018",4818,17639,1.89353137932989,19.1620840183684,3.85694249649369,532.004385494508
"L13_1020",2925,7483,2.61927034611787,13.4705332086062,478.611500701262,12.1462188469066
"L13_1021",3211,8409,2.25948388631228,12.8077060292544,478.962131837307,27.3289924055398
"L13_1022",3677,10722,2.3596343965678,15.1837343779146,479.312762973352,42.511765964173
"L13_1023",3606,10255,2.22330570453437,15.7581667479278,479.663394109397,57.6945395228062
"L13_1024",3482,9956,2.3804740859783,14.634391321816,480.014025245442,72.8773130814394
"L13_1025",3509,10158,2.50049222287852,15.0127977948415,480.364656381487,88.0600866400726
"L13_1026",4004,11872,2.2911051212938,14.0245956873315,480.715287517532,103.242860198706
"L13_1027",4544,14383,2.12055899325593,15.7268998122784,481.065918653576,118.425633757339
"L13_1028",3692,10707,2.51237508172224,13.9908471093677,481.416549789621,133.608407315972
"L13_1029",4024,12452,2.5136524253132,12.945711532284,481.767180925666,148.791180874605
"L13_1030",3142,8491,2.89718525497586,13.7910729007184,482.117812061711,163.973954433239
"L13_1031",2542,6126,2.69343780607248,16.4707802807705,482.468443197756,179.156727991872
"L13_1032",2875,7557,2.42159587137753,15.8528516607119,482.819074333801,194.339501550505
"L13_1033",3961,12306,2.55972696245734,16.991711360312,483.169705469846,209.522275109138
"L13_1034",4152,12756,3.0730636563186,15.1066164941988,483.520336605891,224.705048667772
"L13_1035",3532,10044,2.40939864595779,18.1302270011947,483.870967741935,239.887822226405
"L13_1036",3616,10353,2.65623490775621,14.7010528349271,484.22159887798,255.070595785038
"L13_1037",3683,10238,3.03770267630397,14.3094354366087,484.572230014025,270.253369343671
"L13_1038",3330,8858,2.26913524497629,13.4116053285166,471.598877980365,278.148411594161
"L13_1039",3236,8944,2.30322003577818,14.0093917710197,458.625525946704,286.04345384465
"L13_1040",3568,10330,2.55566311713456,13.8818973862536,445.652173913043,293.938496095139
"L13_1041",3390,9633,2.73019827675698,14.3880411086889,432.678821879383,301.833538345628
"L13_1042",3678,10497,2.62932266361818,14.8328093741069,419.705469845722,309.728580596118
"L13_1043",3665,10823,2.88274969971357,13.7115402383812,406.732117812062,317.623622846607
"L13_1044",3774,11557,2.90732889158086,14.527991693346,393.758765778401,325.518665097096
"L13_1045",3728,11154,2.70754886139502,15.0618612157074,380.78541374474,333.413707347585
"L13_1046",3593,10303,2.75647869552557,14.8694554983985,367.81206171108,341.308749598075
"L13_1047",3916,11770,2.25148683092608,16.5675446049278,354.838709677419,349.203791848564
"L13_1048",3543,10726,1.9298899869476,21.0423270557524,341.865357643759,357.098834099053
"L13_1049",3356,9489,1.88639477289493,20.7398039835599,328.892005610098,364.993876349542
"L13_1050",3521,10624,2.18373493975904,20.2183734939759,315.918653576438,372.888918600032
"L13_1051",4429,14611,1.88214359044555,18.4176305523236,302.945301542777,380.783960850521
"L13_1052",4633,16652,1.75954840259428,19.6312755224598,289.971949509116,388.67900310101
"L13_1053",5112,18873,2.00815980501245,20.6591426906162,276.998597475456,396.5740453515
"L13_1054",4664,16131,2.33711487198562,20.0359556134152,264.025245441795,404.469087601989
"L13_1055",4541,16087,2.21918319139678,19.8980543295829,251.051893408135,412.364129852478
"L13_1056",4183,13553,2.13974765734524,17.2065225411348,238.078541374474,420.259172102967
"L13_1057",4208,14028,2.12432278300542,18.8266324493869,225.105189340813,428.154214353457
"L13_1058",4344,14788,2.3329726805518,18.2850960238031,212.131837307153,436.049256603946
"L13_1059",5394,21199,1.59913203452993,19.8971649606113,199.158485273492,443.944298854435
"L13_1060",5220,20041,1.8362357167806,20.0139713587146,186.185133239832,451.839341104924
"L13_1061",4300,14360,1.94986072423398,20.2089136490251,173.211781206171,459.734383355414
"L13_1062",4937,17684,1.73037774259217,18.9323682424791,160.238429172511,467.629425605903
"L13_1063",4535,15499,2.34853861539454,18.4398993483451,147.26507713885,475.524467856392
"L13_1064",4621,15840,2.36111111111111,18.1565656565657,134.291725105189,483.419510106882
"L13_1065",4013,12874,2.19046139505981,17.2362901972969,121.318373071529,491.314552357371
"L13_1066",3721,11608,2.49827705031013,17.2208821502412,108.345021037868,499.20959460786
"L13_1067",4274,14475,2.35578583765112,17.2020725388601,95.3716690042076,507.104636858349
"L13_1068",4606,16130,1.97148171109733,19.9938003719777,82.398316970547,514.999679108839
"L13_1069",3922,12101,2.56177175440046,16.7176266424262,69.4249649368864,522.894721359328
"L13_1070",4707,15847,1.98144759260428,16.9748217328201,56.4516129032258,530.789763609817
"L13_1071",4616,15896,2.24584801207851,17.6711122294917,43.4782608695652,538.684805860306
"L13_1072",4862,17446,1.98326263900034,17.6200848331996,30.5049088359046,546.579848110796
"L13_1073",4810,17417,2.06120457024746,19.1651834414652,17.531556802244,554.474890361285
"L13_1074",4737,16063,2.0108323476312,17.7239619000187,4.20757363253857,547.187159053141
"L13_1075",3135,8013,2.54586297266941,14.8383876201173,491.584852734923,4.2511765964173
"L13_1076",3382,9217,2.69068026472822,13.9524791146794,491.935483870968,19.4339501550505
"L13_1077",3828,11241,2.48198558847078,17.1514989769593,492.286115007013,34.6167237136837
"L13_1078",3067,8186,2.9196188614708,15.1478133398485,492.636746143058,49.7994972723169
"L13_1079",3643,10468,2.3022544898739,14.6159724875812,492.987377279102,64.9822708309502
"L13_1080",4006,12134,2.00263721773529,16.853469589583,493.338008415147,80.1650443895834
"L13_1081",3955,12002,2.1079820029995,14.6392267955341,493.688639551192,95.3478179482166
"L13_1082",4509,14029,2.59462541877539,15.2327321975907,494.039270687237,110.53059150685
"L13_1083",4490,14100,2.14893617021277,15.4255319148936,494.389901823282,125.713365065483
"L13_1084",3832,11693,2.71102368938681,14.3248097152142,494.740532959327,140.896138624116
"L13_1085",3912,12271,2.37144487001874,16.6164126803032,495.091164095372,156.078912182749
"L13_1086",3160,8605,2.39395700174317,14.0848343986055,495.441795231417,171.261685741383
"L13_1087",2360,5750,2.71304347826087,15.4086956521739,495.792426367461,186.444459300016
"L13_1088",2884,7384,2.70855904658722,14.829360780065,496.143057503506,201.627232858649
"L13_1089",3989,12367,2.33686423546535,17.7892779170373,496.493688639551,216.810006417282
"L13_1090",3790,11425,2.28446389496718,17.7855579868709,496.844319775596,231.992779975916
"L13_1091",3239,8333,2.58010320412816,14.6765870634825,497.194950911641,247.175553534549
"L13_1092",3854,11013,2.47888858621629,15.7813493144466,497.545582047686,262.358327093182
"L13_1093",3237,8543,2.68055718131804,16.1184595575325,497.896213183731,277.541100651815
"L13_1094",3337,8763,2.68173000114116,13.2374757503138,484.92286115007,285.436142902304
"L13_1095",3466,9073,2.75542819354128,14.085748925383,471.94950911641,293.331185152794
"L13_1096",2891,7155,2.25017470300489,13.445143256464,458.976157082749,301.226227403283
"L13_1097",3516,9661,3.43649725701273,13.839147086223,446.002805049088,309.121269653772
"L13_1098",3851,11511,2.91894709408392,13.3350708018417,433.029453015428,317.016311904261
"L13_1099",3961,12151,2.63352810468274,14.418566373138,420.056100981767,324.911354154751
"L13_1100",3656,10500,2.85714285714286,14.2761904761905,407.082748948107,332.80639640524
"L13_1101",3230,8667,2.33067958924657,14.6186685127495,394.109396914446,340.701438655729
"L13_1102",3340,9623,2.76421074508989,14.7667047698223,381.136044880785,348.596480906219
"L13_1103",3368,9867,2.42221546569373,16.621060099321,368.162692847125,356.491523156708
"L13_1104",3776,11355,2.36900044033465,19.7534125935711,355.189340813464,364.386565407197
"L13_1105",3626,11155,2.57283729269386,17.328552218736,342.215988779804,372.281607657686
"L13_1106",4235,13682,2.65312088875895,17.0662183891244,329.242636746143,380.176649908176
"L13_1107",4864,17291,2.00104100399052,19.7617257532821,316.269284712482,388.071692158665
"L13_1108",4511,15178,2.06219528264593,17.4199499275267,303.295932678822,395.966734409154
"L13_1109",4393,15411,2.53714878982545,19.7715917201999,290.322580645161,403.861776659644
"L13_1110",4135,13879,2.50018012825131,17.7246199293897,277.349228611501,411.756818910133
"L13_1111",3703,12078,2.50869349230005,18.8855770822984,264.37587657784,419.651861160622
"L13_1112",3861,12130,2.25061830173125,18.2440230832646,251.40252454418,427.546903411111
"L13_1113",3564,11042,2.30030791523275,19.1541387429813,238.429172510519,435.441945661601
"L13_1114",4983,17852,2.01658077526328,17.7459108223168,225.455820476858,443.33698791209
"L13_1115",5011,18026,2.04704315988017,16.80905358926,212.482468443198,451.232030162579
"L13_1116",4661,16127,1.88503751472686,18.8379735846717,199.509116409537,459.127072413068
"L13_1117",5206,19597,1.85232433535745,19.7070980252079,186.535764375877,467.022114663558
"L13_1118",4328,14686,1.93381451722729,19.8284080076263,173.562412342216,474.917156914047
"L13_1119",5032,18759,2.4468255237486,19.6705581320966,160.589060308555,482.812199164536
"L13_1120",4435,14912,2.19286480686695,18.8640021459227,147.615708274895,490.707241415026
"L13_1121",4665,15746,2.23548837800076,17.7822939159152,134.642356241234,498.602283665515
"L13_1122",3770,11615,2.63452432199742,19.1734825656479,121.669004207574,506.497325916004
"L13_1123",3483,10376,2.62143407864302,18.4560524286816,108.695652173913,514.392368166493
"L13_1124",4993,18439,1.86018764575085,19.296057269917,95.7223001402525,522.287410416983
"L13_1125",4048,12840,2.2196261682243,17.1339563862928,82.7489481065919,530.182452667472
"L13_1126",5446,19995,2.10052513128282,18.1645411352838,69.7755960729313,538.077494917961
"L13_1127",4979,17876,2.47818303871112,16.3962855224883,56.8022440392707,545.97253716845
"L13_1128",4589,16116,2.48821047406304,17.8828493422686,43.8288920056101,553.86757941894
"L13_1129",5444,20079,1.86762288958613,19.0348124906619,30.8555399719495,561.762621669429
"L13_1130",4487,14629,2.01654248410691,18.7777701825142,17.8821879382889,569.657663919918
"L13_1131",3850,12134,1.8790176363936,19.0868633591561,4.55820476858345,562.369932611774
"L13_1135",3940,12190,2.20672682526661,18.4495488105004,505.610098176718,41.9044550218277
"L13_1136",3650,10788,2.29885057471264,14.6273637374861,505.960729312763,57.0872285804609
"L13_1137",4622,15396,2.11743309950637,17.3941283450247,506.311360448808,72.2700021390941
"L13_1138",4203,13231,2.28251832816869,18.2979366638954,506.661991584853,87.4527756977273
"L13_1139",4345,13906,2.24363584064433,14.9575722709622,507.012622720898,102.635549256361
"L13_1140",4730,15157,2.34874975258956,14.6203074487036,507.363253856942,117.818322814994
"L13_1141",3953,11877,2.42485476130336,13.9429148774943,507.713884992987,133.001096373627
"L13_1142",3569,10609,2.64869450466585,13.9692713733622,508.064516129032,148.18386993226
"L13_1143",3497,9955,2.88297338021095,14.8769462581617,508.415147265077,163.366643490893
"L13_1144",2507,6322,3.10028472002531,14.5998101866498,508.765778401122,178.549417049527
"L13_1145",2993,8172,2.6798825256975,14.3049437102301,509.116409537167,193.73219060816
"L13_1146",3733,11373,3.10384243383452,14.7630352589466,509.467040673212,208.914964166793
"L13_1147",4292,13145,2.70825408900723,14.3628756181057,509.817671809257,224.097737725426
"L13_1148",3211,8758,3.16282256222882,15.323133135419,510.168302945302,239.280511284059
"L13_1149",3863,11209,2.39093585511642,16.0496029975912,510.518934081346,254.463284842693
"L13_1150",3750,10647,2.71437963745656,14.8774302620456,510.869565217391,269.646058401326
"L13_1151",3814,10632,2.66177577125658,13.5252069224981,511.220196353436,284.828831959959
"L13_1152",3300,8453,2.74458772033598,14.7758192357743,498.246844319776,292.723874210448
"L13_1153",3166,8446,3.25597916173336,14.7407056594838,485.273492286115,300.618916460938
"L13_1154",3267,8536,2.95220243673852,14.7844423617619,472.300140252454,308.513958711427
"L13_1155",3939,11760,2.27040816326531,14.9404761904762,459.326788218794,316.409000961916
"L13_1156",4423,14634,2.323356566899,16.4753314199809,446.353436185133,324.304043212405
"L13_1157",4257,13684,2.49926921952645,16.8444899152295,433.380084151473,332.199085462895
"L13_1158",4280,13805,2.46287576964868,16.2767113364723,420.406732117812,340.094127713384
"L13_1159",3629,9982,2.54458024443999,14.3858946102985,407.433380084151,347.989169963873
"L13_1160",3251,8927,3.03573428923491,14.6633807550129,394.460028050491,355.884212214362
"L13_1161",3856,11739,2.623732856291,14.5327540676378,381.48667601683,363.779254464852
"L13_1162",4087,12911,2.60243203469909,17.132677561769,368.51332398317,371.674296715341
"L13_1163",4854,16571,2.35350914247782,16.5168064691328,355.539971949509,379.56933896583
"L13_1164",4612,16081,2.4127852745476,18.0896710403582,342.566619915848,387.46438121632
"L13_1165",4946,18649,1.77489409619819,19.9849857901228,329.593267882188,395.359423466809
"L13_1166",4893,17718,2.07698385822328,18.1905406930805,316.619915848527,403.254465717298
"L13_1167",4451,15317,2.68329307305608,17.4838414833192,303.646563814867,411.149507967787
"L13_1168",4757,16679,2.08645602254332,19.7913543977457,290.673211781206,419.044550218277
"L13_1169",4528,15297,1.86964764332876,17.6832058573576,277.699859747546,426.939592468766
"L13_1170",3920,12289,2.40052079095126,16.8199202538856,264.726507713885,434.834634719255
"L13_1171",3738,12075,2.20289855072464,17.3498964803313,251.753155680224,442.729676969745
"L13_1172",4160,13892,2.21710336884538,17.2185430463576,238.779803646564,450.624719220234
"L13_1173",5253,19882,1.85595010562318,19.4899909465849,225.806451612903,458.519761470723
"L13_1174",4794,17304,2.01109570041609,17.5739713361073,212.833099579243,466.414803721212
"L13_1175",4239,14381,2.17648285932828,16.6121966483555,199.859747545582,474.309845971702
"L13_1176",4958,18801,2.22860486144354,18.3873198234136,186.886395511921,482.204888222191
"L13_1177",4181,14045,1.92239231043076,17.5863296546814,173.913043478261,490.09993047268
"L13_1178",5228,19989,2.10615838711291,20.0560308169493,160.9396914446,497.994972723169
"L13_1179",4348,14412,2.31057452123231,17.9780738273661,147.96633941094,505.890014973659
"L13_1180",4129,12845,2.17983651226158,17.4931880108992,134.992987377279,513.785057224148
"L13_1181",3190,9285,2.47711362412493,20.1938610662359,122.019635343619,521.680099474637
"L13_1182",4332,14297,2.41309365601175,17.3672798489194,109.046283309958,529.575141725127
"L13_1183",4944,17887,2.07972270363951,17.5937831944988,96.0729312762973,537.470183975616
"L13_1184",4682,15909,2.36972782701615,17.134955056886,83.0995792426368,545.365226226105
"L13_1185",5726,21927,2.12523373010444,17.4305650567793,70.1262272089762,553.260268476594
"L13_1186",4187,13539,2.43740305783293,16.8845557278972,57.1528751753156,561.155310727084
"L13_1187",4149,13591,2.01604002648812,19.5864910602605,44.179523141655,569.050352977573
"L13_1188",4075,13336,2.48200359928014,19.3161367726455,31.2061711079944,576.945395228062
"L13_1189",3403,10082,2.36064272961714,18.7661178337631,18.2328190743338,584.840437478551
"L13_1190",3782,11904,2.20094086021505,19.2624327956989,4.90883590462833,577.552706170407
"L13_1194",3749,11645,2.23271790468012,18.4886217260627,518.934081346424,49.1921863299716
"L13_1195",4158,12719,2.37440050318421,16.1490683229814,519.284712482468,64.3749598886048
"L13_1196",4467,14777,2.47005481491507,16.6813290925086,519.635343618513,79.557733447238
"L13_1197",4177,12784,2.48748435544431,16.39549436796,519.985974754558,94.7405070058712
"L13_1198",4204,13254,2.5350837483024,14.5540968764147,520.336605890603,109.923280564504
"L13_1199",3932,11276,2.43880808797446,14.6328485278468,520.687237026648,125.106054123138
"L13_1200",3710,10728,2.55406413124534,13.7863534675615,521.037868162693,140.288827681771
"L13_1201",3435,9619,3.29556086911321,14.2842291298472,521.388499298738,155.471601240404
"L13_1202",2554,6296,3.81194409148666,13.8500635324015,521.739130434783,170.654374799037
"L13_1203",2539,6395,3.61219702892885,13.7763878029711,522.089761570827,185.837148357671
"L13_1204",3645,10758,2.62130507529281,13.5155233314743,522.440392706872,201.019921916304
"L13_1205",3814,11155,2.64455401165397,13.7965038099507,522.791023842917,216.202695474937
"L13_1206",3747,10774,2.55244106181548,14.312233153889,523.141654978962,231.38546903357
"L13_1207",3300,9180,2.76688453159041,14.161220043573,523.492286115007,246.568242592203
"L13_1208",2815,7320,2.92349726775956,16.6393442622951,523.842917251052,261.751016150837
"L13_1209",3220,8665,2.70051933064051,13.99884593191,524.193548387097,276.93378970947
"L13_1210",3858,11195,2.43858865564984,14.979901741849,524.544179523142,292.116563268103
"L13_1211",3289,8972,2.8979045920642,15.0133749442711,511.570827489481,300.011605518592
"L13_1212",2780,6872,2.32828870779977,15.337601862631,498.59747545582,307.906647769082
"L13_1213",2919,7642,2.51243130070662,14.6035069353572,485.62412342216,315.801690019571
"L13_1214",3839,11352,2.40486257928118,14.4996476391825,472.650771388499,323.69673227006
"L13_1215",4168,12936,2.68243661100804,15.2133580705009,459.677419354839,331.591774520549
"L13_1216",4548,15693,2.58076849550755,15.5865672592876,446.704067321178,339.486816771039
"L13_1217",4548,14641,2.19247319172188,16.7953008674271,433.730715287518,347.381859021528
"L13_1218",4624,14789,2.44100344850903,16.0119007370343,420.757363253857,355.276901272017
"L13_1219",3596,10793,2.85370147317706,15.9547855091263,407.784011220196,363.171943522506
"L13_1220",3399,9364,2.53096967108073,14.8547629218283,394.810659186536,371.066985772996
"L13_1221",3963,12695,2.71760535643954,15.2343442300118,381.837307152875,378.962028023485
"L13_1222",3789,11239,2.50022243971884,16.5584126701664,368.863955119215,386.857070273974
"L13_1223",3516,10797,2.08391219783273,17.708622765583,355.890603085554,394.752112524464
"L13_1224",4288,13647,2.29354436872573,20.0483622774236,342.917251051893,402.647154774953
"L13_1225",4289,13922,1.9321936503376,17.1814394483551,329.943899018233,410.542197025442
"L13_1226",4290,14206,2.34407996621146,18.5203435168239,316.970546984572,418.437239275931
"L13_1227",4674,15812,2.09967113584619,18.5745003794586,303.997194950912,426.332281526421
"L13_1228",4439,14723,1.98329144875365,19.242002309312,291.023842917251,434.22732377691
"L13_1229",3823,11506,2.19885277246654,15.8004519381192,278.05049088359,442.122366027399
"L13_1230",3903,11984,2.20293724966622,16.6138184245661,265.07713884993,450.017408277888
"L13_1231",3848,12402,2.03193033381713,17.3036606998871,252.103786816269,457.912450528378
"L13_1232",5067,19040,2.21113445378151,18.4558823529412,239.130434782609,465.807492778867
"L13_1233",4589,16555,2.18061008758683,18.0610087586832,226.157082748948,473.702535029356
"L13_1234",3771,11871,2.41765647375958,18.6083733468116,213.183730715288,481.597577279846
"L13_1235",4392,14818,2.03806181670941,16.4529626130382,200.210378681627,489.492619530335
"L13_1236",4574,16098,2.6773512237545,17.4680084482544,187.237026647966,497.387661780824
"L13_1237",4804,17742,2.14744673655732,18.1152068537933,174.263674614306,505.282704031313
"L13_1238",4687,17535,2.18990590248075,21.6424294268606,161.290322580645,513.177746281803
"L13_1239",4353,14106,2.44576775840068,16.9360555791862,148.316970546985,521.072788532292
"L13_1240",3830,11307,2.34368090563368,17.7146900150349,135.343618513324,528.967830782781
"L13_1241",3812,11614,2.64336146030653,16.0754262097469,122.370266479663,536.86287303327
"L13_1242",5183,19040,2.17436974789916,18.2983193277311,109.396914446003,544.75791528376
"L13_1243",4736,16284,2.80643576516826,16.3104888233849,96.4235624123422,552.652957534249
"L13_1244",5226,19027,1.95511641351763,17.9429232143796,83.4502103786816,560.547999784738
"L13_1245",3993,12633,2.64386923137814,17.8896540805826,70.476858345021,568.443042035228
"L13_1246",3720,11631,2.4417504943685,18.0122087524718,57.5035063113604,576.338084285717
"L13_1247",4039,13156,1.82426269382791,19.9224688355123,44.5301542776999,584.233126536206
"L13_1248",3154,9111,2.52442102952475,18.8453517725826,31.5568022440393,592.128168786695
"L13_1249",2884,7889,2.99150716187096,17.5687666370896,18.5834502103787,600.023211037185
"L13_1250",3159,9000,2.44444444444444,16.8555555555556,5.25946704067321,592.735479729041
"L13_1253",4123,12427,2.46238030095759,14.6616238834795,531.206171107994,10.9315969622159
"L13_1254",4082,12117,2.92976809441281,14.8056449616242,531.556802244039,26.1143705208491
"L13_1256",4525,15937,1.65652255757043,21.2461567421723,532.258064516129,56.4799176381156
"L13_1257",4341,13739,2.20540068418371,18.2182109323823,532.608695652174,71.6626911967488
"L13_1258",3848,11943,2.31097714142175,19.5512015406514,532.959326788219,86.845464755382
"L13_1259",3885,11488,2.62883008356546,15.033077994429,533.309957924264,102.028238314015
"L13_1260",3837,11486,2.71635033954379,16.6202333275292,533.660589060309,117.211011872648
"L13_1261",3926,11215,2.53232278198841,13.6959429335711,534.011220196353,132.393785431282
"L13_1262",3268,8836,2.99909461294703,14.7125396106836,534.361851332398,147.576558989915
"L13_1263",2672,6632,2.92521109770808,15.1839565741858,534.712482468443,162.759332548548
"L13_1264",2878,7142,2.84234108092971,14.1276953234388,535.063113604488,177.942106107181
"L13_1265",2657,7035,3.22672352523099,16.2189054726368,535.413744740533,193.124879665814
"L13_1266",3654,10375,2.57349397590361,13.8602409638554,535.764375876578,208.307653224448
"L13_1267",3402,9693,3.00216651191582,15.3822346022903,536.115007012623,223.490426783081
"L13_1268",3176,8647,2.0816468139239,13.9470336532902,536.465638148668,238.673200341714
"L13_1269",3447,9722,2.55091544949599,13.2894466159227,536.816269284712,253.855973900347
"L13_1270",3107,8304,3.35982658959538,13.740366088632,537.166900420757,269.038747458981
"L13_1271",3278,9023,2.48254460822343,14.6403635154605,537.517531556802,284.221521017614
"L13_1272",3170,8400,2.55952380952381,13.9880952380952,537.868162692847,299.404294576247
"L13_1273",3221,8285,2.75196137598069,14.0494870247435,524.894810659187,307.299336826736
"L13_1274",3351,9122,2.38982679237009,14.9747862310897,511.921458625526,315.194379077226
"L13_1275",2818,7177,2.59161209418977,14.2399331196879,498.948106591865,323.089421327715
"L13_1276",3128,8468,2.95229097779877,14.5370807746812,485.974754558205,330.984463578204
"L13_1277",3351,9660,2.33954451345756,15.6211180124224,473.001402524544,338.879505828693
"L13_1278",3515,10209,2.40963855421687,14.9475952590851,460.028050490884,346.774548079183
"L13_1279",4121,12752,2.63488080301129,14.4055834378921,447.054698457223,354.669590329672
"L13_1280",4379,14525,2.55421686746988,17.7211703958692,434.081346423562,362.564632580161
"L13_1281",4651,16253,2.27650279948317,17.6213622100535,421.107994389902,370.45967483065
"L13_1282",3452,10083,2.67777447188337,16.304671228801,408.134642356241,378.35471708114
"L13_1283",3239,9434,2.63938944244223,14.8929404282383,395.161290322581,386.249759331629
"L13_1284",3777,11330,2.63901147396293,15.5869373345102,382.18793828892,394.144801582118
"L13_1285",4195,13334,2.39238038098095,17.2116394180291,369.214586255259,402.039843832608
"L13_1286",3304,9530,2.08814270724029,17.6705141657922,356.241234221599,409.934886083097
"L13_1287",3718,11270,2.49334516415262,17.6752440106477,343.267882187938,417.829928333586
"L13_1288",4182,13579,2.44495176375285,18.2119449149422,330.294530154278,425.724970584075
"L13_1289",4633,16297,2.14763453396331,19.1139473522734,317.321178120617,433.620012834565
"L13_1290",4581,15335,2.14541897619824,19.4522334528856,304.347826086957,441.515055085054
"L13_1291",4130,13042,2.2925931605582,16.7689004753872,291.374474053296,449.410097335543
"L13_1292",3634,10855,2.12805158912943,18.065407646246,278.401122019635,457.305139586032
"L13_1293",3817,12029,1.86216643112478,17.5575692077479,265.427769985975,465.200181836522
"L13_1294",4473,15495,2.11681187479832,16.7860600193611,252.454417952314,473.095224087011
"L13_1295",5479,21405,1.80331698201355,18.7806587245971,239.481065918654,480.9902663375
"L13_1296",3679,11607,2.16248815370035,19.3073145515637,226.507713884993,488.88530858799
"L13_1297",3636,11252,2.36402417348027,17.1436189121934,213.534361851332,496.780350838479
"L13_1298",4169,13655,2.21164408641523,19.5020139143171,200.561009817672,504.675393088968
"L13_1299",4236,13810,2.51267197682839,16.8573497465605,187.587657784011,512.570435339457
"L13_1300",4420,14667,2.60448626167587,18.6882116315538,174.614305750351,520.465477589947
"L13_1301",4142,13165,2.49905051272313,18.8454234713255,161.64095371669,528.360519840436
"L13_1302",3959,11845,2.43984803714648,15.846348670325,148.667601683029,536.255562090925
"L13_1303",3362,9562,2.0393223175068,16.4191591717214,135.694249649369,544.150604341414
"L13_1304",3938,12306,2.58410531448074,17.4549000487567,122.720897615708,552.045646591904
"L13_1305",4688,16730,2.75552898983861,17.3460848774656,109.747545582048,559.940688842393
"L13_1306",5020,17669,2.03180711981436,17.2505518139114,96.7741935483871,567.835731092882
"L13_1307",4417,13777,2.22835160049358,17.0283806343907,83.8008415147265,575.730773343371
"L13_1308",3458,9601,2.78096031663368,17.2690344755755,70.8274894810659,583.625815593861
"L13_1309",3567,10680,2.20037453183521,17.6123595505618,57.8541374474053,591.52085784435
"L13_1310",3548,10241,2.23610975490675,18.9239332096475,44.8807854137447,599.415900094839
"L13_1311",3055,8557,2.74628958747225,17.9735888746056,31.9074333800842,607.310942345329
"L13_1312",2471,6156,2.84275503573749,19.6393762183236,18.9340813464236,615.205984595818
"L13_1315",2860,7177,1.95067576982026,15.3267381914449,544.179523141655,3.03655471172664
"L13_1316",3354,9411,2.23143130379343,13.6754861332483,544.5301542777,18.2193282703599
"L13_1317",4224,13012,2.09037811251153,13.7257915770058,544.880785413745,33.4021018289931
"L13_1318",4054,13042,1.81720595000767,17.0832694372029,545.23141654979,48.5848753876263
"L13_1319",4300,14031,1.86729384933362,20.5616135699522,545.582047685834,63.7676489462595
"L13_1320",3887,11605,2.86083584661784,16.6393795777682,545.932678821879,78.9504225048927
"L13_1321",3682,10642,2.63108438263484,16.6697989099793,546.283309957924,94.1331960635259
"L13_1322",4163,12972,2.62102991057663,17.4761023743447,546.633941093969,109.315969622159
"L13_1323",3965,11658,2.57334019557385,14.7452393206382,546.984572230014,124.498743180792
"L13_1324",3605,10448,2.89050535987749,15.7159264931087,547.335203366059,139.681516739426
"L13_1325",3244,8677,2.17817217932465,16.5840728362337,547.685834502104,154.864290298059
"L13_1326",2640,6268,2.40906190172304,16.1295469049138,548.036465638149,170.047063856692
"L13_1327",2417,5909,3.01235403621594,16.0602470807243,548.387096774194,185.229837415325
"L13_1328",3260,9508,2.78712663020614,14.3563315103071,548.737727910238,200.412610973958
"L13_1329",3345,9107,2.85494674426266,15.021412100582,549.088359046283,215.595384532592
"L13_1330",3570,10171,2.35964998525219,13.2828630419821,549.438990182328,230.778158091225
"L13_1331",3100,8526,2.58034248182031,14.0511376964579,549.789621318373,245.960931649858
"L13_1332",3163,8461,3.13201749202222,13.2253870700863,550.140252454418,261.143705208491
"L13_1333",3483,10058,2.78385364883675,12.6367070988268,550.490883590463,276.326478767125
"L13_1334",3554,10276,3.03620085636434,13.7504865706501,550.841514726508,291.509252325758
"L13_1335",2903,7483,2.44554323132434,14.9271682480289,551.192145862553,306.692025884391
"L13_1336",2848,7095,2.91754756871036,13.3756166314306,538.218793828892,314.58706813488
"L13_1337",2962,7608,2.48422712933754,13.6829652996845,525.245441795231,322.482110385369
"L13_1338",3325,8920,2.69058295964126,14.2152466367713,512.272089761571,330.377152635859
"L13_1339",2926,7589,2.88575569903808,14.6791408617736,499.29873772791,338.272194886348
"L13_1340",3064,8072,2.89890981169475,15.5599603567889,486.32538569425,346.167237136837
"L13_1341",3611,10227,2.65962647892833,14.4323848635964,473.352033660589,354.062279387327
"L13_1342",3969,11701,2.28185625160243,14.0500811896419,460.378681626928,361.957321637816
"L13_1343",3856,11618,2.59080736787743,15.140299535204,447.405329593268,369.852363888305
"L13_1344",4073,12694,2.32393256656688,16.4802268788404,434.431977559607,377.747406138794
"L13_1345",4367,13738,2.32930557577522,17.7172805357403,421.458625525947,385.642448389284
"L13_1346",3104,9162,2.75049115913556,17.0814232700284,408.485273492286,393.537490639773
"L13_1347",3130,9009,2.5974025974026,15.7176157176157,395.511921458626,401.432532890262
"L13_1348",3962,12301,2.65019104137875,16.2994878465165,382.538569424965,409.327575140751
"L13_1349",3454,9978,2.45540188414512,16.937261976348,369.565217391304,417.222617391241
"L13_1350",3916,12351,2.77710306857744,15.9339324751032,356.591865357644,425.11765964173
"L13_1351",3039,8777,2.36983023812237,17.1243021533554,343.618513323983,433.012701892219
"L13_1352",3533,10701,2.66330249509392,17.7086253621157,330.645161290323,440.907744142709
"L13_1353",4425,14724,1.7386579733768,19.2882368921489,317.671809256662,448.802786393198
"L13_1354",4498,14913,1.75685643398377,20.9481660296386,304.698457223001,456.697828643687
"L13_1355",4356,14765,2.14019641043007,21.070098205215,291.725105189341,464.592870894176
"L13_1356",4469,15134,1.84353112197701,17.3054050482358,278.75175315568,472.487913144666
"L13_1357",4263,14341,2.0640122725054,16.5678822955164,265.77840112202,480.382955395155
"L13_1358",4148,13446,2.38732708612227,17.2021419009371,252.805049088359,488.277997645644
"L13_1359",4255,14228,2.34045543997751,19.9044138318808,239.831697054698,496.173039896134
"L13_1360",3860,12017,2.21353083132229,17.1839893484231,226.858345021038,504.068082146623
"L13_1361",3559,10740,2.16014897579143,17.2160148975791,213.884992987377,511.963124397112
"L13_1362",3756,11406,2.20059617745046,15.9565141153779,200.911640953717,519.858166647601
"L13_1363",4261,13637,2.13390041798049,16.983207450319,187.938288920056,527.753208898091
"L13_1364",4364,14455,2.37979937737807,17.0805949498443,174.964936886396,535.64825114858
"L13_1365",4110,12841,2.74121953118916,16.7899696285336,161.991584852735,543.543293399069
"L13_1366",3996,12724,2.40490411820182,15.9226658283559,149.018232819074,551.438335649558
"L13_1367",3446,10048,2.49800955414013,16.859076433121,136.044880785414,559.333377900048
"L13_1368",4058,12423,2.10094180149722,17.5319971021492,123.071528751753,567.228420150537
"L13_1369",5352,20352,1.83274371069182,18.6517295597484,110.098176718093,575.123462401026
"L13_1370",4715,16050,2.47352024922118,17.993769470405,97.124824684432,583.018504651515
"L13_1371",3634,10642,2.6028941928209,16.2187558729562,84.1514726507714,590.913546902005
"L13_1372",3275,9306,2.61121856866538,16.8600902643456,71.1781206171108,598.808589152494
"L13_1373",3631,10541,2.34323119248648,19.0399392846978,58.2047685834502,606.703631402983
"L13_1374",3093,8737,2.22044179924459,16.9508984777384,45.2314165497896,614.598673653472
"L13_1375",2369,6005,2.91423813488759,19.150707743547,32.258064516129,622.493715903962
"L13_1376",2846,7790,2.69576379974326,16.7522464698331,19.2847124824684,630.388758154451
"L13_1377",2727,6924,2.23859041016753,17.2588099364529,5.96072931276297,623.101026846307
"L13_1380",3523,9889,2.15390838305188,13.1155829709779,557.50350631136,10.3242860198706
"L13_1381",3581,10130,2.20138203356367,15.0542941757157,557.854137447405,25.5070595785038
"L13_1382",4174,12645,1.86635033610123,14.1478845393436,558.20476858345,40.689833137137
"L13_1383",3998,11985,1.99415936587401,17.0045890696704,558.555399719495,55.8726066957702
"L13_1384",4234,12994,2.20871171309835,17.6158226873942,558.90603085554,71.0553802544034
"L13_1385",3685,10748,1.87941942687012,18.2080387048753,559.256661991585,86.2381538130367
"L13_1386",3961,11794,2.59453959640495,15.8385619806681,559.60729312763,101.42092737167
"L13_1387",3373,9369,2.6790479240047,15.6260006404099,559.957924263675,116.603700930303
"L13_1388",3140,8301,2.66232983977834,15.5282496084809,560.308555399719,131.786474488936
"L13_1389",3655,10077,2.37173762032351,14.4487446660713,560.659186535764,146.96924804757
"L13_1390",3497,9505,1.98842714360863,16.0336664913204,561.009817671809,162.152021606203
"L13_1391",2655,6739,2.41875649206114,17.9700252262947,561.360448807854,177.334795164836
"L13_1392",2900,7346,2.84508576095834,15.9542608222162,561.711079943899,192.517568723469
"L13_1393",3646,11071,2.63752145244332,15.2470418209737,562.061711079944,207.700342282102
"L13_1394",3255,8978,2.95165961238583,14.4241479171308,562.412342215989,222.883115840736
"L13_1395",3218,8928,2.47535842293907,13.3400537634409,562.762973352034,238.065889399369
"L13_1396",3204,8957,2.85809981020431,14.0225521938149,563.113604488079,253.248662958002
"L13_1397",2964,7890,3.04182509505703,13.1685678073511,563.464235624123,268.431436516635
"L13_1398",2993,8171,3.01064741157753,13.6947742014441,563.814866760168,283.614210075268
"L13_1399",3205,8595,2.73414776032577,13.8452588714369,564.165497896213,298.796983633902
"L13_1400",3760,10872,2.53863134657837,15.103016924209,564.516129032258,313.979757192535
"L13_1401",3770,11058,2.75818412009405,16.0336408030385,551.542776998597,321.874799443024
"L13_1402",2745,6811,3.4062545881662,14.1829393627955,538.569424964937,329.769841693513
"L13_1403",3160,8488,3.0631479736098,13.7134778510839,525.596072931276,337.664883944003
"L13_1404",3145,8467,2.55108066611551,14.6569032715247,512.622720897616,345.559926194492
"L13_1405",3079,8262,2.59017187121762,14.4153957879448,499.649368863955,353.454968444981
"L13_1406",3391,9224,3.00303555941023,14.4405897658283,486.676016830295,361.35001069547
"L13_1407",3569,10309,2.38626442913959,14.5309923367931,473.702664796634,369.24505294596
"L13_1408",3434,9690,2.30134158926729,15.3766769865841,460.729312762973,377.140095196449
"L13_1409",3500,9540,2.16981132075472,15.0524109014675,447.755960729313,385.035137446938
"L13_1410",3983,11777,2.22467521440095,18.7229345334126,434.782608695652,392.930179697428
"L13_1411",3372,9941,2.60537169298863,17.955940046273,421.809256661992,400.825221947917
"L13_1412",2865,7674,2.43679958300756,15.3375032577535,408.835904628331,408.720264198406
"L13_1413",3049,8358,2.33309404163676,16.4752333094042,395.86255259467,416.615306448895
"L13_1414",3363,9516,2.09121479613283,17.1080285834384,382.88920056101,424.510348699385
"L13_1415",3695,10921,2.78362787290541,17.0497207215456,369.915848527349,432.405390949874
"L13_1416",3781,11393,2.41376283682963,15.439304836303,356.942496493689,440.300433200363
"L13_1417",3164,8978,2.62864780574738,16.2062820227222,343.969144460028,448.195475450852
"L13_1418",3497,10192,2.20761381475667,17.6609105180534,330.995792426367,456.090517701342
"L13_1419",4535,15296,1.88938284518828,20.1425209205021,318.022440392707,463.985559951831
"L13_1420",4300,15024,1.73056443024494,23.4957401490948,305.049088359046,471.88060220232
"L13_1421",3957,13289,2.1747309805102,21.0324328391903,292.075736325386,479.77564445281
"L13_1422",4232,14445,2.17376254759432,19.944617514711,279.102384291725,487.670686703299
"L13_1423",4583,15980,2.12765957446809,16.927409261577,266.129032258065,495.565728953788
"L13_1424",4236,13862,2.14254797287549,17.6020776222767,253.155680224404,503.460771204277
"L13_1425",4316,14057,2.36181262004695,17.4148111261293,240.182328190743,511.355813454767
"L13_1426",3418,10329,2.67208829509149,17.2330332074741,227.208976157083,519.250855705256
"L13_1427",3615,11117,2.4556984798057,15.3548619231807,214.235624123422,527.145897955745
"L13_1428",4256,14288,2.51259798432251,17.8331466965286,201.262272089762,535.040940206234
"L13_1429",4107,13484,2.87006822901216,16.1598932067636,188.288920056101,542.935982456724
"L13_1430",4387,14938,2.33632347034409,15.3501138037221,175.31556802244,550.831024707213
"L13_1431",4647,15365,2.49267816465994,16.0950211519688,162.34221598878,558.726066957702
"L13_1432",3543,10593,2.34116869630888,16.5581044085717,149.368863955119,566.621109208192
"L13_1433",4080,13133,2.13203380796467,19.3634356201934,136.395511921459,574.516151458681
"L13_1434",4888,16345,1.38268583664729,18.7335576628939,123.422159887798,582.41119370917
"L13_1435",4617,15273,1.39461795325083,18.6145485497283,110.448807854137,590.306235959659
"L13_1436",3634,10636,2.24708537044002,19.2741632192554,97.4754558204768,598.201278210149
"L13_1437",3423,9717,2.39785942163219,16.5791911083668,84.5021037868163,606.096320460638
"L13_1438",3010,8007,2.52279255651305,16.3981516173348,71.5287517531557,613.991362711127
"L13_1439",3164,9017,2.517467006765,19.2747033381391,58.5553997194951,621.886404961616
"L13_1440",2162,4961,3.02358395484781,16.6700262043943,45.5820476858345,629.781447212106
"L13_1441",2322,5614,2.3156394727467,16.0847880299252,32.6086956521739,637.676489462595
"L13_1442",2659,6794,2.32558139534884,16.6176037680306,19.6353436185133,645.571531713084
"L13_1443",2572,6259,2.15689407253555,17.7184853810513,6.31136044880785,638.28380040494
"L13_1445",2929,7473,1.60578081091931,13.9970560685133,570.476858345021,2.42924376938131
"L13_1446",3256,8957,1.93145026236463,14.4802947415429,570.827489481066,17.6120173280145
"L13_1447",4088,12550,1.64940239043825,14.4541832669323,571.178120617111,32.7947908866477
"L13_1448",3877,11132,1.53611210923464,14.2472152353575,571.528751753156,47.977564445281
"L13_1449",4334,13393,1.73971477637572,16.2622265362503,571.879382889201,63.1603380039142
"L13_1450",3900,11317,2.27091985508527,15.975965361845,572.230014025245,78.3431115625474
"L13_1451",3403,9145,2.09950792782942,17.156916347731,572.58064516129,93.5258851211806
"L13_1452",3747,10376,2.66962220508867,15.3623747108712,572.931276297335,108.708658679814
"L13_1453",3475,9475,2.60686015831135,15.3878627968338,573.28190743338,123.891432238447
"L13_1454",4463,13491,2.2978281817508,14.2539470758283,573.632538569425,139.07420579708
"L13_1455",4049,12351,2.59088332928508,14.5332361752085,573.98316970547,154.256979355713
"L13_1456",3333,9534,2.23410950283197,17.7994545835956,574.333800841515,169.439752914347
"L13_1457",3746,10101,2.34630234630235,16.1370161370161,574.68443197756,184.62252647298
"L13_1458",3347,9046,2.36568649126686,16.8582799027194,575.035063113604,199.805300031613
"L13_1459",3655,10300,2.9126213592233,15.6601941747573,575.385694249649,214.988073590246
"L13_1460",2859,7599,3.14515067772075,15.5941571259376,575.736325385694,230.17084714888
"L13_1461",3291,9155,3.21135991261606,15.3468050245767,576.086956521739,245.353620707513
"L13_1462",3579,10318,2.8881566194999,14.246947082768,576.437587657784,260.536394266146
"L13_1463",3338,8977,2.55096357357692,14.4925921800156,576.788218793829,275.719167824779
"L13_1464",3818,11007,2.38938857090942,14.5362042336695,577.138849929874,290.901941383412
"L13_1465",3706,10171,2.82174810736407,13.4106774161833,577.489481065919,306.084714942046
"L13_1466",3789,10807,2.73896548533358,13.8891459239382,577.840112201964,321.267488500679
"L13_1467",3975,11642,2.49098093111149,16.1140697474661,564.866760168303,329.162530751168
"L13_1468",3810,11237,2.52736495505918,17.3088902732046,551.893408134642,337.057573001657
"L13_1469",2490,6024,3.50265604249668,14.160026560425,538.920056100982,344.952615252147
"L13_1470",3110,8080,2.24009900990099,14.3440594059406,525.946704067321,352.847657502636
"L13_1471",3267,8788,3.23167956304051,14.0077378243059,512.973352033661,360.742699753125
"L13_1472",3264,8671,2.84857571214393,13.0550109560604,500,368.637742003615
"L13_1473",3039,8266,2.43164771352528,14.6261795306073,487.026647966339,376.532784254104
"L13_1474",2901,7504,2.50533049040512,13.7126865671642,474.053295932679,384.427826504593
"L13_1475",3062,8274,2.61058738216099,15.0713077109016,461.079943899018,392.322868755082
"L13_1476",3142,8172,2.61869799314733,16.1649534997553,448.106591865358,400.217911005572
"L13_1477",2992,7894,2.58424119584495,16.7088928299975,435.133239831697,408.112953256061
"L13_1478",3043,8067,2.47923639519028,17.0695425808851,422.159887798036,416.00799550655
"L13_1479",2889,7537,2.08305691919862,15.6959002255539,409.186535764376,423.903037757039
"L13_1480",3287,9567,3.06261105884812,17.0168286819275,396.213183730715,431.798080007529
"L13_1481",3018,8207,2.77811624223224,16.0594614353601,383.239831697055,439.693122258018
"L13_1482",3313,9179,2.69092493735701,15.8513999346334,370.266479663394,447.588164508507
"L13_1483",3311,9209,2.50841568031274,16.1906830274731,357.293127629734,455.483206758996
"L13_1484",3491,10114,2.32351196361479,15.878979632193,344.319775596073,463.378249009486
"L13_1485",3467,10530,1.97530864197531,16.6856600189934,331.346423562412,471.273291259975
"L13_1486",3878,12320,2.32142857142857,17.3051948051948,318.373071528752,479.168333510464
"L13_1487",3511,10270,2.26874391431353,18.2570593962999,305.399719495091,487.063375760954
"L13_1488",3425,10446,1.98161975875933,18.7631629331802,292.426367461431,494.958418011443
"L13_1489",4181,14259,2.18809173153798,18.6759239778386,279.45301542777,502.853460261932
"L13_1490",5047,19280,2.63485477178423,18.5632780082988,266.479663394109,510.748502512421
"L13_1491",4652,15502,1.90298026061153,18.5395432847375,253.506311360449,518.643544762911
"L13_1492",3484,10116,2.31316725978648,17.2993277975484,240.532959326788,526.5385870134
"L13_1493",3659,11550,2.5974025974026,17.0909090909091,227.559607293128,534.433629263889
"L13_1494",4721,17146,1.95964073253237,19.0190131809168,214.586255259467,542.328671514378
"L13_1495",4588,15986,2.35831352433379,17.7092455898912,201.612903225806,550.223713764868
"L13_1496",4254,14891,2.2899738096837,15.9626620106104,188.639551192146,558.118756015357
"L13_1497",4339,14458,2.51763729423157,16.8349702586803,175.666199158485,566.013798265846
"L13_1498",4343,14540,2.18019257221458,16.3480055020633,162.692847124825,573.908840516336
"L13_1499",3970,12471,2.31737631304627,17.0234945072568,149.719495091164,581.803882766825
"L13_1500",4634,15723,1.7617503021052,20.5431533422375,136.746143057504,589.698925017314
"L13_1501",5201,18119,1.57845355703957,17.9535294442298,123.772791023843,597.593967267803
"L13_1502",4197,12808,1.71767645221736,18.9334790755778,110.799438990182,605.489009518293
"L13_1503",3621,10352,2.23145285935085,18.2283616692427,97.8260869565217,613.384051768782
"L13_1504",3225,8697,2.67908474186501,16.5114407266874,84.8527349228611,621.279094019271
"L13_1505",2643,6648,2.45186522262335,17.1931407942238,71.8793828892006,629.17413626976
"L13_1506",2213,5179,2.02741842054451,16.6055223016026,58.90603085554,637.06917852025
"L13_1507",2375,5402,1.90670122176972,15.0129581636431,45.9326788218794,644.964220770739
"L13_1508",2312,5612,2.15609408410549,17.8189593727726,32.9593267882188,652.859263021228
"L13_1509",3244,8719,1.14692051840807,18.6718660396835,19.9859747545582,660.754305271717
"L13_1510",2903,7482,1.99144613739642,18.0834001603849,6.66199158485273,653.466573963574
"L13_1513",3337,9062,1.72147428823659,13.5400573824763,583.800841514726,9.71697507752526
"L13_1514",3738,10657,1.61396265365487,13.5497794876607,584.151472650771,24.8997486361585
"L13_1515",4010,11908,1.95666778636211,13.8478333893181,584.502103786816,40.0825221947917
"L13_1516",3803,10773,1.92147034252297,14.1371948389492,584.852734922861,55.2652957534249
"L13_1517",3948,11640,2.52577319587629,16.1769759450172,585.203366058906,70.4480693120581
"L13_1518",2914,7333,2.93195145233874,15.4234283376517,585.553997194951,85.6308428706913
"L13_1519",2957,7280,3.00824175824176,15.8516483516484,585.904628330996,100.813616429325
"L13_1520",2929,7488,3.1917735042735,16.2393162393162,586.255259467041,115.996389987958
"L13_1521",3471,9544,2.47275775356245,15.5071248952221,586.605890603086,131.179163546591
"L13_1522",3692,10847,2.89480962478105,15.6725361851203,586.95652173913,146.361937105224
"L13_1523",3425,9569,2.46629741874804,17.3685860591493,587.307152875175,161.544710663857
"L13_1524",3616,10596,2.15175537938845,20.3944884862212,587.65778401122,176.727484222491
"L13_1525",2649,7005,2.45538900785153,19.5574589578872,588.008415147265,191.910257781124
"L13_1526",3295,9144,2.75590551181102,17.6071741032371,588.35904628331,207.093031339757
"L13_1527",3465,10222,2.76853844648797,16.1612208961064,588.709677419355,222.27580489839
"L13_1528",3182,8634,2.88394718554552,14.8714384989576,589.0603085554,237.458578457023
"L13_1529",3602,10651,2.5819171908741,15.7731668387945,589.410939691445,252.641352015657
"L13_1530",3803,11040,2.7536231884058,15.5525362318841,589.761570827489,267.82412557429
"L13_1531",3440,9409,2.58263364863429,15.3257519396323,590.112201963534,283.006899132923
"L13_1532",3214,8361,3.10967587609138,14.5915560339672,590.462833099579,298.189672691556
"L13_1533",3196,8443,2.39251450906076,13.8339452801137,590.813464235624,313.37244625019
"L13_1534",3109,8381,2.83975659229209,14.2345782126238,591.164095371669,328.555219808823
"L13_1535",3441,9976,2.60625501202887,14.4747393744988,578.190743338008,336.450262059312
"L13_1536",3801,11022,2.06859009254219,16.4398475775721,565.217391304348,344.345304309801
"L13_1537",2924,7600,3.11842105263158,16.0131578947368,552.244039270687,352.240346560291
"L13_1538",2979,7761,2.60275737662672,13.6709186960443,539.270687237027,360.13538881078
"L13_1539",3199,8370,2.47311827956989,14.3847072879331,526.297335203366,368.030431061269
"L13_1540",3025,7641,2.61745844784714,13.0349430702788,513.323983169705,375.925473311758
"L13_1541",3077,8140,2.56756756756757,13.1449631449631,500.350631136045,383.820515562248
"L13_1542",2927,7760,2.66752577319588,15,487.377279102384,391.715557812737
"L13_1543",3136,8465,2.91789722386297,14.4122858830478,474.403927068724,399.610600063226
"L13_1544",3136,8306,2.3477004575006,14.9771249699013,461.430575035063,407.505642313715
"L13_1545",2983,7616,2.71796218487395,13.2746848739496,448.457223001402,415.400684564205
"L13_1546",2602,6529,2.51187011793537,15.7604533619237,435.483870967742,423.295726814694
"L13_1547",2832,7401,1.9997297662478,14.9304148088096,422.510518934081,431.190769065183
"L13_1548",3174,8738,2.32318608377203,14.7173266193637,409.537166900421,439.085811315673
"L13_1549",3104,8750,2.97142857142857,16.4,396.56381486676,446.980853566162
"L13_1550",2808,7376,3.05043383947939,16.2011930585683,383.5904628331,454.875895816651
"L13_1551",2989,7926,2.92707544789301,15.8087307595256,370.617110799439,462.77093806714
"L13_1552",3245,9340,2.89079229122056,15.610278372591,357.643758765778,470.66598031763
"L13_1553",3370,10093,2.19954423858119,17.3882889131081,344.670406732118,478.561022568119
"L13_1554",3330,9668,2.09971038477451,16.1150186181216,331.697054698457,486.456064818608
"L13_1555",3628,10986,2.10267613326051,18.0320407791735,318.723702664797,494.351107069098
"L13_1556",3053,8603,2.35964198535395,18.2959432756015,305.750350631136,502.246149319587
"L13_1557",3833,12193,2.31280242762241,16.7391126055934,292.776998597475,510.141191570076
"L13_1558",3927,12182,2.0275816778854,15.7855852897718,279.803646563815,518.036233820565
"L13_1559",4501,14631,2.26231973207573,16.0617866174561,266.830294530154,525.931276071055
"L13_1560",4831,17036,2.42427799953041,17.774125381545,253.856942496494,533.826318321544
"L13_1561",3600,10915,2.97755382501145,17.4896930829134,240.883590462833,541.721360572033
"L13_1562",5352,20709,2.27920227920228,19.9575063981844,227.910238429172,549.616402822522
"L13_1563",4779,17167,1.91064251179589,16.8346245703967,214.936886395512,557.511445073012
"L13_1564",3971,12547,2.52650035865147,15.1032119231689,201.963534361851,565.406487323501
"L13_1565",4506,15116,2.30881185498809,14.9444297433183,188.990182328191,573.30152957399
"L13_1566",4607,15048,2.04678362573099,16.9191919191919,176.01683029453,581.196571824479
"L13_1567",4303,13842,1.87834128016183,17.9381592255454,163.04347826087,589.091614074969
"L13_1568",3518,10544,2.6839908952959,18.133535660091,150.070126227209,596.986656325458
"L13_1569",4874,17424,1.84802571166208,20.4143709825528,137.096774193548,604.881698575947
"L13_1570",4257,14057,1.77135946503521,18.3182755922316,124.123422159888,612.776740826436
"L13_1571",3373,9604,2.12411495210329,18.7109537692628,111.150070126227,620.671783076926
"L13_1572",3368,9459,2.13553229728301,18.1837403531029,98.1767180925666,628.566825327415
"L13_1573",2609,6507,2.73551559858614,16.674350699247,85.203366058906,636.461867577904
"L13_1574",2604,6631,1.82476247926406,17.0110088976022,72.2300140252454,644.356909828394
"L13_1575",2182,5055,2.01780415430267,17.0326409495549,59.2566619915848,652.251952078883
"L13_1576",2862,7395,1.56862745098039,18.2420554428668,46.2833099579243,660.146994329372
"L13_1577",3363,9974,1.2131542009224,21.4758371766593,33.3099579242637,668.042036579861
"L13_1578",2688,6847,1.97166642325106,18.7235285526508,20.3366058906031,675.937078830351
"L13_1579",3089,8518,1.3148626438131,21.3312984268608,7.01262272089762,668.649347522207
"L13_1581",2163,4799,2.43800791831632,13.6903521566993,596.774193548387,1.82193282703599
"L13_1582",3267,8256,1.79263565891473,12.4515503875969,597.124824684432,17.0047063856692
"L13_1583",4055,11942,1.84223748115894,13.599062133646,597.475455820477,32.1874799443024
"L13_1584",3709,10106,1.96912725113794,14.4567583613695,597.826086956522,47.3702535029356
"L13_1585",3386,9271,2.07097400496171,15.0792794736274,598.176718092567,62.5530270615688
"L13_1586",3408,9775,2.59846547314578,17.0946291560102,598.527349228611,77.7358006202021
"L13_1587",2990,7786,2.64577446699204,15.3737477523761,598.877980364656,92.9185741788353
"L13_1588",3140,8136,3.07276302851524,15.3761061946903,599.228611500701,108.101347737468
"L13_1589",3953,11305,2.50331711632021,15.2587350729766,599.579242636746,123.284121296102
"L13_1590",4114,12846,2.54553946753853,14.2690331620738,599.929873772791,138.466894854735
"L13_1591",3141,8318,2.64486655446021,14.2582351526809,600.280504908836,153.649668413368
"L13_1592",3453,9808,2.28384991843393,20.4221044045677,600.631136044881,168.832441972001
"L13_1593",3305,8946,2.48155600268276,19.4500335345406,600.981767180926,184.015215530635
"L13_1594",2509,6218,2.76616275329688,17.7227404310068,601.332398316971,199.197989089268
"L13_1595",3053,8175,2.51987767584098,17.4311926605505,601.683029453015,214.380762647901
"L13_1596",3316,9305,2.56851155292853,14.0354648038689,602.03366058906,229.563536206534
"L13_1597",3549,10051,2.32812655457168,14.8542433588698,602.384291725105,244.746309765167
"L13_1598",3750,11182,2.59345376497943,15.4355213736362,602.73492286115,259.929083323801
"L13_1599",3159,8287,2.63062628212864,14.9752624592736,603.085553997195,275.111856882434
"L13_1600",3429,9210,2.57328990228013,14.8968512486428,603.43618513324,290.294630441067
"L13_1601",3073,7844,2.86843447220806,13.5262621111678,603.786816269285,305.4774039997
"L13_1602",3106,8305,2.44431065623119,13.3534015653221,604.13744740533,320.660177558333
"L13_1603",3018,7866,2.78413424866514,14.0223747775235,604.488078541374,335.842951116967
"L13_1604",2815,7099,2.43696295252853,14.1991829835188,591.514726507714,343.737993367456
"L13_1605",3718,10787,2.23417076110133,16.5940483915825,578.541374474053,351.633035617945
"L13_1606",3536,10412,2.80445639646562,17.6719170188244,565.568022440393,359.528077868435
"L13_1607",2887,7584,2.90084388185654,15.2821729957806,552.594670406732,367.423120118924
"L13_1608",3089,7982,3.10699072914057,14.7080932097219,539.621318373072,375.318162369413
"L13_1609",2926,7077,2.93909848805991,13.4520276953511,526.647966339411,383.213204619902
"L13_1610",3274,8399,2.60745326824622,14.6565067269913,513.67461430575,391.108246870392
"L13_1611",3479,9705,2.32869654817105,16.8160741885626,500.70126227209,399.003289120881
"L13_1612",3110,8114,3.38920384520582,15.3808232684249,487.727910238429,406.89833137137
"L13_1613",2868,7525,3.04318936877076,14.3388704318937,474.754558204769,414.793373621859
"L13_1614",3201,8692,2.95674183156926,14.1624482282559,461.781206171108,422.688415872349
"L13_1615",3256,9154,2.77474328162552,15.0426043259777,448.807854137447,430.583458122838
"L13_1616",2973,8074,2.8981917265296,15.5437205845925,435.834502103787,438.478500373327
"L13_1617",3318,9388,2.55645504899872,14.2202812100554,422.861150070126,446.373542623816
"L13_1618",3199,9023,2.95910451069489,13.3769256344896,409.887798036466,454.268584874306
"L13_1619",2809,7617,2.53380596035184,16.5288171196009,396.914446002805,462.163627124795
"L13_1620",3465,9562,2.93871574984313,15.7184689395524,383.941093969145,470.058669375284
"L13_1621",3106,8762,2.53366811230313,15.7155900479343,370.967741935484,477.953711625774
"L13_1622",3394,9940,2.17303822937626,16.9114688128773,357.994389901823,485.848753876263
"L13_1623",3291,9249,2.49756730457347,16.866688290626,345.021037868163,493.743796126752
"L13_1624",3492,10117,2.27340120589107,17.2383117524958,332.047685834502,501.638838377241
"L13_1625",3661,11126,2.51662771885673,15.5671400323566,319.074333800841,509.533880627731
"L13_1626",3654,11457,2.29553984463647,18.1548398359082,306.100981767181,517.42892287822
"L13_1627",4285,13970,2.29778095919828,17.8024337866858,293.12762973352,525.323965128709
"L13_1628",4207,13307,2.26196738558653,16.8182159765537,280.15427769986,533.219007379199
"L13_1629",4415,15018,2.39046477560261,16.5268344653083,267.180925666199,541.114049629688
"L13_1630",4281,13794,2.32709873858199,17.9425837320574,254.207573632539,549.009091880177
"L13_1631",3840,11939,2.59653237289555,17.5307814724851,241.234221598878,556.904134130666
"L13_1632",4448,14423,1.84427650280802,16.0022186784996,228.260869565217,564.799176381156
"L13_1633",4099,13600,2.43382352941176,14.9926470588235,215.287517531557,572.694218631645
"L13_1634",3878,12167,2.94238514013315,14.9667132407331,202.314165497896,580.589260882134
"L13_1635",4724,15144,2.06022187004754,14.9300052826202,189.340813464236,588.484303132623
"L13_1636",5039,17929,2.23102236599922,15.9518099168944,176.367461430575,596.379345383113
"L13_1637",4174,12754,2.36788458522816,17.7277716794731,163.394109396914,604.274387633602
"L13_1638",3482,10566,2.51750899110354,18.4364944160515,150.420757363254,612.169429884091
"L13_1639",4925,17135,1.75663845929384,18.0215932302305,137.447405329593,620.06447213458
"L13_1640",3276,9108,1.58102766798419,17.5340360122969,124.474053295933,627.95951438507
"L13_1641",3267,9372,2.08066581306018,18.0004268032437,111.500701262272,635.854556635559
"L13_1642",3026,8137,2.10151161361681,16.7137765761337,98.5273492286115,643.749598886048
"L13_1643",2817,7277,2.04754706609867,16.8063762539508,85.5539971949509,651.644641136538
"L13_1644",2342,5687,1.91665201336381,16.6520133638122,72.5806451612903,659.539683387027
"L13_1645",2810,7119,1.20803483635342,18.6823992133727,59.6072931276297,667.434725637516
"L13_1646",2268,5268,1.55656795747912,19.2103264996204,46.6339410939691,675.329767888005
"L13_1647",1984,4744,2.50843170320405,21.3743676222597,33.6605890603086,683.224810138495
"L13_1648",1793,4070,1.89189189189189,21.6953316953317,20.687237026648,691.119852388984
"L13_1649",2122,5013,2.05465788948733,21.6437263115899,7.3632538569425,683.83212108084
"L13_1653",3004,7597,2.07976832960379,13.9660392260103,610.448807854137,24.2924376938131
"L13_1654",3468,9210,2.28013029315961,15.4397394136808,610.799438990182,39.4752112524464
"L13_1655",3140,8224,2.29815175097276,15.5885214007782,611.150070126227,54.6579848110796
"L13_1656",3474,9951,2.35152246005427,16.2596723947342,611.500701262272,69.8407583697128
"L13_1657",3261,8870,2.11950394588501,16.7080045095829,611.851332398317,85.023531928346
"L13_1658",3160,8282,2.9340738951944,14.8877082830234,612.201963534362,100.206305486979
"L13_1659",4140,12824,2.04304429195259,17.9975046787274,612.552594670407,115.389079045612
"L13_1660",3668,10565,2.60293421675343,14.5575011831519,612.903225806452,130.571852604246
"L13_1661",3990,11810,2.4809483488569,14.1913632514818,613.253856942496,145.754626162879
"L13_1662",3237,8702,2.73500344748334,15.9043897954493,613.604488078541,160.937399721512
"L13_1663",2950,7724,2.71879854997411,16.0409114448472,613.955119214586,176.120173280145
"L13_1664",2802,7495,2.53502334889927,16.6777851901268,614.305750350631,191.302946838778
"L13_1665",2844,7002,2.35646958011997,16.452442159383,614.656381486676,206.485720397412
"L13_1666",2971,7815,2.72552783109405,15.3934740882917,615.007012622721,221.668493956045
"L13_1667",3083,8210,2.64311814859927,13.5809987819732,615.357643758766,236.851267514678
"L13_1668",3194,8493,2.66101495349111,14.5531614270576,615.708274894811,252.034041073311
"L13_1669",2956,7887,2.49778115886902,13.6173449980981,616.058906030855,267.216814631945
"L13_1670",3416,9149,2.80905016941742,14.0233905344846,616.4095371669,282.399588190578
"L13_1671",3229,8757,3.00331163640516,14.1829393627955,616.760168302945,297.582361749211
"L13_1672",3230,8901,2.66262217728345,14.2006516121784,617.11079943899,312.765135307844
"L13_1673",3122,8208,2.80214424951267,13.754873294347,617.461430575035,327.947908866477
"L13_1674",2897,7354,2.73320641827577,13.0677182485722,617.81206171108,343.130682425111
"L13_1675",2721,7115,3.19044272663387,13.1974701335207,604.838709677419,351.0257246756
"L13_1676",3104,8084,2.27610094012865,13.6071251855517,591.865357643759,358.920766926089
"L13_1677",3045,8107,2.52867891945233,13.4575058591341,578.892005610098,366.815809176578
"L13_1678",2355,5717,3.02606262025538,15.2352632499563,565.918653576438,374.710851427068
"L13_1679",2824,7159,3.10099175862551,14.233831540718,552.945301542777,382.605893677557
"L13_1680",3218,8653,3.08563503987056,13.9258060788166,539.971949509116,390.500935928046
"L13_1681",2939,7793,2.93853458231746,15.7833953548056,526.998597475456,398.395978178536
"L13_1682",3422,9028,2.82454585733274,14.8980948161276,514.025245441795,406.291020429025
"L13_1683",3260,8548,2.74918109499298,14.1202620496022,501.051893408135,414.186062679514
"L13_1684",2491,5878,3.01122830894862,14.681864579789,488.078541374474,422.081104930003
"L13_1685",2566,6038,2.61676051672739,13.6634647234184,475.105189340814,429.976147180493
"L13_1686",3224,8601,2.69736077200326,12.6845715614463,462.131837307153,437.871189430982
"L13_1687",2867,7687,2.56276831013399,13.971640431898,449.158485273492,445.766231681471
"L13_1688",2724,7288,2.93633369923161,14.7365532381998,436.185133239832,453.66127393196
"L13_1689",3467,9709,2.95602018745494,13.4617365331136,423.211781206171,461.55631618245
"L13_1690",3019,8167,2.62030121219542,17.4972450104077,410.238429172511,469.451358432939
"L13_1691",2401,6288,3.03753180661578,16.8893129770992,397.26507713885,477.346400683428
"L13_1692",3274,8914,3.3094009423379,14.6735472290779,384.291725105189,485.241442933918
"L13_1693",3065,8751,2.35401668380756,15.1182721974631,371.318373071529,493.136485184407
"L13_1694",3191,8787,1.98019801980198,15.3180835324912,358.345021037868,501.031527434896
"L13_1695",3609,10431,2.19537915827821,17.1316268814112,345.371669004208,508.926569685385
"L13_1696",3446,10293,2.53570387642087,18.0025259885359,332.398316970547,516.821611935875
"L13_1697",3578,10719,2.50956245918463,17.6602294990204,319.424964936886,524.716654186364
"L13_1698",4703,16554,2.12637429020176,18.2010390238009,306.451612903226,532.611696436853
"L13_1699",4899,16846,2.07170841742847,19.8919624836756,293.478260869565,540.506738687342
"L13_1700",4243,14453,1.95115200996333,20.4248252957863,280.504908835905,548.401780937832
"L13_1701",4054,12723,2.28719641593964,15.9081977521025,267.531556802244,556.296823188321
"L13_1702",3482,10453,2.66909021333588,15.6414426480436,254.558204768583,564.19186543881
"L13_1703",3745,11599,2.37089404258988,14.9581860505216,241.584852734923,572.0869076893
"L13_1704",4263,14234,2.19896023605452,14.3880848672193,228.611500701262,579.981949939789
"L13_1705",3606,10427,2.19622134842236,15.1050158243023,215.638148667602,587.876992190278
"L13_1706",5030,17320,2.20554272517321,15.675519630485,202.664796633941,595.772034440767
"L13_1707",4996,18026,2.56296460667924,14.8785088205925,189.691444600281,603.667076691257
"L13_1708",4148,13273,2.65953439312891,15.1887289987192,176.71809256662,611.562118941746
"L13_1709",4240,13834,2.5372271215845,17.7461327164956,163.744740532959,619.457161192235
"L13_1710",4674,15950,1.74921630094044,19.3103448275862,150.771388499299,627.352203442724
"L13_1711",3726,11336,1.37614678899083,18.6926605504587,137.798036465638,635.247245693214
"L13_1712",2452,6258,1.83764781080217,17.7372962607862,124.824684431978,643.142287943703
"L13_1713",2581,6562,1.49344711978055,18.4852179213654,111.851332398317,651.037330194192
"L13_1714",3084,8386,1.72907226329597,16.9806820891963,98.8779803646564,658.932372444682
"L13_1715",2969,8010,1.5980024968789,18.6142322097378,85.9046283309958,666.827414695171
"L13_1716",2415,5559,1.38514121244828,19.1401331174672,72.9312762973352,674.72245694566
"L13_1717",1933,4146,1.64013506994694,18.5479980704293,59.9579242636746,682.617499196149
"L13_1718",1398,2931,1.91061071306721,21.596724667349,46.984572230014,690.512541446639
"L13_1719",1145,2301,3.12907431551499,21.1212516297262,34.0112201963534,698.407583697128
"L13_1720",895,1637,1.89370800244349,21.3805742211362,21.0378681626928,706.302625947617
"L13_1721",1381,2915,2.29845626072041,20.7547169811321,7.71388499298738,699.014894639473
"L13_1723",1949,4071,1.59665929746991,16.3596168017686,623.071528751753,1.21462188469066
"L13_1724",2649,6273,2.51873106966364,14.5225569902758,623.422159887798,16.3973954433239
"L13_1725",2876,7149,2.74164218771856,13.8900545530843,623.772791023843,31.5801690019571
"L13_1727",3234,8864,2.6173285198556,15.9070397111913,624.474053295933,61.9457161192235
"L13_1728",3257,8767,2.70331926542717,13.5508155583438,624.824684431978,77.1284896778567
"L13_1729",2664,6546,2.45951726245035,14.5890620226092,625.175315568022,92.3112632364899
"L13_1730",3680,10255,2.58410531448074,14.7537786445636,625.525946704067,107.494036795123
"L13_1731",4343,12726,1.76017601760176,17.028131384567,625.876577840112,122.676810353756
"L13_1732",3602,10204,2.9890239121913,14.7197177577421,626.227208976157,137.85958391239
"L13_1733",3379,9203,2.4665869825057,15.1581006193633,626.577840112202,153.042357471023
"L13_1734",3075,7920,3.08080808080808,13.270202020202,626.928471248247,168.225131029656
"L13_1735",3277,9373,2.50720153632775,14.9791955617198,627.279102384292,183.407904588289
"L13_1736",3281,8837,1.96899400248953,13.194523028177,627.629733520337,198.590678146922
"L13_1737",3174,8206,2.0350962710212,14.2091152815013,627.980364656381,213.773451705556
"L13_1738",2633,6481,2.80820860978244,14.7199506249036,628.330995792426,228.956225264189
"L13_1739",2931,7363,2.49898139345376,14.7901670514736,628.681626928471,244.138998822822
"L13_1740",2912,7453,3.09942305112035,14.1553736750302,629.032258064516,259.321772381455
"L13_1741",3292,8917,2.06347426264439,13.9284512728496,629.382889200561,274.504545940089
"L13_1742",3858,10999,2.24565869624511,16.2196563323939,629.733520336606,289.687319498722
"L13_1743",3034,7963,2.90091673992214,13.3492402360919,630.084151472651,304.870093057355
"L13_1744",3164,9054,2.54031367351447,14.5350121493263,630.434782608696,320.052866615988
"L13_1745",3093,8458,2.49467959328446,13.3956017971152,630.78541374474,335.235640174621
"L13_1746",3112,8387,2.71849290568737,14.7490163348039,631.136044880785,350.418413733255
"L13_1747",2945,7971,3.07364195207628,12.1942039894618,618.162692847125,358.313455983744
"L13_1748",2814,7465,2.03616878767582,13.7173476222371,605.189340813464,366.208498234233
"L13_1749",2578,6303,2.74472473425353,14.0885292717753,592.215988779804,374.103540484722
"L13_1750",2671,6438,3.21528424976701,14.6474060267164,579.242636746143,381.998582735212
"L13_1751",3121,8641,2.6617289665548,18.0534660340238,566.269284712482,389.893624985701
"L13_1752",3898,11619,2.29796023754196,16.8344952233411,553.295932678822,397.78866723619
"L13_1753",3948,12040,2.60797342192691,16.4867109634551,540.322580645161,405.68370948668
"L13_1754",3375,9096,2.69349164467898,15.5123131046614,527.349228611501,413.578751737169
"L13_1755",2773,6712,3.08402860548272,14.4964243146603,514.37587657784,421.473793987658
"L13_1756",2426,5821,3.45301494588559,15.0317814808452,501.40252454418,429.368836238147
"L13_1757",2161,5144,3.44090202177294,15.1632970451011,488.429172510519,437.263878488637
"L13_1758",2681,6657,2.80907315607631,14.3157578488809,475.455820476858,445.158920739126
"L13_1759",3037,7866,3.02568014238495,12.7129417747267,462.482468443198,453.053962989615
"L13_1760",3361,9964,3.02087515054195,14.1007627458852,449.509116409537,460.949005240104
"L13_1761",3645,10573,2.8941643809704,13.6195970869195,436.535764375877,468.844047490594
"L13_1762",3166,8484,3.08816595945309,15.9476661951909,423.562412342216,476.739089741083
"L13_1763",2638,6892,3.16308763784098,17.6146256529309,410.589060308555,484.634131991572
"L13_1764",2794,7328,2.97489082969432,18.5180131004367,397.615708274895,492.529174242062
"L13_1765",3067,8084,2.65957446808511,14.5101434933201,384.642356241234,500.424216492551
"L13_1766",3210,8735,2.3468803663423,13.5203205495135,371.669004207574,508.31925874304
"L13_1767",3595,10903,2.21040080711731,15.7204439145189,358.695652173913,516.214300993529
"L13_1768",3691,11950,2.21757322175732,19.4476987447699,345.722300140252,524.109343244019
"L13_1769",3543,10411,2.51656901354337,17.4238785899529,332.748948106592,532.004385494508
"L13_1770",4320,14150,1.95053003533569,18.565371024735,319.775596072931,539.899427744997
"L13_1771",4030,13290,2.03160270880361,19.1271632806622,306.802244039271,547.794469995486
"L13_1772",4614,16228,2.37860488045354,18.468079861967,293.82889200561,555.689512245976
"L13_1773",4060,13006,2.2681839151161,15.8542211287098,280.855539971949,563.584554496465
"L13_1774",4321,14712,2.44018488308864,16.4763458401305,267.882187938289,571.479596746954
"L13_1775",4380,14865,2.69761183989236,16.636394214598,254.908835904628,579.374638997443
"L13_1776",3963,12221,2.34023402340234,15.0642336960969,241.935483870968,587.269681247933
"L13_1777",3873,12260,2.64274061990212,15.2039151712887,228.962131837307,595.164723498422
"L13_1778",4338,13636,2.31739513053681,15.2170724552655,215.988779803647,603.059765748911
"L13_1779",4840,16085,2.34379857009636,14.6658377370221,203.015427769986,610.9548079994
"L13_1780",4007,12838,2.67175572519084,17.8532481694968,190.042075736325,618.84985024989
"L13_1781",4403,14926,2.38509982580732,17.7877529143776,177.068723702665,626.744892500379
"L13_1782",4457,14424,1.96200776483638,19.1001109262341,164.095371669004,634.639934750868
"L13_1783",4046,12970,1.78103315343099,17.7178103315343,151.122019635344,642.534977001358
"L13_1784",2603,6715,1.57855547282204,18.108711839166,138.148667601683,650.430019251847
"L13_1785",2674,6894,1.37800986364955,18.6539019437192,125.175315568022,658.325061502336
"L13_1786",2526,6385,1.44087705559906,19.0446358653093,112.201963534362,666.220103752825
"L13_1787",2800,6811,1.7031272940831,16.2678020848627,99.2286115007013,674.115146003315
"L13_1788",2457,6063,1.33597229094508,19.2973775358733,86.2552594670407,682.010188253804
"L13_1789",1768,3998,2.07603801900951,20.9354677338669,73.2819074333801,689.905230504293
"L13_1790",1397,3079,2.20850925625203,21.5979214030529,60.3085553997195,697.800272754783
"L13_1791",1052,2136,2.01310861423221,22.3782771535581,47.3352033660589,705.695315005272
"L13_1792",921,1722,1.97444831591173,21.8931475029036,34.3618513323983,713.590357255761
"L13_1793",741,1262,2.37717908082409,19.4928684627575,21.3884992987377,721.48539950625
"L13_1794",940,1715,2.04081632653061,17.7842565597668,8.06451612903226,714.197668198106
"L13_1800",3095,8164,2.35178833904949,15.2253797158256,637.447405329593,54.0506738687342
"L13_1801",3346,8737,2.63248254549617,12.7389264049445,637.798036465638,69.2334474273675
"L13_1802",3088,8188,2.19833903273083,13.0923302393747,638.148667601683,84.4162209860007
"L13_1803",3080,7783,2.37697545933445,12.7457278684312,638.499298737728,99.5989945446339
"L13_1804",3838,10895,3.09316200091785,14.6397430013768,638.849929873773,114.781768103267
"L13_1805",3373,9021,2.37224254517238,14.8542290211728,639.200561009818,129.9645416619
"L13_1806",3211,8726,2.61288104515242,14.1989456795783,639.551192145863,145.147315220534
"L13_1807",2880,7377,2.385793683069,13.7589806154263,639.901823281907,160.330088779167
"L13_1808",3227,8815,2.20079410096427,14.0328984685196,640.252454417952,175.5128623378
"L13_1809",3265,9067,1.99625013786258,14.2935921473475,640.603085553997,190.695635896433
"L13_1810",3110,8487,2.59219983504183,13.97431365618,640.953716690042,205.878409455066
"L13_1811",3490,9735,1.92090395480226,14.1448382126348,641.304347826087,221.0611830137
"L13_1812",3176,8267,2.16523527277126,16.4025644127253,641.654978962132,236.243956572333
"L13_1813",3346,8967,2.58726441396231,15.0886584141853,642.005610098177,251.426730130966
"L13_1814",3115,8207,2.61971487754356,14.4998172291946,642.356241234222,266.609503689599
"L13_1815",3990,11851,2.36266981689309,15.2054678930048,642.706872370266,281.792277248232
"L13_1816",3937,11659,2.53023415387255,15.1127884038082,643.057503506311,296.975050806866
"L13_1817",3183,8732,2.37059092991296,14.5213009619789,643.408134642356,312.157824365499
"L13_1818",3145,8562,2.82644241999533,12.9525811726232,643.758765778401,327.340597924132
"L13_1819",3424,9313,2.78105873510147,14.8716847417588,644.109396914446,342.523371482765
"L13_1820",3774,11436,2.49213011542497,16.5529905561385,644.460028050491,357.706145041399
"L13_1821",2903,7824,2.76073619631902,14.7750511247444,631.48667601683,365.601187291888
"L13_1822",2693,6926,2.65665607854461,15.0736355760901,618.51332398317,373.496229542377
"L13_1823",2932,7878,2.97029702970297,13.1886265549632,605.539971949509,381.391271792866
"L13_1824",3160,8453,2.80373831775701,16.3137347687212,592.566619915848,389.286314043356
"L13_1825",3260,9009,2.66400266400266,16.960816960817,579.593267882188,397.181356293845
"L13_1826",3344,9377,2.66609789911486,16.9563826383705,566.619915848527,405.076398544334
"L13_1827",3490,9912,2.25988700564972,17.3930589184826,553.646563814867,412.971440794823
"L13_1828",3767,11266,2.12142730339073,15.2671755725191,540.673211781206,420.866483045313
"L13_1829",3272,8786,2.91372638288186,15.1377190985659,527.699859747546,428.761525295802
"L13_1830",2939,7324,2.5395958492627,14.7870016384489,514.726507713885,436.656567546291
"L13_1831",2463,5937,3.2844871147044,15.0075795856493,501.753155680224,444.55160979678
"L13_1832",2240,5366,3.65262765560939,14.6664181885949,488.779803646564,452.44665204727
"L13_1833",3247,8858,2.37073831564687,14.2582975841048,475.806451612903,460.341694297759
"L13_1834",3206,8779,2.90465884497095,14.8650187948514,462.833099579243,468.236736548248
"L13_1835",3446,9937,2.89825903190098,13.2937506289625,449.859747545582,476.131778798738
"L13_1836",3188,8208,2.99707602339181,12.0004873294347,436.886395511921,484.026821049227
"L13_1837",3343,8985,2.50417362270451,14.6577629382304,423.913043478261,491.921863299716
"L13_1838",2801,7147,2.68644186371904,15.6988946411082,410.9396914446,499.816905550205
"L13_1839",3413,10070,2.43296921549156,15.8987090367428,397.96633941094,507.711947800695
"L13_1840",3173,8820,2.14285714285714,16.156462585034,384.992987377279,515.606990051184
"L13_1841",3062,8487,2.55685165547308,15.4825026511135,372.019635343619,523.502032301673
"L13_1842",3807,11549,2.67555632522296,16.5815222097151,359.046283309958,531.397074552163
"L13_1843",4011,12709,2.02218899992132,17.3499095129436,346.072931276297,539.292116802652
"L13_1844",4174,13596,2.0888496616652,18.2627243306855,333.099579242637,547.187159053141
"L13_1845",4610,15726,2.28284369833397,18.8286913391835,320.126227208976,555.08220130363
"L13_1846",4504,15426,2.00959419162453,18.8837028393621,307.152875175316,562.97724355412
"L13_1847",4606,15090,2.09410205434062,16.8787276341948,294.179523141655,570.872285804609
"L13_1848",4523,14888,1.8941429339065,15.092692101021,281.206171107994,578.767328055098
"L13_1849",5263,20052,1.92998204667864,19.2698982645123,268.232819074334,586.662370305587
"L13_1850",5018,18742,2.10756589478177,18.3491623092519,255.259467040673,594.557412556077
"L13_1851",4314,13883,2.68673917741122,15.5369876827775,242.286115007013,602.452454806566
"L13_1852",4294,13655,2.43134383009887,15.1958989381179,229.312762973352,610.347497057055
"L13_1853",5109,18571,2.14851111948737,15.9872920144311,216.339410939691,618.242539307544
"L13_1854",4453,15035,2.34120385766545,17.0003325573661,203.366058906031,626.137581558034
"L13_1855",4747,16410,2.04753199268739,18.1596587446679,190.39270687237,634.032623808523
"L13_1856",4361,14224,2.45359955005624,18.644544431946,177.41935483871,641.927666059012
"L13_1857",3541,10371,1.80310481149359,17.8478449522708,164.446002805049,649.822708309502
"L13_1858",3045,8377,1.73092992718157,18.0255461382356,151.472650771388,657.717750559991
"L13_1859",2975,8016,1.90868263473054,18.3258483033932,138.499298737728,665.61279281048
"L13_1860",2645,6837,1.84291355857832,19.7455024133392,125.525946704067,673.507835060969
"L13_1861",2663,6807,1.57191126781255,17.8345820478919,112.552594670407,681.402877311459
"L13_1862",2305,5680,1.86619718309859,18.7323943661972,99.5792426367461,689.297919561948
"L13_1863",1668,3751,2.23940282591309,20.3412423353772,86.6058906030856,697.192961812437
"L13_1864",1206,2585,2.05029013539652,21.1992263056093,73.632538569425,705.088004062926
"L13_1865",1246,2464,1.58279220779221,18.5470779220779,60.6591865357644,712.983046313416
"L13_1866",781,1386,3.60750360750361,18.9033189033189,47.6858345021038,720.878088563905
"L13_1867",754,1374,3.20232896652111,20.0873362445415,34.7124824684432,728.773130814394
"L13_1868",741,1302,2.07373271889401,19.2012288786482,21.7391304347826,736.668173064884
"L13_1869",816,1481,2.29574611748818,21.2694125590817,8.41514726507714,729.38044175674
"L13_1871",1161,2173,2.07086976530143,14.5421076852278,649.368863955119,0.607310942345329
"L13_1872",1693,3551,2.92875246409462,11.8558152633061,649.719495091164,15.7900845009785
"L13_1873",2675,6271,2.64710572476479,14.0806888853452,650.070126227209,30.9728580596118
"L13_1874",3403,9379,1.9298432668728,13.0717560507517,650.420757363254,46.155631618245
"L13_1875",2918,7220,2.28531855955679,13.4072022160665,650.771388499299,61.3384051768782
"L13_1876",3608,9832,2.32912937347437,11.7982099267697,651.122019635344,76.5211787355114
"L13_1877",3090,8116,2.32873336619024,11.9393790044357,651.472650771388,91.7039522941446
"L13_1878",3592,10029,2.47282879649018,12.1647223053146,651.823281907433,106.886725852778
"L13_1879",3119,8049,2.65871536836874,13.0947943843956,652.173913043478,122.069499411411
"L13_1880",3112,8138,2.11354141066601,13.4062423199803,652.524544179523,137.252272970044
"L13_1881",3057,7963,2.34836117041316,12.3194775838252,652.875175315568,152.435046528677
"L13_1882",2827,7281,2.19750034335943,14.3524241175663,653.225806451613,167.617820087311
"L13_1883",3067,7953,1.97409782472023,12.4858543945681,653.576437587658,182.800593645944
"L13_1884",2829,7077,2.24671470962272,14.8085346898403,653.927068723703,197.983367204577
"L13_1885",3200,8270,2.14026602176542,13.5550181378476,654.277699859747,213.16614076321
"L13_1886",3388,9150,2.32786885245902,14.4918032786885,654.628330995792,228.348914321844
"L13_1887",3005,7286,2.1959923140269,16.4287674993138,654.978962131837,243.531687880477
"L13_1888",2833,7325,3.03071672354949,17.8293515358362,655.329593267882,258.71446143911
"L13_1889",3291,9075,2.3801652892562,16.7162534435262,655.680224403927,273.897234997743
"L13_1890",4466,13798,2.63081606029859,14.9731845194956,656.030855539972,289.080008556376
"L13_1891",3372,9288,2.67011197243755,13.3290267011197,656.381486676017,304.26278211501
"L13_1892",3827,11464,2.83496161898116,14.7330774598744,656.732117812062,319.445555673643
"L13_1893",3846,11307,2.16679932785,17.2282656761298,657.082748948107,334.628329232276
"L13_1894",3625,10034,2.40183376519833,14.7797488538968,657.433380084152,349.811102790909
"L13_1895",3543,10166,2.45917765099351,15.8469407830022,657.784011220196,364.993876349542
"L13_1896",3814,11761,2.2702151177621,16.0020406428025,644.810659186536,372.888918600032
"L13_1897",3062,8171,2.87602496634439,14.7717537633093,631.837307152875,380.783960850521
"L13_1898",3121,8363,2.53497548726534,12.8064091833074,618.863955119215,388.67900310101
"L13_1899",2918,7851,3.0696726531652,15.386574958604,605.890603085554,396.5740453515
"L13_1900",3000,8000,2.6875,15.1375,592.917251051893,404.469087601989
"L13_1901",3001,7817,2.63528207752335,15.4407061532557,579.943899018233,412.364129852478
"L13_1902",2986,7631,2.20154632420391,14.3493644345433,566.970546984572,420.259172102967
"L13_1903",3288,8944,2.70572450805009,13.9423076923077,553.997194950912,428.154214353457
"L13_1904",3274,8855,2.45059288537549,16.5556182947487,541.023842917251,436.049256603946
"L13_1905",3721,11162,1.88138326464791,19.5395090485576,528.05049088359,443.944298854435
"L13_1906",3105,8263,2.62616483117512,15.6843761345758,515.07713884993,451.839341104924
"L13_1907",3003,8078,2.68630849220104,16.8606090616489,502.103786816269,459.734383355414
"L13_1908",3071,8109,2.88568257491676,14.194105315082,489.130434782609,467.629425605903
"L13_1909",3008,7847,2.61246336179432,14.6680259971964,476.157082748948,475.524467856392
"L13_1910",3172,8719,2.89023970638835,13.5680697327675,463.183730715287,483.419510106882
"L13_1911",3160,8321,2.93233986299724,13.7363297680567,450.210378681627,491.314552357371
"L13_1912",2926,7640,2.4869109947644,15.4450261780105,437.237026647966,499.20959460786
"L13_1913",2873,7669,2.49054635545703,15.5300560698918,424.263674614306,507.104636858349
"L13_1914",3002,8098,2.44504816003952,15.2630279081255,411.290322580645,514.999679108839
"L13_1915",3013,7971,2.27073140132982,16.4220298582361,398.316970546985,522.894721359328
"L13_1916",2744,7388,2.43638332430969,17.1765024363833,385.343618513324,530.789763609817
"L13_1917",3067,8324,2.39067755886593,16.4704469005286,372.370266479663,538.684805860306
"L13_1918",4126,12926,2.32863995048739,17.9019031409562,359.396914446003,546.579848110796
"L13_1919",4727,16003,1.75592076485659,18.152846341311,346.423562412342,554.474890361285
"L13_1920",4345,14040,2.12250712250712,19.480056980057,333.450210378682,562.369932611774
"L13_1921",4258,13432,2.17391304347826,17.2572960095295,320.476858345021,570.264974862264
"L13_1922",4587,15530,2.38248551191243,16.2202189311011,307.50350631136,578.160017112753
"L13_1923",4508,14397,1.81287768285059,15.8574703063138,294.5301542777,586.055059363242
"L13_1924",4493,15196,1.87549355093446,15.6291129244538,281.556802244039,593.950101613731
"L13_1925",4548,15289,1.88370724049971,15.1089018248414,268.583450210379,601.845143864221
"L13_1926",4722,17035,1.97240974464338,18.2506604050484,255.610098176718,609.74018611471
"L13_1927",4300,13447,1.97069978433851,17.1041868074663,242.636746143058,617.635228365199
"L13_1928",4880,16599,2.17482980902464,15.9889149948792,229.663394109397,625.530270615688
"L13_1929",4811,16904,2.66800757217227,14.8958826313299,216.690042075736,633.425312866178
"L13_1930",4181,13227,2.30588946851138,15.9522189460951,203.716690042076,641.320355116667
"L13_1931",3977,12300,2.21951219512195,18.6260162601626,190.743338008415,649.215397367156
"L13_1932",3462,9809,2.01855438882659,16.8212865735549,177.769985974755,657.110439617646
"L13_1933",3282,9322,2.03818922977902,17.4747908174212,164.796633941094,665.005481868135
"L13_1934",3252,9023,1.55159038013964,17.9097861021833,151.823281907433,672.900524118624
"L13_1935",3355,9925,1.54156171284635,18.8614609571788,138.849929873773,680.795566369113
"L13_1936",2869,7945,1.69918187539333,20.1762114537445,125.876577840112,688.690608619603
"L13_1937",2045,4548,1.91292875989446,18.6455584872471,112.903225806452,696.585650870092
"L13_1938",1540,3389,2.33107111242254,22.543523163175,99.929873772791,704.480693120581
"L13_1939",1068,2172,2.67034990791897,20.3959484346225,86.9565217391304,712.37573537107
"L13_1940",898,1652,2.54237288135593,20.0363196125908,73.9831697054698,720.27077762156
"L13_1941",660,1181,2.54022015241321,20.4911092294666,61.0098176718093,728.165819872049
"L13_1942",793,1421,2.53342716396904,16.5376495425757,48.0364656381487,736.060862122538
"L13_1943",746,1268,2.36593059936909,17.7444794952681,35.0631136044881,743.955904373027
"L13_1944",864,1481,2.29574611748818,16.4753544902093,22.0897615708275,751.850946623517
"L13_1945",800,1343,1.93596425912137,18.1682799702159,8.76577840112202,744.563215315373
"L13_1947",1722,3510,2.16524216524217,13.4757834757835,662.692847124825,7.89504225048927
"L13_1948",2311,5143,2.7027027027027,11.4135718452265,663.04347826087,23.0778158091225
"L13_1949",3864,11350,1.98237885462555,13.3920704845815,663.394109396914,38.2605893677557
"L13_1950",3638,10219,2.14306683628535,11.723260593013,663.744740532959,53.4433629263889
"L13_1951",3245,8739,1.739329442728,12.1981920128161,664.095371669004,68.6261364850221
"L13_1952",3169,8538,2.38931834153197,11.677207776997,664.446002805049,83.8089100436553
"L13_1953",3267,8841,2.75986879312295,12.3854767560231,664.796633941094,98.9916836022886
"L13_1954",3118,7927,2.29595054875741,12.9683360666078,665.147265077139,114.174457160922
"L13_1955",2686,6543,2.6593305823017,12.975699220541,665.497896213184,129.357230719555
"L13_1956",2968,7554,2.63436589886153,14.1382049245433,665.848527349229,144.540004278188
"L13_1957",2585,6220,2.34726688102894,14.2443729903537,666.199158485274,159.722777836821
"L13_1958",2877,7244,2.20872446162341,14.1220320265047,666.549789621318,174.905551395455
"L13_1959",2663,6660,2.05705705705706,14.1291291291291,666.900420757363,190.088324954088
"L13_1960",2875,7285,2.56691832532601,13.4111187371311,667.251051893408,205.271098512721
"L13_1961",3026,8064,2.56696428571429,12.6364087301587,667.601683029453,220.453872071354
"L13_1962",2276,5401,2.44399185336049,13.6641362710609,667.952314165498,235.636645629987
"L13_1963",2611,6360,2.70440251572327,15,668.302945301543,250.819419188621
"L13_1964",4079,12299,2.51239938206358,19.4406049272299,668.653576437588,266.002192747254
"L13_1965",3499,10282,3.23866951954873,16.6990857809765,669.004207573632,281.184966305887
"L13_1966",2896,7746,3.27911179963852,15.995352439969,669.354838709677,296.36773986452
"L13_1967",3890,11476,2.28302544440572,16.7044266294876,669.705469845722,311.550513423154
"L13_1968",3922,11919,2.13105126268982,18.9445423273765,670.056100981767,326.733286981787
"L13_1969",3954,11485,1.97649107531563,16.5433173704832,670.406732117812,341.91606054042
"L13_1970",3040,8025,2.65420560747664,14.6043613707165,670.757363253857,357.098834099053
"L13_1971",2816,7299,2.69899986299493,15.5500753527881,671.107994389902,372.281607657686
"L13_1972",3169,8544,2.78558052434457,15.0280898876404,658.134642356241,380.176649908176
"L13_1973",3167,8638,2.43111831442464,17.0872887242417,645.161290322581,388.071692158665
"L13_1974",3300,9055,2.72777471010491,14.6548868028713,632.18793828892,395.966734409154
"L13_1975",3642,10090,2.69573835480674,13.7561942517344,619.214586255259,403.861776659644
"L13_1976",2798,6880,2.34011627906977,14.2296511627907,606.241234221599,411.756818910133
"L13_1977",2673,6653,2.1644370960469,13.5878551029611,593.267882187938,419.651861160622
"L13_1978",2692,6954,2.12827149841818,15.6888121944205,580.294530154278,427.546903411111
"L13_1979",2994,7747,2.42674583709823,15.5414999354589,567.321178120617,435.441945661601
"L13_1980",2914,7477,2.4073826400963,16.7179350006687,554.347826086957,443.33698791209
"L13_1981",3876,11685,2.12237911852803,20.9841677364142,541.374474053296,451.232030162579
"L13_1982",3445,9870,2.29989868287741,18.0243161094225,528.401122019635,459.127072413068
"L13_1983",2999,8123,2.47445525052321,14.5143419918749,515.427769985975,467.022114663558
"L13_1984",3124,8251,3.06629499454612,14.7254878196582,502.454417952314,474.917156914047
"L13_1985",3133,8353,3.06476714952712,15.3836944810248,489.481065918654,482.812199164536
"L13_1986",2893,7049,2.90821393105405,14.5126968364307,476.507713884993,490.707241415026
"L13_1987",2942,7375,2.53559322033898,16.2847457627119,463.534361851332,498.602283665515
"L13_1988",2896,7601,2.51282725957111,14.0376266280753,450.561009817672,506.497325916004
"L13_1989",2789,7246,2.87054926856197,14.9875793541264,437.587657784011,514.392368166493
"L13_1990",2761,7082,2.49929398475007,14.8969217735103,424.614305750351,522.287410416983
"L13_1991",2874,7608,2.66824395373291,14.6819137749737,411.64095371669,530.182452667472
"L13_1992",2755,7393,2.66468280806168,16.6508859732179,398.667601683029,538.077494917961
"L13_1993",2954,8190,2.96703296703297,16.8131868131868,385.694249649369,545.97253716845
"L13_1994",2851,7748,2.87816210635003,15.6040268456376,372.720897615708,553.86757941894
"L13_1995",3167,8599,2.61658332364228,18.5254099313874,359.747545582048,561.762621669429
"L13_1996",3883,11303,2.15871892417942,18.3579580642307,346.774193548387,569.657663919918
"L13_1997",3941,12108,2.37859266600595,15.98942847704,333.800841514726,577.552706170407
"L13_1998",3993,12523,2.22790066278048,16.1542761319173,320.827489481066,585.447748420897
"L13_1999",3992,12607,2.32410565558817,17.4188942650908,307.854137447405,593.342790671386
"L13_2000",4222,13833,2.47957782115232,15.8461649678305,294.880785413745,601.237832921875
"L13_2001",3538,10703,2.17695973091657,14.9023638232271,281.907433380084,609.132875172364
"L13_2002",3583,10985,2.36686390532544,16.7592171142467,268.934081346424,617.027917422854
"L13_2003",3907,11842,2.24624218881946,17.2774869109948,255.960729312763,624.922959673343
"L13_2004",3629,10747,1.99125337303434,17.8747557457895,242.987377279102,632.818001923832
"L13_2005",4659,15427,2.13262461917417,16.0044078563557,230.014025245442,640.713044174322
"L13_2006",3882,12530,2.80925778132482,14.5810055865922,217.040673211781,648.608086424811
"L13_2007",4859,17311,2.26445612616256,17.8383686673214,204.067321178121,656.5031286753
"L13_2008",3630,10864,2.35640648011782,17.0103092783505,191.09396914446,664.398170925789
"L13_2009",2712,7044,2.17206132879046,17.5326519023282,178.120617110799,672.293213176279
"L13_2010",3632,10374,1.68690958164642,18.7391555812608,165.147265077139,680.188255426768
"L13_2011",3324,9320,1.64163090128755,19.4098712446352,152.173913043478,688.083297677257
"L13_2012",3087,8128,1.5501968503937,17.6427165354331,139.200561009818,695.978339927747
"L13_2013",2348,5522,2.37232886635277,17.7834118073162,126.227208976157,703.873382178236
"L13_2014",1585,3334,1.58968206358728,19.4361127774445,113.253856942496,711.768424428725
"L13_2015",793,1449,2.27743271221532,22.360248447205,100.280504908836,719.663466679214
"L13_2016",785,1367,3.29188002926116,18.0687637161668,87.3071528751753,727.558508929704
"L13_2017",982,1728,2.31481481481481,18.0555555555556,74.3338008415147,735.453551180193
"L13_2018",623,989,2.02224469160768,17.2901921132457,61.3604488078541,743.348593430682
"L13_2019",810,1366,2.34260614934114,15.3733528550512,48.3870967741935,751.243635681171
"L13_2020",862,1423,2.17849613492621,13.0007027406887,35.413744740533,759.138677931661
"L13_2021",961,1740,1.60919540229885,17.7586206896552,22.4403927068724,767.03372018215
"L13_2022",958,1642,1.82704019488429,16.3824604141291,9.1164095371669,759.745988874006
"L13_2024",606,993,2.01409869083585,12.6888217522659,675.666199158485,0
"L13_2025",1359,2546,2.04241948153967,12.9615082482325,676.01683029453,15.1827735586332
"L13_2026",3101,7790,2.1181001283697,13.209242618742,676.367461430575,30.3655471172664
"L13_2027",3543,9651,1.79256035643975,10.9107864470003,676.71809256662,45.5483206758996
"L13_2028",2935,7268,2.18767198679141,12.4931205283434,677.068723702665,60.7310942345328
"L13_2029",2894,7276,2.33644859813084,12.5618471687741,677.41935483871,75.9138677931661
"L13_2030",2869,7238,2.21055540204476,13.553467808787,677.769985974754,91.0966413517993
"L13_2031",2879,7505,2.41172551632245,13.3644237175217,678.120617110799,106.279414910432
"L13_2032",2935,7713,2.5152340204849,13.7559963697653,678.471248246844,121.462188469066
"L13_2033",2602,6308,2.4571972098922,15.8687381103361,678.821879382889,136.644962027699
"L13_2034",2550,6280,2.32484076433121,13.9171974522293,679.172510518934,151.827735586332
"L13_2035",2501,6098,2.39422761561168,14.217776320105,679.523141654979,167.010509144965
"L13_2036",2752,6996,2.57289879931389,14.1509433962264,679.873772791024,182.193282703599
"L13_2037",2503,6371,2.6369486736776,13.027782137812,680.224403927069,197.376056262232
"L13_2038",2966,7625,2.88524590163934,15.1606557377049,680.575035063114,212.558829820865
"L13_2039",2880,7551,2.83406171368031,13.2697655939611,680.925666199159,227.741603379498
"L13_2040",2829,7357,2.6505369036292,13.0080195731956,681.276297335203,242.924376938131
"L13_2041",3419,9365,2.88307528029899,15.6113187399893,681.626928471248,258.107150496765
"L13_2042",3582,9702,2.61801690373119,16.4811379097093,681.977559607293,273.289924055398
"L13_2043",3302,9189,2.70976167156383,14.7785395581674,682.328190743338,288.472697614031
"L13_2044",3482,9936,2.67713365539452,17.2000805152979,682.678821879383,303.655471172664
"L13_2045",4327,13883,2.01685514658215,19.5634949218469,683.029453015428,318.838244731297
"L13_2046",3724,10892,2.13000367242012,14.3591626882115,683.380084151473,334.021018289931
"L13_2047",2836,6965,2.62742282842785,13.9411342426418,683.730715287518,349.203791848564
"L13_2048",3085,8431,2.32475388447397,16.5816629106868,684.081346423562,364.386565407197
"L13_2049",3635,10634,1.92777882264435,20.6131277035923,684.431977559607,379.56933896583
"L13_2050",3003,7588,3.09699525566684,16.5392725355825,671.458625525947,387.46438121632
"L13_2051",2653,6490,2.92758089368259,15.5932203389831,658.485273492286,395.359423466809
"L13_2052",2810,7338,3.0117198146634,15.6445898064868,645.511921458625,403.254465717298
"L13_2053",3285,8884,3.08419630796938,14.858171994597,632.538569424965,411.149507967787
"L13_2054",3268,8999,2.57806422935882,17.013001444605,619.565217391304,419.044550218277
"L13_2055",2944,7500,3.34666666666667,14.8666666666667,606.591865357644,426.939592468766
"L13_2056",2654,6565,2.92460015232292,14.013709063214,593.618513323983,434.834634719255
"L13_2057",2909,7712,3.09906639004149,17.3366182572614,580.645161290323,442.729676969745
"L13_2058",2267,5297,3.00169907494808,16.5565414385501,567.671809256662,450.624719220234
"L13_2059",2912,7369,2.27982087121726,16.6779753019406,554.698457223001,458.519761470723
"L13_2060",3004,7959,2.48774971730117,17.3514260585501,541.725105189341,466.414803721212
"L13_2061",2747,7237,2.66685090507116,16.360370319193,528.75175315568,474.309845971702
"L13_2062",2994,8215,3.06755934266585,14.5952525867316,515.77840112202,482.204888222191
"L13_2063",2842,7524,2.59170653907496,14.4869750132908,502.805049088359,490.09993047268
"L13_2064",2997,8295,2.86919831223629,14.3580470162749,489.831697054698,497.994972723169
"L13_2065",3315,9008,1.88721136767318,16.5741563055062,476.858345021038,505.890014973659
"L13_2066",3026,8203,2.69413629160063,16.6768255516275,463.884992987377,513.785057224148
"L13_2067",2731,7316,2.70639693821761,14.8305084745763,450.911640953717,521.680099474637
"L13_2068",2537,6389,2.91125371732666,15.0414775395211,437.938288920056,529.575141725127
"L13_2069",2456,6381,3.63579376273311,18.4923993104529,424.964936886395,537.470183975616
"L13_2070",2699,7130,2.28611500701262,17.5035063113604,411.991584852735,545.365226226105
"L13_2071",3079,8540,2.43559718969555,17.3185011709602,399.018232819074,553.260268476594
"L13_2072",2950,8262,2.49334301621883,16.7392883079158,386.044880785414,561.155310727084
"L13_2073",3196,9079,3.00693909020817,15.9268641920916,373.071528751753,569.050352977573
"L13_2074",3758,11379,2.56613059144037,18.4550487740575,360.098176718093,576.945395228062
"L13_2075",3434,10325,2.21791767554479,17.7046004842615,347.124824684432,584.840437478551
"L13_2076",3900,11828,1.75008454514711,16.6469394656747,334.151472650771,592.735479729041
"L13_2077",3765,11610,2.23944875107666,16.8130921619294,321.178120617111,600.63052197953
"L13_2078",3947,13067,2.4795285834545,17.8847478380654,308.20476858345,608.525564230019
"L13_2079",3740,11002,2.10870750772587,16.2061443373932,295.23141654979,616.420606480508
"L13_2080",3666,11022,2.41335510796589,19.270549809472,282.258064516129,624.315648730998
"L13_2081",3195,9293,2.7224792854837,17.4109544818681,269.284712482468,632.210690981487
"L13_2082",3598,10511,2.33089144705547,15.6407573018742,256.311360448808,640.105733231976
"L13_2083",5188,18984,1.61188369152971,19.1266329540666,243.338008415147,648.000775482466
"L13_2084",3984,12593,2.62050345430001,15.8580163582943,230.364656381487,655.895817732955
"L13_2085",3934,12439,2.65294637832623,16.0945413618458,217.391304347826,663.790859983444
"L13_2086",4236,13295,2.08349003384731,15.9458443023693,204.417952314165,671.685902233933
"L13_2087",2411,6293,2.57428889242015,17.5750834260289,191.444600280505,679.580944484423
"L13_2088",3274,9063,1.65508109897385,17.7535032549928,178.471248246844,687.475986734912
"L13_2089",3300,8458,1.44242137621187,18.337668479546,165.497896213184,695.371028985401
"L13_2090",2578,6478,1.83698672429762,18.832973139858,152.524544179523,703.26607123589
"L13_2091",2326,5721,1.8178640097885,17.007516168502,139.551192145863,711.16111348638
"L13_2092",1129,2245,2.36080178173719,20.8463251670379,126.577840112202,719.056155736869
"L13_2093",1094,2120,1.9811320754717,19.4811320754717,113.604488078541,726.951197987358
"L13_2094",674,1133,3.26566637246249,18.270079435128,100.631136044881,734.846240237848
"L13_2095",686,1185,2.36286919831224,20.337552742616,87.6577840112202,742.741282488337
"L13_2096",625,1005,1.59203980099502,19.2039800995025,74.6844319775596,750.636324738826
"L13_2097",688,1154,2.59965337954939,16.5511265164645,61.711079943899,758.531366989315
"L13_2098",805,1395,2.36559139784946,19.1397849462366,48.7377279102384,766.426409239805
"L13_2099",1101,1920,2.29166666666667,15.1041666666667,35.7643758765778,774.321451490294
"L13_2100",1117,2203,2.13345438039038,18.1570585565138,22.7910238429173,782.216493740783
"L13_2101",1098,1961,2.14176440591535,16.1652218255992,9.46704067321178,774.928762432639
"L13_2103",1368,2635,2.31499051233397,12.865275142315,688.990182328191,7.28773130814394
"L13_2104",1573,3105,2.02898550724638,12.4959742351047,689.340813464236,22.4705048667772
"L13_2105",3389,8824,2.02855847688123,12.8739800543971,689.691444600281,37.6532784254104
"L13_2106",2827,6832,2.54683840749415,13.9929742388759,690.042075736325,52.8360519840436
"L13_2107",3005,7702,2.1942352635679,14.1262009867567,690.39270687237,68.0188255426768
"L13_2108",3005,7665,2.58317025440313,11.9895629484671,690.743338008415,83.20159910131
"L13_2109",2781,7029,2.20515009247404,14.3974960876369,691.09396914446,98.3843726599432
"L13_2110",2781,6978,2.7371739753511,13.9581541989109,691.444600280505,113.567146218576
"L13_2111",2827,6997,2.25811061883664,12.7197370301558,691.79523141655,128.74991977721
"L13_2112",2744,7022,2.5918541726004,13.8422101965252,692.145862552595,143.932693335843
"L13_2113",2834,7168,2.58091517857143,12.890625,692.496493688639,159.115466894476
"L13_2114",2842,7099,2.29609804197774,14.6217777151712,692.847124824684,174.298240453109
"L13_2115",2600,6643,2.00210748155954,15.1136534698179,693.197755960729,189.481014011743
"L13_2116",2631,6743,2.44698205546493,13.7179297048791,693.548387096774,204.663787570376
"L13_2117",2638,6642,2.36374585968082,14.3631436314363,693.899018232819,219.846561129009
"L13_2118",2607,6378,2.32047663844465,13.4681718407024,694.249649368864,235.029334687642
"L13_2119",3182,7978,2.30634244171472,13.9383304086237,694.600280504909,250.212108246275
"L13_2120",3583,10398,2.48124639353722,15.647239853818,694.950911640954,265.394881804909
"L13_2121",3279,8953,3.28381548084441,15.2909639227075,695.301542776999,280.577655363542
"L13_2122",2855,7445,2.92813969106783,14.533243787777,695.652173913043,295.760428922175
"L13_2123",3070,8235,2.31936854887675,17.5106253794778,696.002805049088,310.943202480808
"L13_2124",3868,11577,2.09898937548588,16.1268031441652,696.353436185133,326.125976039441
"L13_2125",3026,7962,3.16503391107762,14.1798543079628,696.704067321178,341.308749598075
"L13_2126",3494,9697,2.30999278127256,15.6749510157781,697.054698457223,356.491523156708
"L13_2127",3427,9460,2.33615221987315,16.9767441860465,697.405329593268,371.674296715341
"L13_2128",3421,9927,1.99456029011786,19.8851616802659,697.755960729313,386.857070273974
"L13_2129",3385,9602,2.84315767548427,16.5486357008956,684.782608695652,394.752112524464
"L13_2130",3058,8195,2.72117144600366,15.0701647345943,671.809256661992,402.647154774953
"L13_2131",2929,7620,3.04461942257218,14.6325459317585,658.835904628331,410.542197025442
"L13_2132",2868,7528,2.67003188097768,14.7848034006376,645.86255259467,418.437239275931
"L13_2133",3820,11660,2.14408233276158,18.4819897084048,632.88920056101,426.332281526421
"L13_2134",3169,8513,2.50205567954893,14.8948666744978,619.915848527349,434.22732377691
"L13_2135",2919,7388,2.85598267460747,13.4813210611803,606.942496493689,442.122366027399
"L13_2136",2798,7309,2.79107949103845,13.7775345464496,593.969144460028,450.017408277888
"L13_2137",2668,6648,2.6173285198556,16.1251504211793,580.995792426367,457.912450528378
"L13_2138",2636,6556,2.4405125076266,16.4429530201342,568.022440392707,465.807492778867
"L13_2139",3161,8390,2.35995232419547,16.1859356376639,555.049088359046,473.702535029356
"L13_2140",2960,8081,2.83380769706719,17.423586189828,542.075736325386,481.597577279846
"L13_2141",2701,6851,2.90468544737994,14.7423733761495,529.102384291725,489.492619530335
"L13_2142",2997,7953,2.6782346284421,14.6611341632089,516.129032258065,497.387661780824
"L13_2143",3141,8363,2.20016740404161,14.3010881262705,503.155680224404,505.282704031313
"L13_2144",2873,7723,2.77094393370452,15.2142949630972,490.182328190743,513.177746281803
"L13_2145",2941,7990,2.16520650813517,15.6195244055069,477.208976157083,521.072788532292
"L13_2146",2809,7237,3.49592372530054,15.6280226613238,464.235624123422,528.967830782781
"L13_2147",3226,8531,2.54366428320244,16.1294103856523,451.262272089762,536.86287303327
"L13_2148",3054,8165,2.66993263931415,17.3178199632578,438.288920056101,544.75791528376
"L13_2149",2847,7983,3.03144181385444,16.760616309658,425.31556802244,552.652957534249
"L13_2150",3565,10236,2.41305197342712,16.5494333724111,412.34221598878,560.547999784738
"L13_2151",4089,13141,2.29815082566015,19.2070618674378,399.368863955119,568.443042035228
"L13_2152",4174,13149,2.23591147615788,18.5565442238954,386.395511921459,576.338084285717
"L13_2153",3683,11128,2.4352983465133,19.0690150970525,373.422159887798,584.233126536206
"L13_2154",3173,9055,2.51794588625069,18.7299834345665,360.448807854137,592.128168786695
"L13_2155",3767,11424,2.37219887955182,20.3869047619048,347.475455820477,600.023211037185
"L13_2156",4333,13535,1.83967491688216,17.9312892500924,334.502103786816,607.918253287674
"L13_2157",4289,13668,2.37050043898156,17.1422300263389,321.528751753156,615.813295538163
"L13_2158",3999,12296,2.56180871828237,16.0702667534157,308.555399719495,623.708337788652
"L13_2159",3387,9769,1.90398198382639,20.0020472924557,295.582047685834,631.603380039142
"L13_2160",3866,11800,2.01694915254237,15.5084745762712,282.608695652174,639.498422289631
"L13_2161",3865,11444,2.28067109402307,16.3054875917511,269.635343618513,647.39346454012
"L13_2162",4559,14614,2.15546736006569,16.9563432325168,256.661991584853,655.28850679061
"L13_2163",4200,13347,2.44249644114782,16.6779051472241,243.688639551192,663.183549041099
"L13_2164",3204,8835,2.26372382569327,15.0311262026033,230.715287517532,671.078591291588
"L13_2165",4126,13063,2.03628569241369,17.5074638291357,217.741935483871,678.973633542077
"L13_2166",3396,9683,1.99318393060002,16.6787152741919,204.76858345021,686.868675792567
"L13_2167",2744,7120,1.79775280898876,15.688202247191,191.79523141655,694.763718043056
"L13_2168",2936,7369,1.95413217532908,17.6143303026191,178.821879382889,702.658760293545
"L13_2169",2413,5606,1.9621833749554,18.5337138779879,165.848527349229,710.553802544034
"L13_2170",1970,4633,1.76991150442478,19.2747679689186,152.875175315568,718.448844794524
"L13_2171",1677,3699,1.75723168423898,19.7891321978913,139.901823281907,726.343887045013
"L13_2172",1290,2552,1.95924764890282,19.7884012539185,126.928471248247,734.238929295502
"L13_2173",675,1113,2.78526504941599,16.5318957771788,113.955119214586,742.133971545991
"L13_2174",527,833,2.04081632653061,16.2064825930372,100.981767180926,750.029013796481
"L13_2175",703,1190,3.19327731092437,16.890756302521,88.0084151472651,757.92405604697
"L13_2176",579,965,3.21243523316062,16.8911917098446,75.0350631136045,765.819098297459
"L13_2177",827,1444,3.25484764542936,16.2049861495845,62.0617110799439,773.714140547949
"L13_2178",1448,2865,2.82722513089005,16.0558464223386,49.0883590462833,781.609182798438
"L13_2179",1194,2401,1.87421907538526,17.5343606830487,36.1150070126227,789.504225048927
"L13_2180",1129,2142,2.66106442577031,16.4799253034547,23.1416549789621,797.399267299416
"L13_2181",1131,2093,2.53225035833731,16.1012900143335,9.81767180925666,790.111535991272
"L13_2184",1310,2372,3.41483979763912,10.3709949409781,702.314165497896,14.5754626162879
"L13_2185",2248,4842,2.16852540272615,13.03180503924,702.664796633941,29.7582361749211
"L13_2186",2699,6370,2.49607535321821,12.5274725274725,703.015427769986,44.9410097335543
"L13_2187",3039,7642,2.25071970688301,13.2556922271657,703.366058906031,60.1237832921875
"L13_2188",2770,6819,2.46370435547734,12.7291391699663,703.716690042076,75.3065568508207
"L13_2189",2439,5542,2.43594370263443,11.2053410321184,704.067321178121,90.489330409454
"L13_2190",3012,7610,2.56241787122208,11.9448094612352,704.417952314166,105.672103968087
"L13_2191",2963,7503,2.59896041583367,13.1813941090231,704.76858345021,120.85487752672
"L13_2192",3012,7869,2.56703520142331,12.8351760071165,705.119214586255,136.037651085354
"L13_2193",3077,8375,2.88955223880597,14.6507462686567,705.4698457223,151.220424643987
"L13_2194",3179,8885,2.44231851435003,14.3837929093979,705.820476858345,166.40319820262
"L13_2195",2968,7695,3.15789473684211,16.1533463287849,706.17110799439,181.585971761253
"L13_2196",3026,7998,2.06301575393848,13.6034008502126,706.521739130435,196.768745319886
"L13_2197",3144,8589,2.07241820933752,13.7268599371289,706.87237026648,211.95151887852
"L13_2198",2903,7728,2.74327122153209,14.8162525879917,707.223001402525,227.134292437153
"L13_2199",2925,7685,2.74560832791152,13.7020169160703,707.573632538569,242.317065995786
"L13_2200",3844,11227,2.80573617172887,15.7121225616817,707.924263674614,257.499839554419
"L13_2201",3557,9732,2.65104808877929,13.2038635429511,708.274894810659,272.682613113053
"L13_2202",3864,11106,2.53916801728795,16.1984512875923,708.625525946704,287.865386671686
"L13_2203",2849,7152,2.48881431767338,15.3523489932886,708.976157082749,303.048160230319
"L13_2204",3054,8141,2.77607173565901,17.6268271711092,709.326788218794,318.230933788952
"L13_2205",3219,9025,2.9584487534626,15.9667590027701,709.677419354839,333.413707347585
"L13_2206",4060,12346,2.51093471569739,16.7098655434959,710.028050490884,348.596480906219
"L13_2207",4010,11983,2.6954852708003,15.0045898356004,710.378681626928,363.779254464852
"L13_2208",3158,8621,2.88829602134323,16.6106020183273,710.729312762973,378.962028023485
"L13_2209",3284,9420,3.09978768577495,17.1974522292994,711.079943899018,394.144801582118
"L13_2210",2992,8017,2.68180117250842,16.5772732942497,698.106591865358,402.039843832608
"L13_2211",3321,9058,2.57231176860234,14.2636343563701,685.133239831697,409.934886083097
"L13_2212",2996,8101,2.49351931860264,14.9364276015307,672.159887798036,417.829928333586
"L13_2213",3020,8099,2.76577355229041,13.6683541177923,659.186535764376,425.724970584075
"L13_2214",3848,11183,2.81677546275597,16.0153804882411,646.213183730715,433.620012834565
"L13_2215",3702,10994,2.82881571766418,16.3179916317992,633.239831697055,441.515055085054
"L13_2216",2928,7591,2.6478724805691,14.2010275326044,620.266479663394,449.410097335543
"L13_2217",2166,5167,2.90303851364428,15.5796400232243,607.293127629733,457.305139586032
"L13_2218",2491,6292,2.92434837889383,16.2428480610299,594.319775596073,465.200181836522
"L13_2219",2794,7411,2.64471731210363,15.3555525570098,581.346423562412,473.095224087011
"L13_2220",2853,7681,2.4345788308814,15.8703293841948,568.373071528752,480.9902663375
"L13_2221",3371,9334,2.43196914506107,14.1632740518534,555.399719495091,488.88530858799
"L13_2222",2808,6970,2.76901004304161,16.8866571018651,542.426367461431,496.780350838479
"L13_2223",2593,6559,3.27793871016923,15.6731209025766,529.45301542777,504.675393088968
"L13_2224",3174,8361,2.59538332735319,13.9098193995934,516.479663394109,512.570435339457
"L13_2225",2742,6860,2.31778425655977,15.0874635568513,503.506311360449,520.465477589947
"L13_2226",2929,7356,2.6237085372485,14.6003262642741,490.532959326788,528.360519840436
"L13_2227",3013,8101,2.51820762868782,16.3436612763856,477.559607293128,536.255562090925
"L13_2228",2928,7418,2.34564572661095,17.497977891615,464.586255259467,544.150604341414
"L13_2229",3607,10433,1.72529473785105,18.5660883734305,451.612903225806,552.045646591904
"L13_2230",2901,7754,3.21124580861491,18.1196801650761,438.639551192146,559.940688842393
"L13_2231",3474,9885,2.5594334850784,15.7916034395549,425.666199158485,567.835731092882
"L13_2232",4363,15118,2.14975525863209,19.3213388014288,412.692847124825,575.730773343371
"L13_2233",4310,14328,1.72389726409827,18.0764935790061,399.719495091164,583.625815593861
"L13_2234",3388,9883,2.27663664879085,18.1220277243752,386.746143057504,591.52085784435
"L13_2235",3173,9220,2.65726681127983,18.2863340563991,373.772791023843,599.415900094839
"L13_2236",3488,10352,2.31839258114374,18.7789799072643,360.799438990182,607.310942345329
"L13_2237",4070,12868,2.54895865713398,19.2881566677028,347.826086956522,615.205984595818
"L13_2238",4174,13838,2.05954617719324,19.6849255672785,334.852734922861,623.101026846307
"L13_2239",3483,10046,2.02070475811268,15.1602627911607,321.879382889201,630.996069096796
"L13_2240",4393,13554,1.70429393536963,19.1161280802715,308.90603085554,638.891111347286
"L13_2241",4165,12743,1.78921760966805,16.9033979439692,295.932678821879,646.786153597775
"L13_2242",3424,10425,2.5515587529976,17.2470023980815,282.959326788219,654.681195848264
"L13_2243",4626,15355,2.16867469879518,17.3819602735265,269.985974754558,662.576238098753
"L13_2244",3984,12559,2.46834939087507,15.9885341189585,257.012622720898,670.471280349243
"L13_2245",3036,8365,2.40286909742977,17.1189479976091,244.039270687237,678.366322599732
"L13_2246",3236,9388,2.48189177673626,16.7660843630166,231.065918653576,686.261364850221
"L13_2247",3907,11989,2.62740845775294,16.3232963549921,218.092566619916,694.156407100711
"L13_2248",3530,10274,1.84932840179093,17.0624878333658,205.119214586255,702.0514493512
"L13_2249",3397,9602,1.38512809831285,18.9023120183295,192.145862552595,709.946491601689
"L13_2250",2605,6336,1.6729797979798,18.9078282828283,179.172510518934,717.841533852178
"L13_2251",1890,4351,1.88462422431625,19.4438060216042,166.199158485274,725.736576102668
"L13_2252",1523,3106,1.89954925949775,19.4140373470702,153.225806451613,733.631618353157
"L13_2253",934,1662,3.00842358604091,19.7954271961492,140.252454417952,741.526660603646
"L13_2254",723,1192,2.3489932885906,18.0369127516779,127.279102384292,749.421702854135
"L13_2255",504,795,2.38993710691824,14.3396226415094,114.305750350631,757.316745104625
"L13_2256",623,983,2.54323499491353,15.6663275686673,101.332398316971,765.211787355114
"L13_2257",597,987,3.95136778115502,16.4133738601824,88.35904628331,773.106829605603
"L13_2258",739,1246,3.29052969502408,16.5329052969502,75.3856942496494,781.001871856093
"L13_2259",994,1816,2.86343612334802,15.363436123348,62.4123422159888,788.896914106582
"L13_2260",1439,2863,2.61962975899406,17.4991267900803,49.4389901823282,796.791956357071
"L13_2261",1083,1948,2.31006160164271,18.6344969199179,36.4656381486676,804.68699860756
"L13_2262",984,1766,3.39750849377123,16.4212910532276,23.492286115007,812.58204085805
"L13_2263",1031,1910,1.46596858638743,17.1727748691099,10.1683029453015,805.294309549906
"L13_2265",1361,2556,3.16901408450704,11.7762128325509,715.287517531557,6.68042036579861
"L13_2266",1558,2880,2.5,11.5972222222222,715.638148667602,21.8631939244318
"L13_2267",2415,5285,3.89782403027436,11.2582781456954,715.988779803647,37.045967483065
"L13_2268",2833,6904,2.44785631517961,12.6448435689455,716.339410939691,52.2287410416983
"L13_2269",2881,7441,2.75500604757425,13.1299556511222,716.690042075736,67.4115146003315
"L13_2270",2364,5261,2.79414559969588,14.2938604827979,717.040673211781,82.5942881589647
"L13_2271",2464,5722,3.23313526738903,13.4917860887801,717.391304347826,97.7770617175979
"L13_2272",3090,7754,2.60510704152695,12.5483621356719,717.741935483871,112.959835276231
"L13_2273",3142,8065,2.43025418474892,14.1847489150651,718.092566619916,128.142608834864
"L13_2274",3214,8652,2.49653259361997,15.7535829865927,718.443197755961,143.325382393498
"L13_2275",3131,8648,2.48612395929695,17.3450508788159,718.793828892006,158.508155952131
"L13_2276",2618,6321,2.45214364815694,13.7478247112799,719.144460028051,173.690929510764
"L13_2277",2956,7681,2.6689233172764,15.2974873063403,719.495091164095,188.873703069397
"L13_2278",3016,7837,2.48819701416358,15.7841010590787,719.84572230014,204.05647662803
"L13_2279",2841,7714,2.52787140264454,17.2802696396163,720.196353436185,219.239250186664
"L13_2280",3052,7808,2.34375,14.2289959016393,720.54698457223,234.422023745297
"L13_2281",3618,10256,2.07683307332293,15.6201248049922,720.897615708275,249.60479730393
"L13_2282",2621,6322,3.33755140778235,15.0427080037963,721.24824684432,264.787570862563
"L13_2283",2577,6192,2.47093023255814,15.7945736434109,721.598877980365,279.970344421196
"L13_2284",3670,10393,2.74223034734918,16.4533820840951,721.94950911641,295.15311797983
"L13_2285",3142,8086,2.75785307939649,14.2715805095226,722.300140252454,310.335891538463
"L13_2286",3320,9226,2.54714936050293,14.6975937567743,722.650771388499,325.518665097096
"L13_2287",3992,12386,3.07605360891329,15.2187954141773,723.001402524544,340.701438655729
"L13_2288",3777,11452,2.78553964373035,15.7003143555711,723.352033660589,355.884212214362
"L13_2289",3370,9427,2.62013365864008,15.6571549803755,723.702664796634,371.066985772996
"L13_2290",3478,9862,2.58568241735956,13.1819103630095,724.053295932679,386.249759331629
"L13_2291",2830,7500,3.57333333333333,15.04,724.403927068724,401.432532890262
"L13_2292",3175,8846,3.31223151706986,15.6794031200543,711.430575035063,409.327575140751
"L13_2293",3213,8657,2.183204343306,15.5019059720457,698.457223001403,417.222617391241
"L13_2294",3793,10956,2.34574662285506,17.0591456736035,685.483870967742,425.11765964173
"L13_2295",3025,8094,2.84161106992834,16.5431183592785,672.510518934081,433.012701892219
"L13_2296",3378,9476,3.09202195018995,13.8243984803715,659.537166900421,440.907744142709
"L13_2297",3658,10615,2.78850682995761,16.1469618464437,646.56381486676,448.802786393198
"L13_2298",2683,6983,3.25075182586281,15.1081197193183,633.5904628331,456.697828643687
"L13_2299",2600,6281,2.57920713262219,15.5866900175131,620.617110799439,464.592870894176
"L13_2300",2970,7917,3.49880005052419,17.1529619805482,607.643758765778,472.487913144666
"L13_2301",2627,6668,3.13437312537493,17.1565686862627,594.670406732118,480.382955395155
"L13_2302",2692,7095,2.22692036645525,15.6448202959831,581.697054698457,488.277997645644
"L13_2303",3279,8816,2.35934664246824,16.9124319419238,568.723702664797,496.173039896134
"L13_2304",3299,8979,2.52812117162268,14.3779930949994,555.750350631136,504.068082146623
"L13_2305",2431,6041,2.41681840754842,17.3315676212548,542.776998597475,511.963124397112
"L13_2306",2801,7302,3.01287318542865,14.4891810462887,529.803646563815,519.858166647601
"L13_2307",2993,8265,2.23835450695705,13.9382940108893,516.830294530154,527.753208898091
"L13_2308",3337,9401,2.7124773960217,15.0515902563557,503.856942496494,535.64825114858
"L13_2309",2898,7699,2.83153656319002,16.6125470840369,490.883590462833,543.543293399069
"L13_2310",2839,7549,3.20572261226653,16.8101735329183,477.910238429173,551.438335649558
"L13_2311",3175,8425,2.61127596439169,15.6913946587537,464.936886395512,559.333377900048
"L13_2312",3650,10893,2.28587166069953,18.1125493436152,451.963534361851,567.228420150537
"L13_2313",3204,8853,2.07839150570428,18.7168191573478,438.990182328191,575.123462401026
"L13_2314",3358,9958,2.63105041172926,17.4231773448484,426.01683029453,583.018504651515
"L13_2315",3669,11108,2.40367302844797,16.1145120633777,413.04347826087,590.913546902005
"L13_2316",3923,11970,2.2890559732665,17.0843776106934,400.070126227209,598.808589152494
"L13_2317",2899,7877,2.66598958994541,17.7224831788752,387.096774193548,606.703631402983
"L13_2318",3299,9714,2.74861025324274,18.7152563310686,374.123422159888,614.598673653472
"L13_2319",4111,12763,2.16250097939356,17.8641385254251,361.150070126227,622.493715903962
"L13_2320",4186,13671,2.23831468071099,18.3307731694828,348.176718092567,630.388758154451
"L13_2321",3284,9449,2.67753201396973,15.8111969520584,335.203366058906,638.28380040494
"L13_2322",3191,8855,2.58610954263128,16.7588932806324,322.230014025245,646.17884265543
"L13_2323",4149,12758,1.7479228719235,19.4779746041699,309.256661991585,654.073884905919
"L13_2324",4391,14833,1.92139149194364,20.7982201847233,296.283309957924,661.968927156408
"L13_2325",3788,11466,1.97976626548055,16.5968951683237,283.309957924264,669.863969406897
"L13_2326",4310,13706,2.0283087698818,17.3135852911134,270.336605890603,677.759011657387
"L13_2327",3499,10218,2.63260912115874,16.1186142102173,257.363253856942,685.654053907876
"L13_2328",3032,8774,2.80373831775701,16.6628675632551,244.389901823282,693.549096158365
"L13_2329",3246,9555,2.574568288854,17.9801151229723,231.416549789621,701.444138408855
"L13_2330",3943,12099,1.85965782296058,19.6793123398628,218.443197755961,709.339180659344
"L13_2331",3271,9368,1.62254483347566,18.0828351836038,205.4698457223,717.234222909833
"L13_2332",3137,8599,1.52343295732062,19.0138388184673,192.49649368864,725.129265160322
"L13_2333",2402,5836,1.57642220699109,19.2597669636737,179.523141654979,733.024307410812
"L13_2334",1142,2266,2.55957634598411,23.7422771403354,166.549789621318,740.919349661301
"L13_2335",1225,2325,1.63440860215054,18.9247311827957,153.576437587658,748.81439191179
"L13_2336",608,966,1.65631469979296,15.7349896480331,140.603085553997,756.709434162279
"L13_2337",607,952,2.73109243697479,15.7563025210084,127.629733520337,764.604476412769
"L13_2338",451,730,2.32876712328767,14.2465753424658,114.656381486676,772.499518663258
"L13_2339",667,1075,2.23255813953488,15.6279069767442,101.683029453015,780.394560913747
"L13_2340",712,1176,4.25170068027211,17.687074829932,88.7096774193548,788.289603164236
"L13_2341",1188,2346,2.08866155157715,18.1585677749361,75.7363253856942,796.184645414726
"L13_2342",1668,3488,2.60894495412844,16.9724770642202,62.7629733520337,804.079687665215
"L13_2343",1592,3266,3.12308634415187,16.9320269442743,49.7896213183731,811.974729915704
"L13_2344",1398,2669,2.54777070063694,16.597976770326,36.8162692847125,819.869772166194
"L13_2345",1052,1959,2.34813680449209,18.3256763654926,23.8429172510519,827.764814416683
"L13_2346",1043,1906,2.93809024134313,15.3725078698846,10.5189340813464,820.477083108539
"L13_2349",1498,2764,4.08827785817656,11.3603473227207,728.611500701262,13.9681516739426
"L13_2351",3452,9132,2.68287341217696,13.6552781427946,729.312762973352,44.333698791209
"L13_2352",3090,8202,2.23116313094367,11.9726895879054,729.663394109397,59.5164723498422
"L13_2353",3356,9001,2.89967781357627,13.1763137429175,730.014025245442,74.6992459084754
"L13_2354",2653,6573,2.84497185455652,14.3617830518789,730.364656381487,89.8820194671086
"L13_2355",2579,5997,2.06770051692513,14.1070535267634,730.715287517532,105.064793025742
"L13_2356",3266,8838,2.65897261823942,14.9015614392396,731.065918653576,120.247566584375
"L13_2357",3373,9056,2.52871024734982,14.3440812720848,731.416549789621,135.430340143008
"L13_2358",3674,10404,2.29719338715879,16.6666666666667,731.767180925666,150.613113701641
"L13_2359",3504,9632,2.24252491694352,15.2823920265781,732.117812061711,165.795887260275
"L13_2360",3036,7958,2.09851721538075,15.2550892183966,732.468443197756,180.978660818908
"L13_2361",3064,8233,2.50212559212924,15.1342159601603,732.819074333801,196.161434377541
"L13_2362",2987,7951,2.51540686706075,18.7900892969438,733.169705469846,211.344207936174
"L13_2363",3330,9320,2.54291845493562,15.2145922746781,733.520336605891,226.526981494808
"L13_2364",3067,8367,2.50986016493367,16.2782359268555,733.870967741935,241.709755053441
"L13_2365",3154,8337,2.99868058054456,16.5647115269282,734.22159887798,256.892528612074
"L13_2366",2284,5199,2.63512213887286,14.3681477207155,734.572230014025,272.075302170707
"L13_2367",2794,7095,3.12896405919662,14.2635658914729,734.92286115007,287.25807572934
"L13_2368",3953,11693,2.98469169588643,15.2484392371504,735.273492286115,302.440849287974
"L13_2369",4089,12708,2.65974189486937,16.3755114888259,735.62412342216,317.623622846607
"L13_2370",4467,14591,3.07038585429374,15.9276266191488,735.974754558205,332.80639640524
"L13_2371",3682,11024,2.45827285921626,15.19412191582,736.32538569425,347.989169963873
"L13_2372",3726,10810,3.0249768732655,16.2257169287697,736.676016830295,363.171943522506
"L13_2373",3612,10249,2.40999121865548,15.4454093082252,737.026647966339,378.35471708114
"L13_2374",2995,8164,3.46643802057815,14.000489955904,737.377279102384,393.537490639773
"L13_2375",3045,7834,2.84656624968088,14.7561909624713,737.727910238429,408.720264198406
"L13_2376",3208,8207,2.77811624223224,15.0968685268673,724.754558204769,416.615306448895
"L13_2377",3340,9327,2.72327650905972,15.9751259783424,711.781206171108,424.510348699385
"L13_2378",2997,7852,2.77636271013754,15.3718797758533,698.807854137447,432.405390949874
"L13_2379",3489,9838,2.23622687538117,15.1148607440537,685.834502103787,440.300433200363
"L13_2380",3106,8222,2.7122354658234,14.4490391632206,672.861150070126,448.195475450852
"L13_2381",2763,6833,2.38548221864481,13.5518805795405,659.887798036466,456.090517701342
"L13_2382",3236,8984,2.80498664292075,17.0636687444346,646.914446002805,463.985559951831
"L13_2383",2865,7481,3.00761930223232,14.9044245421735,633.941093969144,471.88060220232
"L13_2384",3819,11328,2.35699152542373,17.3640536723164,620.967741935484,479.77564445281
"L13_2385",3219,8550,2.58479532163743,17.4152046783626,607.994389901823,487.670686703299
"L13_2386",2956,7303,2.45104751471998,14.3091880049295,595.021037868163,495.565728953788
"L13_2387",2967,7917,2.66515094101301,16.774030567134,582.047685834502,503.460771204277
"L13_2388",3243,9158,2.53330421489408,14.5883380650797,569.074333800841,511.355813454767
"L13_2389",3358,9226,2.56882722740082,16.247561239974,556.100981767181,519.250855705256
"L13_2390",2533,6411,2.58929964124162,17.469973483076,543.12762973352,527.145897955745
"L13_2391",2497,6457,2.9580300449125,16.137525166486,530.15427769986,535.040940206234
"L13_2392",3337,9508,2.36642827092974,14.0092553639041,517.180925666199,542.935982456724
"L13_2393",3033,8438,2.61910405309315,15.0509599431145,504.207573632539,550.831024707213
"L13_2394",3336,9289,2.46528151577134,14.2103563354505,491.234221598878,558.726066957702
"L13_2395",3509,9915,2.37014624306606,14.6142208774584,478.260869565217,566.621109208192
"L13_2396",3361,9707,2.71968682394149,16.2563098794684,465.287517531557,574.516151458681
"L13_2397",3127,8571,2.43845525609614,16.9641815424105,452.314165497896,582.41119370917
"L13_2398",3437,9961,2.99166750326272,16.1529966870796,439.340813464236,590.306235959659
"L13_2399",3144,9036,2.53430721558212,17.9614873837981,426.367461430575,598.201278210149
"L13_2400",2982,8449,2.69854420641496,17.0434370931471,413.394109396914,606.096320460638
"L13_2401",3348,9775,2.47570332480818,17.769820971867,400.420757363254,613.991362711127
"L13_2402",3850,12228,2.42067386326464,18.2613673536147,387.447405329593,621.886404961616
"L13_2403",4464,14605,2.28004108182129,16.7682300581992,374.474053295933,629.781447212106
"L13_2404",4434,14667,2.32494716029181,17.0450671575646,361.500701262272,637.676489462595
"L13_2405",4025,12628,2.27272727272727,14.3886601203674,348.527349228612,645.571531713084
"L13_2406",3708,11025,2.32199546485261,15.156462585034,335.553997194951,653.466573963574
"L13_2407",3016,8480,2.2877358490566,16.9221698113208,322.58064516129,661.361616214063
"L13_2408",3606,10750,2.29767441860465,17.5627906976744,309.60729312763,669.256658464552
"L13_2409",4369,13947,2.10081021008102,18.0182118018212,296.633941093969,677.151700715041
"L13_2410",4769,15999,1.71260703793987,18.8199262453903,283.660589060308,685.046742965531
"L13_2411",3671,11028,2.40297424737033,16.848023213638,270.687237026648,692.94178521602
"L13_2412",2564,6744,2.28351126927639,17.0670225385528,257.713884992987,700.836827466509
"L13_2413",3798,11534,2.16750476851049,16.1522455349402,244.740532959327,708.731869716998
"L13_2414",4056,12760,1.79467084639498,19.8197492163009,231.767180925666,716.626911967488
"L13_2415",3737,11136,1.87679597701149,20.0161637931034,218.793828892006,724.521954217977
"L13_2416",3570,10370,1.5718418514947,19.0742526518804,205.820476858345,732.416996468466
"L13_2417",2595,6632,1.88480096501809,20.0542822677925,192.847124824684,740.312038718955
"L13_2418",2030,4659,1.76003434213351,19.9184374329255,179.873772791024,748.207080969445
"L13_2419",1207,2384,3.14597315436242,21.3087248322148,166.900420757363,756.102123219934
"L13_2420",764,1280,2.03125,18.125,153.927068723703,763.997165470423
"L13_2421",740,1241,1.6116035455278,17.4053182917002,140.953716690042,771.892207720913
"L13_2422",473,743,2.96096904441454,14.8048452220727,127.980364656381,779.787249971402
"L13_2423",616,1006,4.07554671968191,17.2962226640159,115.007012622721,787.682292221891
"L13_2424",900,1569,2.93180369662205,15.1051625239006,102.03366058906,795.57733447238
"L13_2425",1094,2092,3.20267686424474,17.4474187380497,89.0603085553997,803.47237672287
"L13_2426",1794,3945,2.78833967046895,15.6907477820025,76.0869565217391,811.367418973359
"L13_2427",2132,4826,3.17032739328637,16.9705760464152,63.1136044880785,819.262461223848
"L13_2428",1794,3824,2.27510460251046,17.7562761506276,50.140252454418,827.157503474338
"L13_2429",1356,2864,2.37430167597765,19.4134078212291,37.1669004207574,835.052545724827
"L13_2430",1341,2789,2.86841161706705,18.3219792040158,24.1935483870968,842.947587975316
"L13_2431",1250,2420,2.1900826446281,17.5206611570248,10.8695652173913,835.659856667172
"L13_2433",1364,2580,4.14728682170543,13.062015503876,741.584852734923,6.07310942345329
"L13_2435",2340,5179,2.91562077621162,14.6939563622321,742.286115007013,36.4386565407197
"L13_2436",3092,7980,2.15538847117794,14.1979949874687,742.636746143058,51.6214300993529
"L13_2437",3015,7484,3.31373597006948,13.201496525922,742.987377279102,66.8042036579861
"L13_2438",2473,5992,2.38651535380507,15.8210947930574,743.338008415147,81.9869772166194
"L13_2439",2057,4457,2.10904195647296,13.4395333183756,743.688639551192,97.1697507752526
"L13_2440",2693,6771,2.18579234972678,17.8998670801949,744.039270687237,112.352524333886
"L13_2441",3155,8471,2.39641128556251,18.2032817849132,744.389901823282,127.535297892519
"L13_2442",3440,9656,2.31980115990058,13.9084507042254,744.740532959327,142.718071451152
"L13_2443",4152,12519,2.26056394280693,17.197859253934,745.091164095372,157.900845009785
"L13_2444",3320,8995,2.87937743190661,14.7304057809894,745.441795231417,173.083618568419
"L13_2445",3300,8902,3.17906088519434,14.2889238373399,745.792426367461,188.266392127052
"L13_2446",2814,6883,2.6587243934331,13.7875926194973,746.143057503506,203.449165685685
"L13_2447",2876,7316,2.97977036632039,14.2974302897758,746.493688639551,218.631939244318
"L13_2448",2813,7246,2.8981507038366,15.4292023185206,746.844319775596,233.814712802952
"L13_2449",3699,10645,2.53640206669798,17.7829967120714,747.194950911641,248.997486361585
"L13_2450",3217,8600,2.98837209302326,17.6744186046512,747.545582047686,264.180259920218
"L13_2451",3005,7996,3.4392196098049,15.1325662831416,747.896213183731,279.363033478851
"L13_2452",3487,10242,3.18297207576645,16.1003710212849,748.246844319776,294.545807037484
"L13_2453",4068,12503,3.02327441414061,16.172118691514,748.59747545582,309.728580596118
"L13_2454",4838,16415,2.10173621687481,18.9278099299421,748.948106591865,324.911354154751
"L13_2455",4261,13372,2.59497457373616,17.0056835177984,749.29873772791,340.094127713384
"L13_2456",3315,9228,2.3840485478977,15.2904204594712,749.649368863955,355.276901272017
"L13_2457",3531,10213,2.67306374228924,16.1069225496916,750,370.45967483065
"L13_2458",3441,9746,2.69854299199672,14.6213831315411,750.350631136045,385.642448389284
"L13_2459",4026,12015,2.71327507282563,15.6803995006242,750.70126227209,400.825221947917
"L13_2460",3381,9393,2.62961780048973,17.555626530395,751.051893408135,416.00799550655
"L13_2461",2998,7533,2.41603610779238,15.9564582503651,738.078541374474,423.903037757039
"L13_2462",3107,8244,3.38427947598253,16.327025715672,725.105189340813,431.798080007529
"L13_2463",2765,7285,3.00617707618394,15.4701441317776,712.131837307153,439.693122258018
"L13_2464",3277,8700,2.27586206896552,16.6551724137931,699.158485273492,447.588164508507
"L13_2465",3378,9155,2.41398143091207,15.9475696340797,686.185133239832,455.483206758996
"L13_2466",3304,9175,2.63760217983651,13.6457765667575,673.211781206171,463.378249009486
"L13_2467",3252,9231,2.76243093922652,14.6354674466472,660.23842917251,471.273291259975
"L13_2468",2799,7275,2.92783505154639,13.7182130584192,647.26507713885,479.168333510464
"L13_2469",2357,5574,2.96017222820237,16.1463939720129,634.291725105189,487.063375760954
"L13_2470",2626,6487,2.543548635733,17.0186526899954,621.318373071529,494.958418011443
"L13_2471",2079,4677,3.42099636519136,16.3138764165063,608.345021037868,502.853460261932
"L13_2472",2915,7447,3.04820733181147,14.5427689002283,595.371669004208,510.748502512421
"L13_2473",2331,5887,3.00662476643452,17.6490572447766,582.398316970547,518.643544762911
"L13_2474",2481,6128,2.4967362924282,16.2859007832898,569.424964936886,526.5385870134
"L13_2475",3866,11809,2.03234820899314,20.298077737319,556.451612903226,534.433629263889
"L13_2476",2632,6854,2.53866355412898,17.5372045520864,543.478260869565,542.328671514378
"L13_2477",3272,9152,2.56774475524475,15.7998251748252,530.504908835905,550.223713764868
"L13_2478",3460,9732,2.62022194821208,15.495273325113,517.531556802244,558.118756015357
"L13_2479",3069,8525,2.93255131964809,15.0381231671554,504.558204768583,566.013798265846
"L13_2480",3761,11599,2.25019398223985,16.1220794896112,491.584852734923,573.908840516336
"L13_2481",3628,11159,2.30307375212833,17.8331391701765,478.611500701262,581.803882766825
"L13_2482",3287,9435,2.57551669316375,17.0853206147324,465.638148667602,589.698925017314
"L13_2483",2955,7988,2.21582373560341,16.4121181772659,452.664796633941,597.593967267803
"L13_2484",3037,8150,2.98159509202454,15.3374233128834,439.69144460028,605.489009518293
"L13_2485",3100,8668,2.72265805260729,15.7360406091371,426.71809256662,613.384051768782
"L13_2486",3186,9380,2.24946695095949,17.228144989339,413.744740532959,621.279094019271
"L13_2487",3508,10496,2.08650914634146,18.0068597560976,400.771388499299,629.17413626976
"L13_2488",4043,13243,2.37861511742052,19.7160764177301,387.798036465638,637.06917852025
"L13_2489",3202,9329,2.3367992282131,17.4831171615393,374.824684431978,644.964220770739
"L13_2490",4700,16186,2.11293710614111,15.7976028666749,361.851332398317,652.859263021228
"L13_2491",4068,13366,2.29687266197815,16.2875953912913,348.877980364656,660.754305271717
"L13_2492",3734,11343,2.2128184783567,15.6660495459755,335.904628330996,668.649347522207
"L13_2493",3101,8539,2.30706171682867,15.4233516805247,322.931276297335,676.544389772696
"L13_2494",3025,8050,2.53416149068323,16.3975155279503,309.957924263675,684.439432023185
"L13_2495",4257,13445,2.11974711788769,16.2662699888434,296.984572230014,692.334474273675
"L13_2496",3325,9604,2.43648479800083,16.274468971262,284.011220196353,700.229516524164
"L13_2497",2699,6790,2.87187039764359,17.0692194403535,271.037868162693,708.124558774653
"L13_2498",3480,10314,2.5790188093853,15.8522396742292,258.064516129032,716.019601025142
"L13_2499",3891,11443,2.06239622476623,18.648955693437,245.091164095372,723.914643275632
"L13_2500",3779,11462,2.12877333798639,19.3334496597452,232.117812061711,731.809685526121
"L13_2501",3365,9567,1.41110065851364,18.9505592139647,219.14446002805,739.70472777661
"L13_2502",2966,7907,2.07411154673074,20.9055267484507,206.17110799439,747.599770027099
"L13_2503",1921,4486,1.80561747659385,20.2853321444494,193.197755960729,755.494812277589
"L13_2504",914,1665,4.14414414414414,20.9009009009009,180.224403927069,763.389854528078
"L13_2505",668,1142,2.80210157618214,18.739054290718,167.251051893408,771.284896778567
"L13_2506",744,1217,1.56121610517666,15.7764995891537,154.277699859748,779.179939029057
"L13_2507",427,661,3.02571860816944,16.036308623298,141.304347826087,787.074981279546
"L13_2508",598,920,4.34782608695652,13.9130434782609,128.330995792426,794.970023530035
"L13_2509",762,1309,3.43773873185638,15.8135981665393,115.357643758766,802.865065780524
"L13_2510",1211,2254,2.92812777284827,14.6406388642413,102.384291725105,810.760108031014
"L13_2511",1672,3528,3.34467120181406,16.3832199546485,89.4109396914446,818.655150281503
"L13_2512",2718,6570,3.08980213089802,17.5190258751903,76.437587657784,826.550192531992
"L13_2513",2127,4818,3.11332503113325,17.91199667912,63.4642356241234,834.445234782481
"L13_2514",1582,3273,2.6886648334861,17.995722578674,50.4908835904628,842.340277032971
"L13_2515",1275,2580,3.29457364341085,18.7984496124031,37.5175315568022,850.23531928346
"L13_2516",946,1774,3.60766629086809,16.2344983089064,24.5441795231417,858.130361533949
"L13_2517",1167,2210,1.94570135746606,17.4660633484163,11.2201963534362,850.842630225805
"L13_2522",2484,5795,4.106988783434,13.8740293356342,755.610098176718,43.7263878488637
"L13_2523",3015,7657,2.83400809716599,13.1121849288233,755.960729312763,58.9091614074969
"L13_2524",2419,5589,2.50492037931651,13.5802469135802,756.311360448808,74.0919349661301
"L13_2525",1900,3928,2.16395112016293,12.70366598778,756.661991584853,89.2747085247633
"L13_2526",2227,5056,2.17563291139241,17.1677215189873,757.012622720898,104.457482083397
"L13_2527",3303,9055,2.03202650469354,19.812258420762,757.363253856942,119.64025564203
"L13_2528",3259,8890,2.28346456692913,15.1181102362205,757.713884992987,134.823029200663
"L13_2529",3565,10193,2.54095948199745,15.5793191405867,758.064516129032,150.005802759296
"L13_2530",3933,11655,2.36808236808237,16.8511368511369,758.415147265077,165.188576317929
"L13_2531",3315,8861,2.81006658390701,14.0164766956325,758.765778401122,180.371349876563
"L13_2532",2741,7174,2.06300529690549,13.5628659046557,759.116409537167,195.554123435196
"L13_2533",3016,7790,2.58023106546855,13.8510911424904,759.467040673212,210.736896993829
"L13_2534",2562,6744,2.40213523131673,15.0800711743772,759.817671809257,225.919670552462
"L13_2535",2512,6126,2.4975514201763,15.2138426379367,760.168302945302,241.102444111095
"L13_2536",3460,9369,2.97790585975024,15.8821645853346,760.518934081346,256.285217669729
"L13_2537",3890,11304,2.54777070063694,15.5785562632696,760.869565217391,271.467991228362
"L13_2538",3517,10060,2.89264413518887,16.0437375745527,761.220196353436,286.650764786995
"L13_2539",3973,11902,2.68862376071249,16.728280961183,761.570827489481,301.833538345628
"L13_2540",3767,10845,2.66482249884739,16.237897648686,761.921458625526,317.016311904261
"L13_2541",3885,11583,1.95976862643529,18.665285331952,762.272089761571,332.199085462895
"L13_2542",2987,7975,2.92163009404389,16.8025078369906,762.622720897616,347.381859021528
"L13_2543",3485,9910,2.53279515640767,20.1210898082745,762.973352033661,362.564632580161
"L13_2544",3167,8551,2.79499473745761,15.5888200210502,763.323983169705,377.747406138794
"L13_2545",3603,9895,2.73875694795351,15.8261748357756,763.67461430575,392.930179697428
"L13_2546",3040,8381,2.64884858608758,16.5851330390168,764.025245441795,408.112953256061
"L13_2547",3366,9475,2.82849604221636,17.4353562005277,764.37587657784,423.295726814694
"L13_2548",3056,7886,2.70098909459802,16.1932538676135,751.40252454418,431.190769065183
"L13_2549",3449,9349,3.16611402289015,13.9694084928869,738.429172510519,439.085811315673
"L13_2550",3497,9864,3.051500405515,14.8722627737226,725.455820476858,446.980853566162
"L13_2551",2902,7630,2.39842726081258,14.8754914809961,712.482468443198,454.875895816651
"L13_2552",3196,8549,2.8424377120131,15.428705111709,699.509116409537,462.77093806714
"L13_2553",3719,11024,2.46734397677794,17.0899854862119,686.535764375877,470.66598031763
"L13_2554",3494,10097,2.20857680499158,18.9858373774388,673.562412342216,478.561022568119
"L13_2555",3451,9904,2.50403877221325,15.4382067851373,660.589060308555,486.456064818608
"L13_2556",2729,6921,2.81751192024274,14.9833839040601,647.615708274895,494.351107069098
"L13_2557",2826,7250,2.71724137931034,15.4344827586207,634.642356241234,502.246149319587
"L13_2558",2799,7051,3.19103673237839,15.1042405332577,621.669004207574,510.141191570076
"L13_2559",2279,5504,3.37936046511628,16.1518895348837,608.695652173913,518.036233820565
"L13_2560",2411,5718,3.32284015389997,15.7397691500525,595.722300140252,525.931276071055
"L13_2561",2887,7894,2.98961236382062,19.6478337978211,582.748948106592,533.826318321544
"L13_2562",3214,9134,2.28815414933217,20.0240858331509,569.775596072931,541.721360572033
"L13_2563",4628,15549,2.21879220528651,20.1620683002122,556.802244039271,549.616402822522
"L13_2564",3953,11525,2.58568329718004,16.7375271149675,543.82889200561,557.511445073012
"L13_2565",3652,10451,2.30599942589226,17.7399291933786,530.855539971949,565.406487323501
"L13_2566",3826,11695,2.68490808037623,14.4078666096622,517.882187938289,573.30152957399
"L13_2567",3934,12713,2.44631479587823,18.5007472665775,504.908835904628,581.196571824479
"L13_2568",3649,11365,2.384513858337,17.0347558293005,491.935483870968,589.091614074969
"L13_2569",3458,10408,2.30591852421214,19.9654112221368,478.962131837307,596.986656325458
"L13_2570",3011,8070,2.66418835192069,16.6542750929368,465.988779803647,604.881698575947
"L13_2571",3219,9028,2.76916260522818,16.2605228178999,453.015427769986,612.776740826436
"L13_2572",3190,9163,2.52100840336134,15.8463385354142,440.042075736325,620.671783076926
"L13_2573",3638,10850,2.59907834101383,16.3225806451613,427.068723702665,628.566825327415
"L13_2574",4096,12984,2.06407886629698,17.7911275415896,414.095371669004,636.461867577904
"L13_2575",4662,15980,2.03379224030038,18.9299123904881,401.122019635344,644.356909828394
"L13_2576",3150,8777,2.30146975048422,16.0988948387832,388.148667601683,652.251952078883
"L13_2577",3856,12140,1.95222405271829,16.1367380560132,375.175315568022,660.146994329372
"L13_2578",4728,16176,2.15751730959446,16.3761127596439,362.201963534362,668.042036579861
"L13_2579",3954,12438,2.49236211609584,15.8546390094871,349.228611500701,675.937078830351
"L13_2580",3411,10011,2.23753870742184,15.3631005893517,336.255259467041,683.83212108084
"L13_2581",2945,7809,2.80445639646562,16.8651555897042,323.28190743338,691.727163331329
"L13_2582",3747,11174,2.55951315553965,14.4352962233757,310.308555399719,699.622205581819
"L13_2583",3643,11095,2.74898602974313,14.5290671473637,297.335203366059,707.517247832308
"L13_2584",2795,7361,2.96155413666621,17.3074310555631,284.361851332398,715.412290082797
"L13_2585",3267,9388,3.09970174691095,16.5850021303792,271.388499298738,723.307332333286
"L13_2586",3452,9613,2.43420368251326,18.9014875689171,258.415147265077,731.202374583776
"L13_2587",3228,8969,2.16300590924295,19.0322220983387,245.441795231417,739.097416834265
"L13_2588",3908,11836,1.63906725245015,18.6633997972288,232.468443197756,746.992459084754
"L13_2589",3084,7905,1.4674256799494,20.4174573055028,219.495091164095,754.887501335243
"L13_2590",1795,4232,2.07939508506616,21.9281663516068,206.521739130435,762.782543585733
"L13_2591",950,1764,1.87074829931973,22.3922902494331,193.548387096774,770.677585836222
"L13_2592",674,1115,1.61434977578475,18.7443946188341,180.575035063114,778.572628086711
"L13_2593",701,1175,1.95744680851064,18.9787234042553,167.601683029453,786.467670337201
"L13_2594",437,643,2.48833592534992,13.9968895800933,154.628330995792,794.36271258769
"L13_2595",621,930,2.47311827956989,16.0215053763441,141.654978962132,802.257754838179
"L13_2596",700,1166,3.34476843910806,16.8953687821612,128.681626928471,810.152797088668
"L13_2597",888,1578,3.16856780735108,16.0963244613435,115.708274894811,818.047839339158
"L13_2598",1558,3081,3.37552742616034,15.2872444011685,102.73492286115,825.942881589647
"L13_2599",2585,6231,3.29000160487883,17.5573744182314,89.7615708274895,833.837923840136
"L13_2600",2655,6434,2.89089213553,14.9362760335716,76.7882187938289,841.732966090625
"L13_2601",2483,5994,3.06973640306974,16.7167167167167,63.8148667601683,849.628008341115
"L13_2602",1781,3969,2.94784580498866,18.039808515999,50.8415147265077,857.523050591604
"L13_2603",1560,3392,3.39033018867925,16.7747641509434,37.8681626928471,865.418092842093
"L13_2604",1444,2994,3.1062124248497,14.7294589178357,24.8948106591865,873.313135092582
"L13_2605",758,1326,3.31825037707391,18.0241327300151,11.5708274894811,866.025403784438
"L13_2607",1311,2343,3.28638497652582,12.3772940674349,767.882187938289,5.46579848110796
"L13_2608",1250,2302,2.86707211120765,14.0747176368375,768.232819074334,20.6485720397412
"L13_2610",1992,4134,3.33817126269956,13.3043057571359,768.934081346424,51.0141191570076
"L13_2611",1773,3646,3.09928688974218,11.4097641250686,769.284712482468,66.1968927156408
"L13_2612",1493,2866,2.19818562456385,10.3279832519191,769.635343618513,81.379666274274
"L13_2613",1898,3847,2.9113595009098,11.5154665973486,769.985974754558,96.5624398329072
"L13_2614",3264,8217,2.48265790434465,15.3949129852744,770.336605890603,111.74521339154
"L13_2615",3256,8740,1.9908466819222,14.8054919908467,770.687237026648,126.927986950174
"L13_2616",3689,10527,2.16585921915076,13.4131281466705,771.037868162693,142.110760508807
"L13_2617",3611,9853,2.69968537501269,14.5437937683954,771.388499298738,157.29353406744
"L13_2618",3262,8704,2.91819852941176,13.5340073529412,771.739130434783,172.476307626073
"L13_2619",3258,8800,2.64772727272727,12.3863636363636,772.089761570827,187.659081184707
"L13_2620",2820,6817,2.6551268886607,14.2291330497286,772.440392706872,202.84185474334
"L13_2621",2946,7889,2.99150716187096,16.3011788566358,772.791023842917,218.024628301973
"L13_2622",2896,7664,2.8705636743215,13.4525052192067,773.141654978962,233.207401860606
"L13_2623",3588,10032,2.99043062200957,13.9154704944179,773.492286115007,248.390175419239
"L13_2624",3518,9627,3.03313597174613,13.4309753817389,773.842917251052,263.572948977873
"L13_2625",3002,7651,2.88851130571167,15.2136975558751,774.193548387097,278.755722536506
"L13_2626",3070,7978,2.94560040110303,15.5552770117824,774.544179523142,293.938496095139
"L13_2627",2970,7895,2.76124129195693,15.2121595946802,774.894810659187,309.121269653772
"L13_2628",3608,10464,2.5802752293578,16.0454892966361,775.245441795231,324.304043212405
"L13_2629",3404,9572,2.87296280819056,18.3660676974509,775.596072931276,339.486816771039
"L13_2630",3288,9202,2.85807433166703,18.0612910236905,775.946704067321,354.669590329672
"L13_2631",3996,12042,2.55771466533798,19.5067264573991,776.297335203366,369.852363888305
"L13_2632",3112,8094,2.26093402520385,16.506053867062,776.647966339411,385.035137446938
"L13_2633",3340,9379,3.08135195649856,15.7266233073888,776.998597475456,400.217911005572
"L13_2634",2939,7716,3.12337998963193,15.0336962156558,777.349228611501,415.400684564205
"L13_2635",3452,10010,2.72727272727273,16.4135864135864,777.699859747546,430.583458122838
"L13_2636",3212,8723,2.8430585807635,15.9692766250143,764.726507713885,438.478500373327
"L13_2637",3270,8782,3.80323388749715,14.2336597585971,751.753155680224,446.373542623816
"L13_2638",3529,10330,2.8944820909971,14.7918683446273,738.779803646564,454.268584874306
"L13_2639",3692,11186,2.43161094224924,17.119613802968,725.806451612903,462.163627124795
"L13_2640",3294,8843,2.73662784123035,15.0175279882393,712.833099579243,470.058669375284
"L13_2641",3330,9188,2.63387026556378,14.7474967348716,699.859747545582,477.953711625774
"L13_2642",3347,9604,2.58225739275302,14.6084964598084,686.886395511921,485.848753876263
"L13_2643",3157,8628,2.60778859527121,16.2262401483542,673.913043478261,493.743796126752
"L13_2644",3737,11204,2.87397358086398,15.8693323812924,660.9396914446,501.638838377241
"L13_2645",3978,12401,2.74977824369003,14.7004273848883,647.96633941094,509.533880627731
"L13_2646",3586,10324,2.50871755133669,14.2096086788067,634.992987377279,517.42892287822
"L13_2647",3106,8148,2.94550810014728,15.0957290132548,622.019635343618,525.323965128709
"L13_2648",2932,7790,3.42747111681643,17.0731707317073,609.046283309958,533.219007379199
"L13_2649",3229,9063,2.8798411122145,18.669314796425,596.072931276297,541.114049629688
"L13_2650",3421,10177,2.35825881890537,21.55841603616,583.099579242637,549.009091880177
"L13_2651",2685,6879,2.87832533798517,18.2003198139264,570.126227208976,556.904134130666
"L13_2652",3511,9691,2.31142296976576,15.2719017645238,557.152875175316,564.799176381156
"L13_2653",3185,8709,2.05534504535538,15.8571592605351,544.179523141655,572.694218631645
"L13_2654",3827,11488,2.43732590529248,16.2604456824513,531.206171107994,580.589260882134
"L13_2655",3637,10509,2.18860024740698,16.4049862023028,518.232819074334,588.484303132623
"L13_2656",3930,12057,2.28912664842,17.1601559260181,505.259467040673,596.379345383113
"L13_2657",3322,9452,2.57088446889547,16.88531527719,492.286115007013,604.274387633602
"L13_2658",3455,9528,2.45591939546599,16.7926112510495,479.312762973352,612.169429884091
"L13_2659",3538,10490,2.78360343183985,17.5977121067684,466.339410939691,620.06447213458
"L13_2660",3180,8967,3.16716850674696,15.8358425337348,453.366058906031,627.95951438507
"L13_2661",4106,12209,2.24424604799738,16.1847817184045,440.39270687237,635.854556635559
"L13_2662",4319,13814,2.17170985956276,16.1647603880122,427.41935483871,643.749598886048
"L13_2663",4057,13447,1.77734810738455,19.5210827693909,414.446002805049,651.644641136538
"L13_2664",4478,14867,1.88336584381516,16.398735454362,401.472650771388,659.539683387027
"L13_2665",3388,9623,2.29658110776265,16.2839031487062,388.499298737728,667.434725637516
"L13_2666",3645,11250,2.16888888888889,16.2933333333333,375.525946704067,675.329767888005
"L13_2667",3840,11661,2.16104965268845,15.0072892547809,362.552594670407,683.224810138495
"L13_2668",3559,10341,2.87206266318538,15.8495309931341,349.579242636746,691.119852388984
"L13_2669",2920,7913,2.26210034121067,17.2753696448882,336.605890603086,699.014894639473
"L13_2670",3673,10730,2.50698974836906,15.47064305685,323.632538569425,706.909936889962
"L13_2671",2911,8071,2.42844752818734,14.8556560525338,310.659186535764,714.804979140452
"L13_2672",2425,6150,2.34146341463415,17.0243902439024,297.685834502104,722.700021390941
"L13_2673",2888,7466,2.41092954728101,16.3273506563086,284.712482468443,730.59506364143
"L13_2674",3474,10116,2.58995650454725,17.2202451561882,271.739130434783,738.490105891919
"L13_2675",3325,8689,1.65726780987455,19.0470710093221,258.765778401122,746.385148142409
"L13_2676",3632,10447,2.39303149229444,18.311476979037,245.792426367461,754.280190392898
"L13_2677",2912,7440,1.62634408602151,19.9865591397849,232.819074333801,762.175232643387
"L13_2678",1783,3942,1.57280568239472,22.4759005580923,219.84572230014,770.070274893877
"L13_2679",880,1544,3.0440414507772,17.0336787564767,206.87237026648,777.965317144366
"L13_2680",614,974,1.95071868583162,16.735112936345,193.899018232819,785.860359394855
"L13_2681",626,1028,2.72373540856031,16.2451361867704,180.925666199158,793.755401645344
"L13_2682",409,608,3.45394736842105,15.9539473684211,167.952314165498,801.650443895834
"L13_2683",439,643,2.64385692068429,14.6189735614308,154.978962131837,809.545486146323
"L13_2684",668,1082,2.49537892791128,17.5600739371534,142.005610098177,817.440528396812
"L13_2685",895,1600,3.1875,16.6875,129.032258064516,825.335570647302
"L13_2686",1977,4310,3.08584686774942,16.7981438515081,116.058906030856,833.230612897791
"L13_2687",3660,10715,2.13719085394307,19.5333644423705,103.085553997195,841.12565514828
"L13_2688",2726,6697,2.67283858444079,16.0519635657757,90.1122019635344,849.020697398769
"L13_2689",3600,10204,2.47941983535868,17.8557428459428,77.1388499298738,856.915739649259
"L13_2690",3644,11524,3.3755640402638,19.5157931273863,64.1654978962132,864.810781899748
"L13_2691",2762,7749,3.98761130468448,18.9830945928507,51.1921458625526,872.705824150237
"L13_2692",1773,4170,4.22062350119904,17.2661870503597,38.218793828892,880.600866400726
"L13_2694",1873,4361,4.31093785828938,17.3584040357716,11.9214586255259,881.208177343072
"L13_2697",895,1475,3.52542372881356,14.9152542372881,781.206171107994,12.7535297892519
"L13_2700",1395,2578,2.56012412723041,12.3351435221102,782.258064516129,58.3018504651515
"L13_2701",1222,2209,2.89723856948846,12.2679945676777,782.608695652174,73.4846240237848
"L13_2702",1117,2122,1.93213949104618,12.1112158341188,782.959326788219,88.667397582418
"L13_2703",1903,4010,2.59351620947631,14.2892768079801,783.309957924264,103.850171141051
"L13_2704",2814,7193,2.21048241345753,16.8775198109273,783.660589060309,119.032944699684
"L13_2705",3016,8055,1.96151458721291,13.9664804469274,784.011220196353,134.215718258318
"L13_2706",3042,8131,2.68109703603493,12.7905546673226,784.361851332398,149.398491816951
"L13_2707",2826,6989,3.19072828730863,11.603949062813,784.712482468443,164.581265375584
"L13_2708",2844,7147,3.45599552259689,13.0124527773891,785.063113604488,179.764038934217
"L13_2709",3422,9306,3.51386202450032,14.1843971631206,785.413744740533,194.94681249285
"L13_2710",3414,9715,2.87184765826042,17.0355120946989,785.764375876578,210.129586051484
"L13_2711",3331,9195,2.58836324089179,15.6933115823817,786.115007012623,225.312359610117
"L13_2712",3192,8558,2.62911895302641,16.3122224818883,786.465638148668,240.49513316875
"L13_2713",3097,8098,2.97604346752285,16.7325265497654,786.816269284712,255.677906727383
"L13_2714",2866,7198,2.77854959711031,14.5457071408725,787.166900420757,270.860680286017
"L13_2715",2984,8032,2.39043824701195,17.4053784860558,787.517531556802,286.04345384465
"L13_2716",2866,7440,2.99731182795699,15.1612903225806,787.868162692847,301.226227403283
"L13_2717",3065,8330,3.79351740696279,15.6662665066026,788.218793828892,316.409000961916
"L13_2718",3249,8737,2.87283964747625,16.0123612223875,788.569424964937,331.591774520549
"L13_2719",3015,8120,2.93103448275862,17.6847290640394,788.920056100982,346.774548079183
"L13_2720",3306,9701,2.46366353984125,21.4101639006288,789.270687237027,361.957321637816
"L13_2721",3225,8702,2.84991955872213,16.7088025741209,789.621318373072,377.140095196449
"L13_2722",3386,9092,2.81566212054553,15.0791904971403,789.971949509116,392.322868755082
"L13_2723",3725,10786,2.51251622473577,15.3995920637864,790.322580645161,407.505642313715
"L13_2724",2816,7185,2.81141266527488,16.5901183020181,790.673211781206,422.688415872349
"L13_2725",3147,8431,3.16688411813545,16.1072233424268,791.023842917251,437.871189430982
"L13_2726",3283,9191,2.63301055380263,16.2550320966163,778.05049088359,445.766231681471
"L13_2727",3052,8220,2.72506082725061,17.712895377129,765.07713884993,453.66127393196
"L13_2728",3054,8372,2.99808886765409,15.4443382704252,752.103786816269,461.55631618245
"L13_2729",3101,8274,2.96108291032149,14.4670050761421,739.130434782609,469.451358432939
"L13_2730",3344,9067,2.59181647733539,15.6832469394508,726.157082748948,477.346400683428
"L13_2731",3361,9094,2.60611392126677,16.4614031229382,713.183730715288,485.241442933918
"L13_2732",3478,9929,2.53801994158526,14.4223990331353,700.210378681627,493.136485184407
"L13_2733",3765,10621,2.35382732322757,14.6031447133038,687.237026647966,501.031527434896
"L13_2734",4347,14349,2.52979301693498,17.1928357376821,674.263674614306,508.926569685385
"L13_2735",3712,11309,2.5112742063843,17.4020691484658,661.290322580645,516.821611935875
"L13_2736",3635,10604,2.89513391173142,16.2580158430781,648.316970546985,524.716654186364
"L13_2737",3863,11504,2.55563282336579,17.9068150208623,635.343618513324,532.611696436853
"L13_2738",3329,9420,3.01486199575372,17.1337579617834,622.370266479663,540.506738687342
"L13_2739",4051,12522,1.75690784219773,19.3898738220731,609.396914446003,548.401780937832
"L13_2740",4336,15200,1.98684210526316,22.5,596.423562412342,556.296823188321
"L13_2741",3731,10865,2.01564657156006,19.9631845375058,583.450210378682,564.19186543881
"L13_2742",2930,7536,2.81316348195329,16.1756900212314,570.476858345021,572.0869076893
"L13_2743",3714,10982,2.35840466217447,15.2067018757968,557.50350631136,579.981949939789
"L13_2744",3378,9525,2.51968503937008,15.9055118110236,544.5301542777,587.876992190278
"L13_2745",4006,12047,2.24122188096622,17.6724495725077,531.556802244039,595.772034440767
"L13_2746",3763,10760,2.43494423791822,16.1245353159851,518.583450210379,603.667076691257
"L13_2747",3981,12326,2.45010546811618,17.0047055005679,505.610098176718,611.562118941746
"L13_2748",3940,11779,2.1903387384328,16.0370150267425,492.636746143058,619.457161192235
"L13_2749",3727,10753,2.04594066772064,17.8368827304008,479.663394109397,627.352203442724
"L13_2750",3427,9540,2.91404612159329,15.9748427672956,466.690042075736,635.247245693214
"L13_2751",3409,9613,2.55903464059087,15.3542078435452,453.716690042076,643.142287943703
"L13_2752",3336,9799,2.33697316052658,17.5528115113787,440.743338008415,651.037330194192
"L13_2753",3465,10001,2.18978102189781,15.2084791520848,427.769985974755,658.932372444682
"L13_2754",4257,13811,1.86807617116791,16.6389110129607,414.796633941094,666.827414695171
"L13_2755",4267,13376,1.77930622009569,17.1052631578947,401.823281907433,674.72245694566
"L13_2756",3306,9059,2.2850204216801,17.3749862015675,388.849929873773,682.617499196149
"L13_2757",3393,9737,2.49563520591558,13.9878812776009,375.876577840112,690.512541446639
"L13_2758",3236,9355,2.55478353821486,16.9107429182255,362.903225806452,698.407583697128
"L13_2759",3135,8773,2.42790379573692,17.0865154451157,349.929873772791,706.302625947617
"L13_2760",3133,8417,2.41178567185458,15.8013544018059,336.95652173913,714.197668198106
"L13_2761",3370,9413,2.88962073727823,14.6074577711675,323.98316970547,722.092710448596
"L13_2762",2887,7783,2.60824874726969,17.242708467172,311.009817671809,729.987752699085
"L13_2763",3179,8433,2.52579153326218,16.0915451203605,298.036465638149,737.882794949574
"L13_2764",3423,9423,2.29226361031519,15.2499204075135,285.063113604488,745.777837200063
"L13_2765",4004,12097,2.06662808960899,17.690336447053,272.089761570827,753.672879450553
"L13_2766",3147,8864,2.45938628158845,18.0956678700361,259.116409537167,761.567921701042
"L13_2767",2400,5579,2.7603513174404,18.2469976698333,246.143057503506,769.462963951531
"L13_2768",1982,4387,1.73239115568726,19.3754273991338,233.169705469846,777.358006202021
"L13_2769",1013,1974,2.2289766970618,20.9219858156028,220.196353436185,785.25304845251
"L13_2770",664,1130,2.56637168141593,20.7964601769912,207.223001402525,793.148090702999
"L13_2771",509,795,2.0125786163522,15.0943396226415,194.249649368864,801.043132953488
"L13_2772",509,771,3.63164721141375,15.6939040207523,181.276297335203,808.938175203978
"L13_2773",720,1180,3.13559322033898,15.7627118644068,168.302945301543,816.833217454467
"L13_2774",728,1248,3.44551282051282,17.3076923076923,155.329593267882,824.728259704956
"L13_2775",886,1553,3.21957501609788,17.3857050869285,142.356241234222,832.623301955445
"L13_2776",1217,2278,2.94117647058824,16.2423178226514,129.382889200561,840.518344205935
"L13_2777",2590,6410,2.85491419656786,14.9453978159126,116.4095371669,848.413386456424
"L13_2778",2644,6770,3.20531757754801,14.9483013293944,103.43618513324,856.308428706913
"L13_2779",3233,8723,2.71695517597157,14.6509228476442,90.4628330995792,864.203470957403
"L13_2780",3599,10515,2.55825011887779,17.1849738468854,77.4894810659187,872.098513207892
"L13_2781",3411,10113,3.78720458815386,17.7296548996341,64.5161290322581,879.993555458381
"L13_2782",1810,4310,6.61252900232019,17.8190255220418,51.5427769985975,887.88859770887
"L13_2787",801,1330,2.4812030075188,13.3834586466165,794.179523141655,4.85848753876263
"L13_2788",854,1436,2.50696378830084,12.7437325905292,794.5301542777,20.0412610973958
"L13_2790",1540,3063,2.25269343780607,16.0300359125041,795.23141654979,50.4068082146623
"L13_2791",1336,2473,2.99231702385766,11.6457743631217,795.582047685834,65.5895817732955
"L13_2792",1170,2208,2.98913043478261,12.9981884057971,795.932678821879,80.7723553319287
"L13_2793",1456,2836,2.78561354019746,13.1875881523272,796.283309957924,95.9551288905619
"L13_2794",1991,4189,2.57818095010742,13.392217713058,796.633941093969,111.137902449195
"L13_2795",2337,5231,2.40871726247371,13.3244121582871,796.984572230014,126.320676007828
"L13_2796",3040,8016,2.9815369261477,12.6122754491018,797.335203366059,141.503449566462
"L13_2797",2608,6061,3.01930374525656,12.3576967497113,797.685834502104,156.686223125095
"L13_2798",2753,6955,3.07692307692308,15.7440690150971,798.036465638149,171.868996683728
"L13_2799",3589,10055,3.37145698657384,15.5942317255097,798.387096774194,187.051770242361
"L13_2800",2776,6895,3.43727338651197,14.5032632342277,798.737727910238,202.234543800994
"L13_2801",3225,8950,3.18435754189944,16.3798882681564,799.088359046283,217.417317359628
"L13_2802",3576,9988,3.18382058470164,14.7677212655186,799.438990182328,232.600090918261
"L13_2803",3141,8298,2.25355507351169,14.7866955892986,799.789621318373,247.782864476894
"L13_2804",3183,8457,2.45950100508455,14.2485514958023,800.140252454418,262.965638035527
"L13_2805",3027,8048,2.38568588469185,17.1471172962227,800.490883590463,278.148411594161
"L13_2806",3157,8519,2.59420119732363,15.2600070430802,800.841514726508,293.331185152794
"L13_2807",3080,7867,2.55497648404729,14.8214058726325,801.192145862553,308.513958711427
"L13_2808",3567,9946,2.16167303438568,18.489845163885,801.542776998597,323.69673227006
"L13_2809",3375,9217,2.51708798958446,16.0355864164045,801.893408134642,338.879505828693
"L13_2810",2635,6993,2.98870298870299,17.2601172601173,802.244039270687,354.062279387327
"L13_2811",2589,6474,3.33642261353105,16.4349706518381,802.594670406732,369.24505294596
"L13_2812",2858,7322,3.27779295274515,14.5315487571702,802.945301542777,384.427826504593
"L13_2813",3549,10293,2.53570387642087,15.4085300689789,803.295932678822,399.610600063226
"L13_2814",3402,9494,2.44364862018117,16.9054139456499,803.646563814867,414.793373621859
"L13_2815",3111,8728,3.20806599450046,15.7997250229148,803.997194950912,429.976147180493
"L13_2816",3078,8033,2.87563799327773,16.3699738578364,804.347826086957,445.158920739126
"L13_2817",2782,7284,2.8555738605162,14.662273476112,791.374474053296,453.053962989615
"L13_2818",3233,8834,2.89789449852841,16.051618745755,778.401122019635,460.949005240104
"L13_2819",3380,9468,2.54541613857203,15.1140684410646,765.427769985975,468.844047490594
"L13_2820",3688,10518,2.6050579958167,18.6157064080624,752.454417952314,476.739089741083
"L13_2821",3023,8285,2.99336149668075,16.125528062764,739.481065918654,484.634131991572
"L13_2822",3100,8090,3.23856613102596,15.5006180469716,726.507713884993,492.529174242062
"L13_2823",3392,9517,3.02616370705054,14.3742776084901,713.534361851332,500.424216492551
"L13_2824",4080,12804,2.4445485785692,16.4089347079038,700.561009817672,508.31925874304
"L13_2825",4531,14467,2.17736918504182,17.4811640284786,687.587657784011,516.214300993529
"L13_2826",3062,8139,2.58016955399926,17.3362820985379,674.614305750351,524.109343244019
"L13_2827",3587,10622,3.06910186405573,14.8842025983807,661.64095371669,532.004385494508
"L13_2828",3560,10458,2.85905526869382,15.3949129852744,648.667601683029,539.899427744997
"L13_2829",3343,9482,2.27800042185193,15.5346973212402,635.694249649369,547.794469995486
"L13_2830",3116,8566,2.40485640905907,15.4214335745972,622.720897615708,555.689512245976
"L13_2831",3833,11570,2.30769230769231,20.1728608470181,609.747545582048,563.584554496465
"L13_2832",3736,10930,2.56175663311985,18.4720951509607,596.774193548387,571.479596746954
"L13_2833",3289,8997,2.41191508280538,17.9393131043681,583.800841514726,579.374638997443
"L13_2834",3457,9683,2.54053495817412,15.8318702881338,570.827489481066,587.269681247933
"L13_2835",3953,11508,2.41571080987139,14.8505387556482,557.854137447405,595.164723498422
"L13_2836",3739,10730,2.33923578751165,16.8406337371855,544.880785413745,603.059765748911
"L13_2837",4379,13764,2.4120895088637,17.0154024992735,531.907433380084,610.9548079994
"L13_2838",4016,12484,2.78756808715155,16.1646908042294,518.934081346424,618.84985024989
"L13_2839",3372,9442,2.1393772505825,16.5325142978183,505.960729312763,626.744892500379
"L13_2840",3284,8832,2.34375,16.508152173913,492.987377279102,634.639934750868
"L13_2841",3277,8986,2.31471177387047,17.1155130202537,480.014025245442,642.534977001358
"L13_2842",3302,9115,2.44651673066374,15.6774547449259,467.040673211781,650.430019251847
"L13_2843",3346,9552,2.36599664991625,15.8291457286432,454.067321178121,658.325061502336
"L13_2844",3322,9219,2.00672524134939,16.2707452001302,441.09396914446,666.220103752825
"L13_2845",3442,10395,2.48196248196248,16.4694564694565,428.120617110799,674.115146003315
"L13_2846",4688,16372,1.7896408502321,18.0735401905693,415.147265077139,682.010188253804
"L13_2847",4636,14893,2.20237695561673,16.8871281810246,402.173913043478,689.905230504293
"L13_2848",3399,9619,2.38070485497453,15.0847281422185,389.200561009818,697.800272754783
"L13_2849",3340,9756,2.30627306273063,16.4616646166462,376.227208976157,705.695315005272
"L13_2850",3076,8517,2.3482446870964,17.3770106845133,363.253856942496,713.590357255761
"L13_2851",3056,8617,2.47185795520483,17.0825113148428,350.280504908836,721.48539950625
"L13_2852",3268,9346,2.87823667879307,16.6702332548684,337.307152875175,729.38044175674
"L13_2853",2901,7803,3.37049852620787,15.840061514802,324.333800841515,737.275484007229
"L13_2854",3145,8650,2.7514450867052,17.9768786127168,311.360448807854,745.170526257718
"L13_2855",3578,10073,2.51166484661968,16.7378139581058,298.387096774194,753.065568508207
"L13_2856",4150,13244,1.85744488070069,18.2346723044397,285.413744740533,760.960610758697
"L13_2857",3607,10830,2.5207756232687,17.5346260387812,272.440392706872,768.855653009186
"L13_2858",3059,8555,2.1624780829924,20.9234365867914,259.467040673212,776.750695259675
"L13_2859",1524,3268,3.0905752753978,19.4614443084455,246.493688639551,784.645737510165
"L13_2860",1159,2233,2.77653381101657,18.1370353784147,233.520336605891,792.540779760654
"L13_2861",812,1426,2.31416549789621,19.4249649368864,220.54698457223,800.435822011143
"L13_2862",643,1067,2.71790065604499,21.1808809746954,207.573632538569,808.330864261632
"L13_2863",650,1045,3.15789473684211,16.7464114832536,194.600280504909,816.225906512122
"L13_2864",840,1502,1.53129161118509,17.5099866844208,181.626928471248,824.120948762611
"L13_2865",946,1707,3.10486233157586,15.9929701230228,168.653576437588,832.0159910131
"L13_2866",1006,1838,3.86289445048966,15.8324265505985,155.680224403927,839.911033263589
"L13_2867",1002,1812,2.70419426048565,17.6048565121413,142.706872370266,847.806075514079
"L13_2868",1321,2686,4.57930007446016,16.2323157110946,129.733520336606,855.701117764568
"L13_2869",2514,6049,3.38898991568854,14.13456769714,116.760168302945,863.596160015057
"L13_2870",3240,9132,3.14279456855015,14.5641699518178,103.786816269285,871.491202265546
"L13_2871",3295,9396,3.16091954022989,15.5278842060451,90.8134642356241,879.386244516036
"L13_2872",2211,5231,4.37774804052762,16.1154654941694,77.8401122019635,887.281286766525
"L13_2880",980,1731,2.88850375505488,10.4563835932987,807.50350631136,12.1462188469066
"L13_2881",955,1787,3.46950195858981,16.3961947397874,807.854137447405,27.3289924055398
"L13_2883",1499,3097,2.13109460768486,19.6964804649661,808.555399719495,57.6945395228062
"L13_2884",1361,2531,1.97550375345713,11.8925325958119,808.90603085554,72.8773130814394
"L13_2885",1120,2067,3.096274794388,11.2723754233188,809.256661991585,88.0600866400726
"L13_2886",1153,2080,3.46153846153846,10.7692307692308,809.60729312763,103.242860198706
"L13_2887",1487,2983,3.55346966141468,15.420717398592,809.957924263675,118.425633757339
"L13_2888",1655,3392,3.65566037735849,14.5047169811321,810.308555399719,133.608407315972
"L13_2889",1796,3870,3.17829457364341,12.5839793281654,810.659186535764,148.791180874605
"L13_2890",1264,2487,3.17651789304383,15.1186168073985,811.009817671809,163.973954433239
"L13_2891",2106,4885,2.94779938587513,17.0726714431934,811.360448807854,179.156727991872
"L13_2892",3850,11524,2.62929538354738,16.1922943422423,811.711079943899,194.339501550505
"L13_2893",3933,11585,2.87440656020716,17.2291756581787,812.061711079944,209.522275109138
"L13_2894",3865,11219,2.33532400392192,14.4932703449505,812.412342215989,224.705048667772
"L13_2895",3034,7975,3.10971786833856,15.1097178683386,812.762973352034,239.887822226405
"L13_2896",3547,10115,2.81759762728621,14.7800296589224,813.113604488079,255.070595785038
"L13_2897",3314,8978,2.39474270438851,15.6382267765649,813.464235624123,270.253369343671
"L13_2898",2744,6867,2.89791757681666,14.3585262851318,813.814866760168,285.436142902304
"L13_2899",3152,8573,2.84614487343987,16.167036043392,814.165497896213,300.618916460938
"L13_2900",3658,10694,2.66504582008603,16.7570600336637,814.516129032258,315.801690019571
"L13_2901",3036,8153,2.55120814424138,17.0366736170735,814.866760168303,330.984463578204
"L13_2902",3179,8413,2.35350053488649,15.2620943777487,815.217391304348,346.167237136837
"L13_2903",3034,7764,2.88511076764554,15.5074703760948,815.568022440393,361.35001069547
"L13_2904",2165,5201,3.82618727167852,16.9198231109402,815.918653576438,376.532784254104
"L13_2905",2460,6205,3.06204673650282,14.3432715551974,816.269284712482,391.715557812737
"L13_2906",3318,9434,2.93618825524698,15.0201399194403,816.619915848527,406.89833137137
"L13_2907",3610,9985,2.40360540811217,15.6234351527291,816.970546984572,422.081104930003
"L13_2908",3026,7996,2.76388194097049,14.3696848424212,817.321178120617,437.263878488637
"L13_2909",3601,10136,2.88082083662194,15.7063930544594,817.671809256662,452.44665204727
"L13_2910",2753,6912,2.83564814814815,14.3373842592593,804.698457223001,460.341694297759
"L13_2911",3308,9186,2.75419116046157,13.8907032440671,791.725105189341,468.236736548248
"L13_2912",2852,7878,3.03376491495303,15.4353896928154,778.75175315568,476.131778798738
"L13_2913",3236,8908,2.49214189492591,17.175572519084,765.77840112202,484.026821049227
"L13_2914",3691,11059,2.26060222443259,19.1699068631884,752.805049088359,491.921863299716
"L13_2915",2557,6360,3.08176100628931,16.4779874213836,739.831697054698,499.816905550205
"L13_2916",2717,7079,3.33380420963413,14.846729764091,726.858345021038,507.711947800695
"L13_2917",4140,13111,2.47883456639463,16.7187857524216,713.884992987377,515.606990051184
"L13_2918",4347,13554,2.4199498303084,15.8550981260145,700.911640953717,523.502032301673
"L13_2919",3473,10050,2.70646766169154,16.3980099502488,687.938288920056,531.397074552163
"L13_2920",3688,10999,2.79116283298482,16.1014637694336,674.964936886396,539.292116802652
"L13_2921",3803,10964,2.53557095950383,16.891645384896,661.991584852735,547.187159053141
"L13_2922",3682,10766,2.32212520899127,14.9266208433959,649.018232819074,555.08220130363
"L13_2923",3455,9823,2.48396620177135,16.8889341341749,636.044880785414,562.97724355412
"L13_2924",3274,9019,2.28406696973057,15.7334516021732,623.071528751753,570.872285804609
"L13_2925",3462,9870,2.90780141843972,15.9878419452888,610.098176718093,578.767328055098
"L13_2926",3057,8268,3.01161103047895,16.2675374939526,597.124824684432,586.662370305587
"L13_2927",2926,7745,3.06003873466753,15.4422207876049,584.151472650771,594.557412556077
"L13_2928",3311,9087,3.05931550566744,17.1453725101794,571.178120617111,602.452454806566
"L13_2929",3668,10525,2.69833729216152,15.8479809976247,558.20476858345,610.347497057055
"L13_2930",4035,12284,2.5805926408336,17.193096711169,545.23141654979,618.242539307544
"L13_2931",4363,14243,1.95885698237731,17.8122586533736,532.258064516129,626.137581558034
"L13_2932",3914,11714,2.49274372545672,16.9626088441181,519.284712482468,634.032623808523
"L13_2933",3592,10243,2.41140290930391,16.5381235966026,506.311360448808,641.927666059012
"L13_2934",3104,8773,2.41650518636726,16.5165849766328,493.338008415147,649.822708309502
"L13_2935",3229,9664,2.35927152317881,18.2326158940397,480.364656381487,657.717750559991
"L13_2936",3233,8926,2.50952274254985,16.1774591082232,467.391304347826,665.61279281048
"L13_2937",2900,7956,2.38813474107592,17.0060331825038,454.417952314166,673.507835060969
"L13_2938",3817,11616,2.16942148760331,18.775826446281,441.444600280505,681.402877311459
"L13_2939",4951,18237,1.91917530295553,20.1019904589571,428.471248246844,689.297919561948
"L13_2940",5052,17969,1.50815293004619,19.4279036117758,415.497896213184,697.192961812437
"L13_2941",3772,11583,3.04756971423638,16.8781835448502,402.524544179523,705.088004062926
"L13_2942",4016,12385,2.48687928946306,17.2466693580945,389.551192145863,712.983046313416
"L13_2943",3512,10263,2.30926629640456,19.5751729513787,376.577840112202,720.878088563905
"L13_2944",2938,8125,2.84307692307692,17.1569230769231,363.604488078541,728.773130814394
"L13_2945",3404,9603,2.74914089347079,15.807560137457,350.631136044881,736.668173064884
"L13_2946",3517,9914,2.41073229776074,16.1287068791608,337.65778401122,744.563215315373
"L13_2947",3899,11875,2.45052631578947,17.9284210526316,324.68443197756,752.458257565862
"L13_2948",3556,10356,2.2209347238316,16.7728852838934,311.711079943899,760.353299816351
"L13_2949",4211,13178,1.8971012293216,16.8159052967066,298.737727910238,768.248342066841
"L13_2950",3770,11863,2.20854758492793,17.3059091292253,285.764375876578,776.14338431733
"L13_2951",3614,10665,2.33473980309423,19.4655414908579,272.791023842917,784.038426567819
"L13_2952",2038,4879,3.09489649518344,20.2705472432876,259.817671809257,791.933468818308
"L13_2953",1421,3084,3.04798962386511,19.6822308690013,246.844319775596,799.828511068798
"L13_2954",1080,2079,2.5974025974026,20.2020202020202,233.870967741935,807.723553319287
"L13_2955",975,1787,2.57414661443761,18.2988248461108,220.897615708275,815.618595569776
"L13_2956",793,1375,2.47272727272727,18.1818181818182,207.924263674614,823.513637820266
"L13_2957",877,1583,2.65319014529375,17.1825647504738,194.950911640954,831.408680070755
"L13_2958",1051,1962,1.93679918450561,17.2782874617737,181.977559607293,839.303722321244
"L13_2959",1000,1768,2.20588235294118,15.7239819004525,169.004207573633,847.198764571733
"L13_2960",945,1681,3.50981558596074,16.1213563355146,156.030855539972,855.093806822223
"L13_2961",1422,2927,3.45063204646396,15.4424325247694,143.057503506311,862.988849072712
"L13_2962",2631,6767,3.96039603960396,16.7282399881779,130.084151472651,870.883891323201
"L13_2963",2908,7509,3.40924224264216,13.9033160207751,117.11079943899,878.77893357369
"L13_2964",2810,7744,3.40909090909091,14.8760330578512,104.13744740533,886.67397582418
"L13_2973",773,1304,3.37423312883436,12.5,820.476858345021,4.2511765964173
"L13_2974",827,1380,2.68115942028985,15.5797101449275,820.827489481066,19.4339501550505
"L13_2975",1373,2850,2,18.6666666666667,821.178120617111,34.6167237136837
"L13_2976",1044,1907,2.2024121657053,16.9900367068694,821.528751753156,49.7994972723169
"L13_2977",1131,2081,2.11436809226333,13.2148005766458,821.879382889201,64.9822708309502
"L13_2978",1089,1943,3.44827586206897,11.5800308800823,822.230014025245,80.1650443895834
"L13_2979",821,1391,2.30050323508267,12.724658519051,822.58064516129,95.3478179482166
"L13_2980",875,1439,2.98818624044475,11.4662960389159,822.931276297335,110.53059150685
"L13_2981",1059,1818,3.46534653465347,12.7062706270627,823.28190743338,125.713365065483
"L13_2982",1173,2210,2.94117647058824,13.3031674208145,823.632538569425,140.896138624116
"L13_2983",1274,2470,3.15789473684211,13.1174089068826,823.98316970547,156.078912182749
"L13_2984",1155,2065,2.6634382566586,14.4794188861985,824.333800841515,171.261685741383
"L13_2985",3068,8355,2.54937163375224,17.115499700778,824.68443197756,186.444459300016
"L13_2986",4032,11923,2.5496938689927,17.1517235595068,825.035063113604,201.627232858649
"L13_2987",3424,9773,2.8445717793922,16.4841911388519,825.385694249649,216.810006417282
"L13_2988",2628,6444,2.54500310366232,15.626939788951,825.736325385694,231.992779975916
"L13_2989",3181,8528,2.73217636022514,14.3878986866792,826.086956521739,247.175553534549
"L13_2990",3291,8574,2.70585491019361,14.952181012363,826.437587657784,262.358327093182
"L13_2991",2401,5787,3.47330222913427,15.673060307586,826.788218793829,277.541100651815
"L13_2992",3498,10116,2.33293792012653,16.6073546856465,827.138849929874,292.723874210448
"L13_2993",2780,7471,2.89117922634186,17.4273858921162,827.489481065919,307.906647769082
"L13_2994",2766,7101,2.49260667511618,15.9273341782847,827.840112201964,323.089421327715
"L13_2995",3012,7965,2.43565599497803,14.8650345260515,828.190743338008,338.272194886348
"L13_2996",3140,8371,2.65201290168439,16.8080277147294,828.541374474053,353.454968444981
"L13_2997",2679,6498,3.24715297014466,14.896891351185,828.892005610098,368.637742003615
"L13_2998",2680,6892,3.20661636680209,14.103308183401,829.242636746143,383.820515562248
"L13_2999",2789,7022,2.63457704357733,17.0606664767872,829.593267882188,399.003289120881
"L13_3000",3186,8455,2.72028385570668,16.9603784742756,829.943899018233,414.186062679514
"L13_3001",2546,6171,2.86825473991249,15.2001296386323,830.294530154278,429.368836238147
"L13_3002",2712,6996,3.5305889079474,16.0091480846198,830.645161290323,444.55160979678
"L13_3003",2573,6347,2.97778478021112,16.0863400031511,830.995792426367,459.734383355414
"L13_3004",2937,7428,3.55411954765751,14.7415185783522,818.022440392707,467.629425605903
"L13_3005",3161,8618,3.17939197029473,14.4581109306104,805.049088359046,475.524467856392
"L13_3006",3374,9438,2.48993430811613,14.9396058486968,792.075736325386,483.419510106882
"L13_3007",2956,7621,2.86051699252067,14.9193019288807,779.102384291725,491.314552357371
"L13_3008",2806,7346,2.65450585352573,17.5061257827389,766.129032258065,499.20959460786
"L13_3009",2721,7490,2.80373831775701,17.8771695594126,753.155680224404,507.104636858349
"L13_3010",2621,6526,2.8654612319951,16.5032178976402,740.182328190743,514.999679108839
"L13_3011",3294,9442,2.93370048718492,16.9349714043635,727.208976157083,522.894721359328
"L13_3012",3937,11743,2.31627352465298,16.6311845354679,714.235624123422,530.789763609817
"L13_3013",3900,12229,2.59219887153488,16.6898356366015,701.262272089761,538.684805860306
"L13_3014",3823,11276,2.74920184462575,16.1848173111032,688.288920056101,546.579848110796
"L13_3015",3736,11184,2.4052217453505,16.0497138769671,675.31556802244,554.474890361285
"L13_3016",3419,9857,2.49568834330932,17.2770619864056,662.34221598878,562.369932611774
"L13_3017",3061,8190,2.57631257631258,17.5457875457875,649.368863955119,570.264974862264
"L13_3018",3694,11036,2.48278361725263,17.3794853207684,636.395511921459,578.160017112753
"L13_3019",2953,7753,2.87630594608539,16.2001805752612,623.422159887798,586.055059363242
"L13_3020",2777,7143,3.10793784124317,16.5476690466191,610.448807854137,593.950101613731
"L13_3021",2939,7448,2.49731471535983,14.8361976369495,597.475455820477,601.845143864221
"L13_3022",2957,7513,2.64874218022095,16.2784506854785,584.502103786816,609.74018611471
"L13_3023",3349,9180,2.94117647058824,15.5119825708061,571.528751753156,617.635228365199
"L13_3024",3775,11670,2.9305912596401,17.0694087403599,558.555399719495,625.530270615688
"L13_3025",3288,9208,2.62814943527368,17.4087749782798,545.582047685834,633.425312866178
"L13_3026",3701,10501,2.34263403485382,15.8270640891344,532.608695652174,641.320355116667
"L13_3027",3189,8659,2.92181545213073,16.6069984986719,519.635343618513,649.215397367156
"L13_3028",2780,7390,3.09878213802436,15.3991880920162,506.661991584853,657.110439617646
"L13_3029",3023,8197,2.33012077589362,15.7252653409784,493.688639551192,665.005481868135
"L13_3030",2828,7822,2.51853745845052,18.5758118128356,480.715287517532,672.900524118624
"L13_3031",3398,9814,3.10780517627879,19.2378235174241,467.741935483871,680.795566369113
"L13_3032",3633,11259,2.30038191668887,19.1402433608669,454.76858345021,688.690608619603
"L13_3033",3770,11584,2.39986187845304,18.646408839779,441.79523141655,696.585650870092
"L13_3034",4128,12902,1.96093628894745,18.1987288792435,428.821879382889,704.480693120581
"L13_3035",5184,18695,1.81331906926986,19.1815993581171,415.848527349229,712.37573537107
"L13_3036",3902,11507,2.06830624837056,17.4589380377162,402.875175315568,720.27077762156
"L13_3037",4419,15084,1.75682842747282,21.9504110315566,389.901823281907,728.165819872049
"L13_3038",2998,8185,2.57788637751985,18.045204642639,376.928471248247,736.060862122538
"L13_3039",3388,9371,2.24095614128695,14.5128588197631,363.955119214586,743.955904373027
"L13_3040",3317,9251,2.72402983461247,15.1226894389796,350.981767180926,751.850946623517
"L13_3041",3615,9968,2.4177367576244,15.5397271268058,338.008415147265,759.745988874006
"L13_3042",2724,7308,2.99671592775041,16.0645867542419,325.035063113604,767.641031124495
"L13_3043",3932,12058,2.21429756178471,15.7157074141649,312.061711079944,775.536073374985
"L13_3044",3654,10866,2.08908521995214,16.3629670531934,299.088359046283,783.431115625474
"L13_3045",3607,10208,2.01802507836991,18.407131661442,286.115007012623,791.326157875963
"L13_3046",2297,5562,1.97770586120101,18.8601222581805,273.141654978962,799.221200126452
"L13_3047",1725,3929,2.31611096971239,20.0305421226775,260.168302945302,807.116242376942
"L13_3048",1305,2636,1.93474962063733,20.3338391502276,247.194950911641,815.011284627431
"L13_3049",1034,1955,2.14833759590793,20,234.22159887798,822.90632687792
"L13_3050",1116,2155,2.45939675174014,19.0255220417633,221.24824684432,830.801369128409
"L13_3051",1129,2083,2.35237638022084,18.1949111857897,208.274894810659,838.696411378899
"L13_3052",863,1472,2.51358695652174,15.2173913043478,195.301542776999,846.591453629388
"L13_3053",1049,1884,2.65392781316348,15.7643312101911,182.328190743338,854.486495879877
"L13_3054",960,1757,2.21969265793967,17.5298804780877,169.354838709677,862.381538130367
"L13_3055",1030,1825,2.63013698630137,15.9452054794521,156.381486676017,870.276580380856
"L13_3056",2008,4721,3.91866130057191,19.3814869730989,143.408134642356,878.171622631345
"L13_3057",3091,8587,3.31897053685804,18.5512984744381,130.434782608696,886.066664881834
"L13_3058",2618,6664,3.49639855942377,14.8859543817527,117.461430575035,893.961707132324
"L13_3059",1357,2755,5.80762250453721,15.3539019963702,104.488078541374,901.856749382813
"L13_3069",832,1375,2.83636363636364,12.2909090909091,833.800841514726,11.5389079045612
"L13_3070",813,1380,3.40579710144928,15.2173913043478,834.151472650771,26.7216814631945
"L13_3071",914,1470,2.17687074829932,12.3809523809524,834.502103786816,41.9044550218277
"L13_3072",883,1475,1.89830508474576,12.4745762711864,834.852734922861,57.0872285804609
"L13_3073",1041,1831,2.18459858001092,11.6329874385582,835.203366058906,72.2700021390941
"L13_3074",721,1155,1.55844155844156,12.2077922077922,835.553997194951,87.4527756977273
"L13_3075",705,1149,2.69799825935596,11.5752828546562,835.904628330996,102.635549256361
"L13_3076",902,1498,2.93724966622163,13.3511348464619,836.255259467041,117.818322814994
"L13_3077",881,1495,2.54180602006689,11.1036789297659,836.605890603086,133.001096373627
"L13_3078",1301,2448,2.24673202614379,10.3758169934641,836.95652173913,148.18386993226
"L13_3079",1796,3742,3.23356493853554,16.2212720470337,837.307152875175,163.366643490893
"L13_3080",2682,6702,3.16323485526708,16.4130110414802,837.65778401122,178.549417049527
"L13_3081",3188,8417,2.75632648211952,14.9697041701319,838.008415147265,193.73219060816
"L13_3082",3096,8021,2.94227652412417,14.2999625981798,838.35904628331,208.914964166793
"L13_3083",2142,4846,2.76516714816343,14.9814279818407,838.709677419355,224.097737725426
"L13_3084",2391,5682,2.95670538542767,15.1003167898627,839.0603085554,239.280511284059
"L13_3085",2427,5575,2.45739910313901,14.3677130044843,839.410939691445,254.463284842693
"L13_3086",2145,4760,3.04621848739496,14.9789915966387,839.761570827489,269.646058401326
"L13_3087",2573,6198,2.54920942239432,16.5375927718619,840.112201963534,284.828831959959
"L13_3088",2953,7546,2.1203286509409,14.2724622316459,840.462833099579,300.011605518592
"L13_3089",2651,6653,2.49511498572073,15.2111829249962,840.813464235624,315.194379077226
"L13_3090",2903,7732,3.12984997413347,14.4076564924987,841.164095371669,330.377152635859
"L13_3091",2873,7313,2.59811294954191,16.7236428278408,841.514726507714,345.559926194492
"L13_3092",3047,8084,2.57298367144978,16.4027709054923,841.865357643759,360.742699753125
"L13_3093",2847,6954,2.94794362956572,15.5593902789761,842.215988779804,375.925473311758
"L13_3094",3134,8815,2.16676120249575,20.4083947816222,842.566619915848,391.108246870392
"L13_3095",3267,9187,2.65592685316208,19.527593338413,842.917251051893,406.291020429025
"L13_3096",3217,8763,2.71596485221956,15.9420289855072,843.267882187938,421.473793987658
"L13_3097",2772,7192,3.15628476084538,13.9738598442714,843.618513323983,436.656567546291
"L13_3098",2756,6919,3.36753866165631,15.1177915883798,843.969144460028,451.839341104924
"L13_3099",2588,6616,3.03808948004837,16.2333736396614,844.319775596073,467.022114663558
"L13_3100",2339,5750,3.44347826086957,16.295652173913,831.346423562412,474.917156914047
"L13_3101",2489,5963,4.00804963944323,16.3843702834144,818.373071528752,482.812199164536
"L13_3102",2737,6981,2.82194528004584,15.2270448359834,805.399719495091,490.707241415026
"L13_3103",3188,8423,2.42193992639202,17.9983378843642,792.426367461431,498.602283665515
"L13_3104",2739,7371,2.84900284900285,18.8983855650522,779.45301542777,506.497325916004
"L13_3105",2780,7192,2.58620689655172,15.6979977753059,766.479663394109,514.392368166493
"L13_3106",2722,7235,3.13752591568763,16.0608154803041,753.506311360449,522.287410416983
"L13_3107",2400,6165,3.69829683698297,16.7396593673966,740.532959326788,530.182452667472
"L13_3108",3170,8169,2.42379728240911,14.8733015056923,727.559607293128,538.077494917961
"L13_3109",3400,9690,2.77605779153767,14.6336429308566,714.586255259467,545.97253716845
"L13_3110",3923,11685,2.01112537441164,16.2344886606761,701.612903225806,553.86757941894
"L13_3111",3272,8998,2.7783951989331,15.8924205378973,688.639551192146,561.762621669429
"L13_3112",3016,8297,2.36229962637098,16.3673616969989,675.666199158485,569.657663919918
"L13_3113",3253,9056,2.53975265017668,16.3537985865724,662.692847124825,577.552706170407
"L13_3114",3049,7985,2.93049467752035,15.4539762053851,649.719495091164,585.447748420897
"L13_3115",3208,8870,3.14543404735062,15.0394588500564,636.746143057503,593.342790671386
"L13_3116",3314,9587,3.03536038385313,15.5001564618755,623.772791023843,601.237832921875
"L13_3117",3200,8521,2.89872080741697,14.0593827015608,610.799438990182,609.132875172364
"L13_3118",2894,7214,2.49514832270585,15.8441918491821,597.826086956522,617.027917422854
"L13_3119",2871,7409,2.51046025104602,16.3854771224187,584.852734922861,624.922959673343
"L13_3120",3476,10005,2.69865067466267,17.2913543228386,571.879382889201,632.818001923832
"L13_3121",3738,11139,2.4957357033845,15.9350031421133,558.90603085554,640.713044174322
"L13_3122",3627,10437,2.51029989460573,16.1923924499377,545.932678821879,648.608086424811
"L13_3123",3508,9934,2.67767263942017,16.5089591302597,532.959326788219,656.5031286753
"L13_3124",2660,6984,2.5057273768614,17.6260022909507,519.985974754558,664.398170925789
"L13_3125",2765,7476,2.92937399678973,16.0112359550562,507.012622720898,672.293213176279
"L13_3126",2914,7748,2.77490965410429,15.9654104284977,494.039270687237,680.188255426768
"L13_3127",3363,9937,2.61648384824394,19.200966086344,481.065918653576,688.083297677257
"L13_3128",3586,10354,2.46281630287811,15.6654433069345,468.092566619916,695.978339927747
"L13_3129",3651,10846,1.71491794209847,21.4917942098469,455.119214586255,703.873382178236
"L13_3130",3761,11075,1.8058690744921,19.4401805869074,442.145862552595,711.768424428725
"L13_3131",4293,13863,2.25780855514679,17.7450768231984,429.172510518934,719.663466679214
"L13_3132",4098,12827,2.03477040617448,19.7240196460591,416.199158485273,727.558508929704
"L13_3133",4036,12516,2.43688079258549,14.8689677213167,403.225806451613,735.453551180193
"L13_3134",2777,7327,2.90705609389928,18.6843182748738,390.252454417952,743.348593430682
"L13_3135",2748,6815,3.22817314746882,16.0968451944241,377.279102384292,751.243635681171
"L13_3136",4036,12906,2.40198357353169,17.7591817759182,364.305750350631,759.138677931661
"L13_3137",3716,10805,2.7302174919019,16.2887552059232,351.332398316971,767.03372018215
"L13_3138",3097,8473,3.25740587749321,14.5048979110114,338.35904628331,774.928762432639
"L13_3139",3140,8527,3.10777530198194,15.0580508971502,325.385694249649,782.823804683129
"L13_3140",3810,11490,2.69799825935596,17.6327241079199,312.412342215989,790.718846933618
"L13_3141",3919,11637,2.15691329380425,18.6130445991235,299.438990182328,798.613889184107
"L13_3142",2131,4894,2.47241520228852,17.9199019207192,286.465638148668,806.508931434596
"L13_3143",1701,3815,2.83093053735256,19.1349934469201,273.492286115007,814.403973685086
"L13_3144",1255,2477,1.73597093257973,17.1982236576504,260.518934081346,822.299015935575
"L13_3145",1395,2946,2.74949083503055,19.1785471826205,247.545582047686,830.194058186064
"L13_3146",1234,2500,2.24,21.92,234.572230014025,838.089100436553
"L13_3147",1075,2126,3.01034807149577,16.5098777046096,221.598877980365,845.984142687043
"L13_3148",867,1560,3.2051282051282,19.9358974358974,208.625525946704,853.879184937532
"L13_3149",953,1753,2.85225328009127,13.9760410724472,195.652173913043,861.774227188021
"L13_3150",972,1684,2.25653206650831,16.0332541567696,182.678821879383,869.66926943851
"L13_3151",1059,1959,2.80755487493619,14.9055640632976,169.705469845722,877.564311689
"L13_3152",1777,3784,3.64693446088795,15.169133192389,156.732117812062,885.459353939489
"L13_3153",2950,8326,3.13475858755705,17.3672832092241,143.758765778401,893.354396189978
"L13_3154",3969,12304,2.83647594278283,17.5877763328999,130.785413744741,901.249438440468
"L13_3155",2891,7900,3.26582278481013,17.5063291139241,117.81206171108,909.144480690957
"L13_3165",760,1215,2.71604938271605,13.2510288065844,846.774193548387,3.64386565407197
"L13_3166",1032,1812,1.49006622516556,13.2450331125828,847.124824684432,18.8266392127052
"L13_3167",992,1749,3.08747855917667,9.3767867352773,847.475455820477,34.0094127713384
"L13_3168",947,1511,2.38252812706817,9.86101919258769,847.826086956522,49.1921863299716
"L13_3169",807,1348,2.44807121661721,12.6854599406528,848.176718092567,64.3749598886048
"L13_3170",721,1205,1.6597510373444,13.6929460580913,848.527349228611,79.557733447238
"L13_3171",641,1007,2.8798411122145,11.2214498510427,848.877980364656,94.7405070058712
"L13_3172",703,1138,3.16344463971881,13.0931458699473,849.228611500701,109.923280564504
"L13_3173",773,1284,1.94704049844237,11.5264797507788,849.579242636746,125.106054123138
"L13_3174",832,1346,3.04606240713224,11.4413075780089,849.929873772791,140.288827681771
"L13_3175",1205,2118,2.40793201133144,13.4560906515581,850.280504908836,155.471601240404
"L13_3176",2340,5286,2.59175179720015,14.9073023079834,850.631136044881,170.654374799037
"L13_3177",2182,5002,3.51859256297481,14.6941223510596,850.981767180926,185.837148357671
"L13_3178",1805,3796,3.0031612223393,12.9610115911486,851.332398316971,201.019921916304
"L13_3179",1686,3369,2.87919263876521,14.544375185515,851.683029453015,216.202695474937
"L13_3180",2787,6944,2.69297235023042,17.9291474654378,852.03366058906,231.38546903357
"L13_3181",2977,7521,2.44648318042813,15.6495146921952,852.384291725105,246.568242592203
"L13_3182",2132,4518,3.2315183709606,15.55998229305,852.73492286115,261.751016150837
"L13_3183",1977,4123,3.49260247392675,14.3827310211011,853.085553997195,276.93378970947
"L13_3184",2473,6023,3.45342852399137,15.191764901212,853.43618513324,292.116563268103
"L13_3185",2481,5819,2.69805808558172,14.263619178553,853.786816269285,307.299336826736
"L13_3186",2545,6284,2.4506683640993,18.3163590070019,854.13744740533,322.482110385369
"L13_3187",2842,7297,3.19309305193915,15.8147183774154,854.488078541374,337.664883944003
"L13_3188",3270,9027,2.65869059488202,14.8775894538606,854.838709677419,352.847657502636
"L13_3189",3123,8581,3.07656450297168,13.7163500757487,855.189340813464,368.030431061269
"L13_3190",2828,7098,3.19808396731474,14.4970414201183,855.539971949509,383.213204619902
"L13_3191",3073,8747,3.01817766091231,16.6685720818566,855.890603085554,398.395978178536
"L13_3192",3515,10078,2.95693589998015,16.2730700535821,856.241234221599,413.578751737169
"L13_3193",3272,8684,2.77521879318286,16.6743436204514,856.591865357644,428.761525295802
"L13_3194",3206,8468,3.47189418989136,14.6433632498819,856.942496493689,443.944298854435
"L13_3195",2969,7487,2.29731534660077,15.5603045278483,857.293127629733,459.127072413068
"L13_3196",2766,7375,2.65762711864407,15.3627118644068,857.643758765778,474.309845971702
"L13_3197",2703,6577,2.87365060057777,13.3039379656378,844.670406732118,482.204888222191
"L13_3198",2177,5005,3.4965034965035,15.4245754245754,831.697054698457,490.09993047268
"L13_3199",2904,7686,2.9143897996357,17.0439760603695,818.723702664797,497.994972723169
"L13_3200",2908,7627,2.76648747869411,17.2544906254097,805.750350631136,505.890014973659
"L13_3201",3304,9366,2.66922912662823,17.777065983344,792.776998597475,513.785057224148
"L13_3202",2659,6486,3.16065371569534,15.7107616404564,779.803646563815,521.680099474637
"L13_3203",2846,7644,3.2967032967033,15.4500261643119,766.830294530154,529.575141725127
"L13_3204",3127,8514,3.10077519379845,16.6901573878318,753.856942496494,537.470183975616
"L13_3205",2462,6077,3.14299818989633,17.0972519335198,740.883590462833,545.365226226105
"L13_3206",3239,8584,2.31826654240447,15.5405405405405,727.910238429173,553.260268476594
"L13_3207",3484,9884,2.66086604613517,15.9955483609875,714.936886395512,561.155310727084
"L13_3208",3189,8730,2.87514318442153,17.6174112256586,701.963534361851,569.050352977573
"L13_3209",3449,9723,2.83863005245295,15.3039185436594,688.990182328191,576.945395228062
"L13_3210",3234,8705,1.92992533026996,14.3365881677197,676.01683029453,584.840437478551
"L13_3211",3460,9529,2.30874173575401,14.9543498793158,663.04347826087,592.735479729041
"L13_3212",3457,10080,3.07539682539683,16.468253968254,650.070126227209,600.63052197953
"L13_3213",3089,8186,2.66308331297337,15.3554849743464,637.096774193548,608.525564230019
"L13_3214",3219,8522,3.10959868575452,16.6040835484628,624.123422159888,616.420606480508
"L13_3215",2648,6625,3.51698113207547,15.0943396226415,611.150070126227,624.315648730998
"L13_3216",2834,7132,2.88839035333707,14.301738642737,598.176718092567,632.210690981487
"L13_3217",3202,8720,2.77522935779817,15.8715596330275,585.203366058906,640.105733231976
"L13_3218",4135,12759,2.57857198840034,15.8006113331766,572.230014025245,648.000775482466
"L13_3219",4074,12879,2.48466495845951,16.033853560059,559.256661991585,655.895817732955
"L13_3220",4048,12549,2.17547214917523,18.5433102239222,546.283309957924,663.790859983444
"L13_3221",3663,10520,2.45247148288973,16.6539923954373,533.309957924264,671.685902233933
"L13_3222",2831,7693,2.33978941895229,17.6134147926687,520.336605890603,679.580944484423
"L13_3223",3629,11094,2.78528934559221,18.8029565530918,507.363253856942,687.475986734912
"L13_3224",3755,11151,1.92807819926464,17.639673571877,494.389901823282,695.371028985401
"L13_3225",3639,10682,2.6680396929414,16.1861074705111,481.416549789621,703.26607123589
"L13_3226",3389,9669,2.64763677732961,17.7060709483918,468.443197755961,711.16111348638
"L13_3227",3305,8895,1.95615514333895,19.6402473299607,455.4698457223,719.056155736869
"L13_3228",3587,10588,2.43672081601813,17.217604835663,442.49649368864,726.951197987358
"L13_3229",4002,12413,2.39265286393297,15.298477402723,429.523141654979,734.846240237848
"L13_3230",3104,8536,2.76476101218369,17.9943767572634,416.549789621318,742.741282488337
"L13_3231",2981,8222,2.4446606665045,16.5288251033812,403.576437587658,750.636324738826
"L13_3232",3228,9326,2.02659232253914,21.1559082135964,390.603085553997,758.531366989315
"L13_3233",4265,13664,2.59074941451991,19.4598946135831,377.629733520337,766.426409239805
"L13_3234",3856,11522,2.16976219406353,18.0003471619511,364.656381486676,774.321451490294
"L13_3235",3293,9110,3.33699231613611,15.0164654226125,351.683029453015,782.216493740783
"L13_3236",2867,7820,3.42710997442455,14.5012787723785,338.709677419355,790.111535991272
"L13_3237",3773,11245,2.87238772787906,16.425077812361,325.736325385694,798.006578241762
"L13_3238",3680,10449,2.2585893386927,17.4466456120203,312.762973352034,805.901620492251
"L13_3239",2340,5705,2.8396143733567,20,299.789621318373,813.79666274274
"L13_3240",1852,4191,2.21904080171797,19.4941541398234,286.816269284712,821.69170499323
"L13_3241",1329,2732,2.48901903367496,19.0702781844802,273.842917251052,829.586747243719
"L13_3242",1346,2918,2.46744345442084,19.8080877313228,260.869565217391,837.481789494208
"L13_3243",1319,2700,2.33333333333333,19.3333333333333,247.896213183731,845.376831744697
"L13_3244",1099,2053,2.77642474427667,17.2430589381393,234.92286115007,853.271873995187
"L13_3245",993,1764,2.72108843537415,16.0997732426304,221.94950911641,861.166916245676
"L13_3246",933,1777,3.71412492965672,17.7827799662352,208.976157082749,869.061958496165
"L13_3247",961,1687,2.4303497332543,16.4789567279194,196.002805049088,876.957000746654
"L13_3248",1385,2603,2.8428736073761,17.1724932769881,183.029453015428,884.852042997144
"L13_3249",2219,4851,3.07153164296021,15.1721294578437,170.056100981767,892.747085247633
"L13_3264",985,1650,2.36363636363636,12.4242424242424,860.098176718093,10.9315969622159
"L13_3265",1160,1950,2.30769230769231,10.3076923076923,860.448807854137,26.1143705208491
"L13_3266",1096,1909,2.61917234154007,11.6291251964379,860.799438990182,41.2971440794823
"L13_3267",917,1486,2.01884253028264,11.0363391655451,861.150070126227,56.4799176381156
"L13_3268",676,1134,2.02821869488536,16.0493827160494,861.500701262272,71.6626911967488
"L13_3269",693,1148,2.17770034843206,12.1951219512195,861.851332398317,86.845464755382
"L13_3270",773,1269,2.99448384554768,13.6327817178881,862.201963534362,102.028238314015
"L13_3271",945,1655,2.7190332326284,13.0513595166163,862.552594670407,117.211011872648
"L13_3272",715,1165,1.88841201716738,12.3605150214592,862.903225806452,132.393785431282
"L13_3273",1238,2269,2.99691494050242,14.5438519171441,863.253856942496,147.576558989915
"L13_3274",1539,3259,3.83553237189322,17.5820803927585,863.604488078541,162.759332548548
"L13_3275",1785,3555,1.71589310829817,12.3206751054852,863.955119214586,177.942106107181
"L13_3276",1453,2725,2.8256880733945,11.4495412844037,864.305750350631,193.124879665814
"L13_3277",1446,2829,1.76740897843761,15.411806291976,864.656381486676,208.307653224448
"L13_3278",2535,6050,3.10743801652893,17.0247933884298,865.007012622721,223.490426783081
"L13_3279",2604,6539,2.35510016822144,17.3268083804863,865.357643758766,238.673200341714
"L13_3280",2634,6413,3.08747855917667,15.2346795571495,865.708274894811,253.855973900347
"L13_3281",2660,6514,2.93214614676082,14.6760822843107,866.058906030855,269.038747458981
"L13_3282",2775,7039,2.59980110811195,13.7377468390396,866.4095371669,284.221521017614
"L13_3283",2741,6954,3.12050618349152,16.6379062410124,866.760168302945,299.404294576247
"L13_3284",2907,7514,2.54192174607399,16.7553899387809,867.11079943899,314.58706813488
"L13_3285",2160,5024,2.42834394904459,17.9140127388535,867.461430575035,329.769841693513
"L13_3286",2514,6167,2.99983784660289,15.2262039889736,867.81206171108,344.952615252147
"L13_3287",3065,8003,2.49906285143071,13.1075846557541,868.162692847125,360.13538881078
"L13_3288",2786,6602,2.83247500757346,14.7985458951833,868.51332398317,375.318162369413
"L13_3289",2571,6639,3.20831450519657,16.2373851483657,868.863955119215,390.500935928046
"L13_3290",3733,11833,2.6704977605003,19.082227668385,869.214586255259,405.68370948668
"L13_3291",3002,8033,2.15361633262791,15.8720278849745,869.565217391304,420.866483045313
"L13_3292",2894,7048,2.48297389330306,15.3518728717367,869.915848527349,436.049256603946
"L13_3293",2614,6070,2.8171334431631,14.1350906095552,870.266479663394,451.232030162579
"L13_3294",2656,6588,3.49119611414693,15.13357619915,870.617110799439,466.414803721212
"L13_3295",2493,6332,3.34807327858497,15.0347441566646,870.967741935484,481.597577279846
"L13_3296",3014,7941,2.58153884901146,14.1921672333459,857.994389901823,489.492619530335
"L13_3297",2763,7025,2.3202846975089,15.9857651245552,845.021037868163,497.387661780824
"L13_3298",2105,4779,2.80393387738021,14.2079933040385,832.047685834502,505.282704031313
"L13_3299",2941,7592,2.963645943098,15.7402528977871,819.074333800841,513.177746281803
"L13_3300",3172,8337,2.24301307424733,17.8961257046899,806.100981767181,521.072788532292
"L13_3301",2994,8066,3.19861145549219,17.0096702206794,793.12762973352,528.967830782781
"L13_3302",2780,7209,2.19170481342766,15.217089748925,780.15427769986,536.86287303327
"L13_3303",2984,8360,3.3133971291866,15.9808612440191,767.180925666199,544.75791528376
"L13_3304",3190,8640,2.8125,15.9259259259259,754.207573632539,552.652957534249
"L13_3305",3539,9536,2.3385067114094,15.9395973154362,741.234221598878,560.547999784738
"L13_3306",3650,10536,2.89483675018983,15.8409263477601,728.260869565217,568.443042035228
"L13_3307",3696,11688,3.3025325119781,18.7713894592745,715.287517531557,576.338084285717
"L13_3308",3526,10185,2.68041237113402,15.9941089837997,702.314165497896,584.233126536206
"L13_3309",4090,12355,2.37960339943343,15.0303520841764,689.340813464236,592.128168786695
"L13_3310",4196,12985,2.43357720446669,15.995379283789,676.367461430575,600.023211037185
"L13_3311",4029,12806,2.65500546618772,16.0237388724036,663.394109396914,607.918253287674
"L13_3312",3594,10221,3.17972801095783,16.4856667645045,650.420757363254,615.813295538163
"L13_3313",2993,8070,3.27137546468401,16.3568773234201,637.447405329593,623.708337788652
"L13_3314",2512,6067,2.85149167628152,14.4222844898632,624.474053295933,631.603380039142
"L13_3315",2832,7044,2.55536626916525,14.3526405451448,611.500701262272,639.498422289631
"L13_3316",3951,11731,3.11141420168784,15.5059244736169,598.527349228611,647.39346454012
"L13_3317",3599,10514,1.8641810918775,16.5398516264029,585.553997194951,655.28850679061
"L13_3318",3157,8708,2.54937988056959,16.1460725769407,572.58064516129,663.183549041099
"L13_3319",2944,7609,2.57589696412144,16.5724799579445,559.60729312763,671.078591291588
"L13_3320",3807,11703,2.07639066905922,19.7727078526873,546.633941093969,678.973633542077
"L13_3321",3968,12297,2.92754330324469,17.1993169065626,533.660589060309,686.868675792567
"L13_3322",3745,10958,2.51870779339295,18.1967512319766,520.687237026648,694.763718043056
"L13_3323",3856,12273,2.28143078301964,20.0114071539151,507.713884992987,702.658760293545
"L13_3324",4302,14110,2.71438695960312,17.512402551382,494.740532959327,710.553802544034
"L13_3325",3888,11974,2.42191414731919,16.8364790379155,481.767180925666,718.448844794524
"L13_3326",3498,9984,2.70432692307692,16.9370993589744,468.793828892006,726.343887045013
"L13_3327",3554,10275,2.31630170316302,17.021897810219,455.820476858345,734.238929295502
"L13_3328",3911,11580,2.01208981001727,16.2435233160622,442.847124824684,742.133971545991
"L13_3329",3512,10307,2.57106820607354,16.1346657611332,429.873772791024,750.029013796481
"L13_3330",3152,8606,2.38205902858471,17.1624448059493,416.900420757363,757.92405604697
"L13_3331",2975,8099,3.06210643289295,16.7551549574021,403.927068723703,765.819098297459
"L13_3332",3570,10754,2.42700390552353,18.8209038497303,390.953716690042,773.714140547949
"L13_3333",3816,11619,2.43566571994148,18.7881917548842,377.980364656381,781.609182798438
"L13_3334",2883,7287,2.59365994236311,16.4402360367778,365.007012622721,789.504225048927
"L13_3335",2646,6556,3.41671751067724,16.4887126296522,352.03366058906,797.399267299416
"L13_3336",3036,8049,3.00658466890297,16.3995527394707,339.0603085554,805.294309549906
"L13_3337",3548,9919,2.52041536445206,15.6366569210606,326.086956521739,813.189351800395
"L13_3338",3249,8651,2.06912495665241,17.5471043809964,313.113604488079,821.084394050884
"L13_3339",1933,4498,2.42329924410849,19.0751445086705,300.140252454418,828.979436301374
"L13_3340",1548,3181,2.64067903175102,17.950330084879,287.166900420757,836.874478551863
"L13_3341",1472,3039,2.43501151694636,17.8348140835801,274.193548387097,844.769520802352
"L13_3342",909,1655,2.17522658610272,17.3413897280967,261.220196353436,852.664563052841
"L13_3343",1030,1941,3.19422977846471,17.2076249356002,248.246844319776,860.559605303331
"L13_3344",1074,2038,3.18940137389598,19.4798822374877,235.273492286115,868.45464755382
"L13_3345",997,1824,3.61842105263158,14.3092105263158,222.300140252454,876.349689804309
"L13_3346",1043,1971,2.23236935565703,18.0618975139523,209.326788218794,884.244732054798
"L13_3347",1042,1933,3.00051733057424,15.9337816864977,196.353436185133,892.139774305288
"L13_3348",2345,5653,2.83035556341765,18.2027242172298,183.380084151473,900.034816555777
"L13_3349",2750,7046,3.10814646608005,16.3355095089412,170.406732117812,907.929858806266
"L13_3350",2729,7408,2.7402807775378,19.1414686825054,157.433380084151,915.824901056756
"L13_3363",678,1076,2.60223048327138,12.9182156133829,873.071528751753,3.03655471172664
"L13_3364",700,1115,3.31838565022422,12.2869955156951,873.422159887798,18.2193282703599
"L13_3365",1068,1877,2.6638252530634,11.2946190729888,873.772791023843,33.4021018289931
"L13_3366",892,1507,1.52621101526211,11.9442601194426,874.123422159888,48.5848753876263
"L13_3367",708,1166,2.48713550600343,12.1783876500858,874.474053295933,63.7676489462595
"L13_3368",634,999,2.3023023023023,10.9109109109109,874.824684431978,78.9504225048927
"L13_3369",968,1590,3.08176100628931,10.377358490566,875.175315568022,94.1331960635259
"L13_3370",904,1526,2.49017038007864,15.0720838794233,875.525946704067,109.315969622159
"L13_3371",679,1075,1.3953488372093,13.0232558139535,875.876577840112,124.498743180792
"L13_3372",966,1674,3.3452807646356,13.0824372759857,876.227208976157,139.681516739426
"L13_3373",1140,2188,3.83912248628885,15.9963436928702,876.577840112202,154.864290298059
"L13_3374",1293,2349,2.04342273307791,13.495104299702,876.928471248247,170.047063856692
"L13_3375",1503,2852,2.24403927068724,11.5007012622721,877.279102384292,185.229837415325
"L13_3376",967,1671,2.63315380011969,13.5846798324357,877.629733520337,200.412610973958
"L13_3377",1244,2367,2.02788339670469,13.6882129277567,877.980364656381,215.595384532592
"L13_3378",1842,3918,2.0163348647269,13.8080653394589,878.330995792426,230.778158091225
"L13_3379",2081,4733,3.10585252482569,14.1559264736953,878.681626928471,245.960931649858
"L13_3380",2797,7320,3.27868852459016,14.1530054644809,879.032258064516,261.143705208491
"L13_3381",2604,6385,3.00704776820673,13.672670321065,879.382889200561,276.326478767125
"L13_3382",3745,10471,2.72180307515997,15.5668035526693,879.733520336606,291.509252325758
"L13_3383",3509,9490,2.42360379346681,16.8177028451001,880.084151472651,306.692025884391
"L13_3384",2425,5984,3.02473262032086,16.293449197861,880.434782608696,321.874799443024
"L13_3385",2713,6774,2.86389134927665,15.2347209920283,880.78541374474,337.057573001657
"L13_3386",2900,7479,2.35325578285867,14.3334670410483,881.136044880785,352.240346560291
"L13_3387",2826,7048,2.894438138479,13.2661748013621,881.48667601683,367.423120118924
"L13_3388",2550,6181,3.52693738877204,14.9328587607183,881.837307152875,382.605893677557
"L13_3389",3233,8912,2.85008976660682,15.6306104129264,882.18793828892,397.78866723619
"L13_3390",3199,8739,2.18560476027005,17.5077239958805,882.538569424965,412.971440794823
"L13_3391",3100,8544,3.00795880149813,17.7083333333333,882.88920056101,428.154214353457
"L13_3392",3304,9354,2.67265341030575,14.763737438529,883.239831697055,443.33698791209
"L13_3393",2616,6074,2.4695423114916,13.1873559433652,883.5904628331,458.519761470723
"L13_3394",2242,5463,3.8623466959546,15.3944719018854,883.941093969144,473.702535029356
"L13_3395",2458,6231,3.17766008666346,15.679666185203,884.291725105189,488.88530858799
"L13_3396",2325,5919,3.12552796080419,14.8166920087853,871.318373071529,496.780350838479
"L13_3397",2755,7351,2.95197932254115,16.6371922187457,858.345021037868,504.675393088968
"L13_3398",2674,6805,2.76267450404115,15.9000734753857,845.371669004208,512.570435339457
"L13_3399",2526,6365,3.22073841319717,15.5695208169678,832.398316970547,520.465477589947
"L13_3400",2766,6694,2.61428144607111,17.9862563489692,819.424964936886,528.360519840436
"L13_3401",2669,6915,2.86334056399132,18.0332610267534,806.451612903226,536.255562090925
"L13_3402",3149,8512,2.61983082706767,15.671992481203,793.478260869565,544.150604341414
"L13_3403",3073,8611,2.63616304726513,16.0724654511671,780.504908835905,552.045646591904
"L13_3404",3104,8114,2.98249938378112,15.2452551146167,767.531556802244,559.940688842393
"L13_3405",3025,8102,2.70303628733646,16.2675882498149,754.558204768583,567.835731092882
"L13_3406",3465,9635,2.71925272444214,15.1738453554748,741.584852734923,575.730773343371
"L13_3407",3311,9102,3.1421665568007,14.6121731487585,728.611500701262,583.625815593861
"L13_3408",3484,10359,2.8863789941114,15.4165459986485,715.638148667602,591.52085784435
"L13_3409",3873,11576,2.61748445058742,14.7028334485142,702.664796633941,599.415900094839
"L13_3410",4020,12544,2.29591836734694,15.9598214285714,689.691444600281,607.310942345329
"L13_3411",3283,9571,2.27771392748929,16.3619266534322,676.71809256662,615.205984595818
"L13_3412",3104,8773,2.74706485808731,16.8813404764619,663.744740532959,623.101026846307
"L13_3413",2929,7635,2.80288146692862,16.2540929927963,650.771388499299,630.996069096796
"L13_3414",2689,6700,2.74626865671642,16.0746268656716,637.798036465638,638.891111347286
"L13_3415",2976,7745,2.16914138153648,14.0994189799871,624.824684431978,646.786153597775
"L13_3416",3705,10900,2.65137614678899,16.8899082568807,611.851332398317,654.681195848264
"L13_3417",3931,11999,2.46687223935328,17.0847570630886,598.877980364656,662.576238098753
"L13_3418",3412,9499,2.32656069059901,17.6229076744921,585.904628330996,670.471280349243
"L13_3419",3207,8566,2.43987858977352,16.6705580200794,572.931276297335,678.366322599732
"L13_3420",3913,12194,2.14039691651632,17.7382319173364,559.957924263675,686.261364850221
"L13_3421",4366,14182,2.63009448596813,18.8196305175575,546.984572230014,694.156407100711
"L13_3422",3422,10115,2.46169055857637,18.5071675729115,534.011220196353,702.0514493512
"L13_3423",4360,14366,2.05345955728804,20.7016566894055,521.037868162693,709.946491601689
"L13_3424",3566,10494,2.37278444825615,20.0019058509625,508.064516129032,717.841533852178
"L13_3425",3696,11187,2.48502726378833,17.4667024224546,495.091164095372,725.736576102668
"L13_3426",3998,11791,2.45950301077093,14.9011958273259,482.117812061711,733.631618353157
"L13_3427",3787,11126,2.20204925399964,16.8074779795075,469.144460028051,741.526660603646
"L13_3428",4018,13188,1.97148923263573,19.9044585987261,456.17110799439,749.421702854135
"L13_3429",3999,12819,2.33247523207739,16.0074888836883,443.197755960729,757.316745104625
"L13_3430",3465,10133,2.50666140333564,16.9939800651337,430.224403927069,765.211787355114
"L13_3431",3291,9443,2.67923329450387,17.9074446680081,417.251051893408,773.106829605603
"L13_3432",3719,10765,2.5545750116117,16.9809568044589,404.277699859748,781.001871856093
"L13_3433",3149,8728,2.91017415215399,15.730980751604,391.304347826087,788.896914106582
"L13_3434",3275,9219,2.87449831868966,16.6937845753336,378.330995792426,796.791956357071
"L13_3435",3840,11085,2.19215155615697,18.105548037889,365.357643758766,804.68699860756
"L13_3436",2556,6533,2.66340119393847,17.4345629879075,352.384291725105,812.58204085805
"L13_3437",2976,8390,3.1823599523242,17.3778307508939,339.410939691445,820.477083108539
"L13_3438",3348,9157,1.68177350660697,18.3247788577045,326.437587657784,828.372125359028
"L13_3439",1962,4620,3.05194805194805,18.5930735930736,313.464235624123,836.267167609517
"L13_3440",1617,3534,2.57498585172609,19.8358800226372,300.490883590463,844.162209860007
"L13_3441",1401,2905,2.37521514629948,19.2426850258176,287.517531556802,852.057252110496
"L13_3442",1266,2542,2.0456333595594,19.315499606609,274.544179523142,859.952294360985
"L13_3443",1104,2124,2.77777777777778,17.5612052730697,261.570827489481,867.847336611474
"L13_3444",1123,2137,2.99485259709874,18.4370613008891,248.59747545582,875.742378861964
"L13_3445",936,1763,2.09869540555871,18.1508791832104,235.62412342216,883.637421112453
"L13_3446",1149,2140,2.42990654205607,17.196261682243,222.650771388499,891.532463362942
"L13_3447",1178,2289,2.79598077763215,16.9943206640454,209.677419354839,899.427505613432
"L13_3448",2092,4843,2.9527152591369,17.0348957257898,196.704067321178,907.322547863921
"L13_3449",2939,7935,2.6591052299937,17.1140516698173,183.730715287518,915.21759011441
"L13_3450",2980,7965,3.08851224105461,15.4048964218456,170.757363253857,923.1126323649
"L13_3465",496,764,2.35602094240838,16.3612565445026,886.395511921459,10.3242860198706
"L13_3466",641,1044,3.83141762452107,13.7931034482759,886.746143057503,25.5070595785038
"L13_3467",1000,1781,2.52667040988209,12.128017967434,887.096774193548,40.689833137137
"L13_3468",953,1702,1.64512338425382,10.8695652173913,887.447405329593,55.8726066957702
"L13_3469",882,1472,2.30978260869565,12.5,887.798036465638,71.0553802544034
"L13_3470",681,1103,2.9011786038078,12.0580235720762,888.148667601683,86.2381538130367
"L13_3471",979,1718,3.08498253783469,12.2817229336438,888.499298737728,101.42092737167
"L13_3472",836,1377,3.12273057371097,12.7087872185911,888.849929873773,116.603700930303
"L13_3473",642,1024,4.1015625,11.42578125,889.200561009818,131.786474488936
"L13_3474",695,1158,2.76338514680484,13.6442141623489,889.551192145863,146.96924804757
"L13_3475",1071,1873,2.72290443139349,12.2797650827549,889.901823281907,162.152021606203
"L13_3476",1478,2901,2.17166494312306,14.5467080317132,890.252454417952,177.334795164836
"L13_3477",999,1712,2.16121495327103,12.6168224299065,890.603085553997,192.517568723469
"L13_3478",940,1579,1.64661177960735,11.7796073464218,890.953716690042,207.700342282102
"L13_3479",1243,2275,1.97802197802198,11.956043956044,891.304347826087,222.883115840736
"L13_3480",1425,2794,2.00429491768074,14.101646385111,891.654978962132,238.065889399369
"L13_3481",2372,5684,3.32512315270936,13.5467980295567,892.005610098177,253.248662958002
"L13_3482",2596,6335,3.2991318074191,16.3693764798737,892.356241234222,268.431436516635
"L13_3483",3324,8964,2.65506470325747,15.305667112896,892.706872370266,283.614210075268
"L13_3484",2751,7028,2.9026750142288,15.5378486055777,893.057503506311,298.796983633902
"L13_3485",2742,6822,2.55057167985928,13.896218117854,893.408134642356,313.979757192535
"L13_3486",2636,6661,2.79237351748987,16.1387179102237,893.758765778401,329.162530751168
"L13_3487",2676,6663,1.9960978538196,14.5880234128771,894.109396914446,344.345304309801
"L13_3488",2893,7712,2.64522821576763,14.4190871369295,894.460028050491,359.528077868435
"L13_3489",2609,6267,3.65406095420456,15.7491622786022,894.810659186536,374.710851427068
"L13_3490",2317,5408,3.6612426035503,14.2011834319527,895.161290322581,389.893624985701
"L13_3491",2355,5533,3.07247424543647,17.7119103560455,895.511921458625,405.076398544334
"L13_3492",2525,6240,2.30769230769231,16.5865384615385,895.86255259467,420.259172102967
"L13_3493",2816,7595,2.40947992100066,14.5885450954575,896.213183730715,435.441945661601
"L13_3494",2643,6504,2.78290282902829,14.0221402214022,896.56381486676,450.624719220234
"L13_3495",2165,5138,3.01673803036201,16.3293110159595,896.914446002805,465.807492778867
"L13_3496",1911,4185,3.2258064516129,14.647550776583,897.26507713885,480.9902663375
"L13_3497",2031,4610,3.058568329718,15.943600867679,897.615708274895,496.173039896134
"L13_3498",2767,7336,2.3309705561614,17.3255179934569,884.642356241234,504.068082146623
"L13_3499",2929,7927,2.92670619402044,14.8101425507758,871.669004207574,511.963124397112
"L13_3500",2450,6553,3.47932244773386,15.5501297115825,858.695652173913,519.858166647601
"L13_3501",2651,6734,2.71755271755272,14.3302643302643,845.722300140252,527.753208898091
"L13_3502",2595,6396,3.33020637898687,16.4634146341463,832.748948106592,535.64825114858
"L13_3503",2966,7960,2.82663316582915,20.5276381909548,819.775596072931,543.543293399069
"L13_3504",2922,7766,2.39505536955962,19.1861962400206,806.802244039271,551.438335649558
"L13_3505",3685,10814,2.4042907342334,20.2145367116701,793.82889200561,559.333377900048
"L13_3506",2967,8057,2.45749038103512,15.0800546108974,780.855539971949,567.228420150537
"L13_3507",3204,8879,2.69174456582949,16.5446559297218,767.882187938289,575.123462401026
"L13_3508",3068,8174,2.81379985319305,14.4237827257157,754.908835904628,583.018504651515
"L13_3509",3052,7867,2.60582178721241,15.2790136011186,741.935483870968,590.913546902005
"L13_3510",2750,7106,3.09597523219814,15.831691528286,728.962131837307,598.808589152494
"L13_3511",2684,6894,3.06063243400058,15.361183637946,715.988779803647,606.703631402983
"L13_3512",3084,8728,3.24243813015582,15.788267644363,703.015427769986,614.598673653472
"L13_3513",2923,8116,3.00640709709216,17.3361261705274,690.042075736325,622.493715903962
"L13_3514",2693,7089,2.6378896882494,18.7614614191,677.068723702665,630.388758154451
"L13_3515",2964,7870,2.60482846251588,14.7522236340534,664.095371669004,638.28380040494
"L13_3516",3089,8398,2.83400809716599,16.1943319838057,651.122019635344,646.17884265543
"L13_3517",3156,8762,2.7619265007989,16.9367724263867,638.148667601683,654.073884905919
"L13_3518",3102,8584,2.76095060577819,16.9967381174278,625.175315568022,661.968927156408
"L13_3519",3392,9109,1.75650455593369,18.41036337688,612.201963534362,669.863969406897
"L13_3520",3930,11986,2.51960620724178,18.4632070749207,599.228611500701,677.759011657387
"L13_3521",3977,11967,1.86345784239993,20.2557031837553,586.255259467041,685.654053907876
"L13_3522",4070,12587,2.3834114562644,17.208230714229,573.28190743338,693.549096158365
"L13_3523",4114,12738,2.53571989323285,16.415449835139,560.308555399719,701.444138408855
"L13_3524",3211,8673,2.82485875706215,15.8768592182636,547.335203366059,709.339180659344
"L13_3525",3580,10601,3.0657485142911,17.9511366852184,534.361851332398,717.234222909833
"L13_3526",3617,10818,2.60676650027732,18.9314106119431,521.388499298738,725.129265160322
"L13_3527",4132,12686,2.62494087970992,17.5941983288665,508.415147265077,733.024307410812
"L13_3528",3436,9926,2.15595406004433,16.7439048962321,495.441795231417,740.919349661301
"L13_3529",3615,10802,2.47176448805777,16.7561562673579,482.468443197756,748.81439191179
"L13_3530",3954,12618,2.3458551275955,19.1948010778253,469.495091164095,756.709434162279
"L13_3531",4410,15315,2.03068886712374,20.2938295788443,456.521739130435,764.604476412769
"L13_3532",3561,11124,2.7418194893923,17.7544048903272,443.548387096774,772.499518663258
"L13_3533",3399,9838,2.47001423053466,16.171986176052,430.575035063114,780.394560913747
"L13_3534",3629,10685,2.46139447824052,17.3420683200749,417.601683029453,788.289603164236
"L13_3535",3213,8928,3.10259856630824,15.7818100358423,404.628330995792,796.184645414726
"L13_3536",2987,8032,2.58964143426295,14.4671314741036,391.654978962132,804.079687665215
"L13_3537",3729,11209,2.68534213578375,17.6465340351503,378.681626928471,811.974729915704
"L13_3538",2691,6795,3.00220750551876,18.3075791022811,365.708274894811,819.869772166194
"L13_3539",2776,7465,2.96048225050234,16.7046215673141,352.73492286115,827.764814416683
"L13_3540",3052,8107,2.56568397681016,17.3060318243493,339.761570827489,835.659856667172
"L13_3541",2014,4773,2.38843494657448,19.6522103498848,326.788218793829,843.554898917661
"L13_3542",1695,3797,3.21306294442981,17.9352120094812,313.814866760168,851.449941168151
"L13_3543",1668,3808,2.25840336134454,18.7237394957983,300.841514726508,859.34498341864
"L13_3544",1514,3085,2.04213938411669,17.3743922204214,287.868162692847,867.240025669129
"L13_3545",1454,3028,2.31175693527081,18.9233817701453,274.894810659187,875.135067919618
"L13_3546",1159,2277,2.28370663153272,18.22573561704,261.921458625526,883.030110170108
"L13_3547",1104,2077,2.74434280211844,16.1290322580645,248.948106591865,890.925152420597
"L13_3548",1007,1873,2.61612386545649,17.0315002669514,235.974754558205,898.820194671086
"L13_3549",1358,2801,2.6419136022849,17.743662977508,223.001402524544,906.715236921576
"L13_3550",1822,3960,2.12121212121212,18.030303030303,210.028050490884,914.610279172065
"L13_3551",3600,10516,2.13959680486877,19.2278432864207,197.054698457223,922.505321422554
"L13_3552",3101,8943,2.92966566029297,18.3830929218383,184.081346423562,930.400363673043
"L13_3553",1965,4648,4.0447504302926,18.5886402753873,171.107994389902,938.295405923533
"L13_3565",660,1076,2.97397769516729,13.1040892193309,899.719495091164,17.6120173280145
"L13_3566",1604,3055,2.0949263502455,13.6170212765957,900.070126227209,32.7947908866477
"L13_3567",1026,1734,2.24913494809689,11.5916955017301,900.420757363254,47.977564445281
"L13_3568",997,1810,2.43093922651934,12.7624309392265,900.771388499299,63.1603380039142
"L13_3569",824,1424,1.96629213483146,9.90168539325843,901.122019635344,78.3431115625474
"L13_3570",732,1216,2.96052631578947,13.3223684210526,901.472650771388,93.5258851211806
"L13_3571",913,1579,1.83660544648512,12.4762507916403,901.823281907433,108.708658679814
"L13_3572",820,1359,2.2075055187638,13.0242825607064,902.173913043478,123.891432238447
"L13_3573",857,1445,2.21453287197232,11.9031141868512,902.524544179523,139.07420579708
"L13_3574",801,1307,2.60137719969396,11.7061973986228,902.875175315568,154.256979355713
"L13_3575",956,1599,2.81425891181989,11.3195747342089,903.225806451613,169.439752914347
"L13_3576",1352,2457,1.66870166870167,10.7448107448107,903.576437587658,184.62252647298
"L13_3577",1089,1850,2.54054054054054,11.5675675675676,903.927068723703,199.805300031613
"L13_3578",1047,1821,1.81219110378913,12.5755079626579,904.277699859748,214.988073590246
"L13_3579",1420,2711,2.72962006639616,13.5374400590188,904.628330995792,230.17084714888
"L13_3580",1966,4225,3.02958579881657,16.0236686390533,904.978962131837,245.353620707513
"L13_3581",2762,7004,3.09822958309537,16.2050256996002,905.329593267882,260.536394266146
"L13_3582",3150,8451,2.7097384924861,14.9923086025322,905.680224403927,275.719167824779
"L13_3583",2952,8003,2.51155816568787,15.1943021366987,906.030855539972,290.901941383412
"L13_3584",2824,7117,2.65561332021919,14.8236616551918,906.381486676017,306.084714942046
"L13_3585",2704,6849,3.09534238574974,14.0312454372901,906.732117812062,321.267488500679
"L13_3586",3387,9235,2.72874932322685,14.3367623172713,907.082748948106,336.450262059312
"L13_3587",2856,7623,3.34513970877607,14.797323888233,907.433380084151,351.633035617945
"L13_3588",2643,6654,3.51668169522092,14.4574691914638,907.784011220196,366.815809176578
"L13_3589",3021,7843,3.78681626928471,12.6354711207446,908.134642356241,381.998582735212
"L13_3590",2296,5391,2.85661287330736,15.025041736227,908.485273492286,397.181356293845
"L13_3591",1920,4384,3.80930656934307,16.3093065693431,908.835904628331,412.364129852478
"L13_3592",2825,7545,2.7037773359841,16.0503644797879,909.186535764376,427.546903411111
"L13_3593",3132,8818,2.49489680199592,15.0147425720118,909.537166900421,442.729676969745
"L13_3594",2384,5928,2.80026990553306,13.697705802969,909.887798036466,457.912450528378
"L13_3595",2431,5617,3.29357308171622,14.0288410183372,910.23842917251,473.095224087011
"L13_3596",2011,4607,2.75667462556979,15.4764488821359,910.589060308555,488.277997645644
"L13_3597",2380,5667,2.96453149814717,16.3931533439209,910.9396914446,503.460771204277
"L13_3598",2984,8003,2.47407222291641,14.9194052230414,897.96633941094,511.355813454767
"L13_3599",2849,7559,2.75168673104908,15.465008599021,884.992987377279,519.250855705256
"L13_3600",2341,5603,2.58789933963948,16.0271283241121,872.019635343618,527.145897955745
"L13_3601",2739,6798,2.76551927037364,13.5481023830538,859.046283309958,535.040940206234
"L13_3602",2443,5844,3.11430527036277,15.9479808350445,846.072931276297,542.935982456724
"L13_3603",2550,6376,2.83877038895859,16.577791718946,833.099579242637,550.831024707213
"L13_3604",3042,8202,3.38941721531334,16.9592782248232,820.126227208976,558.726066957702
"L13_3605",3149,8471,2.66792586471491,17.3179081572424,807.152875175316,566.621109208192
"L13_3606",3220,8905,2.65019651880966,15.2947782144862,794.179523141655,574.516151458681
"L13_3607",3903,11744,2.35865122615804,17.591961852861,781.206171107994,582.41119370917
"L13_3608",3783,11526,2.3598820058997,18.0201284053444,768.232819074334,590.306235959659
"L13_3609",3716,10324,2.58620689655172,15.2944595118171,755.259467040673,598.201278210149
"L13_3610",2994,8106,2.40562546262028,15.2109548482605,742.286115007013,606.096320460638
"L13_3611",3091,8409,3.29408966583423,15.0790819360209,729.312762973352,613.991362711127
"L13_3612",3332,9774,2.48618784530387,17.1066093718027,716.339410939691,621.886404961616
"L13_3613",2966,7910,3.13527180783818,15.4108723135272,703.366058906031,629.781447212106
"L13_3614",3085,8112,2.65039447731755,17.0611439842209,690.39270687237,637.676489462595
"L13_3615",2477,6018,2.64207377866401,16.7331339315387,677.41935483871,645.571531713084
"L13_3616",3241,9263,2.36424484508259,17.2622260606715,664.446002805049,653.466573963574
"L13_3617",3377,9534,2.85294734633942,14.6213551499895,651.472650771388,661.361616214063
"L13_3618",3350,9228,3.17511920242739,16.1248374512354,638.499298737728,669.256658464552
"L13_3619",3063,8067,2.68997148878146,16.8216189413661,625.525946704067,677.151700715041
"L13_3620",3208,8343,2.31331655279875,18.2668104998202,612.552594670407,685.046742965531
"L13_3621",3515,10294,2.30231202642316,19.0985039829027,599.579242636746,692.94178521602
"L13_3622",3570,10408,2.3923904688701,18.1783243658724,586.605890603086,700.836827466509
"L13_3623",3391,10049,2.50771221017017,18.3799383023186,573.632538569425,708.731869716998
"L13_3624",3189,8910,2.996632996633,15.6004489337823,560.659186535764,716.626911967488
"L13_3625",3227,8920,2.16367713004484,17.3542600896861,547.685834502104,724.521954217977
"L13_3626",3397,9650,2.54922279792746,16.0829015544041,534.712482468443,732.416996468466
"L13_3627",3524,9488,2.11846543001686,16.4102023608769,521.739130434783,740.312038718955
"L13_3628",3697,10910,1.96150320806599,16.8560953253895,508.765778401122,748.207080969445
"L13_3629",3288,9243,2.53164556962025,17.1048360921779,495.792426367461,756.102123219934
"L13_3630",3144,8756,2.59250799451804,18.227501142074,482.819074333801,763.997165470423
"L13_3631",4688,16333,1.87963019653462,20.0514296210127,469.84572230014,771.892207720913
"L13_3632",4573,15555,1.94792671166827,19.3892639022822,456.87237026648,779.787249971402
"L13_3633",3538,10954,2.33704582800803,20.4126346540077,443.899018232819,787.682292221891
"L13_3634",3222,9190,2.86180631120783,17.0620239390642,430.925666199158,795.57733447238
"L13_3635",3813,11671,2.45908662496787,18.5416845171793,417.952314165498,803.47237672287
"L13_3636",3827,11432,3.0703289013296,14.8792862141358,404.978962131837,811.367418973359
"L13_3637",3705,11784,3.08044806517312,19.153088934148,392.005610098177,819.262461223848
"L13_3638",3384,9659,2.56755357697484,17.2274562584118,379.032258064516,827.157503474338
"L13_3639",3196,8770,2.80501710376283,16.4538198403649,366.058906030856,835.052545724827
"L13_3640",3145,8556,3.16736792893876,15.8952781673679,353.085553997195,842.947587975316
"L13_3641",2303,5386,2.35796509468994,16.9327887114742,340.112201963534,850.842630225805
"L13_3642",1948,4474,2.92802860974519,17.679928475637,327.138849929874,858.737672476295
"L13_3643",1688,3819,2.69704111023828,18.6698088504844,314.165497896213,866.632714726784
"L13_3644",1521,3245,2.80431432973806,18.4283513097072,301.192145862553,874.527756977273
"L13_3645",1641,3450,2.31884057971015,17.7971014492754,288.218793828892,882.422799227762
"L13_3646",1266,2446,2.6982829108749,17.2935404742437,275.245441795231,890.317841478252
"L13_3647",1190,2225,2.69662921348315,15.685393258427,262.272089761571,898.212883728741
"L13_3648",1167,2179,1.92748967416246,15.7870582836163,249.29873772791,906.10792597923
"L13_3649",1110,2011,3.13276976628543,18.6474390850323,236.32538569425,914.00296822972
"L13_3650",1304,2530,3.08300395256917,14.1106719367589,223.352033660589,921.898010480209
"L13_3651",2948,7651,2.50947588550516,19.9189648411972,210.378681626928,929.793052730698
"L13_3652",2894,7829,3.02720653978797,17.7289564439903,197.405329593268,937.688094981187
"L13_3663",1099,1945,1.90231362467866,11.7223650385604,912.692847124825,9.71697507752526
"L13_3664",846,1382,2.38784370477569,16.3531114327062,913.04347826087,24.8997486361585
"L13_3665",1109,1931,1.55359917141378,12.8430864836872,913.394109396914,40.0825221947917
"L13_3666",1000,1739,2.47268545140886,10.9833237492812,913.744740532959,55.2652957534249
"L13_3667",982,1701,2.17519106407995,10.9935332157554,914.095371669004,70.4480693120581
"L13_3668",774,1277,3.52388410336727,12.0595144870791,914.446002805049,85.6308428706913
"L13_3669",876,1434,2.64993026499303,14.5048814504881,914.796633941094,100.813616429325
"L13_3670",1024,1788,2.46085011185682,9.78747203579418,915.147265077139,115.996389987958
"L13_3671",872,1453,1.78940123881624,12.388162422574,915.497896213184,131.179163546591
"L13_3672",785,1318,3.03490136570561,11.3050075872534,915.848527349229,146.361937105224
"L13_3673",1029,1787,2.46222719641858,11.5277000559597,916.199158485273,161.544710663857
"L13_3674",925,1578,2.21799746514575,11.9138149556401,916.549789621318,176.727484222491
"L13_3675",924,1609,3.91547545059043,13.3623368551896,916.900420757363,191.910257781124
"L13_3676",1225,2263,2.78391515687141,16.4383561643836,917.251051893408,207.093031339757
"L13_3677",1614,3278,3.14215985356925,16.3209273947529,917.601683029453,222.27580489839
"L13_3678",1897,4200,3.16666666666667,14.5952380952381,917.952314165498,237.458578457023
"L13_3679",2417,5622,2.49021700462469,15.0480256136606,918.302945301543,252.641352015657
"L13_3680",2754,7071,2.89916560599632,14.3402630462452,918.653576437588,267.82412557429
"L13_3681",3249,8652,2.57743874248729,13.33795654184,919.004207573632,283.006899132923
"L13_3682",3161,8556,3.424497428705,14.3875642823749,919.354838709677,298.189672691556
"L13_3683",3214,8830,2.6727066817667,16.8403171007928,919.705469845722,313.37244625019
"L13_3684",3160,9143,2.14371650442962,18.9653286667396,920.056100981767,328.555219808823
"L13_3685",3186,8655,2.72674754477181,14.3731946851531,920.406732117812,343.737993367456
"L13_3686",2738,7283,3.25415350816971,15.0899354661541,920.757363253857,358.920766926089
"L13_3687",2694,6810,3.05433186490455,14.2584434654919,921.107994389902,374.103540484722
"L13_3688",2970,8009,2.69696591334748,13.7969783993008,921.458625525947,389.286314043356
"L13_3689",3183,8872,2.8629395852119,16.3210099188458,921.809256661992,404.469087601989
"L13_3690",2661,6607,2.69411230513092,14.6813985167247,922.159887798036,419.651861160622
"L13_3691",3243,9460,2.32558139534884,15.5919661733615,922.510518934081,434.834634719255
"L13_3692",3215,9047,2.23278434840279,16.4474411407096,922.861150070126,450.017408277888
"L13_3693",3254,8931,2.66487515395812,14.7575859366252,923.211781206171,465.200181836522
"L13_3694",3080,8046,2.59756400695998,14.1933880188914,923.562412342216,480.382955395155
"L13_3695",2538,6277,3.28182252668472,14.8319260793373,923.913043478261,495.565728953788
"L13_3696",2711,7101,3.14040276017462,16.1104069849317,924.263674614306,510.748502512421
"L13_3697",2859,7563,2.60478646039931,16.7526113975935,911.290322580645,518.643544762911
"L13_3698",2508,6332,2.30574857864814,15.8717624763108,898.316970546985,526.5385870134
"L13_3699",2882,7537,2.37495024545575,15.9347220379461,885.343618513324,534.433629263889
"L13_3700",3129,8640,2.58101851851852,16.2615740740741,872.370266479663,542.328671514378
"L13_3701",2959,8002,3.12421894526368,15.1587103224194,859.396914446003,550.223713764868
"L13_3702",2566,6667,3.04484775761212,15.5542222888856,846.423562412342,558.118756015357
"L13_3703",2743,7186,3.00584469802394,16.9217923740607,833.450210378682,566.013798265846
"L13_3704",3335,9069,2.45892601168817,14.9079281067372,820.476858345021,573.908840516336
"L13_3705",2926,7729,2.49708888601371,16.5221891577177,807.50350631136,581.803882766825
"L13_3706",3083,8360,2.811004784689,16.7822966507177,794.5301542777,589.698925017314
"L13_3707",3063,8494,3.07275724040499,15.658111608194,781.556802244039,597.593967267803
"L13_3708",3154,8730,2.60022909507446,15.9679266895762,768.583450210379,605.489009518293
"L13_3709",3029,8275,2.67069486404834,14.3202416918429,755.610098176718,613.384051768782
"L13_3710",2818,7544,3.07529162248144,15.270413573701,742.636746143058,621.279094019271
"L13_3711",3797,11853,3.11313591495824,16.3756011136421,729.663394109397,629.17413626976
"L13_3712",3015,8369,3.09475445094993,16.4774764010037,716.690042075736,637.06917852025
"L13_3713",3688,10898,2.38575885483575,19.5540466140576,703.716690042076,644.964220770739
"L13_3714",2939,8023,2.36819144958245,19.3693132244796,690.743338008415,652.859263021228
"L13_3715",3086,8680,3.09907834101382,16.036866359447,677.769985974754,660.754305271717
"L13_3716",3512,9950,2.89447236180905,16.6231155778894,664.796633941094,668.649347522207
"L13_3717",3318,9077,2.69912966839264,15.1591935661562,651.823281907433,676.544389772696
"L13_3718",3515,10459,2.877904197342,16.7224400038245,638.849929873773,684.439432023185
"L13_3719",2915,7759,2.89985822915324,17.1413841989947,625.876577840112,692.334474273675
"L13_3720",3057,7964,2.48618784530387,16.9387242591662,612.903225806452,700.229516524164
"L13_3721",3012,8242,2.75418587721427,17.0710992477554,599.929873772791,708.124558774653
"L13_3722",2819,7226,2.57403819540548,17.6446166620537,586.95652173913,716.019601025142
"L13_3723",2855,7783,3.00655274315817,17.9365283309778,573.98316970547,723.914643275632
"L13_3724",3343,9562,3.38841246601129,17.6741267517256,561.009817671809,731.809685526121
"L13_3725",3369,9776,2.21972176759411,19.9468085106383,548.036465638149,739.70472777661
"L13_3726",3295,8734,2.79367987176551,15.1820471719716,535.063113604488,747.599770027099
"L13_3727",3600,10497,2.61026960083833,16.2141564256454,522.089761570827,755.494812277589
"L13_3728",3531,10149,2.41403093900877,16.7208591979505,509.116409537167,763.389854528078
"L13_3729",3056,8212,2.33804188991719,17.523136872869,496.143057503506,771.284896778567
"L13_3730",3786,11741,2.53811430031513,18.3374499616728,483.169705469846,779.179939029057
"L13_3731",4662,16511,1.81697050451214,20.495427290897,470.196353436185,787.074981279546
"L13_3732",4261,13702,2.0580937089476,19.6613633046271,457.223001402525,794.970023530035
"L13_3733",3609,10657,2.14882237027306,19.8930280566764,444.249649368864,802.865065780524
"L13_3734",2381,6353,3.49441208877696,18.5896426884936,431.276297335203,810.760108031014
"L13_3735",3250,9177,2.96393156805056,16.1817587446878,418.302945301543,818.655150281503
"L13_3736",4212,13305,2.34498308906426,16.95603156708,405.329593267882,826.550192531992
"L13_3737",4182,13313,2.66656651393375,17.1862089686772,392.356241234222,834.445234782481
"L13_3738",4031,12494,2.63326396670402,16.7840563470466,379.382889200561,842.340277032971
"L13_3739",3187,8579,2.52943233477095,15.3164704511015,366.4095371669,850.23531928346
"L13_3740",2123,4967,2.85886853231327,17.1330783168915,353.43618513324,858.130361533949
"L13_3741",1794,4148,2.3625843780135,19.0453230472517,340.462833099579,866.025403784438
"L13_3742",1513,3228,2.78810408921933,19.640644361834,327.489481065919,873.920446034928
"L13_3743",1410,3084,2.62645914396887,19.4552529182879,314.516129032258,881.815488285417
"L13_3744",1415,2963,3.37495781302734,17.1447856901789,301.542776998597,889.710530535906
"L13_3745",1328,2594,2.54433307632999,16.1912104857363,288.569424964937,897.605572786396
"L13_3746",1066,1989,2.01106083459025,18.149824032177,275.596072931276,905.500615036885
"L13_3747",1331,2617,2.21627818112342,17.4245319067635,262.622720897616,913.395657287374
"L13_3748",1160,2203,2.81434407625965,15.2973218338629,249.649368863955,921.290699537864
"L13_3749",1199,2295,2.57080610021787,16.2962962962963,236.676016830294,929.185741788353
"L13_3750",2034,4696,2.89608177172061,17.5468483816014,223.702664796634,937.080784038842
"L13_3751",3753,10982,2.15807685303223,19.969040247678,210.729312762973,944.975826289331
"L13_3752",2569,6646,3.09960878724045,19.5004513993379,197.755960729313,952.87086853982
"L13_3760",517,798,2.00501253132832,17.0426065162907,925.666199158485,1.82193282703599
"L13_3761",701,1144,1.74825174825175,15.3846153846154,926.01683029453,17.0047063856692
"L13_3762",881,1442,3.12066574202497,10.1941747572816,926.367461430575,32.1874799443024
"L13_3763",732,1185,1.60337552742616,13.1645569620253,926.71809256662,47.3702535029356
"L13_3764",920,1594,1.63111668757842,12.7979924717691,927.068723702665,62.5530270615688
"L13_3765",1029,1783,2.1312394840157,9.98317442512619,927.41935483871,77.7358006202021
"L13_3766",946,1638,2.01465201465201,11.3553113553114,927.769985974754,92.9185741788353
"L13_3767",937,1592,3.76884422110553,9.48492462311558,928.1206171108,108.101347737468
"L13_3768",864,1409,2.27111426543648,10.0780695528744,928.471248246844,123.284121296102
"L13_3769",1209,2181,2.38422741861531,9.94956441999083,928.821879382889,138.466894854735
"L13_3770",1181,2174,1.83992640294388,9.84360625574977,929.172510518934,153.649668413368
"L13_3771",970,1649,1.39478471801092,13.826561552456,929.523141654979,168.832441972001
"L13_3772",1329,2461,2.47866720845185,13.165379926859,929.873772791024,184.015215530635
"L13_3773",1120,1976,2.93522267206478,15.4352226720648,930.224403927069,199.197989089268
"L13_3774",1819,3870,2.84237726098191,16.3049095607235,930.575035063114,214.380762647901
"L13_3775",2208,5133,2.902785895188,15.4100915643873,930.925666199158,229.563536206534
"L13_3776",2881,7459,2.66791795146802,14.9081646333289,931.276297335203,244.746309765167
"L13_3777",3022,7928,2.35872855701312,15.3884964682139,931.626928471248,259.929083323801
"L13_3778",3074,8481,2.45254097394175,13.6776323546752,931.977559607293,275.111856882434
"L13_3779",3224,8317,2.39268967175664,14.1036431405555,932.328190743338,290.294630441067
"L13_3780",3434,9416,2.28334749362787,16.7374681393373,932.678821879383,305.4774039997
"L13_3781",3085,8105,2.36890808143122,16.8167797655768,933.029453015428,320.660177558333
"L13_3782",2915,7669,2.63398096231582,16.9904811579085,933.380084151473,335.842951116967
"L13_3783",3260,9056,2.67226148409894,14.6422261484099,933.730715287518,351.0257246756
"L13_3784",3181,8269,2.62425928165437,14.6692465836256,934.081346423562,366.208498234233
"L13_3785",3364,9174,2.23457597558317,13.9088729016787,934.431977559607,381.391271792866
"L13_3786",3513,10108,2.33478432924416,15.3146022952117,934.782608695652,396.5740453515
"L13_3787",3268,9168,2.35602094240838,18.837260034904,935.133239831697,411.756818910133
"L13_3788",3128,8653,2.16110019646365,18.1786663584884,935.483870967742,426.939592468766
"L13_3789",2862,7573,2.27122672652846,17.1662485144593,935.834502103787,442.122366027399
"L13_3790",2677,6991,2.71778000286082,16.5927621227292,936.185133239832,457.305139586032
"L13_3791",3141,8304,2.96242774566474,15.7394026974952,936.535764375876,472.487913144666
"L13_3792",2889,7561,3.04192567120751,14.8128554424018,936.886395511922,487.670686703299
"L13_3793",2791,7093,2.46722120400395,14.0420132525025,937.237026647966,502.853460261932
"L13_3794",2904,7707,2.63396911898274,14.3376151550538,937.587657784011,518.036233820565
"L13_3795",2592,6507,3.13508529276164,16.1672045489473,924.614305750351,525.931276071055
"L13_3796",2661,6976,2.6519495412844,15.5963302752294,911.64095371669,533.826318321544
"L13_3797",2618,6624,2.20410628019324,15.006038647343,898.667601683029,541.721360572033
"L13_3798",3345,9029,2.75778048510356,15.4612913943958,885.694249649369,549.616402822522
"L13_3799",2899,7543,2.54540633700119,15.8292456582262,872.720897615708,557.511445073012
"L13_3800",3176,8659,2.55225776648574,13.7429264349232,859.747545582048,565.406487323501
"L13_3801",3243,8695,2.54169062679701,15.0776308223117,846.774193548387,573.30152957399
"L13_3802",3286,9179,2.54929730907506,15.1977339579475,833.800841514726,581.196571824479
"L13_3803",2886,7934,2.268716914545,16.4229896647341,820.827489481066,589.091614074969
"L13_3804",2849,7589,2.76716299907761,17.7625510607458,807.854137447405,596.986656325458
"L13_3805",3024,8130,2.18942189421894,15.9286592865929,794.880785413745,604.881698575947
"L13_3806",3300,9243,2.48836957697717,17.8080709726279,781.907433380084,612.776740826436
"L13_3807",2753,7338,2.73916598528209,17.3071681657127,768.934081346424,620.671783076926
"L13_3808",3313,9280,2.71551724137931,15.0538793103448,755.960729312763,628.566825327415
"L13_3809",3908,11377,2.61053001670036,15.3379625560341,742.987377279102,636.461867577904
"L13_3810",3917,12033,3.04994598188315,15.8231529959279,730.014025245442,644.356909828394
"L13_3811",3537,10630,2.35183443085607,20.2822201317027,717.040673211781,652.251952078883
"L13_3812",4702,15611,2.24200883992057,18.9481775671001,704.067321178121,660.146994329372
"L13_3813",4073,12465,2.10990774167669,17.6012835940634,691.09396914446,668.042036579861
"L13_3814",3730,11006,2.60766854443031,16.5273487188806,678.120617110799,675.937078830351
"L13_3815",3949,12067,2.68500870141709,17.2702411535593,665.147265077139,683.83212108084
"L13_3816",2515,6391,3.37975277734314,16.0851196995775,652.173913043478,691.727163331329
"L13_3817",3259,9391,3.04546906612714,17.2292620594186,639.200561009818,699.622205581819
"L13_3818",3133,8605,2.41719930273097,17.2806507844277,626.227208976157,707.517247832308
"L13_3819",3583,10481,2.29939891231753,18.1375822917661,613.253856942496,715.412290082797
"L13_3820",3795,11537,3.28508277715177,16.79812776285,600.280504908836,723.307332333286
"L13_3821",3514,10368,1.9579475308642,19.212962962963,587.307152875175,731.202374583776
"L13_3822",3234,9065,2.06287920573635,19.2057363485935,574.333800841515,739.097416834265
"L13_3823",3785,11407,2.22670290172701,18.0415534321031,561.360448807854,746.992459084754
"L13_3824",4112,12964,2.62264733107066,18.1116939216291,548.387096774194,754.887501335243
"L13_3825",3859,11662,2.13513977019379,18.5045446750129,535.413744740533,762.782543585733
"L13_3826",3701,11270,2.07630878438332,18.0035492457853,522.440392706872,770.677585836222
"L13_3827",3498,9815,1.93581253183902,17.493632195619,509.467040673212,778.572628086711
"L13_3828",3375,9573,2.36080643476444,17.7269403530764,496.493688639551,786.467670337201
"L13_3829",3670,11260,2.05150976909414,18.0106571936057,483.520336605891,794.36271258769
"L13_3830",3710,11427,2.47659053119804,18.8325894810536,470.54698457223,802.257754838179
"L13_3831",3482,10226,2.56209661646783,17.1621357324467,457.573632538569,810.152797088668
"L13_3832",2947,8032,2.65189243027888,18.3266932270916,444.600280504909,818.047839339158
"L13_3833",2795,7211,3.05089446678685,18.0557481625295,431.626928471248,825.942881589647
"L13_3834",3171,8670,2.64129181084198,16.2514417531719,418.653576437588,833.837923840136
"L13_3835",3357,9763,2.82699989757247,16.7776298268975,405.680224403927,841.732966090625
"L13_3836",3325,9215,2.72381985892566,16.2126966901791,392.706872370266,849.628008341115
"L13_3837",2972,8119,2.75896046311122,15.1373321837665,379.733520336606,857.523050591604
"L13_3838",1992,4706,3.10242243943901,17.700807479813,366.760168302945,865.418092842093
"L13_3839",1516,3230,2.35294117647059,17.2136222910217,353.786816269285,873.313135092582
"L13_3840",1330,2732,2.3792093704246,19.1068814055637,340.813464235624,881.208177343072
"L13_3841",1220,2383,2.26605119597146,19.3453629878305,327.840112201964,889.103219593561
"L13_3842",1147,2240,2.63392857142857,18.3035714285714,314.866760168303,896.99826184405
"L13_3843",1182,2271,2.64200792602378,16.9969176574196,301.893408134642,904.89330409454
"L13_3844",1217,2508,2.99043062200957,20.3748006379585,288.920056100982,912.788346345029
"L13_3845",1202,2277,2.10803689064559,16.7325428194993,275.946704067321,920.683388595518
"L13_3846",1190,2296,3.31010452961672,15.7665505226481,262.973352033661,928.578430846007
"L13_3847",1242,2333,3.25760822974711,14.5306472353193,250,936.473473096497
"L13_3848",1470,3013,2.38964487222038,18.4201792233654,237.026647966339,944.368515346986
"L13_3849",3256,9168,3.39223385689354,18.499127399651,224.053295932679,952.263557597475
"L13_3850",2930,8062,3.27462168196477,17.5514760605309,211.079943899018,960.158599847964
"L13_3851",1748,4050,3.85185185185185,23.4320987654321,198.106591865358,968.053642098454
"L13_3858",606,1007,2.58192651439921,16.8818272095333,938.990182328191,9.10966413517993
"L13_3859",621,981,2.75229357798165,15.0866462793068,939.340813464236,24.2924376938131
"L13_3860",709,1107,2.8906955736224,11.743450767841,939.69144460028,39.4752112524464
"L13_3861",786,1324,3.09667673716012,14.4259818731118,940.042075736325,54.6579848110796
"L13_3862",1232,2178,2.75482093663912,12.3048668503214,940.39270687237,69.8407583697128
"L13_3863",838,1379,1.81290790427846,13.2704858593183,940.743338008415,85.023531928346
"L13_3864",1017,1763,2.7793533749291,11.0606920022689,941.09396914446,100.206305486979
"L13_3865",1012,1825,2.73972602739726,11.1780821917808,941.444600280505,115.389079045612
"L13_3866",1109,1953,2.40655401945725,13.5688684075781,941.79523141655,130.571852604246
"L13_3867",1417,2644,2.42057488653555,14.5990922844175,942.145862552595,145.754626162879
"L13_3868",1276,2370,2.53164556962025,11.6033755274262,942.49649368864,160.937399721512
"L13_3869",1475,2834,2.57586450247001,13.6556104446013,942.847124824684,176.120173280145
"L13_3870",1334,2669,3.1097789434245,15.4739602847508,943.197755960729,191.302946838778
"L13_3871",1586,3246,3.26555760936537,14.479359211337,943.548387096774,206.485720397412
"L13_3872",2393,5341,3.07058603257817,14.1920988578918,943.899018232819,221.668493956045
"L13_3873",2593,6412,2.76044915782907,13.833437305053,944.249649368864,236.851267514678
"L13_3874",3391,9406,2.70040399744844,14.9904316393791,944.600280504909,252.034041073311
"L13_3875",2921,7746,3.18874257681384,14.3945262070746,944.950911640954,267.216814631945
"L13_3876",2549,6321,2.86347096978326,14.8394241417497,945.301542776998,282.399588190578
"L13_3877",3250,8811,3.01895358075133,15.0380206559982,945.652173913044,297.582361749211
"L13_3878",2658,6927,3.37808575140754,16.4717771040855,946.002805049088,312.765135307844
"L13_3879",2778,7150,2.97902097902098,14.4055944055944,946.353436185133,327.947908866477
"L13_3880",3384,9429,2.75745041892035,14.1690529218369,946.704067321178,343.130682425111
"L13_3881",4226,13369,2.21407734310719,14.563542523749,947.054698457223,358.313455983744
"L13_3882",3479,9666,2.60707635009311,15.6734947237741,947.405329593268,373.496229542377
"L13_3883",2771,6915,2.15473608098337,15.4736080983369,947.755960729313,388.67900310101
"L13_3884",2977,8141,2.10047905662695,17.9216312492323,948.106591865358,403.861776659644
"L13_3885",3130,8657,2.36802587501444,17.1652997574217,948.457223001403,419.044550218277
"L13_3886",2915,7925,2.24605678233438,18.4605678233438,948.807854137447,434.22732377691
"L13_3887",2615,6790,2.88659793814433,16.1119293078056,949.158485273492,449.410097335543
"L13_3888",2646,6818,2.96274567321795,16.2657670871223,949.509116409537,464.592870894176
"L13_3889",2553,6656,2.89963942307692,15.8954326923077,949.859747545582,479.77564445281
"L13_3890",2422,6297,3.08083214228998,16.4205177068445,950.210378681627,494.958418011443
"L13_3891",2368,5789,2.55657281050268,16.3931594403178,950.561009817672,510.141191570076
"L13_3892",3211,8960,2.62276785714286,14.1517857142857,950.911640953717,525.323965128709
"L13_3893",2584,6397,2.65749570110989,14.7569173049867,937.938288920056,533.219007379199
"L13_3894",2850,7195,2.50173731758165,16.3585823488534,924.964936886395,541.114049629688
"L13_3895",2542,6454,2.61853114347691,15.0914161760149,911.991584852735,549.009091880177
"L13_3896",3051,8018,2.56921925667249,16.1636318283861,899.018232819074,556.904134130666
"L13_3897",3048,8204,2.85226718673818,17.8815212091663,886.044880785414,564.799176381156
"L13_3898",2910,7535,2.50829462508295,18.7524883875249,873.071528751753,572.694218631645
"L13_3899",3567,10470,3.07545367717288,15.0047755491882,860.098176718093,580.589260882134
"L13_3900",3296,9258,2.46273493195075,17.1851371786563,847.124824684432,588.484303132623
"L13_3901",3137,8286,2.47405261887521,15.9425537050447,834.151472650771,596.379345383113
"L13_3902",3185,9068,2.6356418173798,17.6444640494045,821.178120617111,604.274387633602
"L13_3903",2738,7326,2.75730275730276,15.5064155064155,808.20476858345,612.169429884091
"L13_3904",3148,9100,2.49450549450549,17.3406593406593,795.23141654979,620.06447213458
"L13_3905",2851,7440,2.43279569892473,15.8333333333333,782.258064516129,627.95951438507
"L13_3906",3429,10048,2.63734076433121,16.4112261146497,769.284712482468,635.854556635559
"L13_3907",3380,9827,2.82894067365422,16.5666022183779,756.311360448808,643.749598886048
"L13_3908",3457,10070,2.47269116186693,16.4150943396226,743.338008415147,651.644641136538
"L13_3909",3721,11531,2.50628739918481,18.0990373775041,730.364656381487,659.539683387027
"L13_3910",3481,10137,2.64378021110782,15.3102495807438,717.391304347826,667.434725637516
"L13_3911",2823,7499,3.28043739165222,17.7490332044273,704.417952314166,675.329767888005
"L13_3912",3849,11771,2.14085464276612,17.891428085974,691.444600280505,683.224810138495
"L13_3913",3991,12158,2.4099358447113,18.5721335746011,678.471248246844,691.119852388984
"L13_3914",3068,8203,2.4625137144947,18.3835182250396,665.497896213184,699.014894639473
"L13_3915",2711,6820,2.43401759530792,17.1114369501466,652.524544179523,706.909936889962
"L13_3916",3876,12103,2.16475254069239,20.7469222506816,639.551192145863,714.804979140452
"L13_3917",3744,11059,2.39623835789854,18.1300298399494,626.577840112202,722.700021390941
"L13_3918",3202,9171,2.80231163450005,16.8683894886054,613.604488078541,730.59506364143
"L13_3919",3025,8331,2.38866882727164,18.3531388788861,600.631136044881,738.490105891919
"L13_3920",3750,10888,2.20426157237326,19.6638501102131,587.65778401122,746.385148142409
"L13_3921",3307,9282,3.19974143503555,18.0780004309416,574.68443197756,754.280190392898
"L13_3922",3522,10676,2.41663544398651,18.3402023229674,561.711079943899,762.175232643387
"L13_3923",3152,9359,2.48958222032268,19.1473448017951,548.737727910238,770.070274893877
"L13_3924",4173,13673,1.83573465954801,21.1511738462664,535.764375876578,777.965317144366
"L13_3925",3628,10908,1.77851118445178,19.3344334433443,522.791023842917,785.860359394855
"L13_3926",3750,11201,1.67842156950272,17.4984376394965,509.817671809257,793.755401645344
"L13_3927",3496,10217,1.88900851521973,19.2228638543604,496.844319775596,801.650443895834
"L13_3928",4055,13065,2.44929200153081,18.7294297742059,483.870967741935,809.545486146323
"L13_3929",3562,10672,2.58620689655172,16.2106446776612,470.897615708275,817.440528396812
"L13_3930",3524,10036,2.32164208848147,17.6863292148266,457.924263674614,825.335570647302
"L13_3931",3303,9204,2.84658843980878,16.3950456323338,444.950911640954,833.230612897791
"L13_3932",3104,8703,2.52786395495806,17.6146156497759,431.977559607293,841.12565514828
"L13_3933",2655,7201,3.52728787668379,16.0255520066657,419.004207573633,849.020697398769
"L13_3934",2882,7905,3.26375711574953,17.6344086021505,406.030855539972,856.915739649259
"L13_3935",3103,8216,2.40993184031159,15.8958130477118,393.057503506311,864.810781899748
"L13_3936",1731,4070,3.43980343980344,20.8845208845209,380.084151472651,872.705824150237
"L13_3937",1488,3181,3.23797547940899,18.4847532222572,367.11079943899,880.600866400726
"L13_3938",1163,2297,2.69917283413148,20.3308663474097,354.13744740533,888.495908651216
"L13_3939",1005,1916,2.71398747390397,18.8935281837161,341.164095371669,896.390950901705
"L13_3940",972,1727,2.43196294151708,18.1818181818182,328.190743338008,904.285993152194
"L13_3941",1010,1820,2.30769230769231,19.3406593406593,315.217391304348,912.181035402684
"L13_3942",922,1762,3.06469920544835,17.5936435868331,302.244039270687,920.076077653173
"L13_3943",1060,2005,2.7930174563591,18.6533665835411,289.270687237027,927.971119903662
"L13_3944",1102,2058,3.06122448979592,17.5898931000972,276.297335203366,935.866162154151
"L13_3945",1201,2269,2.24768620537682,15.2930806522697,263.323983169705,943.761204404641
"L13_3946",1212,2340,3.5042735042735,13.4188034188034,250.350631136045,951.65624665513
"L13_3947",2071,4648,3.48537005163511,16.3080895008606,237.377279102384,959.551288905619
"L13_3948",2978,7672,3.07612095933264,16.2278415015641,224.403927068724,967.446331156108
"L13_3949",2747,7133,3.18239170054675,17.8326090004206,211.430575035063,975.341373406598
"L13_3954",552,843,2.60972716488731,13.5231316725979,951.963534361851,1.21462188469066
"L13_3955",572,902,2.32815964523282,20.8425720620843,952.314165497896,16.3973954433239
"L13_3956",631,969,3.50877192982456,13.4158926728586,952.664796633941,31.5801690019571
"L13_3957",792,1346,1.70876671619614,13.7444279346211,953.015427769986,46.7629425605903
"L13_3958",1349,2439,2.4190241902419,11.3981139811398,953.366058906031,61.9457161192235
"L13_3959",1141,1925,1.92207792207792,12.2597402597403,953.716690042076,77.1284896778567
"L13_3960",1202,2116,1.79584120982987,10.2551984877127,954.067321178121,92.3112632364899
"L13_3961",1259,2247,1.95816644414775,14.5527369826435,954.417952314166,107.494036795123
"L13_3962",1031,1755,2.90598290598291,12.2507122507123,954.76858345021,122.676810353756
"L13_3963",1295,2397,2.50312891113892,13.4751773049645,955.119214586255,137.85958391239
"L13_3964",1119,2008,2.98804780876494,12.699203187251,955.4698457223,153.042357471023
"L13_3965",1250,2332,3.47341337907376,12.9073756432247,955.820476858345,168.225131029656
"L13_3966",1704,3391,4.09908581539369,12.9165437923916,956.17110799439,183.407904588289
"L13_3967",1935,4047,2.86632073140598,12.7996046454164,956.521739130435,198.590678146922
"L13_3968",2046,4545,3.80638063806381,13.5533553355336,956.87237026648,213.773451705556
"L13_3969",2383,5389,2.70922249025793,13.4347745407311,957.223001402525,228.956225264189
"L13_3970",2628,6548,2.48930971288943,14.9816737935247,957.573632538569,244.138998822822
"L13_3971",2866,7414,2.41435122740761,16.0102508767197,957.924263674614,259.321772381455
"L13_3972",2793,7197,3.61261636793108,13.7418368764763,958.274894810659,274.504545940089
"L13_3973",3217,8727,2.81883808869027,13.1316603643864,958.625525946704,289.687319498722
"L13_3974",3189,8494,3.0374381916647,15.611019543207,958.976157082749,304.870093057355
"L13_3975",3283,8832,2.61548913043478,17.2780797101449,959.326788218794,320.052866615988
"L13_3976",3287,9019,2.35059319214991,16.8533096795654,959.677419354839,335.235640174621
"L13_3977",3604,10545,2.50355618776671,14.8601232811759,960.028050490884,350.418413733255
"L13_3978",3126,8399,2.14311227527087,15.394689844029,960.378681626928,365.601187291888
"L13_3979",2583,6483,2.89989202529693,16.3813049514114,960.729312762973,380.783960850521
"L13_3980",2170,5312,3.06852409638554,17.4134036144578,961.079943899018,395.966734409154
"L13_3981",2481,6170,3.16045380875203,17.8282009724473,961.430575035063,411.149507967787
"L13_3982",2224,5565,3.48607367475292,17.1967654986523,961.781206171108,426.332281526421
"L13_3983",1959,4595,3.63438520130577,17.0837867247008,962.131837307153,441.515055085054
"L13_3984",1987,4508,2.88376220053239,16.6149068322981,962.482468443198,456.697828643687
"L13_3985",2097,4917,3.43705511490746,15.7616432784218,962.833099579243,471.88060220232
"L13_3986",1698,3763,3.26866861546638,16.688812117991,963.183730715288,487.063375760954
"L13_3987",2664,7019,2.13705656076364,19.0625445220117,963.534361851332,502.246149319587
"L13_3988",2676,7159,2.69590724961587,18.256739768124,963.884992987377,517.42892287822
"L13_3989",2511,6291,2.87712605309172,15.6096010173263,964.235624123422,532.611696436853
"L13_3990",2241,5341,2.34038569556263,16.0269612432129,951.262272089762,540.506738687342
"L13_3991",2263,5417,2.4736939265276,17.8512091563596,938.288920056101,548.401780937832
"L13_3992",2653,6940,2.73775216138329,16.5994236311239,925.31556802244,556.296823188321
"L13_3993",2630,6621,2.49207068418668,14.9675275638121,912.34221598878,564.19186543881
"L13_3994",2584,6636,2.57685352622061,15.370705244123,899.368863955119,572.0869076893
"L13_3995",2917,8073,2.96048556918122,16.4498947107643,886.395511921459,579.981949939789
"L13_3996",3147,8902,3.35879577623006,16.9400134801168,873.422159887798,587.876992190278
"L13_3997",2969,7987,2.85463878803055,15.0870164016527,860.448807854137,595.772034440767
"L13_3998",3037,8489,2.42666980798681,16.6215101896572,847.475455820477,603.667076691257
"L13_3999",2799,7515,2.59481037924152,17.831004657352,834.502103786816,611.562118941746
"L13_4000",3229,9304,3.07394668959587,15.9931212381771,821.528751753156,619.457161192235
"L13_4001",2579,6739,3.04199436118118,16.8274224662413,808.555399719495,627.352203442724
"L13_4002",2158,5306,2.63852242744063,18.5638899359216,795.582047685834,635.247245693214
"L13_4003",2447,6548,2.85583384239462,17.0891875381796,782.608695652174,643.142287943703
"L13_4004",3329,9440,2.57415254237288,16.2817796610169,769.635343618513,651.037330194192
"L13_4005",3070,8310,2.58724428399519,14.5126353790614,756.661991584853,658.932372444682
"L13_4006",3139,8490,2.24970553592462,14.8645465253239,743.688639551192,666.827414695171
"L13_4007",3323,9473,3.09300116119498,13.9343397023118,730.715287517532,674.72245694566
"L13_4008",3276,9498,2.90587492103601,16.5192672141504,717.741935483871,682.617499196149
"L13_4009",3610,10725,2.63869463869464,17.2960372960373,704.76858345021,690.512541446639
"L13_4010",4360,15229,1.93709370280386,23.2057259176571,691.79523141655,698.407583697128
"L13_4011",3553,10741,2.19718834372963,20.2774415789964,678.821879382889,706.302625947617
"L13_4012",2443,6272,2.5031887755102,18.1760204081633,665.848527349229,714.197668198106
"L13_4013",3276,9299,2.19378427787934,18.346058715991,652.875175315568,722.092710448596
"L13_4014",3861,12150,2.26337448559671,19.3662551440329,639.901823281907,729.987752699085
"L13_4015",2832,7697,3.1051058854099,18.3707938157724,626.928471248247,737.882794949574
"L13_4016",2203,5239,3.35941973659095,17.5987783928231,613.955119214586,745.777837200063
"L13_4017",2856,8026,2.60403688013955,18.764016944929,600.981767180926,753.672879450553
"L13_4018",3357,10003,2.50924722583225,19.7240827751674,588.008415147265,761.567921701042
"L13_4019",4019,12440,2.17041800643087,18.0868167202572,575.035063113604,769.462963951531
"L13_4020",3271,9234,2.33918128654971,18.2044617717132,562.061711079944,777.358006202021
"L13_4021",3332,9254,2.26928895612708,18.4460773719473,549.088359046283,785.25304845251
"L13_4022",3890,12024,2.13739188290086,18.8705921490353,536.115007012623,793.148090702999
"L13_4023",3642,10468,1.95834925487199,18.3225066870462,523.141654978962,801.043132953488
"L13_4024",3673,10438,1.69572715079517,18.5284537267676,510.168302945302,808.938175203978
"L13_4025",3843,11874,2.26545393296278,18.3510190331817,497.194950911641,816.833217454467
"L13_4026",3624,10819,2.31074960717257,17.1087900915057,484.22159887798,824.728259704956
"L13_4027",3667,11040,2.26449275362319,18.9221014492754,471.24824684432,832.623301955445
"L13_4028",3201,8807,2.87271488588623,16.9070057908482,458.274894810659,840.518344205935
"L13_4029",3441,9679,2.78954437441885,16.9232358714743,445.301542776999,848.413386456424
"L13_4030",2396,6166,3.13006811547194,17.8884203697697,432.328190743338,856.308428706913
"L13_4031",2158,5368,2.79433681073025,18.7965722801788,419.354838709677,864.203470957403
"L13_4032",2890,7735,2.7278603749192,17.3367808661926,406.381486676017,872.098513207892
"L13_4033",2547,6555,1.95270785659802,20.7017543859649,393.408134642356,879.993555458381
"L13_4034",1441,2989,3.01104048176648,21.2445633991301,380.434782608696,887.88859770887
"L13_4035",1193,2448,3.22712418300654,17.8104575163399,367.461430575035,895.78363995936
"L13_4036",819,1512,3.57142857142857,17.989417989418,354.488078541374,903.678682209849
"L13_4037",687,1185,3.37552742616034,17.2151898734177,341.514726507714,911.573724460338
"L13_4038",715,1229,2.11554109031733,19.1212367778682,328.541374474053,919.468766710828
"L13_4039",766,1268,1.49842271293375,18.7697160883281,315.568022440393,927.363808961317
"L13_4040",849,1482,2.22672064777328,16.9365721997301,302.594670406732,935.258851211806
"L13_4041",909,1689,2.66429840142096,18.5316755476613,289.621318373072,943.153893462295
"L13_4042",1069,1976,3.03643724696356,17.3582995951417,276.647966339411,951.048935712785
"L13_4043",1070,1985,3.02267002518892,16.7758186397985,263.67461430575,958.943977963274
"L13_4044",1197,2257,2.17102348249889,16.9694284448383,250.70126227209,966.839020213763
"L13_4045",2324,5604,3.56887937187723,18.9150606709493,237.727910238429,974.734062464252
"L13_4046",2699,6842,4.1069862613271,18.5325928091201,224.754558204769,982.629104714742
"L13_4051",408,607,3.78912685337726,13.5090609555189,965.287517531557,8.5023531928346
"L13_4052",586,897,2.34113712374582,15.7190635451505,965.638148667602,23.6851267514678
"L13_4053",891,1532,3.26370757180157,12.597911227154,965.988779803647,38.867900310101
"L13_4054",1694,3288,2.49391727493917,13.1082725060827,966.339410939691,54.0506738687342
"L13_4055",1470,2696,1.85459940652819,11.3501483679525,966.690042075736,69.2334474273675
"L13_4056",1363,2444,1.30932896890344,10.6792144026187,967.040673211781,84.4162209860007
"L13_4057",1188,2120,2.02830188679245,12.4056603773585,967.391304347826,99.5989945446339
"L13_4058",1132,1990,2.8643216080402,11.3065326633166,967.741935483871,114.781768103267
"L13_4059",1477,2743,2.5154939846883,11.5202333211812,968.092566619916,129.9645416619
"L13_4060",1188,2212,2.93851717902351,12.9294755877034,968.443197755961,145.147315220534
"L13_4061",1221,2273,2.15574131104268,13.2864056313242,968.793828892006,160.330088779167
"L13_4062",1747,3557,2.27719988754568,13.0165870115266,969.14446002805,175.5128623378
"L13_4063",2721,6815,2.64123257520176,15.4218635363169,969.495091164095,190.695635896433
"L13_4064",2430,5886,2.82025144410466,13.6935100237853,969.84572230014,205.878409455066
"L13_4065",2800,7107,2.80005628253834,12.4665822428592,970.196353436185,221.0611830137
"L13_4066",2670,6620,2.67371601208459,14.1691842900302,970.54698457223,236.243956572333
"L13_4067",3136,8674,2.77841826147106,13.603873645377,970.897615708275,251.426730130966
"L13_4068",3490,9831,2.60400773064795,14.6678872952904,971.24824684432,266.609503689599
"L13_4069",3194,8120,2.62315270935961,14.1995073891626,971.598877980365,281.792277248232
"L13_4070",3151,8277,2.4042527485804,14.9933550803431,971.94950911641,296.975050806866
"L13_4072",3099,8549,2.67867586852263,16.832378055913,972.650771388499,327.340597924132
"L13_4073",3207,8705,2.38943136128662,15.0947731188972,973.001402524544,342.523371482765
"L13_4074",3478,9835,2.64361972547026,16.176919166243,973.352033660589,357.706145041399
"L13_4075",3484,10020,1.69660678642715,18.8323353293413,973.702664796634,372.888918600032
"L13_4076",1966,4567,3.02167724983578,18.5241953142106,974.053295932679,388.071692158665
"L13_4077",2026,4722,2.68953833121559,17.4078780177891,974.403927068724,403.254465717298
"L13_4078",2075,5154,2.61932479627474,17.9860302677532,974.754558204768,418.437239275931
"L13_4079",2180,5174,3.07305759567066,17.1820641669888,975.105189340814,433.620012834565
"L13_4080",2079,4783,2.82249634120845,17.1649592306084,975.455820476858,448.802786393198
"L13_4081",1798,3944,3.27079107505071,15.1115618661258,975.806451612903,463.985559951831
"L13_4082",1971,4392,2.25409836065574,16.9626593806922,976.157082748948,479.168333510464
"L13_4083",2194,5231,2.35136685146244,18.1036130758937,976.507713884993,494.351107069098
"L13_4084",3043,8475,2.04129793510324,20.23598820059,976.858345021038,509.533880627731
"L13_4085",2511,6119,2.10818761235496,17.2086942310835,977.208976157083,524.716654186364
"L13_4086",1506,3144,2.79898218829517,16.7302798982188,977.559607293128,539.899427744997
"L13_4087",1519,3316,3.28709288299156,15.9831121833534,964.586255259467,547.794469995486
"L13_4088",2174,5233,2.57978215172941,16.5488247659087,951.612903225806,555.689512245976
"L13_4089",1926,4344,2.64732965009208,15.7228360957643,938.639551192146,563.584554496465
"L13_4090",2175,5246,2.85932138772398,17.365611894777,925.666199158485,571.479596746954
"L13_4091",2228,5408,2.92159763313609,16.6789940828402,912.692847124825,579.374638997443
"L13_4092",2654,7011,2.65297389816003,17.5153330480673,899.719495091164,587.269681247933
"L13_4093",2495,6313,3.15222556629178,17.7411690163155,886.746143057503,595.164723498422
"L13_4094",2437,6030,3.6318407960199,15.7545605306799,873.772791023843,603.059765748911
"L13_4095",3468,10125,2.46913580246914,17.9950617283951,860.799438990182,610.9548079994
"L13_4096",3147,9443,2.82749126336969,17.4626707614106,847.826086956522,618.84985024989
"L13_4097",3597,10253,2.58460938261972,19.2138886179655,834.852734922861,626.744892500379
"L13_4098",2591,6389,2.61386758491157,16.95100954766,821.879382889201,634.639934750868
"L13_4099",2810,7693,2.65176134147927,20.7981281684648,808.90603085554,642.534977001358
"L13_4100",2790,7578,2.56004222750066,20.6518870414357,795.932678821879,650.430019251847
"L13_4101",2905,7754,2.37296879030178,18.8031983492391,782.959326788219,658.325061502336
"L13_4102",3099,8334,2.57979361651068,16.6546676265899,769.985974754558,666.220103752825
"L13_4103",3060,8121,2.78290850880433,12.8186183967492,757.012622720898,674.115146003315
"L13_4104",3085,8459,2.683532332427,14.61165622414,744.039270687237,682.010188253804
"L13_4105",2816,7736,2.68872802481903,16.3391933815926,731.065918653576,689.905230504293
"L13_4106",2247,5615,2.6179875333927,19.0382902938557,718.092566619916,697.800272754783
"L13_4107",3059,8845,3.23346523459582,19.4573205200678,705.119214586255,705.695315005272
"L13_4108",3610,11133,2.49708075092069,20.7401419204168,692.145862552595,713.590357255761
"L13_4109",2873,7826,3.09225658062867,15.9212880143113,679.172510518934,721.48539950625
"L13_4110",2701,7186,2.37962705260228,17.4505983857501,666.199158485274,729.38044175674
"L13_4111",2462,6166,2.65974699967564,17.6289328576062,653.225806451613,737.275484007229
"L13_4112",3023,8470,2.78630460448642,17.4616292798111,640.252454417952,745.170526257718
"L13_4113",2539,6529,3.18578649103998,16.1586766733037,627.279102384292,753.065568508207
"L13_4114",3052,8476,2.67815007078811,18.9476168003775,614.305750350631,760.960610758697
"L13_4115",3853,11763,2.29533282325937,17.5380430162374,601.332398316971,768.855653009186
"L13_4116",3650,11175,1.97762863534676,20.1342281879195,588.35904628331,776.750695259675
"L13_4117",3252,9564,2.83354245085738,16.9594312003346,575.385694249649,784.645737510165
"L13_4118",3471,9999,2.54025402540254,18.1518151815182,562.412342215989,792.540779760654
"L13_4119",3803,11819,2.59751247990524,17.082663507911,549.438990182328,800.435822011143
"L13_4120",3294,9737,2.43401458354729,17.1921536407518,536.465638148668,808.330864261632
"L13_4121",3454,9847,2.64039809078907,17.2641413628516,523.492286115007,816.225906512122
"L13_4122",3678,10886,2.64559985302223,18.1884989895278,510.518934081346,824.120948762611
"L13_4123",3480,10140,2.51479289940828,17.2978303747534,497.545582047686,832.0159910131
"L13_4124",3461,10038,2.82924885435346,16.8559473998805,484.572230014025,839.911033263589
"L13_4125",2710,7273,2.79114533205005,17.9155781658188,471.598877980365,847.806075514079
"L13_4126",2775,7386,2.97860817763336,18.8058489033306,458.625525946704,855.701117764568
"L13_4127",3900,12420,2.61674718196457,18.8808373590982,445.652173913043,863.596160015057
"L13_4128",2365,5646,2.55047821466525,18.9337584130358,432.678821879383,871.491202265546
"L13_4129",2845,7341,3.31017572537801,16.1285928347637,419.705469845722,879.386244516036
"L13_4130",2528,6167,2.93497648775742,17.5287822279877,406.732117812062,887.281286766525
"L13_4131",1527,3279,2.98871607197316,18.6642268984446,393.758765778401,895.176329017014
"L13_4132",1276,2743,2.7342325920525,20.3426904848706,380.78541374474,903.071371267504
"L13_4133",813,1472,3.80434782608696,19.4972826086957,367.81206171108,910.966413517993
"L13_4134",643,1164,3.35051546391753,21.1340206185567,354.838709677419,918.861455768482
"L13_4135",711,1219,1.39458572600492,17.5553732567678,341.865357643759,926.756498018971
"L13_4136",615,1049,2.47855100095329,18.2078169685415,328.892005610098,934.651540269461
"L13_4137",641,1048,3.72137404580153,18.3206106870229,315.918653576438,942.54658251995
"L13_4138",745,1332,3.37837837837838,18.4684684684685,302.945301542777,950.441624770439
"L13_4139",836,1434,3.69595536959554,15.1324965132497,289.971949509116,958.336667020928
"L13_4140",788,1418,3.17348377997179,16.4315937940762,276.998597475456,966.231709271418
"L13_4141",807,1378,3.77358490566038,19.1582002902758,264.025245441795,974.126751521907
"L13_4142",1010,1798,2.33592880978865,17.6307007786429,251.051893408135,982.021793772396
"L13_4143",1500,2961,4.05268490374873,16.2107396149949,238.078541374474,989.916836022886
"L13_4144",1442,2967,6.06673407482305,16.6498146275699,225.105189340813,997.811878273375
"L13_4146",179,248,2.01612903225806,14.5161290322581,978.260869565217,0.607310942345329
"L13_4147",207,289,2.07612456747405,16.9550173010381,978.611500701262,15.7900845009785
"L13_4148",492,754,5.30503978779841,14.8541114058355,978.962131837307,30.9728580596118
"L13_4149",943,1580,3.9873417721519,11.2658227848101,979.312762973352,46.155631618245
"L13_4150",1485,2830,2.36749116607774,12.1201413427562,979.663394109397,61.3384051768782
"L13_4151",1339,2609,2.68302031429667,14.5649674204676,980.014025245442,76.5211787355114
"L13_4152",1206,2206,2.49320036264733,13.5539437896646,980.364656381487,91.7039522941446
"L13_4153",1268,2355,2.46284501061571,11.8895966029724,980.715287517532,106.886725852778
"L13_4154",1478,2974,2.95897780766644,11.2979152656355,981.065918653576,122.069499411411
"L13_4155",1495,2801,1.99928596929668,11.6029989289539,981.416549789621,137.252272970044
"L13_4156",1085,1851,2.26904376012966,14.0464613722312,981.767180925666,152.435046528677
"L13_4157",1835,3734,2.22281735404392,14.4617032672737,982.117812061711,167.617820087311
"L13_4158",2708,6364,2.18416090509114,13.874921433061,982.468443197756,182.800593645944
"L13_4159",2667,6388,2.41077019411396,15.7169693174703,982.819074333801,197.983367204577
"L13_4160",2840,7333,2.42738306286649,15.27342151916,983.169705469846,213.16614076321
"L13_4161",3236,8825,2.95750708215297,14.5949008498584,983.52033660589,228.348914321844
"L13_4162",3150,8484,2.0980669495521,14.3092880716643,983.870967741936,243.531687880477
"L13_4163",3500,10019,2.60505040423196,13.454436570516,984.22159887798,258.71446143911
"L13_4164",3380,9290,2.42195909580194,14.1442411194833,984.572230014025,273.897234997743
"L13_4165",3454,9132,2.5514673674989,14.2794568550153,984.92286115007,289.080008556376
"L13_4166",2975,7384,2.11267605633803,14.2605633802817,985.273492286115,304.26278211501
"L13_4167",3495,9831,2.18695961753636,15.9190316346252,985.62412342216,319.445555673643
"L13_4168",3414,9801,2.8670543822059,15.2943577186001,985.974754558205,334.628329232276
"L13_4169",3696,10858,2.09983422361393,14.4225455885062,986.32538569425,349.811102790909
"L13_4170",3618,10207,2.2435583423141,15.793083178211,986.676016830294,364.993876349542
"L13_4171",3071,8413,2.55556876262926,16.7003447046238,987.026647966339,380.176649908176
"L13_4172",2072,4856,2.40939044481054,17.5658978583196,987.377279102384,395.359423466809
"L13_4173",2348,5873,2.79243997956751,18.1508598671888,987.727910238429,410.542197025442
"L13_4174",2189,5363,2.74100316986761,18.6462800671266,988.078541374474,425.724970584075
"L13_4175",2551,6368,2.07286432160804,17.5565326633166,988.429172510519,440.907744142709
"L13_4176",2178,5079,2.55955896830085,16.2236660759992,988.779803646564,456.090517701342
"L13_4177",1651,3413,2.54907705830648,17.9900380896572,989.130434782609,471.273291259975
"L13_4178",2244,5351,1.99962623808634,18.2769575780228,989.481065918654,486.456064818608
"L13_4179",1754,4109,2.60403991238744,23.2903382818204,989.831697054698,501.638838377241
"L13_4180",2034,4875,2.83076923076923,20.6564102564103,990.182328190743,516.821611935875
"L13_4181",1745,3908,2.86591606960082,19.4472876151484,990.532959326788,532.004385494508
"L13_4182",1418,3063,2.74240940254652,20.0457068233758,990.883590462833,547.187159053141
"L13_4183",1331,2809,2.59878960484158,20.2563189747241,977.910238429172,555.08220130363
"L13_4184",1497,3250,2.86153846153846,20.7076923076923,964.936886395512,562.97724355412
"L13_4185",1814,4054,3.13270843611248,15.0715342871238,951.963534361851,570.872285804609
"L13_4186",2199,5230,2.73422562141491,15.8126195028681,938.990182328191,578.767328055098
"L13_4187",2036,4716,3.30788804071247,17.0483460559796,926.01683029453,586.662370305587
"L13_4188",1736,3766,2.81465746149761,17.2596919808816,913.04347826087,594.557412556077
"L13_4189",2646,6706,2.80345958842827,16.0900685952878,900.070126227209,602.452454806566
"L13_4190",2254,5583,2.57925846319183,17.0338527673294,887.096774193548,610.347497057055
"L13_4191",3344,9404,2.67971076137814,16.567418119949,874.123422159888,618.242539307544
"L13_4192",4274,13600,2.38970588235294,17.0147058823529,861.150070126227,626.137581558034
"L13_4193",3731,10802,2.44399185336049,16.6450657285688,848.176718092567,634.032623808523
"L13_4194",2770,7311,2.99548625359048,16.6461496375325,835.203366058906,641.927666059012
"L13_4195",2114,5065,3.15893385982231,17.6110562685094,822.230014025245,649.822708309502
"L13_4196",3790,11668,2.57113472745972,18.0493657867672,809.256661991585,657.717750559991
"L13_4197",3430,9882,2.32746407609796,19.6620117385145,796.283309957924,665.61279281048
"L13_4198",2795,7125,2.20350877192982,17.8526315789474,783.309957924264,673.507835060969
"L13_4199",3350,10171,2.87090748205683,18.1594730115033,770.336605890603,681.402877311459
"L13_4200",3171,8793,3.22984191970886,15.717047651541,757.363253856942,689.297919561948
"L13_4201",2503,6332,3.00063171193936,16.6456096020215,744.389901823282,697.192961812437
"L13_4202",2012,4724,3.40812870448772,18.0143945808637,731.416549789621,705.088004062926
"L13_4203",2138,5205,3.80403458213256,17.1181556195965,718.443197755961,712.983046313416
"L13_4204",3236,9021,2.57177696485977,17.6033699146436,705.4698457223,720.878088563905
"L13_4205",3028,8247,2.74039044501031,17.4002667636716,692.496493688639,728.773130814394
"L13_4206",2911,8273,2.57464039647045,18.6631209960111,679.523141654979,736.668173064884
"L13_4207",2822,7517,2.38126912332047,19.023546627644,666.549789621318,744.563215315373
"L13_4208",3085,8572,2.71815212319179,17.627158189454,653.576437587658,752.458257565862
"L13_4209",3709,11556,2.69989615784008,17.11664935964,640.603085553997,760.353299816351
"L13_4210",3129,8652,2.23069810448451,18.1345353675451,627.629733520337,768.248342066841
"L13_4211",4030,12615,2.35434007134364,18.9774078478002,614.656381486676,776.14338431733
"L13_4212",4276,14371,2.31020805789437,18.1824507689096,601.683029453015,784.038426567819
"L13_4213",3430,10034,2.78054614311341,18.477177596173,588.709677419355,791.933468818308
"L13_4214",3915,12145,3.03828736105393,17.9415397282832,575.736325385694,799.828511068798
"L13_4215",4113,13091,2.39859445420518,17.1950194790314,562.762973352034,807.723553319287
"L13_4216",3280,9643,2.89329046977082,17.9508451726641,549.789621318373,815.618595569776
"L13_4217",3131,9115,2.12835984640702,20.5704882062534,536.816269284712,823.513637820266
"L13_4218",3042,8402,2.79695310640324,16.5555820042847,523.842917251052,831.408680070755
"L13_4219",3389,9965,3.28148519819368,17.5413948820873,510.869565217391,839.303722321244
"L13_4220",3228,9404,3.05189281156954,16.9076988515525,497.896213183731,847.198764571733
"L13_4221",2759,7033,2.40295748613678,16.1097682354614,484.92286115007,855.093806822223
"L13_4222",2744,7198,2.80633509308141,18.8107807724368,471.94950911641,862.988849072712
"L13_4223",4725,16099,1.97527796757563,20.7093608298652,458.976157082749,870.883891323201
"L13_4224",3236,8935,2.08170117515389,19.429210968103,446.002805049088,878.77893357369
"L13_4225",2504,6148,2.79765777488614,20.266753415745,433.029453015428,886.67397582418
"L13_4226",2108,4714,2.71531607976241,18.7950784896054,420.056100981767,894.569018074669
"L13_4227",1588,3402,2.55731922398589,19.1358024691358,407.082748948107,902.464060325158
"L13_4228",1226,2484,4.34782608695652,18.3574879227053,394.109396914446,910.359102575648
"L13_4229",891,1776,3.04054054054054,19.7635135135135,381.136044880785,918.254144826137
"L13_4230",648,1058,3.49716446124764,19.9432892249527,368.162692847125,926.149187076626
"L13_4231",551,936,2.77777777777778,20.9401709401709,355.189340813464,934.044229327115
"L13_4232",512,822,2.67639902676399,19.4647201946472,342.215988779804,941.939271577605
"L13_4233",531,909,2.53025302530253,21.012101210121,329.242636746143,949.834313828094
"L13_4234",664,1115,3.04932735426009,17.1300448430493,316.269284712482,957.729356078583
"L13_4235",600,993,2.7190332326284,17.1198388721047,303.295932678822,965.624398329072
"L13_4236",803,1331,2.93012772351615,17.2051089406461,290.322580645161,973.519440579562
"L13_4237",883,1550,2.58064516129032,15.6774193548387,277.349228611501,981.414482830051
"L13_4238",857,1482,2.90148448043185,13.8326585695007,264.37587657784,989.30952508054
"L13_4239",956,1656,3.38164251207729,17.0289855072464,251.40252454418,997.20456733103
"L13_4240",777,1364,4.03225806451613,15.9090909090909,238.429172510519,1005.09960958152
"L13_4241",157,228,3.50877192982456,21.9298245614035,991.584852734923,7.89504225048927
"L13_4242",245,346,2.60115606936416,17.3410404624277,991.935483870968,23.0778158091225
"L13_4243",645,1019,3.82728164867517,17.0755642787046,992.286115007012,38.2605893677557
"L13_4244",1234,2193,3.10077519379845,12.3575011399909,992.636746143058,53.4433629263889
"L13_4245",1448,2792,3.47421203438395,12.5,992.987377279102,68.6261364850221
"L13_4246",1566,3066,2.41356816699282,14.7097195042401,993.338008415147,83.8089100436553
"L13_4247",1649,3332,2.1608643457383,13.5954381752701,993.688639551192,98.9916836022886
"L13_4248",1626,3221,2.88730208009935,12.3253647935424,994.039270687237,114.174457160922
"L13_4249",1721,3386,2.09686946249262,13.4376845835794,994.389901823282,129.357230719555
"L13_4250",2032,4237,2.14774604673118,13.4529147982063,994.740532959327,144.540004278188
"L13_4251",1758,3607,2.63376767396729,14.9708899362351,995.091164095372,159.722777836821
"L13_4252",2477,5477,1.93536607631915,13.602337045828,995.441795231417,174.905551395455
"L13_4253",3113,7890,1.98986058301648,16.020278833967,995.792426367461,190.088324954088
"L13_4254",3066,7982,1.96692558256076,16.2114758205963,996.143057503506,205.271098512721
"L13_4255",3055,8007,2.33545647558386,12.9636568002997,996.493688639551,220.453872071354
"L13_4256",2160,4883,2.19127585500717,14.7655130043006,996.844319775596,235.636645629987
"L13_4257",3048,7603,1.97290543206629,15.1387610153887,997.194950911641,250.819419188621
"L13_4258",2747,6957,1.71050740261607,14.9777202817306,997.545582047686,266.002192747254
"L13_4259",2786,6683,1.96019751608559,14.0805027682179,997.896213183731,281.184966305887
"L13_4260",2253,4969,1.95210303884081,13.4433487623264,998.246844319776,296.36773986452
"L13_4261",1889,4060,2.68472906403941,14.1871921182266,998.59747545582,311.550513423154
"L13_4262",2056,4513,2.48171947706625,16.4635497451806,998.948106591865,326.733286981787
"L13_4263",2225,5067,2.23011643970791,15.8673771462404,999.29873772791,341.91606054042
"L13_4264",2034,4605,1.73724212812161,16.4386536373507,999.649368863955,357.098834099053
"L13_4265",2059,4750,2.25263157894737,17.1157894736842,1000,372.281607657686
"L13_4266",1388,2776,1.76512968299712,16.1383285302594,1000.35063113604,387.46438121632
"L13_4267",1404,2879,2.77874261896492,17.1240013893713,1000.70126227209,402.647154774953
"L13_4278",1374,2761,2.42665700833032,18.8337558855487,991.234221598878,562.369932611774
"L13_4279",1262,2487,2.33212706071572,18.4559710494572,978.260869565217,570.264974862264
"L13_4280",1425,3010,3.55481727574751,16.3787375415282,965.287517531557,578.160017112753
"L13_4281",1370,2829,2.89855072463768,16.8257334747261,952.314165497896,586.055059363242
"L13_4282",1506,3116,3.17715019255456,17.9075738125802,939.340813464236,593.950101613731
"L13_4283",1581,3333,2.73027302730273,20.01200120012,926.367461430575,601.845143864221
"L13_4284",1851,4400,2.90909090909091,19.2045454545455,913.394109396914,609.74018611471
"L13_4285",3132,8806,2.48694072223484,15.6484215307745,900.420757363254,617.635228365199
"L13_4286",3294,9175,3.05177111716621,15.6403269754768,887.447405329593,625.530270615688
"L13_4287",3128,8645,3.06535569693464,15.3499132446501,874.474053295933,633.425312866178
"L13_4288",3379,9472,2.72381756756757,16.7124155405405,861.500701262272,641.320355116667
"L13_4289",3009,8041,2.87277701778386,15.9557268996393,848.527349228611,649.215397367156
"L13_4290",2538,6513,3.17825886688162,17.3959772762168,835.553997194951,657.110439617646
"L13_4291",3520,10130,2.72458045409674,16.4165844027641,822.58064516129,665.005481868135
"L13_4292",3858,11893,2.05162700748339,17.7751618599176,809.60729312763,672.900524118624
"L13_4293",3127,9143,2.74526960516242,19.3481351853877,796.633941093969,680.795566369113
"L13_4294",3450,10356,2.56855928930089,18.4820393974508,783.660589060309,688.690608619603
"L13_4295",3432,10122,2.64769808338273,16.2517289073306,770.687237026648,696.585650870092
"L13_4296",2798,7268,3.52228948816731,14.8046230049532,757.713884992987,704.480693120581
"L13_4297",2154,5149,3.41813944455234,14.6436201204117,744.740532959327,712.37573537107
"L13_4298",2499,6115,2.71463614063778,15.5355682747343,731.767180925666,720.27077762156
"L13_4299",3631,10236,2.42282141461508,15.7190308714342,718.793828892006,728.165819872049
"L13_4300",3737,11134,2.73935692473505,17.1366984012933,705.820476858345,736.060862122538
"L13_4301",2922,8131,2.5827081539786,16.9474849342024,692.847124824684,743.955904373027
"L13_4302",3535,10568,2.64950794852385,17.8274034822104,679.873772791024,751.850946623517
"L13_4303",3199,8935,2.18242865137101,17.5041969781757,666.900420757363,759.745988874006
"L13_4304",3261,9258,2.90559516094189,15.6945344566861,653.927068723703,767.641031124495
"L13_4305",3229,9318,2.73663876368319,17.6003434213351,640.953716690042,775.536073374985
"L13_4306",3001,8133,2.60666420754949,18.6646993729251,627.980364656381,783.431115625474
"L13_4307",3609,10945,3.27089995431704,16.9666514390132,615.007012622721,791.326157875963
"L13_4308",3814,12032,3.20811170212766,16.8633643617021,602.03366058906,799.221200126452
"L13_4309",3237,9431,2.60841904357968,17.9196267628035,589.0603085554,807.116242376942
"L13_4310",4170,13375,2.58691588785047,17.8018691588785,576.086956521739,815.011284627431
"L13_4311",3830,11546,2.018014896934,17.1574571280097,563.113604488079,822.90632687792
"L13_4312",3387,9805,2.78429372768995,16.2060173380928,550.140252454418,830.801369128409
"L13_4313",3461,10077,2.21296020641064,18.2792497767193,537.166900420757,838.696411378899
"L13_4314",2777,7440,2.8494623655914,17.7822580645161,524.193548387097,846.591453629388
"L13_4315",2891,7853,2.01196994779065,16.3377053355406,511.220196353436,854.486495879877
"L13_4316",3149,8364,2.41511238641798,16.9894787183166,498.246844319776,862.381538130367
"L13_4317",2932,7928,2.49747729566095,19.1977800201816,485.273492286115,870.276580380856
"L13_4318",3903,11854,2.26927619368989,18.3482368820651,472.300140252454,878.171622631345
"L13_4319",3158,8664,2.06602031394275,19.6791320406279,459.326788218794,886.066664881834
"L13_4320",2590,6470,2.31839258114374,19.613601236476,446.353436185133,893.961707132324
"L13_4321",2339,5385,1.93129062209842,20.3714020427112,433.380084151473,901.856749382813
"L13_4322",1575,3328,2.37379807692308,20.3425480769231,420.406732117812,909.751791633302
"L13_4323",1215,2362,2.79424216765453,18.839966130398,407.433380084151,917.646833883792
"L13_4324",873,1566,2.61813537675607,17.8799489144317,394.460028050491,925.541876134281
"L13_4325",705,1135,2.99559471365639,17.3568281938326,381.48667601683,933.43691838477
"L13_4326",456,704,4.82954545454545,17.8977272727273,368.51332398317,941.331960635259
"L13_4327",451,689,2.75761973875181,16.4005805515239,355.539971949509,949.227002885749
"L13_4328",499,737,3.3921302578019,16.2822252374491,342.566619915848,957.122045136238
"L13_4329",523,794,3.14861460957179,15.4911838790932,329.593267882188,965.017087386727
"L13_4330",719,1220,2.95081967213115,19.2622950819672,316.619915848527,972.912129637216
"L13_4331",722,1193,2.17937971500419,17.6026823134954,303.646563814867,980.807171887706
"L13_4332",709,1119,3.75335120643432,15.8176943699732,290.673211781206,988.702214138195
"L13_4333",820,1349,3.11341734618236,14.6034099332839,277.699859747546,996.597256388684
"L13_4334",529,791,4.17193426042984,14.5385587863464,264.726507713885,1004.49229863917
"L13_4347",1028,2001,2.84857571214393,20.4897551224388,991.584852734923,577.552706170407
"L13_4348",827,1449,3.93374741200828,17.5983436853002,978.611500701262,585.447748420897
"L13_4349",999,1919,3.02240750390829,18.9682126107348,965.638148667602,593.342790671386
"L13_4350",1597,3307,2.23767765346235,18.1433323253704,952.664796633941,601.237832921875
"L13_4351",1475,3218,2.23741454319453,23.6482287134866,939.69144460028,609.132875172364
"L13_4352",2283,5925,2.24472573839662,25.1308016877637,926.71809256662,617.027917422854
"L13_4353",2313,5780,2.04152249134948,21.1937716262976,913.744740532959,624.922959673343
"L13_4354",3193,8639,2.01412200486167,18.7058687348073,900.771388499299,632.818001923832
"L13_4355",3556,10281,2.48030347242486,18.7627662678728,887.798036465638,640.713044174322
"L13_4356",3951,11996,2.05068356118706,18.756252084028,874.824684431978,648.608086424811
"L13_4357",3278,9182,2.19995643650621,18.8194293182313,861.851332398317,656.5031286753
"L13_4358",2851,7409,2.46996895667432,17.7216898366851,848.877980364656,664.398170925789
"L13_4359",2564,6329,2.49644493600885,16.1794912308422,835.904628330996,672.293213176279
"L13_4360",2834,7322,2.90904124556132,16.6894291177274,822.931276297335,680.188255426768
"L13_4361",3251,9368,2.54056362083689,18.0294619982921,809.957924263675,688.083297677257
"L13_4362",2960,8336,2.93905950095969,15.9908829174664,796.984572230014,695.978339927747
"L13_4363",2875,8046,2.74670643798161,15.2249565001243,784.011220196353,703.873382178236
"L13_4364",2962,7969,2.9740243443343,14.7948299661187,771.037868162693,711.768424428725
"L13_4365",2643,6626,3.00332025354663,16.7672804105041,758.064516129032,719.663466679214
"L13_4366",3290,9221,3.13415030907711,15.6707515453855,745.091164095372,727.558508929704
"L13_4367",3480,9920,2.98387096774194,16.1088709677419,732.117812061711,735.453551180193
"L13_4368",3299,9211,2.86613831288677,16.2197372706547,719.144460028051,743.348593430682
"L13_4369",2991,8127,2.4978466838932,18.0509413067553,706.17110799439,751.243635681171
"L13_4370",2984,8314,2.87466923261968,17.8373827279288,693.197755960729,759.138677931661
"L13_4371",3716,11156,2.79670132664037,18.2323413409824,680.224403927069,767.03372018215
"L13_4372",3440,9400,2.65957446808511,15.0531914893617,667.251051893408,774.928762432639
"L13_4373",2681,6950,3.03597122302158,16.9496402877698,654.277699859747,782.823804683129
"L13_4374",3798,11681,3.10761064977314,16.5311189110521,641.304347826087,790.718846933618
"L13_4375",2870,7511,2.79589934762349,16.4292371188923,628.330995792426,798.613889184107
"L13_4376",4188,13337,3.8239484141861,15.2807977806103,615.357643758766,806.508931434596
"L13_4377",3732,11137,3.07982401005657,16.0815300350184,602.384291725105,814.403973685086
"L13_4378",3247,9178,2.77838308999782,16.2344737415559,589.410939691445,822.299015935575
"L13_4379",3024,8552,2.33863423760524,18.4518241347053,576.437587657784,830.194058186064
"L13_4380",2783,7513,2.63543191800879,16.3849327831758,563.464235624123,838.089100436553
"L13_4381",2645,6731,2.89704352993612,17.2931213786956,550.490883590463,845.984142687043
"L13_4382",2464,5944,2.57402422611036,16.85733512786,537.517531556802,853.879184937532
"L13_4383",2416,6160,2.85714285714286,19.5941558441558,524.544179523142,861.774227188021
"L13_4384",2670,7008,2.35445205479452,18.2077625570776,511.570827489481,869.66926943851
"L13_4385",2413,5717,3.14850446038132,17.9989504985132,498.59747545582,877.564311689
"L13_4386",2768,7414,2.3469112489884,20.1106015646075,485.62412342216,885.459353939489
"L13_4387",2538,6235,2.00481154771451,18.3159582999198,472.650771388499,893.354396189978
"L13_4388",2320,5273,1.83956002275744,18.1300967191352,459.677419354839,901.249438440468
"L13_4389",2367,5489,2.76917471306249,18.527965020951,446.704067321178,909.144480690957
"L13_4390",1559,3281,3.3526363913441,21.182566290765,433.730715287518,917.039522941446
"L13_4391",1107,2210,2.94117647058824,21.2669683257919,420.757363253857,924.934565191935
"L13_4392",932,1777,2.53235790658413,19.9774901519415,407.784011220196,932.829607442425
"L13_4393",677,1177,2.63381478334749,21.9201359388275,394.810659186536,940.724649692914
"L13_4394",530,812,2.83251231527094,15.1477832512315,381.837307152875,948.619691943403
"L13_4395",467,744,4.3010752688172,17.3387096774194,368.863955119215,956.514734193892
"L13_4396",428,707,3.39462517680339,15.8415841584158,355.890603085554,964.409776444382
"L13_4397",460,731,4.10396716826265,19.4254445964432,342.917251051893,972.304818694871
"L13_4398",508,776,2.44845360824742,18.2989690721649,329.943899018233,980.19986094536
"L13_4399",731,1186,2.52951096121417,13.9123102866779,316.970546984572,988.09490319585
"L13_4400",718,1157,3.80293863439931,14.95246326707,303.997194950912,995.989945446339
"L13_4401",404,600,2.66666666666667,17.5,291.023842917251,1003.88498769683
"L13_4404",604,1016,3.44488188976378,18.7007874015748,991.935483870968,592.735479729041
"L13_4405",578,947,3.90707497360084,22.59767687434,978.962131837307,600.63052197953
"L13_4406",857,1613,2.85182889026658,20.9547427154371,965.988779803647,608.525564230019
"L13_4407",1286,2687,2.75400074432453,23.2601414216598,953.015427769986,616.420606480508
"L13_4408",2004,4819,2.38638721726499,24.7561734799751,940.042075736325,624.315648730998
"L13_4409",2375,6081,2.31869758263444,23.8940963657293,927.068723702665,632.210690981487
"L13_4410",1756,3932,2.41607324516785,20.0661241098678,914.095371669004,640.105733231976
"L13_4411",2396,5780,2.40484429065744,18.5294117647059,901.122019635344,648.000775482466
"L13_4412",3296,9412,2.29494262643434,19.0713982150446,888.148667601683,655.895817732955
"L13_4413",3947,12094,1.5792955184389,20.7540929386473,875.175315568022,663.790859983444
"L13_4414",2623,6739,2.0922985606173,20.5371716871939,862.201963534362,671.685902233933
"L13_4415",2695,6918,2.65972824515756,16.7967620699624,849.228611500701,679.580944484423
"L13_4416",3587,10449,3.07206431237439,14.9679395157431,836.255259467041,687.475986734912
"L13_4417",3088,8239,2.85228789901687,16.6039567908727,823.28190743338,695.371028985401
"L13_4418",2701,7319,2.95122284465091,17.8986200300588,810.308555399719,703.26607123589
"L13_4419",3006,8570,2.87047841306884,17.0595099183197,797.335203366059,711.16111348638
"L13_4420",2854,7703,2.86901207321823,16.0327145268077,784.361851332398,719.056155736869
"L13_4421",2672,7405,2.82241728561783,17.0425388251182,771.388499298738,726.951197987358
"L13_4422",3148,9046,2.65310634534601,15.8965288525315,758.415147265077,734.846240237848
"L13_4423",3117,8816,3.26678765880218,16.0503629764065,745.441795231417,742.741282488337
"L13_4424",2667,7013,3.15129046057322,16.326821616997,732.468443197756,750.636324738826
"L13_4425",2912,7946,2.81902844198339,16.4862824062421,719.495091164095,758.531366989315
"L13_4426",3041,8541,2.92705772157827,16.3095656246341,706.521739130435,766.426409239805
"L13_4427",3136,8675,3.11239193083573,17.014409221902,693.548387096774,774.321451490294
"L13_4428",3251,8932,2.56381549484998,17.0062695924765,680.575035063114,782.216493740783
"L13_4429",2549,6718,3.00684727597499,17.7582613873177,667.601683029453,790.111535991272
"L13_4430",2564,6655,3.3809166040571,16.4688204357626,654.628330995792,798.006578241762
"L13_4431",3265,9342,3.04003425390709,15.7782059516164,641.654978962132,805.901620492251
"L13_4432",2808,7298,3.08303644834201,15.607015620718,628.681626928471,813.79666274274
"L13_4433",3740,10811,2.85819998150032,16.0114697992785,615.708274894811,821.69170499323
"L13_4434",3271,8870,2.60428410372041,15.6820744081173,602.73492286115,829.586747243719
"L13_4435",3380,9606,2.82115344576306,16.3960024984385,589.761570827489,837.481789494208
"L13_4436",3347,9325,2.61662198391421,17.5227882037534,576.788218793829,845.376831744697
"L13_4437",2775,6921,2.94755093194625,15.2434619274671,563.814866760168,853.271873995187
"L13_4438",2311,5230,2.90630975143403,15.9464627151052,550.841514726508,861.166916245676
"L13_4439",2906,7724,2.23977213878819,19.7307094769549,537.868162692847,869.061958496165
"L13_4440",3085,8732,2.33623453962437,20.4420522217132,524.894810659187,876.957000746654
"L13_4441",2121,4950,2.82828282828283,18.6868686868687,511.921458625526,884.852042997144
"L13_4442",1900,3962,3.0540131246845,17.6426047450782,498.948106591865,892.747085247633
"L13_4443",1752,3680,2.5,19.9184782608696,485.974754558205,900.642127498122
"L13_4444",1818,3981,2.76312484300427,19.2413966340116,473.001402524544,908.537169748612
"L13_4445",1938,4330,2.63279445727483,20.3464203233256,460.028050490884,916.432211999101
"L13_4446",1393,2816,2.94744318181818,19.1051136363636,447.054698457223,924.32725424959
"L13_4447",817,1469,2.99523485364193,20.7624234172907,434.081346423562,932.222296500079
"L13_4448",754,1309,3.28495034377387,20.0152788388082,421.107994389902,940.117338750569
"L13_4449",685,1111,2.25022502250225,18.5418541854185,408.134642356241,948.012381001058
"L13_4450",461,716,3.91061452513966,19.9720670391061,395.161290322581,955.907423251547
"L13_4451",425,622,4.18006430868167,17.6848874598071,382.18793828892,963.802465502036
"L13_4452",333,466,2.36051502145923,16.9527896995708,369.214586255259,971.697507752526
"L13_4453",394,594,2.86195286195286,18.8552188552189,356.241234221599,979.592550003015
"L13_4454",421,621,4.50885668276973,16.2640901771337,343.267882187938,987.487592253504
"L13_4455",482,728,1.78571428571429,15.9340659340659,330.294530154278,995.382634503994
"L13_4456",388,544,1.83823529411765,14.1544117647059,317.321178120617,1003.27767675448
"L13_4459",565,1026,2.63157894736842,24.8538011695906,992.286115007012,607.918253287674
"L13_4460",725,1290,1.78294573643411,22.4031007751938,979.312762973352,615.813295538163
"L13_4461",1017,1923,2.86011440457618,22.9849193967759,966.339410939691,623.708337788652
"L13_4462",1182,2437,2.79031596224867,23.9638900287238,953.366058906031,631.603380039142
"L13_4463",1451,3167,2.49447426586675,23.2712346068835,940.39270687237,639.498422289631
"L13_4464",1478,3066,3.39204174820613,20.0913242009132,927.41935483871,647.39346454012
"L13_4465",1620,3440,2.29651162790698,21.7441860465116,914.446002805049,655.28850679061
"L13_4466",1854,4285,2.61376896149358,21.2602100350058,901.472650771388,663.183549041099
"L13_4467",2297,5492,2.20320466132556,20.4297159504734,888.499298737728,671.078591291588
"L13_4468",2938,7509,2.06418963909975,19.1769876148622,875.525946704067,678.973633542077
"L13_4469",2327,5387,2.48746983478745,18.0063114906256,862.552594670407,686.868675792567
"L13_4470",3070,7633,2.39748460631469,16.5465740862046,849.579242636746,694.763718043056
"L13_4471",2867,7207,2.35881781601221,15.7208269737755,836.605890603086,702.658760293545
"L13_4472",3266,8723,2.44182047460736,16.5654018113035,823.632538569425,710.553802544034
"L13_4473",3130,8582,2.83150780703799,19.0048939641109,810.659186535764,718.448844794524
"L13_4474",3080,8693,2.8183595996779,17.4508225008628,797.685834502104,726.343887045013
"L13_4475",2794,7098,3.12764158918005,16.6384897154128,784.712482468443,734.238929295502
"L13_4476",2351,5879,3.45296819186937,16.3803367919714,771.739130434783,742.133971545991
"L13_4477",2623,6789,3.25526587126234,15.274709088231,758.765778401122,750.029013796481
"L13_4478",2804,7200,2.33333333333333,16.3472222222222,745.792426367461,757.92405604697
"L13_4479",2311,5867,3.01687404124766,16.8229077893302,732.819074333801,765.819098297459
"L13_4480",2794,7140,2.47899159663866,16.890756302521,719.84572230014,773.714140547949
"L13_4481",3281,9305,2.56851155292853,16.2493283181085,706.87237026648,781.609182798438
"L13_4482",3007,8092,2.28620860108749,17.9065743944637,693.899018232819,789.504225048927
"L13_4483",3834,12166,2.4823277987835,19.9408186749959,680.925666199159,797.399267299416
"L13_4484",2581,6308,2.72669625871909,16.7406467977172,667.952314165498,805.294309549906
"L13_4485",2795,7367,2.78267951676395,15.0943396226415,654.978962131837,813.189351800395
"L13_4486",3430,9522,2.8145347616047,15.7739970594413,642.005610098177,821.084394050884
"L13_4487",2446,5784,3.28492392807746,16.4764868603043,629.032258064516,828.979436301374
"L13_4488",3372,9191,2.80709389620281,15.6130997715156,616.058906030855,836.874478551863
"L13_4489",3209,8621,3.37547848277462,15.78703166686,603.085553997195,844.769520802352
"L13_4490",2894,7686,3.05750715586781,17.3692427790788,590.112201963534,852.664563052841
"L13_4491",2709,6620,2.46223564954683,15.619335347432,577.138849929874,860.559605303331
"L13_4492",2413,5841,2.82485875706215,17.291559664441,564.165497896213,868.45464755382
"L13_4493",1747,3792,2.53164556962025,17.9061181434599,551.192145862553,876.349689804309
"L13_4494",1835,4015,2.66500622665006,17.6836861768369,538.218793828892,884.244732054798
"L13_4495",1544,3133,2.2023619533993,18.9275454835621,525.245441795231,892.139774305288
"L13_4496",1835,3803,2.44543781225348,19.0901919537207,512.272089761571,900.034816555777
"L13_4497",1468,2868,2.96373779637378,18.7238493723849,499.29873772791,907.929858806266
"L13_4498",1112,2152,2.55576208178439,22.0260223048327,486.32538569425,915.824901056756
"L13_4499",1149,2230,2.82511210762332,20.762331838565,473.352033660589,923.719943307245
"L13_4500",1041,1886,2.33297985153765,19.406150583245,460.378681626928,931.614985557734
"L13_4501",705,1281,4.21545667447307,22.7166276346604,447.405329593268,939.510027808223
"L13_4502",518,821,4.01948842874543,20.8282582216809,434.431977559607,947.405070058713
"L13_4503",483,732,2.3224043715847,21.3114754098361,421.458625525947,955.300112309202
"L13_4504",407,617,4.70016207455429,17.6661264181524,408.485273492286,963.195154559691
"L13_4505",441,627,3.03030303030303,16.4274322169059,395.511921458626,971.09019681018
"L13_4506",448,690,3.91304347826087,16.8115942028986,382.538569424965,978.98523906067
"L13_4507",361,514,3.89105058365759,13.8132295719844,369.565217391304,986.880281311159
"L13_4508",388,559,3.5778175313059,15.0268336314848,356.591865357644,994.775323561648
"L13_4509",372,503,1.78926441351889,14.5129224652087,343.618513323983,1002.67036581214
"L13_4512",637,1076,2.41635687732342,21.0966542750929,992.636746143058,623.101026846307
"L13_4513",791,1488,3.56182795698925,21.9758064516129,979.663394109397,630.996069096796
"L13_4514",951,1830,2.73224043715847,21.8032786885246,966.690042075736,638.891111347286
"L13_4515",1035,1990,2.81407035175879,24.1708542713568,953.716690042076,646.786153597775
"L13_4516",1133,2236,2.45974955277281,22.5402504472272,940.743338008415,654.681195848264
"L13_4517",1152,2312,2.68166089965398,23.2698961937716,927.769985974754,662.576238098753
"L13_4518",1143,2279,2.98376480912681,21.1935059236507,914.796633941094,670.471280349243
"L13_4519",1334,2887,2.42466227918254,23.7616903359889,901.823281907433,678.366322599732
"L13_4520",1801,3894,2.05444273240883,20.2876219825372,888.849929873773,686.261364850221
"L13_4521",1384,2789,2.40229472929365,19.3259232699892,875.876577840112,694.156407100711
"L13_4522",1917,4192,2.19465648854962,19.2032442748092,862.903225806452,702.0514493512
"L13_4523",1656,3487,2.49498135933467,19.0708345282478,849.929873772791,709.946491601689
"L13_4524",2180,5066,2.86221871298855,17.9234109751283,836.95652173913,717.841533852178
"L13_4525",2568,6169,2.6260333927703,18.8361160641919,823.98316970547,725.736576102668
"L13_4526",2451,6054,2.39511067063099,20.1684836471754,811.009817671809,733.631618353157
"L13_4527",2507,5949,2.75676584299882,16.0531181711212,798.036465638149,741.526660603646
"L13_4528",2176,4870,2.81314168377823,15.8932238193018,785.063113604488,749.421702854135
"L13_4529",2015,4634,3.30168321104877,16.4220975399223,772.089761570827,757.316745104625
"L13_4530",2395,6026,2.85429804181879,18.138068370395,759.116409537167,765.211787355114
"L13_4531",2019,4848,3.42409240924092,17.6155115511551,746.143057503506,773.106829605603
"L13_4532",1851,4021,2.33772693359861,17.8065157920915,733.169705469846,781.001871856093
"L13_4533",2564,6374,1.88264825855036,17.5556950109821,720.196353436185,788.896914106582
"L13_4534",3482,9577,2.10922000626501,17.5837945076746,707.223001402525,796.791956357071
"L13_4535",2842,7760,2.95103092783505,17.9896907216495,694.249649368864,804.68699860756
"L13_4536",2755,7601,2.7891066964873,17.3398237074069,681.276297335203,812.58204085805
"L13_4537",3101,8084,2.98119742701633,14.992577931717,668.302945301543,820.477083108539
"L13_4538",2325,5324,3.23065364387678,14.8760330578512,655.329593267882,828.372125359028
"L13_4539",2726,6737,2.6569689772896,16.980852011281,642.356241234222,836.267167609517
"L13_4540",3076,8537,2.26074733512944,18.601382218578,629.382889200561,844.162209860007
"L13_4541",2205,5220,3.12260536398467,18.735632183908,616.4095371669,852.057252110496
"L13_4542",2549,6180,2.76699029126214,16.7152103559871,603.43618513324,859.952294360985
"L13_4543",2439,5685,3.14863676341249,16.9041336851363,590.462833099579,867.847336611474
"L13_4544",1975,4248,2.56591337099812,17.1139359698682,577.489481065919,875.742378861964
"L13_4545",1453,2827,2.19313760169791,18.5709232401839,564.516129032258,883.637421112453
"L13_4546",910,1599,3.56472795497186,18.4490306441526,551.542776998597,891.532463362942
"L13_4547",834,1449,2.41545893719807,19.8067632850242,538.569424964937,899.427505613432
"L13_4548",1117,2036,1.37524557956778,19.9410609037328,525.596072931276,907.322547863921
"L13_4549",1233,2457,1.70940170940171,18.3964183964184,512.622720897616,915.21759011441
"L13_4550",717,1241,1.93392425463336,21.4343271555197,499.649368863955,923.1126323649
"L13_4551",745,1225,2.53061224489796,17.8775510204082,486.676016830295,931.007674615389
"L13_4552",643,1065,3.09859154929577,19.0610328638498,473.702664796634,938.902716865878
"L13_4553",610,997,3.41023069207623,18.1544633901705,460.729312762973,946.797759116367
"L13_4554",439,674,2.9673590504451,20.4747774480712,447.755960729313,954.692801366856
"L13_4555",389,580,3.10344827586207,19.6551724137931,434.782608695652,962.587843617346
"L13_4556",476,709,2.25669957686883,18.0535966149506,421.809256661992,970.482885867835
"L13_4557",266,385,2.85714285714286,19.2207792207792,408.835904628331,978.377928118324
"L13_4558",411,627,3.34928229665072,15.311004784689,395.86255259467,986.272970368814
"L13_4559",388,571,3.50262697022767,16.1120840630473,382.88920056101,994.168012619303
"L13_4560",253,348,2.58620689655172,13.5057471264368,369.915848527349,1002.06305486979
"L13_4563",649,1086,2.48618784530387,19.8895027624309,992.987377279102,638.28380040494
"L13_4564",654,1095,2.8310502283105,21.6438356164384,980.014025245442,646.17884265543
"L13_4565",728,1319,2.88097043214556,23.3510235026535,967.040673211781,654.073884905919
"L13_4566",811,1436,2.57660167130919,23.1894150417827,954.067321178121,661.968927156408
"L13_4567",917,1681,3.74776918500892,22.4271267102915,941.09396914446,669.863969406897
"L13_4568",812,1543,2.52754374594945,24.2384964355152,928.1206171108,677.759011657387
"L13_4569",924,1768,3.84615384615385,21.4932126696833,915.147265077139,685.654053907876
"L13_4570",1058,2078,2.83926852743022,23.1953801732435,902.173913043478,693.549096158365
"L13_4571",1001,1881,2.49867091972355,20.9463051568315,889.200561009818,701.444138408855
"L13_4572",958,1707,2.8705330990041,20.5038078500293,876.227208976157,709.339180659344
"L13_4573",905,1667,3.65926814637073,20.6358728254349,863.253856942496,717.234222909833
"L13_4574",1171,2197,2.36686390532544,19.7997269003186,850.280504908836,725.129265160322
"L13_4575",1405,2896,2.48618784530387,21.6850828729282,837.307152875175,733.024307410812
"L13_4576",1893,4283,2.24141956572496,21.6904039224842,824.333800841515,740.919349661301
"L13_4577",1661,3496,2.11670480549199,18.8215102974828,811.360448807854,748.81439191179
"L13_4578",1835,3902,2.40902101486417,18.3239364428498,798.387096774194,756.709434162279
"L13_4579",1574,3258,2.79312461632904,16.9429097605893,785.413744740533,764.604476412769
"L13_4580",2032,4717,2.5439898240407,18.7831248675005,772.440392706872,772.499518663258
"L13_4581",1681,3648,2.87828947368421,18.859649122807,759.467040673212,780.394560913747
"L13_4582",1468,3088,2.62305699481865,22.4093264248705,746.493688639551,788.289603164236
"L13_4583",1600,3444,2.1486643437863,19.8025551684088,733.520336605891,796.184645414726
"L13_4584",2298,5416,2.04948301329394,20.1255539143279,720.54698457223,804.079687665215
"L13_4585",1885,4188,1.95797516714422,19.5797516714422,707.573632538569,811.974729915704
"L13_4586",1773,4060,3.02955665024631,20.2709359605911,694.600280504909,819.869772166194
"L13_4587",2157,4944,2.08333333333333,17.9611650485437,681.626928471248,827.764814416683
"L13_4588",1426,2969,3.43550016840687,15.9312899966319,668.653576437588,835.659856667172
"L13_4589",1703,3522,2.49858035207269,17.3197047132311,655.680224403927,843.554898917661
"L13_4590",2204,5239,2.36686390532544,20.614621110899,642.706872370266,851.449941168151
"L13_4591",2294,5403,2.79474366092911,19.5817138626689,629.733520336606,859.34498341864
"L13_4592",1952,4366,3.11497938616583,16.491067338525,616.760168302945,867.240025669129
"L13_4593",1895,4183,3.0360984939039,17.9536218025341,603.786816269285,875.135067919618
"L13_4594",1711,3453,3.01187373298581,17.4630755864466,590.813464235624,883.030110170108
"L13_4595",1127,2009,3.086112493778,16.7247386759582,577.840112201964,890.925152420597
"L13_4596",636,1023,2.93255131964809,19.4525904203324,564.866760168303,898.820194671086
"L13_4597",615,991,2.62361251261352,17.4571140262361,551.893408134642,906.715236921576
"L13_4598",756,1261,2.29976209357653,20.9357652656622,538.920056100982,914.610279172065
"L13_4599",801,1291,1.85902401239349,18.5902401239349,525.946704067321,922.505321422554
"L13_4600",637,1021,1.9588638589618,15.5729676787463,512.973352033661,930.400363673043
"L13_4601",403,618,3.55987055016181,22.3300970873786,500,938.295405923533
"L13_4602",424,648,2.46913580246914,18.9814814814815,487.026647966339,946.190448174022
"L13_4603",409,603,2.32172470978441,20.7296849087894,474.053295932679,954.085490424511
"L13_4604",363,553,1.80831826401447,19.5298372513562,461.079943899018,961.980532675
"L13_4605",329,486,2.46913580246914,15.843621399177,448.106591865358,969.87557492549
"L13_4606",313,443,3.38600451467269,14.8984198645598,435.133239831697,977.770617175979
"L13_4608",291,400,3.25,10,409.186535764376,993.560701676958
"L13_4609",257,379,2.63852242744063,16.0949868073879,396.213183730715,1001.45574392745
"L13_4612",561,907,2.31532524807056,24.5865490628445,993.338008415147,653.466573963574
"L13_4613",565,926,2.48380129589633,21.8142548596112,980.364656381487,661.361616214063
"L13_4614",681,1146,2.44328097731239,20.5933682373473,967.391304347826,669.256658464552
"L13_4615",685,1137,2.99032541776605,20.0527704485488,954.417952314166,677.151700715041
"L13_4616",596,986,2.73833671399594,22.920892494929,941.444600280505,685.046742965531
"L13_4617",639,1143,3.32458442694663,23.7970253718285,928.471248246844,692.94178521602
"L13_4618",669,1176,3.14625850340136,21.7687074829932,915.497896213184,700.836827466509
"L13_4619",668,1098,2.82331511839709,21.8579234972678,902.524544179523,708.731869716998
"L13_4620",564,959,3.64963503649635,22.6277372262774,889.551192145863,716.626911967488
"L13_4621",621,1006,4.17495029821074,18.4890656063618,876.577840112202,724.521954217977
"L13_4622",712,1253,4.22984836392658,20.9098164405427,863.604488078541,732.416996468466
"L13_4623",931,1655,2.7190332326284,20.7250755287009,850.631136044881,740.312038718955
"L13_4624",1116,2101,2.42741551642075,21.8943360304617,837.65778401122,748.207080969445
"L13_4625",1348,2742,1.89642596644785,21.7724288840263,824.68443197756,756.102123219934
"L13_4626",1399,2889,2.35375562478366,22.1529941156109,811.711079943899,763.997165470423
"L13_4627",971,1774,4.00225479143179,21.5896279594138,798.737727910238,771.892207720913
"L13_4628",1186,2117,2.55077940481814,17.0524326877657,785.764375876578,779.787249971402
"L13_4629",1205,2230,2.01793721973094,17.219730941704,772.791023842917,787.682292221891
"L13_4630",1138,2102,2.47383444338725,20.0285442435775,759.817671809257,795.57733447238
"L13_4631",883,1591,3.20553111250786,20.9302325581395,746.844319775596,803.47237672287
"L13_4632",1181,2277,1.93236714975845,20.9925340360123,733.870967741935,811.367418973359
"L13_4633",1210,2334,3.04198800342759,21.0796915167095,720.897615708275,819.262461223848
"L13_4634",1420,3071,1.69325952458483,24.4545750569847,707.924263674614,827.157503474338
"L13_4635",1726,3969,1.63769211388259,22.1214411690602,694.950911640954,835.052545724827
"L13_4636",1181,2169,3.45781466113416,17.6118026740433,681.977559607293,842.947587975316
"L13_4637",872,1498,2.87049399198932,19.0921228304406,669.004207573632,850.842630225805
"L13_4638",1104,2105,2.85035629453682,20.7600950118765,656.030855539972,858.737672476295
"L13_4639",1770,3920,2.24489795918367,18.9030612244898,643.057503506311,866.632714726784
"L13_4640",1660,3403,2.20393770202762,19.2183367616809,630.084151472651,874.527756977273
"L13_4641",1641,3375,2.6962962962963,18.9037037037037,617.11079943899,882.422799227762
"L13_4642",1405,2874,2.08768267223382,20.4244954766875,604.13744740533,890.317841478252
"L13_4643",1116,2038,2.55152109911678,20.0686947988224,591.164095371669,898.212883728741
"L13_4644",826,1441,2.98403886190146,17.6960444136017,578.190743338008,906.10792597923
"L13_4645",1030,1814,2.26019845644983,17.5303197353914,565.217391304348,914.00296822972
"L13_4646",604,948,2.32067510548523,16.9831223628692,552.244039270687,921.898010480209
"L13_4647",384,579,2.76338514680484,22.6252158894646,539.270687237027,929.793052730698
"L13_4648",336,477,1.25786163522013,20.5450733752621,526.297335203366,937.688094981187
"L13_4649",454,688,1.88953488372093,18.6046511627907,513.323983169705,945.583137231677
"L13_4650",347,533,3.93996247654784,16.5103189493433,500.350631136045,953.478179482166
"L13_4651",331,485,2.68041237113402,20.6185567010309,487.377279102384,961.373221732655
"L13_4652",364,535,4.11214953271028,15.8878504672897,474.403927068724,969.268263983144
"L13_4653",266,378,2.91005291005291,22.2222222222222,461.430575035063,977.163306233634
"L13_4654",304,455,2.63736263736264,19.7802197802198,448.457223001402,985.058348484123
"L13_4659",572,963,2.80373831775701,21.9106957424714,993.688639551192,668.649347522207
"L13_4660",537,873,2.86368843069874,22.4513172966781,980.715287517532,676.544389772696
"L13_4661",580,969,2.1671826625387,18.8854489164087,967.741935483871,684.439432023185
"L13_4662",530,829,2.65379975874548,21.1097708082027,954.76858345021,692.334474273675
"L13_4663",486,764,2.09424083769634,20.5497382198953,941.79523141655,700.229516524164
"L13_4664",558,909,2.75027502750275,20.9020902090209,928.821879382889,708.124558774653
"L13_4665",371,554,2.52707581227437,20.3971119133574,915.848527349229,716.019601025142
"L13_4666",468,731,3.28317373461012,19.015047879617,902.875175315568,723.914643275632
"L13_4667",606,998,2.30460921843687,20.7414829659319,889.901823281907,731.809685526121
"L13_4668",539,854,2.92740046838408,18.2669789227166,876.928471248247,739.70472777661
"L13_4669",558,925,4.32432432432432,19.8918918918919,863.955119214586,747.599770027099
"L13_4670",748,1255,3.02788844621514,22.1513944223108,850.981767180926,755.494812277589
"L13_4671",1104,2067,2.99951620706338,21.7706821480406,838.008415147265,763.389854528078
"L13_4672",1057,2048,2.9296875,22.607421875,825.035063113604,771.284896778567
"L13_4673",929,1636,3.54523227383863,19.2542787286064,812.061711079944,779.179939029057
"L13_4674",684,1021,3.42801175318315,14.9853085210578,799.088359046283,787.074981279546
"L13_4675",712,1197,3.7593984962406,17.1261487050961,786.115007012623,794.970023530035
"L13_4676",671,1117,3.5810205908684,18.0841539838854,773.141654978962,802.865065780524
"L13_4677",543,859,2.56111757857974,19.0919674039581,760.168302945302,810.760108031014
"L13_4678",641,1055,3.60189573459716,17.7251184834123,747.194950911641,818.655150281503
"L13_4679",910,1643,2.37370663420572,19.4765672550213,734.22159887798,826.550192531992
"L13_4680",829,1538,1.88556566970091,21.0663198959688,721.24824684432,834.445234782481
"L13_4681",1510,3207,2.49454318677892,21.6401621453071,708.274894810659,842.340277032971
"L13_4682",835,1538,2.99089726918075,22.7568270481144,695.301542776999,850.23531928346
"L13_4683",530,805,3.97515527950311,18.2608695652174,682.328190743338,858.130361533949
"L13_4684",553,893,2.23964165733483,21.7245240761478,669.354838709677,866.025403784438
"L13_4685",726,1255,2.70916334661355,20,656.381486676017,873.920446034928
"L13_4686",890,1615,3.21981424148607,21.4860681114551,643.408134642356,881.815488285417
"L13_4687",1078,2084,3.26295585412668,22.936660268714,630.434782608696,889.710530535906
"L13_4688",1200,2242,3.03300624442462,20.0267618198037,617.461430575035,897.605572786396
"L13_4689",1025,1928,3.42323651452282,23.7551867219917,604.488078541374,905.500615036885
"L13_4690",513,858,1.74825174825175,21.2121212121212,591.514726507714,913.395657287374
"L13_4691",629,998,2.60521042084168,21.9438877755511,578.541374474053,921.290699537864
"L13_4692",344,521,1.34357005758157,18.426103646833,565.568022440393,929.185741788353
"L13_4693",325,475,3.15789473684211,17.0526315789474,552.594670406732,937.080784038842
"L13_4694",463,704,2.41477272727273,16.4772727272727,539.621318373072,944.975826289331
"L13_4695",389,571,2.80210157618214,19.2644483362522,526.647966339411,952.87086853982
"L13_4696",308,456,2.85087719298246,16.8859649122807,513.67461430575,960.76591079031
"L13_4697",386,569,3.33919156414763,14.5869947275923,500.70126227209,968.660953040799
"L13_4698",356,524,2.48091603053435,14.5038167938931,487.727910238429,976.555995291288
"L13_4699",313,428,3.97196261682243,16.1214953271028,474.754558204769,984.451037541778
"L13_4700",342,508,3.54330708661417,17.9133858267717,461.781206171108,992.346079792267
"L13_4701",454,658,1.67173252279635,15.0455927051672,448.807854137447,1000.24112204276
"L13_4704",419,629,4.29252782193959,24.1653418124006,994.039270687237,683.83212108084
"L13_4705",391,632,3.63924050632911,26.8987341772152,981.065918653576,691.727163331329
"L13_4706",407,602,3.65448504983389,15.1162790697674,968.092566619916,699.622205581819
"L13_4707",331,502,3.38645418326693,18.7250996015936,955.119214586255,707.517247832308
"L13_4708",387,559,3.04114490161002,22.8980322003578,942.145862552595,715.412290082797
"L13_4709",371,546,2.01465201465201,17.5824175824176,929.172510518934,723.307332333286
"L13_4710",514,792,1.89393939393939,16.4141414141414,916.199158485273,731.202374583776
"L13_4711",530,846,2.95508274231678,18.4397163120567,903.225806451613,739.097416834265
"L13_4712",496,786,3.30788804071247,20.1017811704835,890.252454417952,746.992459084754
"L13_4713",557,877,2.50855188141391,19.3842645381984,877.279102384292,754.887501335243
"L13_4714",649,1049,2.38322211630124,22.5929456625357,864.305750350631,762.782543585733
"L13_4715",882,1650,2.48484848484848,25.030303030303,851.332398316971,770.677585836222
"L13_4716",884,1667,1.91961607678464,23.875224955009,838.35904628331,778.572628086711
"L13_4717",793,1363,3.08143800440205,19.8826118855466,825.385694249649,786.467670337201
"L13_4718",579,957,3.97074190177638,20.2716823406479,812.412342215989,794.36271258769
"L13_4719",459,748,4.14438502673797,19.3850267379679,799.438990182328,802.257754838179
"L13_4720",508,716,2.6536312849162,13.4078212290503,786.465638148668,810.152797088668
"L13_4721",588,932,3.11158798283262,19.0987124463519,773.492286115007,818.047839339158
"L13_4722",518,841,2.25921521997622,19.0249702734839,760.518934081346,825.942881589647
"L13_4723",470,724,3.45303867403315,18.0939226519337,747.545582047686,833.837923840136
"L13_4724",574,940,3.61702127659574,17.9787234042553,734.572230014025,841.732966090625
"L13_4725",1579,3414,1.64030462800234,19.1857059168131,721.598877980365,849.628008341115
"L13_4726",977,1774,2.98759864712514,21.5332581736189,708.625525946704,857.523050591604
"L13_4727",768,1373,2.69482884195193,20.0291332847779,695.652173913043,865.418092842093
"L13_4728",589,974,2.25872689938398,20.0205338809035,682.678821879383,873.313135092582
"L13_4729",575,966,1.5527950310559,18.2194616977226,669.705469845722,881.208177343072
"L13_4730",463,717,5.71827057182706,20.0836820083682,656.732117812062,889.103219593561
"L13_4731",653,1022,2.83757338551859,15.7534246575342,643.758765778401,896.99826184405
"L13_4732",706,1228,2.11726384364821,22.9641693811075,630.78541374474,904.89330409454
"L13_4733",588,980,2.24489795918367,20.8163265306122,617.81206171108,912.788346345029
"L13_4734",546,876,3.88127853881279,19.5205479452055,604.838709677419,920.683388595518
"L13_4735",581,922,2.49457700650759,19.5227765726681,591.865357643759,928.578430846007
"L13_4736",354,528,2.27272727272727,19.5075757575758,578.892005610098,936.473473096497
"L13_4737",344,516,2.51937984496124,17.4418604651163,565.918653576438,944.368515346986
"L13_4738",414,596,2.18120805369128,21.1409395973154,552.945301542777,952.263557597475
"L13_4739",427,659,4.09711684370258,18.361153262519,539.971949509116,960.158599847964
"L13_4740",353,478,2.09205020920502,14.2259414225941,526.998597475456,968.053642098454
"L13_4741",315,471,2.33545647558386,19.3205944798301,514.025245441795,975.948684348943
"L13_4742",253,347,2.59365994236311,15.850144092219,501.051893408135,983.843726599432
"L13_4743",362,495,1.01010101010101,16.5656565656566,488.078541374474,991.738768849922
"L13_4744",361,547,2.19378427787934,21.3893967093236,475.105189340814,999.633811100411
"L13_4747",312,443,1.35440180586907,16.0270880361174,994.389901823282,699.014894639473
"L13_4748",332,479,3.13152400835073,19.6242171189979,981.416549789621,706.909936889962
"L13_4749",356,536,3.91791044776119,20.1492537313433,968.443197755961,714.804979140452
"L13_4750",268,377,2.91777188328912,19.0981432360743,955.4698457223,722.700021390941
"L13_4751",522,779,3.0808729139923,17.201540436457,942.49649368864,730.59506364143
"L13_4752",342,514,3.11284046692607,22.9571984435798,929.523141654979,738.490105891919
"L13_4753",564,845,1.18343195266272,16.6863905325444,916.549789621318,746.385148142409
"L13_4754",483,748,3.07486631016043,19.1176470588235,903.576437587658,754.280190392898
"L13_4755",470,736,3.94021739130435,18.8858695652174,890.603085553997,762.175232643387
"L13_4756",616,1007,3.67428003972195,22.9394240317776,877.629733520337,770.070274893877
"L13_4757",660,1115,1.88340807174888,22.8699551569507,864.656381486676,777.965317144366
"L13_4758",704,1227,2.44498777506112,22.3308883455583,851.683029453015,785.860359394855
"L13_4759",882,1646,3.1591737545565,17.4362089914945,838.709677419355,793.755401645344
"L13_4760",709,1154,1.99306759098787,20.8838821490468,825.736325385694,801.650443895834
"L13_4761",465,751,3.3288948069241,18.9081225033289,812.762973352034,809.545486146323
"L13_4762",382,587,4.42930153321976,20.6132879045997,799.789621318373,817.440528396812
"L13_4763",389,587,4.08858603066439,20.954003407155,786.816269284712,825.335570647302
"L13_4764",403,622,2.2508038585209,17.0418006430868,773.842917251052,833.230612897791
"L13_4765",509,786,2.29007633587786,12.8498727735369,760.869565217391,841.12565514828
"L13_4766",552,906,2.75938189845475,21.523178807947,747.896213183731,849.020697398769
"L13_4767",1125,2181,2.47592847317744,19.5781751490142,734.92286115007,856.915739649259
"L13_4768",587,978,3.06748466257669,20.7566462167689,721.94950911641,864.810781899748
"L13_4769",565,906,3.09050772626932,16.2251655629139,708.976157082749,872.705824150237
"L13_4770",409,623,5.13643659711075,18.4590690208668,696.002805049088,880.600866400726
"L13_4771",550,866,2.54041570438799,17.8983833718245,683.029453015428,888.495908651216
"L13_4772",323,472,1.48305084745763,15.4661016949153,670.056100981767,896.390950901705
"L13_4773",406,586,3.07167235494881,21.6723549488055,657.082748948107,904.285993152194
"L13_4774",413,629,5.08744038155803,20.5087440381558,644.109396914446,912.181035402684
"L13_4775",457,736,2.71739130434783,22.8260869565217,631.136044880785,920.076077653173
"L13_4776",465,688,3.92441860465116,20.6395348837209,618.162692847125,927.971119903662
"L13_4777",485,737,2.57801899592944,20.4884667571235,605.189340813464,935.866162154151
"L13_4778",445,688,3.34302325581395,17.0058139534884,592.215988779804,943.761204404641
"L13_4779",356,504,1.58730158730159,14.0873015873016,579.242636746143,951.65624665513
"L13_4780",347,488,3.68852459016393,15.3688524590164,566.269284712482,959.551288905619
"L13_4781",444,637,1.41287284144427,19.6232339089482,553.295932678822,967.446331156108
"L13_4782",358,515,2.9126213592233,17.4757281553398,540.322580645161,975.341373406598
"L13_4783",285,390,1.79487179487179,13.5897435897436,527.349228611501,983.236415657087
"L13_4784",384,543,2.39410681399632,12.5230202578269,514.37587657784,991.131457907576
"L13_4785",250,357,6.44257703081232,15.1260504201681,501.40252454418,999.026500158066
"L13_4788",264,365,2.19178082191781,15.6164383561644,994.740532959327,714.197668198106
"L13_4789",241,349,2.57879656160458,17.1919770773639,981.767180925666,722.092710448596
"L13_4790",262,376,2.65957446808511,16.2234042553191,968.793828892006,729.987752699085
"L13_4791",337,495,3.63636363636364,20.4040404040404,955.820476858345,737.882794949574
"L13_4792",369,565,2.83185840707965,18.4070796460177,942.847124824684,745.777837200063
"L13_4793",471,734,2.86103542234332,18.6648501362398,929.873772791024,753.672879450553
"L13_4794",544,837,1.9115890083632,17.2043010752688,916.900420757363,761.567921701042
"L13_4795",561,907,4.1896361631753,17.199558985667,903.927068723703,769.462963951531
"L13_4796",502,819,2.93040293040293,19.1697191697192,890.953716690042,777.358006202021
"L13_4797",567,951,2.31335436382755,22.2923238696109,877.980364656381,785.25304845251
"L13_4798",766,1320,1.66666666666667,18.5606060606061,865.007012622721,793.148090702999
"L13_4799",772,1320,1.81818181818182,20.1515151515152,852.03366058906,801.043132953488
"L13_4800",558,936,2.67094017094017,23.0769230769231,839.0603085554,808.938175203978
"L13_4801",486,743,3.49932705248991,15.8815612382234,826.086956521739,816.833217454467
"L13_4802",454,672,2.38095238095238,16.5178571428571,813.113604488079,824.728259704956
"L13_4803",343,514,4.47470817120623,13.6186770428016,800.140252454418,832.623301955445
"L13_4804",385,605,3.63636363636364,15.8677685950413,787.166900420757,840.518344205935
"L13_4805",410,613,2.44698205546493,16.3132137030995,774.193548387097,848.413386456424
"L13_4806",529,819,1.70940170940171,18.1929181929182,761.220196353436,856.308428706913
"L13_4807",787,1315,2.43346007604563,21.2927756653992,748.246844319776,864.203470957403
"L13_4808",362,504,4.36507936507936,17.6587301587302,735.273492286115,872.098513207892
"L13_4809",319,478,2.30125523012552,16.9456066945607,722.300140252454,879.993555458381
"L13_4810",291,478,3.34728033472803,24.4769874476987,709.326788218794,887.88859770887
"L13_4811",557,886,2.59593679458239,17.0428893905192,696.353436185133,895.78363995936
"L13_4812",325,480,3.54166666666667,16.0416666666667,683.380084151473,903.678682209849
"L13_4813",228,320,2.5,18.125,670.406732117812,911.573724460338
"L13_4814",318,482,3.11203319502075,18.8796680497925,657.433380084152,919.468766710828
"L13_4815",359,545,2.20183486238532,21.8348623853211,644.460028050491,927.363808961317
"L13_4816",318,463,1.51187904967603,22.4622030237581,631.48667601683,935.258851211806
"L13_4817",356,498,2.20883534136546,17.4698795180723,618.51332398317,943.153893462295
"L13_4818",394,596,2.3489932885906,20.9731543624161,605.539971949509,951.048935712785
"L13_4819",370,553,1.62748643761302,21.880650994575,592.566619915848,958.943977963274
"L13_4820",360,513,1.75438596491228,14.8148148148148,579.593267882188,966.839020213763
"L13_4821",398,588,3.57142857142857,19.5578231292517,566.619915848527,974.734062464252
"L13_4822",275,397,1.51133501259446,18.1360201511335,553.646563814867,982.629104714742
"L13_4823",272,385,2.07792207792208,15.0649350649351,540.673211781206,990.524146965231
"L13_4824",273,412,2.66990291262136,17.9611650485437,527.699859747546,998.41918921572
"L13_4826",206,298,2.68456375838926,21.4765100671141,995.091164095372,729.38044175674
"L13_4827",305,448,1.78571428571429,16.2946428571429,982.117812061711,737.275484007229
"L13_4828",316,454,5.2863436123348,14.0969162995595,969.14446002805,745.170526257718
"L13_4829",340,518,1.54440154440154,19.3050193050193,956.17110799439,753.065568508207
"L13_4830",322,479,2.2964509394572,18.1628392484342,943.197755960729,760.960610758697
"L13_4831",367,580,2.24137931034483,21.8965517241379,930.224403927069,768.855653009186
"L13_4832",409,624,2.88461538461538,21.7948717948718,917.251051893408,776.750695259675
"L13_4833",451,726,2.34159779614325,19.6969696969697,904.277699859748,784.645737510165
"L13_4834",544,873,3.20733104238259,21.7640320733104,891.304347826087,792.540779760654
"L13_4835",670,1143,2.6246719160105,21.3473315835521,878.330995792426,800.435822011143
"L13_4836",631,1002,2.19560878243513,15.5688622754491,865.357643758766,808.330864261632
"L13_4837",495,783,2.17113665389527,20.5619412515964,852.384291725105,816.225906512122
"L13_4838",468,744,2.68817204301075,21.7741935483871,839.410939691445,824.120948762611
"L13_4839",390,596,3.18791946308725,17.4496644295302,826.437587657784,832.0159910131
"L13_4840",338,467,2.35546038543897,15.4175588865096,813.464235624123,839.911033263589
"L13_4841",368,546,0.732600732600733,17.5824175824176,800.490883590463,847.806075514079
"L13_4842",283,411,5.59610705596107,15.0851581508516,787.517531556802,855.701117764568
"L13_4843",394,602,2.32558139534884,19.1029900332226,774.544179523142,863.596160015057
"L13_4844",340,477,2.93501048218029,12.3689727463312,761.570827489481,871.491202265546
"L13_4845",363,544,3.86029411764706,16.5441176470588,748.59747545582,879.386244516036
"L13_4846",353,518,3.28185328185328,17.953667953668,735.62412342216,887.281286766525
"L13_4847",296,429,2.0979020979021,17.2494172494172,722.650771388499,895.176329017014
"L13_4848",303,429,1.3986013986014,17.016317016317,709.677419354839,903.071371267504
"L13_4849",298,441,2.26757369614512,19.2743764172336,696.704067321178,910.966413517993
"L13_4850",252,374,2.40641711229947,19.2513368983957,683.730715287518,918.861455768482
"L13_4851",344,537,3.53817504655493,18.4357541899441,670.757363253857,926.756498018971
"L13_4852",396,569,1.93321616871705,17.2231985940246,657.784011220196,934.651540269461
"L13_4853",334,529,2.26843100189036,18.1474480151229,644.810659186536,942.54658251995
"L13_4854",396,629,1.4308426073132,20.6677265500795,631.837307152875,950.441624770439
"L13_4855",393,564,2.4822695035461,19.1489361702128,618.863955119215,958.336667020928
"L13_4856",272,386,2.59067357512953,15.0259067357513,605.890603085554,966.231709271418
"L13_4857",276,405,2.22222222222222,20.4938271604938,592.917251051893,974.126751521907
"L13_4858",292,406,2.95566502463054,14.5320197044335,579.943899018233,982.021793772396
"L13_4859",228,308,2.5974025974026,15.2597402597403,566.970546984572,989.916836022886
"L13_4860",326,496,1.81451612903226,17.3387096774194,553.997194950912,997.811878273375
"L13_4862",286,424,3.30188679245283,19.1037735849057,995.441795231417,744.563215315373
"L13_4863",262,354,1.9774011299435,18.361581920904,982.468443197756,752.458257565862
"L13_4864",269,379,2.37467018469657,21.6358839050132,969.495091164095,760.353299816351
"L13_4865",320,456,3.50877192982456,14.6929824561404,956.521739130435,768.248342066841
"L13_4866",374,556,2.87769784172662,18.8848920863309,943.548387096774,776.14338431733
"L13_4867",342,504,1.58730158730159,22.4206349206349,930.575035063114,784.038426567819
"L13_4868",311,441,1.8140589569161,16.5532879818594,917.601683029453,791.933468818308
"L13_4869",432,656,2.89634146341463,19.969512195122,904.628330995792,799.828511068798
"L13_4870",594,948,1.68776371308017,18.1434599156118,891.654978962132,807.723553319287
"L13_4871",550,881,2.49716231555051,19.0692395005675,878.681626928471,815.618595569776
"L13_4872",612,992,2.21774193548387,18.0443548387097,865.708274894811,823.513637820266
"L13_4873",465,703,1.99146514935989,18.6344238975818,852.73492286115,831.408680070755
"L13_4874",463,700,2,21.5714285714286,839.761570827489,839.303722321244
"L13_4875",284,405,4.19753086419753,20,826.788218793829,847.198764571733
"L13_4876",288,438,2.96803652968037,15.296803652968,813.814866760168,855.093806822223
"L13_4877",245,332,2.71084337349398,17.4698795180723,800.841514726508,862.988849072712
"L13_4878",398,642,2.33644859813084,19.0031152647975,787.868162692847,870.883891323201
"L13_4879",238,340,2.35294117647059,14.1176470588235,774.894810659187,878.77893357369
"L13_4880",277,386,2.33160621761658,19.4300518134715,761.921458625526,886.67397582418
"L13_4881",253,348,2.8735632183908,18.9655172413793,748.948106591865,894.569018074669
"L13_4882",377,560,3.39285714285714,17.6785714285714,735.974754558205,902.464060325158
"L13_4883",221,310,5.80645161290323,16.7741935483871,723.001402524544,910.359102575648
"L13_4884",328,489,1.22699386503067,15.7464212678937,710.028050490884,918.254144826137
"L13_4885",232,313,2.55591054313099,17.8913738019169,697.054698457223,926.149187076626
"L13_4886",273,389,4.11311053984576,14.9100257069409,684.081346423562,934.044229327115
"L13_4887",350,548,3.1021897810219,18.7956204379562,671.107994389902,941.939271577605
"L13_4888",328,448,3.79464285714286,10.7142857142857,658.134642356241,949.834313828094
"L13_4889",494,766,2.48041775456919,14.8825065274151,645.161290322581,957.729356078583
"L13_4890",312,447,2.23713646532438,17.8970917225951,632.18793828892,965.624398329072
"L13_4891",399,580,3.96551724137931,16.2068965517241,619.214586255259,973.519440579562
"L13_4892",261,384,1.82291666666667,20.5729166666667,606.241234221599,981.414482830051
"L13_4893",460,690,1.88405797101449,15.7971014492754,593.267882187938,989.30952508054
"L13_4894",405,594,2.86195286195286,14.4781144781145,580.294530154278,997.20456733103
"L13_4895",108,151,1.98675496688742,13.9072847682119,567.321178120617,1005.09960958152
"L13_4896",264,351,1.42450142450142,15.6695156695157,995.792426367461,759.745988874006
"L13_4897",266,381,3.1496062992126,13.9107611548556,982.819074333801,767.641031124495
"L13_4898",324,462,3.24675324675325,15.5844155844156,969.84572230014,775.536073374985
"L13_4899",412,602,2.82392026578073,20.265780730897,956.87237026648,783.431115625474
"L13_4900",397,626,3.35463258785942,18.6900958466454,943.899018232819,791.326157875963
"L13_4901",448,689,1.88679245283019,17.4165457184325,930.925666199158,799.221200126452
"L13_4902",270,384,2.34375,18.4895833333333,917.952314165498,807.116242376942
"L13_4903",372,560,1.78571428571429,16.0714285714286,904.978962131837,815.011284627431
"L13_4904",450,692,4.1907514450867,17.9190751445087,892.005610098177,822.90632687792
"L13_4905",447,696,2.72988505747126,19.5402298850575,879.032258064516,830.801369128409
"L13_4906",393,586,3.07167235494881,20.3071672354949,866.058906030855,838.696411378899
"L13_4907",431,661,2.57186081694402,14.3721633888048,853.085553997195,846.591453629388
"L13_4908",301,419,3.10262529832936,15.2744630071599,840.112201963534,854.486495879877
"L13_4909",295,421,2.13776722090261,15.4394299287411,827.138849929874,862.381538130367
"L13_4910",212,307,3.25732899022801,17.2638436482085,814.165497896213,870.276580380856
"L13_4911",290,412,1.45631067961165,18.4466019417476,801.192145862553,878.171622631345
"L13_4912",241,340,2.64705882352941,19.1176470588235,788.218793828892,886.066664881834
"L13_4913",280,372,2.1505376344086,12.3655913978495,775.245441795231,893.961707132324
"L13_4914",239,335,2.98507462686567,16.7164179104478,762.272089761571,901.856749382813
"L13_4915",260,360,2.77777777777778,16.6666666666667,749.29873772791,909.751791633302
"L13_4916",265,382,2.09424083769634,17.8010471204188,736.32538569425,917.646833883792
"L13_4917",353,497,1.60965794768612,15.6941649899396,723.352033660589,925.541876134281
"L13_4918",328,499,2.60521042084168,17.6352705410822,710.378681626928,933.43691838477
"L13_4919",257,399,1.50375939849624,21.0526315789474,697.405329593268,941.331960635259
"L13_4920",340,525,3.80952380952381,12.3809523809524,684.431977559607,949.227002885749
"L13_4921",374,530,2.26415094339623,14.9056603773585,671.458625525947,957.122045136238
"L13_4922",238,322,2.48447204968944,16.4596273291925,658.485273492286,965.017087386727
"L13_4923",323,466,4.50643776824034,19.31330472103,645.511921458625,972.912129637216
"L13_4924",226,314,2.22929936305732,15.6050955414013,632.538569424965,980.807171887706
"L13_4925",299,421,2.37529691211401,19.4774346793349,619.565217391304,988.702214138195
"L13_4926",314,463,1.9438444924406,17.92656587473,606.591865357644,996.597256388684
"L13_4927",206,279,3.9426523297491,20.7885304659498,593.618513323983,1004.49229863917
"L13_4929",235,343,2.62390670553936,19.2419825072886,996.143057503506,774.928762432639
"L13_4930",368,524,2.86259541984733,16.412213740458,983.169705469846,782.823804683129
"L13_4931",411,625,3.2,17.12,970.196353436185,790.718846933618
"L13_4932",586,943,1.69671261930011,16.0127253446447,957.223001402525,798.613889184107
"L13_4933",372,578,1.90311418685121,24.3944636678201,944.249649368864,806.508931434596
"L13_4934",405,594,3.36700336700337,16.4983164983165,931.276297335203,814.403973685086
"L13_4935",331,478,1.88284518828452,16.9456066945607,918.302945301543,822.299015935575
"L13_4936",390,600,3.33333333333333,18.3333333333333,905.329593267882,830.194058186064
"L13_4937",340,515,2.52427184466019,20.1941747572816,892.356241234222,838.089100436553
"L13_4938",358,511,3.13111545988258,17.8082191780822,879.382889200561,845.984142687043
"L13_4939",294,414,1.69082125603865,19.8067632850242,866.4095371669,853.879184937532
"L13_4940",247,362,4.14364640883978,12.1546961325967,853.43618513324,861.774227188021
"L13_4941",246,357,1.12044817927171,19.6078431372549,840.462833099579,869.66926943851
"L13_4942",302,439,4.78359908883827,15.7175398633257,827.489481065919,877.564311689
"L13_4943",294,439,4.78359908883827,17.0842824601367,814.516129032258,885.459353939489
"L13_4944",261,399,2.75689223057644,15.7894736842105,801.542776998597,893.354396189978
"L13_4945",274,373,1.87667560321716,17.9624664879357,788.569424964937,901.249438440468
"L13_4946",240,343,2.62390670553936,17.7842565597668,775.596072931276,909.144480690957
"L13_4947",240,330,4.54545454545455,15.4545454545455,762.622720897616,917.039522941446
"L13_4948",296,433,2.07852193995381,15.7043879907621,749.649368863955,924.934565191935
"L13_4949",279,402,3.23383084577114,16.9154228855721,736.676016830295,932.829607442425
"L13_4950",286,406,2.46305418719212,13.3004926108374,723.702664796634,940.724649692914
"L13_4951",252,357,4.48179271708683,16.2464985994398,710.729312762973,948.619691943403
"L13_4952",365,540,1.11111111111111,17.037037037037,697.755960729313,956.514734193892
"L13_4953",278,402,2.48756218905473,17.6616915422886,684.782608695652,964.409776444382
"L13_4954",313,452,2.87610619469027,20.5752212389381,671.809256661992,972.304818694871
"L13_4955",431,670,2.23880597014925,16.2686567164179,658.835904628331,980.19986094536
"L13_4956",213,287,2.09059233449477,17.7700348432056,645.86255259467,988.09490319585
"L13_4957",376,559,2.50447227191413,20.2146690518784,632.88920056101,995.989945446339
"L13_4958",222,315,1.9047619047619,16.8253968253968,619.915848527349,1003.88498769683
"L13_4960",294,449,1.78173719376392,20.7126948775056,996.493688639551,790.111535991272
"L13_4961",352,534,2.62172284644195,16.2921348314607,983.52033660589,798.006578241762
"L13_4962",354,553,3.07414104882459,19.5298372513562,970.54698457223,805.901620492251
"L13_4963",306,433,2.3094688221709,17.0900692840647,957.573632538569,813.79666274274
"L13_4964",390,588,1.70068027210884,13.7755102040816,944.600280504909,821.69170499323
"L13_4965",287,440,2.72727272727273,17.5,931.626928471248,829.586747243719
"L13_4966",402,595,2.35294117647059,14.7899159663866,918.653576437588,837.481789494208
"L13_4967",341,500,2.6,19.4,905.680224403927,845.376831744697
"L13_4968",266,364,1.92307692307692,14.010989010989,892.706872370266,853.271873995187
"L13_4969",292,446,1.79372197309417,19.7309417040359,879.733520336606,861.166916245676
"L13_4970",284,404,1.98019801980198,19.5544554455446,866.760168302945,869.061958496165
"L13_4971",266,368,1.6304347826087,15.2173913043478,853.786816269285,876.957000746654
"L13_4972",319,435,1.37931034482759,13.7931034482759,840.813464235624,884.852042997144
"L13_4973",305,442,2.26244343891403,14.4796380090498,827.840112201964,892.747085247633
"L13_4974",329,503,2.18687872763419,17.6938369781312,814.866760168303,900.642127498122
"L13_4975",329,489,2.24948875255624,14.7239263803681,801.893408134642,908.537169748612
"L13_4976",311,453,0.883002207505519,13.9072847682119,788.920056100982,916.432211999101
"L13_4977",459,703,1.84921763869132,16.5007112375533,775.946704067321,924.32725424959
"L13_4978",276,378,1.85185185185185,12.962962962963,762.973352033661,932.222296500079
"L13_4979",244,322,2.48447204968944,16.4596273291925,750,940.117338750569
"L13_4980",201,285,1.05263157894737,13.6842105263158,737.026647966339,948.012381001058
"L13_4981",243,336,3.86904761904762,19.6428571428571,724.053295932679,955.907423251547
"L13_4982",250,350,5.42857142857143,14.8571428571429,711.079943899018,963.802465502036
"L13_4983",323,474,1.26582278481013,18.3544303797468,698.106591865358,971.697507752526
"L13_4984",349,495,3.03030303030303,15.959595959596,685.133239831697,979.592550003015
"L13_4985",325,464,3.01724137931034,15.5172413793103,672.159887798036,987.487592253504
"L13_4986",509,810,2.09876543209877,16.4197530864198,659.186535764376,995.382634503994
"L13_4987",214,279,1.4336917562724,22.2222222222222,646.213183730715,1003.27767675448
"L13_4989",320,461,2.38611713665944,16.7028199566161,996.844319775596,805.294309549906
"L13_4990",399,597,2.34505862646566,16.750418760469,983.870967741936,813.189351800395
"L13_4991",424,632,1.74050632911392,18.3544303797468,970.897615708275,821.084394050884
"L13_4992",410,615,2.4390243902439,20,957.924263674614,828.979436301374
"L13_4993",366,571,2.62697022767075,15.061295971979,944.950911640954,836.874478551863
"L13_4994",320,483,1.86335403726708,18.2194616977226,931.977559607293,844.769520802352
"L13_4995",249,350,2,18.8571428571429,919.004207573632,852.664563052841
"L13_4996",250,378,2.64550264550265,20.8994708994709,906.030855539972,860.559605303331
"L13_4997",205,291,3.43642611683849,18.9003436426117,893.057503506311,868.45464755382
"L13_4998",393,578,1.3840830449827,14.878892733564,880.084151472651,876.349689804309
"L13_4999",307,461,2.81995661605206,15.6182212581345,867.11079943899,884.244732054798
"L13_5000",321,457,1.31291028446389,18.8183807439825,854.13744740533,892.139774305288
"L13_5001",234,331,2.11480362537764,15.7099697885196,841.164095371669,900.034816555777
"L13_5002",252,383,2.61096605744125,15.1436031331593,828.190743338008,907.929858806266
"L13_5003",266,381,2.0997375328084,16.5354330708661,815.217391304348,915.824901056756
"L13_5004",244,338,3.84615384615385,17.1597633136095,802.244039270687,923.719943307245
"L13_5005",348,523,3.05927342256214,18.7380497131931,789.270687237027,931.614985557734
"L13_5006",278,425,1.64705882352941,19.5294117647059,776.297335203366,939.510027808223
"L13_5007",423,678,1.91740412979351,20.353982300885,763.323983169705,947.405070058713
"L13_5008",300,409,2.68948655256724,15.4034229828851,750.350631136045,955.300112309202
"L13_5009",307,442,3.84615384615385,16.7420814479638,737.377279102384,963.195154559691
"L13_5010",305,451,1.77383592017738,18.8470066518847,724.403927068724,971.09019681018
"L13_5011",303,455,1.53846153846154,16.2637362637363,711.430575035063,978.98523906067
"L13_5012",345,486,6.79012345679012,12.1399176954733,698.457223001403,986.880281311159
"L13_5013",298,425,4,20.2352941176471,685.483870967742,994.775323561648
"L13_5014",344,501,1.79640718562874,18.3632734530938,672.510518934081,1002.67036581214
"L13_5016",182,239,2.09205020920502,20.0836820083682,997.194950911641,820.477083108539
"L13_5017",343,530,2.83018867924528,21.8867924528302,984.22159887798,828.372125359028
"L13_5018",307,416,2.40384615384615,16.5865384615385,971.24824684432,836.267167609517
"L13_5019",366,551,2.9038112522686,17.7858439201452,958.274894810659,844.162209860007
"L13_5020",303,461,3.68763557483731,16.7028199566161,945.301542776998,852.057252110496
"L13_5021",304,463,1.9438444924406,23.9740820734341,932.328190743338,859.952294360985
"L13_5022",287,398,0.753768844221105,15.3266331658291,919.354838709677,867.847336611474
"L13_5023",308,412,1.94174757281553,16.9902912621359,906.381486676017,875.742378861964
"L13_5024",323,462,1.94805194805195,15.5844155844156,893.408134642356,883.637421112453
"L13_5025",304,427,1.63934426229508,15.9250585480094,880.434782608696,891.532463362942
"L13_5026",393,596,4.53020134228188,17.7852348993289,867.461430575035,899.427505613432
"L13_5027",396,582,3.78006872852234,16.3230240549828,854.488078541374,907.322547863921
"L13_5028",278,401,1.99501246882793,15.71072319202,841.514726507714,915.21759011441
"L13_5029",327,502,3.18725099601594,20.1195219123506,828.541374474053,923.1126323649
"L13_5030",318,464,3.01724137931034,15.0862068965517,815.568022440393,931.007674615389
"L13_5031",218,315,3.80952380952381,17.4603174603175,802.594670406732,938.902716865878
"L13_5032",368,543,2.20994475138122,16.2062615101289,789.621318373072,946.797759116367
"L13_5033",323,479,3.75782881002088,14.8225469728601,776.647966339411,954.692801366856
"L13_5034",270,377,2.38726790450928,17.5066312997347,763.67461430575,962.587843617346
"L13_5035",195,265,0.377358490566038,18.4905660377358,750.70126227209,970.482885867835
"L13_5036",374,551,2.35934664246824,16.5154264972777,737.727910238429,978.377928118324
"L13_5037",284,403,2.72952853598015,16.3771712158809,724.754558204769,986.272970368814
"L13_5038",304,463,4.1036717062635,16.8466522678186,711.781206171108,994.168012619303
"L13_5039",263,378,2.38095238095238,20.8994708994709,698.807854137447,1002.06305486979
"L13_5041",266,385,2.85714285714286,19.7402597402597,997.545582047686,835.659856667172
"L13_5042",408,599,2.00333889816361,20.534223706177,984.572230014025,843.554898917661
"L13_5043",305,433,2.3094688221709,17.5519630484988,971.598877980365,851.449941168151
"L13_5044",397,622,4.34083601286174,18.9710610932476,958.625525946704,859.34498341864
"L13_5045",393,604,1.98675496688742,16.7218543046358,945.652173913044,867.240025669129
"L13_5046",305,425,2.58823529411765,15.0588235294118,932.678821879383,875.135067919618
"L13_5047",338,502,3.58565737051793,16.3346613545817,919.705469845722,883.030110170108
"L13_5048",252,355,2.8169014084507,18.0281690140845,906.732117812062,890.925152420597
"L13_5049",303,439,1.36674259681093,18.2232346241458,893.758765778401,898.820194671086
"L13_5050",300,445,0.449438202247191,17.752808988764,880.78541374474,906.715236921576
"L13_5051",358,546,1.28205128205128,19.047619047619,867.81206171108,914.610279172065
"L13_5052",323,492,2.84552845528455,18.9024390243902,854.838709677419,922.505321422554
"L13_5053",414,674,2.9673590504451,19.7329376854599,841.865357643759,930.400363673043
"L13_5054",343,505,2.57425742574257,17.2277227722772,828.892005610098,938.295405923533
"L13_5055",289,427,3.98126463700234,20.1405152224824,815.918653576438,946.190448174022
"L13_5056",251,374,2.94117647058824,18.716577540107,802.945301542777,954.085490424511
"L13_5057",257,381,2.88713910761155,18.3727034120735,789.971949509116,961.980532675
"L13_5058",223,320,2.1875,14.375,776.998597475456,969.87557492549
"L13_5059",212,309,0.970873786407767,16.8284789644013,764.025245441795,977.770617175979
"L13_5060",296,427,2.34192037470726,16.8618266978923,751.051893408135,985.665659426468
"L13_5061",315,462,1.94805194805195,16.8831168831169,738.078541374474,993.560701676958
"L13_5062",230,315,2.85714285714286,15.2380952380952,725.105189340813,1001.45574392745
"L13_5064",309,432,3.47222222222222,15.5092592592593,997.896213183731,850.842630225805
"L13_5065",416,642,2.9595015576324,18.8473520249221,984.92286115007,858.737672476295
"L13_5066",373,587,3.57751277683135,20.2725724020443,971.94950911641,866.632714726784
"L13_5067",262,389,1.54241645244216,21.0796915167095,958.976157082749,874.527756977273
"L13_5068",317,486,2.67489711934156,17.0781893004115,946.002805049088,882.422799227762
"L13_5069",290,420,3.33333333333333,14.047619047619,933.029453015428,890.317841478252
"L13_5070",321,473,1.47991543340381,15.0105708245243,920.056100981767,898.212883728741
"L13_5071",243,339,3.24483775811209,15.0442477876106,907.082748948106,906.10792597923
"L13_5072",317,441,2.49433106575964,13.3786848072562,894.109396914446,914.00296822972
"L13_5073",318,476,2.3109243697479,22.4789915966387,881.136044880785,921.898010480209
"L13_5074",311,436,2.06422018348624,19.4954128440367,868.162692847125,929.793052730698
"L13_5075",251,356,4.49438202247191,17.6966292134831,855.189340813464,937.688094981187
"L13_5076",337,490,2.44897959183673,16.734693877551,842.215988779804,945.583137231677
"L13_5077",357,496,2.41935483870968,14.7177419354839,829.242636746143,953.478179482166
"L13_5078",371,568,2.11267605633803,15.8450704225352,816.269284712482,961.373221732655
"L13_5079",331,468,2.35042735042735,14.3162393162393,803.295932678822,969.268263983144
"L13_5080",324,465,2.58064516129032,14.8387096774194,790.322580645161,977.163306233634
"L13_5081",287,439,1.82232346241458,18.6788154897494,777.349228611501,985.058348484123
"L13_5082",288,398,2.26130653266332,15.5778894472362,764.37587657784,992.953390734612
"L13_5083",270,405,2.22222222222222,18.2716049382716,751.40252454418,1000.8484329851
"L13_5085",220,306,1.63398692810458,23.8562091503268,998.246844319776,866.025403784438
"L13_5086",468,735,3.53741496598639,15.9183673469388,985.273492286115,873.920446034928
"L13_5087",320,457,4.15754923413567,18.1619256017505,972.300140252454,881.815488285417
"L13_5088",374,544,1.65441176470588,16.7279411764706,959.326788218794,889.710530535906
"L13_5089",351,539,3.52504638218924,20.9647495361781,946.353436185133,897.605572786396
"L13_5090",305,453,4.41501103752759,16.9977924944812,933.380084151473,905.500615036885
"L13_5091",262,356,1.68539325842697,17.1348314606742,920.406732117812,913.395657287374
"L13_5092",260,358,1.95530726256983,20.1117318435754,907.433380084151,921.290699537864
"L13_5093",338,508,1.96850393700787,16.5354330708661,894.460028050491,929.185741788353
"L13_5094",218,307,2.60586319218241,15.9609120521173,881.48667601683,937.080784038842
"L13_5095",422,648,5.09259259259259,15.7407407407407,868.51332398317,944.975826289331
"L13_5096",323,475,3.36842105263158,17.4736842105263,855.539971949509,952.87086853982
"L13_5097",267,403,2.97766749379653,14.3920595533499,842.566619915848,960.76591079031
"L13_5098",323,479,2.2964509394572,17.5365344467641,829.593267882188,968.660953040799
"L13_5099",342,527,2.84629981024668,20.303605313093,816.619915848527,976.555995291288
"L13_5100",260,349,3.43839541547278,18.0515759312321,803.646563814867,984.451037541778
"L13_5101",331,507,2.9585798816568,18.9349112426036,790.673211781206,992.346079792267
"L13_5102",215,300,2.66666666666667,21.3333333333333,777.699859747546,1000.24112204276
"L13_5104",245,351,1.99430199430199,15.954415954416,998.59747545582,881.208177343072
"L13_5105",371,551,2.9038112522686,12.8856624319419,985.62412342216,889.103219593561
"L13_5106",286,423,4.25531914893617,15.1300236406619,972.650771388499,896.99826184405
"L13_5107",333,488,2.45901639344262,15.9836065573771,959.677419354839,904.89330409454
"L13_5108",350,528,2.08333333333333,19.3181818181818,946.704067321178,912.788346345029
"L13_5109",266,363,2.47933884297521,16.2534435261708,933.730715287518,920.683388595518
"L13_5110",313,456,3.28947368421053,18.4210526315789,920.757363253857,928.578430846007
"L13_5111",308,428,2.57009345794392,13.0841121495327,907.784011220196,936.473473096497
"L13_5112",336,489,2.04498977505112,18.8139059304703,894.810659186536,944.368515346986
"L13_5113",364,517,2.12765957446809,13.926499032882,881.837307152875,952.263557597475
"L13_5114",267,359,3.89972144846797,16.1559888579387,868.863955119215,960.158599847964
"L13_5115",356,511,3.13111545988258,15.2641878669276,855.890603085554,968.053642098454
"L13_5116",328,488,3.68852459016393,16.5983606557377,842.917251051893,975.948684348943
"L13_5117",285,401,2.49376558603491,10.7231920199501,829.943899018233,983.843726599432
"L13_5118",268,405,2.71604938271605,13.3333333333333,816.970546984572,991.738768849922
"L13_5119",381,583,1.37221269296741,15.6089193825043,803.997194950912,999.633811100411
"L13_5121",267,417,4.31654676258993,12.7098321342926,998.948106591865,896.390950901705
"L13_5122",292,439,1.36674259681093,17.3120728929385,985.974754558205,904.285993152194
"L13_5123",375,527,2.84629981024668,17.6470588235294,973.001402524544,912.181035402684
"L13_5124",281,412,2.18446601941748,20.1456310679612,960.028050490884,920.076077653173
"L13_5125",311,458,1.96506550218341,18.7772925764192,947.054698457223,927.971119903662
"L13_5126",309,455,2.1978021978022,15.1648351648352,934.081346423562,935.866162154151
"L13_5127",422,655,2.29007633587786,16.793893129771,921.107994389902,943.761204404641
"L13_5128",357,521,3.83877159309021,13.8195777351248,908.134642356241,951.65624665513
"L13_5129",336,492,2.4390243902439,20.1219512195122,895.161290322581,959.551288905619
"L13_5130",278,378,3.7037037037037,15.6084656084656,882.18793828892,967.446331156108
"L13_5131",377,578,4.1522491349481,15.5709342560554,869.214586255259,975.341373406598
"L13_5132",338,483,3.72670807453416,19.6687370600414,856.241234221599,983.236415657087
"L13_5133",285,381,3.1496062992126,17.0603674540682,843.267882187938,991.131457907576
"L13_5134",234,334,2.69461077844311,17.9640718562874,830.294530154278,999.026500158066
"L13_5136",178,254,4.7244094488189,19.2913385826772,999.29873772791,911.573724460338
"L13_5137",307,444,2.92792792792793,15.990990990991,986.32538569425,919.468766710828
"L13_5138",298,416,2.40384615384615,14.6634615384615,973.352033660589,927.363808961317
"L13_5139",244,319,3.44827586206897,11.9122257053292,960.378681626928,935.258851211806
"L13_5140",303,438,2.28310502283105,18.0365296803653,947.405329593268,943.153893462295
"L13_5141",275,394,2.03045685279188,19.2893401015228,934.431977559607,951.048935712785
"L13_5142",321,475,4.21052631578947,17.6842105263158,921.458625525947,958.943977963274
"L13_5143",485,789,3.67553865652725,19.6451204055767,908.485273492286,966.839020213763
"L13_5144",442,667,3.89805097451274,16.7916041979011,895.511921458625,974.734062464252
"L13_5145",352,560,6.25,18.2142857142857,882.538569424965,982.629104714742
"L13_5146",378,577,4.15944540727903,13.3448873483536,869.565217391304,990.524146965231
"L13_5147",236,325,2.15384615384615,15.3846153846154,856.591865357644,998.41918921572
"L13_5150",292,395,2.78481012658228,15.6962025316456,986.676016830294,934.651540269461
"L13_5151",300,413,2.17917675544794,16.2227602905569,973.702664796634,942.54658251995
"L13_5152",306,461,2.60303687635575,16.2689804772234,960.729312762973,950.441624770439
"L13_5153",419,622,1.76848874598071,17.524115755627,947.755960729313,958.336667020928
"L13_5154",288,416,2.16346153846154,19.7115384615385,934.782608695652,966.231709271418
"L13_5155",423,665,1.80451127819549,17.7443609022556,921.809256661992,974.126751521907
"L13_5156",338,548,3.46715328467153,17.5182481751825,908.835904628331,982.021793772396
"L13_5157",357,530,4.33962264150943,18.8679245283019,895.86255259467,989.916836022886
"L13_5158",285,393,3.81679389312977,13.9949109414758,882.88920056101,997.811878273375
"L13_5160",191,278,2.51798561151079,19.4244604316547,1000,941.939271577605
"L13_5161",257,382,3.40314136125654,21.7277486910995,987.026647966339,949.834313828094
"L13_5162",170,247,2.42914979757085,17.4089068825911,974.053295932679,957.729356078583
"L13_5163",283,416,2.88461538461538,19.2307692307692,961.079943899018,965.624398329072
"L13_5164",403,621,1.77133655394525,17.7133655394525,948.106591865358,973.519440579562
"L13_5165",235,335,2.08955223880597,18.2089552238806,935.133239831697,981.414482830051
"L13_5166",333,474,1.47679324894515,14.3459915611814,922.159887798036,989.30952508054
"L13_5167",279,378,2.64550264550265,14.021164021164,909.186535764376,997.20456733103
"L13_5168",162,210,2.85714285714286,18.5714285714286,896.213183730715,1005.09960958152
"L13_5169",149,203,1.47783251231527,12.807881773399,1000.35063113604,957.122045136238
"L13_5170",259,359,2.50696378830084,14.4846796657382,987.377279102384,965.017087386727
"L13_5171",268,406,3.20197044334975,20.935960591133,974.403927068724,972.912129637216
"L13_5172",384,560,3.03571428571429,17.8571428571429,961.430575035063,980.807171887706
"L13_5173",329,469,2.55863539445629,19.4029850746269,948.457223001403,988.702214138195
"L13_5174",229,330,2.12121212121212,18.4848484848485,935.483870967742,996.597256388684
"L13_5175",128,171,0.584795321637427,12.280701754386,922.510518934081,1004.49229863917
"L13_5177",130,173,4.6242774566474,11.5606936416185,1000.70126227209,972.304818694871
"L13_5178",274,387,0.775193798449612,18.6046511627907,987.727910238429,980.19986094536
"L13_5179",304,432,3.24074074074074,12.7314814814815,974.754558204768,988.09490319585
"L13_5180",257,363,1.37741046831956,14.3250688705234,961.781206171108,995.989945446339
"L13_5181",236,347,2.30547550432277,19.3083573487032,948.807854137447,1003.88498769683
"L13_5184",355,503,1.19284294234592,16.10337972167,988.078541374474,995.382634503994
"L13_5185",137,176,2.84090909090909,15.9090909090909,975.105189340814,1003.27767675448
