"p_val","avg_log2FC","pct.1","pct.2","p_val_adj","cluster","gene"
0,4.51251081577049,0.259,0.02,0,"ACKR1_high_endothelial","KRT7"
0,4.26837013948602,0.484,0.036,0,"ACKR1_high_endothelial","SELP"
0,4.09847084801137,0.413,0.037,0,"ACKR1_high_endothelial","MEOX1"
0,3.7493076788092,0.941,0.275,0,"ACKR1_high_endothelial","ACKR1"
0,3.52189344126834,0.327,0.039,0,"ACKR1_high_endothelial","ELOVL7"
0,3.35228282481359,0.324,0.039,0,"ACKR1_high_endothelial","CPVL"
0,3.25907656826435,0.302,0.046,0,"ACKR1_high_endothelial","ADM5"
0,3.11048701808203,0.914,0.266,0,"ACKR1_high_endothelial","AQP1"
0,2.94398253578512,0.299,0.042,0,"ACKR1_high_endothelial","TSPAN13"
5.04179381019651e-245,2.88548049924779,0.262,0.052,1.23549157318866e-240,"ACKR1_high_endothelial","DEGS2"
0,2.7861864623105,0.324,0.056,0,"ACKR1_high_endothelial","SPOCK1"
0,2.70018621090538,0.348,0.067,0,"ACKR1_high_endothelial","NOV"
0,2.63010618381352,0.816,0.151,0,"ACKR1_high_endothelial","SPRY1"
8.70390866609025e-291,2.61910828913086,0.326,0.069,2.13289281862541e-286,"ACKR1_high_endothelial","ADAMTSL1"
0,2.60363412873927,0.645,0.159,0,"ACKR1_high_endothelial","COL15A1"
0,2.5650135438218,0.553,0.136,0,"ACKR1_high_endothelial","IL3RA"
0,2.52616308642656,0.421,0.091,0,"ACKR1_high_endothelial","MET"
0,2.44100963231879,0.599,0.213,0,"ACKR1_high_endothelial","VWA1"
0,2.40871150918819,0.457,0.114,0,"ACKR1_high_endothelial","RUNDC3B"
0,2.37562345452002,0.851,0.316,0,"ACKR1_high_endothelial","LMCD1"
6.04989422005415e-243,2.26506871743934,0.354,0.094,1.48252657862427e-238,"ACKR1_high_endothelial","FAM171A1"
1.73897200825905e-185,2.21636549936402,0.27,0.069,4.2613509062388e-181,"ACKR1_high_endothelial","C14orf132"
7.46167247788071e-160,2.16952558759595,0.263,0.074,1.82848284070467e-155,"ACKR1_high_endothelial","FBXO31"
0,2.1653479681756,0.744,0.305,0,"ACKR1_high_endothelial","CXorf36"
2.68937739472853e-280,2.11497236633341,0.483,0.158,6.59031930578226e-276,"ACKR1_high_endothelial","C10orf128"
1.15586241457427e-184,2.11046674406728,0.347,0.113,2.83244084691425e-180,"ACKR1_high_endothelial","FGF2"
7.84153028091427e-181,2.09669469718662,0.307,0.09,1.92156699533804e-176,"ACKR1_high_endothelial","EPB41L3"
5.21270584556957e-202,2.09463838028545,0.331,0.095,1.27737356745682e-197,"ACKR1_high_endothelial","SLC38A1"
0,2.06378638818363,0.625,0.211,0,"ACKR1_high_endothelial","LSR"
5.66402733684343e-277,2.05556010040205,0.49,0.167,1.38796989889348e-272,"ACKR1_high_endothelial","SPHK1"
4.45218274782661e-193,2.02649742934865,0.526,0.251,1.09100738235491e-188,"ACKR1_high_endothelial","LCN6"
0,2.01833340673881,0.63,0.208,0,"ACKR1_high_endothelial","ABCB1"
0,2.00801921366987,0.672,0.239,0,"ACKR1_high_endothelial","NES"
1.31459884396506e-298,1.97192742346729,0.592,0.237,3.22142446713638e-294,"ACKR1_high_endothelial","CLEC2B"
2.08481982656387e-235,1.87992775304926,0.378,0.107,5.10885098499475e-231,"ACKR1_high_endothelial","JAG2"
1.04325357203575e-228,1.85528730663465,0.366,0.102,2.55649287827361e-224,"ACKR1_high_endothelial","PHLDA1"
1.17644839735517e-211,1.84904716101287,0.458,0.174,2.88288679771884e-207,"ACKR1_high_endothelial","CARHSP1"
3.34067160052491e-214,1.83275360923495,0.507,0.206,8.1863157570863e-210,"ACKR1_high_endothelial","RGS16"
5.76191903677725e-134,1.80727503652958,0.295,0.102,1.41195825996227e-129,"ACKR1_high_endothelial","SYT15"
7.15366681487282e-204,1.78087517323107,0.418,0.145,1.75300605298459e-199,"ACKR1_high_endothelial","CPXM2"
0,1.76931628874028,0.819,0.465,0,"ACKR1_high_endothelial","LIFR"
7.84456472599152e-198,1.74412727422877,0.48,0.196,1.92231058610422e-193,"ACKR1_high_endothelial","ZNF385D"
1.4886921485106e-226,1.72903440049983,0.473,0.17,3.64804010992523e-222,"ACKR1_high_endothelial","ANKRD29"
6.47090137269256e-166,1.72409193624391,0.34,0.114,1.58569438137831e-161,"ACKR1_high_endothelial","FAM89A"
2.09672861894332e-147,1.66717702488043,0.335,0.118,5.13803348072061e-143,"ACKR1_high_endothelial","HLA-DQA1"
4.95840222632436e-142,1.65082491734179,0.358,0.139,1.21505646556078e-137,"ACKR1_high_endothelial","DSP"
8.02844274328987e-137,1.61959739278956,0.374,0.152,1.96736989424318e-132,"ACKR1_high_endothelial","NTN4"
7.23916554868456e-152,1.61661353767745,0.393,0.158,1.77395751770515e-147,"ACKR1_high_endothelial","PDIA5"
2.92585800234312e-232,1.61456483477991,0.449,0.149,7.16981503474183e-228,"ACKR1_high_endothelial","EDN1"
0,1.61139216177538,0.414,0.094,0,"ACKR1_high_endothelial","SELE"
1.10137121872835e-113,1.58750825609736,0.318,0.127,2.69891017149381e-109,"ACKR1_high_endothelial","FGR"
6.59656474658113e-103,1.57512223601159,0.402,0.203,1.61648819114971e-98,"ACKR1_high_endothelial","PTP4A3"
7.81868785954252e-305,1.56251647087197,0.804,0.519,1.91596945998089e-300,"ACKR1_high_endothelial","DUSP23"
0,1.55763553133192,0.998,0.862,0,"ACKR1_high_endothelial","IGFBP7"
6.69581480158499e-91,1.55201722000897,0.275,0.113,1.6408094171284e-86,"ACKR1_high_endothelial","PDE10A"
2.34651727834761e-168,1.54757615616595,0.55,0.276,5.75014059059081e-164,"ACKR1_high_endothelial","OLFM1"
1.43015723650742e-115,1.54270053431267,0.331,0.134,3.50460030806142e-111,"ACKR1_high_endothelial","SLCO2B1"
2.73682431973501e-195,1.54034688055817,0.562,0.266,6.70658799551065e-191,"ACKR1_high_endothelial","TPD52L1"
8.70555427176122e-125,1.53417287115621,0.37,0.156,2.13329607429509e-120,"ACKR1_high_endothelial","SCARB1"
8.25794348937916e-127,1.51065281766002,0.356,0.146,2.02360905207236e-122,"ACKR1_high_endothelial","SCN1B"
4.8748023705749e-262,1.51045577997247,0.762,0.441,1.19457032090938e-257,"ACKR1_high_endothelial","CD320"
4.27875356022653e-173,1.49990863312734,0.493,0.219,1.04850855993351e-168,"ACKR1_high_endothelial","GFOD1"
4.3212142842303e-143,1.47974471133992,0.465,0.22,1.05891356035063e-138,"ACKR1_high_endothelial","SPNS2"
1.742263864235e-96,1.47071733388073,0.316,0.138,4.26941759930786e-92,"ACKR1_high_endothelial","TMEM255B"
1.7716975311586e-104,1.47050907406959,0.4,0.197,4.34154480010415e-100,"ACKR1_high_endothelial","DAAM1"
4.88634562151539e-101,1.46839073739121,0.338,0.15,1.19739899455235e-96,"ACKR1_high_endothelial","NR5A2"
4.09177076402317e-121,1.46087467339331,0.412,0.194,1.00268842572388e-116,"ACKR1_high_endothelial","C9orf142"
7.89436256152774e-246,1.45326414747612,0.73,0.407,1.93451354570237e-241,"ACKR1_high_endothelial","CTSH"
2.25862327580079e-81,1.43302081762051,0.286,0.129,5.53475633734983e-77,"ACKR1_high_endothelial","BZW2"
2.78079239334855e-92,1.43215477057453,0.284,0.117,6.81433175990062e-88,"ACKR1_high_endothelial","CSRP2"
3.56003877883978e-264,1.40997387829169,0.744,0.403,8.72387502754688e-260,"ACKR1_high_endothelial","TSHZ2"
4.0719295886224e-92,1.40272478836756,0.315,0.138,9.97826345691919e-88,"ACKR1_high_endothelial","MCTP1"
4.75698786455782e-140,1.39187887520832,0.522,0.27,1.16569987620989e-135,"ACKR1_high_endothelial","THSD7A"
1.43514127410477e-118,1.38387036889669,0.374,0.16,3.51681369219375e-114,"ACKR1_high_endothelial","SORBS2"
4.17541817536298e-145,1.36767736305964,0.6,0.338,1.0231862238727e-140,"ACKR1_high_endothelial","CTGF"
6.14899368200404e-268,1.35787846023481,0.864,0.678,1.50681090177509e-263,"ACKR1_high_endothelial","ENG"
4.65683075482451e-268,1.33349639010886,0.812,0.538,1.14115637646975e-263,"ACKR1_high_endothelial","ADGRL4"
3.98879731434353e-99,1.33287161685246,0.388,0.19,9.77454781879882e-95,"ACKR1_high_endothelial","SMAD9"
3.59942938751999e-65,1.32691100813068,0.277,0.134,8.82040171411773e-61,"ACKR1_high_endothelial","OAF"
3.27656886866324e-89,1.31514350116377,0.372,0.186,8.02923201265928e-85,"ACKR1_high_endothelial","CCDC109B"
2.82275101269742e-84,1.31363777826515,0.324,0.152,6.91715135661503e-80,"ACKR1_high_endothelial","HSPA12B"
7.66272133607259e-285,1.30312482566299,0.853,0.6,1.87774986340459e-280,"ACKR1_high_endothelial","ITGA6"
6.61464967965178e-319,1.29468979964623,0.922,0.71,1.62091990399867e-314,"ACKR1_high_endothelial","HLA-DPA1"
2.64860562877055e-145,1.29204832718752,0.496,0.235,6.49040809330224e-141,"ACKR1_high_endothelial","KDR"
8.28204187885879e-192,1.29006728975837,0.791,0.592,2.02951436241435e-187,"ACKR1_high_endothelial","CTSC"
1.25222233322681e-70,1.27545778141479,0.344,0.182,3.0685708275723e-66,"ACKR1_high_endothelial","DBN1"
1.00623430781836e-135,1.26460994291798,0.552,0.305,2.4657771713089e-131,"ACKR1_high_endothelial","ADCY4"
9.96394374125314e-89,1.26331629578392,0.4,0.21,2.44166441379408e-84,"ACKR1_high_endothelial","FBXO34"
1.40474492497115e-69,1.25625144708062,0.298,0.146,3.44232743864181e-65,"ACKR1_high_endothelial","MEX3C"
3.6793665361899e-159,1.24896498304028,0.656,0.426,9.01628769693336e-155,"ACKR1_high_endothelial","HLA-DRB5"
9.09436779769708e-64,1.24593857201554,0.294,0.148,2.22857482882567e-59,"ACKR1_high_endothelial","PCDH1"
4.32422829380262e-55,1.23001822959917,0.265,0.134,1.05965214339633e-50,"ACKR1_high_endothelial","LGALS9"
1.33037818415566e-98,1.21619153282569,0.502,0.3,3.26009174027343e-94,"ACKR1_high_endothelial","AGPAT2"
2.38842269980842e-185,1.19879323225972,0.741,0.5,5.85282982588052e-181,"ACKR1_high_endothelial","HEG1"
2.63457660700395e-89,1.19000815252333,0.393,0.201,6.45602997546319e-85,"ACKR1_high_endothelial","NOB1"
1.12522639599151e-66,1.18991199255024,0.254,0.113,2.7573672833772e-62,"ACKR1_high_endothelial","RASA4"
1.65358327199541e-109,1.18500875212731,0.54,0.321,4.05210580802475e-105,"ACKR1_high_endothelial","MALL"
1.03537010550751e-107,1.18077255848844,0.502,0.278,2.53717444354615e-103,"ACKR1_high_endothelial","SLCO2A1"
6.1984011488391e-82,1.17287054077476,0.4,0.215,1.51891820152302e-77,"ACKR1_high_endothelial","RAPGEF3"
4.12934134316218e-105,1.15727629272733,0.573,0.367,1.01189509614189e-100,"ACKR1_high_endothelial","EGLN1"
1.81541876717292e-145,1.15423893693611,0.692,0.469,4.44868368895724e-141,"ACKR1_high_endothelial","SSFA2"
9.64899851711105e-70,1.15282324479697,0.311,0.153,2.36448708661806e-65,"ACKR1_high_endothelial","EPHA4"
1.5419005325121e-117,1.13978927412346,0.577,0.346,3.77842725492089e-113,"ACKR1_high_endothelial","SLFN5"
1.43828341652961e-137,1.12241963793773,0.635,0.399,3.52451351220581e-133,"ACKR1_high_endothelial","SYNGR2"
4.32022408597889e-73,1.12193201951032,0.416,0.24,1.05867091226913e-68,"ACKR1_high_endothelial","FAM129B"
4.76890990740821e-131,1.12188231718681,0.689,0.485,1.16862137281038e-126,"ACKR1_high_endothelial","AKR1C3"
1.64213216960899e-153,1.11836592898454,0.738,0.53,4.02404488162682e-149,"ACKR1_high_endothelial","PRSS23"
3.03425368918743e-61,1.10968401834214,0.31,0.161,7.43543866535379e-57,"ACKR1_high_endothelial","CACHD1"
1.41402099036859e-67,1.10688202276149,0.321,0.163,3.46505843689822e-63,"ACKR1_high_endothelial","GPRC5B"
5.5495514507274e-42,1.10494128612874,0.277,0.158,1.35991758300075e-37,"ACKR1_high_endothelial","NOS3"
2.35512142696308e-185,1.10005239382783,0.82,0.622,5.77122505677302e-181,"ACKR1_high_endothelial","HLA-DPB1"
0,1.09450224372898,0.957,0.731,0,"ACKR1_high_endothelial","A2M"
3.59651263305089e-61,1.09168193881333,0.314,0.164,8.8132542072912e-57,"ACKR1_high_endothelial","AHNAK2"
0,1.07892975787007,0.952,0.836,0,"ACKR1_high_endothelial","NPDC1"
1.47506858050574e-61,1.06871649601872,0.296,0.149,3.61465555652931e-57,"ACKR1_high_endothelial","HLA-DMB"
6.08877413932962e-53,1.0616877744989,0.324,0.183,1.49205410284272e-48,"ACKR1_high_endothelial","RNF125"
0,1.05717552909972,0.981,0.878,0,"ACKR1_high_endothelial","HLA-DRB1"
1.92317411468948e-50,1.04895969151178,0.345,0.207,4.71273816804657e-46,"ACKR1_high_endothelial","NME1"
2.26149235570585e-42,1.03930356292468,0.251,0.136,5.54178701765719e-38,"ACKR1_high_endothelial","MRAS"
2.08350691324851e-74,1.03169219284174,0.441,0.256,5.10563369091548e-70,"ACKR1_high_endothelial","SMIM10"
9.47634809613978e-75,1.03040531921686,0.485,0.303,2.32217910095905e-70,"ACKR1_high_endothelial","C4orf32"
2.88149155802174e-42,1.02858123088903,0.27,0.152,7.06109506293227e-38,"ACKR1_high_endothelial","GOLGA8B"
2.21154091081383e-47,1.02767254320484,0.269,0.143,5.41938100194929e-43,"ACKR1_high_endothelial","ZNF608"
3.87025547927494e-74,1.01934507993376,0.466,0.287,9.48406105196323e-70,"ACKR1_high_endothelial","LTBR"
1.08340177634373e-57,1.01221185543688,0.335,0.187,2.6548760529303e-53,"ACKR1_high_endothelial","PLCB1"
4.63268711041437e-53,1.01037966462445,0.33,0.184,1.13523997640704e-48,"ACKR1_high_endothelial","NNMT"
4.52552449824584e-301,1.00956605765985,0.965,0.824,1.10897977829514e-296,"ACKR1_high_endothelial","ITM2A"
4.04664522090525e-48,1.00218698282385,0.312,0.179,9.91630411382833e-44,"ACKR1_high_endothelial","ARHGAP23"
8.22140623772221e-79,0.989770612544627,0.537,0.352,2.01465559855383e-74,"ACKR1_high_endothelial","IMPDH2"
4.59856781861599e-78,0.987369409211066,0.485,0.295,1.12687904395185e-73,"ACKR1_high_endothelial","SLC39A10"
2.06151872379994e-74,0.983846649182445,0.505,0.324,5.05175163267176e-70,"ACKR1_high_endothelial","TMTC1"
2.49927960746907e-79,0.982590959615869,0.485,0.291,6.12448467810295e-75,"ACKR1_high_endothelial","SMAGP"
7.26850343644394e-40,0.975471099444295,0.267,0.151,1.78114676710059e-35,"ACKR1_high_endothelial","SYBU"
1.18379689134986e-56,0.97307616165247,0.412,0.258,2.90089428225283e-52,"ACKR1_high_endothelial","OSBPL1A"
2.53914128142314e-106,0.965851742912419,0.612,0.376,6.2221657101274e-102,"ACKR1_high_endothelial","NUPR1"
5.59648109804061e-88,0.94178899940264,0.603,0.407,1.37141769307485e-83,"ACKR1_high_endothelial","CCDC3"
8.49645682291606e-174,0.9404264284833,0.815,0.579,2.08205674445558e-169,"ACKR1_high_endothelial","ADAM15"
2.5754731701406e-46,0.936444974637688,0.317,0.185,6.31119700342955e-42,"ACKR1_high_endothelial","PTPN18"
1.58070104358741e-51,0.936328646192984,0.356,0.21,3.87350790731095e-47,"ACKR1_high_endothelial","TES"
2.14734224019532e-157,0.935570971101888,0.791,0.566,5.26206215959863e-153,"ACKR1_high_endothelial","CYYR1"
1.64167540424903e-38,0.929658118268923,0.288,0.171,4.02292557811226e-34,"ACKR1_high_endothelial","MALT1"
5.3688344310618e-46,0.925482084666615,0.326,0.192,1.31563287733169e-41,"ACKR1_high_endothelial","NUDT14"
1.49727213604216e-56,0.924912728949153,0.435,0.275,3.66906536937131e-52,"ACKR1_high_endothelial","SERTAD4-AS1"
2.88585660477078e-33,0.923422743099891,0.293,0.184,7.0717916099908e-29,"ACKR1_high_endothelial","CD58"
1.88195400674637e-54,0.917475950031873,0.463,0.313,4.61172829353198e-50,"ACKR1_high_endothelial","HPCAL1"
2.24218510598442e-44,0.91191528023963,0.331,0.198,5.49447460221483e-40,"ACKR1_high_endothelial","MCF2L"
2.15482581389215e-31,0.910100392531046,0.255,0.153,5.28040065694271e-27,"ACKR1_high_endothelial","MAPK11"
8.47816436592823e-75,0.907847234404716,0.522,0.338,2.07757417787071e-70,"ACKR1_high_endothelial","PDE2A"
3.46542270625357e-42,0.903984928466282,0.294,0.17,8.49201834167437e-38,"ACKR1_high_endothelial","TANC1"
5.23409328372994e-255,0.903366158409102,0.964,0.842,1.28261455917802e-250,"ACKR1_high_endothelial","HLA-DRA"
3.28435135736423e-59,0.896586373360437,0.442,0.28,8.04830300122105e-55,"ACKR1_high_endothelial","MOB2"
1.28564509567652e-59,0.895330014102502,0.436,0.271,3.15047330695531e-55,"ACKR1_high_endothelial","MVP"
1.25622346376808e-47,0.890972392401708,0.364,0.224,3.07837559796367e-43,"ACKR1_high_endothelial","MYO5C"
1.29223628249506e-80,0.888375946764587,0.529,0.329,3.16662501025414e-76,"ACKR1_high_endothelial","GGT5"
9.11801393833622e-40,0.887188719535757,0.342,0.215,2.23436931558929e-35,"ACKR1_high_endothelial","EVL"
1.96590220516474e-83,0.876920095398157,0.635,0.455,4.8174433537562e-79,"ACKR1_high_endothelial","LPAR6"
4.53335242124902e-108,0.870524402814412,0.696,0.484,1.11089801082707e-103,"ACKR1_high_endothelial","HLA-DMA"
8.01559988651482e-54,0.865486983456797,0.498,0.349,1.96422275219046e-49,"ACKR1_high_endothelial","BACE2"
3.37830763307367e-57,0.861249612814323,0.507,0.352,8.27854285484704e-53,"ACKR1_high_endothelial","RALGAPA2"
1.34804292776157e-79,0.855490576947486,0.564,0.366,3.30337919447974e-75,"ACKR1_high_endothelial","HLA-DQB1"
3.17218654207243e-39,0.854256109821656,0.394,0.267,7.77344312134848e-35,"ACKR1_high_endothelial","HOXD9"
1.30552216651565e-137,0.853706373502852,0.593,0.304,3.19918206904661e-133,"ACKR1_high_endothelial","FAM110D"
7.56624051417237e-77,0.850787745576744,0.618,0.457,1.85410723799794e-72,"ACKR1_high_endothelial","NAA10"
6.50271847901052e-45,0.850571555889899,0.429,0.287,1.59349116328153e-40,"ACKR1_high_endothelial","CCDC69"
2.77340434664396e-116,0.849675772692577,0.674,0.442,6.79622735145103e-112,"ACKR1_high_endothelial","PTPRB"
2.70117564294844e-49,0.849183123467155,0.511,0.37,6.61923091304516e-45,"ACKR1_high_endothelial","MKL2"
5.15631516610492e-40,0.847842693347098,0.347,0.217,1.26355503145401e-35,"ACKR1_high_endothelial","ASS1"
4.91131297842464e-73,0.847233987665552,0.642,0.479,1.20351724536296e-68,"ACKR1_high_endothelial","GYPC"
5.54903676291087e-37,0.83991450040917,0.316,0.198,1.35979145875131e-32,"ACKR1_high_endothelial","CPLX1"
5.35622126278851e-47,0.838161750684098,0.423,0.279,1.31254202044633e-42,"ACKR1_high_endothelial","PKP4"
4.6127844737573e-28,0.827895684649405,0.323,0.218,1.13036283529423e-23,"ACKR1_high_endothelial","RPGR"
1.10283116268985e-79,0.826937289565868,0.67,0.491,2.70248776417148e-75,"ACKR1_high_endothelial","NRP1"
9.55152516567306e-27,0.823267026812,0.255,0.161,2.34060124184818e-22,"ACKR1_high_endothelial","ATP5SL"
4.59287192753656e-45,0.818306593768389,0.434,0.291,1.12548326584284e-40,"ACKR1_high_endothelial","SH3BGRL2"
1.06269598190636e-46,0.818124048431031,0.404,0.258,2.60413650366152e-42,"ACKR1_high_endothelial","SOX4"
6.79991145114415e-132,0.810523994866179,0.839,0.669,1.66631830110287e-127,"ACKR1_high_endothelial","CD34"
1.9419819024201e-94,0.809386523364399,0.72,0.55,4.75882665188045e-90,"ACKR1_high_endothelial","JAM2"
1.0906049281217e-50,0.807493558351293,0.497,0.349,2.67252737636224e-46,"ACKR1_high_endothelial","HSD17B11"
4.58472738048904e-266,0.805803964811098,0.998,0.98,1.12348744458884e-261,"ACKR1_high_endothelial","ACTG1"
1.00879003861669e-72,0.803592101031309,0.642,0.479,2.4720399896302e-68,"ACKR1_high_endothelial","PPP1R14B"
9.71186809710335e-30,0.803248470346314,0.3,0.196,2.37989327719518e-25,"ACKR1_high_endothelial","NXN"
4.24397022106625e-251,0.793942299735976,0.986,0.843,1.03998490267228e-246,"ACKR1_high_endothelial","IFI27"
6.49729898935998e-71,0.789960435824389,0.678,0.528,1.59216311734266e-66,"ACKR1_high_endothelial","SYNE1"
7.56284585626174e-39,0.787102025157696,0.415,0.286,1.85327537707694e-34,"ACKR1_high_endothelial","ELOVL1"
2.39985745364965e-23,0.785225493677879,0.254,0.165,5.88085069016846e-19,"ACKR1_high_endothelial","CNDP2"
1.56287740658176e-45,0.784297484198809,0.458,0.318,3.8298310848286e-41,"ACKR1_high_endothelial","SPTLC2"
2.84794121382967e-165,0.779506630620461,0.917,0.78,6.97887994448962e-161,"ACKR1_high_endothelial","SNHG7"
1.60030992510564e-29,0.776940610450906,0.317,0.209,3.92155947147137e-25,"ACKR1_high_endothelial","FAM84B"
5.22480303830365e-28,0.774794177643922,0.296,0.193,1.28033798453631e-23,"ACKR1_high_endothelial","MAGI1"
7.47239772909381e-142,0.771957134092026,0.862,0.74,1.83111106351444e-137,"ACKR1_high_endothelial","BRI3"
7.07858639044279e-159,0.77174535834106,0.911,0.778,1.73460759497801e-154,"ACKR1_high_endothelial","LDHA"
1.54466470894407e-39,0.769940180961067,0.428,0.297,3.78520086926744e-35,"ACKR1_high_endothelial","GNS"
3.16276247521587e-40,0.76873862348254,0.435,0.302,7.75034944551649e-36,"ACKR1_high_endothelial","TIMM13"
6.28987553442155e-28,0.765998727216722,0.298,0.194,1.54133399971e-23,"ACKR1_high_endothelial","SLC30A1"
3.5747467379097e-30,0.765984084989485,0.304,0.198,8.75991688124772e-26,"ACKR1_high_endothelial","HIP1"
8.8802965861986e-29,0.762928039937476,0.337,0.229,2.17611667844797e-24,"ACKR1_high_endothelial","SPATA13"
1.3584776803776e-34,0.760318942649739,0.35,0.229,3.3289495557653e-30,"ACKR1_high_endothelial","SHROOM4"
1.31437200496867e-42,0.751308832554953,0.387,0.247,3.22086859817572e-38,"ACKR1_high_endothelial","ORAI1"
2.90183087376922e-31,0.747526740842802,0.331,0.217,7.11093655617146e-27,"ACKR1_high_endothelial","MTURN"
1.2144417701236e-59,0.74581541510238,0.549,0.384,2.97598955768789e-55,"ACKR1_high_endothelial","GIMAP6"
5.00156746506144e-54,0.73288530175018,0.547,0.394,1.22563410731331e-49,"ACKR1_high_endothelial","MGMT"
1.51802581029249e-39,0.730958521227995,0.387,0.255,3.71992224812175e-35,"ACKR1_high_endothelial","PLCB4"
5.30142133776139e-25,0.7287391902503,0.272,0.179,1.29911329881843e-20,"ACKR1_high_endothelial","PRAF2"
2.83164503436739e-45,0.723659864970517,0.499,0.352,6.9389461567173e-41,"ACKR1_high_endothelial","C10orf54"
7.81172975921123e-199,0.723444276447407,0.96,0.856,1.91426437749471e-194,"ACKR1_high_endothelial","FXYD5"
1.84242880235294e-20,0.723348480667348,0.259,0.175,4.51487178016587e-16,"ACKR1_high_endothelial","TRIM25"
6.6682785553582e-40,0.722593085357371,0.413,0.278,1.63406165999053e-35,"ACKR1_high_endothelial","CPNE8"
1.25450167061262e-31,0.722093391824829,0.45,0.329,3.07415634383623e-27,"ACKR1_high_endothelial","FAM13C"
1.43945735094226e-83,0.719976640237031,0.776,0.637,3.52739023848401e-79,"ACKR1_high_endothelial","CSTB"
9.35144071941253e-119,0.718868050124645,0.859,0.719,2.29157054829204e-114,"ACKR1_high_endothelial","TSPAN7"
1.02149310737524e-21,0.717260213255653,0.302,0.212,2.50316885962302e-17,"ACKR1_high_endothelial","IMP4"
1.11210434164125e-24,0.717067157475544,0.316,0.218,2.72521168919187e-20,"ACKR1_high_endothelial","LPCAT4"
3.25410808334634e-46,0.716423277207874,0.562,0.431,7.97419185824021e-42,"ACKR1_high_endothelial","TPST2"
2.70998050279938e-54,0.715709867746558,0.587,0.437,6.64080722210989e-50,"ACKR1_high_endothelial","TMEM173"
5.4291224508747e-40,0.71538344616686,0.522,0.391,1.33040645658685e-35,"ACKR1_high_endothelial","C1orf115"
2.40514435139116e-112,0.714063095803872,0.839,0.699,5.89380623308403e-108,"ACKR1_high_endothelial","CDC37"
3.13992762295531e-30,0.712807852772386,0.356,0.243,7.69439264005199e-26,"ACKR1_high_endothelial","ABI3"
2.14143366939107e-26,0.712607758680619,0.324,0.222,5.24758320684283e-22,"ACKR1_high_endothelial","AP1S1"
1.77597883813471e-36,0.708553658140622,0.433,0.308,4.35203614284912e-32,"ACKR1_high_endothelial","URM1"
7.22161564189797e-28,0.706106456396169,0.333,0.226,1.7696569130471e-23,"ACKR1_high_endothelial","EHBP1L1"
3.18079063353461e-21,0.705987398405078,0.265,0.18,7.79452744747656e-17,"ACKR1_high_endothelial","NUDCD1"
9.93506088309553e-74,0.703538452317079,0.509,0.301,2.43458666940256e-69,"ACKR1_high_endothelial","MYC"
1.63981086687713e-39,0.698245670562346,0.387,0.25,4.0183565292824e-35,"ACKR1_high_endothelial","GJA1"
2.29725257641224e-35,0.697487174785309,0.459,0.331,5.62941743849819e-31,"ACKR1_high_endothelial","PPP2R2A"
2.08156788402844e-76,0.69410495088535,0.728,0.586,5.10088209981168e-72,"ACKR1_high_endothelial","WNK1"
6.47891484830382e-32,0.693310151608709,0.425,0.309,1.58765808357685e-27,"ACKR1_high_endothelial","SRM"
1.01886556331223e-202,0.692945718716607,0.966,0.891,2.49673006289663e-198,"ACKR1_high_endothelial","EEF2"
5.58568172661556e-23,0.691123430961078,0.3,0.205,1.36877130710714e-18,"ACKR1_high_endothelial","MRPL12"
3.25090463063812e-19,0.69000524210595,0.292,0.21,7.96634179737872e-15,"ACKR1_high_endothelial","KARS"
1.80103725280082e-26,0.689028024632836,0.379,0.276,4.4134417879884e-22,"ACKR1_high_endothelial","RPS6KA2"
3.01074484465773e-23,0.686210774973113,0.283,0.191,7.37783024183377e-19,"ACKR1_high_endothelial","NCK1"
1.56625418619398e-44,0.683749428493891,0.504,0.356,3.83810588326835e-40,"ACKR1_high_endothelial","GMFG"
5.63397171279451e-43,0.681541336210461,0.452,0.313,1.3806047682203e-38,"ACKR1_high_endothelial","OCIAD2"
2.97993057905384e-35,0.679088662457021,0.558,0.45,7.30231988397144e-31,"ACKR1_high_endothelial","FAM89B"
1.11466121482056e-21,0.678639961460948,0.317,0.225,2.73147730691777e-17,"ACKR1_high_endothelial","CORO1C"
6.03458742785906e-23,0.67367338637886,0.264,0.174,1.47877564919686e-18,"ACKR1_high_endothelial","DIAPH2"
3.72489350735121e-31,0.669400522502635,0.407,0.289,9.12785153976414e-27,"ACKR1_high_endothelial","ARHGEF15"
5.10207294855295e-61,0.667068451716862,0.722,0.629,1.2502629760429e-56,"ACKR1_high_endothelial","BSG"
5.02510411062487e-84,0.66693883669325,0.762,0.587,1.23140176230863e-79,"ACKR1_high_endothelial","IGFBP2"
3.02827788230617e-31,0.666368269865545,0.45,0.333,7.42079495059128e-27,"ACKR1_high_endothelial","FZD4"
1.93341361689435e-64,0.663707229744494,0.708,0.53,4.73783006819961e-60,"ACKR1_high_endothelial","TM4SF18"
8.68419260729199e-36,0.662169811013077,0.519,0.403,2.1280613984169e-31,"ACKR1_high_endothelial","HNRNPAB"
2.38649823593865e-27,0.658947863089752,0.368,0.259,5.84811392716766e-23,"ACKR1_high_endothelial","PARVB"
1.56728669586262e-37,0.658284643169785,0.503,0.372,3.84063604821135e-33,"ACKR1_high_endothelial","PPIC"
3.18027405438905e-73,0.656981688840592,0.753,0.623,7.79326157028037e-69,"ACKR1_high_endothelial","ATP1A1"
1.31395707860939e-20,0.655166328739972,0.261,0.176,3.21985182113232e-16,"ACKR1_high_endothelial","NCBP2-AS2"
4.79288003769297e-23,0.651556139249682,0.372,0.274,1.17449525323666e-18,"ACKR1_high_endothelial","RASAL2"
8.34254935888705e-122,0.6510029567585,0.903,0.773,2.04434172039527e-117,"ACKR1_high_endothelial","RAMP3"
2.00875991471905e-33,0.649763084661392,0.434,0.315,4.92246617101904e-29,"ACKR1_high_endothelial","LAMA5"
2.57721408826434e-40,0.648651763193853,0.489,0.344,6.31546312329178e-36,"ACKR1_high_endothelial","SMAD1"
1.11549529981707e-40,0.648388223893682,0.526,0.396,2.73352123220173e-36,"ACKR1_high_endothelial","FLI1"
2.78034523975032e-57,0.6474915236889,0.685,0.559,6.81323601000815e-53,"ACKR1_high_endothelial","LIMS2"
5.81756879772601e-88,0.646603184717739,0.829,0.693,1.42559523388276e-83,"ACKR1_high_endothelial","NKTR"
3.30061165511045e-199,0.641714797877259,0.995,0.969,8.08814886084816e-195,"ACKR1_high_endothelial","CD74"
1.31337831821179e-37,0.641559790223185,0.554,0.436,3.218433568778e-33,"ACKR1_high_endothelial","VAT1"
0,0.640289457771183,0.999,0.996,0,"ACKR1_high_endothelial","RPS2"
4.18790147503206e-21,0.639127944304212,0.277,0.188,1.02624525645661e-16,"ACKR1_high_endothelial","FGD4"
4.68749635827182e-29,0.636766716984821,0.516,0.412,1.14867098259451e-24,"ACKR1_high_endothelial","TUBB6"
9.29495694495788e-18,0.636550698881732,0.256,0.178,2.27772919936193e-13,"ACKR1_high_endothelial","NARF"
7.10520539499243e-67,0.636505465830567,0.723,0.583,1.7411305820429e-62,"ACKR1_high_endothelial","ITGB4"
4.21113339743307e-38,0.635540453971784,0.63,0.534,1.03193823904097e-33,"ACKR1_high_endothelial","SLK"
3.28487639881664e-23,0.634810847146821,0.307,0.212,8.04958961530018e-19,"ACKR1_high_endothelial","GOLGA8A"
1.38576032898905e-28,0.634168402617188,0.372,0.259,3.39580568618767e-24,"ACKR1_high_endothelial","ABCD4"
2.59672176116567e-17,0.631614242209059,0.425,0.352,6.36326667573648e-13,"ACKR1_high_endothelial","CNKSR3"
1.11671461741979e-22,0.630902267890341,0.3,0.206,2.73650916998719e-18,"ACKR1_high_endothelial","AIF1L"
7.32375623320817e-27,0.629199851951654,0.378,0.271,1.79468646494766e-22,"ACKR1_high_endothelial","LRRC1"
1.53140581154763e-174,0.628709173904956,0.978,0.934,3.75270994119747e-170,"ACKR1_high_endothelial","IFITM2"
1.18606634029096e-27,0.622926793433814,0.433,0.323,2.90645556688301e-23,"ACKR1_high_endothelial","CASP4"
1.11983816141422e-18,0.620962788258219,0.275,0.191,2.74416341454555e-14,"ACKR1_high_endothelial","SAMHD1"
3.79941345780718e-20,0.620592817579344,0.345,0.256,9.31046267835649e-16,"ACKR1_high_endothelial","HERC2"
5.11969521317518e-19,0.619643627190585,0.251,0.169,1.25458131198858e-14,"ACKR1_high_endothelial","MLH3"
3.06341521679895e-21,0.619263010701177,0.359,0.267,7.50689898876584e-17,"ACKR1_high_endothelial","GIT1"
1.59721727108881e-114,0.618921460123205,0.892,0.785,3.91398092280314e-110,"ACKR1_high_endothelial","ARPC1B"
7.65063028081315e-21,0.617640490029896,0.335,0.243,1.87478695031326e-16,"ACKR1_high_endothelial","COL4A2"
2.25087748567027e-23,0.615927269233069,0.376,0.278,5.51577527863499e-19,"ACKR1_high_endothelial","ARHGAP31"
1.23644660159004e-63,0.613083012628565,0.742,0.612,3.02991239719639e-59,"ACKR1_high_endothelial","ACTN1"
1.8857337273296e-23,0.611389677419869,0.379,0.281,4.62099049882118e-19,"ACKR1_high_endothelial","COL4A1"
3.14540700514728e-19,0.610920335946159,0.347,0.26,7.70781986611342e-15,"ACKR1_high_endothelial","LRRC8C"
4.7635364287148e-29,0.606317419331459,0.461,0.347,1.16730460185656e-24,"ACKR1_high_endothelial","CNOT6L"
6.59783770164442e-35,0.604816795747196,0.538,0.416,1.61680012878797e-30,"ACKR1_high_endothelial","EIF2S3"
3.52787036265892e-76,0.601774963186663,0.739,0.552,8.64504632369569e-72,"ACKR1_high_endothelial","GIMAP1"
1.24765729466343e-25,0.601347439077864,0.375,0.268,3.05738420057273e-21,"ACKR1_high_endothelial","CRYBG3"
6.49129738456488e-25,0.600504217619543,0.328,0.224,1.59069242408762e-20,"ACKR1_high_endothelial","POLR2J3"
3.69397407871155e-21,0.600491195794258,0.332,0.238,9.05208347988265e-17,"ACKR1_high_endothelial","ATP11C"
3.14812499550795e-36,0.599210111867002,0.558,0.447,7.71448030149223e-32,"ACKR1_high_endothelial","PRMT1"
8.12182858699185e-26,0.598121975749217,0.502,0.405,1.99025409524235e-21,"ACKR1_high_endothelial","MGAT1"
3.33556438141357e-16,0.597138852554725,0.285,0.208,8.17380051665395e-12,"ACKR1_high_endothelial","TMEM140"
1.04716694044324e-21,0.59629473841793,0.382,0.286,2.56608258755617e-17,"ACKR1_high_endothelial","TIMM10"
5.30211842326343e-44,0.596104223720923,0.627,0.5,1.2992841196207e-39,"ACKR1_high_endothelial","HIPK3"
5.09621166009816e-17,0.594912570631181,0.259,0.181,1.24882666730706e-12,"ACKR1_high_endothelial","KNOP1"
9.13259295148298e-24,0.59331283065026,0.383,0.284,2.2379419027609e-19,"ACKR1_high_endothelial","CYB5B"
1.20665114616712e-40,0.589699227711351,0.597,0.473,2.95689863368252e-36,"ACKR1_high_endothelial","AHR"
2.11864268482031e-22,0.585250190576607,0.355,0.257,5.19173389915218e-18,"ACKR1_high_endothelial","UBN1"
4.54224301784831e-53,0.584068488472655,0.663,0.511,1.11307665152373e-48,"ACKR1_high_endothelial","NUAK1"
6.49407068215541e-42,0.579285749633801,0.607,0.469,1.59137202066218e-37,"ACKR1_high_endothelial","EHD4"
1.3626586260996e-50,0.575767080680571,0.737,0.622,3.33919496325707e-46,"ACKR1_high_endothelial","PLVAP"
1.30546432271902e-20,0.5756807423509,0.394,0.301,3.19904032282296e-16,"ACKR1_high_endothelial","GABARAP"
7.92737878493962e-18,0.57536495411844,0.304,0.22,1.94260417124945e-13,"ACKR1_high_endothelial","MRPS12"
3.54909042323729e-13,0.57462407367157,0.265,0.199,8.69704608214299e-09,"ACKR1_high_endothelial","EMG1"
3.90930475999818e-40,0.573895253560532,0.683,0.591,9.57975131437553e-36,"ACKR1_high_endothelial","ENO1"
1.18969250160379e-33,0.572620454026787,0.583,0.477,2.91534147518009e-29,"ACKR1_high_endothelial","TRIOBP"
1.28686120676915e-17,0.571988162217234,0.321,0.236,3.15345338718781e-13,"ACKR1_high_endothelial","ARFRP1"
2.46219817253866e-24,0.570936926863538,0.45,0.349,6.03361662180599e-20,"ACKR1_high_endothelial","PPP2R5A"
6.53724613525724e-99,0.568918837173801,0.899,0.764,1.60195216544479e-94,"ACKR1_high_endothelial","GIMAP7"
2.87768401030566e-17,0.568807565779654,0.318,0.236,7.05176466725401e-13,"ACKR1_high_endothelial","GNL3"
3.68338103259417e-26,0.56831983734828,0.47,0.363,9.026125220372e-22,"ACKR1_high_endothelial","ARHGEF3"
1.23924490710736e-123,0.565226991157469,0.94,0.897,3.03676964486659e-119,"ACKR1_high_endothelial","GUK1"
6.07282150266907e-16,0.56471674698457,0.278,0.202,1.48814490922906e-11,"ACKR1_high_endothelial","DUSP22"
1.00082297856452e-17,0.564627238212456,0.298,0.214,2.45251670897235e-13,"ACKR1_high_endothelial","PSMG4"
1.15405879217673e-216,0.564476813320839,0.999,0.996,2.82802107022909e-212,"ACKR1_high_endothelial","TMSB10"
3.16484741627809e-16,0.563940272975975,0.278,0.201,7.75545859358947e-12,"ACKR1_high_endothelial","SNHG15"
6.06537686946803e-16,0.56364662526013,0.333,0.256,1.48632060186314e-11,"ACKR1_high_endothelial","RAPH1"
1.27297584249272e-15,0.561526505966051,0.315,0.238,3.1194273020284e-11,"ACKR1_high_endothelial","SSRP1"
3.91337416796231e-184,0.560409421703141,0.994,0.962,9.58972339859164e-180,"ACKR1_high_endothelial","GNG11"
5.27865203329279e-18,0.558809307263321,0.373,0.289,1.2935336807584e-13,"ACKR1_high_endothelial","ABCE1"
3.44177687827583e-56,0.556282772242613,0.762,0.658,8.43407424021493e-52,"ACKR1_high_endothelial","BCAP31"
2.74303632987598e-20,0.556254145496276,0.329,0.236,6.7218105263611e-16,"ACKR1_high_endothelial","PDLIM7"
7.11629447760854e-33,0.555857677428713,0.562,0.452,1.74384796173797e-28,"ACKR1_high_endothelial","CCT3"
2.13106048697314e-28,0.553627518394224,0.568,0.476,5.22216372332768e-24,"ACKR1_high_endothelial","MEF2A"
2.48957887200029e-32,0.55130617101715,0.33,0.206,6.1007130258367e-28,"ACKR1_high_endothelial","MAP3K8"
1.06483006864338e-21,0.545088872564144,0.412,0.311,2.6093660832106e-17,"ACKR1_high_endothelial","ANKRD28"
9.24204446482981e-22,0.541497177607623,0.398,0.301,2.26476299610654e-17,"ACKR1_high_endothelial","CORO1B"
1.34549819132031e-42,0.540925947311431,0.705,0.615,3.29714331783042e-38,"ACKR1_high_endothelial","GRN"
2.69798884655484e-50,0.539301852343056,0.712,0.602,6.61142166848265e-46,"ACKR1_high_endothelial","EIF3D"
9.36168705179342e-65,0.536310101261231,0.792,0.676,2.29408141204198e-60,"ACKR1_high_endothelial","RPL17"
3.31831907503649e-89,0.536151999327597,0.951,0.89,8.13154089337692e-85,"ACKR1_high_endothelial","MT-ND5"
7.06083046376252e-15,0.534641830637705,0.269,0.195,1.730256505145e-10,"ACKR1_high_endothelial","PHYKPL"
2.18945933465444e-39,0.533836727773273,0.616,0.503,5.36527009957071e-35,"ACKR1_high_endothelial","FBL"
1.80669081695054e-20,0.533643792520371,0.403,0.306,4.42729584693731e-16,"ACKR1_high_endothelial","CMIP"
1.40381956868262e-15,0.530291082153681,0.29,0.214,3.44005985305676e-11,"ACKR1_high_endothelial","GRAMD1A"
1.15807642444022e-16,0.529968508200553,0.33,0.247,2.83786627809075e-12,"ACKR1_high_endothelial","FLII"
8.47989716724471e-16,0.527898330316857,0.389,0.308,2.07799880083332e-11,"ACKR1_high_endothelial","EVA1C"
3.9019552738966e-157,0.527607786888469,0.987,0.966,9.56174139868363e-153,"ACKR1_high_endothelial","CST3"
2.93850735115435e-16,0.527201256266059,0.356,0.275,7.20081226400374e-12,"ACKR1_high_endothelial","TPGS1"
1.37604872156424e-22,0.527127929633939,0.452,0.355,3.37200739219317e-18,"ACKR1_high_endothelial","TPRKB"
0,0.526645063916292,0.999,0.997,0,"ACKR1_high_endothelial","RPL8"
2.97754915695289e-31,0.526075566777332,0.578,0.466,7.29648420911306e-27,"ACKR1_high_endothelial","HMGB2"
1.03000170329552e-17,0.525606321493362,0.356,0.268,2.52401917392567e-13,"ACKR1_high_endothelial","CTSF"
5.10516220820107e-11,0.524821363495406,0.25,0.191,1.25101999911967e-06,"ACKR1_high_endothelial","PRPF19"
1.05712345979556e-30,0.524572191730899,0.599,0.5,2.59048103822903e-26,"ACKR1_high_endothelial","FRMD4B"
1.97626258336499e-323,0.523850589073375,0.999,0.997,4.8428314605359e-319,"ACKR1_high_endothelial","RPL3"
1.59649748181361e-29,0.522761899370503,0.554,0.445,3.91221707918426e-25,"ACKR1_high_endothelial","XRN2"
3.2129466371764e-12,0.52269071885518,0.281,0.214,7.87332573440077e-08,"ACKR1_high_endothelial","TSPAN9"
9.56474531265495e-12,0.521810209793176,0.253,0.189,2.3438408388661e-07,"ACKR1_high_endothelial","AGRN"
9.67009983707594e-54,0.521781445937728,0.762,0.67,2.36965796507546e-49,"ACKR1_high_endothelial","EIF3H"
7.25946530249239e-114,0.52040751328981,0.986,0.932,1.77893197237576e-109,"ACKR1_high_endothelial","GSN"
8.80099218159358e-15,0.51988601831086,0.295,0.219,2.15668313409951e-10,"ACKR1_high_endothelial","TRIO"
5.64765638288962e-301,0.51873724068145,0.998,0.996,1.3839581966271e-296,"ACKR1_high_endothelial","RPS4X"
3.41488622944769e-13,0.518538588479511,0.293,0.224,8.36817870526157e-09,"ACKR1_high_endothelial","PTGIS"
4.92370484033143e-17,0.518454010490617,0.366,0.283,1.20655387112322e-12,"ACKR1_high_endothelial","EIF3B"
1.41006987383838e-24,0.518072341247054,0.564,0.47,3.45537622584095e-20,"ACKR1_high_endothelial","DDAH2"
1.52743288825396e-40,0.517833759652262,0.623,0.48,3.74297429266634e-36,"ACKR1_high_endothelial","MGLL"
1.65708251748095e-20,0.5160302320378,0.438,0.345,4.06068070908706e-16,"ACKR1_high_endothelial","HEXA"
1.65318257502269e-75,0.515972099437702,0.877,0.765,4.05112390009311e-71,"ACKR1_high_endothelial","BCAM"
7.7093652674162e-13,0.514730050301516,0.303,0.233,1.88917995878034e-08,"ACKR1_high_endothelial","TIMM9"
1.42015520125887e-20,0.514354475356796,0.431,0.337,3.48009032068487e-16,"ACKR1_high_endothelial","EFHD2"
2.86874987030864e-18,0.512709013463316,0.345,0.255,7.02987155719132e-14,"ACKR1_high_endothelial","DOC2B"
8.71253865237499e-22,0.510632497657774,0.419,0.318,2.13500759676449e-17,"ACKR1_high_endothelial","IMP3"
3.62529339373294e-19,0.509913045082433,0.448,0.36,8.88378146134257e-15,"ACKR1_high_endothelial","MYO1C"
6.99161452528414e-40,0.509906324647307,0.764,0.671,1.71329513942088e-35,"ACKR1_high_endothelial","PMP22"
9.30768526910139e-28,0.509710915277869,0.556,0.453,2.2808482751933e-23,"ACKR1_high_endothelial","LAMB2"
3.78240888681006e-12,0.507834260727503,0.265,0.201,9.26879297712806e-08,"ACKR1_high_endothelial","DUSP11"
1.04714334763979e-16,0.505797613508523,0.413,0.334,2.5660247733913e-12,"ACKR1_high_endothelial","SEPN1"
1.29618580430218e-13,0.502283938273145,0.365,0.291,3.1763033134425e-09,"ACKR1_high_endothelial","MAZ"
1.86077578806483e-11,0.499386773031171,0.27,0.206,4.55983106865287e-07,"ACKR1_high_endothelial","SRGAP2"
4.54227521647506e-22,0.498737344793094,0.501,0.411,1.11308454179721e-17,"ACKR1_high_endothelial","PSMA2"
2.04910265841551e-11,0.49772867815486,0.34,0.274,5.02132606444721e-07,"ACKR1_high_endothelial","MLEC"
1.34155160507359e-26,0.496854225457687,0.332,0.222,3.28747220823284e-22,"ACKR1_high_endothelial","STMN1"
1.88657166010336e-148,0.496512973099291,0.993,0.972,4.62304385308327e-144,"ACKR1_high_endothelial","GAPDH"
3.75706534429748e-81,0.496470416067949,0.893,0.751,9.20668862620098e-77,"ACKR1_high_endothelial","CEBPD"
8.60970877620469e-25,0.495288044502008,0.495,0.389,2.10980913560896e-20,"ACKR1_high_endothelial","RPL22L1"
3.24445878731799e-12,0.494472491145496,0.26,0.195,7.95054625832273e-08,"ACKR1_high_endothelial","HABP4"
1.45019717943316e-268,0.493245667757729,0.999,0.997,3.55370818820096e-264,"ACKR1_high_endothelial","RPS6"
3.36345567864313e-155,0.490623793813724,0.983,0.949,8.24214814051499e-151,"ACKR1_high_endothelial","RPL4"
1.18771768053185e-28,0.490274408270506,0.58,0.479,2.91050217614329e-24,"ACKR1_high_endothelial","PDLIM5"
2.06806761435185e-30,0.48982711459382,0.625,0.523,5.0677996889692e-26,"ACKR1_high_endothelial","NHP2"
8.62449156433521e-10,0.485974139024233,0.267,0.21,2.11343165784034e-05,"ACKR1_high_endothelial","TOMM40"
2.31742548709479e-14,0.485187900180199,0.301,0.227,5.67885115612577e-10,"ACKR1_high_endothelial","TAF9"
8.24382121464133e-09,0.484053116768891,0.252,0.199,0.000202014838864786,"ACKR1_high_endothelial","ZDHHC17"
3.20807171514667e-10,0.483528615313209,0.315,0.253,7.8613797379669e-06,"ACKR1_high_endothelial","SAMM50"
8.55587521809448e-302,0.482260335025661,0.999,0.996,2.09661722219405e-297,"ACKR1_high_endothelial","RPL26"
4.89803405348165e-14,0.480970026503461,0.39,0.317,1.20026324480568e-09,"ACKR1_high_endothelial","STK25"
1.93000036227469e-14,0.480451853627225,0.34,0.261,4.72946588775413e-10,"ACKR1_high_endothelial","GNB4"
1.08935115103445e-14,0.479927058652737,0.291,0.213,2.66945499560992e-10,"ACKR1_high_endothelial","LMBR1"
1.03499834272066e-16,0.479661094539743,0.366,0.283,2.53626343883699e-12,"ACKR1_high_endothelial","C19orf24"
4.9802980162316e-26,0.478913161713401,0.584,0.492,1.22042202887755e-21,"ACKR1_high_endothelial","TUFM"
7.29579487679487e-78,0.478867121199585,0.901,0.848,1.78783453455858e-73,"ACKR1_high_endothelial","SERBP1"
3.54738040259411e-11,0.478649125204354,0.312,0.25,8.69285567655686e-07,"ACKR1_high_endothelial","ZNRF1"
3.60306317728139e-16,0.47769401429712,0.418,0.34,8.82930631592804e-12,"ACKR1_high_endothelial","TKT"
1.31228097873237e-62,0.476441225498972,0.43,0.24,3.21574453838367e-58,"ACKR1_high_endothelial","FBLN2"
3.77743446286643e-251,0.475414232290339,0.997,0.993,9.25660315125418e-247,"ACKR1_high_endothelial","RPL29"
9.04422338777682e-230,0.47481672963762,1,0.995,2.21628694117471e-225,"ACKR1_high_endothelial","RPL12"
5.99250808688541e-17,0.472132350030239,0.311,0.226,1.46846410669127e-12,"ACKR1_high_endothelial","SEMA6B"
3.07055173510959e-46,0.470063801187903,0.77,0.68,7.52438702688606e-42,"ACKR1_high_endothelial","CLTA"
3.33056290407507e-11,0.469744095326304,0.272,0.208,8.16154439643596e-07,"ACKR1_high_endothelial","GRK5"
5.82621956162068e-21,0.46942029146168,0.494,0.397,1.42771510357515e-16,"ACKR1_high_endothelial","SLC39A1"
9.13090378690188e-32,0.469212160298306,0.658,0.559,2.23752797298031e-27,"ACKR1_high_endothelial","ERP29"
1.07616816870556e-26,0.469149407915724,0.637,0.554,2.63715009741297e-22,"ACKR1_high_endothelial","RSL1D1"
3.81509135066217e-20,0.468054610038316,0.471,0.378,9.34888135479765e-16,"ACKR1_high_endothelial","CLIC2"
3.07606454420495e-36,0.467873424579393,0.714,0.616,7.53789616557423e-32,"ACKR1_high_endothelial","ACTN4"
1.29210771065836e-120,0.466542343589828,0.971,0.94,3.1663099449683e-116,"ACKR1_high_endothelial","RPS10"
3.43787069370093e-59,0.466482802060793,0.848,0.773,8.42450213491413e-55,"ACKR1_high_endothelial","TUBB"
1.40798930716591e-12,0.46600336849804,0.348,0.277,3.45027779721005e-08,"ACKR1_high_endothelial","ZNF524"
2.64205824257418e-21,0.465848252077591,0.474,0.379,6.47436372342802e-17,"ACKR1_high_endothelial","PTBP3"
1.1740017883158e-08,0.464603399873579,0.334,0.28,0.000287689138226787,"ACKR1_high_endothelial","HLF"
3.82092380347555e-08,0.464449426505807,0.255,0.204,0.000936317378041682,"ACKR1_high_endothelial","NFYB"
4.07794627113101e-12,0.464394641807969,0.306,0.239,9.99300733740655e-08,"ACKR1_high_endothelial","CADPS2"
2.06575117874682e-38,0.463790894040568,0.74,0.648,5.06212326351909e-34,"ACKR1_high_endothelial","IFI16"
6.07736707867205e-25,0.463175799935683,0.562,0.463,1.48925880262859e-20,"ACKR1_high_endothelial","PDCD5"
4.75088702458699e-14,0.462520834873958,0.361,0.286,1.16420486537504e-09,"ACKR1_high_endothelial","TSNAX"
4.75455852264705e-89,0.460753540401423,0.902,0.815,1.16510456597466e-84,"ACKR1_high_endothelial","PECAM1"
2.23315000990011e-25,0.460573070390228,0.592,0.501,5.47233409926023e-21,"ACKR1_high_endothelial","ETS1"
1.2132008506145e-17,0.459732979898999,0.32,0.232,2.97294868443083e-13,"ACKR1_high_endothelial","SGK1"
4.21443609673378e-12,0.459238112473697,0.293,0.227,1.03274756550461e-07,"ACKR1_high_endothelial","MGAT4B"
1.13141293956576e-23,0.458819596355788,0.589,0.5,2.77252740840589e-19,"ACKR1_high_endothelial","ABHD17A"
2.45687731021782e-13,0.457886462181236,0.384,0.311,6.02057784868877e-09,"ACKR1_high_endothelial","C12orf10"
1.87389354341794e-23,0.457293198171735,0.585,0.496,4.59197612814565e-19,"ACKR1_high_endothelial","ENAH"
7.3812423593395e-12,0.456217738489622,0.31,0.242,1.80877344015615e-07,"ACKR1_high_endothelial","ORMDL2"
1.21088072818465e-45,0.454316009769857,0.985,0.96,2.96726322441648e-41,"ACKR1_high_endothelial","TXNIP"
1.52733355354888e-13,0.454314073905017,0.424,0.354,3.74273087297154e-09,"ACKR1_high_endothelial","ADRM1"
8.370919125754e-14,0.452534966484999,0.278,0.204,2.05129373176602e-09,"ACKR1_high_endothelial","F8"
7.57371824252338e-12,0.451862632959429,0.341,0.273,1.85593965533035e-07,"ACKR1_high_endothelial","LAPTM4B"
1.74969232428065e-15,0.449480624160477,0.49,0.414,4.28762104064972e-11,"ACKR1_high_endothelial","PEF1"
5.52055385221405e-28,0.449123588973599,0.609,0.497,1.35281172148505e-23,"ACKR1_high_endothelial","NBL1"
3.52271513620016e-10,0.448016495268871,0.284,0.223,8.63241344125849e-06,"ACKR1_high_endothelial","SEC61A1"
2.38839012774684e-12,0.445565366194694,0.428,0.356,5.85275000804363e-08,"ACKR1_high_endothelial","TMEM204"
4.28688983564933e-23,0.445173279654307,0.606,0.518,1.05050235422587e-18,"ACKR1_high_endothelial","EIF3M"
1.1259940712374e-18,0.443673821099205,0.446,0.356,2.75924847156724e-14,"ACKR1_high_endothelial","PBX1"
5.55130284735657e-16,0.441535396994713,0.401,0.322,1.36034676274473e-11,"ACKR1_high_endothelial","UBALD2"
1.01199341395962e-09,0.440435258231718,0.302,0.243,2.47988986090806e-05,"ACKR1_high_endothelial","C16orf52"
3.96221808773918e-07,0.440280095625577,0.262,0.216,0.00970941542400486,"ACKR1_high_endothelial","NADK"
4.85160456130114e-17,0.43997135871682,0.448,0.358,1.18888569774685e-12,"ACKR1_high_endothelial","SERPINH1"
1.45155654630438e-20,0.439729590556221,0.448,0.35,3.55703931671889e-16,"ACKR1_high_endothelial","PTPRM"
3.328163961404e-251,0.439538350733289,0.999,0.996,8.15566578742051e-247,"ACKR1_high_endothelial","RPL7A"
2.4683930389227e-10,0.439034440458355,0.333,0.271,6.04879714188007e-06,"ACKR1_high_endothelial","STARD3"
1.41236724108622e-14,0.437916320772155,0.449,0.374,3.46100592428178e-10,"ACKR1_high_endothelial","ZMIZ1"
6.47738914403467e-30,0.437824047621763,0.667,0.572,1.5872842097457e-25,"ACKR1_high_endothelial","ENSA"
7.88105170382107e-10,0.437785032809258,0.291,0.231,1.93125172002135e-05,"ACKR1_high_endothelial","CEP112"
3.60626642795786e-12,0.435133860318696,0.27,0.201,8.83715588171073e-08,"ACKR1_high_endothelial","COBLL1"
6.74701468058774e-64,0.434819789284292,0.911,0.854,1.65335594747803e-59,"ACKR1_high_endothelial","S100A11"
8.59983970010135e-64,0.430528994955151,0.882,0.762,2.10739071850984e-59,"ACKR1_high_endothelial","ETS2"
8.56064647679341e-46,0.430356974045467,0.809,0.711,2.09778641913823e-41,"ACKR1_high_endothelial","MYH9"
9.45456779061313e-11,0.429972560529987,0.331,0.267,2.31684183708975e-06,"ACKR1_high_endothelial","MKKS"
1.4126053270866e-21,0.429802845652375,0.478,0.378,3.46158935402572e-17,"ACKR1_high_endothelial","NAMPT"
1.77600339243228e-48,0.429697711282825,0.815,0.722,4.35209631315529e-44,"ACKR1_high_endothelial","EIF3L"
1.7127460825172e-32,0.429357438016685,0.735,0.647,4.1970842752084e-28,"ACKR1_high_endothelial","RAN"
2.67195161920715e-62,0.42861817330558,0.895,0.838,6.54761744286712e-58,"ACKR1_high_endothelial","PRDX1"
1.59964256852797e-12,0.427432576107763,0.395,0.326,3.91992411417778e-08,"ACKR1_high_endothelial","EPN1"
3.39933004597141e-74,0.424460475687299,0.944,0.856,8.33005827765295e-70,"ACKR1_high_endothelial","RNASE1"
1.38685005226684e-204,0.424090297152822,0.994,0.988,3.3984760530799e-200,"ACKR1_high_endothelial","GNB2L1"
5.01313547473004e-19,0.423665944180534,0.499,0.409,1.2284688480826e-14,"ACKR1_high_endothelial","DPP7"
9.5895875281713e-17,0.423638969471217,0.481,0.398,2.34992842377838e-12,"ACKR1_high_endothelial","IGBP1"
1.72684805543836e-13,0.420965452534776,0.396,0.32,4.23164115985171e-09,"ACKR1_high_endothelial","OPTN"
2.83592992521464e-91,0.419533285973974,0.972,0.914,6.94944628173849e-87,"ACKR1_high_endothelial","GLTSCR2"
1.55403676605663e-12,0.419212922862081,0.419,0.347,3.80816709522177e-08,"ACKR1_high_endothelial","KIAA1551"
9.3215933758686e-189,0.417464316890559,0.998,0.994,2.2842564567566e-184,"ACKR1_high_endothelial","RPS9"
4.43021532056826e-10,0.417385082474338,0.334,0.273,1.08562426430525e-05,"ACKR1_high_endothelial","PITPNC1"
1.15846803953582e-11,0.416984758541749,0.422,0.358,2.83882593088253e-07,"ACKR1_high_endothelial","CERS2"
7.60441158433291e-15,0.416926980437848,0.419,0.338,1.86346105874078e-10,"ACKR1_high_endothelial","RAI14"
1.83570705514651e-12,0.415643910940199,0.379,0.309,4.49840013863653e-08,"ACKR1_high_endothelial","ACAT1"
5.59024438572487e-27,0.414823942384955,0.654,0.561,1.36988938672188e-22,"ACKR1_high_endothelial","ATF4"
2.87676292882756e-10,0.414099251338889,0.32,0.257,7.04950755709193e-06,"ACKR1_high_endothelial","CNTNAP3B"
1.37503961951898e-17,0.413906295471742,0.499,0.415,3.36953458763126e-13,"ACKR1_high_endothelial","DNAJC15"
1.61336755787473e-42,0.413186069734835,0.814,0.732,3.95355720057202e-38,"ACKR1_high_endothelial","LMO2"
1.37736850445047e-07,0.413159082123891,0.414,0.369,0.00337524152015587,"ACKR1_high_endothelial","PIM3"
6.18794079074859e-23,0.411364016921086,0.567,0.464,1.51635489077294e-18,"ACKR1_high_endothelial","SWAP70"
5.47007397371212e-13,0.410986605759147,0.416,0.348,1.34044162725816e-08,"ACKR1_high_endothelial","PQBP1"
4.52764761552063e-13,0.410697692338529,0.456,0.387,1.10950004818333e-08,"ACKR1_high_endothelial","EI24"
7.81786136210608e-159,0.410346682724656,0.812,0.452,1.91576692678409e-154,"ACKR1_high_endothelial","CLDN5"
1.23087040931631e-09,0.409749087189426,0.302,0.242,3.01624793802962e-05,"ACKR1_high_endothelial","GLRX3"
2.95616511576775e-20,0.409465215814116,0.596,0.525,7.24408261618888e-16,"ACKR1_high_endothelial","PIK3C2A"
6.0901298643675e-20,0.409390098212362,0.553,0.469,1.49238632326326e-15,"ACKR1_high_endothelial","POLR1D"
9.68988139821713e-17,0.408969908109064,0.536,0.46,2.37450543663311e-12,"ACKR1_high_endothelial","RBMS1"
3.68035675730425e-15,0.407416630051735,0.539,0.472,9.01871423377408e-11,"ACKR1_high_endothelial","CCND3"
1.24865163927068e-09,0.406910476237226,0.316,0.257,3.0598208420328e-05,"ACKR1_high_endothelial","MIEN1"
2.30144944425176e-11,0.405396657285029,0.423,0.357,5.63970186313895e-07,"ACKR1_high_endothelial","FRYL"
1.88580741495516e-09,0.405065783763802,0.302,0.244,4.62117107034761e-05,"ACKR1_high_endothelial","TCF12"
8.04085914627066e-10,0.404429515242186,0.308,0.246,1.97041253379363e-05,"ACKR1_high_endothelial","KIF1C"
4.01995506022863e-13,0.404189194125702,0.356,0.283,9.85089987509026e-09,"ACKR1_high_endothelial","C14orf119"
3.50299174896459e-14,0.403927148558704,0.448,0.373,8.58408128083773e-10,"ACKR1_high_endothelial","SIGIRR"
2.70198386864227e-10,0.403272907148848,0.317,0.254,6.62121147010789e-06,"ACKR1_high_endothelial","LY96"
5.3775273887974e-08,0.401857481370142,0.264,0.212,0.0013177630866248,"ACKR1_high_endothelial","LYPLA2"
2.65125432665676e-08,0.400335657845781,0.297,0.242,0.00064968987274724,"ACKR1_high_endothelial","ESYT1"
2.28444656313159e-11,0.400221783890157,0.389,0.323,5.59803630295395e-07,"ACKR1_high_endothelial","RPN1"
2.11164298014484e-70,0.399640678155855,0.94,0.907,5.17458112284493e-66,"ACKR1_high_endothelial","RPS4Y1"
3.11439798279495e-16,0.399224145646567,0.494,0.415,7.63183225683903e-12,"ACKR1_high_endothelial","FAM177A1"
2.89663653908394e-07,0.398310542438955,0.316,0.267,0.0070982078390252,"ACKR1_high_endothelial","DCTPP1"
1.98880231842508e-24,0.397892647881376,0.671,0.596,4.87356008130066e-20,"ACKR1_high_endothelial","SSR2"
1.00480295469051e-09,0.396876894573164,0.3,0.238,2.46226964046909e-05,"ACKR1_high_endothelial","FNDC3B"
2.03509211277078e-08,0.39608867169724,0.297,0.24,0.000498699322234479,"ACKR1_high_endothelial","SLC25A39"
4.96345213422023e-09,0.39580291778036,0.256,0.201,0.000121629394549067,"ACKR1_high_endothelial","DGKH"
5.58062705852129e-09,0.394927257526143,0.326,0.268,0.000136753266069064,"ACKR1_high_endothelial","NANS"
3.03990621112843e-14,0.394812095619556,0.449,0.375,7.44929017037022e-10,"ACKR1_high_endothelial","NDUFA8"
1.02065530520888e-14,0.394704937538589,0.459,0.378,2.50111582541436e-10,"ACKR1_high_endothelial","PRPSAP1"
3.76279811956946e-12,0.39463765174468,0.424,0.359,9.22073679200496e-08,"ACKR1_high_endothelial","AIP"
2.054365285447e-241,0.394183402106179,0.999,0.999,5.03422213198787e-237,"ACKR1_high_endothelial","RPS23"
4.15637649376792e-52,0.393903794509794,0.918,0.852,1.01852005979783e-47,"ACKR1_high_endothelial","ZFP36L2"
1.68487473647104e-23,0.393680683839519,0.616,0.529,4.12878554172229e-19,"ACKR1_high_endothelial","POLE4"
1.26740705757074e-06,0.393549121895132,0.288,0.244,0.031057809945771,"ACKR1_high_endothelial","PTPRK"
2.18191143686868e-21,0.393172918394651,0.597,0.502,5.34677397604671e-17,"ACKR1_high_endothelial","ASPH"
7.96525900448761e-21,0.392192923555214,0.589,0.507,1.95188671904969e-16,"ACKR1_high_endothelial","SNRPE"
9.85631270636617e-18,0.392099182799766,0.562,0.486,2.41528942869503e-13,"ACKR1_high_endothelial","RALY"
2.00281094693259e-161,0.391493431620367,0.996,0.992,4.90788822545832e-157,"ACKR1_high_endothelial","RPL10A"
7.74659309300747e-17,0.390650365214176,0.544,0.468,1.89830263744148e-12,"ACKR1_high_endothelial","PPP2R1A"
5.40039223387059e-73,0.390579852271588,0.954,0.897,1.32336611690999e-68,"ACKR1_high_endothelial","RAMP2"
3.66510805896968e-11,0.389095193024093,0.405,0.34,8.98134729850519e-07,"ACKR1_high_endothelial","TRIM47"
2.13574619229279e-187,0.38869323184857,0.998,0.994,5.23364604421349e-183,"ACKR1_high_endothelial","RPL5"
2.0351257429774e-94,0.388688442817802,0.993,0.969,4.98707563316613e-90,"ACKR1_high_endothelial","IGFBP4"
1.40049105792838e-73,0.388106583072222,0.965,0.886,3.4319033374535e-69,"ACKR1_high_endothelial","RPL36A"
1.0448581781717e-103,0.387544575996632,0.982,0.973,2.56042496560975e-99,"ACKR1_high_endothelial","RPLP0"
1.96382463814702e-37,0.387111767982657,0.803,0.744,4.81235227577926e-33,"ACKR1_high_endothelial","RAB13"
1.88817045451754e-24,0.385326626092928,0.611,0.505,4.62696169879522e-20,"ACKR1_high_endothelial","IL1R1"
1.81397664999593e-09,0.384583110601866,0.274,0.214,4.44514978081502e-05,"ACKR1_high_endothelial","PLOD3"
1.09866272518484e-26,0.384453414993923,0.762,0.696,2.69227300806544e-22,"ACKR1_high_endothelial","CALCRL"
5.91244482721839e-29,0.384176258735761,0.705,0.613,1.44884460490987e-24,"ACKR1_high_endothelial","C14orf166"
1.85494963288842e-25,0.383431586013777,0.671,0.578,4.54555407539308e-21,"ACKR1_high_endothelial","SLC25A5"
2.14359197467118e-15,0.383204391892703,0.521,0.446,5.25287213393172e-11,"ACKR1_high_endothelial","SEPT10"
5.62538873178294e-231,0.382847263987705,1,1,1.37850150872341e-226,"ACKR1_high_endothelial","RPL13"
2.80515049531419e-22,0.382650967839408,0.646,0.561,6.87402128876742e-18,"ACKR1_high_endothelial","TMBIM4"
9.3361421364554e-08,0.381924296721949,0.271,0.22,0.00228782163053839,"ACKR1_high_endothelial","MRPL24"
1.80540460051621e-38,0.380756460529297,0.813,0.742,4.42414397356497e-34,"ACKR1_high_endothelial","ZFAS1"
1.38416064145949e-07,0.380244441506854,0.287,0.237,0.00339188565189648,"ACKR1_high_endothelial","STT3B"
4.43957144000338e-13,0.37856330926815,0.478,0.405,1.08791698137283e-08,"ACKR1_high_endothelial","MKNK2"
1.06078734126919e-13,0.378003928256661,0.508,0.441,2.59945937978015e-09,"ACKR1_high_endothelial","C1QBP"
1.33971295385616e-13,0.376467127034231,0.419,0.346,3.28296659342453e-09,"ACKR1_high_endothelial","APEX1"
4.82120608854007e-17,0.376368504114535,0.587,0.505,1.18143655199674e-12,"ACKR1_high_endothelial","MYCT1"
2.14067947315052e-26,0.375274947631188,0.709,0.621,5.24573504895534e-22,"ACKR1_high_endothelial","S100A16"
1.79863339322477e-21,0.374627833533844,0.669,0.603,4.4075511300973e-17,"ACKR1_high_endothelial","RNH1"
5.02469261991144e-198,0.374397680275627,1,0.999,1.2313009265093e-193,"ACKR1_high_endothelial","RPL32"
8.84945971754179e-11,0.373839448202064,0.371,0.302,2.16856010378362e-06,"ACKR1_high_endothelial","DIAPH1"
8.20932700956023e-07,0.373307217224783,0.256,0.21,0.0201169558369273,"ACKR1_high_endothelial","STAT5B"
2.4100710329483e-159,0.373240139465516,1,0.996,5.90587906623982e-155,"ACKR1_high_endothelial","RPS19"
9.36783258886234e-09,0.371871149414304,0.334,0.278,0.000229558737590072,"ACKR1_high_endothelial","VMP1"
1.11869281849169e-11,0.371511005538943,0.393,0.324,2.7413567517139e-07,"ACKR1_high_endothelial","MFSD10"
5.42360514304307e-06,0.371400300512096,0.281,0.237,0.132905444030271,"ACKR1_high_endothelial","UGCG"
2.44737476968568e-07,0.370908031953993,0.261,0.212,0.00599729187311476,"ACKR1_high_endothelial","GAR1"
6.68158633025037e-11,0.370866704014621,0.384,0.319,1.63732273022785e-06,"ACKR1_high_endothelial","ACP1"
3.108758119139e-09,0.368689990102487,0.296,0.237,7.61801177095011e-05,"ACKR1_high_endothelial","FSCN1"
2.55145785409426e-40,0.36754907649551,0.845,0.774,6.25234747145797e-36,"ACKR1_high_endothelial","CNN3"
3.54211017786922e-31,0.36652123595664,0.696,0.581,8.67994099086852e-27,"ACKR1_high_endothelial","MAP1LC3B"
8.59687217645023e-07,0.366456697389141,0.294,0.249,0.0210666352683913,"ACKR1_high_endothelial","MRPL9"
1.50339615305913e-41,0.365530930658482,0.837,0.757,3.68407227307139e-37,"ACKR1_high_endothelial","EIF3G"
7.47233356814891e-157,0.365366097967279,0.996,0.991,1.83109534087489e-152,"ACKR1_high_endothelial","NACA"
4.80253111275212e-18,0.364954207140302,0.647,0.582,1.17686024917991e-13,"ACKR1_high_endothelial","NRN1"
3.24927010390388e-09,0.364867503229179,0.308,0.247,7.96233638961647e-05,"ACKR1_high_endothelial","AK1"
1.16372478375066e-06,0.364466577959826,0.323,0.278,0.0285170758258099,"ACKR1_high_endothelial","CHST12"
2.94682391600215e-14,0.364451321955137,0.486,0.414,7.22119200616326e-10,"ACKR1_high_endothelial","CNPY2"
4.23855231042301e-27,0.363752603159855,0.752,0.676,1.03865724366916e-22,"ACKR1_high_endothelial","NUCB1"
3.04485867947158e-08,0.363357520611267,0.38,0.327,0.000746142619404512,"ACKR1_high_endothelial","KAT6A"
1.93014972653857e-18,0.362973259971126,0.584,0.507,4.72983190488277e-14,"ACKR1_high_endothelial","COX5A"
4.55581522363501e-10,0.362730801933819,0.439,0.38,1.11640252055176e-05,"ACKR1_high_endothelial","PRR13"
3.84064406438486e-11,0.362465625546441,0.397,0.331,9.4114982797751e-07,"ACKR1_high_endothelial","NTAN1"
5.25063052583643e-12,0.361837424591575,0.446,0.377,1.28666701035622e-07,"ACKR1_high_endothelial","MED4"
7.992677272492e-20,0.361771119390926,0.672,0.601,1.95860556562417e-15,"ACKR1_high_endothelial","EIF4A1"
4.91508013192421e-09,0.361409339472756,0.332,0.274,0.000120444038632803,"ACKR1_high_endothelial","NCBP2"
3.46940373387862e-10,0.359256553592872,0.27,0.208,8.50177384986956e-06,"ACKR1_high_endothelial","TUBA4A"
1.38165963247481e-07,0.358654145015349,0.346,0.293,0.00338575692937953,"ACKR1_high_endothelial","GON4L"
1.03418669338043e-07,0.357940207937029,0.326,0.274,0.00253427449212875,"ACKR1_high_endothelial","FAM50A"
2.31014198599576e-11,0.356692089626976,0.453,0.381,5.66100293668261e-07,"ACKR1_high_endothelial","FKBP9"
4.16188905468624e-135,0.354801898956737,0.993,0.99,1.01987091285086e-130,"ACKR1_high_endothelial","RPL14"
3.01225671786615e-22,0.354406907701121,0.714,0.629,7.38153508713099e-18,"ACKR1_high_endothelial","NET1"
9.94750399636662e-06,0.353952406599369,0.268,0.225,0.243763585430964,"ACKR1_high_endothelial","KPNA3"
1.37208965867571e-43,0.352991730662853,0.956,0.93,3.36230570858482e-39,"ACKR1_high_endothelial","NEAT1"
3.17671964089978e-06,0.352738556212462,0.291,0.243,0.0778455148002492,"ACKR1_high_endothelial","DPM2"
3.53357494354397e-10,0.352222064217426,0.417,0.354,8.65902539915449e-06,"ACKR1_high_endothelial","PTPRG"
1.71838244540757e-32,0.351359338972218,0.841,0.791,4.21089618247124e-28,"ACKR1_high_endothelial","FCGRT"
9.79435193842024e-93,0.350693141658663,0.976,0.966,2.40010594250988e-88,"ACKR1_high_endothelial","BTF3"
7.99089225977197e-06,0.350121826294973,0.315,0.271,0.195816814825712,"ACKR1_high_endothelial","TAX1BP3"
1.61982412644934e-20,0.349788495430999,0.714,0.648,3.9693790218641e-16,"ACKR1_high_endothelial","PKM"
1.67756418890598e-41,0.349474132645434,0.899,0.849,4.1108710449141e-37,"ACKR1_high_endothelial","CCDC85B"
5.80739355476218e-53,0.348455774341825,0.917,0.865,1.42310179059447e-48,"ACKR1_high_endothelial","CRIP2"
5.9313305956338e-10,0.348115025743573,0.327,0.262,1.45347256246006e-05,"ACKR1_high_endothelial","BFAR"
6.79995764552537e-07,0.345828571208766,0.325,0.277,0.0166632962103599,"ACKR1_high_endothelial","PDCD2"
1.1851632195381e-24,0.345158162019162,0.723,0.658,2.90424246947812e-20,"ACKR1_high_endothelial","SEC61B"
5.10557180888249e-12,0.345115879995503,0.506,0.442,1.25112037176665e-07,"ACKR1_high_endothelial","TAF10"
1.61035009423948e-19,0.344716725717433,0.671,0.599,3.94616290593384e-15,"ACKR1_high_endothelial","CSNK2B"
4.02909281220154e-165,0.34454505387924,0.999,0.997,9.87329193629988e-161,"ACKR1_high_endothelial","RPL28"
1.25476019809277e-17,0.343708068342468,0.637,0.567,3.07478986542634e-13,"ACKR1_high_endothelial","UACA"
5.83830938286993e-06,0.343565411736273,0.319,0.276,0.143067771427228,"ACKR1_high_endothelial","PQLC1"
1.09406772449298e-09,0.343547739305894,0.462,0.401,2.68101295887005e-05,"ACKR1_high_endothelial","MAP4K4"
2.34400675589034e-168,0.342823139628808,0.999,0.998,5.74398855530927e-164,"ACKR1_high_endothelial","RPS24"
4.40371770950433e-07,0.341957879074847,0.275,0.225,0.0107913102471403,"ACKR1_high_endothelial","SMARCC1"
1.06450422718024e-12,0.341046528847473,0.509,0.442,2.60856760870518e-08,"ACKR1_high_endothelial","TBCB"
9.34898547515821e-21,0.340648237172404,0.591,0.492,2.29096889068752e-16,"ACKR1_high_endothelial","TNXB"
1.04457219612062e-13,0.340080707623685,0.548,0.487,2.55972416659358e-09,"ACKR1_high_endothelial","EBPL"
5.27025569947558e-14,0.340040771951803,0.441,0.359,1.29147615915649e-09,"ACKR1_high_endothelial","CD109"
2.04562385815484e-45,0.339413451466962,0.925,0.886,5.01280126440844e-41,"ACKR1_high_endothelial","COX4I1"
1.23416182283055e-15,0.339111013650638,0.627,0.567,3.02431354684627e-11,"ACKR1_high_endothelial","HSPE1"
2.98055770144066e-09,0.338751019179531,0.417,0.355,7.30385664738033e-05,"ACKR1_high_endothelial","DDRGK1"
6.35220089562295e-15,0.337750271463452,0.537,0.457,1.5566068294724e-10,"ACKR1_high_endothelial","RNPS1"
1.21070347114095e-13,0.336062481818684,0.486,0.413,2.96682885603089e-09,"ACKR1_high_endothelial","YWHAH"
6.04549254912838e-13,0.336055086618523,0.522,0.448,1.48144794916391e-08,"ACKR1_high_endothelial","PGM5"
3.93041586067672e-13,0.335959979403134,0.554,0.484,9.63148406658829e-09,"ACKR1_high_endothelial","G3BP1"
2.99409372199923e-08,0.335948458213802,0.313,0.255,0.000733702666575911,"ACKR1_high_endothelial","CARD16"
7.81025552901678e-07,0.335445487455799,0.251,0.205,0.0191390311738556,"ACKR1_high_endothelial","APOPT1"
5.34182637616745e-09,0.33524772623815,0.415,0.358,0.000130901455347983,"ACKR1_high_endothelial","CCDC124"
1.51552097229326e-17,0.33497911114608,0.682,0.608,3.71378414260464e-13,"ACKR1_high_endothelial","TSPAN4"
4.08850067568016e-18,0.334282502068872,0.709,0.663,1.00188709057542e-13,"ACKR1_high_endothelial","ENY2"
1.87647946700072e-19,0.333656430162005,0.509,0.408,4.59831293388527e-15,"ACKR1_high_endothelial","LAP3"
2.81380136908963e-07,0.331242430352482,0.354,0.303,0.00689522025495414,"ACKR1_high_endothelial","CDK4"
4.09001694341184e-06,0.331140511733377,0.28,0.235,0.100225865198307,"ACKR1_high_endothelial","SYNE3"
1.25221255549288e-08,0.330625951337322,0.416,0.36,0.000306854686723531,"ACKR1_high_endothelial","H2AFY"
1.35535825406985e-10,0.329860187758394,0.39,0.324,3.32130540159816e-06,"ACKR1_high_endothelial","COA4"
1.07804329285501e-14,0.329726164167707,0.549,0.469,2.6417450891412e-10,"ACKR1_high_endothelial","ATP5F1"
4.71892251194584e-07,0.329521144393152,0.276,0.226,0.0115637196155233,"ACKR1_high_endothelial","ZNF580"
5.03767081175851e-15,0.329093539162221,0.482,0.4,1.23448123242142e-10,"ACKR1_high_endothelial","CDC42EP3"
1.13446431326884e-17,0.328945624077385,0.66,0.586,2.78000479966529e-13,"ACKR1_high_endothelial","ACTR2"
9.31046558154457e-08,0.328926379759973,0.354,0.3,0.0022815295907575,"ACKR1_high_endothelial","TMEM208"
6.12830717577135e-06,0.328113945515577,0.324,0.279,0.150174167342277,"ACKR1_high_endothelial","DBNL"
4.01382253720917e-08,0.32707946927682,0.395,0.339,0.000983587212743106,"ACKR1_high_endothelial","EPHB4"
4.05087411399021e-48,0.326637394970129,0.944,0.887,9.926667016333e-44,"ACKR1_high_endothelial","BTG1"
4.31642575643865e-16,0.325383492838947,0.586,0.511,1.05774013161529e-11,"ACKR1_high_endothelial","DDT"
2.42338244537151e-05,0.325218411280785,0.257,0.217,0.593849868238288,"ACKR1_high_endothelial","TSTA3"
1.38741900545914e-12,0.324883074452721,0.597,0.539,3.39987027287762e-08,"ACKR1_high_endothelial","TINAGL1"
0.000100733141284753,0.324265266150226,0.256,0.22,1,"ACKR1_high_endothelial","CNPY3"
1.07904510514777e-07,0.323500355113636,0.353,0.299,0.00264420003016461,"ACKR1_high_endothelial","EML4"
7.80879608699077e-10,0.32334268585152,0.363,0.294,1.91354548111709e-05,"ACKR1_high_endothelial","TIMM8B"
2.17234437304734e-07,0.323211902742041,0.34,0.289,0.0053233298861525,"ACKR1_high_endothelial","C17orf89"
2.52692563014019e-07,0.322475017817407,0.317,0.266,0.00619223125665854,"ACKR1_high_endothelial","CENPB"
2.52354195971923e-09,0.322425283430054,0.474,0.411,6.18393957229197e-05,"ACKR1_high_endothelial","OXA1L"
3.08513424568679e-06,0.322413556791797,0.257,0.21,0.0756012146905548,"ACKR1_high_endothelial","SMC4"
3.59291526798547e-09,0.322331008557328,0.44,0.378,8.8044388641984e-05,"ACKR1_high_endothelial","TMEM256"
1.32379600332485e-06,0.321992153009825,0.311,0.263,0.0324396210614755,"ACKR1_high_endothelial","STARD7"
6.93161594196888e-13,0.321761668744312,0.571,0.516,1.69859248657947e-08,"ACKR1_high_endothelial","RCN1"
1.23804973792906e-44,0.320877915106198,0.927,0.889,3.03384088279516e-40,"ACKR1_high_endothelial","ATP5G2"
4.24077517814293e-39,0.320710985298232,0.904,0.851,1.03920195740392e-34,"ACKR1_high_endothelial","EIF3E"
8.59149268525649e-13,0.319948822092549,0.423,0.345,2.1053452825221e-08,"ACKR1_high_endothelial","YPEL2"
7.36446029319643e-06,0.319508164422144,0.257,0.214,0.180466099484778,"ACKR1_high_endothelial","RRP7A"
1.14181217047213e-08,0.319418246336754,0.305,0.245,0.000279801072374194,"ACKR1_high_endothelial","DNM1L"
7.78619546423302e-115,0.319164292535024,0.997,0.995,1.9080071985103e-110,"ACKR1_high_endothelial","RPS3"
4.23166680130743e-07,0.319148161492993,0.294,0.243,0.0103696994966039,"ACKR1_high_endothelial","IFITM1"
4.44675357864762e-32,0.319052566150698,0.878,0.817,1.0896769644476e-27,"ACKR1_high_endothelial","EIF4B"
2.1597855414849e-09,0.318601782542864,0.496,0.445,5.29255446940874e-05,"ACKR1_high_endothelial","NFAT5"
2.15387077937452e-11,0.316165570279412,0.514,0.446,5.27806034485726e-07,"ACKR1_high_endothelial","VCP"
7.89501661540021e-09,0.316032891147784,0.291,0.232,0.000193467382160382,"ACKR1_high_endothelial","NHSL2"
5.5715023839526e-05,0.315865677685375,0.276,0.238,1,"ACKR1_high_endothelial","GGCT"
2.36906634620852e-33,0.31531214220295,0.886,0.826,5.80539708138397e-29,"ACKR1_high_endothelial","PABPC1"
3.13199435087285e-37,0.315129989273404,0.902,0.857,7.67495215681393e-33,"ACKR1_high_endothelial","CLIC1"
1.26739175234799e-05,0.315083960130983,0.263,0.222,0.310574348912874,"ACKR1_high_endothelial","CARD19"
2.62417413883889e-10,0.314959161849852,0.405,0.338,6.43053872722469e-06,"ACKR1_high_endothelial","FGD5"
8.61511327475689e-07,0.314589027094205,0.424,0.382,0.0211113350797918,"ACKR1_high_endothelial","FRY"
2.25908000881975e-08,0.314396964439893,0.42,0.365,0.000553587556161279,"ACKR1_high_endothelial","HACD3"
5.03686668275735e-07,0.31438919582107,0.3,0.248,0.0123428418060969,"ACKR1_high_endothelial","AHSA1"
6.55447229200396e-11,0.313542762943819,0.471,0.405,1.60617343515557e-06,"ACKR1_high_endothelial","PXN"
7.27168721739772e-06,0.313518199873082,0.26,0.217,0.178192695262331,"ACKR1_high_endothelial","ZNF91"
4.37720760144927e-37,0.311769004477047,0.91,0.865,1.07263472273514e-32,"ACKR1_high_endothelial","SLC25A6"
7.3856890540777e-20,0.311586873263655,0.739,0.671,1.80986310270174e-15,"ACKR1_high_endothelial","HSPD1"
2.02001637904852e-10,0.311069073925491,0.509,0.442,4.95005013685839e-06,"ACKR1_high_endothelial","TMBIM1"
2.6687918330629e-19,0.310836752723916,0.717,0.664,6.53987438692063e-15,"ACKR1_high_endothelial","ATP5B"
5.37967525904822e-09,0.310758288861833,0.439,0.376,0.000131828942222977,"ACKR1_high_endothelial","MYOF"
5.74909752320495e-12,0.30817901182746,0.561,0.497,1.40881634806137e-07,"ACKR1_high_endothelial","ECH1"
6.01784016331454e-07,0.308098501832818,0.331,0.281,0.0147467173202023,"ACKR1_high_endothelial","ETHE1"
7.91975611675231e-08,0.307180308464176,0.363,0.306,0.00194073623641015,"ACKR1_high_endothelial","OFD1"
9.25491109124974e-07,0.305989728140961,0.329,0.279,0.0226791596291075,"ACKR1_high_endothelial","SLC29A1"
1.47323158637456e-33,0.304936218505901,0.904,0.862,3.61015400241086e-29,"ACKR1_high_endothelial","ECSCR.1"
1.7337585591899e-08,0.304166502099837,0.384,0.322,0.000424857534929485,"ACKR1_high_endothelial","MED28"
4.92533095599823e-06,0.303620849718582,0.272,0.227,0.120695235076737,"ACKR1_high_endothelial","IKBKB"
2.30623977440104e-11,0.303358890564344,0.538,0.475,5.65144056716975e-07,"ACKR1_high_endothelial","AKAP13"
0.000117950853587933,0.303332526391856,0.264,0.23,1,"ACKR1_high_endothelial","DNM2"
0.000201961553846179,0.302511178483235,0.298,0.261,1,"ACKR1_high_endothelial","SERTAD2"
1.54443411224598e-11,0.302344373680448,0.545,0.481,3.78463579205878e-07,"ACKR1_high_endothelial","TAF1D"
1.11554279446649e-07,0.301471152879345,0.449,0.398,0.00273363761784013,"ACKR1_high_endothelial","CCT5"
7.87982500115523e-20,0.301384796056471,0.752,0.701,1.93095111653309e-15,"ACKR1_high_endothelial","UBXN1"
5.20574541240749e-47,0.300280284515943,0.958,0.935,1.27566791331046e-42,"ACKR1_high_endothelial","LGALS3"
5.55544081197671e-06,0.299975896396373,0.293,0.249,0.136136077097489,"ACKR1_high_endothelial","MANF"
9.55287156988591e-07,0.298691330636395,0.264,0.216,0.0234093117820054,"ACKR1_high_endothelial","NAPRT"
1.48491042723387e-14,0.298600672586133,0.683,0.626,3.63877300193661e-10,"ACKR1_high_endothelial","SERPINB6"
5.04861347870316e-17,0.298498013427843,0.669,0.602,1.23716273295621e-12,"ACKR1_high_endothelial","ENTPD1"
0.000209309754555234,0.298145413546274,0.25,0.215,1,"ACKR1_high_endothelial","ACACB"
4.56860255181533e-08,0.297128707401099,0.324,0.266,0.00111953605532235,"ACKR1_high_endothelial","TNFRSF1B"
5.34228853587109e-43,0.296788322003466,0.909,0.887,1.30912780571521e-38,"ACKR1_high_endothelial","EDF1"
1.13348332544544e-32,0.296380345083765,0.849,0.785,2.77760088900404e-28,"ACKR1_high_endothelial","LRRFIP1"
0.000416857221347008,0.295683162421003,0.273,0.242,1,"ACKR1_high_endothelial","RNF126"
6.8630778575383e-13,0.294950846023522,0.351,0.269,1.68179722898976e-08,"ACKR1_high_endothelial","HS3ST1"
5.02267193043233e-07,0.294595778543798,0.417,0.371,0.0123080575655244,"ACKR1_high_endothelial","TOMM22"
2.46941347927736e-11,0.294552455351092,0.517,0.449,6.05129773096916e-07,"ACKR1_high_endothelial","ATOX1"
2.47500574985719e-136,0.294355908749661,1,1,6.06500159002505e-132,"ACKR1_high_endothelial","RPL10"
1.72795735651575e-12,0.2939787898636,0.642,0.592,4.23435950214184e-08,"ACKR1_high_endothelial","UFC1"
4.79009769849691e-133,0.293160563605058,0.999,0.997,1.17381344101667e-128,"ACKR1_high_endothelial","RPS15"
1.06887095845371e-07,0.29300538100366,0.467,0.417,0.00261926828369081,"ACKR1_high_endothelial","GSPT1"
1.02529273668147e-06,0.292902783693636,0.398,0.352,0.0251247985123793,"ACKR1_high_endothelial","SSBP4"
2.23991940174965e-07,0.292609665656806,0.4,0.351,0.00548892249398751,"ACKR1_high_endothelial","AK2"
1.14146458513979e-05,0.292176777799838,0.355,0.313,0.279715896588506,"ACKR1_high_endothelial","ICA1"
4.69399169885349e-09,0.291578837292922,0.574,0.529,0.000115026266580405,"ACKR1_high_endothelial","JTB"
0.000404225453393629,0.291209060065957,0.28,0.248,1,"ACKR1_high_endothelial","E2F4"
8.44777057655673e-17,0.291000002062563,0.708,0.655,2.07012617978523e-12,"ACKR1_high_endothelial","BMPR2"
1.51447394303245e-08,0.290972038245739,0.436,0.374,0.000371121839740103,"ACKR1_high_endothelial","RPL7L1"
3.5085071247206e-05,0.290656799360641,0.388,0.351,0.859759670912783,"ACKR1_high_endothelial","SLC2A4RG"
8.96896541562942e-06,0.290588912389161,0.272,0.228,0.219784497509999,"ACKR1_high_endothelial","GATAD2B"
1.30821498135619e-14,0.29046071987294,0.612,0.537,3.20578081181333e-10,"ACKR1_high_endothelial","HEBP2"
4.68739601409349e-14,0.290224688859513,0.671,0.615,1.14864639325361e-09,"ACKR1_high_endothelial","TNFRSF1A"
4.26378129600576e-11,0.289597364774686,0.535,0.478,1.04483960658621e-06,"ACKR1_high_endothelial","SPCS3"
0.000250924642296346,0.289138999414417,0.299,0.264,1,"ACKR1_high_endothelial","ARHGAP21"
2.08257133106972e-07,0.289129061298062,0.373,0.318,0.00510334104678636,"ACKR1_high_endothelial","BAZ1A"
1.70427860744918e-08,0.288336714214945,0.411,0.354,0.000417633472755423,"ACKR1_high_endothelial","CHMP4A"
3.628097948339e-06,0.28814447868013,0.317,0.27,0.0889065402240472,"ACKR1_high_endothelial","MRPL17"
1.31928128277238e-06,0.287592913455538,0.459,0.413,0.0323289878343371,"ACKR1_high_endothelial","PREX2"
9.17460763081578e-06,0.286430142765248,0.339,0.294,0.224823759993141,"ACKR1_high_endothelial","BAX"
4.59561367223677e-85,0.28620125273492,0.997,0.977,1.12615513038162e-80,"ACKR1_high_endothelial","S100A10"
2.92051196548708e-12,0.285929488241241,0.647,0.598,7.15671457142609e-08,"ACKR1_high_endothelial","APRT"
0.000341812222149765,0.285418986244398,0.306,0.272,1,"ACKR1_high_endothelial","CMTM8"
8.62772295958027e-06,0.285201169800205,0.257,0.214,0.211422351124514,"ACKR1_high_endothelial","METRN"
6.93865997583801e-33,0.284731492036821,0.951,0.94,1.7003186270791e-28,"ACKR1_high_endothelial","CD59"
0.000176983596025616,0.283609717721337,0.318,0.285,1,"ACKR1_high_endothelial","EBNA1BP2"
2.28198250031265e-10,0.283593924049604,0.386,0.315,5.59199811701614e-06,"ACKR1_high_endothelial","PIK3R3"
8.20073305428806e-08,0.283081638196789,0.432,0.373,0.00200958963495329,"ACKR1_high_endothelial","UBE2J1"
8.41235586486485e-07,0.282928681835297,0.395,0.345,0.0206144780468513,"ACKR1_high_endothelial","VEGFB"
7.94157980385528e-07,0.282024908307725,0.401,0.349,0.0194608413093474,"ACKR1_high_endothelial","EGLN2"
4.46125980170423e-06,0.280991760774327,0.394,0.349,0.109323171440762,"ACKR1_high_endothelial","LAMTOR2"
0.00150123195764688,0.280966054500067,0.39,0.366,1,"ACKR1_high_endothelial","ADGRG1"
1.63033741106257e-07,0.280854184939225,0.463,0.418,0.00399514182580883,"ACKR1_high_endothelial","NAA20"
1.64270819397572e-08,0.280851942145207,0.519,0.473,0.000402545642933749,"ACKR1_high_endothelial","PGAM1"
5.46832576131939e-05,0.280702777613815,0.328,0.289,1,"ACKR1_high_endothelial","NECAP2"
0.000263879894807678,0.280249341799091,0.332,0.297,1,"ACKR1_high_endothelial","PRKAR2A"
1.11712255820797e-137,0.280231456553346,1,0.999,2.73750882888864e-133,"ACKR1_high_endothelial","RPL11"
2.79447430301582e-48,0.279484679895576,0.966,0.938,6.84785927954027e-44,"ACKR1_high_endothelial","PPIA"
3.63308617108374e-38,0.278720233702756,0.957,0.928,8.90287766224069e-34,"ACKR1_high_endothelial","RAC1"
7.18079750623645e-10,0.278294452752879,0.537,0.48,1.75965442890324e-05,"ACKR1_high_endothelial","CCT7"
2.42239531829351e-06,0.27756344306111,0.387,0.338,0.0593607972747825,"ACKR1_high_endothelial","CTDSP2"
0.00225497655127664,0.276969970187462,0.256,0.226,1,"ACKR1_high_endothelial","ZDHHC3"
1.72940256932715e-05,0.276968686806488,0.381,0.343,0.423790099613618,"ACKR1_high_endothelial","ANXA4"
3.72770811634745e-06,0.276833475259376,0.36,0.313,0.0913474873910941,"ACKR1_high_endothelial","CNIH1"
7.6373281102539e-104,0.27588977317451,0.999,0.999,1.87152725341772e-99,"ACKR1_high_endothelial","RPS18"
0.000224483693573084,0.275211500213564,0.251,0.216,1,"ACKR1_high_endothelial","PTRHD1"
2.5032327606002e-19,0.273308224768478,0.77,0.722,6.13417187985079e-15,"ACKR1_high_endothelial","PPIB"
0.00148674934092863,0.273206810597468,0.261,0.231,1,"ACKR1_high_endothelial","ARFGEF1"
0.000145471767155229,0.273145180185515,0.271,0.237,1,"ACKR1_high_endothelial","JAGN1"
1.69696773767052e-21,0.273077463023895,0.587,0.477,4.15841944116161e-17,"ACKR1_high_endothelial","PPA1"
2.68401378268975e-111,0.273029475792951,1,0.998,6.57717577448123e-107,"ACKR1_high_endothelial","RPS12"
9.0863410412113e-11,0.272462556150452,0.574,0.514,2.22660787214883e-06,"ACKR1_high_endothelial","PSMC5"
2.89401804322379e-05,0.272268213477745,0.311,0.271,0.70917912149199,"ACKR1_high_endothelial","CCM2L"
3.08981803524224e-05,0.272030908129906,0.292,0.251,0.757159909536111,"ACKR1_high_endothelial","FLOT2"
0.000669908133009229,0.271599359052047,0.311,0.28,1,"ACKR1_high_endothelial","LYRM1"
8.52957904864322e-09,0.271281739983613,0.512,0.457,0.000209017334587002,"ACKR1_high_endothelial","PSMB5"
1.44796846463209e-14,0.270931413118566,0.713,0.668,3.54824672258095e-10,"ACKR1_high_endothelial","ATP5O"
5.54570878340965e-49,0.270459063312126,0.979,0.959,1.35897593737453e-44,"ACKR1_high_endothelial","H3F3A"
0.000541059145095569,0.26992872519288,0.298,0.268,1,"ACKR1_high_endothelial","RAPGEF2"
4.54495356852617e-06,0.269699178811327,0.365,0.319,0.111374087196734,"ACKR1_high_endothelial","NOP56"
0.000554152356618129,0.269220237055775,0.304,0.272,1,"ACKR1_high_endothelial","NUDT16"
4.73888316978748e-14,0.268909554753032,0.675,0.616,1.16126332075642e-09,"ACKR1_high_endothelial","CAPZB"
3.35833542851685e-17,0.268884789397309,0.64,0.549,8.22960096758055e-13,"ACKR1_high_endothelial","FLNA"
3.53021625291267e-11,0.268093788414101,0.612,0.552,8.65079492776251e-07,"ACKR1_high_endothelial","C19orf70"
2.14326331083521e-17,0.267012252720481,0.797,0.756,5.25206674320169e-13,"ACKR1_high_endothelial","ELK3"
2.21233006465963e-05,0.266940090379597,0.338,0.296,0.542131482344842,"ACKR1_high_endothelial","STIM2"
3.93983971169684e-09,0.266711621886893,0.494,0.431,9.6545772135131e-05,"ACKR1_high_endothelial","PLP2"
3.6982093767315e-06,0.266589880132988,0.446,0.409,0.0906246207768054,"ACKR1_high_endothelial","EIF6"
6.71739835802694e-06,0.266452361811219,0.349,0.305,0.16460984676345,"ACKR1_high_endothelial","PSMA3-AS1"
7.75406078226886e-12,0.265970582162918,0.622,0.562,1.90013259469498e-07,"ACKR1_high_endothelial","RAB5C"
8.49858198462696e-05,0.264597392637413,0.314,0.276,1,"ACKR1_high_endothelial","MPLKIP"
1.76627828545878e-08,0.264146347995083,0.517,0.463,0.000432826493851673,"ACKR1_high_endothelial","POLR2E"
4.50007931905489e-20,0.263980986492083,0.784,0.728,1.1027444371344e-15,"ACKR1_high_endothelial","ATP5D"
0.000244869896664101,0.263671157139826,0.256,0.219,1,"ACKR1_high_endothelial","STK24"
1.34278988188307e-06,0.26345509873213,0.419,0.371,0.0329050660555446,"ACKR1_high_endothelial","MED13L"
1.97881117806388e-13,0.263405517695,0.665,0.602,4.84907679184554e-09,"ACKR1_high_endothelial","NOP10"
1.27489199435101e-05,0.263274139328413,0.333,0.288,0.312412283215715,"ACKR1_high_endothelial","KLC1"
7.45740755802092e-08,0.263058526714455,0.497,0.446,0.00182743772209303,"ACKR1_high_endothelial","TMEM147"
0.00287613498297695,0.262868553492003,0.285,0.259,1,"ACKR1_high_endothelial","SNRPA"
1.66286047573864e-16,0.262715747504278,0.772,0.724,4.07483959579754e-12,"ACKR1_high_endothelial","RPS27L"
7.77043354183142e-05,0.262708420636896,0.365,0.33,1,"ACKR1_high_endothelial","EIF4G1"
0.000156342072819559,0.261994721242718,0.25,0.215,1,"ACKR1_high_endothelial","MDH1"
7.63446438942516e-06,0.261969541036547,0.304,0.257,0.187082549862864,"ACKR1_high_endothelial","NOL8"
2.0136931439224e-08,0.261890253953778,0.435,0.38,0.000493455504918184,"ACKR1_high_endothelial","CLIP1"
0.000388967795180005,0.26165722103678,0.253,0.218,1,"ACKR1_high_endothelial","TULP4"
1.07063338874036e-07,0.26134528960786,0.509,0.458,0.00262358711910825,"ACKR1_high_endothelial","PHB"
3.49982763940984e-91,0.260585898864981,0.999,0.994,8.57632763037382e-87,"ACKR1_high_endothelial","RPS7"
2.65710877132393e-08,0.260489332196454,0.497,0.442,0.000651124504412929,"ACKR1_high_endothelial","HIGD2A"
1.32189921004482e-05,0.260179007674264,0.362,0.317,0.323931401421482,"ACKR1_high_endothelial","SAV1"
3.76907430949227e-06,0.259170576094089,0.489,0.456,0.092361165954108,"ACKR1_high_endothelial","UQCRC2"
0.00131055459275242,0.258765041635944,0.281,0.25,1,"ACKR1_high_endothelial","ASL"
5.40320588162386e-05,0.258204738053555,0.272,0.233,1,"ACKR1_high_endothelial","TAOK2"
1.08143725033098e-34,0.258110037383594,0.916,0.865,2.65006198193606e-30,"ACKR1_high_endothelial","GNAI2"
4.81244319332951e-07,0.257502654442729,0.524,0.479,0.011792892045254,"ACKR1_high_endothelial","ALKBH7"
0.000160572844224244,0.257361243082741,0.343,0.309,1,"ACKR1_high_endothelial","OLA1"
7.43633658418913e-06,0.257281401004066,0.501,0.463,0.182227427995555,"ACKR1_high_endothelial","MAP2K2"
1.55884959420273e-10,0.256531054219382,0.596,0.536,3.8199609305938e-06,"ACKR1_high_endothelial","EIF4H"
0.00155931018939014,0.25575815192542,0.293,0.263,1,"ACKR1_high_endothelial","VMA21"
3.29784977844934e-07,0.255493956243622,0.489,0.443,0.00808138088209011,"ACKR1_high_endothelial","CFI"
0.00288125267159692,0.255387935685729,0.35,0.325,1,"ACKR1_high_endothelial","PALM"
1.18752579982611e-09,0.255347763065235,0.6,0.556,2.91003197247388e-05,"ACKR1_high_endothelial","CCT6A"
3.37123524068922e-125,0.255182882751768,1,1,8.26121195730894e-121,"ACKR1_high_endothelial","EEF1A1"
7.55401962690394e-97,0.255176360144488,0.999,0.998,1.85111250957281e-92,"ACKR1_high_endothelial","PTMA"
3.92826652771703e-06,0.254792650717901,0.422,0.377,0.0962621712617058,"ACKR1_high_endothelial","AIDA"
0.000774195621480057,0.253959408171206,0.28,0.249,1,"ACKR1_high_endothelial","ELAVL1"
4.45084870432717e-05,0.253105042780512,0.329,0.289,1,"ACKR1_high_endothelial","FBXW5"
2.40295764307048e-12,0.252979961248241,0.624,0.562,5.88844770434421e-08,"ACKR1_high_endothelial","DDX46"
2.20985540480929e-05,0.252456985813507,0.426,0.388,0.541525066948517,"ACKR1_high_endothelial","AKR1A1"
5.10580753279205e-06,0.252321611023516,0.499,0.461,0.125117813591069,"ACKR1_high_endothelial","SRP72"
0.00600849754949534,0.251720031266552,0.259,0.234,1,"ACKR1_high_endothelial","NMI"
0.000107742866917948,0.25122419701368,0.308,0.271,1,"ACKR1_high_endothelial","QARS"
0.000277836073483455,0.251131046314899,0.283,0.247,1,"ACKR1_high_endothelial","CNRIP1"
0.000261071219715097,0.251113972916774,0.271,0.234,1,"ACKR1_high_endothelial","GABPA"
5.5466453140007e-17,0.250794437862746,0.833,0.756,1.35920543419587e-12,"ACKR1_high_endothelial","LY6E"
0,9.21726404035577,0.674,0.003,0,"Arterial_endothelial","SEMA3G"
0,8.36455531238793,0.556,0.003,0,"Arterial_endothelial","TMEM178A"
0,8.34993548352646,0.403,0.002,0,"Arterial_endothelial","GJA5"
0,8.09419655174029,0.599,0.007,0,"Arterial_endothelial","SERPINE2"
0,8.06321298111982,0.363,0.002,0,"Arterial_endothelial","LINC00982"
0,7.33026127536793,0.303,0.002,0,"Arterial_endothelial","AC004540.4"
0,6.92663988332918,0.84,0.035,0,"Arterial_endothelial","IGF2"
0,6.7992171621523,0.373,0.004,0,"Arterial_endothelial","ADRA2C"
0,6.73905969593355,0.324,0.003,0,"Arterial_endothelial","PRDM16"
0,6.47575510385369,0.38,0.007,0,"Arterial_endothelial","SYT1"
0,6.47351802705623,0.546,0.011,0,"Arterial_endothelial","HEY1"
0,6.27072790712522,0.375,0.006,0,"Arterial_endothelial","CLIC5"
0,5.98045516931242,0.467,0.015,0,"Arterial_endothelial","NEBL"
0,5.90230508574158,0.849,0.061,0,"Arterial_endothelial","CXCL12"
0,5.89564608867493,0.251,0.004,0,"Arterial_endothelial","EPHA3"
0,5.78365890305549,0.483,0.016,0,"Arterial_endothelial","PCSK5"
0,5.1439543963382,0.364,0.028,0,"Arterial_endothelial","PI16"
0,4.98219031746222,0.655,0.05,0,"Arterial_endothelial","MMP2"
0,4.95928174032748,0.708,0.051,0,"Arterial_endothelial","TSPAN2"
0,4.94189979982179,0.26,0.008,0,"Arterial_endothelial","SCD5"
0,4.68565463384435,0.257,0.013,0,"Arterial_endothelial","PTGER4"
0,4.66203403810341,0.404,0.023,0,"Arterial_endothelial","FBLIM1"
0,4.66029528805342,0.619,0.041,0,"Arterial_endothelial","FILIP1"
0,4.61820091956823,0.375,0.013,0,"Arterial_endothelial","GLIPR2"
0,4.54102212984156,0.357,0.025,0,"Arterial_endothelial","C19orf33"
0,4.51646444921177,0.401,0.026,0,"Arterial_endothelial","COL21A1"
0,4.48656411277209,0.354,0.016,0,"Arterial_endothelial","FBLN5"
0,4.29643686139162,0.636,0.067,0,"Arterial_endothelial","ARL15"
0,4.24815319093436,0.529,0.037,0,"Arterial_endothelial","LTBP1"
0,4.18071389513293,0.44,0.042,0,"Arterial_endothelial","ADAMTS6"
0,4.09794797466543,0.465,0.084,0,"Arterial_endothelial","ENPP2"
0,4.00536932447657,0.584,0.063,0,"Arterial_endothelial","ATP2A3"
0,3.9269519348304,0.554,0.065,0,"Arterial_endothelial","ACE"
0,3.7566684154422,0.448,0.043,0,"Arterial_endothelial","SYT11"
0,3.58373008798833,0.3,0.027,0,"Arterial_endothelial","TP53I11"
0,3.57204438773004,0.5,0.058,0,"Arterial_endothelial","PDGFD"
0,3.54888955098678,0.74,0.187,0,"Arterial_endothelial","EMP3"
0,3.42601520505577,0.285,0.022,0,"Arterial_endothelial","ITGB5"
0,3.35706164860264,0.825,0.211,0,"Arterial_endothelial","FBLN2"
0,3.33442502895527,0.624,0.093,0,"Arterial_endothelial","JAG2"
0,3.18688952291829,0.633,0.145,0,"Arterial_endothelial","MECOM"
1.23798180124089e-311,3.15151722435013,0.298,0.044,3.03367440394081e-307,"Arterial_endothelial","C4orf48"
3.43682213438603e-293,3.11923482795548,0.466,0.127,8.42193264031297e-289,"Arterial_endothelial","BGN"
0,3.10789015144669,0.747,0.295,0,"Arterial_endothelial","SULF1"
0,3.07473599341466,0.534,0.082,0,"Arterial_endothelial","PPP1R14A"
0,2.97650196641091,0.373,0.061,0,"Arterial_endothelial","FUT8"
0,2.91762496539015,0.61,0.127,0,"Arterial_endothelial","LPCAT2"
0,2.89714716400614,0.464,0.081,0,"Arterial_endothelial","PALLD"
0,2.88272500627527,0.422,0.073,0,"Arterial_endothelial","PDGFB"
0,2.85318637573719,0.306,0.041,0,"Arterial_endothelial","VASH1"
0,2.84298190047742,0.551,0.095,0,"Arterial_endothelial","VEGFC"
0,2.81607525694087,0.926,0.452,0,"Arterial_endothelial","CLDN5"
4.2090801939216e-289,2.79238751441952,0.419,0.099,1.03143510152049e-284,"Arterial_endothelial","ABI3BP"
0,2.77491986335137,0.521,0.119,0,"Arterial_endothelial","MAP1B"
0,2.76816357940979,0.553,0.131,0,"Arterial_endothelial","PLLP"
0,2.75831113258171,0.483,0.096,0,"Arterial_endothelial","TM6SF1"
6.71306897131043e-290,2.75500201967279,0.546,0.173,1.64503755141962e-285,"Arterial_endothelial","CRIP1"
0,2.7430270237365,0.466,0.105,0,"Arterial_endothelial","CITED4"
0,2.71468570542728,0.735,0.308,0,"Arterial_endothelial","C10orf10"
9.12751552249778e-302,2.65794018162879,0.393,0.08,2.23669767878808e-297,"Arterial_endothelial","FGL2"
7.01569489899383e-271,2.65569078275311,0.418,0.103,1.71919603499844e-266,"Arterial_endothelial","COL8A1"
1.0626357161887e-268,2.65131666035527,0.708,0.336,2.60398882252042e-264,"Arterial_endothelial","CTGF"
0,2.64689960771366,0.66,0.197,0,"Arterial_endothelial","STMN1"
0,2.6245468664641,0.757,0.336,0,"Arterial_endothelial","LTBP4"
6.41495435026421e-181,2.6054206733532,0.447,0.158,1.57198456353224e-176,"Arterial_endothelial","EDN1"
0,2.60504679392217,0.495,0.094,0,"Arterial_endothelial","MET"
2.62802677767356e-219,2.57156280876057,0.259,0.046,6.43997961868906e-215,"Arterial_endothelial","PREX1"
0,2.55974538898913,0.467,0.109,0,"Arterial_endothelial","FAM89A"
4.80957687913481e-297,2.540424312913,0.616,0.221,1.17858681423198e-292,"Arterial_endothelial","ELN"
0,2.53273494241351,0.896,0.613,0,"Arterial_endothelial","FN1"
0,2.52002708231847,0.51,0.105,0,"Arterial_endothelial","FGF2"
3.28281293638618e-220,2.50268305444352,0.691,0.365,8.04453310061433e-216,"Arterial_endothelial","IGFBP3"
4.76009604564298e-209,2.49753551305863,0.279,0.056,1.16646153598481e-204,"Arterial_endothelial","IRF6"
4.6807128958715e-253,2.49691504546922,0.798,0.512,1.14700869513331e-248,"Arterial_endothelial","GLUL"
6.66329484456657e-179,2.38594916658786,0.285,0.068,1.63284040166104e-174,"Arterial_endothelial","LAPTM5"
0,2.35621934924667,0.66,0.194,0,"Arterial_endothelial","ASS1"
0,2.35369801094871,0.63,0.199,0,"Arterial_endothelial","MAST4"
0,2.32154119318855,0.924,0.546,0,"Arterial_endothelial","RHOB"
0,2.31567189900863,0.778,0.333,0,"Arterial_endothelial","DST"
2.19499753111049e-204,2.30644722125109,0.352,0.09,5.37884144998625e-200,"Arterial_endothelial","KPNA2"
0,2.25073836675739,0.554,0.15,0,"Arterial_endothelial","ANXA3"
2.97783911335037e-147,2.24082349010101,0.252,0.062,7.29719474726508e-143,"Arterial_endothelial","SYNJ2"
1.45797258278739e-268,2.21954306687016,0.481,0.134,3.5727618141205e-264,"Arterial_endothelial","SPECC1"
4.94065645841247e-323,2.21443143512383,0.552,0.151,1.21070786513397e-318,"Arterial_endothelial","SORBS2"
1.94942295766988e-198,2.16676097667488,0.384,0.108,4.77706095777004e-194,"Arterial_endothelial","C8orf4"
9.71673895850331e-316,2.16223001048881,0.73,0.319,2.38108688178124e-311,"Arterial_endothelial","ITPR2"
4.53467298379934e-272,2.10074135346738,0.565,0.185,1.11122161468003e-267,"Arterial_endothelial","AIF1L"
0,2.10043146905091,0.755,0.31,0,"Arterial_endothelial","CDH13"
3.66826280979726e-240,2.10004346573889,0.78,0.499,8.98907801540817e-236,"Arterial_endothelial","PLPP1"
4.1813314437443e-210,2.08173445841116,0.437,0.132,1.02463527028954e-205,"Arterial_endothelial","MCTP1"
1.325005243139e-160,2.07543920645663,0.341,0.1,3.24692534831212e-156,"Arterial_endothelial","ATP13A3"
3.47454596254416e-193,2.06555950318739,0.35,0.092,8.51437488121447e-189,"Arterial_endothelial","TNKS1BP1"
0,2.06214138270648,0.97,0.893,0,"Arterial_endothelial","TIMP3"
0,2.05055288565444,0.856,0.457,0,"Arterial_endothelial","PPA1"
0,2.0471063120691,0.71,0.248,0,"Arterial_endothelial","NES"
0,2.04040949846104,0.806,0.383,0,"Arterial_endothelial","IFI6"
2.68463754957464e-164,2.03775621734278,0.279,0.067,6.57870431523266e-160,"Arterial_endothelial","B3GALNT1"
3.71031093198602e-147,2.03272977783769,0.263,0.066,9.09211693883174e-143,"Arterial_endothelial","MYO5A"
4.06142309210175e-225,2.03213731688216,0.388,0.098,9.95251728719533e-221,"Arterial_endothelial","NAV1"
1.15025814039089e-295,2.02882391440649,0.738,0.345,2.81870757302789e-291,"Arterial_endothelial","LTC4S"
1.35639928974785e-228,2.01474446134251,0.522,0.174,3.3238564595271e-224,"Arterial_endothelial","ANKRD29"
3.01321144188458e-97,2.00638344319891,0.359,0.149,7.38387463833817e-93,"Arterial_endothelial","S100A4"
3.0278096009558e-157,1.99735546407854,0.275,0.068,7.41964742714219e-153,"Arterial_endothelial","SEMA3F"
1.4670900995668e-151,1.99208181139478,0.295,0.08,3.59510428898843e-147,"Arterial_endothelial","FRMD4A"
2.87990504818802e-285,1.9920427109584,0.662,0.251,7.05720732058474e-281,"Arterial_endothelial","LRRC32"
9.71784240842824e-198,1.99091357430602,0.374,0.101,2.38135728218534e-193,"Arterial_endothelial","SOX13"
3.13522751853254e-180,1.98548864755403,0.296,0.069,7.68287503416399e-176,"Arterial_endothelial","MSX1"
0,1.97836643124056,0.994,0.961,0,"Arterial_endothelial","SRP14"
1.34671920663328e-168,1.97597516558411,0.324,0.087,3.30013541585485e-164,"Arterial_endothelial","ITGA3"
0,1.97153450051121,0.694,0.199,0,"Arterial_endothelial","SOX17"
1.44435909910658e-222,1.96868946894752,0.475,0.148,3.53940197236068e-218,"Arterial_endothelial","DHRS3"
1.00526206880324e-120,1.95960426188242,0.263,0.076,2.46339469960235e-116,"Arterial_endothelial","EXT1"
0,1.9487472801026,0.922,0.613,0,"Arterial_endothelial","ICAM2"
0,1.94571353061061,0.824,0.435,0,"Arterial_endothelial","PTPRB"
2.61699890908209e-237,1.93485585178843,0.482,0.143,6.41295582670567e-233,"Arterial_endothelial","HSPA12B"
1.77560050882822e-232,1.93043787353149,0.582,0.219,4.35110904688355e-228,"Arterial_endothelial","GFOD1"
0,1.9270072340924,0.794,0.386,0,"Arterial_endothelial","LAP3"
8.43072334079244e-191,1.9266433209169,0.47,0.164,2.06594875466119e-186,"Arterial_endothelial","CLDN10"
4.3281946624223e-159,1.91931026755194,0.317,0.088,1.06062410202658e-154,"Arterial_endothelial","MAP4K3"
4.63055851202112e-121,1.91696530540354,0.398,0.162,1.13471836337078e-116,"Arterial_endothelial","ABL2"
2.95313185384434e-110,1.90941721711933,0.468,0.23,7.23664960784557e-106,"Arterial_endothelial","SLC12A2"
9.87008371659297e-294,1.88845208573579,0.753,0.356,2.41866401475111e-289,"Arterial_endothelial","PLS3"
2.08577363767937e-208,1.88204292068048,0.513,0.182,5.1111882991333e-204,"Arterial_endothelial","COBLL1"
9.20468978300999e-264,1.85656775111643,0.686,0.299,2.2556092313266e-259,"Arterial_endothelial","CTTNBP2NL"
3.89359830429139e-227,1.85144354669651,0.53,0.18,9.54126264466605e-223,"Arterial_endothelial","KIAA1671"
3.15892431289531e-204,1.84962221801727,0.505,0.176,7.74094402874997e-200,"Arterial_endothelial","PLCB1"
9.16881180942303e-211,1.84866472450011,0.686,0.336,2.24681733389911e-206,"Arterial_endothelial","GADD45A"
2.74792535389966e-187,1.84636896211516,0.435,0.14,6.73379107973111e-183,"Arterial_endothelial","PCDH1"
1.67317975194806e-189,1.84222558811004,0.398,0.116,4.10012698214873e-185,"Arterial_endothelial","ENPP4"
1.0123655257318e-207,1.83894863114279,0.408,0.113,2.48080172080578e-203,"Arterial_endothelial","APBB2"
3.33196075753404e-115,1.82553799132652,0.269,0.082,8.16496983633716e-111,"Arterial_endothelial","NOV"
3.12609110985266e-174,1.81208532104938,0.472,0.173,7.66048626469396e-170,"Arterial_endothelial","AGPAT1"
4.83330283967113e-238,1.81190650497836,0.616,0.245,1.18440086086141e-233,"Arterial_endothelial","NPTN"
4.92135215095909e-126,1.79218416882641,0.478,0.215,1.20597734459252e-121,"Arterial_endothelial","CX3CL1"
1.25598110844878e-250,1.77966821820065,0.752,0.357,3.07778170625374e-246,"Arterial_endothelial","IL32"
1.28954595897999e-263,1.77524975623782,0.738,0.356,3.16003237248046e-259,"Arterial_endothelial","CDC42BPA"
2.68524635904999e-210,1.77110139010553,0.653,0.307,6.580196202852e-206,"Arterial_endothelial","ITSN2"
1.28296785224846e-110,1.76994228762422,0.256,0.077,3.14391272193484e-106,"Arterial_endothelial","RASGRF2"
7.12513639223018e-175,1.76665767965965,0.464,0.165,1.74601467291601e-170,"Arterial_endothelial","SLC48A1"
0,1.7385274790293,0.944,0.835,0,"Arterial_endothelial","SLC9A3R2"
1.94965378776152e-162,1.73819951881948,0.449,0.164,4.77762660690961e-158,"Arterial_endothelial","PKN3"
2.2053947040683e-191,1.72747227137586,0.49,0.17,5.40431972231937e-187,"Arterial_endothelial","AGRN"
1.14534184670767e-96,1.72045531614849,0.254,0.083,2.80666019535715e-92,"Arterial_endothelial","RSAD2"
1.23396335731989e-213,1.72016457964592,0.769,0.472,3.02382720711238e-209,"Arterial_endothelial","JAG1"
1.25583914434087e-139,1.71625673255993,0.385,0.135,3.0774338232073e-135,"Arterial_endothelial","STK38L"
5.72469475490954e-191,1.71147096076529,0.586,0.25,1.40283644969058e-186,"Arterial_endothelial","FAM69B"
1.57262996740604e-179,1.71046265045777,0.516,0.2,3.85372973512851e-175,"Arterial_endothelial","LRRC8A"
7.83641851462864e-131,1.70843504008858,0.324,0.103,1.92031435700975e-126,"Arterial_endothelial","CYB561"
4.3673668467788e-182,1.69086605216248,0.57,0.243,1.07022324580315e-177,"Arterial_endothelial","PLCB4"
5.85764190303888e-120,1.67840896380212,0.321,0.107,1.43541514833968e-115,"Arterial_endothelial","HIP1R"
4.74076062783978e-130,1.67409092860627,0.369,0.129,1.16172339185214e-125,"Arterial_endothelial","RPS6KA5"
5.6941747271002e-98,1.67321551424801,0.28,0.097,1.3953575168759e-93,"Arterial_endothelial","NQO1"
0,1.67033748259503,0.904,0.627,0,"Arterial_endothelial","GAS6"
1.35408035112406e-168,1.66935017482383,0.435,0.146,3.31817390042951e-164,"Arterial_endothelial","EPHA4"
0,1.66027132018037,0.991,0.847,0,"Arterial_endothelial","IFI27"
4.57097859965995e-135,1.64549368999653,0.415,0.158,1.12011830584667e-130,"Arterial_endothelial","TBC1D1"
6.34458589734895e-156,1.63213765626148,0.415,0.142,1.55474077414536e-151,"Arterial_endothelial","MSI2"
2.53582260435231e-134,1.63151747310678,0.37,0.129,6.21403329196533e-130,"Arterial_endothelial","LGALS9"
6.85385128169769e-137,1.63098259373486,0.438,0.172,1.67953625658002e-132,"Arterial_endothelial","PIK3C2B"
7.04082330606803e-114,1.62551803392694,0.284,0.089,1.72535375115197e-109,"Arterial_endothelial","HOMER3"
1.0772236665291e-146,1.61912760821666,0.419,0.15,2.63973659482957e-142,"Arterial_endothelial","MAP7D1"
1.89734086340459e-174,1.61624454204238,0.622,0.302,4.64943378577295e-170,"Arterial_endothelial","OCIAD2"
6.81880016631624e-155,1.60820530209216,0.524,0.224,1.6709469807558e-150,"Arterial_endothelial","IFITM1"
0,1.60436965389266,0.973,0.811,0,"Arterial_endothelial","PECAM1"
2.98556734147455e-90,1.59201327054472,0.406,0.193,7.31613277028338e-86,"Arterial_endothelial","PGM2L1"
2.13304831320896e-93,1.55693163554306,0.316,0.123,5.22703489151854e-89,"Arterial_endothelial","GCHFR"
2.65462725434395e-135,1.55605503881427,0.543,0.256,6.50516408676984e-131,"Arterial_endothelial","CRYBG3"
5.3852360479148e-291,1.55391431311526,0.856,0.543,1.31965209354152e-286,"Arterial_endothelial","CAPZA2"
3.321602505325e-190,1.55247330786165,0.666,0.334,8.13958693929891e-186,"Arterial_endothelial","PTPRM"
4.71784232680244e-83,1.55005338146984,0.373,0.173,1.15610726218294e-78,"Arterial_endothelial","MRPS6"
3.1383371481185e-140,1.54498943850438,0.568,0.272,7.69049518146439e-136,"Arterial_endothelial","GJA4"
9.07652705954534e-265,1.54450522397794,0.817,0.47,2.22420295594159e-260,"Arterial_endothelial","CDH5"
8.70687428697361e-97,1.52967431921715,0.297,0.107,2.13361954402288e-92,"Arterial_endothelial","RNF144B"
4.10337349761747e-161,1.52605691724927,0.551,0.237,1.00553167559116e-156,"Arterial_endothelial","ORAI1"
4.5808075090966e-100,1.52259591304946,0.304,0.108,1.12252688010412e-95,"Arterial_endothelial","KLHL5"
7.11509387861441e-118,1.52173087894457,0.403,0.16,1.74355375495446e-113,"Arterial_endothelial","GPRC5B"
9.31297053774548e-119,1.5096602430699,0.348,0.123,2.28214343027453e-114,"Arterial_endothelial","RP11-147L13.11"
8.5352749177459e-282,1.5005769515243,0.892,0.601,2.09156911859363e-277,"Arterial_endothelial","BST2"
1.20478512794704e-137,1.49901895750909,0.402,0.143,2.95232595603421e-133,"Arterial_endothelial","SH3BP4"
2.97872754561278e-103,1.48308981498162,0.328,0.12,7.29937185052412e-99,"Arterial_endothelial","KIF13B"
2.80736128117575e-122,1.48081120289113,0.399,0.153,6.87943881952119e-118,"Arterial_endothelial","ARHGEF2"
8.65627351431431e-85,1.47851724459083,0.324,0.133,2.12121982468272e-80,"Arterial_endothelial","FEM1C"
1.69195630121802e-184,1.47421870706526,0.682,0.346,4.14613891613476e-180,"Arterial_endothelial","ISG15"
2.06947836334563e-76,1.46591459083142,0.25,0.091,5.07125672937846e-72,"Arterial_endothelial","PFN2"
0,1.46432210569653,0.987,0.896,0,"Arterial_endothelial","RAMP2"
1.37824875448073e-140,1.46248855151046,0.527,0.235,3.37739857285502e-136,"Arterial_endothelial","ANO6"
1.66494139508473e-99,1.46060481354648,0.313,0.114,4.07993888865514e-95,"Arterial_endothelial","C14orf1"
2.27620305550729e-101,1.46016646515128,0.326,0.12,5.57783558752061e-97,"Arterial_endothelial","PRKX"
3.63369496917202e-189,1.45890183253621,0.72,0.404,8.90436952195603e-185,"Arterial_endothelial","MAP4"
9.15287865378588e-125,1.45544322319166,0.451,0.188,2.24291291411023e-120,"Arterial_endothelial","HIP1"
4.1303998427362e-84,1.4500701736536,0.424,0.211,1.01215448146251e-79,"Arterial_endothelial","TMEM120A"
5.18935804386757e-114,1.44726628374477,0.43,0.182,1.27165218864975e-109,"Arterial_endothelial","MMP28"
9.01017493819012e-89,1.44585910308785,0.306,0.117,2.20794336860349e-84,"Arterial_endothelial","ATP8A1"
8.7467854040615e-111,1.4385364236516,0.477,0.222,2.14339976326527e-106,"Arterial_endothelial","SOS1"
1.4156295291308e-275,1.42435525701115,0.929,0.772,3.46900016113502e-271,"Arterial_endothelial","SRGN"
1.63418524021112e-225,1.41522976690553,0.892,0.705,4.00457093113736e-221,"Arterial_endothelial","HSPG2"
4.35115831622431e-83,1.41321664961673,0.274,0.1,1.06625134539077e-78,"Arterial_endothelial","CAMK1D"
1.99005388806212e-73,1.41036305725588,0.26,0.1,4.87662705269622e-69,"Arterial_endothelial","DENND3"
3.53751002422333e-321,1.41029122634207,0.96,0.737,8.66866831435926e-317,"Arterial_endothelial","A2M"
3.08127509740851e-73,1.41004708123356,0.263,0.101,7.55066462619956e-69,"Arterial_endothelial","SNX18"
2.1004233399844e-75,1.40890749217853,0.293,0.12,5.14708739463178e-71,"Arterial_endothelial","SETBP1"
3.55592427669059e-99,1.40261753266345,0.333,0.125,8.71379244003029e-95,"Arterial_endothelial","SORT1"
3.24397617425684e-88,1.39873922364966,0.306,0.118,7.9493636150164e-84,"Arterial_endothelial","EXOC6B"
1.16699121602042e-72,1.39523163998189,0.272,0.108,2.85971197485803e-68,"Arterial_endothelial","ADARB1"
1.66865966081387e-120,1.38839328138921,0.415,0.164,4.08905049882439e-116,"Arterial_endothelial","IFNAR2"
3.80551361049698e-93,1.38489167118332,0.357,0.147,9.32541110252286e-89,"Arterial_endothelial","HMOX2"
3.1431674364391e-72,1.37709473105351,0.281,0.114,7.70233180299402e-68,"Arterial_endothelial","CCDC88C"
6.24119950443292e-178,1.37530520517429,0.69,0.342,1.52940593856129e-173,"Arterial_endothelial","IFI44L"
8.95296424341509e-77,1.36808156752186,0.895,0.814,2.19392388784887e-72,"Arterial_endothelial","MGP"
4.59469110572901e-91,1.3669330818621,0.351,0.145,1.12592905545889e-86,"Arterial_endothelial","AFAP1L2"
7.94776343664933e-156,1.3582006902256,0.699,0.409,1.94759943015092e-151,"Arterial_endothelial","PRKCDBP"
3.7701848114368e-124,1.35402740718427,0.566,0.285,9.23883788042589e-120,"Arterial_endothelial","CPNE2"
1.52554233993518e-201,1.35306077785145,0.779,0.468,3.73834150401116e-197,"Arterial_endothelial","RRAS"
1.28615143309648e-112,1.35149481561604,0.548,0.277,3.15171408680291e-108,"Arterial_endothelial","NOTCH4"
5.93268209699639e-107,1.34886121267284,0.51,0.249,1.45380374786896e-102,"Arterial_endothelial","PDLIM4"
1.86831627340018e-263,1.3479813713702,0.89,0.579,4.57830902796713e-259,"Arterial_endothelial","ADAM15"
1.32100656542716e-107,1.34540183451087,0.491,0.233,3.23712658857926e-103,"Arterial_endothelial","AK1"
3.64182513351677e-81,1.3445322847658,0.342,0.147,8.92429248968284e-77,"Arterial_endothelial","MAML1"
1.25174936633405e-99,1.34428538430053,0.597,0.348,3.0674118222016e-95,"Arterial_endothelial","DDIT4"
3.91864355906217e-81,1.34149873932105,0.446,0.225,9.60263604148186e-77,"Arterial_endothelial","RGS3"
8.09050880332796e-145,1.34118699571638,0.638,0.337,1.98257918225552e-140,"Arterial_endothelial","CFAP36"
0,1.34062581035615,0.984,0.941,0,"Arterial_endothelial","CD81"
2.28210222221326e-135,1.3402160425083,0.596,0.298,5.59229149553359e-131,"Arterial_endothelial","ANKRD28"
5.11998580069954e-68,1.33848094548743,0.301,0.131,1.25465252046142e-63,"Arterial_endothelial","CDIP1"
1.32927693816189e-107,1.33184282255232,0.472,0.218,3.25739313696571e-103,"Arterial_endothelial","NHSL2"
8.60917898078174e-97,1.33158015703234,0.488,0.245,2.10967930924056e-92,"Arterial_endothelial","ERC1"
4.5374350698512e-87,1.33155384957525,0.328,0.132,1.11189846386704e-82,"Arterial_endothelial","PIK3IP1"
6.57549511267135e-131,1.33149920114675,0.741,0.474,1.61132507736012e-126,"Arterial_endothelial","MGLL"
3.18596961287813e-113,1.32249452076781,0.475,0.213,7.80721853635786e-109,"Arterial_endothelial","C8orf33"
1.14541936649278e-149,1.32229286350466,0.723,0.461,2.80685015759055e-145,"Arterial_endothelial","AKAP13"
8.30862164265474e-124,1.32210095987081,0.478,0.205,2.03602773353254e-119,"Arterial_endothelial","NFIX"
7.07103225821283e-109,1.32102777083003,0.391,0.155,1.73275645487505e-104,"Arterial_endothelial","CPXM2"
3.84442189602189e-80,1.31911603051645,0.428,0.214,9.42075585620163e-76,"Arterial_endothelial","PTGIS"
1.15057319489327e-207,1.30983557872199,0.793,0.467,2.81947961408595e-203,"Arterial_endothelial","SSFA2"
1.28335211270473e-98,1.30407181975697,0.461,0.223,3.14485435218295e-94,"Arterial_endothelial","SHROOM4"
1.05143987602553e-81,1.30215721593587,0.522,0.294,2.57655341620056e-77,"Arterial_endothelial","IFIT3"
1.77851799969307e-100,1.28733639488512,0.538,0.289,4.35825835824787e-96,"Arterial_endothelial","AKR1B1"
1.01201946778972e-296,1.26878502764767,0.967,0.914,2.4799537058187e-292,"Arterial_endothelial","HSPB1"
1.49808352850718e-74,1.26848825766119,0.328,0.143,3.67105368660685e-70,"Arterial_endothelial","FMNL3"
2.2895583596205e-86,1.26388778900941,0.36,0.152,5.61056276025002e-82,"Arterial_endothelial","GIPC2"
9.09621569041261e-54,1.26331788818115,0.328,0.167,2.22902765493561e-49,"Arterial_endothelial","LDLR"
0,1.26224055292067,0.97,0.862,0,"Arterial_endothelial","CRIP2"
4.35758916532252e-107,1.26171380680253,0.51,0.25,1.06782722496228e-102,"Arterial_endothelial","PMVK"
3.6870651083158e-124,1.2479957546114,0.609,0.332,9.03515304792786e-120,"Arterial_endothelial","SEC11C"
0,1.24723707091779,0.964,0.862,0,"Arterial_endothelial","GNAI2"
3.19646741659653e-130,1.24662585172814,0.665,0.391,7.83294340436981e-126,"Arterial_endothelial","PKIG"
1.50841375791471e-50,1.23845291290167,0.264,0.122,3.69636791377e-46,"Arterial_endothelial","DDX60L"
1.56367565566961e-89,1.232655083785,0.415,0.189,3.83178719421838e-85,"Arterial_endothelial","AZIN1"
1.60762047107846e-83,1.23045169177647,0.389,0.178,3.93947396437775e-79,"Arterial_endothelial","CD58"
1.99580644772077e-152,1.22825749536979,0.743,0.452,4.89072370013976e-148,"Arterial_endothelial","MLLT4"
3.5429466221564e-75,1.22687585762302,0.361,0.164,8.68199069759425e-71,"Arterial_endothelial","AHNAK2"
3.07023700480115e-84,1.22280309146589,0.419,0.196,7.52361578026522e-80,"Arterial_endothelial","TUBA4A"
6.61093280315964e-111,1.22267166593824,0.406,0.16,1.62000908341427e-106,"Arterial_endothelial","IL3RA"
2.60883285388165e-109,1.22209456821251,0.523,0.254,6.39294490843698e-105,"Arterial_endothelial","TAX1BP3"
4.63113972894179e-135,1.22000559464329,0.661,0.382,1.13486079057718e-130,"Arterial_endothelial","CALU"
7.5115245422712e-61,1.21417276528972,0.417,0.23,1.84069908908356e-56,"Arterial_endothelial","PDLIM7"
6.29740185260502e-163,1.19818913748985,0.803,0.552,1.54317832398086e-158,"Arterial_endothelial","CLIC4"
5.48316279186208e-91,1.19781006529311,0.465,0.226,1.3436490421458e-86,"Arterial_endothelial","FNDC3B"
4.73318673262359e-78,1.19600877808652,0.447,0.234,1.15986740882941e-73,"Arterial_endothelial","IFIT1"
1.35542395081181e-81,1.19344479329734,0.438,0.217,3.32146639146433e-77,"Arterial_endothelial","RAPGEF3"
6.09794555307351e-101,1.19223624375099,0.643,0.401,1.49430155778066e-96,"Arterial_endothelial","YWHAH"
2.6630281125795e-51,1.18702336434171,0.267,0.123,6.52575038987606e-47,"Arterial_endothelial","USHBP1"
3.50975131591535e-80,1.18409183610209,0.304,0.119,8.60064559965057e-76,"Arterial_endothelial","CTSS"
3.48468773366244e-58,1.18401454517402,0.293,0.134,8.53922729133981e-54,"Arterial_endothelial","ST8SIA6"
9.20330796549316e-53,1.18170111609545,0.662,0.532,2.2552706169441e-48,"Arterial_endothelial","ADAMTS1"
6.42162245075337e-279,1.17831746712524,0.943,0.817,1.57361858155711e-274,"Arterial_endothelial","EPAS1"
3.38541404726761e-82,1.17803606629001,0.478,0.254,8.29595712282928e-78,"Arterial_endothelial","TNFRSF1B"
7.15355176803303e-109,1.17560794698915,0.587,0.321,1.75297786075649e-104,"Arterial_endothelial","DAP"
5.38882882021509e-31,1.17201486506907,0.679,0.578,1.32053250239371e-26,"Arterial_endothelial","TAGLN"
1.52256199240395e-118,1.17062710355191,0.686,0.429,3.73103816238588e-114,"Arterial_endothelial","LEPR"
5.15754864850036e-193,1.16675960799357,0.835,0.544,1.26385729631501e-188,"Arterial_endothelial","ADGRL4"
5.42525669185681e-79,1.16247125989569,0.355,0.155,1.32945915233951e-74,"Arterial_endothelial","NOS3"
3.71189932698498e-248,1.16115402243811,0.967,0.882,9.09600930077669e-244,"Arterial_endothelial","SEPW1"
1.58870398281255e-134,1.15988556926285,0.692,0.391,3.89311910988216e-130,"Arterial_endothelial","XAF1"
6.94851052875497e-37,1.15887353475229,0.281,0.151,1.70273250507141e-32,"Arterial_endothelial","IFIT2"
6.95363219520475e-62,1.15527321747667,0.321,0.149,1.70398756943492e-57,"Arterial_endothelial","TMEM184B"
4.91339911686364e-68,1.15495664906918,0.428,0.226,1.20402845358743e-63,"Arterial_endothelial","LEPROTL1"
1.81089427012298e-77,1.1534000534567,0.5,0.279,4.43759640893637e-73,"Arterial_endothelial","THSD7A"
9.4160867577025e-130,1.15270394272436,0.718,0.461,2.307412059975e-125,"Arterial_endothelial","S1PR1"
1.39612744628488e-98,1.14976976995257,0.588,0.334,3.4212103071211e-94,"Arterial_endothelial","PGRMC2"
2.8259843452793e-52,1.1488756411957,0.253,0.112,6.92507463810692e-48,"Arterial_endothelial","SLFN11"
2.54171606695963e-103,1.1439807492363,0.654,0.414,6.22847522208456e-99,"Arterial_endothelial","KIAA1462"
2.20795753617445e-127,1.14314030940159,0.79,0.6,5.41059994239549e-123,"Arterial_endothelial","PDCD4"
9.64971061104917e-55,1.13942014981861,0.292,0.135,2.3646615852376e-50,"Arterial_endothelial","WDFY3"
2.67433189846928e-60,1.13764683862342,0.329,0.156,6.55345031719897e-56,"Arterial_endothelial","ITGAV"
1.68868606342859e-178,1.13651111038434,0.721,0.342,4.13812519843175e-174,"Arterial_endothelial","LMCD1"
2.08657364125431e-38,1.128482188742,0.275,0.144,5.11314870789368e-34,"Arterial_endothelial","FADS3"
1.18598996832709e-56,1.12685003723205,0.262,0.113,2.90626841738554e-52,"Arterial_endothelial","EEF2K"
2.41198463096528e-62,1.12319502803692,0.355,0.172,5.91056833818043e-58,"Arterial_endothelial","FDFT1"
1.79294380591554e-131,1.1230568178694,0.718,0.454,4.39360879639603e-127,"Arterial_endothelial","SWAP70"
3.70272412421913e-55,1.12236537626939,0.297,0.139,9.07352546639899e-51,"Arterial_endothelial","SMAD3"
1.88117621614706e-69,1.12167943696898,0.384,0.186,4.60982231766837e-65,"Arterial_endothelial","F11R"
9.72875881604385e-182,1.11456749535179,0.851,0.607,2.38403234787154e-177,"Arterial_endothelial","ACTN4"
8.58226940587654e-135,1.11417074034383,0.795,0.579,2.10308511791005e-130,"Arterial_endothelial","MRPL33"
2.22295062115912e-69,1.1029441345311,0.418,0.213,5.44734049715043e-65,"Arterial_endothelial","MTURN"
8.46211532847026e-140,1.1011677617065,0.854,0.678,2.07364136124164e-135,"Arterial_endothelial","LGALS1"
3.7730464031402e-58,1.10100717185924,0.49,0.293,9.24585021089505e-54,"Arterial_endothelial","ARPC5L"
1.60876351516051e-63,1.09740244821961,0.306,0.137,3.94227499390082e-59,"Arterial_endothelial","FURIN"
8.8477351590479e-70,1.0962028923612,0.35,0.159,2.16813750072469e-65,"Arterial_endothelial","CNDP2"
7.39956993280069e-62,1.08849301937178,0.316,0.145,1.81326461203281e-57,"Arterial_endothelial","NDUFA7"
3.95545496767562e-57,1.07892712239225,0.31,0.146,9.6928423982891e-53,"Arterial_endothelial","SAMD9"
3.98777967429684e-60,1.07706336832109,0.326,0.152,9.7720540918644e-56,"Arterial_endothelial","SMC6"
0,1.07019837892717,0.996,0.988,0,"Arterial_endothelial","S100A6"
5.19681522331056e-91,1.0691193374767,0.594,0.341,1.27347957047225e-86,"Arterial_endothelial","PLAC9"
9.43868819512067e-256,1.06746372385618,0.987,0.934,2.31295054221432e-251,"Arterial_endothelial","GSN"
1.7313841695699e-90,1.06302155815921,0.547,0.297,4.24275690753104e-86,"Arterial_endothelial","MX1"
6.18673817617409e-72,1.06130831132687,0.463,0.247,1.51606019007146e-67,"Arterial_endothelial","WLS"
1.41800772392184e-51,1.05862438616034,0.316,0.157,3.47482792747047e-47,"Arterial_endothelial","FAM214A"
5.57602855784264e-86,1.05862405757258,0.545,0.301,1.36640579809934e-81,"Arterial_endothelial","SKIL"
2.82886420233884e-81,1.05541748013663,0.452,0.223,6.93213172783132e-77,"Arterial_endothelial","FLNC"
2.96100567279925e-51,1.05361375468913,0.33,0.167,7.25594440119457e-47,"Arterial_endothelial","DGKE"
3.48124209838168e-53,1.05170455533834,0.291,0.136,8.5307837620843e-49,"Arterial_endothelial","CGNL1"
7.19957013231391e-48,1.05033493913473,0.286,0.138,1.76425466092352e-43,"Arterial_endothelial","UBL7"
1.01628756073287e-83,1.04690285401496,0.568,0.323,2.49041266757591e-79,"Arterial_endothelial","SHE"
2.35619311203213e-216,1.04211641742458,0.948,0.841,5.77385122103474e-212,"Arterial_endothelial","RHOC"
6.37502390618153e-61,1.04054842665925,0.372,0.185,1.56219960820979e-56,"Arterial_endothelial","NCK1"
1.51429697772743e-55,1.03910931213551,0.306,0.143,3.71078474392106e-51,"Arterial_endothelial","RAP2A"
3.54692182792535e-71,1.03799157288164,0.466,0.252,8.69173193933108e-67,"Arterial_endothelial","LRRC8C"
2.72089789987571e-270,1.03608812483656,0.972,0.856,6.66756030364543e-266,"Arterial_endothelial","RNASE1"
2.69549978770526e-194,1.03565418068727,0.931,0.841,6.60532222977173e-190,"Arterial_endothelial","SH3BGRL3"
2.40517480461821e-92,1.02951998710748,0.6,0.345,5.89388085871692e-88,"Arterial_endothelial","MSRB3"
4.96019570075135e-220,1.02822570637355,0.943,0.853,1.21549595646912e-215,"Arterial_endothelial","S100A11"
3.55743625085635e-46,1.02638933885165,0.286,0.141,8.71749753272348e-42,"Arterial_endothelial","RP11-798M19.6"
2.84960100091756e-67,1.02590098220456,0.489,0.274,6.98294725274848e-63,"Arterial_endothelial","C9orf3"
2.07275892420332e-30,1.02572453381156,0.357,0.231,5.07929574376023e-26,"Arterial_endothelial","SGK1"
2.4336981331423e-43,1.02431470590848,0.26,0.126,5.9637772752652e-39,"Arterial_endothelial","DDX58"
2.30148933097327e-36,1.02194236063573,0.297,0.166,5.63979960555e-32,"Arterial_endothelial","NRGN"
7.97720131166151e-67,1.020744142718,0.508,0.299,1.95481318142265e-62,"Arterial_endothelial","ZYX"
2.31902944628377e-43,1.02057804683237,0.269,0.132,5.68278165811837e-39,"Arterial_endothelial","MYLIP"
1.41909619656866e-49,1.01748422980164,0.412,0.238,3.4774952296915e-45,"Arterial_endothelial","PELI1"
1.31254472732524e-103,1.0168887350135,0.711,0.474,3.21639085431051e-99,"Arterial_endothelial","LSM7"
1.12445641478434e-120,1.01648371049965,0.788,0.556,2.75548044442903e-116,"Arterial_endothelial","LIMA1"
2.29002082432913e-50,1.01526301596563,0.414,0.241,5.61169603001852e-46,"Arterial_endothelial","CEBPB"
9.30048110961466e-73,1.01193135753653,0.546,0.323,2.27908289591107e-68,"Arterial_endothelial","BMX"
1.62946221322819e-95,1.01032631481993,0.703,0.479,3.99299715351568e-91,"Arterial_endothelial","PPP1R14B"
8.8936670510048e-57,1.00564102758724,0.324,0.156,2.17939311084873e-52,"Arterial_endothelial","RIN2"
4.9601564270981e-45,1.00280196995454,0.419,0.256,1.21548633246039e-40,"Arterial_endothelial","GPX3"
4.91567487381259e-56,0.999677092442275,0.301,0.141,1.20458612782778e-51,"Arterial_endothelial","ZDHHC20"
9.43709561233184e-78,0.997999878966601,0.607,0.383,2.31256027980192e-73,"Arterial_endothelial","CTSB"
2.0968242974054e-73,0.991143577283318,0.536,0.311,5.13826794079192e-69,"Arterial_endothelial","HPCAL1"
6.46680827401835e-45,0.990647261634814,0.305,0.156,1.5846913675482e-40,"Arterial_endothelial","ARRB1"
3.92784540274368e-63,0.988639836082233,0.448,0.245,9.62518515942338e-59,"Arterial_endothelial","CARD16"
4.5300376992474e-68,0.987914152062601,0.501,0.28,1.11008573820058e-63,"Arterial_endothelial","MOB2"
1.26954586215239e-107,0.982874643777859,0.727,0.453,3.11102213520442e-103,"Arterial_endothelial","CD320"
5.70112605731793e-42,0.981922965303654,0.262,0.128,1.39706094034576e-37,"Arterial_endothelial","FES"
1.9242611227911e-45,0.980528990816524,0.284,0.139,4.71540188139959e-41,"Arterial_endothelial","RUNDC3B"
4.69554595919801e-82,0.978810561463632,0.588,0.341,1.15064353730147e-77,"Arterial_endothelial","PTPRG"
2.70551716220058e-81,0.978558429253908,0.626,0.389,6.62986980597252e-77,"Arterial_endothelial","TMEM47"
1.4260839852291e-272,0.976736024344741,0.97,0.901,3.49461880580391e-268,"Arterial_endothelial","PTRF"
1.58783551519721e-14,0.976186081099048,0.287,0.21,3.89099092999076e-10,"Arterial_endothelial","CXCL2"
4.64724316705093e-78,0.9757089968725,0.587,0.358,1.13880693808583e-73,"Arterial_endothelial","ACVRL1"
5.90236427042677e-50,0.97500044495291,0.359,0.193,1.44637436446808e-45,"Arterial_endothelial","NUDT14"
1.07211390963069e-166,0.973026922728102,0.91,0.784,2.62721513555002e-162,"Arterial_endothelial","STOM"
7.57642459029307e-45,0.967330626700478,0.298,0.15,1.85660284585132e-40,"Arterial_endothelial","MEX3C"
8.28945499098424e-51,0.966370028184448,0.335,0.17,2.03133094554069e-46,"Arterial_endothelial","DIAPH2"
1.10356998468805e-83,0.965022997050127,0.753,0.558,2.70429824747807e-79,"Arterial_endothelial","UACA"
5.23192755288485e-105,0.963205736825366,0.737,0.496,1.28208384683443e-100,"Arterial_endothelial","COX5A"
7.80674227824584e-83,0.961499090349414,0.679,0.461,1.91304219528414e-78,"Arterial_endothelial","FHL1"
1.71705664335109e-115,0.957604015979229,0.798,0.584,4.20764730453184e-111,"Arterial_endothelial","WNK1"
5.83336409980805e-54,0.95601351236843,0.372,0.193,1.42946587265796e-49,"Arterial_endothelial","CSNK2A2"
7.09191604268478e-58,0.955573128972987,0.426,0.233,1.7378740262599e-53,"Arterial_endothelial","CEP85L"
3.63578215287824e-310,0.950949466152271,0.996,0.987,8.90948416562812e-306,"Arterial_endothelial","CAV1"
1.10481063311929e-78,0.950310240793087,0.707,0.522,2.70733845645881e-74,"Arterial_endothelial","SYNPO"
1.77010837158323e-53,0.949122230443954,0.4,0.217,4.33765056456471e-49,"Arterial_endothelial","LYL1"
1.201640268813e-40,0.9486693994658,0.425,0.263,2.94461947872625e-36,"Arterial_endothelial","TUBA1C"
1.37186615051501e-44,0.948291767147677,0.306,0.156,3.36175800183704e-40,"Arterial_endothelial","IFIT5"
8.4932890513767e-85,0.948121283009115,0.793,0.662,2.08128048203986e-80,"Arterial_endothelial","LIMS1"
1.81503816287747e-58,0.948048473557711,0.396,0.206,4.44775101813124e-54,"Arterial_endothelial","TSPAN9"
4.29740314927809e-71,0.946768238790558,0.556,0.327,1.0530786417306e-66,"Arterial_endothelial","FGD5"
1.16621264586052e-55,0.946416065102532,0.326,0.156,2.85780408868121e-51,"Arterial_endothelial","SHKBP1"
4.94731745891318e-42,0.946152932418378,0.285,0.144,1.21234014330667e-37,"Arterial_endothelial","ABR"
2.50284414056024e-42,0.945132950811271,0.255,0.123,6.13321956644287e-38,"Arterial_endothelial","GIT2"
7.10118568811982e-66,0.942029778379924,0.415,0.209,1.74014555287376e-61,"Arterial_endothelial","TES"
1.03802904115276e-56,0.937312096818718,0.432,0.24,2.54369016534483e-52,"Arterial_endothelial","FLII"
1.69769719615796e-73,0.930653738340563,0.682,0.473,4.16020697918509e-69,"Arterial_endothelial","EFCAB14"
2.76918236914075e-87,0.930452848945701,0.686,0.461,6.78588139557942e-83,"Arterial_endothelial","TIE1"
2.6385406060227e-44,0.9302620006166,0.263,0.125,6.46574375505863e-40,"Arterial_endothelial","KIF26A"
1.07292478354406e-57,0.929483831026053,0.532,0.328,2.62920218207472e-53,"Arterial_endothelial","MALL"
1.33784193170693e-79,0.928445449344772,0.669,0.459,3.27838165364784e-75,"Arterial_endothelial","ZEB1"
2.48708690450697e-48,0.923702064643826,0.343,0.18,6.09460645949434e-44,"Arterial_endothelial","ARHGAP23"
3.54516412684232e-55,0.921371556945197,0.49,0.297,8.68742469282709e-51,"Arterial_endothelial","RALA"
5.9288299593915e-60,0.919662495919396,0.484,0.279,1.45285978154889e-55,"Arterial_endothelial","SLC44A1"
3.18172572974838e-60,0.9149621603928,0.538,0.328,7.79681890074841e-56,"Arterial_endothelial","WARS"
8.36523614479309e-146,0.914939026601053,0.9,0.774,2.04990111728155e-141,"Arterial_endothelial","MTUS1"
4.50219123758876e-43,0.908862333313201,0.335,0.18,1.10326196277113e-38,"Arterial_endothelial","BCL2L1"
8.80116480210517e-30,0.907084843972033,0.458,0.319,2.15672543475587e-25,"Arterial_endothelial","UBALD2"
4.77341562150802e-47,0.906771845253832,0.369,0.201,1.16972549805054e-42,"Arterial_endothelial","ADAM17"
8.96480394892811e-60,0.904246112255434,0.51,0.312,2.19682520768483e-55,"Arterial_endothelial","OPTN"
2.04962101063316e-106,0.902355086746698,0.759,0.505,5.02259628655656e-102,"Arterial_endothelial","HEG1"
2.10543987480951e-68,0.901229539362862,0.481,0.259,5.15938041322071e-64,"Arterial_endothelial","ATP6AP1"
1.7738717849881e-60,0.899964885298085,0.528,0.323,4.34687280911333e-56,"Arterial_endothelial","GLUD1"
4.90380261351832e-191,0.898903352036063,0.56,0.192,1.20167683044266e-186,"Arterial_endothelial","SPRY1"
3.15693646683852e-46,0.897441064586968,0.576,0.405,7.7360728119878e-42,"Arterial_endothelial","GUCY1A3"
2.96977923151425e-52,0.895960312892945,0.47,0.276,7.27744400682567e-48,"Arterial_endothelial","SERTAD4-AS1"
3.00104615482312e-41,0.895941725635902,0.321,0.171,7.35406360239405e-37,"Arterial_endothelial","TANC1"
5.57868175984821e-38,0.894501972458138,0.703,0.605,1.3670559652508e-33,"Arterial_endothelial","MYL9"
1.79807560639245e-113,0.894501594053318,0.841,0.669,4.40618427346471e-109,"Arterial_endothelial","TIMP2"
3.66833487165029e-72,0.894225833163542,0.615,0.386,8.98925460297903e-68,"Arterial_endothelial","SULF2"
2.41709623555972e-57,0.892075536322658,0.358,0.177,5.92309432523911e-53,"Arterial_endothelial","ADGRA2"
3.18730901666211e-46,0.892035321355573,0.354,0.191,7.81050074533051e-42,"Arterial_endothelial","TUSC3"
3.64944587127318e-112,0.890979205911188,0.926,0.879,8.94296710755493e-108,"Arterial_endothelial","KCTD12"
2.40421893793878e-43,0.889205759110191,0.393,0.227,5.89153850741899e-39,"Arterial_endothelial","ELMO1"
8.92159321424915e-42,0.886068298048009,0.409,0.246,2.18623641715175e-37,"Arterial_endothelial","JADE1"
1.04665842622382e-264,0.883556345955545,0.987,0.967,2.56483647346147e-260,"Arterial_endothelial","CALM1"
3.32598372259286e-42,0.882484402444879,0.373,0.216,8.15032311221382e-38,"Arterial_endothelial","C1orf21"
1.66140264832463e-35,0.8816165976033,0.266,0.139,4.0712671897195e-31,"Arterial_endothelial","C14orf159"
6.50146324060391e-97,0.88123490878464,0.769,0.551,1.59318356710999e-92,"Arterial_endothelial","JAM2"
3.007765300072e-172,0.879287819613876,0.922,0.781,7.37052886782643e-168,"Arterial_endothelial","LRRFIP1"
9.1316921186917e-49,0.877252886649041,0.453,0.269,2.2377211536854e-44,"Arterial_endothelial","VMP1"
1.94056954871324e-155,0.87578573412401,0.939,0.833,4.75536567912179e-151,"Arterial_endothelial","PODXL"
8.83001739001694e-46,0.872387908823881,0.345,0.184,2.16379576142365e-41,"Arterial_endothelial","CCDC6"
6.30869645205455e-76,0.871781239054623,0.679,0.454,1.54594606557597e-71,"Arterial_endothelial","ITGA5"
5.81258741903485e-73,0.869975373897355,0.671,0.46,1.42437454703449e-68,"Arterial_endothelial","COX17"
1.50452956902769e-60,0.869509514781742,0.555,0.342,3.68684970890236e-56,"Arterial_endothelial","CNOT6L"
1.43239227502039e-49,0.867584942669075,0.418,0.237,3.51007726993745e-45,"Arterial_endothelial","VOPP1"
5.52659205070751e-39,0.863871539116376,0.262,0.13,1.35429138202588e-34,"Arterial_endothelial","SAMD1"
4.99541838513724e-69,0.863155398802952,0.624,0.396,1.22412727527788e-64,"Arterial_endothelial","DOCK9"
2.15064633878917e-39,0.863113927773502,0.343,0.193,5.27015885320285e-35,"Arterial_endothelial","LASP1"
7.35797793395108e-57,0.861981926359725,0.531,0.327,1.80307249271471e-52,"Arterial_endothelial","TMTC1"
1.57199897172501e-55,0.861925356585855,0.671,0.515,3.85218348021214e-51,"Arterial_endothelial","ATP1B3"
1.16421992230735e-36,0.859858493630245,0.308,0.168,2.85292091961417e-32,"Arterial_endothelial","IFIH1"
6.96427334475419e-50,0.85955305442558,0.413,0.233,1.70659518313201e-45,"Arterial_endothelial","DLGAP4"
3.56990594241346e-46,0.859202029509179,0.35,0.186,8.74805451188419e-42,"Arterial_endothelial","PIR"
5.23548357346377e-52,0.859012997399324,0.616,0.428,1.2829552496773e-47,"Arterial_endothelial","HERPUD1"
5.97935008444163e-46,0.858188660610532,0.384,0.215,1.46523973819242e-41,"Arterial_endothelial","ATP2A2"
1.19811488095806e-45,0.858048350845019,0.418,0.245,2.93598051578772e-41,"Arterial_endothelial","GAS2L1"
1.70030245423576e-34,0.85382807156246,0.279,0.149,4.16659116410473e-30,"Arterial_endothelial","R3HCC1"
3.23544202531953e-30,0.85369863901409,0.265,0.147,7.9284506830455e-26,"Arterial_endothelial","TNFRSF12A"
9.93655611089575e-45,0.852786217090698,0.527,0.354,2.434953074975e-40,"Arterial_endothelial","CD109"
5.96913925349754e-40,0.849328908037636,0.273,0.138,1.46273757406957e-35,"Arterial_endothelial","ALDH16A1"
0,0.847520893933196,0.998,0.996,0,"Arterial_endothelial","TMSB10"
7.1363824023846e-40,0.845430522479694,0.323,0.174,1.74877050770435e-35,"Arterial_endothelial","ELOVL5"
2.58863798900595e-29,0.845352892881423,0.314,0.19,6.34345739205908e-25,"Arterial_endothelial","NNMT"
5.47964444628428e-125,0.843986122330556,0.878,0.67,1.34278687156196e-120,"Arterial_endothelial","CD34"
2.67964048870208e-107,0.841944859072043,0.841,0.651,6.56645901756445e-103,"Arterial_endothelial","AES"
1.49020023923314e-46,0.839182525809459,0.441,0.261,3.65173568624081e-42,"Arterial_endothelial","MRPL17"
2.97615290845596e-34,0.838950335659017,0.256,0.133,7.29306270217133e-30,"Arterial_endothelial","MCC"
7.53357765514508e-40,0.838773828064207,0.34,0.19,1.8461032043933e-35,"Arterial_endothelial","HABP4"
1.20010759165858e-40,0.836002411358661,0.409,0.245,2.94086365335936e-36,"Arterial_endothelial","MIB1"
1.6246276305222e-65,0.83461944671704,0.642,0.426,3.98115000859464e-61,"Arterial_endothelial","CLTB"
5.45684991506216e-56,0.833443047489882,0.527,0.321,1.33720107168598e-51,"Arterial_endothelial","APOL3"
2.07482731058282e-33,0.833359702429066,0.304,0.174,5.08436432458321e-29,"Arterial_endothelial","LRIG1"
4.56246316528358e-82,0.832711341393537,0.598,0.333,1.11803159865274e-77,"Arterial_endothelial","PNP"
5.84830450476228e-76,0.830846715354011,0.689,0.474,1.433127018892e-71,"Arterial_endothelial","ZFYVE21"
7.88550707065078e-32,0.830544878888173,0.299,0.169,1.93234350766297e-27,"Arterial_endothelial","PAWR"
3.13920227512803e-61,0.829362882818427,0.592,0.377,7.69261517520125e-57,"Arterial_endothelial","SUN2"
9.81611035117221e-96,0.82795013061809,0.783,0.553,2.40543784155475e-91,"Arterial_endothelial","GIMAP1"
3.43406522236221e-34,0.827702032081477,0.287,0.157,8.4151768273986e-30,"Arterial_endothelial","INPP5K"
1.82323918488152e-36,0.827506012350812,0.352,0.205,4.46784762255217e-32,"Arterial_endothelial","DDX60"
5.42916569572716e-26,0.826262007286331,0.277,0.166,1.33041705373794e-21,"Arterial_endothelial","FAM126A"
9.29766118738642e-35,0.825381406306563,0.331,0.19,2.27839187396904e-30,"Arterial_endothelial","WWC2"
1.24334805915744e-51,0.823778984920739,0.496,0.3,3.04682441896532e-47,"Arterial_endothelial","PIGT"
4.56332934074385e-36,0.822494097547167,0.264,0.135,1.11824385494928e-31,"Arterial_endothelial","MRPL15"
7.01073939301138e-38,0.819483237421084,0.312,0.169,1.71798168825744e-33,"Arterial_endothelial","OSTM1"
2.86611182522129e-35,0.81800767018159,0.35,0.204,7.02340702770477e-31,"Arterial_endothelial","TMEM140"
2.06366981010072e-38,0.817591210884186,0.379,0.222,5.05702286965181e-34,"Arterial_endothelial","ARHGAP17"
3.10357038961124e-40,0.816511898529104,0.3,0.156,7.60529923974235e-36,"Arterial_endothelial","ZFAND2B"
9.94147120081661e-43,0.814273092433356,0.398,0.23,2.43615751776011e-38,"Arterial_endothelial","NPR1"
8.96049952036644e-34,0.813043713059192,0.28,0.152,2.1957704074658e-29,"Arterial_endothelial","BLOC1S5"
2.4951017456479e-71,0.808846695921861,0.655,0.431,6.11424682771018e-67,"Arterial_endothelial","TBCB"
7.81492494049773e-35,0.808065747096809,0.276,0.147,1.91504735666897e-30,"Arterial_endothelial","CARD6"
2.98772884546939e-38,0.80663978982528,0.373,0.217,7.32142953582274e-34,"Arterial_endothelial","PARP9"
6.47448641838885e-46,0.806293080088139,0.421,0.242,1.58657289682619e-41,"Arterial_endothelial","B4GALT1"
1.52689634423738e-37,0.805783991412655,0.46,0.306,3.74165949155369e-33,"Arterial_endothelial","FOSL2"
7.10968789313168e-94,0.805612731275608,0.824,0.65,1.74222901821192e-89,"Arterial_endothelial","MSN"
6.00087072960886e-48,0.80524862136384,0.599,0.412,1.47051337229065e-43,"Arterial_endothelial","AAK1"
7.63265256105192e-52,0.804636383356176,0.544,0.343,1.87038151008577e-47,"Arterial_endothelial","RALB"
6.74749556569308e-32,0.801760597728106,0.288,0.161,1.65347378837309e-27,"Arterial_endothelial","FOXN2"
5.63285564729756e-74,0.800934865950541,0.764,0.551,1.38033127637027e-69,"Arterial_endothelial","SOX18"
3.74019193563089e-47,0.800422554104152,0.377,0.205,9.16534033826349e-43,"Arterial_endothelial","DAAM1"
2.04635326725071e-46,0.799857090958249,0.512,0.331,5.01458868139787e-42,"Arterial_endothelial","GABARAPL1"
3.1321624263676e-61,0.799066056963016,0.611,0.398,7.6753640258138e-57,"Arterial_endothelial","MGAT1"
2.51917008944351e-33,0.795148073031092,0.305,0.171,6.17322630418131e-29,"Arterial_endothelial","IRF9"
1.83955489881809e-48,0.7940495589865,0.435,0.248,4.50782927955374e-44,"Arterial_endothelial","MIEN1"
1.30006042769899e-134,0.793386966558757,0.912,0.81,3.18579807807638e-130,"Arterial_endothelial","ITGB1"
1.83295201372801e-50,0.792309265115053,0.498,0.304,4.4916489096405e-46,"Arterial_endothelial","STX12"
1.97829060070101e-58,0.791451352623847,0.563,0.353,4.84780111701783e-54,"Arterial_endothelial","MYO1C"
2.28492629650031e-26,0.788808274446148,0.267,0.154,5.59921188957401e-22,"Arterial_endothelial","ST6GALNAC4"
4.65303773210028e-32,0.780878483441981,0.37,0.227,1.14022689625117e-27,"Arterial_endothelial","MYO5C"
2.0117339378306e-43,0.779779553213461,0.443,0.269,4.92975401465388e-39,"Arterial_endothelial","DOCK1"
2.69096284662564e-32,0.779427142826159,0.294,0.162,6.59420445565612e-28,"Arterial_endothelial","IPO9"
2.31774477204544e-82,0.77730548679899,0.79,0.614,5.67963356389735e-78,"Arterial_endothelial","KRT10"
1.62638515535782e-48,0.77704219958225,0.492,0.301,3.98545682320433e-44,"Arterial_endothelial","MANSC1"
2.36252920409953e-93,0.77586502285597,0.848,0.703,5.78937781464589e-89,"Arterial_endothelial","CSNK1A1"
7.42484043583442e-159,0.775051572913225,0.505,0.185,1.81945714880123e-154,"Arterial_endothelial","PLCG2"
2.70685333175861e-32,0.77394924508854,0.252,0.132,6.63314408947447e-28,"Arterial_endothelial","MAML2"
2.50663938308621e-53,0.77279115735478,0.545,0.348,6.14251980825276e-49,"Arterial_endothelial","TNS1"
2.69418323011779e-20,0.771489078979068,0.281,0.18,6.60209600540364e-16,"Arterial_endothelial","CXXC5"
1.90374712354587e-52,0.770292931649972,0.539,0.337,4.66513232624914e-48,"Arterial_endothelial","MXD4"
1.63531992691985e-20,0.768407992157139,0.362,0.249,4.00735148091709e-16,"Arterial_endothelial","VCL"
6.01878752646865e-41,0.767501117728691,0.422,0.255,1.47490388336114e-36,"Arterial_endothelial","BCR"
1.56714226001522e-33,0.767283726895418,0.321,0.183,3.84028210816729e-29,"Arterial_endothelial","MAPK14"
2.11009942038123e-44,0.767236619390256,0.522,0.343,5.17079862964421e-40,"Arterial_endothelial","PHACTR4"
2.7445549547049e-34,0.766276889853733,0.365,0.219,6.72553191650437e-30,"Arterial_endothelial","ADIPOR2"
1.04969241139139e-61,0.766051087238386,0.669,0.477,2.5722712541146e-57,"Arterial_endothelial","KIAA0355"
1.51600842410413e-23,0.764662305117735,0.273,0.164,3.71497864326718e-19,"Arterial_endothelial","MSL3"
3.22812872618658e-63,0.764368155499732,0.669,0.46,7.91052944352022e-59,"Arterial_endothelial","BLOC1S1"
1.1267604463957e-35,0.764140860484775,0.333,0.188,2.76112647389267e-31,"Arterial_endothelial","DBN1"
2.49728328055789e-40,0.761731302452914,0.475,0.303,6.1195926790071e-36,"Arterial_endothelial","TRAPPC2L"
6.01829258001088e-34,0.760245538727845,0.278,0.149,1.47478259673167e-29,"Arterial_endothelial","GNPTAB"
6.47093603951479e-33,0.760204955443491,0.287,0.158,1.5857028764831e-28,"Arterial_endothelial","PIP5K1C"
2.50302115874373e-47,0.759822631128179,0.577,0.395,6.13365334950151e-43,"Arterial_endothelial","PTPN14"
1.58571551605706e-49,0.759088740281978,0.536,0.341,3.88579587209783e-45,"Arterial_endothelial","SSBP4"
1.14148208789006e-54,0.758514387361479,0.566,0.366,2.79720185637458e-50,"Arterial_endothelial","CCNY"
1.25877280596819e-44,0.754412269910342,0.488,0.305,3.08462276102504e-40,"Arterial_endothelial","EIF2AK4"
1.99287456270623e-37,0.753940418031181,0.413,0.254,4.88353911591163e-33,"Arterial_endothelial","ZNFX1"
2.30982138532562e-40,0.753836204004322,0.421,0.255,5.66021730474043e-36,"Arterial_endothelial","RNF5"
7.14248737669763e-56,0.753713717363468,0.68,0.505,1.75026653165975e-51,"Arterial_endothelial","NEDD9"
3.45245009993221e-25,0.753187104619689,0.344,0.221,8.46022896988389e-21,"Arterial_endothelial","FBXO34"
2.08439417867433e-83,0.752138295121438,0.832,0.696,5.10780793484145e-79,"Arterial_endothelial","GIMAP4"
1.90336682827457e-168,0.751234104475319,0.697,0.303,4.66420041268684e-164,"Arterial_endothelial","AQP1"
9.47227863008319e-37,0.751146604371964,0.408,0.246,2.32118187830188e-32,"Arterial_endothelial","FLYWCH2"
4.74776955759596e-85,0.748359624241232,0.788,0.585,1.16344093008889e-80,"Arterial_endothelial","ENO1"
2.36312620294234e-33,0.747279146416587,0.311,0.175,5.79084076031021e-29,"Arterial_endothelial","TMEM127"
1.75691464624398e-56,0.74719824244494,0.635,0.436,4.30531934062088e-52,"Arterial_endothelial","ARL2BP"
3.48034933389702e-35,0.747010824743704,0.475,0.316,8.52859604271466e-31,"Arterial_endothelial","DNAJB4"
3.71980833315172e-85,0.746913031479784,0.817,0.653,9.11539032038829e-81,"Arterial_endothelial","PTTG1IP"
1.96323550871169e-76,0.746300504428752,0.759,0.566,4.810908614098e-72,"Arterial_endothelial","TUBA1A"
4.35073399767269e-40,0.74266644894981,0.433,0.263,1.06614736612969e-35,"Arterial_endothelial","DOCK6"
2.54428933427401e-36,0.741904623853281,0.426,0.267,6.23478101363847e-32,"Arterial_endothelial","CCDC88A"
4.51888575660799e-69,0.741798265094905,0.771,0.601,1.10735295465679e-64,"Arterial_endothelial","ECE1"
2.91619012954676e-84,0.739647644809237,0.906,0.835,7.14612391245434e-80,"Arterial_endothelial","CALD1"
8.6622008101393e-60,0.739128467793538,0.731,0.592,2.12267230852463e-55,"Arterial_endothelial","HSD17B12"
9.36764448184622e-54,0.737341069907189,0.632,0.441,2.29554128027642e-49,"Arterial_endothelial","ATOX1"
2.82652349312547e-36,0.736895690867373,0.394,0.238,6.92639581990396e-32,"Arterial_endothelial","TCF12"
5.56210887673161e-46,0.736649370213857,0.563,0.373,1.36299478024308e-41,"Arterial_endothelial","FKBP9"
9.9927709769782e-45,0.733204405416345,0.453,0.271,2.44872852790851e-40,"Arterial_endothelial","TMEM160"
2.24087500874123e-45,0.733136814748567,0.57,0.387,5.49126420892039e-41,"Arterial_endothelial","FAM127A"
3.06831646517314e-29,0.732961959553594,0.316,0.188,7.51890949790677e-25,"Arterial_endothelial","RNF125"
5.26647170236418e-109,0.731596370496259,0.9,0.766,1.29054889066434e-104,"Arterial_endothelial","BCAM"
5.71605466947622e-31,0.731456995390204,0.309,0.179,1.40071919675515e-26,"Arterial_endothelial","KNOP1"
1.78745474721283e-25,0.730806573368997,0.316,0.201,4.38015785804503e-21,"Arterial_endothelial","DIXDC1"
3.46677276955298e-30,0.729476967313923,0.313,0.181,8.49532667178958e-26,"Arterial_endothelial","CACUL1"
1.15617807002637e-35,0.727880846166191,0.512,0.351,2.83321436059963e-31,"Arterial_endothelial","FRYL"
6.8268651886784e-42,0.725457808010243,0.567,0.396,1.67292331448564e-37,"Arterial_endothelial","PLXDC2"
3.62794827720558e-49,0.724524952422972,0.683,0.523,8.89028725329227e-45,"Arterial_endothelial","KCNN3"
7.87124336374115e-24,0.722762259851127,0.547,0.423,1.92884818628477e-19,"Arterial_endothelial","CYR61"
6.34557928903387e-32,0.722093968406576,0.326,0.19,1.55498420477775e-27,"Arterial_endothelial","LRP6"
4.94914388198042e-39,0.722009295488665,0.541,0.372,1.2127877082793e-34,"Arterial_endothelial","PPIC"
1.01944077432543e-50,0.717368760611455,0.607,0.415,2.49813961748446e-46,"Arterial_endothelial","HSPA2"
4.03885722481756e-34,0.716438399086263,0.318,0.18,9.89721962941542e-30,"Arterial_endothelial","CDK2AP2"
1.18644580891494e-35,0.715041919762679,0.471,0.306,2.90738545474606e-31,"Arterial_endothelial","IFNAR1"
6.07606437399292e-22,0.71483457043662,0.266,0.162,1.48893957484696e-17,"Arterial_endothelial","CSPP1"
2.90646853985502e-41,0.714817250603845,0.449,0.274,7.12230115691472e-37,"Arterial_endothelial","ARHGAP31"
3.91583067654613e-26,0.713996442051837,0.263,0.15,9.5957430728763e-22,"Arterial_endothelial","TIMM17A"
1.9750450411781e-35,0.713596831085337,0.377,0.221,4.83984787340694e-31,"Arterial_endothelial","MGAT4B"
1.46684241227288e-43,0.710849359244901,0.5,0.313,3.59449733127469e-39,"Arterial_endothelial","CCDC12"
2.73040636479624e-36,0.71049476567257,0.443,0.279,6.69086079693319e-32,"Arterial_endothelial","CPNE8"
5.25548206134325e-41,0.705380830099162,0.477,0.3,1.28785587913216e-36,"Arterial_endothelial","FBN1"
2.21832815905935e-34,0.704300682499476,0.643,0.495,5.43601315377493e-30,"Arterial_endothelial","AKR1C3"
6.59648996237799e-55,0.703653000786118,0.64,0.444,1.61646986528073e-50,"Arterial_endothelial","NCKAP1"
9.03648546492266e-40,0.703115349579757,0.494,0.319,2.2143907631793e-35,"Arterial_endothelial","HCFC1R1"
2.22208053100608e-38,0.702358624529974,0.534,0.361,5.4452083412304e-34,"Arterial_endothelial","KLF3"
5.80668226589871e-48,0.701811397466103,0.656,0.471,1.42292748925848e-43,"Arterial_endothelial","MEF2A"
4.16761798247494e-57,0.7013044872235,0.706,0.535,1.02127478660548e-52,"Arterial_endothelial","GNAQ"
2.13823415055785e-39,0.699179378942367,0.561,0.388,5.23974278594201e-35,"Arterial_endothelial","WDR1"
2.51247996032093e-39,0.699033535125009,0.585,0.414,6.15683214276645e-35,"Arterial_endothelial","CCDC3"
2.27666581055826e-49,0.698688681721632,0.635,0.449,5.57896956877301e-45,"Arterial_endothelial","EHD2"
4.15944407502695e-39,0.694937639193033,0.621,0.48,1.01927177058536e-34,"Arterial_endothelial","SERPING1"
1.6198071001857e-27,0.692978936677604,0.297,0.173,3.96933729900506e-23,"Arterial_endothelial","PCNX"
4.62870873840385e-105,0.691951679404772,0.898,0.767,1.13426507634586e-100,"Arterial_endothelial","ATP5J"
2.60944046692265e-17,0.689842371403876,0.389,0.283,6.39443386419395e-13,"Arterial_endothelial","COL4A1"
2.88516491804442e-37,0.688236603887142,0.429,0.267,7.07009663166784e-33,"Arterial_endothelial","LCN6"
2.56985582551337e-128,0.688162748950531,0.916,0.848,6.29743170042052e-124,"Arterial_endothelial","FKBP1A"
1.63780406489296e-44,0.687202846651817,0.544,0.356,4.0134388610202e-40,"Arterial_endothelial","ARPP19"
1.81928822377104e-29,0.685827546910498,0.406,0.262,4.45816579235094e-25,"Arterial_endothelial","TGFB1"
1.0467550416774e-47,0.683642667492146,0.615,0.417,2.56507322963046e-43,"Arterial_endothelial","ACTR3"
8.98307554949145e-35,0.68354314639235,0.574,0.418,2.20130266340288e-30,"Arterial_endothelial","TMEM30A"
1.5367028466777e-31,0.682443929618563,0.417,0.264,3.7656903257837e-27,"Arterial_endothelial","CDK17"
7.72600707398947e-28,0.68131204840967,0.255,0.14,1.89325803348112e-23,"Arterial_endothelial","EFEMP2"
5.24945676958339e-40,0.679487323201391,0.49,0.313,1.28637938138641e-35,"Arterial_endothelial","HES4"
7.98241733373036e-32,0.678100664178745,0.44,0.289,1.95609136763062e-27,"Arterial_endothelial","IFI35"
6.80209875868357e-37,0.67729451494443,0.495,0.327,1.66685430081541e-32,"Arterial_endothelial","SHOC2"
1.47085745127696e-91,0.675623527392463,0.936,0.847,3.60433618435418e-87,"Arterial_endothelial","SYNE2"
4.81959715411482e-67,0.672015609494426,0.797,0.625,1.18104228261584e-62,"Arterial_endothelial","BSG"
3.92495615283913e-29,0.670522886785609,0.307,0.179,9.61810505253229e-25,"Arterial_endothelial","HIF3A"
1.37507078399517e-37,0.670098112373608,0.527,0.358,3.36961095618017e-33,"Arterial_endothelial","TSPAN3"
1.0323265100944e-31,0.669973434004026,0.415,0.265,2.52971611298632e-27,"Arterial_endothelial","PDHB"
4.72424241097933e-51,0.669909698152425,0.751,0.597,1.15767560281048e-46,"Arterial_endothelial","CD46"
3.05813603806934e-27,0.66929001328663,0.285,0.165,7.49396236128892e-23,"Arterial_endothelial","HOXB2"
3.17803547357243e-31,0.669069499035564,0.355,0.212,7.78777592798924e-27,"Arterial_endothelial","STK24"
2.63883760159294e-34,0.668141210115138,0.462,0.297,6.4664715427035e-30,"Arterial_endothelial","PTK2"
1.76130331211433e-30,0.667178492621325,0.46,0.309,4.31607376633618e-26,"Arterial_endothelial","SAV1"
6.28512999681265e-28,0.666678748978254,0.327,0.196,1.54017110571894e-23,"Arterial_endothelial","RASSF3"
2.78776766748451e-27,0.665747468884224,0.336,0.207,6.83142466917079e-23,"Arterial_endothelial","CDK2AP1"
8.92244726533832e-28,0.663444802357502,0.303,0.177,2.18644570237116e-23,"Arterial_endothelial","DAG1"
1.42748027664529e-28,0.663336316589188,0.343,0.207,3.49804041791928e-24,"Arterial_endothelial","PDIA4"
4.76570920343809e-24,0.663300315384828,0.26,0.151,1.1678370403025e-19,"Arterial_endothelial","BCL9L"
4.13374896735424e-23,0.662559030152906,0.255,0.149,1.01297518445016e-18,"Arterial_endothelial","RAI2"
1.45125101186382e-22,0.662267400840384,0.314,0.2,3.55629060457229e-18,"Arterial_endothelial","NIN"
7.47540499751203e-40,0.661679556633326,0.531,0.355,1.83184799464032e-35,"Arterial_endothelial","RAB11B"
3.76928989207918e-31,0.659152739239421,0.273,0.147,9.23664488054004e-27,"Arterial_endothelial","SGCB"
8.95776585677826e-37,0.658744060611962,0.441,0.274,2.19510052320351e-32,"Arterial_endothelial","MARCH2"
1.16134903765639e-25,0.656771433310072,0.361,0.232,2.84588581677698e-21,"Arterial_endothelial","PYCR2"
2.892819491675e-20,0.655785386847831,0.254,0.155,7.08885416434958e-16,"Arterial_endothelial","SDF2L1"
7.30025882284295e-17,0.655590585546033,0.364,0.256,1.78892842453766e-12,"Arterial_endothelial","HERC2"
1.44757153275043e-55,0.655049745816063,0.764,0.61,3.54727404100493e-51,"Arterial_endothelial","SPTAN1"
1.12555149974044e-95,0.654109223046768,0.878,0.76,2.75816395011395e-91,"Arterial_endothelial","GABARAPL2"
5.90258223753852e-54,0.653187117850595,0.706,0.537,1.44642777730881e-49,"Arterial_endothelial","TGOLN2"
4.25777330516285e-53,0.652604158356995,0.699,0.514,1.04336734843016e-48,"Arterial_endothelial","ADD1"
1.47782142362266e-33,0.652029802388169,0.598,0.444,3.62140139858733e-29,"Arterial_endothelial","FEZ2"
6.24926613378738e-69,0.652020436650367,0.835,0.669,1.5313826660846e-64,"Arterial_endothelial","EFNB2"
1.12418336172552e-101,0.650987714436454,0.902,0.811,2.75481132790838e-97,"Arterial_endothelial","TSPO"
2.60710025801367e-28,0.650286077783836,0.281,0.159,6.3886991822625e-24,"Arterial_endothelial","SFXN3"
1.04252638910504e-28,0.650112077333076,0.341,0.208,2.55471091650189e-24,"Arterial_endothelial","SEPT6"
5.60809367384435e-30,0.649373889010107,0.34,0.204,1.37426335477556e-25,"Arterial_endothelial","SMC4"
1.24453011349819e-27,0.648494329942287,0.311,0.185,3.04972104312731e-23,"Arterial_endothelial","CIC"
2.19468256746009e-24,0.648275908767705,0.335,0.213,5.37806963156096e-20,"Arterial_endothelial","CPEB4"
7.06952499658236e-35,0.648033170065024,0.488,0.322,1.73238710041251e-30,"Arterial_endothelial","MAGT1"
6.54532376828613e-49,0.645012573546038,0.648,0.452,1.60393158941852e-44,"Arterial_endothelial","DBI"
4.67928065135707e-34,0.64418415373799,0.522,0.358,1.14665772361505e-29,"Arterial_endothelial","SLFN5"
6.024252783722e-35,0.64368644132817,0.454,0.286,1.47624314465108e-30,"Arterial_endothelial","ELOVL1"
1.73403193874791e-70,0.64311430791059,0.828,0.688,4.24924526590174e-66,"Arterial_endothelial","RTN4"
3.78366911445684e-55,0.642547333562458,0.435,0.232,9.27188116497649e-51,"Arterial_endothelial","MT1E"
2.38901942080115e-27,0.642208811538275,0.675,0.549,5.85429209067322e-23,"Arterial_endothelial","CSRP1"
8.65499334900482e-23,0.641077164281523,0.299,0.184,2.12090612017363e-18,"Arterial_endothelial","PAPSS1"
2.08588855808541e-42,0.635921383363402,0.657,0.498,5.11146991158829e-38,"Arterial_endothelial","FRMD4B"
1.2589469907471e-54,0.634361100922873,0.77,0.629,3.08504960082577e-50,"Arterial_endothelial","GNB1"
8.81124370729876e-40,0.633943214536477,0.612,0.434,2.15919527047356e-35,"Arterial_endothelial","VAT1"
1.89639779626608e-53,0.633610565416022,0.734,0.561,4.64712279975004e-49,"Arterial_endothelial","TMEM50A"
9.44362757367407e-26,0.633539225212614,0.368,0.234,2.31416093692883e-21,"Arterial_endothelial","IFI44"
8.44002620349678e-62,0.633138618329987,0.836,0.717,2.06822842116688e-57,"Arterial_endothelial","S100A13"
1.76930776868353e-74,0.63074178226379,0.858,0.743,4.335688687159e-70,"Arterial_endothelial","ESAM"
5.17827046797837e-95,0.630632493000715,0.9,0.787,1.2689351781781e-90,"Arterial_endothelial","ARPC1B"
1.38396595802306e-47,0.630607866308992,0.724,0.561,3.39140858013552e-43,"Arterial_endothelial","CTNNB1"
9.1503300893832e-35,0.630138310055458,0.701,0.547,2.24228838840335e-30,"Arterial_endothelial","FLNA"
1.18469362606352e-52,0.630046798260956,0.739,0.574,2.90309173066865e-48,"Arterial_endothelial","ARPC5"
4.93880355144488e-26,0.627931119804065,0.391,0.254,1.21025381028157e-21,"Arterial_endothelial","SMG1"
1.145333992842e-25,0.62760972544453,0.317,0.192,2.80664094945931e-21,"Arterial_endothelial","PACS2"
3.49688879778829e-23,0.627020676606429,0.28,0.169,8.56912599898021e-19,"Arterial_endothelial","JAM3"
6.18709238208382e-21,0.621299506461317,0.275,0.17,1.51614698822964e-16,"Arterial_endothelial","PBX2"
8.80401162711554e-23,0.620867529788062,0.27,0.162,2.15742304922466e-18,"Arterial_endothelial","SAE1"
1.13002304599446e-14,0.620109507364623,0.298,0.209,2.76912147420942e-10,"Arterial_endothelial","ITGA1"
8.06883407300133e-06,0.618380682100444,0.636,0.573,0.197726778958898,"Arterial_endothelial","CRIM1"
5.16597910323412e-32,0.618065211039777,0.465,0.304,1.26592317924752e-27,"Arterial_endothelial","IFI27L2"
1.63843174066524e-31,0.617731441689417,0.522,0.37,4.01497698050018e-27,"Arterial_endothelial","SEPT11"
1.05272770047578e-159,0.617703107827195,0.958,0.929,2.57970923001589e-155,"Arterial_endothelial","RAC1"
2.46785913648847e-27,0.617013765239609,0.326,0.195,6.047488813965e-23,"Arterial_endothelial","CAPN1"
3.38777980722353e-59,0.61644910522595,0.878,0.77,8.30175441760126e-55,"Arterial_endothelial","GIMAP7"
1.08438950040864e-27,0.616103030726197,0.412,0.27,2.65729647075138e-23,"Arterial_endothelial","COPS8"
5.11021361148888e-33,0.616050829623609,0.489,0.324,1.25225784549535e-28,"Arterial_endothelial","TXNL4A"
1.39691577251038e-71,0.614605571495824,0.836,0.712,3.42314210053668e-67,"Arterial_endothelial","APLP2"
1.75153058522729e-25,0.614432887704165,0.273,0.159,4.29212569909948e-21,"Arterial_endothelial","BTBD1"
8.34109875032084e-74,0.611810170700411,0.855,0.737,2.04398624876612e-69,"Arterial_endothelial","SELM"
1.32414996571223e-26,0.611475673973727,0.323,0.195,3.24482949097781e-22,"Arterial_endothelial","KCMF1"
1.82710554471203e-45,0.611435812173968,0.694,0.516,4.47732213731684e-41,"Arterial_endothelial","ZBTB38"
3.45711797569586e-30,0.610553424208921,0.468,0.313,8.47166759944271e-26,"Arterial_endothelial","DICER1"
3.15885724233274e-40,0.609697106369087,0.672,0.513,7.74077967233637e-36,"Arterial_endothelial","MAPK3"
4.96337724758791e-19,0.609053754619213,0.255,0.159,1.21627559452142e-14,"Arterial_endothelial","PDCL3"
9.63310082150704e-33,0.605871081346025,0.605,0.44,2.3605913563103e-28,"Arterial_endothelial","TMEM173"
5.98065307830432e-27,0.605827747181751,0.464,0.325,1.46555903683847e-22,"Arterial_endothelial","NTHL1"
5.29617283212914e-35,0.605758944944572,0.475,0.303,1.29782715251325e-30,"Arterial_endothelial","SMAD2"
5.18173979613529e-31,0.604412331921755,0.432,0.276,1.26978533704295e-26,"Arterial_endothelial","MVP"
7.01656820524038e-32,0.603577402619172,0.521,0.366,1.71941003869416e-27,"Arterial_endothelial","ARL5A"
8.02613111914016e-30,0.601232579492384,0.322,0.188,1.9668034307453e-25,"Arterial_endothelial","SMAP1"
9.45835178870513e-19,0.600905539576869,0.263,0.164,2.31776910582219e-14,"Arterial_endothelial","TMEM14A"
5.6164944930302e-33,0.600087882652494,0.587,0.424,1.37632197551705e-28,"Arterial_endothelial","PLP2"
2.98166267966803e-24,0.599542258738978,0.333,0.206,7.30656439652651e-20,"Arterial_endothelial","PLEKHB2"
6.04462056788471e-24,0.59912225513472,0.365,0.237,1.48123427016015e-19,"Arterial_endothelial","CD2BP2"
1.88844018070818e-25,0.597000203699424,0.367,0.234,4.62762266282539e-21,"Arterial_endothelial","RB1"
3.09963236282189e-25,0.596240052850509,0.356,0.227,7.59564910509505e-21,"Arterial_endothelial","TM7SF3"
8.0579867374595e-25,0.595064400610035,0.29,0.172,1.97460965001445e-20,"Arterial_endothelial","ZMPSTE24"
1.53949137467459e-23,0.594681550258767,0.321,0.2,3.77252361364008e-19,"Arterial_endothelial","DUSP22"
3.38000411816881e-24,0.594065842272088,0.319,0.196,8.28270009157268e-20,"Arterial_endothelial","MYEF2"
2.94535300174878e-22,0.593079605434514,0.489,0.359,7.21758753078538e-18,"Arterial_endothelial","HTRA1"
9.43175203340352e-31,0.592487809064243,0.393,0.242,2.31125083578553e-26,"Arterial_endothelial","CDC123"
9.95987272902577e-24,0.590791325911561,0.406,0.276,2.44066681224776e-19,"Arterial_endothelial","RAPGEF1"
1.64523086695341e-29,0.5904903089253,0.449,0.299,4.03163823946933e-25,"Arterial_endothelial","CAT"
2.12031554449135e-20,0.590085631500083,0.404,0.283,5.19583324177605e-16,"Arterial_endothelial","TCF7L1"
3.43674617691599e-23,0.58931872827893,0.268,0.159,8.42174650653263e-19,"Arterial_endothelial","NDRG4"
6.80750038543322e-21,0.589104779887964,0.265,0.162,1.66817796945041e-16,"Arterial_endothelial","HIRIP3"
2.47210361002399e-29,0.588480212898776,0.594,0.447,6.05788989636378e-25,"Arterial_endothelial","PRMT1"
1.03635058294182e-55,0.587620977115087,0.797,0.609,2.53957710349893e-51,"Arterial_endothelial","FAM107A"
2.04769299947305e-24,0.582848859953626,0.345,0.219,5.0178716952087e-20,"Arterial_endothelial","EVI5"
1.61722343102511e-30,0.582236026632892,0.471,0.311,3.96300601772704e-26,"Arterial_endothelial","AAED1"
6.14933138383233e-18,0.582140832988252,0.257,0.163,1.50689365560811e-13,"Arterial_endothelial","UHRF2"
9.53946535379624e-23,0.580867997367551,0.294,0.182,2.33764598494777e-18,"Arterial_endothelial","ZEB2"
1.18435595504441e-29,0.580703130299431,0.457,0.304,2.90226426783633e-25,"Arterial_endothelial","CMIP"
9.27490863844178e-34,0.580523266045371,0.585,0.418,2.27281636185016e-29,"Arterial_endothelial","MXRA7"
2.57318710047802e-39,0.578244808131063,0.684,0.529,6.3055949897214e-35,"Arterial_endothelial","PCMTD1"
2.35889656850834e-27,0.576143128422511,0.497,0.355,5.78047604112968e-23,"Arterial_endothelial","RNF11"
5.5972123153875e-20,0.575953212551806,0.359,0.244,1.37159687788571e-15,"Arterial_endothelial","RNPEPL1"
4.05622011710604e-23,0.57222341568776,0.352,0.227,9.93976739696836e-19,"Arterial_endothelial","EHBP1L1"
8.64391928027399e-67,0.571460636376312,0.855,0.736,2.11819241963114e-62,"Arterial_endothelial","ARPC2"
4.36515595586367e-16,0.571215463317022,0.305,0.207,1.06968146698439e-11,"Arterial_endothelial","TRIM2"
2.67538625729433e-44,0.566687246592838,0.742,0.588,6.55603402349976e-40,"Arterial_endothelial","LAMP1"
8.06848999486542e-117,0.566406748288443,0.972,0.933,1.97718347324177e-112,"Arterial_endothelial","TAGLN2"
5.67298103354726e-21,0.566331643245796,0.344,0.226,1.39016400227076e-16,"Arterial_endothelial","IWS1"
2.18672990714712e-61,0.565440468983985,0.853,0.729,5.35858163746403e-57,"Arterial_endothelial","CAPNS1"
5.03333770876397e-24,0.565328471656514,0.384,0.251,1.23341940553261e-19,"Arterial_endothelial","DTD1"
2.0968982422224e-38,0.564968986732206,0.57,0.394,5.138449142566e-34,"Arterial_endothelial","CDC42EP3"
8.49751385446545e-17,0.564583343368822,0.277,0.181,2.08231577003676e-12,"Arterial_endothelial","PRAF2"
4.51077344722376e-23,0.564321912263188,0.347,0.223,1.10536503324218e-18,"Arterial_endothelial","DR1"
3.08816174209112e-17,0.564080277703959,0.294,0.196,7.56754034899429e-13,"Arterial_endothelial","SENP7"
2.0945707561614e-14,0.562752870896521,0.49,0.394,5.13274563797351e-10,"Arterial_endothelial","MCAM"
1.51458045265986e-24,0.56218276968372,0.345,0.216,3.71147939924298e-20,"Arterial_endothelial","NCOR2"
2.21956890328939e-18,0.561813846599506,0.343,0.232,5.43905359751066e-14,"Arterial_endothelial","GOLPH3"
1.58242285389167e-27,0.561497283239587,0.488,0.335,3.87772720346154e-23,"Arterial_endothelial","TRIM47"
1.82104075675659e-27,0.560533878838054,0.481,0.327,4.46246037443203e-23,"Arterial_endothelial","C7orf50"
7.65492541341232e-34,0.560176492801317,0.568,0.399,1.87583947255669e-29,"Arterial_endothelial","ATL3"
9.52577144443002e-59,0.559639669563464,0.895,0.814,2.33429029245758e-54,"Arterial_endothelial","UTRN"
4.57211260303312e-53,0.558209372209181,0.822,0.705,1.12039619337327e-48,"Arterial_endothelial","TMOD3"
1.78060818107157e-29,0.557745938280348,0.536,0.385,4.36338034771589e-25,"Arterial_endothelial","GOLIM4"
4.26895585158382e-27,0.556439090053259,0.5,0.353,1.04610763143062e-22,"Arterial_endothelial","SMARCA2"
3.91979097965603e-18,0.556224132425263,0.268,0.172,9.60544779564711e-14,"Arterial_endothelial","CDK6"
2.89761477488429e-198,0.555720652392906,0.999,0.998,7.10060500585395e-194,"Arterial_endothelial","PTMA"
2.88876577339147e-52,0.555033072265817,0.786,0.624,7.0789205276958e-48,"Arterial_endothelial","ATP1A1"
4.31595269517587e-28,0.553763851371186,0.349,0.21,1.05762420795285e-23,"Arterial_endothelial","TGFB1I1"
4.20169332346728e-18,0.553744209498729,0.26,0.164,1.02962494891566e-13,"Arterial_endothelial","HDAC5"
4.63671121731019e-25,0.552995586990664,0.39,0.253,1.13622608380186e-20,"Arterial_endothelial","MAGEH1"
9.47737839308242e-19,0.552742267938631,0.358,0.244,2.32243157522485e-14,"Arterial_endothelial","CSNK1G3"
2.07141647831431e-24,0.552062366512481,0.314,0.189,5.07600608010921e-20,"Arterial_endothelial","CHMP1A"
5.67729237661338e-19,0.551877424890471,0.319,0.208,1.39122049688911e-14,"Arterial_endothelial","NELFB"
1.20878196759728e-24,0.55083190328452,0.324,0.199,2.96212021159713e-20,"Arterial_endothelial","FUBP1"
6.25333692194942e-23,0.54958761122114,0.325,0.206,1.53238021272371e-18,"Arterial_endothelial","RICTOR"
3.17854173215983e-18,0.54891075403419,0.306,0.201,7.78901651465765e-14,"Arterial_endothelial","KIFAP3"
2.75067000739683e-22,0.548758484368787,0.285,0.173,6.74051685312592e-18,"Arterial_endothelial","POP7"
2.28568313326185e-18,0.548569739406505,0.25,0.155,5.60106651805817e-14,"Arterial_endothelial","WDR54"
9.44180205224449e-42,0.548472846794728,0.82,0.713,2.31371359290251e-37,"Arterial_endothelial","MYH9"
2.99561735891336e-19,0.548086486165212,0.324,0.214,7.34076033801718e-15,"Arterial_endothelial","NTPCR"
5.93609580898666e-25,0.547624257492415,0.491,0.351,1.45464027799218e-20,"Arterial_endothelial","FAM195B"
2.0032459120884e-24,0.547446512995909,0.43,0.289,4.90895410757262e-20,"Arterial_endothelial","CYFIP1"
2.80848841242832e-21,0.546975846679534,0.448,0.319,6.8822008546556e-17,"Arterial_endothelial","ARID5A"
1.90360270205683e-24,0.546947616607958,0.339,0.213,4.66477842139026e-20,"Arterial_endothelial","ZNF704"
4.17848392585029e-23,0.546865803191012,0.422,0.287,1.02393748602961e-18,"Arterial_endothelial","C6orf89"
2.69117352845608e-27,0.545305437618309,0.44,0.29,6.59472073148161e-23,"Arterial_endothelial","TIMM8B"
7.72719755466297e-21,0.543352360345084,0.357,0.236,1.89354976077016e-16,"Arterial_endothelial","FAM129A"
4.16891295722853e-12,0.542091437818836,0.252,0.174,1.02159212016885e-07,"Arterial_endothelial","SH3D19"
2.19267705040176e-23,0.541105859827369,0.319,0.197,5.37315511200952e-19,"Arterial_endothelial","ATP6V0D1"
3.27881618763656e-38,0.540297508037277,0.694,0.554,8.03473906780339e-34,"Arterial_endothelial","CTNNA1"
1.57818388052879e-84,0.539166146768892,0.929,0.874,3.86733959923579e-80,"Arterial_endothelial","RHOA"
5.21827560712914e-27,0.538824343272168,0.493,0.341,1.278738437527e-22,"Arterial_endothelial","RSU1"
1.00194445858957e-24,0.53799417705768,0.398,0.259,2.45526489577374e-20,"Arterial_endothelial","ABI1"
8.79584099404857e-24,0.537944645285144,0.35,0.223,2.1554208355916e-19,"Arterial_endothelial","TJP2"
6.7638736983537e-19,0.537264997438449,0.335,0.226,1.65748724978157e-14,"Arterial_endothelial","CORO1C"
1.17112126178799e-25,0.536933655827603,0.479,0.332,2.86983265201147e-21,"Arterial_endothelial","LAMP2"
7.0730273838337e-19,0.536389378310389,0.296,0.19,1.73324536040845e-14,"Arterial_endothelial","PCSK7"
6.56912677511089e-26,0.536257305564046,0.559,0.406,1.60976451624092e-21,"Arterial_endothelial","DPP7"
2.02315127034571e-28,0.535314458749404,0.567,0.419,4.95773218798217e-24,"Arterial_endothelial","TM9SF2"
3.61665861052585e-25,0.534331984750813,0.488,0.343,8.86262192509359e-21,"Arterial_endothelial","NAPA"
9.23383619378235e-17,0.533298002304759,0.374,0.266,2.26275155928636e-12,"Arterial_endothelial","CCM2L"
3.37808610305255e-29,0.531624224728221,0.476,0.318,8.27799999553027e-25,"Arterial_endothelial","UBE2E3"
9.20512229710048e-30,0.530770863576903,0.59,0.43,2.25571521890447e-25,"Arterial_endothelial","SDF4"
2.88039448328644e-27,0.52887380124457,0.517,0.363,7.05840668129342e-23,"Arterial_endothelial","TMEM43"
5.3995807356457e-33,0.527393319300306,0.703,0.561,1.32316725926998e-28,"Arterial_endothelial","LIMS2"
4.85072094152072e-30,0.525095065886962,0.621,0.478,1.18866916671965e-25,"Arterial_endothelial","PDLIM5"
2.45393337122465e-115,0.524902188720414,0.984,0.969,6.01336372618601e-111,"Arterial_endothelial","MYL6"
1.20953730208036e-42,0.524624170768117,0.804,0.685,2.96397115874792e-38,"Arterial_endothelial","NDUFC2"
5.21205548435023e-26,0.524566479793605,0.505,0.352,1.27721419644002e-21,"Arterial_endothelial","PIN1"
4.90942800660249e-41,0.524555399347299,0.768,0.63,1.20305533301794e-36,"Arterial_endothelial","ATP5I"
8.36463316247912e-11,0.524268723835452,0.498,0.411,2.04975335646551e-06,"Arterial_endothelial","AMD1"
5.58958908737735e-24,0.522409254734487,0.461,0.323,1.36972880586182e-19,"Arterial_endothelial","PTEN"
9.07075072692552e-148,0.521227938441598,0.984,0.964,2.2227874656331e-143,"Arterial_endothelial","GNAS"
3.32967810712234e-14,0.520942174758247,0.294,0.204,8.15937620150328e-10,"Arterial_endothelial","NCSTN"
1.18320458126206e-35,0.519633820032692,0.413,0.241,2.89944282638267e-31,"Arterial_endothelial","LSR"
1.97020625751851e-31,0.51866046464943,0.656,0.514,4.82799043404912e-27,"Arterial_endothelial","SH3GLB1"
9.78345848766892e-27,0.518435467696056,0.502,0.35,2.39743650240327e-22,"Arterial_endothelial","ILK"
2.38596566690648e-30,0.518309381615514,0.595,0.436,5.84680886675432e-26,"Arterial_endothelial","CIB1"
1.47176865260738e-16,0.517857318495066,0.28,0.185,3.60656908321438e-12,"Arterial_endothelial","RIT1"
6.7906011960861e-25,0.516541660375275,0.522,0.372,1.6640368231009e-20,"Arterial_endothelial","DPYSL3"
9.75552546830304e-22,0.516346724122889,0.279,0.169,2.39059151600766e-17,"Arterial_endothelial","STX2"
9.64201022405181e-40,0.515948379996754,0.749,0.619,2.3627746054039e-35,"Arterial_endothelial","UQCRQ"
9.69955530938203e-69,0.515448516970328,0.933,0.87,2.37687602856407e-64,"Arterial_endothelial","TCF4"
3.33888131475481e-19,0.515204990376318,0.517,0.396,8.18192866180667e-15,"Arterial_endothelial","GIMAP8"
7.71678423721815e-32,0.514890675370295,0.717,0.579,1.89099797733031e-27,"Arterial_endothelial","CYYR1"
3.56754034036937e-17,0.514627210800308,0.278,0.179,8.74225760407514e-13,"Arterial_endothelial","POLD2"
6.21226696071677e-22,0.513967537339627,0.435,0.306,1.52231601872365e-17,"Arterial_endothelial","EVA1C"
7.1812258198677e-23,0.513549497667841,0.456,0.323,1.75975938715858e-18,"Arterial_endothelial","EIF4G1"
1.33376304822865e-25,0.512784625901461,0.531,0.383,3.26838634968431e-21,"Arterial_endothelial","ARHGEF12"
4.89389519777677e-21,0.512478174826351,0.424,0.294,1.1992490182152e-16,"Arterial_endothelial","CDC27"
5.82565735785238e-53,0.512468494402843,0.877,0.74,1.42757733554173e-48,"Arterial_endothelial","KLF6"
5.53757634398445e-18,0.512433053098814,0.26,0.163,1.35698308309339e-13,"Arterial_endothelial","MTA1"
1.01398741386563e-20,0.51216212803513,0.347,0.229,2.48477615767772e-16,"Arterial_endothelial","BTBD6"
1.77254351722369e-30,0.511653942444296,0.621,0.461,4.34361788895665e-26,"Arterial_endothelial","NAA10"
8.87277666418901e-26,0.511501151714404,0.502,0.351,2.17427392155952e-21,"Arterial_endothelial","CTBP2"
2.56904181976394e-19,0.511400978312568,0.424,0.3,6.29543697933153e-15,"Arterial_endothelial","BCL6B"
2.89537779021883e-21,0.511366880177452,0.402,0.274,7.09512327493123e-17,"Arterial_endothelial","DBNL"
2.28736675655644e-27,0.511305773486324,0.591,0.445,5.60519223694155e-23,"Arterial_endothelial","PARP14"
2.93284941636044e-17,0.510673680009937,0.338,0.229,7.18694749479125e-13,"Arterial_endothelial","WWC3"
4.7728832173427e-18,0.510324493081957,0.315,0.207,1.16959503240983e-13,"Arterial_endothelial","CLPTM1L"
1.25675764161838e-22,0.509546902222675,0.468,0.334,3.07968460078585e-18,"Arterial_endothelial","PPP2R2A"
5.42714722968672e-17,0.508900827130838,0.305,0.202,1.32992242863473e-12,"Arterial_endothelial","AMFR"
2.58926802355153e-28,0.508893838721782,0.547,0.385,6.34500129171303e-24,"Arterial_endothelial","NDUFB3"
2.15410923245095e-15,0.508491247029522,0.332,0.233,5.27864467412106e-11,"Arterial_endothelial","SPATA13"
3.37715516859613e-98,0.508222695091504,0.959,0.928,8.27571874064483e-94,"Arterial_endothelial","ATP5E"
1.15437231090009e-26,0.507845910167991,0.605,0.471,2.82878934786067e-22,"Arterial_endothelial","CYB5A"
3.11827011603432e-18,0.507454416438435,0.33,0.221,7.64132091934211e-14,"Arterial_endothelial","TTC28"
8.28449953384341e-16,0.507101818968458,0.323,0.224,2.03011661076833e-11,"Arterial_endothelial","COMMD2"
2.62649424734012e-32,0.50706626677264,0.633,0.464,6.43622415310697e-28,"Arterial_endothelial","ATP5G3"
3.3644847663913e-22,0.506473632919276,0.415,0.287,8.24466992004188e-18,"Arterial_endothelial","ADI1"
7.6580894167274e-21,0.50627591053369,0.286,0.177,1.87661481156905e-16,"Arterial_endothelial","PSMD14"
1.7996788730052e-14,0.506165246943693,0.257,0.171,4.41011307829925e-10,"Arterial_endothelial","SMIM15"
5.13221452872085e-13,0.505147107379251,0.368,0.274,1.25764917026304e-08,"Arterial_endothelial","INSR"
4.99270238302932e-22,0.504759407627831,0.261,0.153,1.22346171896134e-17,"Arterial_endothelial","GLT8D1"
5.94704039713944e-14,0.50464866822285,0.287,0.196,1.45732224931902e-09,"Arterial_endothelial","CARHSP1"
3.34917974968772e-22,0.503645382516337,0.391,0.261,8.20716497660977e-18,"Arterial_endothelial","RAPGEF2"
2.99191255582619e-19,0.503216401244746,0.325,0.212,7.33168171805207e-15,"Arterial_endothelial","NAPRT"
2.91531140553888e-16,0.502876765811798,0.289,0.192,7.14397059927303e-12,"Arterial_endothelial","PTAR1"
3.91937811603219e-17,0.502029926878104,0.284,0.185,9.60443607333687e-13,"Arterial_endothelial","C10orf128"
5.83068140828775e-22,0.502010114507633,0.281,0.17,1.42880847910091e-17,"Arterial_endothelial","BROX"
6.31328474003508e-20,0.501850714746972,0.415,0.293,1.5470704255456e-15,"Arterial_endothelial","CCSER2"
4.43784414066606e-21,0.501620388983285,0.397,0.268,1.08749370667022e-16,"Arterial_endothelial","IST1"
3.54044847832175e-22,0.501078148764525,0.44,0.304,8.67586899612745e-18,"Arterial_endothelial","ZFAND6"
5.07399552821986e-21,0.500793945122107,0.464,0.332,1.24338260419028e-16,"Arterial_endothelial","SEPN1"
2.46745872031308e-23,0.500257621676463,0.458,0.317,6.0465075941272e-19,"Arterial_endothelial","ZNF428"
4.06572133421914e-18,0.499374289842658,0.37,0.255,9.963050129504e-14,"Arterial_endothelial","SNAPIN"
1.80124010939876e-25,0.498931767776049,0.454,0.31,4.41393888808165e-21,"Arterial_endothelial","BTBD7"
2.73457774586163e-132,0.49781843575482,0.994,0.993,6.70108276623393e-128,"Arterial_endothelial","IFITM3"
7.5112837019067e-29,0.496260334845141,0.619,0.455,1.84064007115224e-24,"Arterial_endothelial","MAP3K11"
2.20430298601949e-17,0.495675602100166,0.34,0.234,5.40164446724075e-13,"Arterial_endothelial","TRIM22"
2.5559404364015e-20,0.49520289097986,0.384,0.261,6.26333203940187e-16,"Arterial_endothelial","PARVB"
1.58850300866714e-22,0.49481226978357,0.611,0.467,3.89262662273882e-18,"Arterial_endothelial","HSPA5"
1.87482894137857e-46,0.494424881388816,0.813,0.693,4.59426832084818e-42,"Arterial_endothelial","ATP6V0E1"
2.41442184290348e-22,0.493885652295609,0.421,0.284,5.91654072603498e-18,"Arterial_endothelial","CYB5B"
1.43033896253223e-20,0.493742930597562,0.306,0.194,3.50504562768524e-16,"Arterial_endothelial","PGP"
3.09677006329513e-68,0.493441377404235,0.905,0.832,7.58863504010473e-64,"Arterial_endothelial","APP"
2.07035060823729e-27,0.492593718351049,0.626,0.484,5.07339416548547e-23,"Arterial_endothelial","PTP4A2"
5.60711338422356e-19,0.49234219575519,0.294,0.189,1.37402313480398e-14,"Arterial_endothelial","EEF1E1"
7.1788481524447e-50,0.492306753251771,0.875,0.783,1.75917673975657e-45,"Arterial_endothelial","GNG5"
6.21205718579214e-24,0.492105870395585,0.449,0.307,1.52226461337836e-19,"Arterial_endothelial","DNAJC10"
3.21468782197641e-27,0.491649718102231,0.585,0.436,7.8775925077532e-23,"Arterial_endothelial","HIGD2A"
5.62057051149206e-16,0.490635831270218,0.314,0.213,1.37732080384113e-11,"Arterial_endothelial","TSTA3"
4.27456701802187e-34,0.49027989010329,0.675,0.529,1.04748264776626e-29,"Arterial_endothelial","PTPN12"
1.05636240447654e-18,0.490175694729539,0.289,0.183,2.58861607216977e-14,"Arterial_endothelial","TSPAN31"
4.23273703514807e-14,0.489843908952043,0.286,0.194,1.03723221046304e-09,"Arterial_endothelial","ECHDC1"
9.20282607306626e-17,0.48975267706435,0.284,0.186,2.25515252920489e-12,"Arterial_endothelial","DNAJB12"
1.62292689874782e-17,0.489256027100079,0.477,0.358,3.97698236538154e-13,"Arterial_endothelial","C10orf54"
1.42722823902957e-23,0.488668611901799,0.504,0.356,3.49742279974196e-19,"Arterial_endothelial","PET100"
1.47647567058199e-13,0.488089926199768,0.253,0.169,3.61810363076117e-09,"Arterial_endothelial","DUSP3"
2.89994821297342e-22,0.487560113848985,0.533,0.394,7.10632309589137e-18,"Arterial_endothelial","PSMD7"
4.14076167949006e-19,0.487162561195303,0.34,0.223,1.01469364955904e-14,"Arterial_endothelial","HAT1"
5.84499741106595e-14,0.486163190836853,0.29,0.199,1.43231661558171e-09,"Arterial_endothelial","NXN"
2.00542303753701e-59,0.486023908733378,0.924,0.864,4.91428915348445e-55,"Arterial_endothelial","PFN1"
1.15120015414765e-12,0.484620207439897,0.275,0.191,2.82101597773881e-08,"Arterial_endothelial","CBY1"
9.24350174146472e-32,0.483851245860811,0.69,0.538,2.26512010174593e-27,"Arterial_endothelial","PSMB6"
3.78028395233731e-16,0.483471905998526,0.272,0.177,9.26358582520259e-12,"Arterial_endothelial","PKD1"
1.54470907229013e-27,0.482109234985256,0.564,0.407,3.78530958164695e-23,"Arterial_endothelial","EPS8"
4.75765165789365e-15,0.481199367556793,0.259,0.168,1.16586253876684e-10,"Arterial_endothelial","PPP2R3C"
1.03838163661392e-16,0.480919723563308,0.287,0.188,2.54455420052241e-12,"Arterial_endothelial","BLOC1S2"
9.52658580918027e-24,0.48037225781591,0.442,0.301,2.33448985253962e-19,"Arterial_endothelial","CAMK2D"
8.26392997489525e-17,0.478636799405402,0.409,0.294,2.02507604034808e-12,"Arterial_endothelial","ARL3"
1.12350606328516e-18,0.478276408561634,0.5,0.375,2.75315160808028e-14,"Arterial_endothelial","MKL2"
5.50109982733157e-20,0.477629884628503,0.414,0.288,1.3480445126876e-15,"Arterial_endothelial","MPC1"
1.89230291179109e-22,0.477409110375117,0.427,0.29,4.63708828534407e-18,"Arterial_endothelial","DECR1"
1.01113417431805e-12,0.475528304663848,0.345,0.251,2.47778429416637e-08,"Arterial_endothelial","BAG3"
6.72472140902608e-35,0.474793721950324,0.747,0.611,1.64789298128184e-30,"Arterial_endothelial","CHMP2A"
5.71969548888739e-16,0.474605878198725,0.386,0.279,1.40161137955186e-11,"Arterial_endothelial","NCOA3"
2.82945864185876e-15,0.474406662196834,0.436,0.322,6.9335884018749e-11,"Arterial_endothelial","ADCY4"
5.69922320933777e-18,0.472950497598367,0.265,0.167,1.39659464744822e-13,"Arterial_endothelial","LDLRAD4"
6.84940060431862e-22,0.472328618436592,0.58,0.438,1.67844561808828e-17,"Arterial_endothelial","PDCD6IP"
3.06124446005712e-16,0.472263675975586,0.337,0.229,7.50157954936998e-12,"Arterial_endothelial","TAOK2"
1.06601096494553e-17,0.471414972903136,0.473,0.352,2.61225986959903e-13,"Arterial_endothelial","CYBRD1"
2.91221765648348e-27,0.469271158224103,0.563,0.4,7.13638936721278e-23,"Arterial_endothelial","SEPT9"
4.74391888923607e-33,0.469174546325679,0.725,0.589,1.1624973238073e-28,"Arterial_endothelial","RP11-382A20.3"
6.15834781369069e-19,0.469119137591005,0.293,0.185,1.5091031317449e-14,"Arterial_endothelial","HRAS"
4.48169504670818e-15,0.467808924673275,0.26,0.171,1.09823937119584e-10,"Arterial_endothelial","ATMIN"
1.1300375478969e-14,0.467462534364445,0.255,0.168,2.76915701112134e-10,"Arterial_endothelial","MKRN1"
3.01455547924757e-18,0.467307485805334,0.491,0.363,7.38716820189617e-14,"Arterial_endothelial","MRPL54"
2.23195655865381e-22,0.467025671124117,0.418,0.281,5.46940954698115e-18,"Arterial_endothelial","CAPZA1"
3.20026786184209e-15,0.466211653443354,0.321,0.221,7.84225639544403e-11,"Arterial_endothelial","CEP164"
2.9906168609901e-11,0.465994876442446,0.301,0.218,7.32850661785623e-07,"Arterial_endothelial","TP53TG1"
5.52418609719359e-17,0.4641139851162,0.301,0.199,1.35370180311729e-12,"Arterial_endothelial","SSBP2"
1.13493013056305e-31,0.463748405174737,0.75,0.62,2.78114628494475e-27,"Arterial_endothelial","S100A16"
6.1037491693691e-27,0.462424744918564,0.658,0.527,1.4957237339539e-22,"Arterial_endothelial","DYNC1LI2"
1.16113459538887e-19,0.461339275893125,0.418,0.293,2.84536032600044e-15,"Arterial_endothelial","CBX6"
1.62779462352333e-16,0.460827934872729,0.36,0.249,3.98891072494391e-12,"Arterial_endothelial","FAM129B"
2.8394169195289e-13,0.458899261377816,0.289,0.2,6.95799116130557e-09,"Arterial_endothelial","GIPC1"
2.34450856654804e-19,0.457497622862995,0.323,0.208,5.74521824232596e-15,"Arterial_endothelial","COMMD3"
9.24693677291649e-19,0.456763107968704,0.424,0.299,2.26596185620319e-14,"Arterial_endothelial","RIOK3"
7.61052982439092e-27,0.455952630974679,0.691,0.561,1.86496033346699e-22,"Arterial_endothelial","TMED9"
3.25629560469633e-07,0.455841524765713,0.295,0.231,0.00797955237930837,"Arterial_endothelial","NPNT"
5.72981401819775e-28,0.455426546322558,0.712,0.58,1.40409092515936e-23,"Arterial_endothelial","MINOS1"
6.80575405010856e-20,0.454624321532994,0.44,0.309,1.6677500299791e-15,"Arterial_endothelial","SSNA1"
3.71422763525095e-15,0.45419166143435,0.28,0.186,9.10171482018244e-11,"Arterial_endothelial","ZC2HC1A"
4.64066785936998e-25,0.454051820678518,0.61,0.468,1.13719565893861e-20,"Arterial_endothelial","DDAH2"
5.88565265379875e-18,0.453037003289965,0.502,0.377,1.44227918281338e-13,"Arterial_endothelial","UBE2H"
1.9007967048388e-24,0.452090343258725,0.521,0.37,4.65790232520748e-20,"Arterial_endothelial","DYNLT1"
3.8528816970977e-21,0.45200021796888,0.374,0.247,9.4414865987379e-17,"Arterial_endothelial","ARID1A"
2.94207319115805e-15,0.451501285078295,0.424,0.314,7.2095503549328e-11,"Arterial_endothelial","MYC"
9.62917208600562e-16,0.451421635028625,0.362,0.253,2.35962861967568e-11,"Arterial_endothelial","ATF6B"
7.41293340753766e-12,0.451240885934519,0.377,0.285,1.8165393315171e-07,"Arterial_endothelial","SOX7"
5.47938885517428e-32,0.451193092744266,0.713,0.569,1.34272423896046e-27,"Arterial_endothelial","UBE2B"
4.27971360402144e-10,0.450486493941891,0.29,0.216,1.04874381866545e-05,"Arterial_endothelial","EZR"
1.05344968190248e-14,0.450138347121995,0.372,0.267,2.58147844550204e-10,"Arterial_endothelial","ASNA1"
3.77268740148056e-20,0.448744982430778,0.491,0.353,9.24497047732812e-16,"Arterial_endothelial","CCDC124"
4.38127930332927e-27,0.44788164960112,0.673,0.536,1.07363249328084e-22,"Arterial_endothelial","SP100"
4.48242128522348e-16,0.446683093302774,0.346,0.239,1.09841733594401e-11,"Arterial_endothelial","LINC00998"
1.42085545776927e-16,0.446510910869619,0.388,0.274,3.4818062992636e-12,"Arterial_endothelial","MAPRE1"
1.31708989824864e-21,0.446297098949926,0.577,0.44,3.22752879565828e-17,"Arterial_endothelial","NFAT5"
3.7718496653482e-18,0.446275417316143,0.309,0.202,9.24291760493576e-14,"Arterial_endothelial","NOVA2"
4.98442790644553e-19,0.445904271859585,0.391,0.269,1.22143405847448e-14,"Arterial_endothelial","WDR82"
8.56701034966781e-28,0.445315319692863,0.694,0.558,2.0993458861861e-23,"Arterial_endothelial","BANF1"
3.73980580337455e-22,0.443379680411961,0.565,0.425,9.16439412116934e-18,"Arterial_endothelial","TRAPPC1"
2.44432348393414e-18,0.443347063977605,0.352,0.237,5.98981469738062e-14,"Arterial_endothelial","SLAIN2"
1.59055470937905e-62,0.442946448833806,0.949,0.921,3.89765431533335e-58,"Arterial_endothelial","MYL12B"
2.97289977102748e-21,0.442376431928642,0.631,0.507,7.28509088890285e-17,"Arterial_endothelial","CTSZ"
5.08572574717921e-20,0.442374966728828,0.478,0.344,1.24625709434627e-15,"Arterial_endothelial","POLR2G"
2.63988173098071e-11,0.442271649206122,0.294,0.213,6.46903018176823e-07,"Arterial_endothelial","ACACB"
3.41041873180855e-13,0.442050954116596,0.279,0.192,8.35723110229684e-09,"Arterial_endothelial","VPS25"
1.10623575643338e-30,0.440485433086819,0.767,0.656,2.71083072114e-26,"Arterial_endothelial","SEC61B"
3.12067250114148e-17,0.440341646839022,0.403,0.285,7.64720796404719e-13,"Arterial_endothelial","APC"
3.72170942727466e-19,0.440235570214543,0.469,0.337,9.12004895153656e-15,"Arterial_endothelial","NOSIP"
2.44886028812968e-18,0.440170027145481,0.507,0.38,6.00093213606177e-14,"Arterial_endothelial","RAB10"
1.08009020433112e-15,0.439575965623403,0.304,0.204,2.64676104571341e-11,"Arterial_endothelial","AFTPH"
1.72995421146916e-20,0.43951533619574,0.564,0.43,4.23925279520518e-16,"Arterial_endothelial","ARPC4"
4.9799859218623e-27,0.439238725803155,0.754,0.656,1.22034555015236e-22,"Arterial_endothelial","PSIP1"
1.00372618105175e-23,0.437651023718603,0.616,0.476,2.45963100666732e-19,"Arterial_endothelial","SHISA5"
4.4783595652356e-12,0.436664832352226,0.264,0.182,1.09742201146098e-07,"Arterial_endothelial","WRB"
6.97500439612353e-27,0.436391300025509,0.679,0.541,1.70922482727007e-22,"Arterial_endothelial","ATP6AP2"
4.10515097510444e-17,0.435490009069471,0.669,0.575,1.00596724644934e-12,"Arterial_endothelial","LPP"
7.50792372151138e-18,0.435233759462136,0.319,0.212,1.83981670795636e-13,"Arterial_endothelial","PLOD3"
2.14551026560125e-16,0.434870763733433,0.335,0.23,5.25757290585586e-12,"Arterial_endothelial","GABPA"
1.54711878780122e-17,0.434751704767481,0.499,0.371,3.7912145895069e-13,"Arterial_endothelial","AIDA"
5.29388800234185e-13,0.434243064327403,0.283,0.196,1.29726725497387e-08,"Arterial_endothelial","RAB12"
2.14085579391438e-31,0.434226241026579,0.752,0.626,5.24616712298718e-27,"Arterial_endothelial","RAB2A"
1.97307260173664e-15,0.433319777195781,0.408,0.295,4.83501441055564e-11,"Arterial_endothelial","GTF3C6"
3.64392360718495e-14,0.433135704246239,0.25,0.164,8.92943479940672e-10,"Arterial_endothelial","DTX3L"
2.00398903469684e-14,0.432679870915013,0.277,0.185,4.91077512952461e-10,"Arterial_endothelial","SH3BP2"
4.85310903264535e-19,0.432217775332152,0.406,0.283,1.18925436844974e-14,"Arterial_endothelial","UBTF"
3.02623906702045e-16,0.432168278135138,0.354,0.245,7.41579883373361e-12,"Arterial_endothelial","MANF"
5.80802022082541e-16,0.431755474648832,0.426,0.312,1.42325535511327e-11,"Arterial_endothelial","REST"
2.14963447038371e-21,0.431680357107743,0.623,0.5,5.26767926967528e-17,"Arterial_endothelial","DYNC1I2"
4.74305171841628e-19,0.431445801195769,0.48,0.349,1.16228482359791e-14,"Arterial_endothelial","FAM120A"
8.38493992077537e-15,0.431215043607493,0.316,0.217,2.054729527586e-10,"Arterial_endothelial","APMAP"
7.45497678245218e-18,0.430924985715806,0.364,0.248,1.82684206053991e-13,"Arterial_endothelial","AKT1"
4.21735642328117e-12,0.430922576551374,0.31,0.221,1.03346319152505e-07,"Arterial_endothelial","CWC27"
1.7174872011189e-08,0.42988411503473,0.27,0.202,0.000420870238634188,"Arterial_endothelial","GALNT18"
2.57191462249662e-15,0.429735875144775,0.375,0.267,6.30247678242797e-11,"Arterial_endothelial","ASAP2"
1.04389779022019e-16,0.428917112599003,0.325,0.219,2.55807153493458e-12,"Arterial_endothelial","CLN5"
2.56005823115269e-29,0.428055130201411,0.747,0.619,6.27342269543968e-25,"Arterial_endothelial","DPYSL2"
4.53387467018755e-18,0.427882014848393,0.379,0.262,1.11102598792946e-13,"Arterial_endothelial","CHMP4B"
1.17737599783246e-24,0.427638427634046,0.659,0.528,2.88515988268845e-20,"Arterial_endothelial","BNIP2"
1.00705241979876e-21,0.427619203716809,0.518,0.379,2.46778195471685e-17,"Arterial_endothelial","PPP2CB"
3.45041048307741e-16,0.42735354014243,0.548,0.429,8.4552308887812e-12,"Arterial_endothelial","PHPT1"
3.9483787669517e-26,0.427003085121104,0.86,0.797,9.67550216841514e-22,"Arterial_endothelial","HYAL2"
4.60250995779347e-26,0.426710326777027,0.691,0.553,1.12784506515729e-21,"Arterial_endothelial","ATP6V1F"
1.6457086019671e-46,0.426386827876275,0.881,0.806,4.03280892912037e-42,"Arterial_endothelial","EMP2"
7.11659017796572e-17,0.426083666203067,0.453,0.335,1.7439204231105e-12,"Arterial_endothelial","UFD1L"
7.5755221841199e-19,0.425771495863069,0.546,0.412,1.85638171121858e-14,"Arterial_endothelial","PPP1CA"
1.70422245826063e-24,0.425740190719625,0.593,0.445,4.17619713396766e-20,"Arterial_endothelial","EIF2AK2"
3.14060902515531e-14,0.424822266947517,0.32,0.224,7.69606241614308e-10,"Arterial_endothelial","BECN1"
6.37259090766113e-21,0.424152920807881,0.553,0.414,1.56160340192236e-16,"Arterial_endothelial","YPEL3"
3.36769939839156e-74,0.423393669628232,0.958,0.925,8.25254737575852e-70,"Arterial_endothelial","CFL1"
2.42292233603523e-16,0.423373705160603,0.316,0.211,5.93737118445433e-12,"Arterial_endothelial","LSM12"
9.27356263762922e-16,0.423161590186195,0.483,0.362,2.27248652435104e-11,"Arterial_endothelial","PCGF2"
1.3915480928026e-36,0.422969401539915,0.826,0.704,3.40998860141277e-32,"Arterial_endothelial","CDC37"
1.05241277031046e-13,0.422644559179835,0.328,0.229,2.57893749364577e-09,"Arterial_endothelial","NMI"
2.53962656317397e-17,0.42248803343601,0.554,0.424,6.22335489305781e-13,"Arterial_endothelial","H2AFV"
1.52635739972911e-13,0.421349563837047,0.473,0.371,3.74033880803618e-09,"Arterial_endothelial","UBE2J1"
4.5680961498808e-17,0.419140002057822,0.535,0.415,1.11941196152829e-12,"Arterial_endothelial","DNAJC15"
2.20558300664523e-44,0.418799312112719,0.921,0.876,5.40478115778414e-40,"Arterial_endothelial","PALMD"
3.44372887972373e-14,0.418180087541838,0.32,0.223,8.438857619763e-10,"Arterial_endothelial","EXOC7"
1.14996818958638e-14,0.417885809307573,0.355,0.254,2.81799704858143e-10,"Arterial_endothelial","NUTF2"
1.78346233863664e-24,0.417630209324644,0.667,0.533,4.3703744608291e-20,"Arterial_endothelial","FKBP2"
2.83901513574268e-15,0.417243312590869,0.331,0.226,6.95700659013743e-11,"Arterial_endothelial","DAB2IP"
2.10534927746765e-21,0.41696663883371,0.643,0.508,5.15915840443448e-17,"Arterial_endothelial","RHEB"
1.1153686718348e-10,0.416605392313582,0.323,0.239,2.73321093033118e-06,"Arterial_endothelial","RALGAPA1"
1.35175165594e-17,0.416424351840796,0.454,0.332,3.31246743288097e-13,"Arterial_endothelial","TMEM248"
3.65855774403632e-20,0.416354158276194,0.596,0.468,8.965295751761e-16,"Arterial_endothelial","PGAM1"
1.97983803406247e-20,0.415704540251088,0.505,0.367,4.85159310247009e-16,"Arterial_endothelial","GLG1"
4.49601484338112e-20,0.414811738983315,0.568,0.43,1.10174843737054e-15,"Arterial_endothelial","ADAR"
7.1307300262992e-24,0.414168999558515,0.647,0.511,1.74738539294462e-19,"Arterial_endothelial","MTPN"
2.42399842117019e-16,0.413283011571704,0.396,0.28,5.94000813107755e-12,"Arterial_endothelial","HMG20B"
1.22182390108143e-10,0.413207571040396,0.35,0.262,2.99407946960004e-06,"Arterial_endothelial","GLTP"
9.99637649844899e-12,0.413150459926926,0.253,0.173,2.44961206094493e-07,"Arterial_endothelial","NMD3"
1.62257579082491e-11,0.413146918516061,0.343,0.252,3.97612197541643e-07,"Arterial_endothelial","PRKAA1"
3.23155438711555e-14,0.412782702431415,0.336,0.237,7.91892402562664e-10,"Arterial_endothelial","NDUFA9"
4.1446576614959e-12,0.412629398217536,0.264,0.182,1.01564835994957e-07,"Arterial_endothelial","P4HTM"
1.03306649084336e-25,0.412118791465023,0.732,0.623,2.53152943581165e-21,"Arterial_endothelial","GNB2"
2.97692482066427e-18,0.411082841938255,0.483,0.353,7.29495427303779e-14,"Arterial_endothelial","SSR1"
2.15381119752646e-14,0.410801905843512,0.33,0.228,5.27791433953858e-10,"Arterial_endothelial","ITFG1"
3.65933836875145e-15,0.410790334700748,0.303,0.203,8.96720867262544e-11,"Arterial_endothelial","WDFY1"
2.27370790307226e-11,0.410572640904722,0.31,0.224,5.57172121647858e-07,"Arterial_endothelial","ZNF580"
3.66363977007949e-20,0.409757745797652,0.509,0.371,8.97774925657979e-16,"Arterial_endothelial","MYOF"
2.67188982354238e-20,0.409152399265442,0.611,0.48,6.54746601259061e-16,"Arterial_endothelial","VKORC1"
9.25996666884596e-20,0.40907692103581,0.511,0.373,2.2691548322007e-15,"Arterial_endothelial","MED4"
8.99919603189477e-16,0.408727348484904,0.456,0.336,2.20525298761581e-11,"Arterial_endothelial","ACTR10"
2.26048926302194e-13,0.40830964525865,0.338,0.244,5.53932893903526e-09,"Arterial_endothelial","HERC1"
5.02959529852921e-19,0.407906796937671,0.58,0.44,1.23250232790458e-14,"Arterial_endothelial","TMEM147"
2.0490933281141e-22,0.407883338287469,0.683,0.552,5.02130320054361e-18,"Arterial_endothelial","MTCH1"
3.63213126708073e-25,0.40633772466926,0.693,0.544,8.90053766998132e-21,"Arterial_endothelial","NDUFS6"
8.29945461377374e-22,0.40631014598777,0.639,0.503,2.03378135310525e-17,"Arterial_endothelial","MYCT1"
5.05182023651329e-10,0.405414105478799,0.26,0.186,1.23794854895758e-05,"Arterial_endothelial","TM2D2"
1.7147848045478e-16,0.40506032180263,0.48,0.361,4.20208016354438e-12,"Arterial_endothelial","CTNND1"
6.34696489314649e-20,0.404532454505401,0.531,0.394,1.55532374706555e-15,"Arterial_endothelial","POLR2J"
7.07735049621598e-15,0.404388742643794,0.474,0.356,1.73430473909773e-10,"Arterial_endothelial","H2AFY"
2.37633612140836e-66,0.404345042238085,0.962,0.923,5.82321166551118e-62,"Arterial_endothelial","CD99"
7.14002990058397e-16,0.402897133678436,0.303,0.201,1.7496643271381e-11,"Arterial_endothelial","ISG20"
1.99294619640517e-39,0.40246291429794,0.771,0.591,4.88371465429086e-35,"Arterial_endothelial","MT2A"
2.86305922833196e-11,0.401873598571582,0.278,0.198,7.01592663902748e-07,"Arterial_endothelial","RUFY3"
9.69601095219106e-14,0.401197994875107,0.358,0.258,2.37600748383442e-09,"Arterial_endothelial","NPEPPS"
1.40272107363893e-30,0.400990677318871,0.79,0.683,3.43736799095219e-26,"Arterial_endothelial","IQGAP1"
6.85545595697679e-52,0.400836789731243,0.967,0.936,1.67992948225716e-47,"Arterial_endothelial","IFITM2"
7.00446305439046e-15,0.400607588830365,0.488,0.378,1.71644367147838e-10,"Arterial_endothelial","FRY"
1.77747624501825e-15,0.400277229792804,0.415,0.299,4.35570553841723e-11,"Arterial_endothelial","PEPD"
6.84143589816758e-24,0.400197637402986,0.719,0.607,1.67649386684597e-19,"Arterial_endothelial","NDUFA13"
3.44913309007602e-16,0.400191440769051,0.444,0.326,8.45210063723129e-12,"Arterial_endothelial","IGF1R"
1.10453841202864e-14,0.399987904435446,0.415,0.305,2.70667137867618e-10,"Arterial_endothelial","LINC01116"
3.86105767798586e-16,0.399419425781166,0.555,0.436,9.46152183990435e-12,"Arterial_endothelial","PDAP1"
2.0363677481588e-17,0.398515076996841,0.537,0.41,4.99011916686315e-13,"Arterial_endothelial","ATP5J2"
1.0099668914908e-15,0.398478219454583,0.316,0.212,2.4749238675982e-11,"Arterial_endothelial","SEC23A"
1.1939218162918e-21,0.398278243620786,0.556,0.413,2.92570541082305e-17,"Arterial_endothelial","SYNGR2"
4.1293659594885e-09,0.397533393775853,0.26,0.19,0.000101190112837266,"Arterial_endothelial","CASP7"
2.26965188658083e-11,0.39749039471468,0.426,0.338,5.56178194806633e-07,"Arterial_endothelial","PMEPA1"
5.37288964865081e-20,0.39742883688388,0.558,0.419,1.31662660840188e-15,"Arterial_endothelial","PSMC3"
2.84068509744625e-13,0.396601977828113,0.42,0.314,6.96109883129203e-09,"Arterial_endothelial","ZBTB16"
3.68403449168719e-15,0.395963707094147,0.304,0.205,9.02772652187947e-11,"Arterial_endothelial","C7orf73"
1.02136691776472e-10,0.395391335830027,0.26,0.185,2.50285963198245e-06,"Arterial_endothelial","RABGGTB"
2.01767527697014e-15,0.395366526711367,0.352,0.245,4.94431326621532e-11,"Arterial_endothelial","TMED7"
8.1119981862298e-15,0.395029143428351,0.456,0.343,1.98784515553561e-10,"Arterial_endothelial","SMIM14"
1.09158828139913e-15,0.3948451618065,0.343,0.235,2.67493708356857e-11,"Arterial_endothelial","ERGIC1"
1.46533966447573e-13,0.394712176303651,0.297,0.204,3.59081484779778e-09,"Arterial_endothelial","TPRG1L"
5.21816361062591e-16,0.392861290889348,0.553,0.441,1.27871099278388e-11,"Arterial_endothelial","LTBP3"
1.28865039498034e-23,0.392351650813879,0.774,0.667,3.15783779289933e-19,"Arterial_endothelial","PLEC"
9.74478117716438e-42,0.391600061472311,0.873,0.799,2.38795862746413e-37,"Arterial_endothelial","ARL6IP5"
9.20208338638282e-13,0.391409652356657,0.307,0.217,2.25497053383311e-08,"Arterial_endothelial","B3GNT2"
4.74226319907488e-14,0.391278812772464,0.844,0.79,1.1620915969333e-09,"Arterial_endothelial","RDX"
2.16143652880042e-17,0.391207431559042,0.461,0.337,5.29660021382542e-13,"Arterial_endothelial","ANXA4"
1.91220221750833e-17,0.390896493502763,0.439,0.317,4.68585153400416e-13,"Arterial_endothelial","UBE2Q2"
1.02345572336718e-09,0.390834527865108,0.288,0.209,2.50797825011127e-05,"Arterial_endothelial","MRPL12"
5.39997765852841e-22,0.390654491307137,0.708,0.591,1.32326452522239e-17,"Arterial_endothelial","EIF5B"
1.03985106302218e-47,0.390102370730761,0.906,0.86,2.54815502993586e-43,"Arterial_endothelial","PSAP"
9.01588056401824e-20,0.389210298157539,0.49,0.35,2.20934153221267e-15,"Arterial_endothelial","DYNLT3"
1.96246755100616e-29,0.388901624987049,0.811,0.723,4.80902673374061e-25,"Arterial_endothelial","NDUFS5"
1.90015515669635e-12,0.38888678403502,0.34,0.246,4.6563302114844e-08,"Arterial_endothelial","POLR2B"
3.41524601579555e-11,0.388685886442839,0.275,0.193,8.36906036170699e-07,"Arterial_endothelial","AP3B1"
1.2853413450845e-16,0.388342707997469,0.314,0.208,3.14972896612958e-12,"Arterial_endothelial","MRPS23"
5.47844457664436e-10,0.388117215023171,0.261,0.187,1.3424928435067e-05,"Arterial_endothelial","ZYG11B"
8.03712798739403e-16,0.387507984302433,0.406,0.29,1.96949821331091e-11,"Arterial_endothelial","LTA4H"
2.78871656403471e-14,0.386422454898181,0.318,0.219,6.83374994016707e-10,"Arterial_endothelial","PHF11"
4.47613870830059e-15,0.386362669737453,0.362,0.255,1.09687779046906e-10,"Arterial_endothelial","RABGAP1"
2.47903339106754e-11,0.385988531725164,0.408,0.309,6.074871324811e-07,"Arterial_endothelial","RBFOX2"
3.32902167069257e-16,0.385603486306823,0.346,0.238,8.15776760403214e-12,"Arterial_endothelial","DENND5A"
9.78923897557587e-10,0.385416230265063,0.276,0.201,2.39885301096487e-05,"Arterial_endothelial","ARMC1"
9.73416390421661e-17,0.384798894267068,0.589,0.482,2.38535686472828e-12,"Arterial_endothelial","TMX4"
5.1891790626852e-15,0.384371624630653,0.343,0.238,1.27160832931101e-10,"Arterial_endothelial","CBX1"
2.55242273370954e-17,0.3840514016405,0.495,0.37,6.25471190895524e-13,"Arterial_endothelial","AP2B1"
3.10183598638404e-20,0.384038892759406,0.662,0.529,7.60104908463409e-16,"Arterial_endothelial","YWHAQ"
1.3719401974878e-11,0.383893099129407,0.322,0.234,3.36193945394386e-07,"Arterial_endothelial","SBNO1"
4.35664294510938e-48,0.383760991065098,0.918,0.843,1.06759535369905e-43,"Arterial_endothelial","NPDC1"
8.49242618757806e-34,0.383349078167831,0.853,0.774,2.081069037266e-29,"Arterial_endothelial","MMRN2"
2.70204779823996e-12,0.38333871499177,0.302,0.213,6.62136812958703e-08,"Arterial_endothelial","MCTS1"
2.82171148849523e-15,0.382831145909291,0.401,0.288,6.91460400255757e-11,"Arterial_endothelial","COA3"
2.11017949124496e-12,0.382220505693096,0.389,0.288,5.17099484329578e-08,"Arterial_endothelial","EXOSC6"
1.39069670933803e-15,0.381913367288402,0.326,0.221,3.40790228623283e-11,"Arterial_endothelial","ARAP3"
1.34911407240262e-20,0.38166830027301,0.606,0.469,3.30600403442262e-16,"Arterial_endothelial","DCTN3"
8.57148703663674e-18,0.380698351022825,0.646,0.526,2.10044289832783e-13,"Arterial_endothelial","SNX6"
1.06304884145702e-24,0.380640958526914,0.742,0.626,2.60500118599044e-20,"Arterial_endothelial","KIF5B"
2.32598025363537e-21,0.380222547656683,0.732,0.624,5.69981461153348e-17,"Arterial_endothelial","SERPINB6"
2.29805592106736e-13,0.380107106039528,0.406,0.301,5.63138603457556e-09,"Arterial_endothelial","VDAC1"
1.45000210798561e-13,0.380101204582585,0.352,0.251,3.55323016561874e-09,"Arterial_endothelial","UFSP2"
4.90260218138684e-13,0.38005350000141,0.408,0.302,1.20138266454885e-08,"Arterial_endothelial","FAM127B"
7.77928053084735e-37,0.380027278149242,0.898,0.839,1.90631269408414e-32,"Arterial_endothelial","PRDX1"
3.1463519913535e-14,0.379778292344841,0.339,0.238,7.71013555481176e-10,"Arterial_endothelial","SLC25A39"
1.05244996699242e-14,0.379691126797223,0.471,0.352,2.57902864411493e-10,"Arterial_endothelial","ADRM1"
1.6232167939304e-11,0.379451378700741,0.258,0.177,3.97769275352644e-07,"Arterial_endothelial","HMCES"
5.12274741767479e-14,0.379450636595353,0.34,0.238,1.25532925470121e-09,"Arterial_endothelial","USP12"
4.52804309154617e-11,0.379233143526055,0.294,0.21,1.10959695958339e-06,"Arterial_endothelial","KPNA6"
3.60735300543111e-12,0.378818164880435,0.367,0.269,8.83981853980894e-08,"Arterial_endothelial","EIF4E"
3.20149101256249e-13,0.378709218334505,0.354,0.254,7.84525372628438e-09,"Arterial_endothelial","TMCO3"
1.39538482895938e-14,0.378457045350619,0.47,0.355,3.41939052336495e-10,"Arterial_endothelial","HSD17B11"
1.78296811476987e-10,0.378306954321903,0.299,0.218,4.36916336524357e-06,"Arterial_endothelial","PTP4A3"
6.4222995026746e-15,0.378129302488595,0.372,0.267,1.57378449313041e-10,"Arterial_endothelial","CLEC2B"
1.14341376473072e-11,0.377999616158004,0.345,0.256,2.80193543047264e-07,"Arterial_endothelial","GLRX"
2.25235315812968e-12,0.377784323760174,0.318,0.228,5.51939141399677e-08,"Arterial_endothelial","PPP1R16B"
1.99566004889205e-07,0.377001479913517,0.328,0.259,0.00489036494980997,"Arterial_endothelial","COL6A1"
5.73223825576953e-16,0.376776399072175,0.487,0.361,1.40468498457632e-11,"Arterial_endothelial","TTC1"
5.77269929175978e-12,0.376710714905889,0.314,0.223,1.41459996144574e-07,"Arterial_endothelial","RAB3GAP1"
2.95357952358189e-12,0.37609745064918,0.363,0.265,7.23774662253742e-08,"Arterial_endothelial","PSMD6"
1.21775918255968e-10,0.375073100590316,0.258,0.18,2.9841188768625e-06,"Arterial_endothelial","STK4"
1.89506981075229e-23,0.374941441706943,0.838,0.77,4.64386857124849e-19,"Arterial_endothelial","CD93"
6.34703522806043e-13,0.374109992843855,0.371,0.268,1.55534098263621e-08,"Arterial_endothelial","CCDC107"
3.07943822417673e-13,0.373275911783187,0.517,0.405,7.54616336834509e-09,"Arterial_endothelial","SMCHD1"
2.49941917931162e-14,0.372114352546884,0.412,0.3,6.12482669890312e-10,"Arterial_endothelial","CLNS1A"
2.21161030188442e-12,0.371736697096272,0.385,0.285,5.41955104476778e-08,"Arterial_endothelial","PTOV1"
5.69879796488628e-14,0.371478247956746,0.556,0.438,1.39649044129538e-09,"Arterial_endothelial","MRPL51"
1.50404251249084e-10,0.371378303192912,0.396,0.308,3.68565617685881e-06,"Arterial_endothelial","LPGAT1"
4.54131629954139e-14,0.371130324457662,0.44,0.328,1.11284955920262e-09,"Arterial_endothelial","TXNDC17"
6.9128005331819e-16,0.370977328481947,0.64,0.537,1.69398177065623e-11,"Arterial_endothelial","HEBP2"
2.14784856722e-28,0.370858992079978,0.851,0.752,5.2633029139726e-24,"Arterial_endothelial","RABAC1"
5.35369026814149e-19,0.370248501605654,0.607,0.478,1.31192180020807e-14,"Arterial_endothelial","NDFIP1"
0.00218375783325223,0.369693843846649,0.483,0.439,1,"Arterial_endothelial","TPM2"
9.67465539072493e-09,0.369481269124011,0.28,0.207,0.000237077430349714,"Arterial_endothelial","UBR4"
3.26276322791042e-18,0.369341114941986,0.551,0.415,7.99540128999447e-14,"Arterial_endothelial","NR3C1"
2.25011434137801e-15,0.369204777028155,0.412,0.303,5.51390519354681e-11,"Arterial_endothelial","UHMK1"
1.57157015778462e-17,0.369160271950968,0.533,0.397,3.85113267165122e-13,"Arterial_endothelial","CRK"
3.03122456738517e-10,0.368844022384469,0.296,0.215,7.42801580237735e-06,"Arterial_endothelial","DNASE1L1"
7.02998489694322e-15,0.368412808499733,0.387,0.279,1.72269779899594e-10,"Arterial_endothelial","RPS6KA2"
1.20714037547217e-12,0.367208607586714,0.322,0.227,2.95809749009455e-08,"Arterial_endothelial","HIGD1A"
5.63289821100192e-12,0.367199556426473,0.313,0.223,1.38034170660602e-07,"Arterial_endothelial","KCTD20"
3.10537544509033e-15,0.367076446068298,0.425,0.308,7.60972252819385e-11,"Arterial_endothelial","IER3IP1"
1.91298693041408e-16,0.366312953542809,0.56,0.432,4.6877744729797e-12,"Arterial_endothelial","UBE2I"
8.18027635917992e-14,0.366207680570921,0.384,0.276,2.00457672181704e-09,"Arterial_endothelial","FIBP"
4.38817308355592e-12,0.365107750581219,0.464,0.356,1.07532181412538e-07,"Arterial_endothelial","LSM4"
2.42633201142031e-09,0.365091979415972,0.26,0.188,5.94572659398547e-05,"Arterial_endothelial","ACOT9"
2.41037528030417e-15,0.365082483055828,0.599,0.493,5.90662462438536e-11,"Arterial_endothelial","ANXA7"
2.63642482306989e-14,0.364482310414839,0.418,0.307,6.46055902893277e-10,"Arterial_endothelial","COX20"
2.90662513599261e-18,0.364403532064283,0.625,0.51,7.12268489574989e-14,"Arterial_endothelial","PSMD8"
4.22608776228954e-15,0.363229842934831,0.519,0.399,1.03560280614905e-10,"Arterial_endothelial","PFDN1"
1.52008900334635e-15,0.362401184684239,0.418,0.301,3.72497810270023e-11,"Arterial_endothelial","RBM22"
8.40161534491943e-09,0.3610034692204,0.274,0.2,0.000205881584027251,"Arterial_endothelial","MRPL1"
1.68663755458243e-12,0.360845507782727,0.377,0.276,4.13310532750424e-08,"Arterial_endothelial","USF2"
1.7663600303825e-14,0.360534820002661,0.429,0.316,4.32846525445231e-10,"Arterial_endothelial","CCDC186"
4.52028154519277e-12,0.360408971712264,0.309,0.218,1.10769499264949e-07,"Arterial_endothelial","STX10"
2.44262538498508e-14,0.359186170631316,0.485,0.37,5.98565350590594e-10,"Arterial_endothelial","TCEAL3"
1.7378082829904e-16,0.358702192349068,0.612,0.484,4.25849919746798e-12,"Arterial_endothelial","RALY"
1.09440824742126e-10,0.358412003238806,0.274,0.194,2.6818474103058e-06,"Arterial_endothelial","PKD2"
2.02343039868062e-20,0.357940712369355,0.757,0.652,4.95841619196685e-16,"Arterial_endothelial","NDUFC1"
1.03897063726983e-20,0.357874979777241,0.728,0.619,2.54599754662971e-16,"Arterial_endothelial","RBX1"
1.158373277268e-15,0.357360619855496,0.495,0.37,2.83859371594523e-11,"Arterial_endothelial","NDUFA6"
6.81586731920059e-14,0.356851136587307,0.353,0.251,1.6702282865701e-09,"Arterial_endothelial","HIPK1"
7.50261709905088e-14,0.356546355144311,0.252,0.166,1.83851632012242e-09,"Arterial_endothelial","BRE"
1.19349129583047e-10,0.356346986889907,0.369,0.277,2.92465042043257e-06,"Arterial_endothelial","UQCRC1"
1.84242120320183e-10,0.356187037562868,0.318,0.235,4.51485315844609e-06,"Arterial_endothelial","ZNF37A"
1.75635820616808e-20,0.355909607153333,0.829,0.781,4.30395578421488e-16,"Arterial_endothelial","HSP90B1"
1.09826578875119e-24,0.355801067213144,0.815,0.718,2.69130031533479e-20,"Arterial_endothelial","ARPC3"
3.66303676527141e-12,0.355281486499947,0.409,0.306,8.97627159329759e-08,"Arterial_endothelial","GATA2"
1.96457865397467e-12,0.35528104881815,0.641,0.555,4.81419999156494e-08,"Arterial_endothelial","GSTO1"
1.80078122516582e-13,0.355187505620355,0.482,0.369,4.41281439226885e-09,"Arterial_endothelial","MPC2"
6.02314918378004e-12,0.354833717597861,0.294,0.207,1.4759727074853e-07,"Arterial_endothelial","SLC39A7"
1.29825054299767e-14,0.354831378804791,0.449,0.338,3.18136295561578e-10,"Arterial_endothelial","LIPA"
3.89061584563372e-14,0.354621759351652,0.462,0.345,9.53395412972543e-10,"Arterial_endothelial","LAMTOR2"
2.16685067763371e-32,0.354550749871722,0.983,0.984,5.3098675855414e-28,"Arterial_endothelial","ACTB"
1.44343212290811e-12,0.354434869359818,0.297,0.207,3.53713041718633e-08,"Arterial_endothelial","GRK5"
1.54316707025394e-09,0.353828698606955,0.345,0.26,3.78153090565729e-05,"Arterial_endothelial","UBN1"
1.19525835439311e-11,0.353042358824774,0.365,0.268,2.92898059744031e-07,"Arterial_endothelial","COPS5"
6.34281648894976e-32,0.352962777702388,0.85,0.78,1.55430718061714e-27,"Arterial_endothelial","TCEB2"
3.54782335721681e-12,0.352843318241563,0.345,0.249,8.69394113685979e-08,"Arterial_endothelial","DNAJB11"
1.50661088354663e-10,0.352751329989679,0.338,0.251,3.69194997013103e-06,"Arterial_endothelial","NSFL1C"
9.6565143817203e-14,0.352743913998113,0.323,0.225,2.36632884924056e-09,"Arterial_endothelial","DHX29"
4.3569150972718e-13,0.351791315586246,0.264,0.177,1.06766204458645e-08,"Arterial_endothelial","KLHL9"
2.3257496907608e-20,0.351705171257099,0.701,0.576,5.69924961720935e-16,"Arterial_endothelial","SRP9"
1.03877008187646e-15,0.351624952756194,0.633,0.515,2.54550608563827e-11,"Arterial_endothelial","GTF2I"
9.21026284379333e-28,0.351450200175299,0.814,0.718,2.25697490987156e-23,"Arterial_endothelial","UQCR11"
4.86799603249019e-12,0.351345939509223,0.377,0.276,1.19290242776172e-07,"Arterial_endothelial","LNPEP"
1.75848561421015e-22,0.351295069095725,0.785,0.71,4.30916899762197e-18,"Arterial_endothelial","SNX3"
5.99870345586088e-23,0.35103023272295,0.953,0.938,1.46998228185871e-18,"Arterial_endothelial","TM4SF1"
2.48775904504068e-12,0.351005263353905,0.35,0.254,6.09625353987219e-08,"Arterial_endothelial","MED19"
6.11269745142988e-13,0.350609633749481,0.422,0.312,1.49791651047289e-08,"Arterial_endothelial","URM1"
6.89500101094549e-07,0.349838583364236,0.253,0.193,0.0168961999773219,"Arterial_endothelial","ITPKB"
1.45026515664694e-12,0.349666772923248,0.522,0.408,3.55387476636334e-08,"Arterial_endothelial","SLC44A2"
1.82574711967815e-13,0.349602122207199,0.361,0.257,4.4739933167713e-09,"Arterial_endothelial","GTPBP4"
2.49222231175867e-11,0.3492734084109,0.345,0.254,6.10719077496461e-07,"Arterial_endothelial","EXOC1"
7.66493426292178e-05,0.349264702455714,0.299,0.249,1,"Arterial_endothelial","COL4A2"
2.88745030065527e-19,0.3492125315873,0.748,0.647,7.07569696175574e-15,"Arterial_endothelial","NDUFB2"
5.64574476490559e-11,0.348808051190026,0.292,0.209,1.38348975464011e-06,"Arterial_endothelial","APOL1"
5.0776397392664e-15,0.34863469154558,0.551,0.428,1.24427561810723e-10,"Arterial_endothelial","HDAC7"
1.04248061171465e-09,0.348456146511739,0.29,0.211,2.55459873900676e-05,"Arterial_endothelial","CKAP4"
3.01455417861924e-15,0.348237058417617,0.579,0.459,7.38716501470644e-11,"Arterial_endothelial","ANP32A"
8.12357467889735e-10,0.347917098243917,0.303,0.223,1.9906819750638e-05,"Arterial_endothelial","ZDHHC3"
2.04877796881644e-12,0.34776295267902,0.396,0.295,5.02053041258469e-08,"Arterial_endothelial","MESDC1"
9.839101903013e-09,0.347717221091397,0.294,0.221,0.000241107192133333,"Arterial_endothelial","TRIO"
7.23636871727796e-10,0.347684282502883,0.34,0.257,1.77327215416896e-05,"Arterial_endothelial","ICE1"
1.58465662590078e-09,0.347594223927068,0.416,0.328,3.88320106176986e-05,"Arterial_endothelial","CASP4"
2.061262866226e-15,0.347538249534798,0.46,0.337,5.05112465368682e-11,"Arterial_endothelial","CDIPT"
1.30660555663193e-26,0.347074481948424,0.832,0.743,3.20183691652653e-22,"Arterial_endothelial","UBL5"
9.11511851306931e-11,0.34693833930768,0.251,0.173,2.23365979162764e-06,"Arterial_endothelial","TNFRSF10A"
5.74437375133968e-14,0.346451660549941,0.471,0.357,1.40765878776579e-09,"Arterial_endothelial","RNF19A"
8.1368044048016e-12,0.346376641741238,0.414,0.313,1.99392391939663e-07,"Arterial_endothelial","AGPAT2"
1.71293442393745e-10,0.346276616612204,0.334,0.248,4.19754580585873e-06,"Arterial_endothelial","DYNC1LI1"
1.00555503264915e-17,0.345947758973865,0.618,0.498,2.46411260750674e-13,"Arterial_endothelial","TMED10"
1.22811724043872e-23,0.345589341499924,0.953,0.931,3.00950129769509e-19,"Arterial_endothelial","NEAT1"
2.51381036149838e-12,0.344951503371039,0.439,0.332,6.16009229085178e-08,"Arterial_endothelial","TSG101"
1.69134184505667e-14,0.344559515505656,0.469,0.348,4.14463319131137e-10,"Arterial_endothelial","PPP4C"
3.13392661693832e-14,0.343983972145719,0.486,0.368,7.67968717480736e-10,"Arterial_endothelial","PITPNB"
2.26368468728458e-32,0.342944279016064,0.875,0.818,5.54715932619085e-28,"Arterial_endothelial","CDC42"
1.17461467535901e-14,0.342898513797506,0.593,0.471,2.87839326196725e-10,"Arterial_endothelial","SMARCE1"
3.14329047284827e-16,0.342881161640292,0.597,0.475,7.70263330371468e-12,"Arterial_endothelial","CEP68"
3.07313304214376e-11,0.342877779121114,0.306,0.219,7.53071251977328e-07,"Arterial_endothelial","MAT2B"
2.76263001614097e-12,0.342809599228851,0.458,0.345,6.76982485455346e-08,"Arterial_endothelial","BAD"
2.03985688189999e-12,0.342775764909154,0.373,0.273,4.99866928909592e-08,"Arterial_endothelial","TUSC2"
1.85446269646868e-12,0.342612391283862,0.367,0.264,4.54436083769651e-08,"Arterial_endothelial","RAB18"
6.34120685733368e-13,0.342229868897549,0.41,0.305,1.55391274038962e-08,"Arterial_endothelial","PSMD1"
1.45777619569083e-14,0.34158319010564,0.505,0.386,3.57228056754039e-10,"Arterial_endothelial","UBE2G2"
9.54060680269804e-16,0.341432519614776,0.592,0.471,2.33792569700115e-11,"Arterial_endothelial","SUN1"
1.12947011765136e-08,0.34120513733856,0.27,0.2,0.000276776652330465,"Arterial_endothelial","LINC01184"
4.532066713571e-12,0.34099820609752,0.367,0.269,1.11058294816057e-07,"Arterial_endothelial","TSR3"
1.6107072282952e-10,0.340246223754833,0.362,0.27,3.94703806293739e-06,"Arterial_endothelial","GIT1"
1.99255807339704e-12,0.339963577829057,0.377,0.274,4.88276355885945e-08,"Arterial_endothelial","YAP1"
8.83366571979385e-25,0.339760560209847,0.808,0.708,2.16468978463548e-20,"Arterial_endothelial","NEDD8"
1.12217733971155e-13,0.339697070299744,0.371,0.266,2.74989557096315e-09,"Arterial_endothelial","TNRC6C"
5.88570441332549e-09,0.339616678058045,0.313,0.233,0.000144229186648541,"Arterial_endothelial","AGFG1"
3.22569756444675e-16,0.339564790863534,0.638,0.51,7.90457188167677e-12,"Arterial_endothelial","ANAPC11"
1.59001160734371e-11,0.339486053125833,0.38,0.284,3.89632344379577e-07,"Arterial_endothelial","C19orf24"
6.77956273114193e-13,0.339405441331239,0.677,0.586,1.66133184726633e-08,"Arterial_endothelial","MAP1LC3B"
3.33666869691929e-12,0.338748285300093,0.259,0.176,8.17650664180071e-08,"Arterial_endothelial","TPGS2"
3.32845481891096e-10,0.338729033475651,0.279,0.2,8.1563785337413e-06,"Arterial_endothelial","TMEM203"
2.31131808715614e-14,0.338681230749806,0.382,0.27,5.66388497257613e-10,"Arterial_endothelial","RSRC1"
9.96992718207524e-10,0.338553829017711,0.256,0.183,2.44313065596754e-05,"Arterial_endothelial","ZBTB8OS"
1.14958196765252e-12,0.338111364246671,0.423,0.316,2.81705061173249e-08,"Arterial_endothelial","ARF5"
1.0006463654611e-10,0.337776837810644,0.304,0.22,2.45208391856242e-06,"Arterial_endothelial","SMIM12"
2.71422391484122e-16,0.337701008489597,0.684,0.579,6.65120570331842e-12,"Arterial_endothelial","SEC61G"
6.86194559159256e-11,0.337586904643743,0.416,0.317,1.68151976721976e-06,"Arterial_endothelial","SPAG7"
1.9527412199966e-12,0.336936367243215,0.387,0.285,4.78519235960167e-08,"Arterial_endothelial","KLC1"
7.38108356095664e-11,0.336899784622789,0.39,0.295,1.80873452661242e-06,"Arterial_endothelial","PSMD2"
5.95556520707023e-15,0.336260697104736,0.393,0.277,1.45941125399256e-10,"Arterial_endothelial","PPP1R7"
6.96437303559536e-10,0.336071873821162,0.281,0.205,1.70661961237264e-05,"Arterial_endothelial","RNF20"
1.31013807422146e-10,0.335746303172181,0.352,0.263,3.21049335087969e-06,"Arterial_endothelial","HAGH"
1.82726839547512e-53,0.335632959059363,0.978,0.96,4.47772120311179e-49,"Arterial_endothelial","H3F3A"
5.22799050233533e-11,0.335180392974832,0.43,0.336,1.28111907259727e-06,"Arterial_endothelial","FNBP1L"
6.68572454211107e-08,0.334969962615038,0.309,0.238,0.00163833679904432,"Arterial_endothelial","TUSC1"
1.70677367499215e-05,0.334876728681079,0.597,0.724,0.418244889056826,"Arterial_endothelial","SOCS3"
5.82040559674682e-14,0.334764602193644,0.299,0.202,1.42629039148281e-09,"Arterial_endothelial","SLC4A1AP"
6.63147584625178e-12,0.334732242289463,0.389,0.29,1.625043156124e-07,"Arterial_endothelial","ABCE1"
5.81206578157129e-08,0.334119955745459,0.377,0.297,0.00142424671977404,"Arterial_endothelial","AGTRAP"
8.88843969632992e-10,0.333778936173416,0.423,0.331,2.17811214758565e-05,"Arterial_endothelial","PLXNA2"
1.00143636340324e-14,0.333596150709897,0.631,0.516,2.45401980851965e-10,"Arterial_endothelial","LAMTOR5"
8.7989928474151e-12,0.333378898767817,0.4,0.301,2.15619319725907e-07,"Arterial_endothelial","DIAPH1"
1.6879128186489e-12,0.333364636395312,0.466,0.356,4.13623036209913e-08,"Arterial_endothelial","FAM3C"
8.5139022203687e-12,0.333304975915763,0.373,0.279,2.08633173910135e-07,"Arterial_endothelial","ARRDC3"
2.65758334599752e-12,0.333126472460805,0.282,0.194,6.51240798936693e-08,"Arterial_endothelial","RMND5A"
1.67599252683741e-11,0.333049412921191,0.354,0.263,4.10701968701506e-07,"Arterial_endothelial","CREB1"
1.24270781833627e-12,0.332866515872215,0.502,0.392,3.04525550883304e-08,"Arterial_endothelial","EAPP"
6.43440697501376e-11,0.332632328017935,0.524,0.434,1.57675142922712e-06,"Arterial_endothelial","EEA1"
3.11167101610654e-20,0.332323274729212,0.765,0.674,7.62514982496907e-16,"Arterial_endothelial","ISCU"
5.88357809970261e-10,0.33224068500046,0.302,0.223,1.44177081333213e-05,"Arterial_endothelial","RPGR"
1.09289040679919e-10,0.332168956715052,0.311,0.227,2.67812794186141e-06,"Arterial_endothelial","CCDC53"
3.14650100476974e-07,0.331455914182034,0.4,0.327,0.00771050071218826,"Arterial_endothelial","MFGE8"
3.71721435391557e-13,0.331443268236241,0.575,0.453,9.10903377427012e-09,"Arterial_endothelial","MDH2"
6.24194604284248e-09,0.331207757140969,0.286,0.211,0.000152958887779855,"Arterial_endothelial","KIF2A"
1.02378079341117e-10,0.331153935974037,0.442,0.347,2.50877483425406e-06,"Arterial_endothelial","SKI"
9.90825896008381e-14,0.331072604521921,0.411,0.3,2.42801885816854e-09,"Arterial_endothelial","SESTD1"
4.01372919244005e-14,0.330968282271472,0.321,0.219,9.83564338607433e-10,"Arterial_endothelial","CAB39"
1.54917314958321e-14,0.330556585726907,0.64,0.525,3.79624880305366e-10,"Arterial_endothelial","NDUFA12"
5.87089549322093e-09,0.330453732446311,0.331,0.25,0.000143866294061379,"Arterial_endothelial","ZNRF1"
3.38868727218352e-10,0.330183619104716,0.344,0.254,8.30397816048571e-06,"Arterial_endothelial","PIH1D1"
3.73550876737364e-09,0.32966326705443,0.308,0.231,9.15386423444911e-05,"Arterial_endothelial","SLC25A4"
3.36661494935729e-08,0.329119977233494,0.311,0.238,0.000824988993340004,"Arterial_endothelial","DNAJC2"
2.73678973247291e-11,0.327766477199162,0.26,0.179,6.70650323942486e-07,"Arterial_endothelial","ANKRD40"
2.60205417553489e-12,0.327412231119137,0.482,0.381,6.37633375714825e-08,"Arterial_endothelial","TAOK1"
2.06589800507666e-13,0.326679407212392,0.43,0.319,5.06248306144036e-09,"Arterial_endothelial","TIMMDC1"
2.68417186501254e-08,0.326414249886062,0.251,0.184,0.000657756315521322,"Arterial_endothelial","RIMKLB"
1.99894381221962e-10,0.326389403709905,0.296,0.213,4.89841181184418e-06,"Arterial_endothelial","NAGK"
5.79312307033095e-11,0.326005589299917,0.29,0.207,1.4196048083846e-06,"Arterial_endothelial","MRPL13"
2.89790008467275e-19,0.325732760639893,0.733,0.637,7.10130415749058e-15,"Arterial_endothelial","PDIA3"
1.51103490185517e-10,0.325207470806127,0.268,0.189,3.70279102699608e-06,"Arterial_endothelial","LLPH"
1.02157488915497e-13,0.32505995984985,0.582,0.464,2.50336926587426e-09,"Arterial_endothelial","PDCD5"
6.04174723634562e-10,0.324923518314096,0.26,0.184,1.48053016026649e-05,"Arterial_endothelial","MFSD14B"
1.76554054267605e-06,0.324802899185203,0.28,0.218,0.0432645709982765,"Arterial_endothelial","GRAMD1A"
1.37000996296805e-15,0.324487523662903,0.43,0.313,3.3572094142532e-11,"Arterial_endothelial","PIK3R3"
4.20553477010114e-11,0.324390177259561,0.389,0.289,1.03056629541328e-06,"Arterial_endothelial","C11orf73"
8.41250617930397e-11,0.324386341887883,0.325,0.237,2.06148463923844e-06,"Arterial_endothelial","FCHSD2"
4.27510024720001e-14,0.323983831455552,0.556,0.432,1.04761331557636e-09,"Arterial_endothelial","RCN2"
5.11141781982484e-10,0.3237845357964,0.345,0.259,1.25255293674808e-05,"Arterial_endothelial","CASC3"
1.03261325833903e-11,0.323776565386469,0.383,0.283,2.53041878955978e-07,"Arterial_endothelial","CCDC115"
2.60271973093117e-11,0.323586721666536,0.464,0.359,6.37796470064682e-07,"Arterial_endothelial","PSMD13"
2.04695504910101e-06,0.32346717712735,0.254,0.195,0.0501606334782203,"Arterial_endothelial","CDK11A"
1.32115884612109e-09,0.322903484344598,0.267,0.191,3.23749975241973e-05,"Arterial_endothelial","MRPS18A"
9.69914820284973e-05,0.322606590771769,0.391,0.333,1,"Arterial_endothelial","PROCR"
1.42748107041538e-09,0.322408182226681,0.716,0.65,3.4980423630529e-05,"Arterial_endothelial","PKM"
2.54272844078857e-09,0.322249891636541,0.331,0.247,6.23095604415238e-05,"Arterial_endothelial","ATXN10"
5.14488414031569e-10,0.321764744562729,0.362,0.27,1.26075385858436e-05,"Arterial_endothelial","SURF4"
6.93262257167887e-13,0.321379805215877,0.489,0.372,1.69883916118991e-08,"Arterial_endothelial","GOLGA7"
3.65475497351853e-24,0.321272732562183,0.633,0.491,8.95597706260716e-20,"Arterial_endothelial","LIFR"
1.35850084169104e-07,0.321093882846033,0.287,0.218,0.0033290063125639,"Arterial_endothelial","SQRDL"
9.39891925704884e-10,0.320852000568609,0.291,0.212,2.30320516393982e-05,"Arterial_endothelial","MPZL1"
1.95660777849603e-11,0.320486568223613,0.26,0.179,4.79466736120451e-07,"Arterial_endothelial","FUBP3"
2.61433348216652e-10,0.319651115428523,0.376,0.285,6.40642419804906e-06,"Arterial_endothelial","ALYREF"
8.58150006390661e-17,0.319234341315588,0.734,0.644,2.10289659066032e-12,"Arterial_endothelial","C9orf16"
9.1111189214278e-12,0.318855557823061,0.52,0.409,2.23267969169588e-07,"Arterial_endothelial","TALDO1"
1.97409466897468e-09,0.318666987713828,0.28,0.205,4.83751898632246e-05,"Arterial_endothelial","MRFAP1L1"
6.35670426241198e-20,0.31847612833724,0.812,0.752,1.55771037950406e-15,"Arterial_endothelial","ATRX"
3.06565916716681e-12,0.318459121445503,0.411,0.307,7.51239778914228e-08,"Arterial_endothelial","NOTCH1"
1.61666161668591e-11,0.317102647419254,0.311,0.222,3.96162929168881e-07,"Arterial_endothelial","DESI2"
1.20422608137859e-07,0.316795546638902,0.403,0.321,0.00295095601241824,"Arterial_endothelial","LAMA5"
2.07264653739316e-10,0.316693589226986,0.284,0.203,5.07902033988195e-06,"Arterial_endothelial","FBXW11"
1.21627380027824e-08,0.316398583312198,0.325,0.246,0.000298047894758183,"Arterial_endothelial","PTPN1"
8.7469288969775e-10,0.315992523850966,0.263,0.187,2.14343492620434e-05,"Arterial_endothelial","BRMS1"
2.0009717058529e-12,0.315961267121633,0.565,0.457,4.90338116519253e-08,"Arterial_endothelial","ATP6V0B"
4.92503081762315e-10,0.315719106617063,0.408,0.314,1.20687880185855e-05,"Arterial_endothelial","SRM"
3.38143911509729e-08,0.314860445748111,0.309,0.235,0.000828621655154591,"Arterial_endothelial","STRN3"
6.8709563326893e-21,0.313850973796279,0.844,0.778,1.68372784932551e-16,"Arterial_endothelial","MGST2"
7.01781764498877e-13,0.313830946281326,0.544,0.429,1.7197162139045e-08,"Arterial_endothelial","POLR3GL"
3.9062552195222e-11,0.31355534386962,0.325,0.236,9.57227841543915e-07,"Arterial_endothelial","CEP170"
1.93839183452977e-11,0.31346650018033,0.436,0.333,4.7500291905152e-07,"Arterial_endothelial","TMEM106B"
1.16277524220446e-14,0.313132984239782,0.568,0.456,2.84938073102203e-10,"Arterial_endothelial","SRP72"
1.98049944724035e-11,0.313009351336197,0.355,0.259,4.85321389546249e-07,"Arterial_endothelial","TNIP1"
1.40637614691163e-10,0.312787374236783,0.272,0.193,3.44632474800695e-06,"Arterial_endothelial","APPBP2"
1.82801384409900e-11,0.312628117152491,0.255,0.175,4.47954792496461e-07,"Arterial_endothelial","PREPL"
1.62848605215949e-16,0.311519448423102,0.722,0.623,3.99060507081683e-12,"Arterial_endothelial","NDUFA1"
1.36584702146508e-07,0.311362682280101,0.292,0.222,0.00334700812610018,"Arterial_endothelial","FAM174A"
5.72882288539223e-07,0.31129625031239,0.289,0.222,0.0140384804806537,"Arterial_endothelial","NUDT5"
1.08872692754959e-28,0.311264488981067,0.966,0.965,2.66792533596028e-24,"Arterial_endothelial","GNG11"
8.79026616449688e-09,0.310673199403665,0.251,0.181,0.000215405472360996,"Arterial_endothelial","SOCS4"
2.12597286619134e-12,0.309969122505819,0.372,0.271,5.20969650860187e-08,"Arterial_endothelial","LMO4"
1.88584951944153e-09,0.309643485388968,0.624,0.533,4.62127424739147e-05,"Arterial_endothelial","SEC14L1"
7.04169424432645e-19,0.309629049197949,0.735,0.614,1.7255671745722e-14,"Arterial_endothelial","GRN"
2.36391984178514e-12,0.309527516103549,0.411,0.307,5.79278557229448e-08,"Arterial_endothelial","CCDC90B"
1.21315005867924e-12,0.30863531147872,0.637,0.537,2.97282421879347e-08,"Arterial_endothelial","TINAGL1"
2.4286653279552e-15,0.308286979754121,0.633,0.515,5.95144438615421e-11,"Arterial_endothelial","PYURF"
1.76897563123153e-12,0.308268698986227,0.366,0.264,4.33487478433287e-08,"Arterial_endothelial","DCTPP1"
1.35386310856594e-10,0.30810283578091,0.364,0.274,3.31764154754083e-06,"Arterial_endothelial","ACTR1A"
1.0642603753909e-12,0.307652082962506,0.637,0.536,2.60797004989539e-08,"Arterial_endothelial","ROCK2"
2.53408355325112e-10,0.307620267658561,0.369,0.279,6.20977174724187e-06,"Arterial_endothelial","ABHD2"
2.30008028187969e-14,0.307494658368878,0.661,0.56,5.63634673074618e-10,"Arterial_endothelial","RAB5C"
2.06361780670236e-11,0.307156930008877,0.283,0.198,5.05689543532412e-07,"Arterial_endothelial","THAP5"
9.68431756726908e-08,0.307133450859408,0.26,0.195,0.00237314201985929,"Arterial_endothelial","EXOC4"
1.39902381887558e-12,0.306243102573233,0.569,0.463,3.42830786815461e-08,"Arterial_endothelial","RAB1A"
2.32575342227505e-11,0.30605187806076,0.256,0.175,5.699258761285e-07,"Arterial_endothelial","CCDC43"
9.2913093549968e-11,0.305876388031624,0.42,0.322,2.27683535744197e-06,"Arterial_endothelial","LMBRD1"
7.97233877431968e-09,0.305862272051718,0.335,0.253,0.000195362161664704,"Arterial_endothelial","DPP8"
3.15279749104388e-12,0.305584441681592,0.49,0.38,7.72593025180303e-08,"Arterial_endothelial","PTBP3"
2.58963418702078e-08,0.305268967146965,0.432,0.347,0.000634589857529443,"Arterial_endothelial","PKN1"
7.76516247469127e-12,0.30505559999225,0.256,0.173,1.9028530644231e-07,"Arterial_endothelial","MCMBP"
2.19885533912839e-09,0.304533982041629,0.318,0.239,5.38829500853412e-05,"Arterial_endothelial","SH2D3C"
9.51792184447658e-11,0.304474869957485,0.316,0.228,2.33236674798899e-06,"Arterial_endothelial","TPP1"
7.25960931586017e-10,0.30431234034687,0.264,0.187,1.77896726285154e-05,"Arterial_endothelial","NAE1"
8.2006260580907e-10,0.304024126501702,0.292,0.213,2.00956341553513e-05,"Arterial_endothelial","MAP3K8"
6.92956514425942e-08,0.30400983525609,0.35,0.275,0.00169808993860077,"Arterial_endothelial","COMMD4"
1.32778283665446e-13,0.303928751327291,0.384,0.276,3.25373184122176e-09,"Arterial_endothelial","VTI1B"
6.76540546069347e-09,0.303245073441614,0.38,0.295,0.000165786260814293,"Arterial_endothelial","ARHGEF15"
9.2585701721801e-10,0.303200814208957,0.396,0.302,2.26881262069273e-05,"Arterial_endothelial","AC013461.1"
4.70964860558354e-11,0.303169359630336,0.566,0.454,1.15409939079825e-06,"Arterial_endothelial","PSMB5"
1.42744629637964e-07,0.302091534732964,0.25,0.186,0.0034979571492783,"Arterial_endothelial","KIAA2013"
1.60284371535005e-07,0.301704683227952,0.285,0.214,0.00392776852446529,"Arterial_endothelial","CPT1A"
7.93908111458e-13,0.301530112672053,0.628,0.506,1.94547182712783e-08,"Arterial_endothelial","SNRPD3"
7.20025425740065e-11,0.301456074329241,0.362,0.269,1.76442230577603e-06,"Arterial_endothelial","PDCL"
4.51498935609449e-12,0.30134825724912,0.388,0.287,1.10639814171095e-07,"Arterial_endothelial","PBRM1"
2.85549342122873e-09,0.300863440524674,0.731,0.661,6.997386628721e-05,"Arterial_endothelial","FLNB"
2.39782595389326e-13,0.300103163143848,0.679,0.587,5.87587250001544e-09,"Arterial_endothelial","TAX1BP1"
3.53117077956075e-12,0.29992017128705,0.622,0.509,8.65313399531363e-08,"Arterial_endothelial","RTFDC1"
5.62357014909221e-11,0.299024998636914,0.445,0.344,1.37805586503505e-06,"Arterial_endothelial","TLK1"
9.11450501976877e-11,0.298840003771419,0.633,0.537,2.23350945509434e-06,"Arterial_endothelial","SLK"
6.80209787751305e-10,0.298819715977199,0.496,0.399,1.66685408488457e-05,"Arterial_endothelial","SEC31A"
1.82965762578824e-09,0.298788607411051,0.495,0.401,4.48357601199409e-05,"Arterial_endothelial","PICALM"
1.62238253981377e-10,0.29876436581775,0.331,0.243,3.97564841381365e-06,"Arterial_endothelial","CHCHD1"
4.99782121339201e-12,0.298208067534984,0.405,0.301,1.22471608834171e-07,"Arterial_endothelial","LARP1"
2.17527545315818e-12,0.297482187367152,0.414,0.306,5.33051249796413e-08,"Arterial_endothelial","TMEM50B"
2.62524931297141e-14,0.2960890367608,0.707,0.598,6.43317344143644e-10,"Arterial_endothelial","FLOT1"
1.74506281934853e-09,0.29597345605309,0.446,0.352,4.27627643881358e-05,"Arterial_endothelial","CHMP4A"
3.63835860511306e-11,0.295781726225087,0.293,0.208,8.91579776182955e-07,"Arterial_endothelial","FBXO3"
1.87556990863953e-11,0.295232029349298,0.357,0.259,4.59608406112116e-07,"Arterial_endothelial","ARHGAP21"
5.28071854752403e-10,0.295175309834232,0.281,0.201,1.29404008007076e-05,"Arterial_endothelial","DUSP11"
1.68377818480076e-10,0.294922433146812,0.253,0.176,4.12609844185426e-06,"Arterial_endothelial","ARHGEF10"
6.10823198715446e-12,0.294786243390139,0.403,0.298,1.4968222484522e-07,"Arterial_endothelial","PSMC4"
7.92532883976262e-13,0.294547818245921,0.291,0.2,1.94210183218383e-08,"Arterial_endothelial","RAD50"
1.05875133109483e-08,0.294400059272329,0.411,0.324,0.000259447013684789,"Arterial_endothelial","MFSD10"
4.02434166184221e-09,0.294296897688014,0.389,0.298,9.86164924234434e-05,"Arterial_endothelial","MVB12A"
2.36141792163063e-28,0.29412183085304,0.887,0.846,5.78665461695585e-24,"Arterial_endothelial","YWHAB"
1.66317962131627e-17,0.293756919799043,0.965,0.963,4.07562166203552e-13,"Arterial_endothelial","TXNIP"
3.23163721637926e-10,0.29328485021538,0.434,0.334,7.91912699873738e-06,"Arterial_endothelial","RSBN1L"
1.07648072010326e-08,0.292928673088785,0.275,0.201,0.000263791600461305,"Arterial_endothelial","ARFGAP2"
2.86491979752924e-09,0.292913114468906,0.476,0.383,7.02048596384541e-05,"Arterial_endothelial","DNAJC1"
2.21761860628104e-11,0.292510100044102,0.469,0.359,5.43427439469168e-07,"Arterial_endothelial","ATP6V1E1"
3.17623543840669e-08,0.29209766808855,0.306,0.231,0.000778336494181559,"Arterial_endothelial","DPH3"
2.03555139844582e-10,0.291712802412275,0.438,0.34,4.98811870189148e-06,"Arterial_endothelial","UBE2K"
1.42908963121798e-09,0.291106348037073,0.427,0.336,3.50198414129965e-05,"Arterial_endothelial","PTPRA"
1.63661083857739e-19,0.290481611911975,0.829,0.779,4.01051485993389e-15,"Arterial_endothelial","SET"
4.46413172976109e-09,0.289896904221485,0.389,0.298,0.000109393548037795,"Arterial_endothelial","FBXL3"
2.451627418045e-21,0.289817556545485,0.916,0.875,6.00771298791927e-17,"Arterial_endothelial","CD151"
1.54760490207676e-13,0.289696423497354,0.666,0.554,3.79240581253911e-09,"Arterial_endothelial","RAB7A"
1.27364949995312e-14,0.289507287649967,0.518,0.391,3.12107809963511e-10,"Arterial_endothelial","GIMAP6"
3.36304004050265e-10,0.28949615331446,0.505,0.404,8.24112961925173e-06,"Arterial_endothelial","UQCRFS1"
1.75214302971065e-10,0.288163797649068,0.527,0.425,4.29362649430594e-06,"Arterial_endothelial","PNKD"
2.56399177467525e-10,0.287821724753087,0.277,0.195,6.28306184384169e-06,"Arterial_endothelial","OAT"
1.53279755393317e-10,0.28761894515726,0.304,0.217,3.75612040591322e-06,"Arterial_endothelial","LSM1"
2.61573811648752e-05,0.287515780707693,0.292,0.237,0.640986625445267,"Arterial_endothelial","UGCG"
4.52587538300663e-10,0.287488693014098,0.356,0.268,1.10906576260578e-05,"Arterial_endothelial","PUM2"
7.16071878515235e-11,0.287339441784932,0.552,0.444,1.75473413830158e-06,"Arterial_endothelial","PSMA4"
9.71059992386204e-08,0.287086782007944,0.299,0.227,0.00237958251134239,"Arterial_endothelial","ANKLE2"
2.2553570665206e-11,0.286665819365354,0.408,0.307,5.52675249150873e-07,"Arterial_endothelial","FYTTD1"
1.21949465712614e-09,0.286294341528566,0.306,0.224,2.9883716572876e-05,"Arterial_endothelial","MYL6B"
1.70358028235496e-09,0.28614887016599,0.424,0.327,4.17462348191083e-05,"Arterial_endothelial","NCOA4"
6.14021462535856e-09,0.286141637209354,0.408,0.317,0.000150465959394411,"Arterial_endothelial","LBR"
8.63968398900103e-07,0.28612712293322,0.272,0.208,0.021171545615047,"Arterial_endothelial","PRKRA"
9.31464165908582e-09,0.285574068014243,0.332,0.248,0.000228255293855898,"Arterial_endothelial","HTATSF1"
3.21128766690203e-17,0.285553288537355,0.655,0.532,7.86926042774342e-13,"Arterial_endothelial","FILIP1L"
1.83248100598617e-21,0.2854581065463,0.866,0.788,4.49049470516911e-17,"Arterial_endothelial","SNHG7"
4.20477749142581e-09,0.285380594068493,0.254,0.182,0.00010303807242739,"Arterial_endothelial","PEX2"
2.67918562247725e-08,0.285076789894597,0.405,0.32,0.000656534436788051,"Arterial_endothelial","PFKL"
5.55586391317742e-10,0.284983809811521,0.416,0.322,1.36146445192413e-05,"Arterial_endothelial","YIPF4"
2.7720970861548e-12,0.284652282499312,0.301,0.21,6.79302390962234e-08,"Arterial_endothelial","C9orf142"
4.02340589350497e-10,0.284649294447316,0.263,0.187,9.85935614203393e-06,"Arterial_endothelial","IPO8"
9.73341462256078e-10,0.283678034689788,0.279,0.2,2.38517325325852e-05,"Arterial_endothelial","CCDC109B"
1.40025456667613e-12,0.283372286975061,0.554,0.431,3.43132381563985e-08,"Arterial_endothelial","GTF2A2"
3.77513933496505e-10,0.283092752913612,0.587,0.485,9.25097894033186e-06,"Arterial_endothelial","LSM3"
9.59246929757324e-13,0.282688328030281,0.688,0.581,2.35063460137032e-08,"Arterial_endothelial","FKBP8"
1.41690013519067e-07,0.282381650448732,0.372,0.293,0.00347211378128475,"Arterial_endothelial","BAX"
8.82422277390795e-09,0.282266295497284,0.28,0.203,0.000216237579074614,"Arterial_endothelial","APOPT1"
7.62178828248986e-11,0.282035001258123,0.445,0.345,1.86771921862414e-06,"Arterial_endothelial","EMC7"
1.62024703509262e-09,0.282034483155865,0.321,0.241,3.97041535949446e-05,"Arterial_endothelial","RABEP1"
7.81297333805958e-09,0.281892278525802,0.331,0.249,0.00019145691164915,"Arterial_endothelial","LAGE3"
8.64656051470966e-22,0.281767026456534,0.878,0.808,2.1188396541296e-17,"Arterial_endothelial","CAV2"
1.95495336699047e-08,0.281750005187049,0.281,0.209,0.000479061322581014,"Arterial_endothelial","STAT5B"
9.64969831998608e-11,0.281333250270403,0.333,0.242,2.36465857331259e-06,"Arterial_endothelial","SAR1B"
1.68863588083728e-21,0.280715231807907,0.919,0.907,4.13800222599175e-17,"Arterial_endothelial","PTMS"
9.89592037035611e-16,0.280360544801603,0.465,0.342,2.42499528675577e-11,"Arterial_endothelial","STAT1"
4.14661397433694e-10,0.280321821578886,0.548,0.449,1.01612775441127e-05,"Arterial_endothelial","VPS29"
5.4500008927902e-08,0.280147527691776,0.256,0.188,0.00133552271877824,"Arterial_endothelial","TMEM115"
6.09591019313703e-11,0.279497251853084,0.406,0.306,1.49380279282823e-06,"Arterial_endothelial","ATG3"
2.07750310170333e-07,0.279339595426444,0.374,0.295,0.005090921350724,"Arterial_endothelial","TRIM38"
5.81078630462132e-09,0.278736407402864,0.378,0.292,0.000142393318394745,"Arterial_endothelial","MAZ"
1.10470179557865e-08,0.278699700365174,0.3,0.226,0.000270707175006549,"Arterial_endothelial","IKBKB"
7.24288547480905e-07,0.278518544338483,0.28,0.215,0.0177486908560196,"Arterial_endothelial","ARL8B"
8.10611403007022e-16,0.278333719341266,0.931,0.92,1.98640324306871e-11,"Arterial_endothelial","CLEC14A"
1.02412405573406e-08,0.278301259159493,0.327,0.248,0.000250961599857632,"Arterial_endothelial","MRPS10"
1.85831681134586e-11,0.27822540364256,0.522,0.414,4.55380534620304e-07,"Arterial_endothelial","RANBP2"
2.27956194353971e-12,0.278074161903619,0.651,0.543,5.58606654264405e-08,"Arterial_endothelial","KRTCAP2"
1.88561696167397e-07,0.278005454503778,0.251,0.187,0.00462070436458207,"Arterial_endothelial","SRPK1"
4.85753505052045e-09,0.27708214519651,0.312,0.233,0.000119033896413004,"Arterial_endothelial","ZNHIT6"
1.01354000297541e-10,0.276899925742966,0.5,0.395,2.48367977729125e-06,"Arterial_endothelial","CCT5"
2.88992488675388e-06,0.2768111918945,0.384,0.314,0.0708176093499039,"Arterial_endothelial","PSENEN"
1.13119493893465e-09,0.276678375483728,0.689,0.603,2.77199319785937e-05,"Arterial_endothelial","CFLAR"
3.64468874105366e-10,0.276514722509792,0.428,0.335,8.93130975995199e-06,"Arterial_endothelial","ERLEC1"
1.90263922256544e-18,0.276434506798175,0.802,0.725,4.66241741489661e-14,"Arterial_endothelial","COX7A2"
1.0593833471299e-09,0.275814378065009,0.477,0.375,2.59601889214181e-05,"Arterial_endothelial","MPG"
1.44836311211836e-10,0.275809140088629,0.343,0.252,3.54921380624605e-06,"Arterial_endothelial","NUBP2"
1.50042472735042e-11,0.275791639016852,0.739,0.655,3.6767907943722e-07,"Arterial_endothelial","NDUFB7"
1.12254816329262e-07,0.275767715546477,0.296,0.224,0.00275080427414856,"Arterial_endothelial","CCDC71L"
5.08240928694301e-09,0.275741846611314,0.299,0.222,0.000124544439576538,"Arterial_endothelial","UQCC3"
7.0588333705876e-14,0.275662626945028,0.767,0.694,1.72976711746249e-09,"Arterial_endothelial","CALR"
6.13595792285074e-12,0.275552894035906,0.674,0.567,1.50361648899457e-07,"Arterial_endothelial","SRI"
3.55163619339149e-10,0.275524068009049,0.469,0.368,8.70328449190584e-06,"Arterial_endothelial","ATN1"
1.7630561296233e-12,0.275313514956011,0.425,0.316,4.32036904564189e-08,"Arterial_endothelial","TXNL1"
1.97002250805099e-11,0.274747230924098,0.428,0.32,4.82754015597896e-07,"Arterial_endothelial","IMP3"
4.54227762432346e-10,0.273616045401775,0.265,0.188,1.11308513184046e-05,"Arterial_endothelial","GOLGA3"
3.66517562100773e-10,0.273263632045487,0.384,0.287,8.98151285927945e-06,"Arterial_endothelial","C17orf89"
0.000218359151576679,0.273241714963536,0.723,0.692,1,"Arterial_endothelial","ARL6IP1"
1.27303726636669e-07,0.273199278209198,0.33,0.254,0.00311957782123157,"Arterial_endothelial","BCL7B"
1.14480351746413e-08,0.273185085053266,0.42,0.331,0.000280534101954585,"Arterial_endothelial","NTAN1"
3.69178022742401e-09,0.273076860966666,0.392,0.302,9.04670744730254e-05,"Arterial_endothelial","PSMD11"
4.52667778515905e-10,0.272738412063709,0.371,0.279,1.10926239125322e-05,"Arterial_endothelial","PPP2CA"
2.54035670991985e-07,0.272651412922855,0.338,0.265,0.00622514411765859,"Arterial_endothelial","MYO6"
1.64211488514127e-07,0.272123912646405,0.428,0.349,0.00402400252603867,"Arterial_endothelial","XPO1"
2.66530909136234e-13,0.272048096145422,0.713,0.614,6.53133992838343e-09,"Arterial_endothelial","CAPZB"
1.13569033303738e-08,0.271629752182552,0.518,0.429,0.000278300916110811,"Arterial_endothelial","ECHS1"
2.57596400893228e-12,0.27162150506974,0.429,0.32,6.31239980388854e-08,"Arterial_endothelial","CASKIN2"
4.8106386406495e-09,0.270996159036551,0.295,0.219,0.000117884699889116,"Arterial_endothelial","UBE2V2"
4.18667630491032e-10,0.270580407687421,0.308,0.224,1.02594502851827e-05,"Arterial_endothelial","PARVA"
3.10128902922238e-07,0.270450151646128,0.297,0.226,0.00759970876610944,"Arterial_endothelial","AFAP1L1"
1.19299295471671e-11,0.270350808362987,0.587,0.47,2.9234292355333e-07,"Arterial_endothelial","NCOR1"
5.35786438041425e-10,0.270243851686348,0.381,0.287,1.31294466642051e-05,"Arterial_endothelial","TMEM167A"
9.96418140845413e-09,0.27023871423914,0.35,0.266,0.000244172265414168,"Arterial_endothelial","RHOG"
3.59065588202604e-07,0.270170063899145,0.288,0.221,0.00879890223890481,"Arterial_endothelial","RPF2"
1.02621317954696e-05,0.26995049821125,0.347,0.282,0.251473539647982,"Arterial_endothelial","RNF167"
3.00844177364823e-09,0.269594986350902,0.502,0.4,7.37218656632499e-05,"Arterial_endothelial","C9orf78"
1.30179020273039e-11,0.269587788368974,0.719,0.631,3.19003689179083e-07,"Arterial_endothelial","ERH"
6.44510483128949e-10,0.269369597241039,0.476,0.376,1.57937293890749e-05,"Arterial_endothelial","KMT2C"
1.55668108024049e-15,0.269301481895415,0.828,0.771,3.81464698712932e-11,"Arterial_endothelial","FIS1"
3.98832132241491e-06,0.268508716782077,0.258,0.199,0.0977338140057773,"Arterial_endothelial","PGGT1B"
3.67999369170731e-11,0.268075199552421,0.511,0.402,9.01782454152877e-07,"Arterial_endothelial","KLF13"
1.33703951602783e-10,0.267627715627697,0.588,0.492,3.27641533402619e-06,"Arterial_endothelial","DYNC1H1"
1.51498143010773e-10,0.267401709797113,0.611,0.501,3.71246199447899e-06,"Arterial_endothelial","SUMO1"
1.85452774817654e-09,0.267188628407928,0.301,0.22,4.5445202469066e-05,"Arterial_endothelial","SH2B3"
2.3930767072095e-08,0.266820007169656,0.348,0.267,0.000586423447101687,"Arterial_endothelial","RTCB"
1.61949446146415e-11,0.266611067093315,0.504,0.397,3.96857117781791e-07,"Arterial_endothelial","C1orf115"
7.35092987104157e-08,0.266297112006216,0.314,0.24,0.00180134536489874,"Arterial_endothelial","SP3"
3.89587623493491e-09,0.266183546269473,0.611,0.512,9.54684471370799e-05,"Arterial_endothelial","NDUFB1"
1.32028766890602e-07,0.265361695330676,0.251,0.185,0.00323536493265421,"Arterial_endothelial","TBC1D9"
4.50673640479179e-10,0.264727784273037,0.26,0.183,1.10437575599423e-05,"Arterial_endothelial","ASB8"
1.10634759917996e-08,0.264690396487453,0.271,0.198,0.000271110479179048,"Arterial_endothelial","ATG5"
9.65357445633328e-11,0.264267896009877,0.469,0.363,2.36560842052447e-06,"Arterial_endothelial","MEAF6"
1.04867196828569e-11,0.264127271022032,0.525,0.411,2.56977065828408e-07,"Arterial_endothelial","MRPL52"
3.60292748308044e-08,0.264069009800544,0.365,0.282,0.000882897379728861,"Arterial_endothelial","EBNA1BP2"
8.24688304689145e-09,0.263880517783977,0.263,0.19,0.000202089869064075,"Arterial_endothelial","GTF2F2"
8.6424484023595e-11,0.263701587170615,0.665,0.578,2.1178319809982e-06,"Arterial_endothelial","SCP2"
3.39575281482237e-11,0.263699330179977,0.72,0.634,8.32129227272223e-07,"Arterial_endothelial","ZNHIT1"
4.3349236356296e-12,0.263689807192808,0.508,0.391,1.06227303691103e-07,"Arterial_endothelial","VEZF1"
1.43361371590725e-09,0.263565183789285,0.574,0.478,3.51307041083073e-05,"Arterial_endothelial","AHR"
1.99390277062575e-08,0.263430599657274,0.306,0.229,0.000488605873941839,"Arterial_endothelial","SVBP"
9.54169154633125e-09,0.263422936643976,0.276,0.201,0.000233819151342847,"Arterial_endothelial","VBP1"
2.32051485294702e-11,0.263317859327386,0.528,0.417,5.68642164714667e-07,"Arterial_endothelial","DNAJC3"
5.88807311692985e-08,0.263312168544914,0.35,0.269,0.00144287231730366,"Arterial_endothelial","MAX"
5.34159445287204e-11,0.263190167994608,0.332,0.241,1.30895772067629e-06,"Arterial_endothelial","ABCF1"
2.41456991969951e-07,0.263015690366515,0.282,0.214,0.00591690358822366,"Arterial_endothelial","CREB3"
3.06984625276968e-09,0.262762689247305,0.547,0.449,7.52265824241211e-05,"Arterial_endothelial","XRN2"
1.1053552190094e-09,0.262580933443176,0.384,0.294,2.70867296418253e-05,"Arterial_endothelial","USP7"
3.93558683969688e-09,0.262034345796774,0.514,0.414,9.6441555506772e-05,"Arterial_endothelial","PEF1"
4.76595581500034e-08,0.26202941394122,0.403,0.315,0.00116789747246583,"Arterial_endothelial","EMC3"
2.39325177353019e-10,0.26191582871604,0.309,0.225,5.86466347103572e-06,"Arterial_endothelial","GBP1"
1.9983254366515e-17,0.261592197694336,0.837,0.763,4.89689648251449e-13,"Arterial_endothelial","ARF1"
0.00128194817289149,0.260921176288247,0.284,0.241,1,"Arterial_endothelial","NFIL3"
1.38372676048896e-09,0.260826157590088,0.626,0.525,3.39082242657819e-05,"Arterial_endothelial","NHP2"
3.43224267811947e-07,0.260640265889973,0.264,0.199,0.00841071068273175,"Arterial_endothelial","CEBPG"
2.15666570710007e-08,0.260433324472647,0.355,0.272,0.000528490931524873,"Arterial_endothelial","TAP2"
4.62784649350641e-08,0.259939386898966,0.294,0.22,0.00113405378323375,"Arterial_endothelial","FAM172A"
1.83274210346766e-10,0.259640691443284,0.549,0.451,4.4911345245475e-06,"Arterial_endothelial","BDP1"
6.12218083153152e-08,0.259164577439983,0.318,0.241,0.0015002404127668,"Arterial_endothelial","PPP1R11"
6.51506462783868e-09,0.259096711651299,0.419,0.327,0.000159651658705187,"Arterial_endothelial","ERP44"
8.8948153162091e-09,0.25902499612415,0.614,0.53,0.000217967449323704,"Arterial_endothelial","PDCD6"
1.58871156877141e-11,0.258890770807764,0.333,0.238,3.89313769927435e-07,"Arterial_endothelial","SSRP1"
2.48006250527192e-06,0.25866573271511,0.255,0.196,0.0607739316916883,"Arterial_endothelial","TRIP10"
2.04422082684018e-06,0.25859771929559,0.4,0.325,0.0500936313617185,"Arterial_endothelial","PSMA5"
3.04222290244341e-10,0.258520846166189,0.308,0.222,7.45496722243758e-06,"Arterial_endothelial","SCAMP2"
4.45863895748082e-07,0.258416714487371,0.268,0.2,0.0109258947653068,"Arterial_endothelial","EOGT"
8.6680381503356e-11,0.258269736103994,0.542,0.436,2.12410274873974e-06,"Arterial_endothelial","RNF181"
6.51981230624675e-08,0.258209044547883,0.447,0.359,0.00159768000564577,"Arterial_endothelial","HM13"
2.02800513201247e-08,0.25807590377195,0.577,0.486,0.000496962657599657,"Arterial_endothelial","COMT"
9.97225603020829e-10,0.258042053146139,0.306,0.223,2.44370134020254e-05,"Arterial_endothelial","SEC61A1"
6.23222142890482e-09,0.257719741509757,0.306,0.228,0.000152720586115313,"Arterial_endothelial","GDI1"
3.2755172264247e-05,0.257579983778401,0.297,0.239,0.802665496335372,"Arterial_endothelial","MYH10"
3.92184065370958e-10,0.257404922277707,0.442,0.338,9.61047052191533e-06,"Arterial_endothelial","SNF8"
7.81695894247714e-09,0.256857681377683,0.577,0.481,0.000191554578885402,"Arterial_endothelial","VIMP"
6.34988004949263e-09,0.256602444128737,0.437,0.348,0.000155603810612817,"Arterial_endothelial","KIAA1551"
9.77972631095365e-15,0.256546990452036,0.413,0.292,2.39652193249919e-10,"Arterial_endothelial","CREM"
3.0434794867377e-10,0.256373602894012,0.58,0.469,7.45804648225075e-06,"Arterial_endothelial","ATP5F1"
8.80774183121397e-07,0.256080569763194,0.577,0.503,0.0215833713573898,"Arterial_endothelial","ABHD17A"
4.84662382066787e-09,0.255797634562826,0.609,0.515,0.000118766516725466,"Arterial_endothelial","TCEA1"
1.60351803413388e-07,0.255631430953201,0.326,0.251,0.00392942094264507,"Arterial_endothelial","RAB22A"
3.51539156210299e-08,0.255630298284671,0.447,0.357,0.000861446702293337,"Arterial_endothelial","THOC7"
1.12853765938376e-08,0.255228199104729,0.303,0.224,0.00027654815343199,"Arterial_endothelial","TRIM33"
7.12557653827791e-09,0.255187388788825,0.615,0.525,0.0001746122530705,"Arterial_endothelial","SNRPG"
2.58108865501674e-16,0.254917318505278,0.808,0.727,6.32495774911852e-12,"Arterial_endothelial","TSPAN7"
7.00237727629723e-09,0.254831370619997,0.56,0.455,0.000171593255155664,"Arterial_endothelial","CCT3"
9.92526891885443e-09,0.254686479296917,0.56,0.464,0.000243218714856528,"Arterial_endothelial","P4HB"
3.78528668310438e-07,0.254549703287938,0.298,0.228,0.00927584501694729,"Arterial_endothelial","GRSF1"
2.85416959379935e-07,0.254218398115109,0.381,0.301,0.0069941425896053,"Arterial_endothelial","MRPL28"
1.29360193063792e-08,0.254075475726642,0.265,0.193,0.000316997153102823,"Arterial_endothelial","TAOK3"
1.88496489608492e-20,0.25334082596122,0.891,0.852,4.61910647785609e-16,"Arterial_endothelial","NDUFA4"
1.41533599710785e-10,0.253099084533904,0.679,0.585,3.46828086091278e-06,"Arterial_endothelial","ROCK1"
1.16746218395772e-07,0.253032437975675,0.258,0.192,0.00286086608178838,"Arterial_endothelial","STIP1"
2.41799185773008e-08,0.252192734202811,0.673,0.603,0.000592528904736756,"Arterial_endothelial","NOP10"
2.73414320987829e-05,0.252125498159754,0.496,0.419,0.670001793580675,"Arterial_endothelial","MESDC2"
1.33294947700571e-08,0.252019157104641,0.614,0.542,0.000326639269340248,"Arterial_endothelial","RAD21"
8.23544412672015e-09,0.251615970538268,0.328,0.246,0.000201809558325277,"Arterial_endothelial","GSK3B"
2.83241352827974e-11,0.251497770882799,0.524,0.418,6.94082935104951e-07,"Arterial_endothelial","EIF3J"
7.09029585217795e-07,0.251429030567172,0.318,0.247,0.0173747699857621,"Arterial_endothelial","ZFC3H1"
1.16546982466828e-08,0.251138694593726,0.42,0.327,0.000285598380534961,"Arterial_endothelial","EVA1B"
4.07654073311612e-09,0.251110988403457,0.36,0.273,9.98956306650106e-05,"Arterial_endothelial","FAM50A"
1.85433707924114e-08,0.251071770850556,0.291,0.214,0.000454405301268042,"Arterial_endothelial","UBA1"
1.47229801097931e-09,0.250692723748909,0.515,0.414,3.6078662759048e-05,"Arterial_endothelial","RAB6A"
6.2195205088943e-08,0.250317443915386,0.306,0.232,0.00152409350070455,"Arterial_endothelial","CHTOP"
1.009150291405e-08,0.250187370968213,0.525,0.431,0.000247292278908796,"Arterial_endothelial","SNW1"
1.26741861229228e-06,0.250160505381986,0.277,0.214,0.0310580930942224,"Arterial_endothelial","CHCHD5"
0,1.93381201006592,0.456,0.177,0,"Endothelial_general","EGLN3"
1.1569378805339e-123,1.60763441997642,0.286,0.141,2.83507627624832e-119,"Endothelial_general","FAM118A"
5.15498459111762e-178,1.59626334635278,0.333,0.146,1.26322897405337e-173,"Endothelial_general","HIF3A"
0,1.54869769576425,0.73,0.43,0,"Endothelial_general","MAFB"
1.37376216836042e-133,1.40546268702612,0.338,0.173,3.36640419356721e-129,"Endothelial_general","F8"
5.15294203837555e-104,1.38985612692304,0.262,0.127,1.26272844650393e-99,"Endothelial_general","C6orf141"
1.22070838860674e-153,1.3890930505229,0.313,0.138,2.99134590628082e-149,"Endothelial_general","KIT"
8.13352350081765e-207,1.37366732896656,0.469,0.243,1.99311993387537e-202,"Endothelial_general","GJA4"
0,1.36978562095211,0.695,0.402,0,"Endothelial_general","FAM188B"
9.15672959753038e-84,1.31005936743033,0.253,0.133,2.24385658787482e-79,"Endothelial_general","PLA2R1"
1.34457785579112e-173,1.28156189259292,0.5,0.304,3.29488803561613e-169,"Endothelial_general","WFS1"
3.07324953300391e-200,1.27876017684327,0.455,0.239,7.53099798062608e-196,"Endothelial_general","DCN"
1.82882372832157e-112,1.2725463157989,0.312,0.162,4.481532546252e-108,"Endothelial_general","SCNN1B"
1.34205663097028e-164,1.26015798078997,0.388,0.195,3.28870977419267e-160,"Endothelial_general","GPR146"
5.04297767635671e-67,1.24493657432064,0.281,0.172,1.23578167959121e-62,"Endothelial_general","PLTP"
5.03741698529585e-85,1.23276859584408,0.279,0.153,1.23441903224675e-80,"Endothelial_general","PDE1A"
1.33581851091846e-215,1.21621879614585,0.598,0.365,3.27342326100568e-211,"Endothelial_general","ACKR4"
1.19811226161862e-144,1.20907251828987,0.426,0.244,2.93597409709642e-140,"Endothelial_general","PLK2"
5.78395427254559e-293,1.20880813555452,0.731,0.5,1.4173579944873e-288,"Endothelial_general","NRP2"
1.95273000314326e-116,1.19882864519945,0.375,0.213,4.78516487270255e-112,"Endothelial_general","BMP4"
3.85751786372584e-101,1.19572263822044,0.329,0.185,9.45284752506016e-97,"Endothelial_general","HRCT1"
0,1.19138712245583,0.999,0.975,0,"Endothelial_general","MT-ND3"
2.81562097346585e-131,1.18896613078638,0.391,0.217,6.89967919547805e-127,"Endothelial_general","ERAP2"
6.05549901850245e-68,1.18782700270073,0.28,0.169,1.48390003448403e-63,"Endothelial_general","ABCG1"
2.92112634536499e-119,1.13131495363974,0.452,0.29,7.15822010931692e-115,"Endothelial_general","BTN3A2"
5.10121948829997e-50,1.11818829147156,0.257,0.165,1.25005383560791e-45,"Endothelial_general","ALDH6A1"
1.16091184494793e-163,1.07727685682907,0.549,0.362,2.84481447604489e-159,"Endothelial_general","GIMAP8"
1.03482977621341e-75,1.07261872648438,0.36,0.237,2.53585036661096e-71,"Endothelial_general","NEURL1B"
9.64106083185977e-90,1.03723967723923,0.264,0.136,2.36254195684724e-85,"Endothelial_general","S100A4"
7.11715250516797e-116,1.03551007723063,0.477,0.323,1.74405822139141e-111,"Endothelial_general","SMAD1"
5.08425085760561e-148,0.999233970893253,0.635,0.494,1.24589567265626e-143,"Endothelial_general","NUAK1"
5.12408632250279e-60,0.995672659875316,0.37,0.263,1.25565735332931e-55,"Endothelial_general","ZCCHC24"
3.12913047677601e-62,0.993489494929564,0.292,0.181,7.66793423333961e-58,"Endothelial_general","TNFAIP8L1"
7.40758458859684e-55,0.983424608446023,0.341,0.235,1.81522860343566e-50,"Endothelial_general","INMT"
0,0.967880345441811,0.982,0.924,0,"Endothelial_general","VWF"
4.85899206743873e-66,0.966078596850863,0.317,0.201,1.19069600612586e-61,"Endothelial_general","ABHD6"
6.10055921686545e-154,0.964818738371681,0.679,0.499,1.49494203609288e-149,"Endothelial_general","APOD"
2.06353463134015e-70,0.959874770560101,0.359,0.234,5.05669161409904e-66,"Endothelial_general","KDR"
2.82433431624937e-37,0.955649488248826,0.279,0.2,6.92103124196907e-33,"Endothelial_general","COL6A2"
4.89163345339413e-81,0.947555088053158,0.445,0.315,1.19869477775423e-76,"Endothelial_general","PMEPA1"
3.46417184653482e-139,0.940136879709643,0.542,0.358,8.48895310993357e-135,"Endothelial_general","NUPR1"
3.7748514599761e-98,0.933046870808776,0.473,0.328,9.25027350267144e-94,"Endothelial_general","ITGA10"
3.53755174038173e-55,0.932850397296737,0.331,0.226,8.66877053980542e-51,"Endothelial_general","CHST15"
2.37617294110341e-113,0.930691183591925,0.517,0.366,5.8228117921739e-109,"Endothelial_general","GIMAP6"
1.05514096793832e-54,0.929737209159305,0.311,0.207,2.58562294193285e-50,"Endothelial_general","LYL1"
0,0.927532316024752,0.991,0.94,0,"Endothelial_general","MT-ATP6"
2.41829814790684e-282,0.904234278545175,0.764,0.508,5.92603961144571e-278,"Endothelial_general","SOX18"
4.40404190682891e-56,0.894829834815237,0.296,0.188,1.07921046926843e-51,"Endothelial_general","RBM43"
2.90495692551161e-175,0.882059327371996,0.696,0.534,7.11859694596619e-171,"Endothelial_general","GIMAP1"
7.17043142420599e-98,0.874284720243461,0.555,0.419,1.75711422050168e-93,"Endothelial_general","PLSCR4"
2.92774417913452e-75,0.872748045593302,0.458,0.327,7.17443711096915e-71,"Endothelial_general","FLRT2"
3.46999232417149e-95,0.870338656009274,0.525,0.388,8.50321619038223e-91,"Endothelial_general","GALNT15"
4.77493070646567e-79,0.868070349334941,0.59,0.469,1.17009676961941e-74,"Endothelial_general","TFF3"
1.97978161966409e-210,0.863979698149127,0.83,0.73,4.85145485898686e-206,"Endothelial_general","NPC2"
7.61485957775587e-40,0.853973817669723,0.313,0.229,1.86602133952908e-35,"Endothelial_general","JUP"
0,0.849880579697421,0.991,0.943,0,"Endothelial_general","MT-ND1"
2.44204857657488e-102,0.841996848373751,0.549,0.411,5.98424003689675e-98,"Endothelial_general","RUNX1T1"
1.54630212437946e-90,0.83744106871321,0.486,0.337,3.78921335579187e-86,"Endothelial_general","CHRM3"
1.81571307123342e-137,0.832088566040685,0.613,0.435,4.4494048810575e-133,"Endothelial_general","AKR1C2"
8.37296121771483e-29,0.828932721555946,0.25,0.181,2.05179414640102e-24,"Endothelial_general","ZNF395"
3.04362382580541e-73,0.824225513683457,0.484,0.364,7.45840018513616e-69,"Endothelial_general","ZNF521"
3.75676084400829e-74,0.817597226000783,0.447,0.322,9.20594244824232e-70,"Endothelial_general","ROBO4"
4.57640239147772e-107,0.804842855540006,0.606,0.482,1.12144740603161e-102,"Endothelial_general","LYST"
1.55824587624021e-36,0.801624502669411,0.283,0.2,3.81848151972663e-32,"Endothelial_general","ACACB"
3.72767098358793e-86,0.798316868724863,0.375,0.23,9.13465774528223e-82,"Endothelial_general","FAM43A"
3.69736117679946e-42,0.791404953459417,0.353,0.262,9.06038356374708e-38,"Endothelial_general","LINC00969"
8.51875249690449e-32,0.785303051011846,0.352,0.276,2.08752029936645e-27,"Endothelial_general","ADGRG6"
5.40942076738288e-266,0.769624939840868,0.909,0.776,1.32557855904717e-261,"Endothelial_general","NR2F2"
5.7287103989075e-44,0.764229175085124,0.396,0.304,1.40382048325228e-39,"Endothelial_general","NID1"
1.39204005288098e-191,0.754958961622787,0.802,0.678,3.41119414958483e-187,"Endothelial_general","GIMAP4"
1.74890656712896e-21,0.743453040146695,0.265,0.206,4.28569554274951e-17,"Endothelial_general","ALDH3A2"
2.49051066658776e-242,0.741658846135745,0.871,0.751,6.1029963884733e-238,"Endothelial_general","GIMAP7"
1.71418432367277e-33,0.735368418913145,0.264,0.184,4.20060868516012e-29,"Endothelial_general","GPRC5C"
1.40273494245137e-70,0.734589282622142,0.546,0.436,3.43740197647708e-66,"Endothelial_general","SCARA3"
4.10008156760171e-40,0.731900386021712,0.405,0.318,1.0047249881408e-35,"Endothelial_general","C7"
3.01667110932632e-13,0.720776101893228,0.291,0.253,7.39235255340414e-09,"Endothelial_general","HEXIM1"
3.98145589668022e-53,0.714763413754456,0.472,0.377,9.75655767481488e-49,"Endothelial_general","PDLIM2"
6.01591223331489e-109,0.709936087890511,0.691,0.558,1.47419929277381e-104,"Endothelial_general","IL33"
2.93890540919509e-128,0.709296267137708,0.747,0.6,7.20178770523257e-124,"Endothelial_general","PLVAP"
3.58523557553942e-29,0.697037777519063,0.275,0.202,8.78561977785936e-25,"Endothelial_general","NUDT2"
1.94212482207354e-72,0.693363964595771,0.563,0.452,4.7591768764912e-68,"Endothelial_general","TRIM56"
4.78864323191411e-25,0.691737271576759,0.269,0.202,1.17345702398055e-20,"Endothelial_general","ZC3H7A"
9.82917988603558e-100,0.689534025376193,0.692,0.547,2.40864053107302e-95,"Endothelial_general","ALDH1A2"
0,0.68726492710625,0.985,0.94,0,"Endothelial_general","MT-ND2"
3.46786936350604e-35,0.68714025345243,0.395,0.32,8.49801387527156e-31,"Endothelial_general","APOL3"
1.04066960387484e-25,0.683620125019375,0.274,0.205,2.55016086429531e-21,"Endothelial_general","KIAA0430"
0,0.679733157463303,0.994,0.954,0,"Endothelial_general","TXNIP"
3.65421892781775e-197,0.679377899338058,0.524,0.287,8.95466348261739e-193,"Endothelial_general","C10orf10"
2.13208154343344e-16,0.676322554136589,0.319,0.273,5.22466582218365e-12,"Endothelial_general","STAB1"
3.84317268543573e-20,0.673132045280921,0.278,0.222,9.41769466566025e-16,"Endothelial_general","PPP1R16B"
2.67400305293261e-119,0.670757916602828,0.759,0.635,6.55264448121136e-115,"Endothelial_general","CCL14"
7.96506098923295e-15,0.66806960272663,0.298,0.254,1.95183819541153e-10,"Endothelial_general","COL6A1"
6.14321151484455e-42,0.664794790923131,0.457,0.375,1.50539398171266e-37,"Endothelial_general","NUMA1"
6.80053215211802e-24,0.65616961744096,0.292,0.226,1.66647040387652e-19,"Endothelial_general","CTCF"
0,0.651634559474686,0.998,0.978,0,"Endothelial_general","MT-ND4"
2.68806025226975e-15,0.644161942869722,0.27,0.225,6.58709164818703e-11,"Endothelial_general","SEMA6B"
2.73299034895607e-16,0.641791547637952,0.27,0.218,6.69719285011684e-12,"Endothelial_general","TIA1"
4.80524489519961e-24,0.63757180922963,0.286,0.219,1.17752526156866e-19,"Endothelial_general","FMNL2"
1.33323379864025e-52,0.636104426384166,0.545,0.459,3.26708942356794e-48,"Endothelial_general","USP8"
2.58176901958501e-144,0.63438234385633,0.781,0.647,6.32662498249306e-140,"Endothelial_general","RAPGEF5"
2.7468043597587e-180,0.634244891015079,0.892,0.82,6.7310440835887e-176,"Endothelial_general","NFIB"
1.63255601869903e-20,0.632033998906717,0.287,0.228,4.00057852382198e-16,"Endothelial_general","THRA"
0,0.631958689484138,1,0.989,0,"Endothelial_general","MT-CYB"
4.44599373922995e-10,0.625627673788649,0.274,0.239,1.0894907657983e-05,"Endothelial_general","NSUN6"
5.89096698923466e-29,0.620343095054195,0.337,0.263,1.44358146071195e-24,"Endothelial_general","KAT6B"
3.3341172477454e-29,0.619161868991456,0.349,0.275,8.17025431560009e-25,"Endothelial_general","SOX7"
3.31376910329223e-61,0.617790445927537,0.472,0.349,8.12039118761761e-57,"Endothelial_general","HHEX"
5.02405032075299e-121,0.610627832430268,0.635,0.478,1.23114353110052e-116,"Endothelial_general","CFD"
3.12207932610917e-38,0.608976924005261,0.396,0.309,7.65065538863052e-34,"Endothelial_general","IMP3"
1.85531983283629e-25,0.606140217880504,0.354,0.288,4.54646125036533e-21,"Endothelial_general","NSD1"
0,0.605727940609268,0.997,0.995,0,"Endothelial_general","HLA-A"
5.9282389056408e-17,0.605589758561537,0.289,0.237,1.45271494382728e-12,"Endothelial_general","PRKAG2"
0,0.60467207673524,0.996,0.978,0,"Endothelial_general","MT-CO3"
1.9813316996748e-73,0.604612741015705,0.66,0.561,4.85525333005309e-69,"Endothelial_general","FOXC1"
9.90671769558353e-39,0.60313341254165,0.453,0.378,2.42764117130274e-34,"Endothelial_general","METTL7A"
3.35836513716821e-33,0.602272850566762,0.414,0.34,8.2296737686307e-29,"Endothelial_general","ATP8B1"
2.34011984256571e-18,0.600497747580968,0.282,0.227,5.73446367420726e-14,"Endothelial_general","OARD1"
3.16703764792589e-38,0.599352440005109,0.471,0.391,7.76082575624239e-34,"Endothelial_general","FLI1"
1.64875927507314e-17,0.598477074367675,0.333,0.284,4.04028460356672e-13,"Endothelial_general","TBC1D5"
1.09956525570153e-28,0.598146130380547,0.366,0.295,2.6944846590966e-24,"Endothelial_general","SMARCC2"
7.09555402160034e-49,0.5979905707914,0.476,0.375,1.73876551299316e-44,"Endothelial_general","RFC1"
1.34226049036215e-20,0.595282063434279,0.27,0.209,3.28920933163245e-16,"Endothelial_general","ZNF704"
5.89911814177355e-30,0.593170850078323,0.412,0.338,1.44557890064161e-25,"Endothelial_general","MPZL2"
1.15561013186995e-26,0.591646136268088,0.424,0.359,2.83182262814731e-22,"Endothelial_general","GBP4"
8.02430683878268e-14,0.587461855294454,0.251,0.205,1.9663563908437e-09,"Endothelial_general","PRRG1"
5.80566688742186e-25,0.585841866107076,0.391,0.329,1.42267867076273e-20,"Endothelial_general","GBP2"
1.79985472263733e-93,0.58433998141936,0.632,0.481,4.41054399782279e-89,"Endothelial_general","EFNA1"
5.7114016550144e-32,0.583027116197737,0.36,0.279,1.39957897556128e-27,"Endothelial_general","MYO10"
1.96502978792399e-266,0.5813509665947,0.939,0.846,4.81530549530773e-262,"Endothelial_general","EGFL7"
5.03867230528134e-13,0.581165512517425,0.26,0.217,1.23472664840919e-08,"Endothelial_general","SHPRH"
4.4420675355527e-33,0.576169780703832,0.347,0.261,1.08852864958719e-28,"Endothelial_general","RASSF9"
4.14383644496169e-170,0.576058973038289,0.881,0.83,1.01544712083786e-165,"Endothelial_general","VAMP5"
5.22562937102361e-17,0.573596303575919,0.258,0.204,1.28054047736934e-12,"Endothelial_general","NLRP1"
4.02599383960629e-109,0.572705821534765,0.768,0.657,9.86569790395522e-105,"Endothelial_general","EFNB2"
1.21634104796122e-54,0.56784730635506,0.558,0.461,2.98064373802897e-50,"Endothelial_general","LAMB1"
1.45106418288222e-42,0.564856859265202,0.514,0.445,3.55583278015289e-38,"Endothelial_general","PRPF6"
6.22677750011804e-13,0.559978258262469,0.255,0.212,1.52587182640393e-08,"Endothelial_general","POLR2M"
2.05780013845923e-28,0.55970476235767,0.374,0.3,5.04263923929435e-24,"Endothelial_general","UPF2"
2.01533532208998e-20,0.556448982924887,0.346,0.289,4.93857920678149e-16,"Endothelial_general","CCDC69"
0,0.554862696954522,0.982,0.977,0,"Endothelial_general","RPS21"
2.52887223916772e-77,0.552306270608323,0.708,0.62,6.19700142208049e-73,"Endothelial_general","RBP7"
2.44523092647895e-15,0.551105455788834,0.301,0.255,5.99203838533666e-11,"Endothelial_general","GMDS"
7.74500960175754e-111,0.545512909725635,0.699,0.513,1.89791460291069e-106,"Endothelial_general","FOXC2"
3.64225186013272e-76,0.543721609416912,0.711,0.601,8.92533818325522e-72,"Endothelial_general","NUDT4"
2.76355871826212e-11,0.543544109024354,0.297,0.261,6.77210063910133e-07,"Endothelial_general","GPX3"
1.44323844042784e-13,0.540957967734997,0.322,0.279,3.53665579826842e-09,"Endothelial_general","TEAD1"
3.23913180947162e-33,0.539159954839385,0.379,0.295,7.93749249911021e-29,"Endothelial_general","GATA2"
2.72927970536212e-46,0.535792472212151,0.66,0.598,6.68809991798988e-42,"Endothelial_general","COL18A1"
5.89279886136708e-09,0.533871162129226,0.255,0.223,0.0001444030360978,"Endothelial_general","CARD10"
1.27758351870771e-15,0.532518897183304,0.284,0.233,3.13071841259324e-11,"Endothelial_general","TLR4"
1.07617742320387e-133,0.531620954797063,0.837,0.782,2.6371727755611e-129,"Endothelial_general","SNHG7"
6.30848629840026e-13,0.531561243226651,0.298,0.256,1.54589456742298e-08,"Endothelial_general","NPEPPS"
8.94556149521603e-17,0.531506760468636,0.333,0.282,2.19210984440269e-12,"Endothelial_general","GPATCH8"
1.00065175162153e-11,0.529963836896062,0.275,0.232,2.45209711734855e-07,"Endothelial_general","FLNC"
5.59939250213664e-13,0.526440904647102,0.266,0.221,1.37213113264858e-08,"Endothelial_general","AFAP1L1"
1.86903500397481e-20,0.526295504409453,0.432,0.387,4.58007027724028e-16,"Endothelial_general","ALDH2"
2.12804490345115e-30,0.525874064039021,0.497,0.436,5.21477403590703e-26,"Endothelial_general","CPD"
1.94410308549644e-22,0.525514159297978,0.359,0.295,4.76402461100903e-18,"Endothelial_general","ATL2"
9.62007544522325e-16,0.52395976838398,0.352,0.303,2.35739948785196e-11,"Endothelial_general","FBN1"
1.62752283769134e-73,0.523783430260127,0.742,0.676,3.98824471376263e-69,"Endothelial_general","ARL4A"
6.78124026806421e-11,0.520689733182997,0.27,0.231,1.66174292768913e-06,"Endothelial_general","SYNE3"
1.35897824027161e-28,0.519187077919348,0.463,0.397,3.33017617778557e-24,"Endothelial_general","ST6GAL1"
1.66922810715075e-25,0.518909708157983,0.298,0.226,4.09044347657292e-21,"Endothelial_general","RGS3"
1.13836253161704e-15,0.517100059658348,0.358,0.311,2.78955738372757e-11,"Endothelial_general","LRP5"
5.5046160842831e-08,0.515542393284842,0.265,0.238,0.00134890617145357,"Endothelial_general","TNRC18"
1.22787287752425e-72,0.51504800860471,0.724,0.688,3.00890248637316e-68,"Endothelial_general","CALCOCO2"
4.13712461113332e-23,0.513581347000349,0.477,0.426,1.01380238595822e-18,"Endothelial_general","HDAC7"
1.85852677523851e-28,0.513018368324398,0.452,0.391,4.55431986272197e-24,"Endothelial_general","C1orf115"
7.48663770674032e-18,0.51294953169594,0.398,0.353,1.83460057003672e-13,"Endothelial_general","TNS1"
0,0.512703438403017,1,0.999,0,"Endothelial_general","SPARCL1"
6.77649678326115e-17,0.512029144213062,0.4,0.355,1.66058053673814e-12,"Endothelial_general","GATAD1"
1.79824521954786e-09,0.511934161143645,0.263,0.23,4.40659991050203e-05,"Endothelial_general","TAOK2"
1.91380078729196e-20,0.508289491298573,0.4,0.345,4.68976882925894e-16,"Endothelial_general","MYRIP"
2.85840040222747e-22,0.50817636551193,0.444,0.391,7.00451018565843e-18,"Endothelial_general","RARRES3"
3.65205950896555e-23,0.507935018757381,0.449,0.391,8.94937182672009e-19,"Endothelial_general","SULF2"
7.07169412519807e-16,0.507898520076803,0.39,0.341,1.73291864537979e-11,"Endothelial_general","SEMA6A"
3.10971883578763e-12,0.506734858412076,0.295,0.253,7.62036600709759e-08,"Endothelial_general","FAT4"
2.89777518416805e-12,0.506365227036883,0.341,0.301,7.10099808880381e-08,"Endothelial_general","TNRC6A"
1.32967228839933e-44,0.504963173876722,0.507,0.39,3.25836194272257e-40,"Endothelial_general","DNASE1L3"
3.3214910328936e-66,0.504946749659354,0.807,0.721,8.13931377610576e-62,"Endothelial_general","MMRN1"
1.96336120565815e-16,0.503758453237932,0.396,0.352,4.81121663446529e-12,"Endothelial_general","CYBRD1"
2.32778803251832e-29,0.502819206264581,0.471,0.406,5.70424457368615e-25,"Endothelial_general","RPS19BP1"
5.13269649452733e-161,0.499029899232457,0.933,0.885,1.25776727598392e-156,"Endothelial_general","MT-ND5"
5.78415135351757e-35,0.498193007315281,0.536,0.48,1.41740628917948e-30,"Endothelial_general","EPB41L4A-AS1"
9.83870020605203e-12,0.497882191487812,0.277,0.235,2.41097348549305e-07,"Endothelial_general","ATM"
1.25134067261751e-13,0.494955491916578,0.322,0.277,3.06641031824921e-09,"Endothelial_general","RPS6KA2"
1.05630998384518e-17,0.494902683260038,0.399,0.354,2.58848761541262e-13,"Endothelial_general","GNA11"
1.08152797156843e-10,0.494031738956723,0.259,0.221,2.65028429432845e-06,"Endothelial_general","PBXIP1"
2.54366115470675e-60,0.493593195562085,0.648,0.554,6.23324165960888e-56,"Endothelial_general","MT-ND4L"
1.01316590915628e-15,0.492817471175395,0.38,0.336,2.48276306038746e-11,"Endothelial_general","TPD52L2"
1.49319006686271e-09,0.491156998886944,0.271,0.235,3.65906225884707e-05,"Endothelial_general","MYH10"
1.98821273089235e-18,0.490260387141892,0.396,0.345,4.87211529705171e-14,"Endothelial_general","BLCAP"
7.99509631681879e-08,0.488892640794182,0.257,0.227,0.00195919835243644,"Endothelial_general","KMT5B"
2.03532987980063e-11,0.488872783294718,0.295,0.255,4.98757587045145e-07,"Endothelial_general","EP300"
8.43470772866095e-15,0.487316743496669,0.288,0.239,2.06692512890837e-10,"Endothelial_general","FNBP1"
4.60249799448605e-33,0.486782209627616,0.552,0.507,1.12784213354881e-28,"Endothelial_general","AKT3"
4.00009952454644e-24,0.486523137761323,0.484,0.426,9.80224388490104e-20,"Endothelial_general","SESN3"
8.17985115824711e-11,0.486221798130245,0.303,0.266,2.00447252632845e-06,"Endothelial_general","CLSTN1"
1.06676819721321e-09,0.48424381854715,0.338,0.31,2.61411546727098e-05,"Endothelial_general","RXRA"
2.23247653234307e-14,0.478986350751855,0.386,0.347,5.4706837425067e-10,"Endothelial_general","RHOJ"
5.65018437428894e-31,0.477197070204668,0.517,0.439,1.3845776809195e-26,"Endothelial_general","CCDC80"
2.48591278077539e-11,0.4734368852408,0.292,0.252,6.0917292692901e-07,"Endothelial_general","CARD16"
1.05187564130893e-318,0.472848402234263,0.99,0.982,2.57762125902753e-314,"Endothelial_general","RPL38"
1.03177671540009e-20,0.472180926512527,0.422,0.367,2.52836884108792e-16,"Endothelial_general","CBX5"
1.91665356902554e-10,0.47149680086635,0.325,0.29,4.69675957089708e-06,"Endothelial_general","UVRAG"
2.42731105608824e-18,0.471354355468869,0.344,0.287,5.94812574294423e-14,"Endothelial_general","IRF2"
3.25995423966751e-07,0.470230671348542,0.254,0.225,0.00798851786430524,"Endothelial_general","IKBKB"
4.38970233370634e-21,0.464907480819594,0.451,0.396,1.07569655687474e-16,"Endothelial_general","MAP3K1"
7.01616180391508e-19,0.463904750617646,0.459,0.412,1.71931045004939e-14,"Endothelial_general","SNX5"
2.60913620124813e-13,0.463757347001294,0.302,0.257,6.39368826115855e-09,"Endothelial_general","UBN1"
2.60264617571141e-91,0.463217453990461,0.826,0.803,6.37778445358082e-87,"Endothelial_general","CAST"
2.63037042835897e-07,0.462621554646137,0.268,0.239,0.00644572273469365,"Endothelial_general","SBF2"
1.42226134015663e-17,0.460457999577777,0.406,0.358,3.48525141405383e-13,"Endothelial_general","ZKSCAN1"
3.20142888147171e-21,0.459796280649769,0.384,0.32,7.84510147404644e-17,"Endothelial_general","TMOD1"
2.23535312284497e-57,0.459635228155836,0.733,0.668,5.4777328275316e-53,"Endothelial_general","TIMP2"
1.69578561428197e-101,0.458381933666584,0.882,0.846,4.15552264779798e-97,"Endothelial_general","SYNE2"
8.4288873032684e-129,0.458263079612851,0.914,0.852,2.06549883366592e-124,"Endothelial_general","ADGRF5"
5.80230119929837e-121,0.458016900556287,0.912,0.868,1.42185390888806e-116,"Endothelial_general","ARHGAP29"
1.60635338420826e-33,0.457788943425627,0.566,0.506,3.93636896800235e-29,"Endothelial_general","NDUFB1"
1.92396163532044e-37,0.457002346705788,0.605,0.552,4.71466798735273e-33,"Endothelial_general","PHACTR2"
0.00560997341883005,0.456283091884933,0.29,0.285,1,"Endothelial_general","ARRDC3"
6.30654600475481e-32,0.455741027346076,0.528,0.465,1.54541909846517e-27,"Endothelial_general","WHSC1L1"
4.51203923636269e-22,0.453476822465404,0.447,0.393,1.10567521487068e-17,"Endothelial_general","DDX42"
2.30154087665429e-14,0.452334949748482,0.362,0.319,5.63992591824133e-10,"Endothelial_general","HUWE1"
5.11796668570902e-10,0.451778387471777,0.283,0.244,1.254157736333e-05,"Endothelial_general","SNED1"
2.5715552718477e-15,0.450913420339318,0.38,0.335,6.30159619366278e-11,"Endothelial_general","PRPF8"
1.22195007532386e-07,0.450770745506292,0.277,0.249,0.00299438865958112,"Endothelial_general","FLOT2"
8.03838080255603e-15,0.449020117833424,0.447,0.417,1.96980521566636e-10,"Endothelial_general","CLTC"
1.69957192129727e-15,0.448524468059932,0.41,0.368,4.16480099313897e-11,"Endothelial_general","GLG1"
2.28379045795729e-09,0.448139449958045,0.331,0.299,5.59642851722434e-05,"Endothelial_general","MAP3K3"
2.79151817581681e-11,0.447342773699073,0.326,0.29,6.84061528983909e-07,"Endothelial_general","C6orf89"
3.77820683567152e-12,0.446974819105614,0.255,0.208,9.25849585081307e-08,"Endothelial_general","ARHGAP6"
8.22246540303695e-12,0.445299313349979,0.305,0.262,2.01491514701421e-07,"Endothelial_general","TNFRSF1B"
4.22655323575531e-09,0.445220912321576,0.298,0.264,0.000103571687042184,"Endothelial_general","CREBBP"
4.28996469678263e-10,0.444869231979643,0.253,0.213,1.05125584894658e-05,"Endothelial_general","RFTN2"
1.36499885284234e-36,0.444742925475095,0.588,0.527,3.34492968889016e-32,"Endothelial_general","TTC3"
4.56325047749284e-07,0.444703429079988,0.273,0.247,0.0111822452950962,"Endothelial_general","AP2A2"
6.7203711475789e-20,0.444502359608771,0.469,0.422,1.64682694971421e-15,"Endothelial_general","DOCK4"
2.629506425385e-09,0.442913398631001,0.293,0.258,6.44360549540595e-05,"Endothelial_general","SFSWAP"
5.18161782715154e-148,0.442688771683586,0.971,0.945,1.26975544854349e-143,"Endothelial_general","PLAT"
8.29104771229762e-100,0.442598297226201,0.862,0.849,2.03172124189853e-95,"Endothelial_general","PNRC1"
9.17273143216167e-14,0.442135539328583,0.451,0.42,2.24777783745122e-09,"Endothelial_general","ELK4"
1.37436595048642e-08,0.438837777592165,0.34,0.311,0.000336788376166697,"Endothelial_general","CALHM2"
1.49659157211789e-119,0.437542014550373,0.925,0.912,3.6673976474749e-115,"Endothelial_general","AHNAK"
1.15813406640133e-07,0.437292589331502,0.288,0.259,0.00283800752971645,"Endothelial_general","CASC3"
4.55986085356036e-14,0.436290050974173,0.308,0.258,1.11739390216497e-09,"Endothelial_general","DLL4"
8.50267305433389e-09,0.433075290152714,0.331,0.302,0.000208358003196452,"Endothelial_general","RBM6"
1.67683912100726e-36,0.432993368715681,0.425,0.33,4.10909426602829e-32,"Endothelial_general","ITPR2"
2.96977653500089e-05,0.432076796000752,0.26,0.239,0.727743739901968,"Endothelial_general","FSCN1"
2.49611504581388e-26,0.431850319681532,0.557,0.509,6.1167299197669e-22,"Endothelial_general","CSGALNACT1"
1.60708345403267e-05,0.431074283001847,0.315,0.3,0.393815800410705,"Endothelial_general","SDHA"
2.48957425989408e-26,0.430722387805335,0.558,0.514,6.10070172387045e-22,"Endothelial_general","GTF2I"
4.2866318409924e-114,0.429978136297644,0.587,0.399,1.05043913263519e-109,"Endothelial_general","IER3"
3.35652626150248e-10,0.428853138004332,0.361,0.328,8.22516760381182e-06,"Endothelial_general","IGF1R"
7.05850491887467e-64,0.428736837436656,0.779,0.727,1.72968663037024e-59,"Endothelial_general","SEPP1"
1.29353766980958e-44,0.427732627621646,0.684,0.643,3.16981405986837e-40,"Endothelial_general","ABLIM1"
4.37555347662055e-13,0.426000786785935,0.449,0.418,1.07222937944587e-08,"Endothelial_general","DDX6"
1.30166736818067e-08,0.425615943245574,0.308,0.278,0.000318973588572674,"Endothelial_general","KIAA1033"
1.5360494650962e-14,0.425527225049644,0.422,0.384,3.76408921421823e-10,"Endothelial_general","BAZ1B"
3.49549425463683e-37,0.425321748390686,0.533,0.445,8.56570867098756e-33,"Endothelial_general","CDKN1C"
4.93277970401921e-12,0.424006959345004,0.331,0.288,1.20877766646991e-07,"Endothelial_general","TFDP2"
1.91215283560544e-46,0.42254690520538,0.676,0.622,4.68573052365114e-42,"Endothelial_general","KMT2A"
3.2486922227954e-06,0.421647962334303,0.261,0.237,0.0796092029196012,"Endothelial_general","BRD3"
2.07264171013791e-08,0.420522096430967,0.341,0.316,0.000507900851069296,"Endothelial_general","UBE2Q1"
5.20842805568829e-08,0.418806893450505,0.297,0.268,0.00127632529504642,"Endothelial_general","QARS"
6.39139597828701e-08,0.417167032164951,0.307,0.279,0.00156621158447923,"Endothelial_general","IPO5"
2.48341797678664e-46,0.417022370199077,0.438,0.317,6.08561575211566e-42,"Endothelial_general","CDH13"
1.71651781990146e-33,0.415743544430676,0.589,0.521,4.20632691766852e-29,"Endothelial_general","SYNPO"
1.49715291899795e-07,0.413736905829988,0.288,0.26,0.00366877322800447,"Endothelial_general","TNIP1"
0,0.412205960794434,1,0.999,0,"Endothelial_general","RPS27"
1.75317078383979e-08,0.412156765568786,0.374,0.352,0.00042961450057994,"Endothelial_general","TNPO1"
7.40926026319225e-29,0.411497653943765,0.583,0.528,1.81563922749526e-24,"Endothelial_general","GLS"
0,0.410999035854481,0.999,0.998,0,"Endothelial_general","RPL37"
4.98301561488474e-55,0.40971752722748,0.778,0.729,1.22108797642751e-50,"Endothelial_general","LMO2"
2.93753427675835e-78,0.408758150863724,0.843,0.751,7.19842774519634e-74,"Endothelial_general","TGM2"
1.52937721052196e-112,0.408695851697805,0.985,0.968,3.74773885438406e-108,"Endothelial_general","IGFBP4"
7.86024766931869e-72,0.408295501061229,0.82,0.805,1.92615369136655e-67,"Endothelial_general","ANP32B"
1.01166837863872e-07,0.406947196721022,0.367,0.344,0.00247909336185419,"Endothelial_general","STX7"
1.15736106762547e-10,0.406733780797574,0.396,0.365,2.83611329621621e-06,"Endothelial_general","ANAPC5"
2.70959963528519e-55,0.40639130197675,0.752,0.702,6.63987390626635e-51,"Endothelial_general","TNFSF10"
1.50402056880756e-06,0.405995319844774,0.295,0.269,0.0368560240386291,"Endothelial_general","ATXN2"
2.20237138032672e-07,0.405742649337285,0.275,0.244,0.00539691106749063,"Endothelial_general","ZMYM2"
1.47468479864321e-31,0.405483102884367,0.584,0.508,3.61371509907518e-27,"Endothelial_general","CDH11"
1.79195928674312e-05,0.404161549707798,0.27,0.248,0.439119623216402,"Endothelial_general","ZNF652"
7.2814103198879e-14,0.403406397734581,0.398,0.357,1.78430959888853e-09,"Endothelial_general","HDLBP"
2.21748509193406e-13,0.40333616635783,0.452,0.417,5.43394721778441e-09,"Endothelial_general","YPEL3"
4.34088456247549e-08,0.402297000408149,0.307,0.277,0.00106373376203462,"Endothelial_general","MBTPS1"
0.00115489690753572,0.400142268146139,0.276,0.267,1,"Endothelial_general","CYBA"
2.33846744676644e-46,0.400132356614277,0.751,0.705,5.73041447830117e-42,"Endothelial_general","LDB2"
2.7465858967508e-07,0.397739158047413,0.315,0.289,0.00673050873998782,"Endothelial_general","NBR1"
6.39109159062582e-20,0.397387116616427,0.49,0.445,1.56613699428286e-15,"Endothelial_general","PGM5"
1.84166435482975e-30,0.3973461075943,0.588,0.555,4.51299850151031e-26,"Endothelial_general","RSL1D1"
2.26598172150344e-13,0.395932562614281,0.327,0.277,5.55278820854417e-09,"Endothelial_general","AC090498.1"
0.0037631824650497,0.395812787285348,0.262,0.252,1,"Endothelial_general","MSL1"
3.28971813321802e-05,0.394263521090368,0.273,0.252,0.806145428545075,"Endothelial_general","UBR5"
4.07171780485008e-07,0.394249333666802,0.296,0.268,0.00997774448078512,"Endothelial_general","SDCCAG8"
9.74016449308763e-08,0.3942018604232,0.301,0.273,0.00238682730903112,"Endothelial_general","PCMTD2"
3.25959981476163e-08,0.393999709264912,0.299,0.268,0.000798764934607337,"Endothelial_general","NUDT16"
5.44881639433557e-30,0.393332228901014,0.561,0.495,1.33523245743193e-25,"Endothelial_general","TSPAN18"
1.08402511857625e-25,0.392601994710411,0.627,0.608,2.65640355307109e-21,"Endothelial_general","RWDD1"
1.00332173483163e-07,0.392261852506289,0.287,0.257,0.0024586399112049,"Endothelial_general","ZNF33A"
2.45532686302849e-16,0.391687102654829,0.451,0.408,6.01677847785131e-12,"Endothelial_general","RNF213"
6.96331541005689e-10,0.391623125258485,0.324,0.285,1.70636044123444e-05,"Endothelial_general","PKP4"
4.35286386706998e-40,0.391367456271527,0.668,0.571,1.0666692906255e-35,"Endothelial_general","AKR1C1"
2.31977710502016e-06,0.391040335120866,0.258,0.232,0.056846137958519,"Endothelial_general","OSBPL9"
1.77211399917082e-05,0.390788322476429,0.26,0.237,0.434256535496809,"Endothelial_general","TMEM9"
1.66731635165593e-108,0.390246448553185,0.939,0.896,4.08575871973284e-104,"Endothelial_general","ZFP36L1"
1.61765333403999e-06,0.390142584286985,0.348,0.331,0.03964059495065,"Endothelial_general","ABHD14B"
1.60714315835115e-07,0.389592257257242,0.278,0.246,0.0039383043095395,"Endothelial_general","GOLGA2"
3.16507198035681e-07,0.389436681011592,0.316,0.289,0.00775600888786435,"Endothelial_general","ITPRIPL2"
3.72528344367218e-07,0.38900230086718,0.33,0.305,0.00912880707871869,"Endothelial_general","XPC"
2.29903103185428e-05,0.386854397539461,0.278,0.257,0.563377554355892,"Endothelial_general","SUCLG2"
5.07317630519353e-09,0.386633656947243,0.374,0.345,0.000124318185358768,"Endothelial_general","STAT1"
4.88845986566862e-11,0.386410953294883,0.405,0.371,1.1979170900821e-06,"Endothelial_general","KIAA1109"
2.113578296804e-05,0.385891451268473,0.267,0.245,0.517932361631821,"Endothelial_general","APOL6"
2.5814145311803e-09,0.385817861256834,0.327,0.29,6.32575630865733e-05,"Endothelial_general","NOTCH4"
2.28398809206897e-35,0.38574825309479,0.656,0.589,5.596912819615e-31,"Endothelial_general","GPM6A"
0.000492232747339294,0.385651572649566,0.321,0.313,1,"Endothelial_general","NOTCH1"
6.0201662518127e-10,0.38542667389986,0.294,0.256,1.4752417400067e-05,"Endothelial_general","HERC2"
3.37869384510263e-10,0.385257579778738,0.382,0.349,8.27948926742399e-06,"Endothelial_general","RBMS2"
9.56132294621184e-19,0.38502245704016,0.552,0.538,2.34300218796921e-14,"Endothelial_general","HADHA"
3.44241332343964e-05,0.384987903989848,0.298,0.278,0.843563384908883,"Endothelial_general","SCAPER"
3.78047969909024e-89,0.384554661034558,0.905,0.845,9.26406550262063e-85,"Endothelial_general","ZFP36L2"
4.48061234029526e-18,0.38451350571143,0.619,0.597,1.09797405398935e-13,"Endothelial_general","SLC3A2"
1.33558037482544e-05,0.384246071763232,0.301,0.279,0.327283970850974,"Endothelial_general","VPS4B"
6.44933613649525e-07,0.382004801830384,0.283,0.256,0.0158040982024816,"Endothelial_general","PRKD3"
0.000146553964833402,0.381583908845229,0.302,0.287,1,"Endothelial_general","CCDC115"
5.95966694700657e-10,0.381569755628969,0.308,0.269,1.46041638536396e-05,"Endothelial_general","ZC3H6"
5.06753252138518e-41,0.380482927434169,0.816,0.789,1.24179884436544e-36,"Endothelial_general","WSB1"
1.16127313606964e-10,0.380028199730135,0.381,0.347,2.84569981993865e-06,"Endothelial_general","KIAA1551"
0.000329995443261473,0.379239488028597,0.281,0.266,1,"Endothelial_general","FAM111A"
5.8497015712794e-07,0.37799971917366,0.311,0.286,0.0143346937004202,"Endothelial_general","PROS1"
8.82651593651258e-09,0.376468723780647,0.413,0.393,0.000216293773024241,"Endothelial_general","EPRS"
0.000424255429927175,0.375530709009851,0.256,0.239,1,"Endothelial_general","NPR1"
6.64750806999958e-22,0.374733934487153,0.562,0.531,1.6289718525534e-17,"Endothelial_general","PHF3"
1.02384557690151e-07,0.374231596502326,0.281,0.25,0.00250893358619715,"Endothelial_general","TMEM159"
3.0999733126186e-12,0.373880209520497,0.452,0.422,7.59648460257188e-08,"Endothelial_general","VPS13C"
4.61398170586227e-07,0.373347171050487,0.316,0.288,0.0113065621702155,"Endothelial_general","CMTM3"
7.33066938495494e-07,0.373212493944326,0.343,0.318,0.0179638053278321,"Endothelial_general","LBR"
5.19812601780031e-09,0.372857187746325,0.374,0.346,0.000127380078066197,"Endothelial_general","TLK1"
1.70567110675501e-14,0.372466994781966,0.416,0.367,4.17974704710316e-10,"Endothelial_general","AR"
1.48333625290305e-317,0.371780824985091,0.998,0.996,3.63491548773892e-313,"Endothelial_general","RPS15A"
1.76202157916944e-315,0.371756215360654,0.996,0.995,4.31783387975471e-311,"Endothelial_general","RPL37A"
3.57130637335824e-08,0.370973596790601,0.393,0.37,0.000875148626791438,"Endothelial_general","ERICH1"
0.000588178662987703,0.370474788672777,0.279,0.264,1,"Endothelial_general","ARHGAP21"
1.14569161983688e-112,0.370204413499577,0.978,0.966,2.80751731441027e-108,"Endothelial_general","CST3"
7.65264676663942e-05,0.369861631666895,0.284,0.267,1,"Endothelial_general","ABCD4"
8.16313726354472e-49,0.369856402971683,0.907,0.875,2.00037678643163e-44,"Endothelial_general","KCTD12"
7.93375484886156e-11,0.369752113988739,0.387,0.354,1.94416662571353e-06,"Endothelial_general","MIA3"
1.33062557744341e-28,0.36972145613494,0.621,0.579,3.26069797752508e-24,"Endothelial_general","NRN1"
4.97539446089294e-06,0.369081789954666,0.275,0.249,0.121922041264181,"Endothelial_general","ZNF721"
4.76737033620119e-24,0.368706668781978,0.511,0.445,1.1682441008861e-19,"Endothelial_general","SPINT2"
3.87950210381303e-06,0.368431184418631,0.324,0.304,0.0950671990539383,"Endothelial_general","PPM1F"
9.37562477228124e-15,0.368034008206564,0.472,0.436,2.29749685044752e-10,"Endothelial_general","ZNF638"
3.29865714847055e-16,0.367121802119223,0.421,0.363,8.08335934232708e-12,"Endothelial_general","CRTAC1"
9.05679345936675e-116,0.366882412602913,0.945,0.879,2.21936723721782e-111,"Endothelial_general","RPL36A"
0.00224710376404246,0.366259259519127,0.253,0.241,1,"Endothelial_general","DCTN1"
6.93527771502828e-06,0.366142655777774,0.304,0.284,0.169948980406768,"Endothelial_general","CAPRIN1"
7.60916639418659e-06,0.365824980606658,0.309,0.288,0.186462622489542,"Endothelial_general","UBTF"
7.20242462446101e-20,0.364963483364801,0.473,0.414,1.76495415422417e-15,"Endothelial_general","CCDC3"
1.42875737464151e-05,0.361452250951776,0.376,0.364,0.350116994655901,"Endothelial_general","RBPJ"
3.78101453008476e-10,0.361407090911662,0.368,0.333,9.26537610597272e-06,"Endothelial_general","CDKN1B"
4.17807277457683e-05,0.361320009958425,0.286,0.268,1,"Endothelial_general","SUPT6H"
4.19979520046006e-14,0.360646542036091,0.569,0.553,1.02915981387274e-09,"Endothelial_general","CTSD"
4.2297126378939e-08,0.359754047016149,0.322,0.29,0.0010364910819159,"Endothelial_general","FARP1"
3.64969643353487e-13,0.35963548975215,0.514,0.497,8.9435811103772e-09,"Endothelial_general","LSM2"
5.16867551439537e-25,0.358072991809712,0.599,0.561,1.26658393480258e-20,"Endothelial_general","ERP29"
5.71419245064995e-07,0.35787763705516,0.316,0.287,0.0140026286003177,"Endothelial_general","NIFK"
2.41244611156798e-07,0.357155315039309,0.253,0.223,0.00591169919639732,"Endothelial_general","CCDC71L"
4.93676984673381e-05,0.357059034851331,0.311,0.29,1,"Endothelial_general","VPS13A"
3.0881243737494e-17,0.35678009032488,0.512,0.464,7.5674487778729e-13,"Endothelial_general","TBX1"
0.000174073308787817,0.356111707420327,0.283,0.267,1,"Endothelial_general","ZBTB44"
0.000189213050019628,0.355544570909424,0.286,0.27,1,"Endothelial_general","ZNF358"
6.07612033530746e-06,0.355342394685547,0.31,0.287,0.148895328816709,"Endothelial_general","TTC37"
1.47652752661627e-41,0.352810945169999,0.725,0.704,3.61823070397317e-37,"Endothelial_general","SNHG8"
4.48194755089195e-25,0.352396905548018,0.582,0.549,1.09830124734607e-20,"Endothelial_general","TLN1"
3.9853594516887e-08,0.352387230603921,0.371,0.342,0.000976612333636315,"Endothelial_general","FNBP4"
0.000486752858561026,0.351596977101949,0.254,0.238,1,"Endothelial_general","SMIM4"
2.49766257479752e-05,0.351352997908605,0.302,0.282,0.612052213954133,"Endothelial_general","RAPGEF1"
5.03600672956451e-07,0.351121687447906,0.385,0.364,0.0123407344907978,"Endothelial_general","HTRA1"
8.38555419031744e-08,0.350947461459747,0.375,0.35,0.00205488005433729,"Endothelial_general","MRPS34"
5.69721300841129e-05,0.350714300467455,0.265,0.244,1,"Endothelial_general","SEL1L"
2.95122268444245e-09,0.350196414796485,0.374,0.343,7.23197118822622e-05,"Endothelial_general","VEGFB"
5.48843719661824e-11,0.350173594649804,0.359,0.32,1.3449415350313e-06,"Endothelial_general","DNAJB4"
5.58491849037518e-07,0.349202558476822,0.319,0.29,0.0136858427606644,"Endothelial_general","ICE2"
0.00587636700167214,0.348294444487624,0.262,0.252,1,"Endothelial_general","STAT6"
0.000152420008180862,0.347058226477151,0.326,0.311,1,"Endothelial_general","USO1"
5.63096113695132e-05,0.347047562422052,0.356,0.34,1,"Endothelial_general","PHKB"
1.56814774322775e-05,0.346667324079611,0.254,0.229,0.384274604477961,"Endothelial_general","DCP2"
1.30789462678949e-24,0.345981168902928,0.646,0.628,3.20499578294766e-20,"Endothelial_general","CRTAP"
0.00272960020914826,0.345633071518973,0.254,0.241,1,"Endothelial_general","KIAA1429"
8.64984941059906e-10,0.345233117842804,0.335,0.296,2.1196455980673e-05,"Endothelial_general","OLFM1"
5.29299894917531e-07,0.344953146104034,0.398,0.383,0.0129704939249541,"Endothelial_general","PRPSAP1"
2.50931537248781e-09,0.343381234005252,0.408,0.378,6.14907732028139e-05,"Endothelial_general","MKL2"
0.000530824105583271,0.34316734114746,0.277,0.26,1,"Endothelial_general","RABGAP1"
8.38165684708044e-14,0.342263236009177,0.501,0.475,2.05392501037706e-09,"Endothelial_general","SMARCE1"
7.83735362504505e-15,0.342195063029291,0.498,0.462,1.92054350581729e-10,"Endothelial_general","ZNF292"
1.15150338482998e-05,0.341543750206757,0.379,0.368,0.282175904452587,"Endothelial_general","CTNND1"
3.44323120558225e-06,0.341067681956202,0.368,0.349,0.0843763806927929,"Endothelial_general","RBM5"
0.0035713959334343,0.340928398323722,0.275,0.265,1,"Endothelial_general","CNTLN"
6.48055740036022e-06,0.339264547332729,0.315,0.293,0.158806059095827,"Endothelial_general","ARCN1"
2.50223406050043e-18,0.33847698611456,0.608,0.584,6.1317245652563e-14,"Endothelial_general","FKBP8"
6.65294640459426e-05,0.336427033077651,0.279,0.26,1,"Endothelial_general","CWC22"
1.72440760853347e-06,0.336325640010128,0.381,0.362,0.0422566084471126,"Endothelial_general","BAZ2A"
1.09784228534987e-06,0.336047909820042,0.329,0.304,0.0269026252024987,"Endothelial_general","URI1"
8.65601318715688e-99,0.335185652966223,0.926,0.918,2.12115603151279e-94,"Endothelial_general","GLTSCR2"
3.41306020808496e-05,0.334988217149967,0.331,0.315,0.83637040399122,"Endothelial_general","ST3GAL1"
6.49318088723222e-18,0.334418354071377,0.62,0.593,1.59115397641625e-13,"Endothelial_general","PLXND1"
1.83986921811515e-27,0.334199055840127,0.681,0.663,4.50859951899118e-23,"Endothelial_general","HP1BP3"
0.000289525248626337,0.333826129858949,0.258,0.24,1,"Endothelial_general","ADNP"
1.32410174052923e-12,0.333591644954537,0.514,0.495,3.24471131516689e-08,"Endothelial_general","DYNC1H1"
0.00162392749082058,0.332684819460454,0.292,0.281,1,"Endothelial_general","LNPEP"
2.85654270363078e-05,0.332614632587628,0.255,0.232,0.699995789524722,"Endothelial_general","CEP112"
0.000503139330744313,0.332198416807993,0.35,0.344,1,"Endothelial_general","EPHB4"
4.4514132713329e-24,0.331877061144407,0.642,0.619,1.09081882214013e-19,"Endothelial_general","PAK2"
3.14418555366164e-42,0.331250938212912,0.694,0.617,7.70482669924784e-38,"Endothelial_general","NOSTRIN"
5.267872460807e-05,0.330416611606177,0.314,0.296,1,"Endothelial_general","USP1"
0.000130315436049844,0.32968498904516,0.382,0.376,1,"Endothelial_general","TCEAL8"
1.65329566677361e-07,0.329312904955268,0.379,0.355,0.00405140103142874,"Endothelial_general","MIS18BP1"
2.0507213798978e-32,0.328742039419523,0.734,0.713,5.02529274143955e-28,"Endothelial_general","MACF1"
0.000579437594612489,0.328137974741545,0.257,0.241,1,"Endothelial_general","FAF2"
3.03143809481411e-11,0.327937021553267,0.514,0.484,7.42853905134199e-07,"Endothelial_general","SERPING1"
8.07483155808946e-23,0.327816726286172,0.64,0.613,1.97873747330982e-18,"Endothelial_general","SYF2"
3.77423512634678e-05,0.326811975428354,0.267,0.242,0.924876317711278,"Endothelial_general","R3HDM2"
4.97842865353897e-14,0.326755556964736,0.551,0.531,1.21996394154972e-09,"Endothelial_general","LINC00493"
0.000631228296139982,0.32612075522024,0.356,0.35,1,"Endothelial_general","SLC41A3"
1.45974962906813e-16,0.326097030344999,0.514,0.468,3.57711646603146e-12,"Endothelial_general","MAOA"
6.62989832914459e-05,0.326023145609634,0.356,0.341,1,"Endothelial_general","ZNF280D"
0.000307435294797385,0.325786133125052,0.308,0.294,1,"Endothelial_general","MFNG"
2.52201754878523e-06,0.32576933061249,0.39,0.373,0.0618020400329822,"Endothelial_general","SNX9"
2.62500158209137e-05,0.325730320032475,0.328,0.307,0.643256637691491,"Endothelial_general","CEP57"
3.90157597409925e-30,0.325553595529213,0.687,0.656,9.56081192453021e-26,"Endothelial_general","NAA38"
2.50927063274722e-06,0.32424427808059,0.385,0.36,0.0614896768554705,"Endothelial_general","PBX1"
1.89448644463421e-22,0.32414442738339,0.582,0.513,4.64243903257614e-18,"Endothelial_general","FXYD6"
1.06948136920983e-183,0.32388691075479,0.969,0.849,2.62076409524869e-179,"Endothelial_general","IGFBP7"
0.00193973427221412,0.323832543203777,0.272,0.259,1,"Endothelial_general","NOL8"
2.75949028284912e-53,0.323401707137771,0.713,0.63,6.76213093812176e-49,"Endothelial_general","GAS6"
3.6181810595215e-06,0.322888172419043,0.334,0.312,0.0886635268635744,"Endothelial_general","IFI27L2"
5.21273121079472e-08,0.322610926358751,0.424,0.403,0.00127737978320525,"Endothelial_general","EIF2A"
0.000446584491227143,0.32150633588619,0.366,0.359,1,"Endothelial_general","SMIM7"
9.65987797109412e-07,0.321231569196284,0.378,0.358,0.0236715309681662,"Endothelial_general","ZNF22"
0.00206169879577669,0.320811726491077,0.26,0.249,1,"Endothelial_general","LRPPRC"
2.91072710512839e-19,0.320040964735355,0.63,0.613,7.13273677111713e-15,"Endothelial_general","MYCBP2"
2.70568399961447e-18,0.319666699074137,0.639,0.61,6.63027864105526e-14,"Endothelial_general","PPP3CA"
5.38714819509212e-09,0.31965727663851,0.474,0.457,0.000132012066520732,"Endothelial_general","CALM3"
1.14031661982262e-05,0.319312529166543,0.427,0.419,0.279434587687534,"Endothelial_general","SORBS3"
4.77972795558195e-305,0.318948415586331,0.999,0.999,1.17127233551536e-300,"Endothelial_general","RPL34"
4.00250616682688e-06,0.318071941628956,0.365,0.346,0.0980814136180928,"Endothelial_general","ACIN1"
0.00351295275830931,0.317987497956081,0.26,0.247,1,"Endothelial_general","BNIP3"
9.54683838446771e-54,0.317908151505954,0.829,0.821,2.33945274611381e-49,"Endothelial_general","EIF4B"
2.81205696699599e-07,0.317597255986061,0.368,0.342,0.00689094559762368,"Endothelial_general","CD2AP"
2.38163747135006e-73,0.316773500513248,0.887,0.881,5.83620262354332e-69,"Endothelial_general","TGFBR2"
0.00310180628108601,0.31602293555642,0.331,0.326,1,"Endothelial_general","RBL2"
9.2603518818092e-06,0.315982121888765,0.35,0.329,0.226924922863734,"Endothelial_general","XRN1"
2.17225650982543e-14,0.315527141674536,0.563,0.535,5.32311457732721e-10,"Endothelial_general","PCMTD1"
3.35608285624856e-218,0.315226709583673,0.991,0.99,8.2240810392371e-214,"Endothelial_general","RPL39"
0.000980518333989048,0.31432101721475,0.267,0.252,1,"Endothelial_general","NINJ1"
9.79156157790858e-07,0.314107262936465,0.304,0.273,0.023994221646665,"Endothelial_general","HOXD9"
9.90757318406883e-226,0.314028268178198,0.998,0.986,2.42785080875607e-221,"Endothelial_general","MT-CO1"
4.99975276242582e-05,0.313891169805372,0.37,0.354,1,"Endothelial_general","PDE2A"
4.81552546277658e-15,0.313736638638685,0.569,0.553,1.1800445146534e-10,"Endothelial_general","SF3B2"
0.000109022532932398,0.313147211101214,0.372,0.359,1,"Endothelial_general","PRKCSH"
0.000207842357564527,0.312850568853567,0.259,0.239,1,"Endothelial_general","CASP8AP2"
0.00599270469348209,0.312349800476969,0.318,0.315,1,"Endothelial_general","TSR2"
7.16352492219878e-12,0.312253505820552,0.547,0.523,1.75542178218481e-07,"Endothelial_general","LUC7L3"
3.63637893054057e-09,0.312242829892731,0.463,0.444,8.91094656928966e-05,"Endothelial_general","SENP6"
6.15017407073713e-192,0.312070394568366,0.995,0.995,1.50710015603413e-187,"Endothelial_general","HLA-C"
3.16808715244268e-12,0.311754787993824,0.536,0.513,7.76339756706078e-08,"Endothelial_general","PNPLA2"
1.89799833097569e-05,0.311594324029687,0.293,0.269,0.465104491005593,"Endothelial_general","OSBPL1A"
6.05001581372114e-48,0.310630060589466,0.836,0.815,1.48255637515237e-43,"Endothelial_general","UTRN"
9.32631165622076e-12,0.308598567755779,0.553,0.531,2.2854126713569e-07,"Endothelial_general","HEBP1"
3.13467510068097e-11,0.308317182152573,0.548,0.525,7.68152133421872e-07,"Endothelial_general","MPDZ"
7.56235099296564e-08,0.307896437032543,0.435,0.418,0.00185315411082623,"Endothelial_general","VPS36"
7.94401307683025e-06,0.307749461301942,0.378,0.36,0.194668040447725,"Endothelial_general","SMARCA2"
2.19744148037385e-06,0.307384369454247,0.361,0.336,0.0538483034765611,"Endothelial_general","RSBN1L"
2.11487635516108e-57,0.306733560032935,0.875,0.865,5.18250450832222e-53,"Endothelial_general","COMMD6"
0.000670731211926335,0.306570662929844,0.273,0.256,1,"Endothelial_general","DPP8"
5.5814326792481e-05,0.306450065078342,0.455,0.448,1,"Endothelial_general","LTBP3"
5.02366940898529e-06,0.306384330012666,0.389,0.371,0.123105018867185,"Endothelial_general","PRRC2B"
0.00420364419916265,0.306267845505346,0.266,0.253,1,"Endothelial_general","FKBP10"
8.25489695291849e-67,0.306202801061843,0.919,0.915,2.02286249831268e-62,"Endothelial_general","UQCRB"
5.46519971228916e-05,0.305713929012341,0.343,0.327,1,"Endothelial_general","CNOT4"
2.26521521001744e-32,0.305629407642462,0.773,0.747,5.55090987214774e-28,"Endothelial_general","NFIA"
2.73363033791849e-09,0.305414264340384,0.521,0.512,6.69876114306925e-05,"Endothelial_general","OS9"
2.04982606760853e-07,0.304179635135307,0.488,0.475,0.0050230987786747,"Endothelial_general","PHIP"
3.12137670399073e-06,0.30372949057225,0.414,0.401,0.0764893361312928,"Endothelial_general","ZNF148"
0.000667490870743422,0.303678246647567,0.276,0.259,1,"Endothelial_general","SAFB"
4.84157017484865e-11,0.303296649572385,0.531,0.52,1.18642677134666e-06,"Endothelial_general","TCEA1"
0.000785270347256423,0.303145049128207,0.295,0.281,1,"Endothelial_general","ZNF524"
3.97880099417693e-15,0.302539335618013,0.646,0.636,9.75005183623057e-11,"Endothelial_general","C14orf2"
1.88309106312569e-08,0.302427430693203,0.442,0.42,0.000461451465018951,"Endothelial_general","CTNNAL1"
0.00110578252953732,0.302272631132799,0.341,0.334,1,"Endothelial_general","SNRNP200"
7.43270976041897e-24,0.30223757505373,0.72,0.704,1.82138552679067e-19,"Endothelial_general","RRBP1"
2.11277359364822e-06,0.301977902558551,0.391,0.371,0.0517735169123496,"Endothelial_general","KDM5A"
2.95254900557712e-05,0.30158449311471,0.394,0.381,0.723522133816673,"Endothelial_general","KMT2C"
1.77066989828141e-25,0.301391038424991,0.681,0.663,4.3390265857386e-21,"Endothelial_general","FLNB"
9.80913050719181e-05,0.30131026054925,0.324,0.309,1,"Endothelial_general","ALDH9A1"
7.35558381169698e-06,0.301232241258849,0.408,0.393,0.180248581305635,"Endothelial_general","LAMC1"
0.00418747503285707,0.301036542371722,0.283,0.272,1,"Endothelial_general","AGGF1"
1.09593357367236e-10,0.300013987643873,0.492,0.468,2.68558522228411e-06,"Endothelial_general","KPNB1"
0.000248406980372556,0.299210987751146,0.306,0.29,1,"Endothelial_general","GPBP1L1"
1.593090975301e-18,0.298636803424752,0.667,0.643,3.9038694349751e-14,"Endothelial_general","TNRC6B"
5.74638478761295e-07,0.297836437072212,0.447,0.436,0.0140815159220455,"Endothelial_general","POLR3GL"
2.76604896124333e-23,0.297789808908716,0.646,0.613,6.77820297952678e-19,"Endothelial_general","NSA2"
0.00719716328013063,0.297700594243654,0.33,0.324,1,"Endothelial_general","DICER1"
2.57392595543091e-08,0.297415926330018,0.261,0.223,0.000630740555378345,"Endothelial_general","PTGIS"
3.23379901208694e-06,0.296945324919177,0.404,0.391,0.0792442447911905,"Endothelial_general","PPCS"
5.75892941975128e-11,0.296837711624768,0.405,0.366,1.41122565431005e-06,"Endothelial_general","KLF3"
1.42762564197578e-90,0.296625141229007,0.949,0.938,3.49839663566164e-86,"Endothelial_general","TOMM7"
1.13706969144445e-19,0.296017952036353,0.887,0.885,2.78638927888462e-15,"Endothelial_general","JUN"
6.32298633190674e-07,0.295656204047402,0.492,0.487,0.0154944780063375,"Endothelial_general","SHANK3"
4.55772726996885e-06,0.295553590771136,0.312,0.285,0.111687106750587,"Endothelial_general","SLC2A1"
0.00632729647107851,0.295470842320477,0.291,0.28,1,"Endothelial_general","SETD5"
0.0026539877718422,0.294882216058803,0.257,0.242,1,"Endothelial_general","SPNS2"
1.93957658651558e-06,0.294857493999793,0.416,0.398,0.0475293242525643,"Endothelial_general","CCDC25"
0.00359478166652106,0.294523206050862,0.354,0.351,1,"Endothelial_general","SMIM14"
5.15578118280468e-05,0.294241159487828,0.335,0.316,1,"Endothelial_general","EPN2"
1.86166158899161e-175,0.294001432967798,0.996,0.984,4.56200172382395e-171,"Endothelial_general","MT-CO2"
0.00074928378513962,0.293396114809577,0.371,0.367,1,"Endothelial_general","PET100"
3.49613417733204e-41,0.293035648134575,0.817,0.813,8.56727680155217e-37,"Endothelial_general","ST13"
0.00939958698084129,0.292852250225397,0.25,0.239,1,"Endothelial_general","FAM192A"
1.45259148705081e-06,0.292657629161769,0.424,0.406,0.0355957543901802,"Endothelial_general","PLXDC2"
0.00280089584003313,0.292574176093319,0.334,0.326,1,"Endothelial_general","MAPRE2"
2.26765802408777e-06,0.292367470294644,0.328,0.304,0.0555689598802709,"Endothelial_general","AKR1B1"
1.72688675881191e-09,0.29142847365327,0.467,0.445,4.23173600246859e-05,"Endothelial_general","DAB2"
7.41765453017066e-05,0.290781812377722,0.368,0.356,1,"Endothelial_general","RALB"
0.000460948385787898,0.290409250401899,0.376,0.37,1,"Endothelial_general","HNRNPUL1"
3.33468356296352e-11,0.290356107379172,0.546,0.526,8.17164207104212e-07,"Endothelial_general","ZBTB38"
2.57386385031528e-07,0.290033063081798,0.445,0.422,0.00630725336519759,"Endothelial_general","AAK1"
3.63877376990973e-05,0.289630059045179,0.416,0.407,0.89168151231638,"Endothelial_general","CHD4"
1.72227956481075e-10,0.289431425563856,0.496,0.475,4.22044607356874e-06,"Endothelial_general","NCOR1"
2.94140826741738e-21,0.289144499693772,0.698,0.678,7.20792095930628e-17,"Endothelial_general","PRDX5"
1.43776000576699e-19,0.289140780211641,0.66,0.581,3.52323089413202e-15,"Endothelial_general","DKK3"
2.63911035995569e-25,0.288795220417485,0.723,0.712,6.46713993707142e-21,"Endothelial_general","TMOD3"
0.00242719538972226,0.288603824417959,0.303,0.293,1,"Endothelial_general","BRWD1"
0.00532567277816237,0.288495580219809,0.313,0.304,1,"Endothelial_general","DNAJC4"
7.00795776154962e-31,0.287373825833867,0.755,0.71,1.71730004946773e-26,"Endothelial_general","HSPG2"
0.00172844547469745,0.286917010915543,0.375,0.367,1,"Endothelial_general","MAN1A1"
0.0061408010838218,0.286368862437129,0.374,0.374,1,"Endothelial_general","MGEA5"
1.68898359016578e-94,0.284975946202315,0.999,0.995,4.13885428770125e-90,"Endothelial_general","CLU"
4.06232908708053e-06,0.284794218418382,0.43,0.417,0.0995473742789085,"Endothelial_general","WWP1"
0.00416213261834879,0.284649787483989,0.305,0.297,1,"Endothelial_general","HINT2"
1.88148374618609e-06,0.284291503144385,0.418,0.403,0.0461057592002902,"Endothelial_general","IGBP1"
2.54307411414672e-06,0.28384123696923,0.351,0.326,0.0623180311671654,"Endothelial_general","SRPRA"
1.00278050491634e-16,0.283666843519564,0.568,0.526,2.45731362729748e-12,"Endothelial_general","KCNN3"
0.00105165628212671,0.283105101394132,0.383,0.382,1,"Endothelial_general","SEPT11"
0.00165709063322732,0.28221835381231,0.266,0.25,1,"Endothelial_general","MRPS10"
2.35892596628618e-06,0.279528788348552,0.339,0.311,0.0578054808038428,"Endothelial_general","C21orf91"
1.54965985639879e-11,0.279504467010928,0.564,0.546,3.79744147810523e-07,"Endothelial_general","BAZ2B"
3.31918447836406e-05,0.278993135018668,0.43,0.419,0.813366156423112,"Endothelial_general","CNPY2"
0.0024918873881496,0.278570660014307,0.371,0.367,1,"Endothelial_general","FAM210B"
3.68763810364711e-13,0.278506307651951,0.602,0.594,9.03655717298725e-09,"Endothelial_general","ERG"
3.47926422136722e-210,0.277856271232684,0.997,0.997,8.52593697446038e-206,"Endothelial_general","RPS14"
3.92475831695853e-05,0.277772042285392,0.434,0.427,0.961762025570687,"Endothelial_general","BRD4"
7.76097920980823e-171,0.277701170687244,0.993,0.995,1.90182795536351e-166,"Endothelial_general","RPS9"
1.31189443091408e-11,0.277518893875907,0.582,0.56,3.21479730295496e-07,"Endothelial_general","ARHGDIB"
0.0090457959683901,0.276455362989996,0.37,0.372,1,"Endothelial_general","NUMB"
0.00257803987825768,0.275313108058818,0.271,0.258,1,"Endothelial_general","MFAP1"
8.42366582585964e-09,0.275281298633423,0.5,0.484,0.00020642193106269,"Endothelial_general","TAF1D"
1.75228568902286e-46,0.275224155248081,0.899,0.905,4.29397608095051e-42,"Endothelial_general","RPL36AL"
1.43921555465859e-136,0.275041397059044,0.995,0.992,3.52679771669088e-132,"Endothelial_general","FTL"
0.000537224284644359,0.274859468016183,0.403,0.397,1,"Endothelial_general","PAM"
2.24394038071836e-33,0.274537168369365,0.816,0.802,5.49877590295034e-29,"Endothelial_general","ARL6IP5"
4.00954582521901e-168,0.274344402866306,0.987,0.986,9.82539204469918e-164,"Endothelial_general","RPS29"
4.66326556460298e-169,0.274336640724667,0.997,0.994,1.14273322660596e-164,"Endothelial_general","RPL36"
0.00325511201210987,0.273710023272627,0.401,0.403,1,"Endothelial_general","LSM14A"
1.50471010079955e-09,0.273204013698144,0.538,0.526,3.6872921020093e-05,"Endothelial_general","ADD1"
9.15024184140149e-16,0.272732700314592,0.525,0.486,2.24226676323543e-11,"Endothelial_general","MGLL"
6.55943099684358e-10,0.271198812722285,0.597,0.598,1.60738856577652e-05,"Endothelial_general","PA2G4"
0.00646053687467026,0.270446800781987,0.25,0.236,1,"Endothelial_general","ZNHIT6"
7.76165564810377e-09,0.269984553634956,0.552,0.546,0.000190199371656783,"Endothelial_general","ANXA11"
1.13602399910458e-14,0.269981674584517,0.634,0.621,2.78382680980577e-10,"Endothelial_general","PSMB9"
1.65573299940997e-09,0.269858233579845,0.534,0.52,4.05737371505412e-05,"Endothelial_general","CPNE3"
3.72457786578716e-185,0.269501241541818,0.997,0.996,9.12707806011143e-181,"Endothelial_general","RPL35A"
0.00675047485824581,0.269342426192825,0.29,0.28,1,"Endothelial_general","DOCK1"
0.0027509997113559,0.269060476426314,0.39,0.388,1,"Endothelial_general","NAP1L4"
0.00600505399624502,0.26862267074272,0.363,0.364,1,"Endothelial_general","GIGYF2"
0.00404594925684088,0.268485542665791,0.334,0.327,1,"Endothelial_general","USP47"
2.37243052102488e-09,0.268176700922409,0.514,0.497,5.81364099177146e-05,"Endothelial_general","ACAP2"
5.83629627589957e-18,0.267656867357557,0.706,0.695,1.43018440240919e-13,"Endothelial_general","MPHOSPH8"
0.00260502161393301,0.267571436037129,0.319,0.308,1,"Endothelial_general","RBM22"
1.68299824975929e-59,0.267384011798414,0.524,0.364,4.12418721103514e-55,"Endothelial_general","EFEMP1"
7.32764546085402e-05,0.267132397311935,0.469,0.462,1,"Endothelial_general","LAMB2"
0.000244450932499534,0.267064488843928,0.335,0.32,1,"Endothelial_general","ATF7IP"
6.63490606427888e-161,0.266746930829941,0.999,0.997,1.62588373105154e-156,"Endothelial_general","RPL41"
4.04216587248266e-09,0.266135818440021,0.575,0.575,9.90532747051875e-05,"Endothelial_general","RTF1"
2.76754001438164e-118,0.265043379507059,0.977,0.979,6.78185680524222e-114,"Endothelial_general","RPL27"
5.37693439350103e-09,0.264843383911776,0.543,0.529,0.000131761777312743,"Endothelial_general","RALBP1"
0.00118881507253577,0.264800836837941,0.3,0.286,1,"Endothelial_general","STRA13"
8.68737918142435e-200,0.264539201836591,0.933,0.786,2.12884226840804e-195,"Endothelial_general","MGP"
8.75812940577698e-11,0.264318653690896,0.604,0.6,2.14617961088565e-06,"Endothelial_general","IK"
4.18202880041913e-05,0.264222534744479,0.513,0.519,1,"Endothelial_general","SKAP2"
8.38569466405559e-177,0.263939406383881,0.998,0.997,2.05491447742682e-172,"Endothelial_general","RPS28"
3.10065334917402e-09,0.263363260114692,0.531,0.513,7.59815103215093e-05,"Endothelial_general","JAK1"
2.82422628649523e-06,0.262444143382576,0.527,0.529,0.0692076651505657,"Endothelial_general","ASH1L"
9.90033109780849e-05,0.262433465514153,0.396,0.384,1,"Endothelial_general","REV3L"
2.35310966212559e-05,0.261651771296933,0.376,0.36,0.576629522703877,"Endothelial_general","SETD2"
2.49523890832116e-05,0.261556779545548,0.422,0.412,0.611458294484099,"Endothelial_general","DOCK9"
1.8469069684293e-05,0.261455306531381,0.368,0.349,0.4525845526136,"Endothelial_general","CHD6"
4.79676223037976e-167,0.261422446800101,0.994,0.995,1.17544658455456e-162,"Endothelial_general","RPLP2"
2.55790156635153e-05,0.260509549133321,0.295,0.27,0.626813778834442,"Endothelial_general","ITSN1"
0.00311291653747202,0.260477579925747,0.358,0.353,1,"Endothelial_general","PCYOX1"
0.000266665186299247,0.259774403026394,0.359,0.341,1,"Endothelial_general","FZD4"
0.00239712410512114,0.258525706845121,0.406,0.405,1,"Endothelial_general","ZMAT2"
8.71138667344838e-27,0.258517955326158,0.788,0.778,2.13472530432853e-22,"Endothelial_general","MZT2B"
2.15576277951297e-10,0.258117687422859,0.564,0.54,5.28269669119653e-06,"Endothelial_general","BNIP3L"
2.19897260936393e-06,0.258113761982218,0.483,0.474,0.053885823792463,"Endothelial_general","VPS35"
1.55449628965014e-69,0.258041621972172,0.838,0.73,3.80929315778767e-65,"Endothelial_general","A2M"
5.19250487432204e-09,0.257480614005613,0.505,0.485,0.000127242331945262,"Endothelial_general","FAM213A"
8.25081617115546e-06,0.256472405487217,0.511,0.512,0.202186250274165,"Endothelial_general","ASPH"
3.26880202978033e-137,0.255717844623885,0.993,0.992,8.01019937397669e-133,"Endothelial_general","RPL35"
0.00121580580163282,0.254421276409081,0.324,0.311,1,"Endothelial_general","TCAF1"
0.000112421678521911,0.254375491140478,0.376,0.362,1,"Endothelial_general","BACE2"
0.00523662906474844,0.25401755484798,0.257,0.244,1,"Endothelial_general","CBX1"
0.00965567320244575,0.253986605058878,0.356,0.355,1,"Endothelial_general","RERE"
0.00205495241459938,0.253734668830688,0.344,0.335,1,"Endothelial_general","MRPL34"
3.1029724607379e-05,0.253085481119152,0.383,0.367,0.760383401503823,"Endothelial_general","HOXB7"
0.00090991627283331,0.252872338814731,0.381,0.375,1,"Endothelial_general","SUPT16H"
5.97471942694872e-14,0.252769537979272,0.54,0.507,1.46410499557378e-09,"Endothelial_general","HIST1H4C"
0.00289284139353503,0.251664898989763,0.296,0.282,1,"Endothelial_general","DENR"
5.37919705756516e-26,0.250247340450926,0.81,0.799,1.31817223895634e-21,"Endothelial_general","CSDE1"
0,4.54304320815468,0.292,0.022,0,"ACKR4_endothelial_like","IL1RL1"
0,2.23444818406392,0.551,0.179,0,"ACKR4_endothelial_like","SERPINE1"
9.53428332132361e-296,2.03942288219287,0.403,0.117,2.33637612789035e-291,"ACKR4_endothelial_like","TNFRSF12A"
0,1.84867071374258,0.984,0.795,0,"ACKR4_endothelial_like","MGP"
0,1.83111969294588,0.774,0.342,0,"ACKR4_endothelial_like","EFEMP1"
5.8690555961301e-301,1.77368328008022,0.412,0.116,1.43821207383168e-296,"ACKR4_endothelial_like","GPRC5A"
7.84873930063264e-237,1.75880978599743,0.342,0.098,1.92333356562003e-232,"ACKR4_endothelial_like","TRGC2"
7.90666846018557e-222,1.66166599993701,0.382,0.126,1.93752910616847e-217,"ACKR4_endothelial_like","HSPB8"
2.26294346791369e-284,1.65630761464669,0.511,0.187,5.54534296812251e-280,"ACKR4_endothelial_like","PPL"
1.47027472247406e-204,1.65084799234835,0.298,0.084,3.60290820742268e-200,"ACKR4_endothelial_like","PDE4B"
4.97718328342652e-126,1.64699071016603,0.257,0.092,1.21965876360367e-121,"ACKR4_endothelial_like","HMGA1"
0,1.64444723066297,0.998,0.935,0,"ACKR4_endothelial_like","LMNA"
2.38544775125071e-319,1.64257906944617,0.577,0.221,5.84553971443986e-315,"ACKR4_endothelial_like","PDLIM4"
0,1.59845124637039,0.967,0.725,0,"ACKR4_endothelial_like","PDLIM1"
0,1.59357056264363,0.919,0.375,0,"ACKR4_endothelial_like","HLA-DRB5"
1.60615926835873e-259,1.46828946517791,0.581,0.252,3.93589328711307e-255,"ACKR4_endothelial_like","DDR2"
7.00035494157735e-268,1.38770676870212,0.57,0.233,1.71543697843353e-263,"ACKR4_endothelial_like","PITPNC1"
1.03787078102386e-74,1.38176769786929,0.278,0.138,2.54330234889898e-70,"ACKR4_endothelial_like","KRT18"
2.82566733345165e-225,1.36661335473847,0.637,0.333,6.92429780062326e-221,"ACKR4_endothelial_like","RFK"
4.00390799389746e-320,1.36232209114176,0.791,0.426,9.81157653904573e-316,"ACKR4_endothelial_like","AKR1C2"
2.69230238177957e-161,1.34271202617987,0.515,0.26,6.59748698655084e-157,"ACKR4_endothelial_like","FKBP11"
5.9246930471601e-101,1.32995782398737,0.255,0.102,1.45184603120658e-96,"ACKR4_endothelial_like","TACC2"
6.51605039864051e-103,1.32444725330048,0.27,0.11,1.59675815018686e-98,"ACKR4_endothelial_like","ELL2"
0,1.29694874411799,0.999,0.976,0,"ACKR4_endothelial_like","S100A10"
1.26508816736175e-174,1.26398361371941,0.47,0.208,3.10009855411996e-170,"ACKR4_endothelial_like","NFATC1"
2.38655399173028e-147,1.25152072411412,0.517,0.27,5.84825055673506e-143,"ACKR4_endothelial_like","FDX1"
1.90016634177651e-143,1.2256688940797,0.404,0.178,4.65635762052334e-139,"ACKR4_endothelial_like","ISG20"
0,1.22203306130947,0.997,0.926,0,"ACKR4_endothelial_like","TAGLN2"
1.6172929689949e-169,1.18763125130491,0.402,0.156,3.96317642052201e-165,"ACKR4_endothelial_like","C1QTNF1"
7.12919147455469e-277,1.17460615061421,0.741,0.367,1.74700837083963e-272,"ACKR4_endothelial_like","SMOC1"
0,1.14049953135755,0.946,0.614,0,"ACKR4_endothelial_like","MYADM"
2.04959175873633e-263,1.12284588146002,0.74,0.402,5.02252460478338e-259,"ACKR4_endothelial_like","PDLIM3"
2.55948952725174e-114,1.11011154793984,0.253,0.091,6.2720290865304e-110,"ACKR4_endothelial_like","DOK5"
8.66682609457492e-119,1.10378749113557,0.363,0.162,2.12380573447558e-114,"ACKR4_endothelial_like","LINC00152"
0,1.09431889010873,0.938,0.689,0,"ACKR4_endothelial_like","TSC22D3"
1.03804242099019e-229,1.06954372637274,0.639,0.299,2.54372295263646e-225,"ACKR4_endothelial_like","CDH13"
7.21345412574096e-131,1.03495785708722,0.379,0.162,1.76765693351282e-126,"ACKR4_endothelial_like","CTD-3252C9.4"
3.19197394316736e-148,1.03310014438234,0.47,0.216,7.82193214773161e-144,"ACKR4_endothelial_like","ANGPTL2"
1.17022314121573e-119,1.03276176267468,0.534,0.309,2.86763180754915e-115,"ACKR4_endothelial_like","GLUD1"
0,1.03091607564053,0.999,0.974,0,"ACKR4_endothelial_like","CD9"
7.14068231676311e-202,1.02274529652871,0.757,0.483,1.7498242017228e-197,"ACKR4_endothelial_like","GALNT1"
1.76258294937661e-153,1.01872937036642,0.588,0.315,4.31920951744738e-149,"ACKR4_endothelial_like","SYNM"
4.0325700717821e-190,1.00763798002261,0.734,0.454,9.88181296090204e-186,"ACKR4_endothelial_like","ARHGAP26"
1.47529170240479e-158,1.00617556476614,0.591,0.311,3.61520231674295e-154,"ACKR4_endothelial_like","GGT5"
1.37293655973824e-108,0.987477396094322,0.448,0.237,3.36438103963856e-104,"ACKR4_endothelial_like","JDP2"
2.60664017183847e-72,0.979590476039522,0.256,0.119,6.38757174109018e-68,"ACKR4_endothelial_like","CSF3"
2.99176928269806e-115,0.977772702557443,0.44,0.22,7.33133062725158e-111,"ACKR4_endothelial_like","ADRB2"
3.91427760799985e-88,0.977585091372461,0.291,0.129,9.59193727840362e-84,"ACKR4_endothelial_like","PRR5"
3.34365147214842e-83,0.97527428980104,0.293,0.135,8.19361793249969e-79,"ACKR4_endothelial_like","ANKRD37"
8.20161289042381e-118,0.972225498295985,0.509,0.281,2.00980523879836e-113,"ACKR4_endothelial_like","CAMK2D"
2.27348818499939e-148,0.971717513889912,0.563,0.302,5.57118279734101e-144,"ACKR4_endothelial_like","PLXNA2"
0,0.971141194000559,0.983,0.848,0,"ACKR4_endothelial_like","ANXA1"
1.263508835247e-289,0.96974190300533,0.922,0.682,3.09622840077278e-285,"ACKR4_endothelial_like","TUBB4B"
1.4482268578882e-142,0.965415641829954,0.587,0.327,3.54887991525504e-138,"ACKR4_endothelial_like","CELF2"
3.7700016906915e-103,0.964295521469836,0.378,0.182,9.23838914303953e-99,"ACKR4_endothelial_like","SNHG15"
1.46559348015226e-103,0.960299854779734,0.381,0.183,3.59143682311312e-99,"ACKR4_endothelial_like","PGM2L1"
1.03702072193018e-163,0.958038430574312,0.675,0.379,2.5412192790899e-159,"ACKR4_endothelial_like","ACKR4"
3.53007506701166e-244,0.953455294897141,0.922,0.787,8.65044895171208e-240,"ACKR4_endothelial_like","NDRG1"
8.71470498826757e-101,0.939433355986555,0.437,0.231,2.13553845737497e-96,"ACKR4_endothelial_like","PFKP"
1.59267308284092e-155,0.932702564162902,0.677,0.413,3.90284538950168e-151,"ACKR4_endothelial_like","TMBIM1"
9.87652640455414e-125,0.929601106096273,0.518,0.278,2.42024279543599e-120,"ACKR4_endothelial_like","GABARAP"
4.43932104024541e-104,0.927198332999929,0.469,0.253,1.08785562091214e-99,"ACKR4_endothelial_like","ACKR3"
0,0.924806713803537,0.994,0.933,0,"ACKR4_endothelial_like","CD59"
3.31522792480276e-108,0.920063994511081,0.465,0.246,8.12396602972916e-104,"ACKR4_endothelial_like","TUBA1C"
9.78485092256394e-154,0.904678783277658,0.724,0.477,2.39777771857429e-149,"ACKR4_endothelial_like","ATP2B1"
5.21210466548934e-121,0.904245683674557,0.506,0.269,1.27722624827816e-116,"ACKR4_endothelial_like","CREM"
8.68604371444298e-67,0.886088649882029,0.278,0.138,2.12851501222425e-62,"ACKR4_endothelial_like","SHC2"
4.46023926540173e-125,0.881445203107568,0.554,0.307,1.09298163198669e-120,"ACKR4_endothelial_like","COTL1"
4.31914361605e-127,0.878559647604636,0.6,0.35,1.05840614311305e-122,"ACKR4_endothelial_like","DPYSL3"
9.36910883666386e-311,0.876029139119148,0.97,0.671,2.29590012042448e-306,"ACKR4_endothelial_like","APOLD1"
7.36441901951266e-239,0.870732036768114,0.906,0.69,1.80465088073158e-234,"ACKR4_endothelial_like","PERP"
3.55939030975798e-77,0.87009759082646,0.335,0.171,8.72228595406194e-73,"ACKR4_endothelial_like","BLVRA"
1.87760654321938e-208,0.866067648723771,0.842,0.555,4.6010748341591e-204,"ACKR4_endothelial_like","STC1"
6.14940584732633e-317,0.863366118699683,0.976,0.757,1.50691190288732e-312,"ACKR4_endothelial_like","MCL1"
1.39333456072549e-65,0.862004424901138,0.26,0.124,3.41436634105781e-61,"ACKR4_endothelial_like","RARA-AS1"
0,0.855567027794973,0.998,0.917,0,"ACKR4_endothelial_like","DUSP1"
1.38976447774301e-73,0.85489093304511,0.321,0.162,3.40561785270924e-69,"ACKR4_endothelial_like","LRIG1"
1.38940871121307e-54,0.849178328032785,0.258,0.134,3.40474604682762e-50,"ACKR4_endothelial_like","SMAD3"
6.93238707759359e-155,0.845753814646621,0.775,0.516,1.69878145336431e-150,"ACKR4_endothelial_like","PRSS23"
1.26443918738036e-203,0.84490293611297,0.879,0.649,3.09850822867558e-199,"ACKR4_endothelial_like","PMP22"
2.72394924997222e-139,0.844812774673416,0.719,0.468,6.67503763705692e-135,"ACKR4_endothelial_like","TNXB"
1.72666843554065e-152,0.841433259101956,0.425,0.178,4.23120100129236e-148,"ACKR4_endothelial_like","PLAUR"
3.78018888339555e-236,0.838795741871079,0.824,0.474,9.26335285876079e-232,"ACKR4_endothelial_like","NR4A2"
1.15827726530961e-283,0.836837323283347,0.981,0.888,2.83835843864119e-279,"ACKR4_endothelial_like","TSC22D1"
8.49497354729138e-106,0.836389056580005,0.527,0.296,2.08169326776375e-101,"ACKR4_endothelial_like","HES4"
1.11014369299259e-81,0.835828238372303,0.381,0.202,2.72040711967834e-77,"ACKR4_endothelial_like","SMIM12"
7.87697522951917e-102,0.835308869405533,0.473,0.257,1.93025277999367e-97,"ACKR4_endothelial_like","ABHD2"
7.58633563938668e-192,0.828443999546515,0.866,0.632,1.85903154843171e-187,"ACKR4_endothelial_like","CLEC3B"
0,0.828322935746905,0.996,0.831,0,"ACKR4_endothelial_like","EMP1"
1.28098855820793e-121,0.823228232010901,0.611,0.366,3.13906246188854e-117,"ACKR4_endothelial_like","ESYT2"
0,0.819734008438251,0.98,0.853,0,"ACKR4_endothelial_like","CRIP2"
1.87313293308014e-109,0.809165642838386,0.528,0.293,4.59011225251289e-105,"ACKR4_endothelial_like","CREB5"
3.17495939535572e-97,0.807932413711517,0.535,0.317,7.78023799831919e-93,"ACKR4_endothelial_like","EFHD2"
5.49112702519796e-90,0.807067079409539,0.369,0.182,1.34560067752476e-85,"ACKR4_endothelial_like","INHBB"
2.53720381727948e-60,0.805527613194603,0.294,0.155,6.21741795424336e-56,"ACKR4_endothelial_like","CHPT1"
9.44768879231941e-191,0.803901284829592,0.954,0.831,2.31515613855787e-186,"ACKR4_endothelial_like","SH3BGRL3"
0,0.803889395356721,0.993,0.935,0,"ACKR4_endothelial_like","RPS10"
3.19295347239956e-62,0.80387694327321,0.314,0.167,7.82433248411511e-58,"ACKR4_endothelial_like","SLC39A14"
2.81198070927388e-86,0.803450398564094,0.41,0.218,6.89075872807564e-82,"ACKR4_endothelial_like","IL4R"
6.42330099529582e-277,0.801110000396231,0.949,0.767,1.57402990889724e-272,"ACKR4_endothelial_like","LDHA"
3.98848441483282e-136,0.796903310851653,0.708,0.45,9.77378105854782e-132,"ACKR4_endothelial_like","CDA"
5.74672073713709e-129,0.791680883431166,0.758,0.53,1.40823391663544e-124,"ACKR4_endothelial_like","GSTO1"
1.05417494167828e-95,0.784302045351625,0.815,0.636,2.58325569458262e-91,"ACKR4_endothelial_like","IGFBP6"
3.00691972731296e-62,0.781937322389545,0.302,0.158,7.36845679178041e-58,"ACKR4_endothelial_like","CA5B"
3.8445441136411e-102,0.779553280037951,0.631,0.406,9.42105535047751e-98,"ACKR4_endothelial_like","PLP2"
1.19488917463191e-138,0.776847023683733,0.681,0.408,2.9280759224355e-134,"ACKR4_endothelial_like","LITAF"
7.98995363623701e-47,0.768091322054749,0.275,0.155,1.95793813855988e-42,"ACKR4_endothelial_like","GMNN"
5.72930615655035e-135,0.766403113951435,0.844,0.661,1.40396647366266e-130,"ACKR4_endothelial_like","DUSP6"
6.48618827407589e-93,0.765767319842927,0.603,0.39,1.5894404365623e-88,"ACKR4_endothelial_like","EPS8"
1.71036255390695e-204,0.764077603424138,0.919,0.703,4.19124343834897e-200,"ACKR4_endothelial_like","HLA-DPA1"
2.53609012122104e-89,0.762125496860534,0.479,0.271,6.21468884205215e-85,"ACKR4_endothelial_like","ELOVL1"
2.6041324078246e-83,0.757638515383439,0.435,0.241,6.38142646537417e-79,"ACKR4_endothelial_like","POR"
1.87248588360687e-114,0.753455566733122,0.796,0.585,4.58852665777863e-110,"ACKR4_endothelial_like","SERPINB1"
9.01123649434074e-122,0.750539672591297,0.715,0.476,2.2082035029382e-117,"ACKR4_endothelial_like","NBL1"
1.153573042546e-164,0.749282216375357,0.867,0.684,2.82683074075898e-160,"ACKR4_endothelial_like","GPX1"
7.90619088970476e-145,0.747430086075665,0.827,0.607,1.93741207752215e-140,"ACKR4_endothelial_like","ATP1A1"
1.44196317585332e-72,0.746827137010667,0.34,0.174,3.53353076242857e-68,"ACKR4_endothelial_like","TNFAIP8L3"
4.89456885154189e-62,0.735508296180562,0.353,0.198,1.19941409707034e-57,"ACKR4_endothelial_like","KIFC3"
1.44492869646248e-44,0.730293949634163,0.308,0.182,3.54079777068131e-40,"ACKR4_endothelial_like","NNMT"
1.754900643692e-133,0.730283418081807,0.84,0.649,4.30038402736725e-129,"ACKR4_endothelial_like","PLEC"
9.17409537668053e-124,0.729432069123079,0.7,0.45,2.24811207205556e-119,"ACKR4_endothelial_like","NFATC2"
3.99548123677276e-106,0.725207937592863,0.704,0.49,9.79092677071165e-102,"ACKR4_endothelial_like","NDUFV2"
1.02816176814049e-256,0.723025246885623,0.963,0.845,2.51951041282828e-252,"ACKR4_endothelial_like","CLIC1"
1.44798385034886e-34,0.72210877168668,0.252,0.151,3.54828442527989e-30,"ACKR4_endothelial_like","ZNF331"
5.14958266137995e-123,0.718652198041801,0.444,0.204,1.26190523117116e-118,"ACKR4_endothelial_like","NFKBID"
7.95522078903981e-40,0.715419493191598,0.319,0.198,1.94942685435421e-35,"ACKR4_endothelial_like","RND3"
7.68729080461376e-75,0.704383080621233,0.406,0.224,1.8837706116706e-70,"ACKR4_endothelial_like","ORMDL2"
2.17318420799738e-169,0.702441437117935,0.882,0.658,5.32538790169757e-165,"ACKR4_endothelial_like","RPL17"
2.54450326268412e-54,0.70061070572389,0.339,0.195,6.23530524520742e-50,"ACKR4_endothelial_like","GRK5"
7.89141213246833e-254,0.697964432588255,0.995,0.861,1.93379054306136e-249,"ACKR4_endothelial_like","ZFP36"
1.55923631481014e-108,0.694572072350576,0.686,0.442,3.82090858944224e-104,"ACKR4_endothelial_like","TBX1"
1.21940442739074e-144,0.68973284243445,0.893,0.727,2.98815054932102e-140,"ACKR4_endothelial_like","WWTR1"
4.20471973092646e-169,0.689281785657298,0.862,0.558,1.03036657006353e-164,"ACKR4_endothelial_like","DKK3"
7.23732698288666e-117,0.68095597382419,0.753,0.535,1.77350697715638e-112,"ACKR4_endothelial_like","ARHGDIB"
1.32186464542313e-56,0.680467835335002,0.576,0.41,3.23922931360938e-52,"ACKR4_endothelial_like","CYR61"
2.23017351525934e-52,0.679620590691115,0.344,0.202,5.46504019914302e-48,"ACKR4_endothelial_like","NME1"
1.44932856970584e-85,0.67937394404741,0.523,0.305,3.55157966006417e-81,"ACKR4_endothelial_like","TMOD1"
7.64052404516246e-65,0.678482682049401,0.43,0.255,1.87231041726706e-60,"ACKR4_endothelial_like","TWF2"
2.76100144431512e-231,0.677420786593587,0.971,0.851,6.7658340392942e-227,"ACKR4_endothelial_like","FXYD5"
2.62068021356629e-69,0.673928565133385,0.497,0.311,6.42197686334418e-65,"ACKR4_endothelial_like","ALDH1A3"
7.45097143816928e-88,0.67320646181985,0.436,0.232,1.82586055092338e-83,"ACKR4_endothelial_like","INMT"
1.2624338585739e-81,0.672947365944989,0.547,0.336,3.09359417043534e-77,"ACKR4_endothelial_like","BACE2"
4.93238990409274e-94,0.665085896435044,0.62,0.391,1.20868214599793e-89,"ACKR4_endothelial_like","TUBB6"
3.96050237759464e-233,0.663501583692744,0.974,0.875,9.70521107629568e-229,"ACKR4_endothelial_like","DYNLL1"
3.33114795492211e-83,0.662983849640555,0.596,0.377,8.16297806353664e-79,"ACKR4_endothelial_like","C17orf58"
8.66553341915835e-80,0.661265241162436,0.586,0.385,2.12348896436475e-75,"ACKR4_endothelial_like","PKIG"
3.47758879584323e-59,0.660979139659837,0.325,0.174,8.52183134421384e-55,"ACKR4_endothelial_like","HAPLN3"
6.0593013278715e-73,0.659509844817119,0.344,0.18,1.48483179039491e-68,"ACKR4_endothelial_like","CRIP1"
9.33380696813158e-148,0.659289439042901,0.84,0.538,2.28724939754064e-143,"ACKR4_endothelial_like","CSRNP1"
2.14769347987857e-110,0.654100321741665,0.731,0.499,5.26292287244245e-106,"ACKR4_endothelial_like","ENDOD1"
5.74749771567948e-53,0.653779861444498,0.31,0.171,1.40842431522726e-48,"ACKR4_endothelial_like","P3H2"
2.2675598221067e-82,0.651044522283672,0.717,0.523,5.55665534407248e-78,"ACKR4_endothelial_like","UGP2"
2.82810632818528e-150,0.647066165831732,0.944,0.803,6.93027455721804e-146,"ACKR4_endothelial_like","SRSF7"
5.45430014768357e-112,0.64280119409599,0.788,0.579,1.33657625118986e-107,"ACKR4_endothelial_like","EIF4A1"
2.1812217010626e-94,0.642688965937106,0.718,0.497,5.34508377845389e-90,"ACKR4_endothelial_like","ATP1B3"
2.33744271488182e-68,0.640070932469133,0.456,0.271,5.72790337281789e-64,"ACKR4_endothelial_like","PLK3"
3.70122085135012e-63,0.639881235778451,0.402,0.231,9.06984169623347e-59,"ACKR4_endothelial_like","ABI3"
0,0.639548805996632,0.999,0.97,0,"ACKR4_endothelial_like","GAPDH"
5.59132316897976e-51,0.639212241530832,0.308,0.172,1.37015374255849e-46,"ACKR4_endothelial_like","ZEB2"
1.14283917439735e-72,0.636940022347994,0.526,0.329,2.8005273968607e-68,"ACKR4_endothelial_like","FAM107B"
2.89101426183143e-55,0.636732801498871,0.345,0.197,7.08443044861792e-51,"ACKR4_endothelial_like","LYPLA2"
1.87323875599214e-241,0.636471510212267,1,0.986,4.59037157155875e-237,"ACKR4_endothelial_like","S100A6"
3.39173951690897e-118,0.633879916757795,0.755,0.502,8.31145768618543e-114,"ACKR4_endothelial_like","SYNPO"
2.78073206791259e-108,0.632304079711228,0.765,0.539,6.81418393241981e-104,"ACKR4_endothelial_like","TMBIM4"
3.52482513382115e-97,0.630710217991729,0.699,0.474,8.63758399042874e-93,"ACKR4_endothelial_like","ATP2B4"
1.00424249571932e-298,0.628729562904358,0.996,0.973,2.46089623576018e-294,"ACKR4_endothelial_like","ANXA2"
1.72037361125719e-67,0.62441263950331,0.48,0.29,4.21577553438575e-63,"ACKR4_endothelial_like","SORBS1"
4.30048388763469e-50,0.623463740519605,0.378,0.226,1.05383357666488e-45,"ACKR4_endothelial_like","COL3A1"
1.17141819163872e-55,0.623263868818453,0.419,0.255,2.87056027861068e-51,"ACKR4_endothelial_like","F2R"
6.20401222442292e-81,0.622753039050061,0.473,0.263,1.52029319559484e-76,"ACKR4_endothelial_like","CHST1"
1.56132301323482e-79,0.622618321450542,0.658,0.455,3.82602204393193e-75,"ACKR4_endothelial_like","CDC42EP5"
1.93759818915707e-62,0.62103367864313,0.44,0.264,4.7480843625294e-58,"ACKR4_endothelial_like","GRB10"
1.1977316404804e-84,0.620427172865569,0.607,0.388,2.93504138499723e-80,"ACKR4_endothelial_like","PACSIN2"
6.05443151341819e-85,0.619873784821688,0.568,0.347,1.48363844236313e-80,"ACKR4_endothelial_like","PER1"
3.7509672848877e-48,0.617971422086666,0.287,0.159,9.19174533161732e-44,"ACKR4_endothelial_like","DNTTIP1"
4.32562216402649e-46,0.617398379016383,0.303,0.175,1.05999371129469e-41,"ACKR4_endothelial_like","IFRD2"
1.91339388016846e-52,0.615743174309176,0.672,0.516,4.68877170335282e-48,"ACKR4_endothelial_like","SOD2"
4.98683509772055e-68,0.615147496988789,0.518,0.331,1.22202394069642e-63,"ACKR4_endothelial_like","AK2"
1.05601961155315e-144,0.614842388168318,0.924,0.796,2.58777605811098e-140,"ACKR4_endothelial_like","CAV2"
3.57109607756794e-59,0.612273751512663,0.456,0.285,8.75097093808024e-55,"ACKR4_endothelial_like","IFT57"
1.56760053091025e-62,0.604290876057416,0.449,0.271,3.84140510099557e-58,"ACKR4_endothelial_like","TIMM10"
5.36891621037808e-94,0.598307780519084,0.777,0.573,1.31565291735315e-89,"ACKR4_endothelial_like","ENO1"
3.73471225895938e-66,0.595633418033044,0.439,0.259,9.15191239057996e-62,"ACKR4_endothelial_like","STAB1"
5.35329668656328e-119,0.595444295843132,0.857,0.687,1.31182535304233e-114,"ACKR4_endothelial_like","SNU13"
4.06132830531449e-69,0.592171969373139,0.513,0.317,9.95228501217315e-65,"ACKR4_endothelial_like","BAIAP2"
1.4709910673393e-51,0.591029984521356,0.461,0.3,3.60466361051495e-47,"ACKR4_endothelial_like","ANKRD28"
3.85591741828069e-45,0.590843770687153,0.364,0.225,9.44892563349682e-41,"ACKR4_endothelial_like","RHBDD2"
4.38514767308189e-264,0.589629309612233,0.994,0.947,1.07458043728872e-259,"ACKR4_endothelial_like","YBX3"
1.02279659597136e-142,0.589002060800946,0.986,0.895,2.50636305842781e-138,"ACKR4_endothelial_like","JUNB"
2.19581652859505e-47,0.587998242419153,0.328,0.192,5.38084840332218e-43,"ACKR4_endothelial_like","PPP1R12C"
8.6127090823146e-49,0.587201181320031,0.395,0.245,2.11054436062119e-44,"ACKR4_endothelial_like","ERCC1"
9.43976454639857e-49,0.584942650076198,0.357,0.214,2.31321430209497e-44,"ACKR4_endothelial_like","ZNF593"
2.42915119776342e-90,0.583894580568268,0.77,0.564,5.95263501011927e-86,"ACKR4_endothelial_like","PPP1CB"
8.15297512759691e-51,0.582678086202643,0.323,0.184,1.99788655501762e-46,"ACKR4_endothelial_like","PHYKPL"
1.55797139698537e-64,0.578097562462119,0.516,0.329,3.81780890831264e-60,"ACKR4_endothelial_like","MPZL2"
4.62946035702095e-42,0.578062180798113,0.322,0.195,1.13444926048798e-37,"ACKR4_endothelial_like","SLC35B1"
5.540908710812e-43,0.575883373486485,0.322,0.193,1.35779967958448e-38,"ACKR4_endothelial_like","IL15RA"
6.70847355522594e-78,0.575683652471744,0.607,0.393,1.64391144470812e-73,"ACKR4_endothelial_like","PEF1"
1.32613300752577e-41,0.574851976216692,0.341,0.211,3.2496889349419e-37,"ACKR4_endothelial_like","RPGR"
1.23554732480937e-47,0.570667106132671,0.336,0.197,3.02770871944535e-43,"ACKR4_endothelial_like","TOMM40"
1.23656824297661e-59,0.569606682845876,0.49,0.308,3.03021047941417e-55,"ACKR4_endothelial_like","HCFC1R1"
3.56189489371538e-50,0.565191365037401,0.258,0.135,8.72842343704953e-46,"ACKR4_endothelial_like","TUBB2A"
2.07970291008636e-45,0.563085134147908,0.367,0.227,5.09631198116663e-41,"ACKR4_endothelial_like","KIF9"
1.84535470113582e-43,0.562415162634344,0.288,0.165,4.52204169513332e-39,"ACKR4_endothelial_like","HPRT1"
5.01369622588895e-33,0.561858559722131,0.253,0.151,1.22860626015409e-28,"ACKR4_endothelial_like","NIP7"
1.62573315717669e-41,0.561275114846702,0.251,0.139,3.98385910166148e-37,"ACKR4_endothelial_like","RPH3AL"
7.20621045875916e-48,0.557728777224479,0.375,0.228,1.76588187291893e-43,"ACKR4_endothelial_like","GLRX3"
1.56484536553942e-69,0.555763975456528,0.481,0.287,3.83465356825435e-65,"ACKR4_endothelial_like","MEDAG"
2.5064549978351e-202,0.554101571411879,0.991,0.93,6.1420679721949e-198,"ACKR4_endothelial_like","TM4SF1"
4.99801660780593e-40,0.553178148789983,0.395,0.258,1.22476396974284e-35,"ACKR4_endothelial_like","RORA"
7.14506187910134e-164,0.55279068411775,0.963,0.851,1.75089741347378e-159,"ACKR4_endothelial_like","ECSCR.1"
1.02572483353022e-48,0.552693079929159,0.511,0.351,2.51353870456581e-44,"ACKR4_endothelial_like","ARFGAP3"
2.54263079043085e-33,0.551923493118474,0.272,0.166,6.23071675195081e-29,"ACKR4_endothelial_like","MAD2L2"
4.3320636749093e-76,0.550828368722052,0.709,0.512,1.06157220353652e-71,"ACKR4_endothelial_like","PLSCR1"
2.38717587879241e-63,0.550627686453417,0.635,0.453,5.84977449098081e-59,"ACKR4_endothelial_like","FSTL1"
3.30887312226681e-55,0.549912103359072,0.451,0.281,8.10839358611481e-51,"ACKR4_endothelial_like","ZSCAN18"
6.11812023086462e-47,0.547168764763834,0.424,0.272,1.49924536257337e-42,"ACKR4_endothelial_like","PTOV1"
4.8320701750121e-48,0.546241127732418,0.411,0.257,1.18409879638672e-43,"ACKR4_endothelial_like","CCNH"
2.14576153399515e-54,0.54610164409934,0.43,0.265,5.2581886390551e-50,"ACKR4_endothelial_like","MARCH2"
1.08196802328638e-42,0.545851608077566,0.307,0.18,2.65136264106327e-38,"ACKR4_endothelial_like","EEF1E1"
4.46507891441724e-39,0.544755696859015,0.285,0.167,1.09416758797794e-34,"ACKR4_endothelial_like","PAK1IP1"
6.30461315106073e-55,0.544147328578256,0.477,0.306,1.54494545266743e-50,"ACKR4_endothelial_like","ARID5A"
7.18118518415527e-108,0.543529481871176,0.859,0.679,1.75974942937725e-103,"ACKR4_endothelial_like","CYSTM1"
7.24048474973239e-47,0.535568367334161,0.425,0.274,1.77428078792192e-42,"ACKR4_endothelial_like","B4GALT5"
1.20699021648778e-33,0.534965850879936,0.258,0.154,2.95772952550331e-29,"ACKR4_endothelial_like","SFXN3"
3.11626622712555e-57,0.534622712908674,0.572,0.397,7.63641038957117e-53,"ACKR4_endothelial_like","PSMA2"
1.44668799300768e-55,0.534035911951202,0.485,0.312,3.54510892686532e-51,"ACKR4_endothelial_like","HSF1"
6.33139336413351e-35,0.531931403138601,0.254,0.149,1.55150794388092e-30,"ACKR4_endothelial_like","SLC43A3"
4.2406331843963e-38,0.531559380237949,0.335,0.208,1.03916716183631e-33,"ACKR4_endothelial_like","MRPL24"
5.00016944389909e-49,0.531216301273262,0.353,0.208,1.22529152222747e-44,"ACKR4_endothelial_like","TMEM120A"
7.30656057831391e-38,0.531115044650466,0.278,0.163,1.79047266971582e-33,"ACKR4_endothelial_like","TPRA1"
2.81353522815682e-62,0.530359681844406,0.623,0.436,6.89456807659828e-58,"ACKR4_endothelial_like","FAM89B"
2.61163598003071e-51,0.529700880735017,0.395,0.236,6.39981396906524e-47,"ACKR4_endothelial_like","TPBG"
1.31436848476451e-29,0.529660119577837,0.257,0.159,3.22085997191543e-25,"ACKR4_endothelial_like","DIMT1"
2.12964548799542e-44,0.529177765849539,0.385,0.241,5.21869626833278e-40,"ACKR4_endothelial_like","ITPRIP"
4.37437813989629e-51,0.527981484157093,0.441,0.282,1.07194136318159e-46,"ACKR4_endothelial_like","SDHA"
4.11269662218099e-231,0.527039972866468,0.987,0.947,1.00781630726545e-226,"ACKR4_endothelial_like","RPL4"
1.33045833747546e-50,0.527032154305083,0.463,0.299,3.26028815598362e-46,"ACKR4_endothelial_like","SRM"
3.24401444886226e-38,0.524468803249174,0.319,0.195,7.94945740693698e-34,"ACKR4_endothelial_like","TYMP"
3.76990076172373e-43,0.523452925025124,0.408,0.263,9.238141816604e-39,"ACKR4_endothelial_like","TPGS1"
8.07559281502693e-47,0.523439968866154,0.388,0.239,1.97892401932235e-42,"ACKR4_endothelial_like","CDC42EP2"
1.15641004001477e-46,0.521525434119934,0.414,0.26,2.8337828030562e-42,"ACKR4_endothelial_like","RASSF9"
2.05641658612951e-25,0.521060453973964,0.315,0.215,5.03924884431036e-21,"ACKR4_endothelial_like","EVL"
1.01172029225016e-50,0.519976157840533,0.414,0.254,2.47922057615902e-46,"ACKR4_endothelial_like","PLEKHO2"
1.14156800921462e-57,0.518811693228862,0.682,0.514,2.79741240658043e-53,"ACKR4_endothelial_like","PGRMC1"
8.17315803469417e-68,0.518807174857534,0.652,0.444,2.00283237640181e-63,"ACKR4_endothelial_like","ITGA5"
1.06407058792654e-39,0.518625371816513,0.319,0.192,2.60750497571399e-35,"ACKR4_endothelial_like","DIXDC1"
4.83898786130959e-170,0.516289683437829,0.992,0.929,1.18579397541392e-165,"ACKR4_endothelial_like","TIMP1"
5.37744243206117e-193,0.515422599332022,0.986,0.93,1.31774226797659e-188,"ACKR4_endothelial_like","LGALS3"
4.68834310585541e-50,0.515387413207707,0.435,0.276,1.14887847808987e-45,"ACKR4_endothelial_like","HSD17B10"
3.98448404212739e-73,0.514691323321776,0.676,0.461,9.76397814523316e-69,"ACKR4_endothelial_like","LAMA4"
5.68497186518188e-54,0.513801350676272,0.467,0.298,1.39310235556282e-49,"ACKR4_endothelial_like","AGPAT2"
6.77821130315695e-39,0.51192494640247,0.291,0.172,1.66100067983861e-34,"ACKR4_endothelial_like","TMUB1"
6.9750465155453e-39,0.511518871367309,0.297,0.177,1.70923514863438e-34,"ACKR4_endothelial_like","ACOT9"
1.96462856484887e-35,0.510554677755686,0.326,0.208,4.81432229816215e-31,"ACKR4_endothelial_like","PTP4A3"
2.06402652739655e-41,0.509064417694225,0.327,0.198,5.05789700538524e-37,"ACKR4_endothelial_like","MRPL12"
1.72823908908819e-39,0.507963921111177,0.332,0.205,4.23504988781062e-35,"ACKR4_endothelial_like","DHRS4L2"
1.17252188564435e-56,0.507497620130118,0.648,0.464,2.87326488077148e-52,"ACKR4_endothelial_like","PDLIM5"
2.74045815903936e-144,0.506654572658369,0.957,0.832,6.71549271872596e-140,"ACKR4_endothelial_like","RHOC"
1.74185355233492e-139,0.506642751291384,0.952,0.843,4.26841212999673e-135,"ACKR4_endothelial_like","CYB5R3"
3.39086698194389e-164,0.505049868382431,0.884,0.561,8.3093195392535e-160,"ACKR4_endothelial_like","NR4A1"
2.67320577528418e-56,0.504391285784871,0.529,0.347,6.55069075233388e-52,"ACKR4_endothelial_like","C21orf59"
1.67291708014988e-48,0.502294464075191,0.501,0.339,4.09948330490727e-44,"ACKR4_endothelial_like","DYNLT3"
1.54688848276972e-52,0.500665328732086,0.462,0.293,3.7906502270272e-48,"ACKR4_endothelial_like","ZYX"
5.67229835632465e-130,0.500216498974654,0.953,0.838,1.38999671221735e-125,"ACKR4_endothelial_like","FKBP1A"
8.70266623553278e-45,0.500185868767578,0.437,0.28,2.13258836101731e-40,"ACKR4_endothelial_like","INO80C"
3.5829066280822e-46,0.499471213309455,0.354,0.21,8.77991269211544e-42,"ACKR4_endothelial_like","IFT43"
1.00390671208555e-78,0.498959729470243,0.789,0.594,2.46007339796564e-74,"ACKR4_endothelial_like","TNFRSF1A"
3.99265844385356e-57,0.495961187385239,0.607,0.423,9.78400951666314e-53,"ACKR4_endothelial_like","TAF10"
9.69559497094578e-32,0.494976638497112,0.258,0.156,2.37590554763026e-27,"ACKR4_endothelial_like","ACD"
1.65828131604521e-32,0.494671624662897,0.274,0.168,4.06361836496878e-28,"ACKR4_endothelial_like","PTPMT1"
1.16959877599263e-47,0.494511104922954,0.406,0.253,2.86610180056993e-43,"ACKR4_endothelial_like","H2AFX"
3.39053553359914e-67,0.494237065389733,0.709,0.521,8.30850732508469e-63,"ACKR4_endothelial_like","ANXA11"
7.38447665138027e-30,0.49362703108568,0.294,0.188,1.80956600342073e-25,"ACKR4_endothelial_like","GYG1"
8.31635850513898e-38,0.490511349164813,0.409,0.272,2.03792365168431e-33,"ACKR4_endothelial_like","PNPLA8"
3.27329180621568e-33,0.489536383438325,0.323,0.206,8.02120157113152e-29,"ACKR4_endothelial_like","DCXR"
1.39431554865265e-34,0.489282754537048,0.32,0.202,3.41677025197332e-30,"ACKR4_endothelial_like","RRP7A"
3.21952786117538e-54,0.488667917101297,0.631,0.447,7.88945302381028e-50,"ACKR4_endothelial_like","MZT2A"
7.97374563460005e-212,0.48781238766276,1,0.995,1.95396636775874e-207,"ACKR4_endothelial_like","CLU"
2.18794788070256e-40,0.485364586721567,0.412,0.269,5.36156628166161e-36,"ACKR4_endothelial_like","EBNA1BP2"
1.74082929013569e-79,0.482421799588774,0.816,0.631,4.2659021754775e-75,"ACKR4_endothelial_like","RAN"
3.17762448428777e-42,0.48145970301616,0.446,0.298,7.78676879874719e-38,"ACKR4_endothelial_like","ST3GAL1"
3.13711326300545e-50,0.481054622110012,0.528,0.355,7.68749605099487e-46,"ACKR4_endothelial_like","IKBIP"
5.73743501188386e-82,0.480844118644895,0.859,0.706,1.40595844966214e-77,"ACKR4_endothelial_like","S100A13"
5.20754976363868e-56,0.480490752148331,0.587,0.401,1.27611006957966e-51,"ACKR4_endothelial_like","PRNP"
5.88583681016045e-74,0.480462901412774,0.787,0.588,1.44232431032982e-69,"ACKR4_endothelial_like","NDUFA13"
2.76712680168622e-68,0.477791562791122,0.896,0.771,6.78084422753208e-64,"ACKR4_endothelial_like","SAT1"
2.22640216407248e-34,0.477491564296968,0.29,0.177,5.4557985030596e-30,"ACKR4_endothelial_like","MRPL37"
1.50258519570572e-50,0.477262671452203,0.535,0.36,3.68208502207686e-46,"ACKR4_endothelial_like","COPRS"
7.47797747289539e-81,0.476959738633836,0.81,0.626,1.83247837973302e-76,"ACKR4_endothelial_like","CSTB"
3.00525247606926e-65,0.475589596046056,0.697,0.507,7.36437119260773e-61,"ACKR4_endothelial_like","NHP2"
8.05417823836676e-26,0.475133668880758,0.252,0.161,1.97367637731178e-21,"ACKR4_endothelial_like","LTV1"
9.06496745825795e-31,0.475052463975028,0.325,0.212,2.22137027564611e-26,"ACKR4_endothelial_like","SEC13"
2.13317053882866e-50,0.474850509050477,0.444,0.279,5.22733440539963e-46,"ACKR4_endothelial_like","GPATCH2"
1.37831329432305e-41,0.474771556521693,0.415,0.268,3.37755672773863e-37,"ACKR4_endothelial_like","MVP"
2.21475008025587e-31,0.474698067907489,0.356,0.239,5.427245071667e-27,"ACKR4_endothelial_like","SPG21"
4.19031070180852e-36,0.473703011628812,0.337,0.212,1.02683563747818e-31,"ACKR4_endothelial_like","PLPP5"
1.48200776977268e-39,0.472669386926798,0.395,0.254,3.63166003982795e-35,"ACKR4_endothelial_like","CREB3L2"
6.66527730394405e-36,0.472304064170788,0.315,0.198,1.63332620333149e-31,"ACKR4_endothelial_like","VCAM1"
7.90797653480768e-40,0.469849233306894,0.407,0.264,1.93784964985462e-35,"ACKR4_endothelial_like","SLC29A1"
9.64633958041548e-32,0.469157785888412,0.277,0.171,2.36383551418081e-27,"ACKR4_endothelial_like","EXOSC7"
2.45300148396455e-155,0.467596887326715,0.981,0.918,6.01108013645513e-151,"ACKR4_endothelial_like","CD99"
1.49623900180638e-47,0.467396335535196,0.486,0.322,3.66653367392652e-43,"ACKR4_endothelial_like","MAP1LC3A"
2.02504626589811e-37,0.463944552333693,0.33,0.205,4.96237587458331e-33,"ACKR4_endothelial_like","MRPL50"
8.56279133030037e-30,0.462225756399061,0.269,0.168,2.09831201549011e-25,"ACKR4_endothelial_like","TCTN3"
4.20430577759702e-36,0.461174983396641,0.347,0.22,1.03026513080015e-31,"ACKR4_endothelial_like","DPH3"
7.25332072073493e-54,0.460271738300091,0.499,0.32,1.77742624261609e-49,"ACKR4_endothelial_like","KDM6B"
2.98787427188443e-42,0.459747548160784,0.437,0.285,7.3217859032528e-38,"ACKR4_endothelial_like","TMEM208"
1.19622171857045e-26,0.457188744906253,0.263,0.167,2.93134132135688e-22,"ACKR4_endothelial_like","PDXK"
5.64382268380229e-128,0.457024010887266,0.972,0.886,1.38301874866575e-123,"ACKR4_endothelial_like","TUBA1B"
2.12028670706682e-34,0.454587681252699,0.353,0.228,5.19576257566723e-30,"ACKR4_endothelial_like","RNF126"
1.01714709744382e-39,0.45390463017103,0.428,0.285,2.49251896228609e-35,"ACKR4_endothelial_like","YIF1A"
5.8433953364786e-27,0.450379399741469,0.457,0.341,1.43192402720408e-22,"ACKR4_endothelial_like","HBEGF"
8.73167241474284e-37,0.450188070098445,0.357,0.227,2.13969632523273e-32,"ACKR4_endothelial_like","ARFRP1"
1.19955336472838e-50,0.449240261005223,0.584,0.406,2.9395055202669e-46,"ACKR4_endothelial_like","SLC25A37"
6.09756347850557e-70,0.44905684814025,0.827,0.654,1.49420793040779e-65,"ACKR4_endothelial_like","GRASP"
1.45425361569255e-98,0.448579507796784,0.924,0.775,3.56364848525458e-94,"ACKR4_endothelial_like","ARPC1B"
2.27087447067648e-42,0.447950243516286,0.598,0.438,5.56477789039271e-38,"ACKR4_endothelial_like","C6orf62"
7.01776643262522e-24,0.447186261876053,0.269,0.178,1.71970366431481e-19,"ACKR4_endothelial_like","TNFRSF10B"
6.33588728419701e-59,0.445714233789924,0.728,0.559,1.55260917899248e-54,"ACKR4_endothelial_like","PSMB3"
3.22089817772453e-34,0.444236029485023,0.32,0.201,7.89281098451397e-30,"ACKR4_endothelial_like","GPATCH4"
4.66347030505876e-79,0.443541753423659,0.73,0.512,1.14278339825465e-74,"ACKR4_endothelial_like","FILIP1L"
2.77273515136945e-32,0.443432220352445,0.358,0.235,6.79458748843084e-28,"ACKR4_endothelial_like","DEAF1"
2.18374522959094e-31,0.442960603572787,0.306,0.196,5.3512676851126e-27,"ACKR4_endothelial_like","DUS1L"
5.08566160046329e-36,0.442352709280976,0.428,0.287,1.24624137519353e-31,"ACKR4_endothelial_like","PSMC4"
2.08943009368729e-36,0.441750368185497,0.451,0.31,5.1201484445807e-32,"ACKR4_endothelial_like","ALKBH5"
2.76339861318395e-37,0.441605953072519,0.666,0.532,6.77170830160728e-33,"ACKR4_endothelial_like","PDK4"
9.4534472078035e-36,0.441066197751582,0.356,0.228,2.31656723827225e-31,"ACKR4_endothelial_like","SLC25A39"
1.11728276122455e-29,0.43976815489856,0.293,0.186,2.73790140638075e-25,"ACKR4_endothelial_like","BCCIP"
2.28457324024663e-33,0.439359130749565,0.359,0.234,5.59834672522438e-29,"ACKR4_endothelial_like","GPI"
6.9569454838294e-212,0.439250271104474,1,0.989,1.70479949081239e-207,"ACKR4_endothelial_like","ADIRF"
1.39647050342569e-68,0.438686083608339,0.828,0.666,3.42205096864466e-64,"ACKR4_endothelial_like","BZW1"
1.84403659196227e-40,0.437035898010794,0.509,0.354,4.51881166860354e-36,"ACKR4_endothelial_like","TMEM43"
8.81716472225545e-62,0.43221252173745,0.747,0.566,2.1606462151887e-57,"ACKR4_endothelial_like","GADD45GIP1"
3.22491791881318e-51,0.431783326692757,0.686,0.513,7.90266136005169e-47,"ACKR4_endothelial_like","HEBP1"
6.17266192505934e-36,0.431284073171291,0.298,0.178,1.51261080473579e-31,"ACKR4_endothelial_like","FAM167B"
1.37435725621357e-65,0.430905656267733,0.769,0.587,3.36786245635134e-61,"ACKR4_endothelial_like","COL18A1"
7.32387884625019e-115,0.429767450476487,0.956,0.845,1.79471651127361e-110,"ACKR4_endothelial_like","S100A11"
1.27612371879106e-31,0.429722784335709,0.374,0.251,3.12714117289749e-27,"ACKR4_endothelial_like","IFNGR2"
1.01133149953577e-76,0.429712787005732,0.856,0.694,2.47826783961241e-72,"ACKR4_endothelial_like","DYNLRB1"
6.0749700891133e-44,0.428390158925979,0.537,0.374,1.48867142033721e-39,"ACKR4_endothelial_like","PCBD1"
1.31876844662025e-47,0.427160541031206,0.632,0.454,3.23164207844291e-43,"ACKR4_endothelial_like","FHL1"
3.97673167424353e-117,0.426507244711835,0.965,0.878,9.74498096773377e-113,"ACKR4_endothelial_like","CALM2"
3.13801387350235e-56,0.426190414750808,0.722,0.54,7.68970299701751e-52,"ACKR4_endothelial_like","NDUFAF3"
3.90212220283575e-49,0.424630437260578,0.723,0.559,9.56215045804901e-45,"ACKR4_endothelial_like","CAPN2"
9.72310960287996e-42,0.424079984345408,0.461,0.307,2.38264800818573e-37,"ACKR4_endothelial_like","LAMA5"
1.25833365482232e-39,0.423648758145595,0.453,0.304,3.0835466211421e-35,"ACKR4_endothelial_like","LYRM5"
6.91311197830949e-45,0.423327504859483,0.534,0.365,1.69405809028474e-40,"ACKR4_endothelial_like","NELFE"
5.97605411536101e-24,0.423077240826069,0.266,0.175,1.46443206096922e-19,"ACKR4_endothelial_like","TRAP1"
1.11050851520041e-52,0.422593129010645,0.677,0.504,2.72130111649859e-48,"ACKR4_endothelial_like","FAM96B"
1.51484376098409e-54,0.42227111792717,0.698,0.522,3.71212463629152e-50,"ACKR4_endothelial_like","PRELID1"
1.36575307364945e-33,0.422034495180283,0.425,0.291,3.34677790697797e-29,"ACKR4_endothelial_like","DIAPH1"
5.88362424298563e-27,0.421837703831041,0.295,0.193,1.44178212074363e-22,"ACKR4_endothelial_like","PPP2R4"
1.12802331342177e-30,0.420919716524988,0.494,0.364,2.76422112954005e-26,"ACKR4_endothelial_like","MYOF"
4.71396329727583e-57,0.420620101159722,0.715,0.529,1.15515670599744e-52,"ACKR4_endothelial_like","XRCC6"
1.35244540574862e-40,0.419356520904393,0.521,0.363,3.314167466787e-36,"ACKR4_endothelial_like","AUP1"
1.16511046243119e-36,0.41823359493862,0.419,0.281,2.85510318818762e-32,"ACKR4_endothelial_like","XBP1"
4.59346929412512e-43,0.417400969472812,0.584,0.422,1.12562965052536e-38,"ACKR4_endothelial_like","CD55"
2.02613511739493e-198,0.416579011415457,0.997,0.979,4.96504410517627e-194,"ACKR4_endothelial_like","ACTG1"
1.89520581703593e-31,0.415608001427924,0.423,0.291,4.64420185464655e-27,"ACKR4_endothelial_like","ITPR1"
1.85931998021823e-53,0.415283260400124,0.757,0.592,4.55626361152477e-49,"ACKR4_endothelial_like","PHB2"
1.34307241568995e-76,0.41416064373398,0.901,0.772,3.29119895464822e-72,"ACKR4_endothelial_like","GNG5"
3.38864760517517e-32,0.413920105405635,0.405,0.278,8.30388095648175e-28,"ACKR4_endothelial_like","EMD"
2.49435519926692e-84,0.413602056004035,0.915,0.784,6.11241741580359e-80,"ACKR4_endothelial_like","HYAL2"
9.57518729322852e-40,0.413405852732053,0.447,0.295,2.34639964620565e-35,"ACKR4_endothelial_like","PIGT"
6.35550321877888e-25,0.412662566622196,0.256,0.164,1.55741606376176e-20,"ACKR4_endothelial_like","UBTD1"
2.82475630227803e-32,0.412219101252887,0.402,0.274,6.92206531873231e-28,"ACKR4_endothelial_like","C9orf3"
1.92492406482393e-60,0.41079614295388,0.8,0.632,4.71702642085105e-56,"ACKR4_endothelial_like","PKM"
1.89802082490652e-32,0.409799469898091,0.34,0.218,4.65110003143342e-28,"ACKR4_endothelial_like","CORO1C"
1.37743490020154e-34,0.409761435869019,0.408,0.272,3.37540422294387e-30,"ACKR4_endothelial_like","C14orf119"
4.39133647335861e-26,0.409028855970945,0.29,0.189,1.07609700279653e-21,"ACKR4_endothelial_like","PGP"
6.66139632346639e-29,0.407377411467947,0.298,0.192,1.63237516906544e-24,"ACKR4_endothelial_like","EMG1"
6.82343311978511e-32,0.405714499363196,0.359,0.236,1.67208228600334e-27,"ACKR4_endothelial_like","C20orf24"
3.09700694796466e-302,0.405558947128318,1,0.997,7.5892155259874e-298,"ACKR4_endothelial_like","RPL8"
2.18047595696094e-50,0.403178336461949,0.739,0.576,5.34325633253279e-46,"ACKR4_endothelial_like","NDUFB8"
2.65179422740643e-37,0.403161649382801,0.458,0.312,6.49822175425945e-33,"ACKR4_endothelial_like","CDC42EP1"
2.61454041523425e-28,0.402503464605583,0.328,0.217,6.40693128753152e-24,"ACKR4_endothelial_like","GPS1"
9.96162482298847e-92,0.402467780984037,0.996,0.987,2.44109616287332e-87,"ACKR4_endothelial_like","CAV1"
4.93668318070553e-28,0.401639480894328,0.379,0.263,1.20973421343189e-23,"ACKR4_endothelial_like","NSMCE4A"
2.86332531401615e-41,0.40091923827838,0.6,0.437,7.01657868199658e-37,"ACKR4_endothelial_like","HAX1"
1.48954922809815e-34,0.398299509855397,0.441,0.301,3.65014038345452e-30,"ACKR4_endothelial_like","PSENEN"
1.48723433676102e-54,0.398174553609006,0.751,0.587,3.64446774223288e-50,"ACKR4_endothelial_like","SNRPB"
3.58775144426877e-28,0.397606342131805,0.347,0.235,8.79178491418063e-24,"ACKR4_endothelial_like","BMP4"
2.58790113775015e-34,0.39691216834772,0.452,0.311,6.34165173805673e-30,"ACKR4_endothelial_like","COA4"
1.70658072128089e-48,0.396636349430834,0.729,0.559,4.18197605749882e-44,"ACKR4_endothelial_like","ARHGDIA"
3.83257195792492e-26,0.396429614657293,0.276,0.178,9.39171758289501e-22,"ACKR4_endothelial_like","UAP1"
1.83830333867109e-44,0.39620924624421,0.627,0.454,4.5047623314135e-40,"ACKR4_endothelial_like","ATP5F1"
2.37363107176808e-26,0.396200352481774,0.342,0.234,5.81658294136767e-22,"ACKR4_endothelial_like","DPM2"
1.26911631450177e-88,0.395877049149526,0.716,0.491,3.10996952868659e-84,"ACKR4_endothelial_like","PLPP1"
2.15897213555485e-43,0.395769485609374,0.643,0.479,5.29056121817715e-39,"ACKR4_endothelial_like","TUFM"
1.21413491707963e-36,0.395400219667642,0.495,0.348,2.97523761430364e-32,"ACKR4_endothelial_like","ADGRG1"
8.94542979734e-66,0.394823899430784,0.593,0.385,2.19207757183817e-61,"ACKR4_endothelial_like","DUSP5"
1.00313893585733e-29,0.394336117641644,0.312,0.201,2.45819196231838e-25,"ACKR4_endothelial_like","TRAPPC2P1"
7.24819291513698e-25,0.3940380125697,0.467,0.352,1.77616967385432e-20,"ACKR4_endothelial_like","C10orf54"
2.6411011814337e-40,0.393799817021716,0.37,0.226,6.47201844510328e-36,"ACKR4_endothelial_like","SPNS2"
1.02131874159506e-32,0.393572498218946,0.34,0.218,2.50274157627869e-28,"ACKR4_endothelial_like","SEMA6B"
4.78298158641835e-31,0.393458622242004,0.37,0.248,1.17206963775182e-26,"ACKR4_endothelial_like","MSRA"
9.90286621580212e-32,0.392709078073849,0.453,0.318,2.42669736618231e-27,"ACKR4_endothelial_like","SDHB"
3.98723500892859e-36,0.392258560416513,0.535,0.39,9.77071938937951e-32,"ACKR4_endothelial_like","H2AFJ"
3.26783544110599e-22,0.391811978048767,0.293,0.2,8.00783074843022e-18,"ACKR4_endothelial_like","MTMR6"
1.86469042975989e-37,0.391212172966044,0.539,0.386,4.56942389812661e-33,"ACKR4_endothelial_like","SLC39A1"
1.68953520148093e-23,0.390897187585984,0.281,0.186,4.14020601122901e-19,"ACKR4_endothelial_like","PIR"
4.02856803625416e-31,0.390238410790475,0.386,0.26,9.87200597284081e-27,"ACKR4_endothelial_like","SURF4"
1.38848442014658e-30,0.390194542990208,0.463,0.331,3.40248107156919e-26,"ACKR4_endothelial_like","RBM42"
1.33970104347788e-53,0.390173866032694,0.76,0.582,3.28293740704254e-49,"ACKR4_endothelial_like","CSNK2B"
6.3120355581368e-38,0.389960978315997,0.537,0.38,1.54676431352142e-33,"ACKR4_endothelial_like","FAM127A"
1.09024972290829e-26,0.387983267520131,0.337,0.228,2.67165694598676e-22,"ACKR4_endothelial_like","SDHAF2"
8.34008557975092e-105,0.38783470897228,0.952,0.856,2.04373797131796e-100,"ACKR4_endothelial_like","HSPA8"
4.29718127754329e-39,0.387463122507099,0.558,0.4,1.05302427206198e-34,"ACKR4_endothelial_like","CNPY2"
2.60374121280101e-26,0.387362772246159,0.332,0.226,6.38046784196887e-22,"ACKR4_endothelial_like","SYNE3"
2.06256743003558e-28,0.387290067457824,0.377,0.26,5.05432148730219e-24,"ACKR4_endothelial_like","OTUB1"
1.16825764895499e-44,0.386945634761285,0.614,0.44,2.86281536876419e-40,"ACKR4_endothelial_like","EHD2"
9.46089163196442e-30,0.386678273510672,0.356,0.238,2.31839149441288e-25,"ACKR4_endothelial_like","CDC123"
1.63770357691788e-42,0.386454404671303,0.626,0.464,4.01319261523728e-38,"ACKR4_endothelial_like","CCT7"
7.90042356871709e-42,0.386089281536068,0.591,0.423,1.93599879551412e-37,"ACKR4_endothelial_like","NDUFS8"
5.74632879401009e-258,0.385674833728385,1,1,1.40813787097217e-253,"ACKR4_endothelial_like","VIM"
2.31635816207222e-25,0.384927978405056,0.283,0.185,5.67623567615798e-21,"ACKR4_endothelial_like","ATG101"
1.3218621615884e-21,0.384678944744631,0.259,0.173,3.23922322697236e-17,"ACKR4_endothelial_like","NOC2L"
1.03791291732255e-22,0.38456759203753,0.281,0.189,2.5434056038989e-18,"ACKR4_endothelial_like","AK6"
1.61052480902731e-24,0.383719933724758,0.32,0.218,3.94659104452142e-20,"ACKR4_endothelial_like","MIF4GD"
1.60025035827012e-29,0.383477116868414,0.437,0.311,3.92141350294093e-25,"ACKR4_endothelial_like","DEXI"
2.13579140089228e-29,0.382692646479771,0.387,0.266,5.23375682788653e-25,"ACKR4_endothelial_like","SPTSSA"
2.1254744618252e-35,0.382625211380035,0.399,0.262,5.20847516870265e-31,"ACKR4_endothelial_like","TUSC2"
3.8461528943626e-36,0.382528650603401,0.418,0.278,9.42499766763555e-32,"ACKR4_endothelial_like","POLR2H"
3.25243519788232e-23,0.382391775739097,0.267,0.175,7.97009245241062e-19,"ACKR4_endothelial_like","RP11-983P16.4"
5.58881803135586e-24,0.382116707633078,0.29,0.193,1.36953985858375e-19,"ACKR4_endothelial_like","MYEF2"
6.47062730004943e-39,0.382016464369169,0.539,0.381,1.58562721987711e-34,"ACKR4_endothelial_like","MAPK1IP1L"
5.32202531754194e-29,0.381538569968102,0.432,0.307,1.30416230406365e-24,"ACKR4_endothelial_like","AAED1"
7.81362795903664e-34,0.381472601709795,0.527,0.384,1.91472953136193e-29,"ACKR4_endothelial_like","CCT5"
5.24491594332455e-38,0.381091160399771,0.628,0.466,1.28526665191168e-33,"ACKR4_endothelial_like","SNRPN"
9.07063924887747e-39,0.381066371721806,0.617,0.46,2.22276014793742e-34,"ACKR4_endothelial_like","SNRPD1"
1.39339429718175e-48,0.380436385686386,0.623,0.436,3.41451272524389e-44,"ACKR4_endothelial_like","SCARA3"
2.8506734493226e-43,0.380206945423576,0.458,0.296,6.98557528756502e-39,"ACKR4_endothelial_like","FOSL2"
1.42087937460775e-102,0.380170693004632,0.961,0.879,3.48186490747629e-98,"ACKR4_endothelial_like","COX4I1"
1.15208673701207e-56,0.380033382083097,0.778,0.59,2.82318854904807e-52,"ACKR4_endothelial_like","TSPAN4"
1.20301511854121e-36,0.380004765144907,0.612,0.459,2.94798854798523e-32,"ACKR4_endothelial_like","IDS"
3.91229113237539e-25,0.37950530947326,0.284,0.185,9.58706941988591e-21,"ACKR4_endothelial_like","ELOF1"
5.03408266916984e-29,0.379320799572922,0.379,0.259,1.23360195808007e-24,"ACKR4_endothelial_like","ASNA1"
1.32768654121543e-29,0.379092843736781,0.434,0.305,3.25349586924841e-25,"ACKR4_endothelial_like","PIK3R3"
3.21358439896727e-26,0.379086543511184,0.373,0.259,7.8748885696693e-22,"ACKR4_endothelial_like","NANS"
8.8478210259696e-41,0.378467956628312,0.628,0.464,2.16815854241385e-36,"ACKR4_endothelial_like","COPE"
2.62011274984804e-51,0.377464461100488,0.844,0.709,6.42058629350261e-47,"ACKR4_endothelial_like","DDX3X"
1.90952918062146e-50,0.376753853037949,0.757,0.586,4.6793012571129e-46,"ACKR4_endothelial_like","RNH1"
1.16708498298017e-40,0.376681172378838,0.632,0.464,2.85994175079291e-36,"ACKR4_endothelial_like","SHISA5"
1.69750967486983e-29,0.376088588681061,0.51,0.38,4.15974745826852e-25,"ACKR4_endothelial_like","PAM"
5.5765132906676e-34,0.375399730355238,0.467,0.325,1.36652458187809e-29,"ACKR4_endothelial_like","STOML2"
3.96602443522104e-23,0.374637885410208,0.279,0.185,9.71874287850917e-19,"ACKR4_endothelial_like","RUVBL2"
1.93839263191722e-82,0.373031352490334,0.954,0.855,4.75003114451314e-78,"ACKR4_endothelial_like","PFN1"
2.27288671967033e-46,0.372868986406632,0.679,0.501,5.56970890655214e-42,"ACKR4_endothelial_like","LAMTOR5"
1.83458489627356e-28,0.372644661170982,0.343,0.229,4.49565028831835e-24,"ACKR4_endothelial_like","GNL3"
2.23551421435187e-20,0.372075732174144,0.256,0.172,5.47812758226927e-16,"ACKR4_endothelial_like","LRRC59"
2.04810480201615e-32,0.371748832236607,0.456,0.319,5.01888081734058e-28,"ACKR4_endothelial_like","TXNL4A"
9.28872477998086e-32,0.371507647153038,0.377,0.25,2.27620200733431e-27,"ACKR4_endothelial_like","MRPL47"
1.53860966568237e-44,0.371215973635411,0.586,0.407,3.77036298575466e-40,"ACKR4_endothelial_like","PRKCDBP"
1.3829621590796e-34,0.370207299299528,0.581,0.432,3.38894877082457e-30,"ACKR4_endothelial_like","MLF2"
9.4103109384652e-98,0.369375250458381,0.968,0.888,2.3059966954709e-93,"ACKR4_endothelial_like","SDCBP"
1.08392370574467e-40,0.369199192790988,0.686,0.528,2.65615504092732e-36,"ACKR4_endothelial_like","PSMB6"
3.77579226425318e-195,0.368178783890603,1,1,9.25257894355243e-191,"ACKR4_endothelial_like","TMSB4X"
4.01790551582608e-96,0.367991975159097,0.982,0.911,9.84587746653181e-92,"ACKR4_endothelial_like","CLEC14A"
5.70828825597032e-42,0.367573449584514,0.756,0.598,1.39881603712553e-37,"ACKR4_endothelial_like","LDHB"
1.51113182659239e-30,0.367399899152284,0.464,0.33,3.70302854106465e-26,"ACKR4_endothelial_like","TKT"
2.68813427984749e-28,0.366244687150069,0.479,0.348,6.58727305276627e-24,"ACKR4_endothelial_like","GNL1"
1.28481517162625e-24,0.366150369354501,0.281,0.184,3.14843957807014e-20,"ACKR4_endothelial_like","GAA"
8.65567870309694e-40,0.365709839140587,0.659,0.498,2.12107406619391e-35,"ACKR4_endothelial_like","PSMC5"
2.16528987148327e-32,0.365397674469072,0.539,0.393,5.30604283006975e-28,"ACKR4_endothelial_like","EIF6"
6.05412031615381e-33,0.364899120417282,0.448,0.313,1.48356218347349e-28,"ACKR4_endothelial_like","PSMA5"
5.14504498573768e-32,0.363611128243951,0.505,0.363,1.26079327375502e-27,"ACKR4_endothelial_like","MPG"
2.4140286976645e-16,0.363394946971858,0.259,0.183,5.91557732362687e-12,"ACKR4_endothelial_like","BRMS1"
1.09899318561601e-22,0.363315415877359,0.405,0.295,2.69308280135204e-18,"ACKR4_endothelial_like","AGO2"
3.10128236859839e-23,0.362748317876289,0.325,0.224,7.59969244425036e-19,"ACKR4_endothelial_like","CAMK1"
1.99012145616247e-25,0.362028761435583,0.348,0.238,4.87679262832614e-21,"ACKR4_endothelial_like","ASL"
1.38689005825165e-25,0.360307521804444,0.389,0.275,3.39857408774568e-21,"ACKR4_endothelial_like","GRINA"
1.5951449624522e-26,0.359888497358097,0.388,0.273,3.90890273048912e-22,"ACKR4_endothelial_like","TRAPPC3"
2.0655587923689e-47,0.35875880846009,0.796,0.637,5.06165182069998e-43,"ACKR4_endothelial_like","HMGN3"
1.99228536981363e-20,0.358613654663314,0.28,0.192,4.88209529872829e-16,"ACKR4_endothelial_like","TMEM126A"
5.43612600826911e-24,0.358200766577143,0.307,0.208,1.33212267832634e-19,"ACKR4_endothelial_like","IMP4"
3.17145056830241e-45,0.357458216457737,0.761,0.604,7.77163961762505e-41,"ACKR4_endothelial_like","ACTN1"
1.63227713615372e-25,0.357389470084834,0.415,0.297,3.9998951221447e-21,"ACKR4_endothelial_like","RASSF8"
1.85427719667881e-31,0.357337632073324,0.569,0.422,4.54390627046142e-27,"ACKR4_endothelial_like","CCT2"
1.46679369137564e-61,0.357336801831431,0.881,0.752,3.59437794071601e-57,"ACKR4_endothelial_like","SNCG"
9.69293745998331e-24,0.357135176401214,0.29,0.194,2.37525432456891e-19,"ACKR4_endothelial_like","ATP6V0D1"
2.85093843576945e-19,0.357106295919168,0.27,0.186,6.98622463685303e-15,"ACKR4_endothelial_like","STIP1"
3.31418129317651e-36,0.35698373949747,0.504,0.351,8.12140125892904e-32,"ACKR4_endothelial_like","CNIH4"
3.69207090301855e-34,0.356622237599632,0.502,0.352,9.04741974784696e-30,"ACKR4_endothelial_like","MRPL54"
4.41287987401516e-29,0.356483178357712,0.781,0.673,1.08137621312742e-24,"ACKR4_endothelial_like","H1FX"
2.46787762913594e-27,0.356393753011975,0.377,0.26,6.04753413019763e-23,"ACKR4_endothelial_like","TAX1BP3"
6.82997181160369e-21,0.356028485003775,0.268,0.181,1.67368459243348e-16,"ACKR4_endothelial_like","TMEM115"
7.88277006547687e-40,0.3557059938856,0.736,0.587,1.93167280454511e-35,"ACKR4_endothelial_like","FLOT1"
1.34392639360561e-32,0.355663835076636,0.477,0.335,3.29329162753055e-28,"ACKR4_endothelial_like","NAPA"
1.42095537126932e-48,0.355469067819703,0.843,0.69,3.48205113729546e-44,"ACKR4_endothelial_like","STAT3"
5.10370511203363e-26,0.354868229161298,0.356,0.244,1.25066293770384e-21,"ACKR4_endothelial_like","SSSCA1"
5.52969760666879e-56,0.354264624985669,0.841,0.681,1.35505239851419e-51,"ACKR4_endothelial_like","POMP"
3.43493327973191e-47,0.35418036893357,0.77,0.608,8.41730400198304e-43,"ACKR4_endothelial_like","S100A16"
1.50364773517127e-29,0.35266288314941,0.472,0.339,3.68468877503719e-25,"ACKR4_endothelial_like","PPP4C"
1.79353590034105e-51,0.351685307161914,0.779,0.599,4.39505972378574e-47,"ACKR4_endothelial_like","FAM107A"
1.63316960071498e-20,0.351638800870304,0.306,0.213,4.00208210655207e-16,"ACKR4_endothelial_like","TES"
1.19268273922195e-19,0.351422765678009,0.272,0.185,2.9226690524634e-15,"ACKR4_endothelial_like","PRPF19"
6.48735337433536e-36,0.349853594413822,0.603,0.444,1.58972594438088e-31,"ACKR4_endothelial_like","ATP6V0B"
5.54798170499053e-25,0.349852054042961,0.271,0.174,1.35953291680793e-20,"ACKR4_endothelial_like","LSM10"
1.08998712128533e-26,0.349666061355191,0.333,0.221,2.67101344070971e-22,"ACKR4_endothelial_like","SLC25A4"
3.63145441203312e-28,0.349663425124231,0.399,0.275,8.89887903668715e-24,"ACKR4_endothelial_like","APOA1BP"
3.14810402668423e-35,0.349624013586679,0.53,0.379,7.7144289173897e-31,"ACKR4_endothelial_like","CHSY1"
5.6470139035368e-55,0.348964168063568,0.605,0.405,1.38380075706169e-50,"ACKR4_endothelial_like","POSTN"
1.21153643109112e-32,0.348580305046884,0.366,0.241,2.9688700243888e-28,"ACKR4_endothelial_like","VCL"
3.57852097335227e-43,0.34781257914019,0.735,0.568,8.76916564519974e-39,"ACKR4_endothelial_like","MINOS1"
8.64974001501142e-28,0.346636292854322,0.268,0.167,2.11961879067855e-23,"ACKR4_endothelial_like","SCUBE2"
9.40455521682043e-28,0.346612524436412,0.454,0.327,2.30458625588185e-23,"ACKR4_endothelial_like","MALL"
2.97348328584871e-26,0.346000064334272,0.441,0.318,7.28652079197227e-22,"ACKR4_endothelial_like","EVA1B"
9.78157912595366e-32,0.345712606979992,0.451,0.312,2.39697596481494e-27,"ACKR4_endothelial_like","ADCY4"
2.80765151218394e-24,0.345712281283955,0.369,0.257,6.88015003060674e-20,"ACKR4_endothelial_like","DCTPP1"
3.64668105099133e-30,0.343930687424503,0.293,0.182,8.93619191545424e-26,"ACKR4_endothelial_like","SCNN1B"
7.84204826041129e-25,0.343453329549761,0.343,0.235,1.92169392621379e-20,"ACKR4_endothelial_like","MALSU1"
2.20308520248923e-26,0.343359170916471,0.369,0.254,5.39866028869985e-22,"ACKR4_endothelial_like","HAGH"
1.69945134633974e-32,0.343225601236053,0.53,0.385,4.16450552420552e-28,"ACKR4_endothelial_like","TNFAIP1"
5.20231232922927e-83,0.343063592669106,0.961,0.878,1.27482663627763e-78,"ACKR4_endothelial_like","EDF1"
5.98850376465501e-37,0.342984670165185,0.722,0.581,1.46748284752871e-32,"ACKR4_endothelial_like","SELK"
5.35800724082151e-34,0.342785283088872,0.611,0.463,1.31297967436331e-29,"ACKR4_endothelial_like","FUNDC2"
1.58949844906643e-21,0.342736738922046,0.318,0.222,3.89506594943729e-17,"ACKR4_endothelial_like","TAF9"
2.11112323602043e-29,0.34229449665426,0.378,0.256,5.17330748986806e-25,"ACKR4_endothelial_like","EMC6"
6.54860994251679e-86,0.342240524538607,0.974,0.875,1.60473686641374e-81,"ACKR4_endothelial_like","HLA-DRB1"
5.36599886652069e-23,0.342167076510876,0.409,0.297,1.3149380222409e-18,"ACKR4_endothelial_like","MRPS15"
7.81163283798944e-32,0.341891094171472,0.4,0.27,1.91424062694931e-27,"ACKR4_endothelial_like","KIAA0141"
8.29452755736265e-29,0.341606776673927,0.503,0.371,2.03257397793172e-24,"ACKR4_endothelial_like","RBPMS"
1.02932846448559e-25,0.341176685319012,0.37,0.258,2.52236940222195e-21,"ACKR4_endothelial_like","PSMD6"
4.74482613836061e-23,0.340446251688311,0.345,0.24,1.16271964520527e-18,"ACKR4_endothelial_like","ALG5"
2.13843654586478e-66,0.34040067773714,0.944,0.833,5.24023875564164e-62,"ACKR4_endothelial_like","RAB11A"
6.90677397811317e-37,0.339982597230669,0.585,0.423,1.69250496333663e-32,"ACKR4_endothelial_like","RNF181"
4.42114870294017e-42,0.339960963200435,0.64,0.459,1.08340248965549e-37,"ACKR4_endothelial_like","LAMB1"
1.99135858738515e-41,0.339795745298853,0.796,0.65,4.8798242183873e-37,"ACKR4_endothelial_like","ATP5B"
9.3436558538064e-29,0.338660578776228,0.558,0.422,2.28966286697526e-24,"ACKR4_endothelial_like","KRAS"
8.5295763271464e-24,0.338275838933105,0.344,0.237,2.09017267896723e-19,"ACKR4_endothelial_like","MFSD6"
4.70594956223355e-27,0.337348621128874,0.364,0.248,1.15319294022533e-22,"ACKR4_endothelial_like","SNAPIN"
4.13146493384741e-17,0.337314163604799,0.258,0.18,1.01241548203931e-12,"ACKR4_endothelial_like","RABGGTB"
1.34369445281424e-26,0.336785528850427,0.408,0.286,3.2927232566213e-22,"ACKR4_endothelial_like","ST6GALNAC6"
1.65557626131481e-20,0.336614176905759,0.343,0.247,4.05698962835194e-16,"ACKR4_endothelial_like","BAG6"
1.54548994081466e-32,0.336475004081681,0.69,0.537,3.78722309996631e-28,"ACKR4_endothelial_like","PLPP3"
1.01680724159514e-50,0.336424686100692,0.88,0.759,2.49168614552888e-46,"ACKR4_endothelial_like","CD93"
4.64012306590895e-32,0.33537450496185,0.62,0.466,1.13706215730099e-27,"ACKR4_endothelial_like","VPS51"
1.90078904394923e-28,0.335114876225329,0.475,0.342,4.6578835521976e-24,"ACKR4_endothelial_like","GPAA1"
1.27140530083895e-34,0.334933114125927,0.565,0.412,3.11557868970586e-30,"ACKR4_endothelial_like","NR1H2"
7.27865561497691e-28,0.334931920147321,0.48,0.35,1.78363455845009e-23,"ACKR4_endothelial_like","PSMD13"
6.52915821487972e-36,0.334513111972978,0.718,0.565,1.59997022055627e-31,"ACKR4_endothelial_like","LAMTOR1"
2.20358750075772e-42,0.333558162560103,0.51,0.338,5.39989117060678e-38,"ACKR4_endothelial_like","ITGA10"
1.34224072549828e-19,0.333367454408414,0.401,0.3,3.28916089783353e-15,"ACKR4_endothelial_like","PIK3R1"
1.00837319495846e-25,0.333016378600116,0.511,0.383,2.4710185142457e-21,"ACKR4_endothelial_like","RPL22L1"
6.1551002000029e-61,0.332913610656495,0.915,0.789,1.50830730401071e-56,"ACKR4_endothelial_like","ALDOA"
1.40362761406669e-42,0.332865621132527,0.806,0.664,3.43958946827043e-38,"ACKR4_endothelial_like","C19orf53"
1.52642324976796e-28,0.332860834392232,0.531,0.392,3.74050017355639e-24,"ACKR4_endothelial_like","SLC40A1"
6.01259552445734e-28,0.332791477018897,0.442,0.314,1.47338653326827e-23,"ACKR4_endothelial_like","HNRNPH2"
1.62815349185486e-19,0.331875954997664,0.302,0.212,3.98979013179033e-15,"ACKR4_endothelial_like","LSM1"
1.56167217583917e-25,0.331830331007961,0.383,0.269,3.82687766689388e-21,"ACKR4_endothelial_like","MEA1"
2.09814123076315e-32,0.331720359793111,0.633,0.491,5.14149508598509e-28,"ACKR4_endothelial_like","ETFB"
3.64345516635325e-185,0.331511229241356,1,0.994,8.92828688514864e-181,"ACKR4_endothelial_like","RPL18A"
8.99462155993742e-20,0.330686970481047,0.262,0.177,2.20413201326266e-15,"ACKR4_endothelial_like","WRB"
2.41639435817017e-35,0.329840032807408,0.69,0.535,5.921374374696e-31,"ACKR4_endothelial_like","CTSD"
9.32173923777726e-47,0.329756188463869,0.832,0.68,2.28429220021732e-42,"ACKR4_endothelial_like","NDUFA11"
3.28410603436549e-22,0.329483381457394,0.288,0.194,8.04770183721263e-18,"ACKR4_endothelial_like","DCAF13"
2.46226812214611e-29,0.328676870161605,0.377,0.254,6.03378803331904e-25,"ACKR4_endothelial_like","DMKN"
4.26944964333951e-46,0.328029457331314,0.812,0.65,1.04622863510035e-41,"ACKR4_endothelial_like","ATP5O"
2.17379057241424e-20,0.327501318810711,0.333,0.239,5.3268737977011e-16,"ACKR4_endothelial_like","E2F4"
3.27319085755446e-36,0.326996657769004,0.587,0.42,8.02095419643719e-32,"ACKR4_endothelial_like","CLTB"
2.00261921318273e-30,0.326780038800201,0.62,0.478,4.90741838190429e-26,"ACKR4_endothelial_like","WBP2"
2.56090881844121e-40,0.326119924752159,0.712,0.552,6.27550705959019e-36,"ACKR4_endothelial_like","MRPL20"
5.38873021606273e-32,0.326029277415694,0.529,0.385,1.32050833944617e-27,"ACKR4_endothelial_like","PSMD7"
1.10665898857176e-25,0.325753289546963,0.381,0.265,2.7118678514951e-21,"ACKR4_endothelial_like","ACTR1A"
1.34459768309873e-24,0.325649895395348,0.449,0.33,3.29493662243345e-20,"ACKR4_endothelial_like","SZRD1"
1.99823011503796e-43,0.325628122700752,0.889,0.771,4.89666289690052e-39,"ACKR4_endothelial_like","SH3BP5"
5.6499413972712e-39,0.32532877326695,0.693,0.531,1.38451813940131e-34,"ACKR4_endothelial_like","TCN2"
6.29629117308228e-29,0.325214467504277,0.542,0.404,1.54290615196381e-24,"ACKR4_endothelial_like","NAA20"
1.94968186719442e-38,0.325044890475777,0.758,0.6,4.77769541555993e-34,"ACKR4_endothelial_like","CAPZB"
1.09946434771466e-22,0.32472161107132,0.314,0.215,2.69423738407478e-18,"ACKR4_endothelial_like","MRPS12"
2.62693617320529e-26,0.32440971679092,0.44,0.316,6.43730709243957e-22,"ACKR4_endothelial_like","MFGE8"
2.84944531198233e-29,0.324214357260954,0.546,0.408,6.98256573701271e-25,"ACKR4_endothelial_like","REXO2"
3.62623510059761e-29,0.323904174216318,0.361,0.238,8.88608911401444e-25,"ACKR4_endothelial_like","CEBPB"
3.30683808375016e-83,0.323330749845216,0.979,0.911,8.10340672422976e-79,"ACKR4_endothelial_like","GLTSCR2"
1.00971252306963e-59,0.323307260094173,0.925,0.828,2.47430053778213e-55,"ACKR4_endothelial_like","SLC25A3"
3.45431628663718e-25,0.323175825853452,0.351,0.241,8.46480206040442e-21,"ACKR4_endothelial_like","ZNRF1"
3.11041818958459e-29,0.323071406694618,0.52,0.382,7.62207977357704e-25,"ACKR4_endothelial_like","CYC1"
6.12581333960698e-52,0.32302254090681,0.895,0.784,1.50113055887069e-47,"ACKR4_endothelial_like","GPX4"
4.19856137995465e-20,0.322583461736736,0.333,0.237,1.02885746615789e-15,"ACKR4_endothelial_like","CTBP1"
3.68382110719383e-23,0.322197874086187,0.331,0.227,9.02720362317848e-19,"ACKR4_endothelial_like","FLNC"
2.3163190446818e-25,0.321913858770507,0.512,0.384,5.67613981899275e-21,"ACKR4_endothelial_like","WDR1"
1.48266483371871e-28,0.321900930262409,0.473,0.34,3.63327017502769e-24,"ACKR4_endothelial_like","AAMP"
1.49070609469248e-32,0.320997008513864,0.467,0.322,3.65297528504392e-28,"ACKR4_endothelial_like","CFAP20"
1.05398031494799e-21,0.320919875099249,0.342,0.24,2.58277876178004e-17,"ACKR4_endothelial_like","MANF"
1.50728386918029e-189,0.320764785730333,1,0.999,3.6935991214263e-185,"ACKR4_endothelial_like","TPT1"
5.48861096069352e-25,0.320519663337619,0.301,0.199,1.34498411591795e-20,"ACKR4_endothelial_like","MAP2K3"
1.89689682899582e-45,0.319916787178339,0.876,0.748,4.64834567945427e-41,"ACKR4_endothelial_like","EIF3G"
1.47429715163986e-28,0.31990132169917,0.491,0.356,3.61276517009347e-24,"ACKR4_endothelial_like","PSMC1"
4.98594673651826e-23,0.31969189838023,0.36,0.254,1.2218062477838e-18,"ACKR4_endothelial_like","BCR"
2.51646639401782e-31,0.319533836418536,0.626,0.476,6.16660089854067e-27,"ACKR4_endothelial_like","PPP1R14B"
6.82476285135965e-23,0.319424722684435,0.33,0.226,1.67240813672568e-18,"ACKR4_endothelial_like","STX4"
1.82124865548065e-30,0.319297569475464,0.576,0.431,4.46296983025532e-26,"ACKR4_endothelial_like","TMEM147"
8.25904782262308e-20,0.319103876630219,0.265,0.179,2.02387966893378e-15,"ACKR4_endothelial_like","CDK2AP2"
3.75205647796037e-27,0.318951631255651,0.32,0.209,9.19441439924189e-23,"ACKR4_endothelial_like","MTX1"
2.99290911266116e-17,0.318393717138644,0.289,0.205,7.33412378057617e-13,"ACKR4_endothelial_like","STX5"
5.97451378365879e-35,0.317860562551906,0.612,0.451,1.46405460268559e-30,"ACKR4_endothelial_like","PDCD5"
9.76034181654955e-18,0.317846856536381,0.293,0.21,2.39177176214547e-13,"ACKR4_endothelial_like","TINF2"
8.14864145254476e-66,0.317236684186712,0.737,0.519,1.99682458794609e-61,"ACKR4_endothelial_like","SERTAD1"
2.47685973544319e-30,0.315986856064275,0.591,0.442,6.06954478170353e-26,"ACKR4_endothelial_like","PSMB5"
1.15769540071235e-24,0.315555139133265,0.4,0.283,2.83693257944561e-20,"ACKR4_endothelial_like","WDR61"
1.38037840057568e-19,0.314924450242588,0.312,0.22,3.3826172706107e-15,"ACKR4_endothelial_like","DERL1"
6.59773214303157e-82,0.314182464358588,0.565,0.321,1.61677426164989e-77,"ACKR4_endothelial_like","PNP"
3.17515470701532e-73,0.314071181631891,0.992,0.965,7.78071660954103e-69,"ACKR4_endothelial_like","CST3"
1.0361456698849e-19,0.312572563226886,0.323,0.228,2.53907496405295e-15,"ACKR4_endothelial_like","CSNK1D"
2.33414975711298e-27,0.312536984394564,0.722,0.6,5.71983397980536e-23,"ACKR4_endothelial_like","PPP3CA"
1.01223899749581e-25,0.31225039148023,0.41,0.288,2.48049166336349e-21,"ACKR4_endothelial_like","LMF2"
1.49003468214744e-27,0.311987098803392,0.538,0.4,3.65132998860231e-23,"ACKR4_endothelial_like","DPP7"
9.73884748391601e-30,0.311823396517557,0.528,0.387,2.38650457593362e-25,"ACKR4_endothelial_like","SNRPC"
8.7917757377124e-23,0.311732694092325,0.3,0.202,2.15442464452642e-18,"ACKR4_endothelial_like","IMPAD1"
2.24052818581968e-34,0.311646885800269,0.633,0.479,5.49041431935114e-30,"ACKR4_endothelial_like","AURKAIP1"
9.30120300344691e-22,0.311641556063617,0.335,0.234,2.27925979599467e-17,"ACKR4_endothelial_like","UROD"
2.752157272878e-36,0.311473110737611,0.784,0.644,6.74416139718754e-32,"ACKR4_endothelial_like","KANK3"
1.83061209303834e-35,0.310591182179981,0.577,0.419,4.48591493399045e-31,"ACKR4_endothelial_like","TMEM2"
1.77280966607988e-28,0.309943839108167,0.522,0.386,4.34427008672875e-24,"ACKR4_endothelial_like","SARS"
5.59164070385416e-133,0.309870985179763,0.999,0.94,1.37023155447946e-128,"ACKR4_endothelial_like","JUND"
9.21211164322628e-26,0.309752607720759,0.318,0.211,2.2574279581726e-21,"ACKR4_endothelial_like","RPF2"
1.47990217247155e-29,0.309277798712217,0.555,0.411,3.62650027364153e-25,"ACKR4_endothelial_like","PSMC3"
1.3858520169221e-129,0.309216737664353,1,0.946,3.39603036746762e-125,"ACKR4_endothelial_like","FOS"
8.46863218794381e-19,0.308767190216304,0.3,0.212,2.07523831765563e-14,"ACKR4_endothelial_like","PHF10"
2.25556625995323e-17,0.308521926916073,0.251,0.174,5.52726512001539e-13,"ACKR4_endothelial_like","THAP7"
1.09547421296518e-24,0.308000528082082,0.393,0.275,2.68445955887118e-20,"ACKR4_endothelial_like","SLC2A1"
1.14607863730632e-28,0.307821794021067,0.7,0.564,2.80846570071914e-24,"ACKR4_endothelial_like","ENSA"
9.67800164704136e-17,0.307129882982467,0.283,0.202,2.37159430360748e-12,"ACKR4_endothelial_like","PRKRA"
2.7951979861868e-22,0.30682317902453,0.306,0.209,6.84963266515074e-18,"ACKR4_endothelial_like","WDR45"
1.52322528710808e-30,0.306109459219948,0.574,0.425,3.73266356605834e-26,"ACKR4_endothelial_like","ILF2"
1.55411053640707e-23,0.305516458921363,0.365,0.256,3.80834786946552e-19,"ACKR4_endothelial_like","PARVB"
9.82124407574461e-25,0.304374565423346,0.404,0.288,2.40669586076122e-20,"ACKR4_endothelial_like","AGTRAP"
1.88063919183274e-19,0.303981815696891,0.272,0.185,4.60850633958613e-15,"ACKR4_endothelial_like","MRPS18A"
2.33033265915812e-18,0.303889091719894,0.257,0.176,5.71048018126698e-14,"ACKR4_endothelial_like","PTP4A1"
1.20653151472146e-30,0.303752449958885,0.488,0.348,2.95660547682494e-26,"ACKR4_endothelial_like","CTSA"
3.91086258513196e-47,0.303522504316684,0.84,0.706,9.58356876486586e-43,"ACKR4_endothelial_like","PARK7"
6.95626959338334e-31,0.303384358369087,0.619,0.467,1.70463386385859e-26,"ACKR4_endothelial_like","TRIOBP"
8.1299258596726e-24,0.302728985084344,0.34,0.233,1.99223833191277e-19,"ACKR4_endothelial_like","IPO11"
4.55976479810544e-45,0.30271077366095,0.876,0.741,1.11737036377574e-40,"ACKR4_endothelial_like","PRDX6"
3.50605127572807e-36,0.301944532549502,0.706,0.533,8.59157865117163e-32,"ACKR4_endothelial_like","FAM84A"
1.84990904484442e-23,0.301918660125162,0.345,0.238,4.53320211439124e-19,"ACKR4_endothelial_like","RNPEPL1"
3.69508415664304e-29,0.301688435584337,0.48,0.338,9.05480372585376e-25,"ACKR4_endothelial_like","PDE2A"
3.13753380826288e-42,0.301491978064428,0.851,0.714,7.68852659714818e-38,"ACKR4_endothelial_like","PSMB1"
6.00694542534039e-31,0.301357238075902,0.615,0.464,1.47200197647966e-26,"ACKR4_endothelial_like","NDUFAB1"
4.13950850015434e-33,0.301184115052998,0.491,0.344,1.01438655796282e-28,"ACKR4_endothelial_like","TSPYL2"
4.08468696089221e-25,0.300869981346433,0.414,0.293,1.00095253976664e-20,"ACKR4_endothelial_like","AKR1B1"
2.92948763350919e-82,0.300460520164975,0.977,0.915,7.17870944591426e-78,"ACKR4_endothelial_like","MYL12B"
1.49999954947064e-24,0.300368146731677,0.457,0.332,3.67574889597781e-20,"ACKR4_endothelial_like","STX7"
4.77498995922863e-82,0.300331275233435,0.981,0.931,1.17011128950898e-77,"ACKR4_endothelial_like","VWF"
5.02859278224377e-44,0.300083527533217,0.841,0.712,1.23225666128883e-39,"ACKR4_endothelial_like","NDUFS5"
4.58273497072313e-27,0.300037665917676,0.477,0.343,1.1229992045757e-22,"ACKR4_endothelial_like","DDRGK1"
1.20506270116332e-92,0.299504763583366,0.991,0.955,2.95300614920071e-88,"ACKR4_endothelial_like","DSTN"
1.56541084047017e-191,0.297629776110846,1,0.998,3.83603926457214e-187,"ACKR4_endothelial_like","RPL19"
8.86032296130845e-33,0.297195557946342,0.728,0.583,2.17122214166864e-28,"ACKR4_endothelial_like","APRT"
1.04330187106743e-37,0.297072758523432,0.809,0.661,2.55661123505074e-33,"ACKR4_endothelial_like","ISCU"
2.42616072716721e-31,0.296738586223987,0.64,0.49,5.94530686192325e-27,"ACKR4_endothelial_like","LINC01420"
4.24394710966613e-23,0.296526169523921,0.377,0.266,1.03997923922368e-18,"ACKR4_endothelial_like","VPS4A"
1.25551609424637e-107,0.296459533618437,0.993,0.976,3.07664218895072e-103,"ACKR4_endothelial_like","RPSA"
2.88804400417669e-28,0.295861657560735,0.568,0.429,7.07715183223497e-24,"ACKR4_endothelial_like","CIB1"
7.8368428527864e-17,0.295488144927103,0.339,0.249,1.92041834107531e-12,"ACKR4_endothelial_like","SPRYD3"
2.04524475070661e-19,0.294075152088418,0.263,0.178,5.01187226160655e-15,"ACKR4_endothelial_like","LRRC41"
2.12899961364346e-25,0.293840638229346,0.561,0.43,5.2171135532333e-21,"ACKR4_endothelial_like","EMC4"
2.82439974323597e-18,0.292948066860322,0.364,0.268,6.92119157079975e-14,"ACKR4_endothelial_like","COPS8"
1.85642373483301e-24,0.292780125098883,0.475,0.349,4.54916636220829e-20,"ACKR4_endothelial_like","HM13"
1.27865393272995e-25,0.292682498269201,0.437,0.31,3.13334146215475e-21,"ACKR4_endothelial_like","MAPRE2"
5.56825715354129e-42,0.291420765085153,0.708,0.557,1.36450141547529e-37,"ACKR4_endothelial_like","CRIM1"
1.62767708342054e-21,0.291218771127229,0.353,0.249,3.98862269292204e-17,"ACKR4_endothelial_like","TNIP2"
1.11822041183482e-24,0.290402781920819,0.472,0.348,2.74019911920123e-20,"ACKR4_endothelial_like","CERS2"
1.35743735182656e-18,0.29014018462971,0.256,0.174,3.32640023065098e-14,"ACKR4_endothelial_like","PSMD14"
6.27073136195336e-32,0.289592070733474,0.607,0.46,1.53664272024667e-27,"ACKR4_endothelial_like","TMEM205"
1.36919019418599e-19,0.288506879861077,0.398,0.297,3.35520057085276e-15,"ACKR4_endothelial_like","DGCR6L"
9.61138119056474e-16,0.288353383238998,0.274,0.196,2.35526896074789e-11,"ACKR4_endothelial_like","PEX16"
3.81301789213043e-26,0.288178158092241,0.537,0.404,9.34380034466562e-22,"ACKR4_endothelial_like","PPP1CA"
3.91547131264564e-84,0.28809398637706,0.992,0.951,9.59486245163813e-80,"ACKR4_endothelial_like","EEF1D"
4.11147129917916e-19,0.287525173612134,0.309,0.216,1.00751604186385e-14,"ACKR4_endothelial_like","MRPS22"
1.09568925559043e-26,0.287494111645442,0.609,0.473,2.68498652082435e-22,"ACKR4_endothelial_like","G3BP1"
4.98506323582523e-15,0.286765248199464,0.331,0.249,1.22158974593897e-10,"ACKR4_endothelial_like","JOSD1"
1.32024083231332e-34,0.286413382466789,0.819,0.68,3.2352501595838e-30,"ACKR4_endothelial_like","RTN4"
1.13117388432273e-16,0.286408604676696,0.255,0.178,2.77194160353285e-12,"ACKR4_endothelial_like","P4HTM"
1.87964085110757e-156,0.286004542545631,1,0.997,4.6060599056391e-152,"ACKR4_endothelial_like","RPS6"
8.21987525802526e-17,0.2852598817999,0.305,0.22,2.01428043197909e-12,"ACKR4_endothelial_like","C6orf1"
2.08531989158014e-23,0.285189217911489,0.44,0.32,5.11007639431714e-19,"ACKR4_endothelial_like","TXNDC17"
1.31988797309898e-22,0.284670498866222,0.489,0.367,3.23438547807905e-18,"ACKR4_endothelial_like","ACADVL"
1.96192491084996e-36,0.283765638588301,0.604,0.434,4.80769699403781e-32,"ACKR4_endothelial_like","CCDC80"
3.40201191130449e-17,0.283751248644726,0.274,0.193,8.33663018865165e-13,"ACKR4_endothelial_like","MAFG"
6.52603898139183e-36,0.283700528877211,0.744,0.581,1.59920585239007e-31,"ACKR4_endothelial_like","ADAM15"
1.09035083351202e-32,0.281448657805783,0.758,0.611,2.67190471752122e-28,"ACKR4_endothelial_like","GNB2"
9.92532419943317e-19,0.280507561827837,0.326,0.232,2.4322006950711e-14,"ACKR4_endothelial_like","MRPL36"
1.21179252957708e-20,0.279508383754547,0.414,0.304,2.96949759372864e-16,"ACKR4_endothelial_like","BTF3L4"
1.62426983568536e-21,0.279400186040701,0.291,0.195,3.98027323234697e-17,"ACKR4_endothelial_like","MANBAL"
7.83882033193706e-32,0.27930363068044,0.371,0.242,1.92090292234118e-27,"ACKR4_endothelial_like","MLF1"
3.8575545434058e-19,0.278827353704958,0.314,0.222,9.45293740861592e-15,"ACKR4_endothelial_like","HIGD1A"
2.43919120202942e-51,0.278585639947947,0.687,0.468,5.9772380405731e-47,"ACKR4_endothelial_like","THSD4"
6.92285348628834e-29,0.278457665179738,0.63,0.486,1.69644524681496e-24,"ACKR4_endothelial_like","PSMA1"
2.94089315299835e-21,0.278288085421753,0.439,0.33,7.20665867142245e-17,"ACKR4_endothelial_like","WARS"
1.37993083680435e-24,0.278011745263426,0.577,0.445,3.38152051558905e-20,"ACKR4_endothelial_like","PHB"
1.27387589202091e-14,0.277968481328893,0.257,0.184,3.12163287339725e-10,"ACKR4_endothelial_like","HRAS"
9.51548780570658e-27,0.27788042075735,0.569,0.429,2.3317702867884e-22,"ACKR4_endothelial_like","C1QBP"
1.82529020454569e-24,0.277754790244657,0.533,0.4,4.47287364623921e-20,"ACKR4_endothelial_like","OXA1L"
6.47051375080585e-22,0.277644167606815,0.362,0.256,1.58559939463497e-17,"ACKR4_endothelial_like","ARF3"
1.23059813569468e-17,0.277481866651607,0.324,0.235,3.0155807315198e-13,"ACKR4_endothelial_like","SLC25A29"
6.67814926413964e-21,0.277170227491123,0.378,0.272,1.63648047717742e-16,"ACKR4_endothelial_like","BRIX1"
1.23048810594362e-23,0.27707024292883,0.43,0.31,3.01531110361483e-19,"ACKR4_endothelial_like","PFKL"
3.11224854436231e-29,0.275981429125489,0.679,0.536,7.62656505795984e-25,"ACKR4_endothelial_like","NDUFS6"
5.90130699102158e-19,0.275911224564302,0.402,0.299,1.44611527814984e-14,"ACKR4_endothelial_like","NME4"
2.03319704021934e-35,0.275451466898496,0.857,0.733,4.9823493470575e-31,"ACKR4_endothelial_like","RAB13"
1.5533740640507e-33,0.274886902125006,0.892,0.791,3.80654314395623e-29,"ACKR4_endothelial_like","MBNL1"
1.64619597617734e-24,0.274303964280191,0.377,0.263,4.03400323962258e-20,"ACKR4_endothelial_like","MRPS26"
1.91272608578004e-26,0.273698568955936,0.535,0.396,4.68713527320399e-22,"ACKR4_endothelial_like","INPP1"
3.89182554296261e-17,0.273552594039766,0.324,0.235,9.53691849302988e-13,"ACKR4_endothelial_like","PPP1R11"
1.2980342540929e-29,0.27329569691707,0.679,0.524,3.18083293965466e-25,"ACKR4_endothelial_like","TINAGL1"
8.57808536268307e-27,0.273199237188628,0.382,0.264,2.10205981812549e-22,"ACKR4_endothelial_like","LCN6"
1.14289048135971e-20,0.272731054957817,0.456,0.339,2.80065312457196e-16,"ACKR4_endothelial_like","PQBP1"
2.6445124174273e-22,0.272195354777828,0.458,0.34,6.48037767890561e-18,"ACKR4_endothelial_like","HEXB"
1.96606477496553e-26,0.271861151661094,0.536,0.4,4.81784173105302e-22,"ACKR4_endothelial_like","GSDMD"
3.94515681322403e-26,0.271396473141314,0.633,0.486,9.66760677080549e-22,"ACKR4_endothelial_like","AKR1C3"
3.63290902442379e-31,0.271274915285975,0.656,0.494,8.9024435643505e-27,"ACKR4_endothelial_like","IL1R1"
6.66947540866822e-58,0.271266942339768,0.977,0.881,1.63435494889415e-53,"ACKR4_endothelial_like","RPL36A"
1.47072969471219e-23,0.27113842523556,0.379,0.262,3.60402311689223e-19,"ACKR4_endothelial_like","MTRF1L"
3.89569125614434e-23,0.270651616999908,0.558,0.427,9.5463914231817e-19,"ACKR4_endothelial_like","NDUFS7"
2.51811120574826e-18,0.270270194827321,0.277,0.191,6.1706315096861e-14,"ACKR4_endothelial_like","OSMR"
1.50669734152482e-19,0.269825225714848,0.31,0.217,3.69216183540656e-15,"ACKR4_endothelial_like","PBDC1"
4.15166898277332e-22,0.269662026386968,0.359,0.252,1.0173664842286e-17,"ACKR4_endothelial_like","PPIE"
1.13698958801217e-76,0.269207319302405,0.993,0.962,2.78619298542382e-72,"ACKR4_endothelial_like","CD63"
1.14952778908225e-37,0.268842307989699,0.797,0.646,2.81691784714605e-33,"ACKR4_endothelial_like","AES"
1.40381220125282e-19,0.268810688179461,0.308,0.216,3.44004179917004e-15,"ACKR4_endothelial_like","EVI5"
1.55936449340838e-24,0.268773411784605,0.529,0.399,3.82122269109724e-20,"ACKR4_endothelial_like","MRPL41"
6.93289763923218e-21,0.268678843912238,0.312,0.216,1.69890656649385e-16,"ACKR4_endothelial_like","SEC61A1"
4.49609945434338e-26,0.268196981830792,0.612,0.473,1.10176917128684e-21,"ACKR4_endothelial_like","GNG12"
3.85515639812512e-15,0.268034749567789,0.251,0.177,9.44706075360562e-11,"ACKR4_endothelial_like","POLD2"
5.82729872625183e-32,0.26749766315671,0.847,0.724,1.42797955286801e-27,"ACKR4_endothelial_like","LMO2"
9.58047038707673e-44,0.265207099513229,0.791,0.609,2.34769426835315e-39,"ACKR4_endothelial_like","PLVAP"
9.3144664153571e-23,0.264644452815281,0.463,0.343,2.28250999508326e-18,"ACKR4_endothelial_like","CDC26"
3.59914740784876e-21,0.263903881409191,0.413,0.301,8.8197107229334e-17,"ACKR4_endothelial_like","PEAK1"
7.67618336202434e-17,0.263821871995542,0.314,0.226,1.88104873286406e-12,"ACKR4_endothelial_like","SRA1"
5.58191973361556e-24,0.263758825547428,0.444,0.322,1.36784943072249e-19,"ACKR4_endothelial_like","C1orf122"
1.93363260739899e-28,0.263525905501949,0.713,0.571,4.73836670443123e-24,"ACKR4_endothelial_like","NDUFB9"
1.85209601068678e-118,0.263094079831571,0.999,0.992,4.53856127418794e-114,"ACKR4_endothelial_like","RPS16"
2.12964949616294e-50,0.263039799543719,0.947,0.867,5.21870609034729e-46,"ACKR4_endothelial_like","CD151"
1.4570950855091e-25,0.26279554364268,0.733,0.605,3.57061150704006e-21,"ACKR4_endothelial_like","GSTK1"
2.53303446156265e-64,0.261617257431983,0.984,0.934,6.20720094805926e-60,"ACKR4_endothelial_like","PPIA"
2.75968587298263e-15,0.261004952974908,0.285,0.206,6.76261023174394e-11,"ACKR4_endothelial_like","MRPS23"
6.34773081609372e-21,0.260761777370384,0.454,0.339,1.55551143648377e-16,"ACKR4_endothelial_like","SKI"
3.24667683006017e-30,0.260588920242513,0.723,0.578,7.95598157206245e-26,"ACKR4_endothelial_like","PSME2"
3.68654635274717e-20,0.260476711513387,0.408,0.299,9.03388183740694e-16,"ACKR4_endothelial_like","ATG3"
2.603472059804e-19,0.26043015725153,0.328,0.232,6.3798082825497e-15,"ACKR4_endothelial_like","NDUFA9"
7.06853610283525e-20,0.260292364546703,0.324,0.229,1.73214477199978e-15,"ACKR4_endothelial_like","TMX3"
9.75992538445273e-28,0.259971866819063,0.728,0.592,2.39166971546014e-23,"ACKR4_endothelial_like","HNRNPA0"
6.21544832426486e-26,0.25994898099178,0.721,0.585,1.5230956118611e-21,"ACKR4_endothelial_like","SSR2"
1.66819471071959e-123,0.259690540205829,1,0.994,4.08791113861834e-119,"ACKR4_endothelial_like","RPS9"
1.46878838603459e-17,0.259468852324725,0.306,0.218,3.59926593997775e-13,"ACKR4_endothelial_like","RAB27A"
3.55903963929417e-20,0.259113429209334,0.374,0.27,8.72142663609036e-16,"ACKR4_endothelial_like","UQCRC1"
2.70149163134748e-67,0.259030191398036,0.986,0.954,6.62000524261701e-63,"ACKR4_endothelial_like","EEF1B2"
4.98720279352478e-17,0.258612845933939,0.328,0.239,1.22211404455325e-12,"ACKR4_endothelial_like","NAB1"
5.9060420133434e-29,0.258183109619891,0.607,0.453,1.4472755953698e-24,"ACKR4_endothelial_like","NAA10"
3.33937654767674e-18,0.258057961119506,0.357,0.259,8.18314223008185e-14,"ACKR4_endothelial_like","RHOG"
5.27318041413355e-26,0.257867528032409,0.701,0.563,1.29219286048343e-21,"ACKR4_endothelial_like","RAD23A"
6.62292122663681e-26,0.257373415522962,0.689,0.553,1.62294684658735e-21,"ACKR4_endothelial_like","TMED9"
2.26781424869812e-20,0.257187205233656,0.429,0.319,5.55727881643475e-16,"ACKR4_endothelial_like","ABHD14B"
1.67785676343629e-30,0.257070774729634,0.613,0.452,4.11158799880064e-26,"ACKR4_endothelial_like","CYCS"
1.35008859778817e-25,0.256044593476415,0.486,0.351,3.30839210887992e-21,"ACKR4_endothelial_like","HTRA1"
1.81535416935153e-23,0.255603599678217,0.452,0.33,4.44852539199593e-19,"ACKR4_endothelial_like","SNF8"
1.05657899327865e-25,0.255519701271402,0.372,0.253,2.58914682302933e-21,"ACKR4_endothelial_like","GPX3"
1.55231285923778e-25,0.255296977088479,0.53,0.392,3.80394266156217e-21,"ACKR4_endothelial_like","NDUFB6"
7.90848030869658e-25,0.254820005761408,0.677,0.539,1.9379730996461e-20,"ACKR4_endothelial_like","REEP5"
9.73202205812431e-30,0.254557525418122,0.709,0.551,2.38483200534336e-25,"ACKR4_endothelial_like","HSPE1"
5.71287433957353e-15,0.253983318869522,0.325,0.241,1.39993985691249e-10,"ACKR4_endothelial_like","CPSF3L"
6.21424467858754e-21,0.253724788005869,0.612,0.492,1.52280065848788e-16,"ACKR4_endothelial_like","ATP5G1"
3.54146933725877e-24,0.253638469516917,0.531,0.397,8.67837061095262e-20,"ACKR4_endothelial_like","MGAT1"
1.9324310156791e-155,0.253579340560713,1,1,4.73542220392164e-151,"ACKR4_endothelial_like","EEF1A1"
2.92461658846661e-126,0.253289257821096,1,0.999,7.16677295003743e-122,"ACKR4_endothelial_like","RPS18"
5.44237639423478e-22,0.253105577896628,0.608,0.476,1.33365433540723e-17,"ACKR4_endothelial_like","RALY"
1.73343842919077e-57,0.25289603935051,0.979,0.932,4.24779087073197e-53,"ACKR4_endothelial_like","IFITM2"
2.20781885553504e-112,0.252634843483495,0.999,0.995,5.41026010548861e-108,"ACKR4_endothelial_like","RPS3"
6.39041579905205e-23,0.25259712188489,0.286,0.19,1.5659713915577e-18,"ACKR4_endothelial_like","OGT"
3.82704644727304e-20,0.252379886055689,0.507,0.386,9.37817731904258e-16,"ACKR4_endothelial_like","CTTN"
1.14370582576819e-21,0.25196549863572,0.453,0.334,2.80265112604495e-17,"ACKR4_endothelial_like","SAP30BP"
2.24617549062051e-35,0.251959927093388,0.847,0.707,5.50425303976556e-31,"ACKR4_endothelial_like","ARPC3"
6.46220534887793e-20,0.251738609484998,0.301,0.208,1.58356342074254e-15,"ACKR4_endothelial_like","CCNT1"
3.39987160668031e-25,0.25148238009142,0.653,0.514,8.3313853721701e-21,"ACKR4_endothelial_like","AP2S1"
2.75945367813293e-26,0.251228700554735,0.631,0.493,6.76204123826475e-22,"ACKR4_endothelial_like","STUB1"
5.00137839720573e-16,0.2511189307269,0.315,0.228,1.22558777623526e-11,"ACKR4_endothelial_like","SCAMP3"
3.49503240399872e-91,0.25090262286524,0.999,0.993,8.56457690599887e-87,"ACKR4_endothelial_like","IFITM3"
1.22643585010609e-24,0.250722454286255,0.706,0.567,3.00538105068497e-20,"ACKR4_endothelial_like","EIF3I"
5.69068026999788e-19,0.250548674134138,0.412,0.304,1.39450120016298e-14,"ACKR4_endothelial_like","C12orf10"
1.20229581908879e-20,0.250506375728435,0.443,0.329,2.94622590467709e-16,"ACKR4_endothelial_like","FBXO7"
1.14938186569615e-22,0.250415373026189,0.613,0.481,2.81656026188841e-18,"ACKR4_endothelial_like","C1orf43"
2.325512667623e-22,0.250308995805159,0.56,0.431,5.69866879201017e-18,"ACKR4_endothelial_like","PSMB2"
0,2.73985213064203,0.438,0.101,0,"PROX1_endothelial","EGR2"
0,2.42121908516426,0.741,0.272,0,"PROX1_endothelial","EGR3"
1.16699893812949e-270,2.09050687321828,0.318,0.085,2.85973089788632e-266,"PROX1_endothelial","MEST"
0,1.92329230505371,0.546,0.176,0,"PROX1_endothelial","NFKBID"
3.0228780224329e-187,1.8731132940486,0.279,0.089,7.40756259397181e-183,"PROX1_endothelial","RORB"
0,1.86911833699532,0.799,0.39,0,"PROX1_endothelial","IGFBP5"
0,1.84674389262575,0.944,0.539,0,"PROX1_endothelial","NR4A1"
0,1.81736789074868,0.665,0.309,0,"PROX1_endothelial","TNFAIP3"
7.42484543902678e-173,1.68380466742083,0.273,0.088,1.81945837483351e-168,"PROX1_endothelial","PCDH15"
1.69857625783343e-159,1.58325313148445,0.252,0.081,4.16236111982083e-155,"PROX1_endothelial","RP11-356I2.4"
6.17630499918709e-227,1.55488974798724,0.488,0.222,1.5135035400508e-222,"PROX1_endothelial","ISYNA1"
0,1.53248458473505,0.714,0.374,0,"PROX1_endothelial","RBP1"
2.47055027151262e-217,1.47979225202121,0.582,0.328,6.05408344034166e-213,"PROX1_endothelial","IFI44L"
1.14095148008146e-152,1.44831377619259,0.369,0.163,2.79590160193962e-148,"PROX1_endothelial","TNFAIP8L3"
1.71430141143571e-167,1.44476119958617,0.368,0.153,4.2008956087232e-163,"PROX1_endothelial","CLDN10"
7.62930175021989e-192,1.38434688856329,0.367,0.139,1.86956039389138e-187,"PROX1_endothelial","RGS5"
8.41264773642019e-237,1.37240302698804,0.648,0.368,2.06151932780977e-232,"PROX1_endothelial","DUSP5"
2.82032594437034e-219,1.35848811612706,0.628,0.376,6.91120872667952e-215,"PROX1_endothelial","IFI6"
7.44457106336193e-257,1.35744750565534,0.587,0.286,1.82429213907684e-252,"PROX1_endothelial","SMTN"
2.09257400778117e-213,1.31919906313302,0.519,0.248,5.12785260606775e-209,"PROX1_endothelial","CHST1"
1.03192212544177e-135,1.3063728548282,0.413,0.211,2.52872516839506e-131,"PROX1_endothelial","HIC1"
0,1.30160229879929,0.806,0.467,0,"PROX1_endothelial","NR4A2"
1.7080242037728e-88,1.29574721564557,0.512,0.346,4.18551331134525e-84,"PROX1_endothelial","ISG15"
3.11992575639437e-161,1.26007099631557,0.387,0.167,7.6453780660444e-157,"PROX1_endothelial","GPRC5C"
3.38448883259706e-193,1.25731617815106,0.613,0.377,8.29368988427909e-189,"PROX1_endothelial","XAF1"
2.34216186341094e-116,1.24899440302699,0.342,0.162,5.7394676462885e-112,"PROX1_endothelial","CTD-3252C9.4"
2.49323025911673e-209,1.20882097199164,0.631,0.366,6.10966074996554e-205,"PROX1_endothelial","ITGA2"
1.42885874046036e-88,1.19059920997941,0.265,0.124,3.50141834349811e-84,"PROX1_endothelial","SUSD4"
7.16730773746839e-243,1.18193280224116,0.761,0.5,1.75634876106663e-238,"PROX1_endothelial","FILIP1L"
1.36937215210262e-105,1.15337363163825,0.463,0.28,3.35564645872748e-101,"PROX1_endothelial","EXOC6"
0,1.14577301517163,0.892,0.665,0,"PROX1_endothelial","CCND1"
7.36725660811594e-209,1.13494026459249,0.614,0.331,1.80534623181881e-204,"PROX1_endothelial","CRTAC1"
0,1.1316028673023,0.998,0.915,0,"PROX1_endothelial","DUSP1"
7.39751147835232e-98,1.12484910652026,0.317,0.154,1.81276018777024e-93,"PROX1_endothelial","SCUBE2"
0,1.11793088795543,0.862,0.578,0,"PROX1_endothelial","BST2"
2.11338372840034e-287,1.10437991966324,0.765,0.446,5.17884682644502e-283,"PROX1_endothelial","THSD4"
4.06358283322135e-169,1.10284690182383,0.369,0.147,9.95780973280892e-165,"PROX1_endothelial","PTGDS"
3.94877482507954e-86,1.09765177797231,0.348,0.191,9.67647270885742e-82,"PROX1_endothelial","TRAPPC2P1"
1.35697156717875e-122,1.09391285747471,0.449,0.246,3.32525882537153e-118,"PROX1_endothelial","PROX1"
9.94607561576031e-148,1.0727319604976,0.369,0.158,2.43728582964206e-143,"PROX1_endothelial","MME"
1.78395341727538e-150,1.05261811149235,0.631,0.403,4.37157784903332e-146,"PROX1_endothelial","TMEM2"
2.38920998123276e-112,1.04076085053453,0.446,0.251,5.85475905901088e-108,"PROX1_endothelial","ACKR3"
7.7828639562543e-60,1.02907737285077,0.286,0.163,1.90719081248012e-55,"PROX1_endothelial","NXPE3"
3.32471017818915e-80,1.01592498759305,0.451,0.291,8.14720229165251e-76,"PROX1_endothelial","MX1"
2.17577229422711e-179,1.00241554991613,0.516,0.25,5.33173000700352e-175,"PROX1_endothelial","ADGRG6"
6.58117381243809e-82,1.00095756088647,0.411,0.252,1.61271664273795e-77,"PROX1_endothelial","HS3ST1"
5.61827321697616e-94,0.992399579638274,0.396,0.221,1.37675785182001e-89,"PROX1_endothelial","ADRB2"
0,0.99161117301325,0.986,0.776,0,"PROX1_endothelial","EGR1"
3.29491316835509e-76,0.989919396827228,0.45,0.298,8.07418471905416e-72,"PROX1_endothelial","PIK3R3"
1.51501860756769e-74,0.970228153746094,0.365,0.215,3.71255309784463e-70,"PROX1_endothelial","PCNXL4"
4.09048138175031e-220,0.969841211970992,0.864,0.695,1.00237246259791e-215,"PROX1_endothelial","TSC22D3"
2.25462518108543e-112,0.95685309957942,0.689,0.524,5.52495900624985e-108,"PROX1_endothelial","PDK4"
4.84100712552406e-57,0.953037661219472,0.396,0.269,1.18628879610967e-52,"PROX1_endothelial","VPS37B"
4.84805551213854e-86,0.951702191848729,0.387,0.221,1.18801600324955e-81,"PROX1_endothelial","IFITM1"
1.5159052860964e-80,0.949399178717694,0.308,0.158,3.71472590357922e-76,"PROX1_endothelial","FLT4"
0,0.947580202433742,0.985,0.955,0,"PROX1_endothelial","SDPR"
1.05143782106416e-82,0.936643045169669,0.39,0.224,2.57654838051771e-78,"PROX1_endothelial","IFIT1"
1.0161757825141e-189,0.930912728363999,0.761,0.517,2.4901387550508e-185,"PROX1_endothelial","FAM84A"
3.19194989694332e-56,0.922888665929818,0.312,0.187,7.82187322245961e-52,"PROX1_endothelial","INHBB"
3.84365269838279e-184,0.922465604685383,0.831,0.628,9.41887093738702e-180,"PROX1_endothelial","IGFBP6"
1.22786318912489e-228,0.92172260578619,0.876,0.742,3.00887874495054e-224,"PROX1_endothelial","LY6E"
3.34622503665711e-62,0.912230997087673,0.262,0.137,8.19992445232825e-58,"PROX1_endothelial","NR2F1"
4.81593927040254e-262,0.908257040553317,0.913,0.745,1.18014591821214e-257,"PROX1_endothelial","TGM2"
0,0.902908421492694,0.966,0.816,0,"PROX1_endothelial","TFPI"
1.78147928735037e-63,0.9013453944356,0.31,0.177,4.36551499365209e-59,"PROX1_endothelial","SH3PXD2A"
2.27915767789175e-304,0.893666371466843,0.945,0.667,5.58507588967374e-300,"PROX1_endothelial","APOLD1"
7.54034536036096e-201,0.891098774352108,0.791,0.576,1.84776163055645e-196,"PROX1_endothelial","TEK"
6.57531304562944e-58,0.890080031544946,0.297,0.17,1.61128046183149e-53,"PROX1_endothelial","CRHBP"
1.55869950440613e-96,0.88977033269273,0.477,0.29,3.81959313554723e-92,"PROX1_endothelial","TMEM88"
5.71930376533359e-88,0.88937117764232,0.455,0.281,1.401515387695e-83,"PROX1_endothelial","BCL6B"
2.56694544506431e-66,0.8874047678223,0.493,0.343,6.29029981313009e-62,"PROX1_endothelial","DDIT4"
7.65529844442123e-46,0.886875044462794,0.254,0.149,1.87593088380542e-41,"PROX1_endothelial","TAF13"
3.38078800616341e-229,0.882521659918591,0.874,0.63,8.28462100910345e-225,"PROX1_endothelial","C11orf96"
5.97319084251325e-74,0.879865032024894,0.394,0.239,1.46373041595787e-69,"PROX1_endothelial","SMARCA1"
4.27061320172938e-61,0.87307841869062,0.367,0.229,1.04651376508379e-56,"PROX1_endothelial","ANGPTL2"
4.03434292732301e-215,0.872066000163511,0.85,0.627,9.88615734340504e-211,"PROX1_endothelial","ABCG2"
6.12082702133955e-92,0.86817439837282,0.396,0.218,1.49990866157926e-87,"PROX1_endothelial","COL3A1"
3.85056108589607e-92,0.865164006301093,0.51,0.322,9.43579994098832e-88,"PROX1_endothelial","SYNM"
3.12172632888715e-144,0.859035890947018,0.661,0.421,7.64979036893797e-140,"PROX1_endothelial","PTGS2"
1.15478664873131e-69,0.856026183608721,0.335,0.19,2.82980468271608e-65,"PROX1_endothelial","VCAM1"
0,0.848017633661415,0.99,0.966,0,"PROX1_endothelial","KLF2"
6.27945366235749e-314,0.846856408034959,0.979,0.85,1.5387801199607e-309,"PROX1_endothelial","FOSB"
7.28138175390424e-103,0.845560810292346,0.573,0.384,1.78430259879424e-98,"PROX1_endothelial","INPP1"
2.92183610993742e-156,0.843895162593251,0.642,0.375,7.15995938740164e-152,"PROX1_endothelial","SMOC1"
7.0393698007674e-223,0.838655519110048,0.86,0.642,1.72499756967805e-218,"PROX1_endothelial","RAPGEF5"
2.8138673439221e-83,0.836148398574464,0.506,0.337,6.89538192628111e-79,"PROX1_endothelial","TSPYL2"
2.68754241506875e-32,0.820468289675633,0.289,0.198,6.58582268812597e-28,"PROX1_endothelial","KIF22"
3.9317816247599e-168,0.819546174388739,0.729,0.486,9.63483087147414e-164,"PROX1_endothelial","CDH11"
2.33093780942118e-131,0.812019539368258,0.611,0.382,5.71196310198661e-127,"PROX1_endothelial","GUCY1A3"
6.35606149185722e-109,0.805158314268286,0.569,0.372,1.55755286857961e-104,"PROX1_endothelial","TSPAN5"
1.48989755611141e-36,0.802569966453756,0.256,0.161,3.65099396125102e-32,"PROX1_endothelial","NRGN"
9.24790644694911e-177,0.796558856040297,0.821,0.598,2.26619947482488e-172,"PROX1_endothelial","NOSTRIN"
2.26384669232028e-44,0.795566921591883,0.332,0.217,5.54755631953084e-40,"PROX1_endothelial","HERC5"
2.64716403991366e-85,0.795304789188001,0.396,0.224,6.48687547980843e-81,"PROX1_endothelial","NRARP"
8.60535908684317e-128,0.793766460101206,0.754,0.556,2.10874324423092e-123,"PROX1_endothelial","ATF3"
5.05697312732132e-104,0.785729119544558,0.619,0.443,1.23921126485009e-99,"PROX1_endothelial","CD200"
9.52082326504781e-134,0.785630816128802,0.872,0.777,2.33307774109997e-129,"PROX1_endothelial","BTG2"
2.2601030232101e-82,0.784185789285961,0.485,0.313,5.53838245837635e-78,"PROX1_endothelial","TOB1"
1.57187627428614e-54,0.783474937028437,0.255,0.138,3.85188281013819e-50,"PROX1_endothelial","PDE7B"
4.44532467210746e-72,0.783235828243636,0.459,0.302,1.08932681089993e-67,"PROX1_endothelial","PALM"
6.32870470289491e-82,0.772896312896296,0.538,0.377,1.5508490874444e-77,"PROX1_endothelial","FAM63B"
2.39049223130759e-130,0.768037428151282,0.69,0.484,5.85790121281925e-126,"PROX1_endothelial","HIPK2"
1.26767090187444e-100,0.762906205518847,0.752,0.563,3.10642754504332e-96,"PROX1_endothelial","STC1"
1.27886139792961e-62,0.761247808487091,0.405,0.26,3.13384985562651e-58,"PROX1_endothelial","CTTNBP2"
3.67318277726355e-52,0.758947818797559,0.299,0.177,9.00113439568432e-48,"PROX1_endothelial","CTDSPL"
5.62253672526649e-236,0.757190915929379,0.936,0.758,1.37780262452655e-231,"PROX1_endothelial","MCL1"
1.39405540414899e-77,0.753399368673176,0.476,0.299,3.4161327678671e-73,"PROX1_endothelial","HES4"
2.24447633630218e-35,0.752771596579848,0.259,0.162,5.5000892621085e-31,"PROX1_endothelial","TTN"
2.09321380454504e-10,0.747153739954726,0.282,0.236,5.12942042803761e-06,"PROX1_endothelial","NFATC1"
2.2089465302873e-61,0.740422360620962,0.436,0.289,5.41302347246903e-57,"PROX1_endothelial","CTHRC1"
6.75677139319732e-63,0.738590271230664,0.444,0.296,1.655746829903e-58,"PROX1_endothelial","SAMD9L"
1.93266150901644e-115,0.731532114311399,0.738,0.532,4.7359870278448e-111,"PROX1_endothelial","AKAP12"
3.49935232408543e-73,0.729245052268949,0.528,0.366,8.57516287017136e-69,"PROX1_endothelial","NDRG2"
3.49385458557507e-51,0.725278029690023,0.405,0.269,8.5616906619517e-47,"PROX1_endothelial","SLC2A1"
2.24412885384102e-71,0.725199217750707,0.577,0.433,5.49923775633741e-67,"PROX1_endothelial","EIF2AK2"
1.03964295097448e-98,0.722702679983786,0.729,0.552,2.54764505136295e-94,"PROX1_endothelial","ALDH1A2"
1.21247306281507e-66,0.716265834152749,0.482,0.327,2.97116524042832e-62,"PROX1_endothelial","SEMA6A"
3.69861640336387e-50,0.714370783066811,0.34,0.215,9.06345949644316e-46,"PROX1_endothelial","GSTM3"
2.80598164440572e-167,0.713919745083966,0.819,0.557,6.87605801961623e-163,"PROX1_endothelial","DKK3"
2.28803578791952e-137,0.712041805349609,0.734,0.524,5.6068316982968e-133,"PROX1_endothelial","PLPP3"
7.80681238436124e-71,0.70921834382566,0.585,0.422,1.91305937478772e-66,"PROX1_endothelial","PDLIM3"
2.63145557360398e-67,0.705169663640507,0.489,0.332,6.44838188311654e-63,"PROX1_endothelial","PTPRE"
3.50633038455687e-136,0.705077882012358,0.79,0.578,8.59226260735661e-132,"PROX1_endothelial","CYP1B1"
1.02732670100666e-116,0.70253760676658,0.665,0.448,2.51746408081681e-112,"PROX1_endothelial","STXBP6"
8.19676500191815e-89,0.698701892015016,0.517,0.327,2.00861726372004e-84,"PROX1_endothelial","FLRT2"
6.83409567694869e-52,0.698270436090446,0.408,0.275,1.67469514563628e-47,"PROX1_endothelial","ICE2"
1.4216896889756e-31,0.695775820807839,0.253,0.164,3.48385058283471e-27,"PROX1_endothelial","SCARB1"
6.60347342758414e-50,0.69573210575419,0.365,0.236,1.61818116342949e-45,"PROX1_endothelial","TCEA3"
1.40684134178676e-31,0.695509343720918,0.281,0.189,3.44746470804844e-27,"PROX1_endothelial","TUSC3"
4.88610310978905e-71,0.694430167171407,0.498,0.337,1.19733956705381e-66,"PROX1_endothelial","HMBOX1"
9.42474809678209e-44,0.694245522831177,0.312,0.199,2.30953452111645e-39,"PROX1_endothelial","DDX60"
9.43342016283677e-55,0.690458026552851,0.346,0.214,2.31165961090315e-50,"PROX1_endothelial","NPNT"
3.6520218917993e-109,0.690072694918739,0.727,0.523,8.94927964585418e-105,"PROX1_endothelial","FOXC2"
3.50561662956384e-61,0.689889618391436,0.381,0.234,8.59051355074619e-57,"PROX1_endothelial","ERAP2"
6.88307438414648e-51,0.688392819739756,0.459,0.331,1.68669737783509e-46,"PROX1_endothelial","STAT1"
5.17705882082818e-74,0.687771250357402,0.545,0.382,1.26863826404395e-69,"PROX1_endothelial","MAP3K1"
2.08428038436226e-76,0.684990939887472,0.746,0.615,5.10752908187973e-72,"PROX1_endothelial","HES1"
1.32409405320683e-32,0.684728649499435,0.262,0.169,3.24469247738335e-28,"PROX1_endothelial","KLHL9"
8.49324502522529e-54,0.682356538559518,0.39,0.253,2.08126969343146e-49,"PROX1_endothelial","ITSN1"
9.80472524994545e-71,0.673447415385871,0.541,0.386,2.40264792249913e-66,"PROX1_endothelial","SLC40A1"
1.07024301406107e-91,0.672013547386238,0.552,0.36,2.62263050595666e-87,"PROX1_endothelial","IGFBP3"
1.72961666654289e-48,0.669894199930505,0.388,0.257,4.23842564136335e-44,"PROX1_endothelial","CCNH"
2.59001819237965e-93,0.663691556689436,0.687,0.499,6.34683958042634e-89,"PROX1_endothelial","FXYD6"
2.51919695773708e-58,0.662841083046976,0.439,0.294,6.17329214493472e-54,"PROX1_endothelial","C21orf91"
4.45637273320983e-44,0.660401477636341,0.34,0.223,1.09203413827307e-39,"PROX1_endothelial","ARHGEF7"
2.1319629675915e-120,0.640479938661045,0.578,0.342,5.22437525208297e-116,"PROX1_endothelial","ACTA2"
9.15939101493276e-24,0.63644534167338,0.328,0.247,2.24450876820927e-19,"PROX1_endothelial","CDC42EP2"
5.77455021659042e-28,0.634020319264584,0.302,0.215,1.41505353057548e-23,"PROX1_endothelial","PARP9"
3.09527297437852e-30,0.633257057102499,0.293,0.2,7.58496642371457e-26,"PROX1_endothelial","GBP3"
3.73873475211583e-30,0.630220893627391,0.291,0.198,9.16176951005983e-26,"PROX1_endothelial","NRBF2"
4.89209374206693e-46,0.627626192480233,0.353,0.228,1.1988075714935e-41,"PROX1_endothelial","JUP"
6.5138702810915e-65,0.627242294307699,0.563,0.418,1.59622391238147e-60,"PROX1_endothelial","UBE2L6"
6.93040457904673e-88,0.625614158205789,0.726,0.586,1.6982956420954e-83,"PROX1_endothelial","ENTPD1"
3.72415375149777e-94,0.624022202278727,0.751,0.615,9.12603876804528e-90,"PROX1_endothelial","VGLL4"
3.16130463483448e-101,0.621249173457406,0.82,0.68,7.74677700766189e-97,"PROX1_endothelial","CALCRL"
2.8601942852067e-36,0.612774697610313,0.263,0.163,7.00890609589902e-32,"PROX1_endothelial","KIT"
3.75345807221031e-48,0.612757389940722,0.46,0.331,9.19784900595136e-44,"PROX1_endothelial","YIPF5"
8.41461853647211e-41,0.612553334651049,0.303,0.19,2.06200227236249e-36,"PROX1_endothelial","CTD-3179P9.1"
1.30555574617741e-58,0.608871566906691,0.521,0.376,3.19926435600775e-54,"PROX1_endothelial","ADD3"
4.84530056307175e-55,0.606514378364448,0.486,0.343,1.18734090298073e-50,"PROX1_endothelial","CWF19L2"
1.15063232638985e-65,0.60003215302774,0.586,0.438,2.81962451581833e-61,"PROX1_endothelial","TNFSF12"
1.61775829690665e-58,0.59978949983343,0.532,0.383,3.96431670656976e-54,"PROX1_endothelial","C17orf58"
2.39189449199346e-43,0.598407982501095,0.406,0.282,5.86133745262998e-39,"PROX1_endothelial","INO80C"
3.99857723628919e-36,0.595732786665995,0.432,0.32,9.79851351752665e-32,"PROX1_endothelial","PLXNA2"
5.95672084991711e-44,0.594846340422793,0.408,0.281,1.45969444427219e-39,"PROX1_endothelial","GPATCH2"
4.86375932618711e-192,0.594319664412311,0.962,0.886,1.19186422288215e-187,"PROX1_endothelial","SDCBP"
2.11203615692293e-31,0.593261670255543,0.327,0.229,5.17554460253965e-27,"PROX1_endothelial","IFI44"
2.98872720333686e-26,0.593202345570214,0.311,0.224,7.32387601177698e-22,"PROX1_endothelial","CAMK1"
1.26417343239986e-46,0.591717274238275,0.435,0.304,3.09785699609585e-42,"PROX1_endothelial","ST6GALNAC3"
2.89584489039254e-79,0.591425373757233,0.623,0.441,7.09626790390693e-75,"PROX1_endothelial","FAM188B"
1.36998999893503e-56,0.59129436877885,0.498,0.355,3.35716049239029e-52,"PROX1_endothelial","AR"
1.12675412976356e-36,0.589842053026685,0.337,0.228,2.7611109949856e-32,"PROX1_endothelial","GCNT2"
3.49664586133391e-199,0.589283430416747,0.951,0.85,8.56853068319875e-195,"PROX1_endothelial","ADGRF5"
5.0894016394315e-107,0.588688112761699,0.489,0.267,1.24715787174269e-102,"PROX1_endothelial","MYH11"
1.32184491529895e-29,0.586834915898938,0.299,0.207,3.23918096494007e-25,"PROX1_endothelial","LRP11"
1.20130955526082e-54,0.577707657438719,0.494,0.348,2.94380906516665e-50,"PROX1_endothelial","CHRM3"
9.86177230412607e-132,0.576230460925728,0.838,0.625,2.41662730312609e-127,"PROX1_endothelial","MYADM"
7.46312062598357e-32,0.575801972297199,0.298,0.201,1.82883770939728e-27,"PROX1_endothelial","LRRC16A"
1.26667496120188e-52,0.573007521753146,0.481,0.339,3.10398699242522e-48,"PROX1_endothelial","CLK1"
1.11264187162536e-36,0.571811930834495,0.319,0.21,2.72652890641793e-32,"PROX1_endothelial","FAM101B"
5.34774181695142e-27,0.57018715788709,0.293,0.206,1.31046413224395e-22,"PROX1_endothelial","CCNT1"
3.41876616704259e-31,0.568195187986002,0.388,0.289,8.37768649233787e-27,"PROX1_endothelial","TOB2"
6.04392572832987e-52,0.567075326163804,0.553,0.423,1.48106399972724e-47,"PROX1_endothelial","ZNF638"
3.42067220634684e-40,0.56463058461285,0.412,0.29,8.38235724165293e-36,"PROX1_endothelial","ATL2"
2.33231761338147e-45,0.563605936860139,0.507,0.378,5.71534431159129e-41,"PROX1_endothelial","THYN1"
3.55626592401384e-28,0.563423561273931,0.303,0.211,8.71462964679592e-24,"PROX1_endothelial","SH2B3"
3.99548399528898e-43,0.563210367057179,0.514,0.395,9.79093353045564e-39,"PROX1_endothelial","FZD6"
2.18084375061663e-170,0.56197162386704,0.936,0.867,5.34415761088606e-166,"PROX1_endothelial","ARHGAP29"
3.27373904646468e-65,0.560015663604054,0.677,0.545,8.02229753336171e-61,"PROX1_endothelial","MAGED2"
1.04044294481993e-36,0.558107026640924,0.409,0.295,2.54960543628123e-32,"PROX1_endothelial","NT5E"
2.56399509629941e-25,0.556280922034984,0.273,0.19,6.2830699834817e-21,"PROX1_endothelial","ZNF160"
1.34008781141214e-31,0.556215558937313,0.311,0.212,3.28388518186544e-27,"PROX1_endothelial","ABHD6"
6.21474600520794e-44,0.5540077604034,0.469,0.342,1.52292350857621e-39,"PROX1_endothelial","ILK"
4.66752222415441e-186,0.550958791563672,0.995,0.945,1.14377632102904e-181,"PROX1_endothelial","FOS"
5.55889959532935e-26,0.549599443273154,0.279,0.191,1.36220834583546e-21,"PROX1_endothelial","ATP9A"
2.6439944324864e-39,0.549092866933017,0.314,0.2,6.47910835680793e-35,"PROX1_endothelial","ARHGAP6"
8.31471252695276e-28,0.547935169168079,0.299,0.207,2.03752030472977e-23,"PROX1_endothelial","GOLGA8A"
5.46817887502308e-64,0.546920839163983,0.718,0.583,1.33997723332441e-59,"PROX1_endothelial","IGFBP2"
4.919384558946e-58,0.544986791979909,0.642,0.524,1.20549518616972e-53,"PROX1_endothelial","ODF2L"
7.27325325987302e-27,0.543245408470457,0.379,0.287,1.78231071133188e-22,"PROX1_endothelial","CREM"
2.04386892614047e-25,0.543171456146981,0.265,0.182,5.00850080350721e-21,"PROX1_endothelial","SLF2"
7.33306620809085e-31,0.541226639509963,0.361,0.259,1.79696787429266e-26,"PROX1_endothelial","DDX27"
1.91930142915614e-25,0.540382068824578,0.259,0.177,4.70324815214712e-21,"PROX1_endothelial","NEK3"
3.3925505497542e-95,0.54015800394857,0.76,0.545,8.31344512217266e-91,"PROX1_endothelial","CSRNP1"
6.89225232594503e-29,0.539832519403871,0.325,0.231,1.68894643247283e-24,"PROX1_endothelial","ANKRD36C"
8.59224719617489e-53,0.539813886472363,0.548,0.407,2.10553017542266e-48,"PROX1_endothelial","EPB41L2"
8.2147994169566e-80,0.536696650843609,0.772,0.642,2.01303659712522e-75,"PROX1_endothelial","KANK3"
1.32512172877291e-90,0.536480625350679,0.853,0.759,3.24721079635803e-86,"PROX1_endothelial","TPM4"
3.44631302364039e-31,0.535436848047235,0.335,0.234,8.44519006443078e-27,"PROX1_endothelial","CHST15"
1.28753836695161e-78,0.534416464321035,0.754,0.631,3.15511276821492e-74,"PROX1_endothelial","PPFIBP1"
1.91161041409769e-24,0.531305240363878,0.317,0.231,4.68440131974639e-20,"PROX1_endothelial","SMS"
1.7398555485436e-34,0.531019429825461,0.391,0.279,4.2635160217061e-30,"PROX1_endothelial","DDR2"
9.77903536447649e-201,0.529801944572841,0.972,0.924,2.39635261606496e-196,"PROX1_endothelial","EMCN"
8.26968525352501e-121,0.529683622838272,0.892,0.744,2.0264863713763e-116,"PROX1_endothelial","CFH"
5.42518698171961e-31,0.528652523205901,0.279,0.185,1.32944206987039e-26,"PROX1_endothelial","KLHL3"
1.70185922294623e-78,0.527423535693015,0.767,0.648,4.17040602582973e-74,"PROX1_endothelial","EPHX1"
1.32119368358468e-35,0.526491871905814,0.432,0.319,3.23758512162426e-31,"PROX1_endothelial","PROCR"
5.49194657376978e-20,0.526359157866455,0.309,0.235,1.34580150790229e-15,"PROX1_endothelial","IPO11"
5.39089333184064e-22,0.523139886034043,0.275,0.197,1.32103841096755e-17,"PROX1_endothelial","DLL1"
1.17224005071166e-100,0.523120194049438,0.831,0.683,2.87257424426893e-96,"PROX1_endothelial","NKTR"
7.68030906064523e-62,0.521664085829935,0.617,0.469,1.88205973531111e-57,"PROX1_endothelial","CCDC68"
1.18721549154202e-24,0.520116167009405,0.374,0.287,2.90927156202373e-20,"PROX1_endothelial","IFI35"
1.08840880870663e-23,0.518532927260811,0.285,0.201,2.6671457857356e-19,"PROX1_endothelial","TRIM2"
1.65206303061661e-42,0.51777493656555,0.52,0.406,4.04838045652601e-38,"PROX1_endothelial","SPATS2L"
2.10953225692372e-21,0.517136790967078,0.27,0.193,5.16940879559157e-17,"PROX1_endothelial","SUPT20H"
2.55118732423152e-25,0.510181939230606,0.291,0.204,6.25168453802935e-21,"PROX1_endothelial","SEPT6"
1.84903706723235e-36,0.509988772385696,0.412,0.298,4.53106533325288e-32,"PROX1_endothelial","RXRA"
7.68062593911777e-34,0.509487341085591,0.414,0.302,1.88213738638081e-29,"PROX1_endothelial","EPN2"
3.59661305616668e-52,0.507903246919893,0.772,0.652,8.81350029413645e-48,"PROX1_endothelial","MARCKSL1"
4.69642956816969e-31,0.506693809316642,0.42,0.317,1.15086006567998e-26,"PROX1_endothelial","ERGIC2"
1.12881898430616e-23,0.503269535803062,0.315,0.23,2.76617092104224e-19,"PROX1_endothelial","CMC1"
4.43449633355128e-33,0.502381140143195,0.432,0.327,1.08667332653674e-28,"PROX1_endothelial","ITGA9"
1.91160270732191e-28,0.501461452972299,0.265,0.175,4.68438243429234e-24,"PROX1_endothelial","SMAD7"
2.13783523694641e-21,0.499271045972033,0.252,0.177,5.23876524813717e-17,"PROX1_endothelial","CRNKL1"
6.95617270843496e-44,0.499106340832295,0.477,0.346,1.70461012220199e-39,"PROX1_endothelial","PCAT19"
2.72653399923001e-150,0.497481658488431,0.981,0.945,6.68137156511314e-146,"PROX1_endothelial","PLAT"
6.10022072156929e-28,0.497430144737941,0.365,0.268,1.49485908782056e-23,"PROX1_endothelial","ZFYVE16"
5.44961575415348e-37,0.494096414716498,0.484,0.368,1.33542834055531e-32,"PROX1_endothelial","REV3L"
3.35494738326847e-22,0.493794743444486,0.401,0.319,8.22129856269939e-18,"PROX1_endothelial","PCDH17"
1.09453874163872e-22,0.492259156287712,0.297,0.215,2.68216718638568e-18,"PROX1_endothelial","ZMAT1"
1.29831069919012e-31,0.492074032454202,0.384,0.277,3.18151036836539e-27,"PROX1_endothelial","CMTM3"
1.74485597777667e-27,0.491932524877091,0.398,0.298,4.27576957354173e-23,"PROX1_endothelial","PIK3R1"
1.38743066713791e-19,0.490322721389172,0.277,0.203,3.39989884982146e-15,"PROX1_endothelial","CHORDC1"
8.84908517630546e-54,0.486798004839858,0.646,0.508,2.16846832245365e-49,"PROX1_endothelial","MPDZ"
6.85961166964206e-24,0.483876174555665,0.288,0.204,1.68094783964579e-19,"PROX1_endothelial","ECHDC2"
1.7637232253711e-27,0.483182787626638,0.365,0.267,4.32200376377189e-23,"PROX1_endothelial","SCAPER"
1.03037397052753e-24,0.482681835192641,0.294,0.208,2.52493141477771e-20,"PROX1_endothelial","ZNF91"
1.92663729208602e-107,0.482413667271237,0.637,0.404,4.72122468425679e-103,"PROX1_endothelial","TPM2"
1.07635538386521e-19,0.479240389646274,0.273,0.199,2.6376088681617e-15,"PROX1_endothelial","MRFAP1L1"
7.75813531224275e-22,0.478996059101026,0.268,0.189,1.90113105826508e-17,"PROX1_endothelial","CREBZF"
2.21394251008841e-19,0.478262362843368,0.336,0.26,5.42526612097164e-15,"PROX1_endothelial","RASSF1"
7.8839900357013e-117,0.477837853055246,0.906,0.787,1.9319717582486e-112,"PROX1_endothelial","NR2F2"
4.31870099762688e-36,0.477318937026432,0.441,0.327,1.05829767946847e-31,"PROX1_endothelial","SRPK2"
1.84873790463626e-18,0.475708480218661,0.277,0.206,4.53033223531116e-14,"PROX1_endothelial","KIAA0232"
1.01137418850405e-27,0.474632257893823,0.43,0.331,2.47837244892917e-23,"PROX1_endothelial","CHD2"
6.09941001814239e-28,0.474151833028842,0.337,0.241,1.49466042494579e-23,"PROX1_endothelial","FAM73A"
8.70743889610998e-13,0.472141417797021,0.267,0.212,2.13375790149175e-08,"PROX1_endothelial","TGFB1I1"
8.63499932369524e-25,0.471602484341043,0.331,0.241,2.11600658427152e-20,"PROX1_endothelial","NINJ1"
2.85626904683132e-34,0.471224692583205,0.509,0.398,6.99928729926014e-30,"PROX1_endothelial","ZNF24"
8.594111313467e-77,0.467605223528641,0.753,0.602,2.10598697736509e-72,"PROX1_endothelial","NUDT4"
8.87451889123243e-19,0.467078684120684,0.289,0.216,2.17470085429651e-14,"PROX1_endothelial","AZI2"
1.93699259072116e-28,0.466812894806366,0.534,0.442,4.74660034356219e-24,"PROX1_endothelial","PARP14"
1.80786847848628e-23,0.466288012795658,0.294,0.208,4.43018170653063e-19,"PROX1_endothelial","RFTN2"
7.60764432317576e-25,0.464809197670496,0.408,0.317,1.86425324139422e-20,"PROX1_endothelial","CLDND1"
1.79508600715696e-28,0.464413373025917,0.414,0.316,4.39885826053814e-24,"PROX1_endothelial","PLIN2"
9.80568930022262e-18,0.463719053343241,0.298,0.227,2.40288416301955e-13,"PROX1_endothelial","PDZD8"
2.1648146130105e-19,0.463614079765384,0.258,0.185,5.30487820918223e-15,"PROX1_endothelial","SCNN1B"
1.2537692509988e-29,0.462581143880251,0.403,0.297,3.07236154957257e-25,"PROX1_endothelial","MEDAG"
6.26298909994223e-48,0.462337911676963,0.772,0.669,1.53474547894084e-43,"PROX1_endothelial","DUSP6"
5.916139538338e-139,0.461204289860495,0.967,0.912,1.44974999386973e-134,"PROX1_endothelial","CLEC14A"
9.716676166614e-19,0.459389370512426,0.354,0.28,2.38107149462876e-14,"PROX1_endothelial","APOA1BP"
3.00519585140866e-24,0.457695003841149,0.354,0.263,7.36423243387691e-20,"PROX1_endothelial","RAB8B"
3.58245709057388e-18,0.457525471309751,0.283,0.212,8.77881110045129e-14,"PROX1_endothelial","CHD7"
1.54264457681912e-20,0.457219496014337,0.257,0.181,3.78025053549525e-16,"PROX1_endothelial","BOC"
1.18884448065901e-82,0.457143486769993,0.804,0.636,2.9132633998549e-78,"PROX1_endothelial","CCL14"
9.58381129857289e-44,0.456125673793434,0.609,0.493,2.34851295871529e-39,"PROX1_endothelial","GCC2"
2.77989166283787e-30,0.454317174026589,0.385,0.277,6.81212451978421e-26,"PROX1_endothelial","TCEAL2"
1.25597456472356e-21,0.453347501042587,0.36,0.276,3.07776567085508e-17,"PROX1_endothelial","USP33"
9.72468921936865e-39,0.453045980337544,0.579,0.464,2.38303509320629e-34,"PROX1_endothelial","SNRK"
1.06182432535606e-30,0.452316984347388,0.471,0.359,2.60200050928502e-26,"PROX1_endothelial","HHEX"
2.45567048069071e-25,0.451032991967502,0.427,0.333,6.01762051293258e-21,"PROX1_endothelial","IRAK3"
6.06049453736465e-40,0.450096488717035,0.588,0.476,1.48512418638121e-35,"PROX1_endothelial","TRIP11"
2.9204652476212e-89,0.449668882899651,0.857,0.711,7.15660008929575e-85,"PROX1_endothelial","PRCP"
5.45897021800784e-75,0.447831514654051,0.658,0.469,1.33772065192282e-70,"PROX1_endothelial","MAFB"
1.07277751261928e-22,0.446760526197268,0.338,0.253,2.62884129467356e-18,"PROX1_endothelial","PPIE"
1.80860089752287e-33,0.446556990326074,0.526,0.415,4.4319764993798e-29,"PROX1_endothelial","OTUD6B-AS1"
1.33081285046857e-28,0.446381290955282,0.469,0.365,3.26115689007324e-24,"PROX1_endothelial","ZCCHC11"
4.37807007887135e-15,0.445709953171811,0.384,0.322,1.07284607282742e-10,"PROX1_endothelial","VASP"
7.4834450567415e-37,0.445163420018072,0.544,0.428,1.8338182111545e-32,"PROX1_endothelial","NDUFA3"
7.31158051391707e-75,0.44215514257029,0.677,0.514,1.79170280493538e-70,"PROX1_endothelial","APOD"
7.96877225911613e-15,0.442035793322342,0.296,0.233,1.95274764209641e-10,"PROX1_endothelial","CCND2"
3.7593651309942e-34,0.440373745436096,0.516,0.403,9.21232425350129e-30,"PROX1_endothelial","VPS36"
1.25826075812727e-78,0.44032944412113,0.768,0.612,3.08336798779087e-74,"PROX1_endothelial","ICAM2"
1.70481933013912e-19,0.440096698581134,0.395,0.319,4.17765976850591e-15,"PROX1_endothelial","UBA2"
3.08391959702477e-36,0.439258600360539,0.544,0.429,7.55714497250921e-32,"PROX1_endothelial","MRPL51"
2.53570388136784e-40,0.438120632156293,0.604,0.489,6.21374236129189e-36,"PROX1_endothelial","BORCS7"
3.11203188395077e-15,0.437619104264795,0.256,0.193,7.62603413162137e-11,"PROX1_endothelial","IVNS1ABP"
1.31514344267829e-20,0.437465091029558,0.303,0.222,3.22275900628315e-16,"PROX1_endothelial","POLR2J3"
5.81174345740169e-29,0.435903340867469,0.498,0.4,1.42416773423628e-24,"PROX1_endothelial","C5orf24"
5.76700405825759e-19,0.435561745995191,0.265,0.192,1.41320434447602e-14,"PROX1_endothelial","ANKRD26"
2.87655272777463e-26,0.43494364004127,0.452,0.358,7.04899245941174e-22,"PROX1_endothelial","PPIL4"
1.47684488447334e-47,0.433853445630378,0.679,0.561,3.61900838940193e-43,"PROX1_endothelial","MDFIC"
4.60086949301435e-31,0.433354301673397,0.488,0.378,1.12744306926317e-26,"PROX1_endothelial","BEX4"
2.3298220253247e-23,0.433325197554459,0.25,0.169,5.70922887305817e-19,"PROX1_endothelial","PDE1A"
6.37983476406776e-28,0.433227726986415,0.44,0.337,1.56337850893481e-23,"PROX1_endothelial","TM2D3"
8.44083856913069e-22,0.432144970883846,0.296,0.213,2.06842749136548e-17,"PROX1_endothelial","MTSS1"
1.68982097582408e-18,0.430884068297397,0.265,0.194,4.14090630125691e-14,"PROX1_endothelial","RUFY2"
4.63061864920352e-24,0.430698291020943,0.364,0.274,1.13473309998732e-19,"PROX1_endothelial","AC090498.1"
5.50911186571349e-19,0.429964540203602,0.273,0.197,1.35000786269309e-14,"PROX1_endothelial","ERMP1"
9.91126041506998e-18,0.429803678266455,0.619,0.561,2.4287543647129e-13,"PROX1_endothelial","FMO2"
4.53523603448846e-25,0.428418577633476,0.449,0.357,1.1113595902514e-20,"PROX1_endothelial","C21orf59"
3.14170648878206e-53,0.428357557445655,0.92,0.858,7.69875175076044e-49,"PROX1_endothelial","EGFL7"
1.14727531893127e-35,0.427871816463189,0.6,0.493,2.81139816904108e-31,"PROX1_endothelial","TSPAN18"
1.20217224174299e-39,0.427209005460026,0.643,0.541,2.94592307839119e-35,"PROX1_endothelial","NUDT3"
2.27278416814233e-17,0.42720330961788,0.276,0.205,5.56945760403279e-13,"PROX1_endothelial","SNAPC1"
3.99674989920106e-25,0.427136106743781,0.421,0.326,9.79403562799219e-21,"PROX1_endothelial","COPA"
2.86759567212632e-17,0.42703549497232,0.325,0.253,7.02704319454554e-13,"PROX1_endothelial","CWC22"
3.1465355744128e-55,0.426780087684954,0.773,0.675,7.71058542509857e-51,"PROX1_endothelial","ARL4A"
1.72017671383468e-33,0.42647344950568,0.593,0.486,4.21529303725189e-29,"PROX1_endothelial","ECH1"
2.68049982798605e-19,0.426153788177551,0.274,0.198,6.5685648284798e-15,"PROX1_endothelial","IL15RA"
4.07602716794499e-45,0.426060963354774,0.771,0.659,9.98830457504919e-41,"PROX1_endothelial","GRASP"
2.51548115704375e-12,0.423438158587576,0.356,0.3,6.16418657533571e-08,"PROX1_endothelial","USP53"
1.8319998485042e-18,0.42337019415753,0.379,0.301,4.48931562875954e-14,"PROX1_endothelial","NME4"
1.23195224034011e-17,0.423230288908755,0.26,0.19,3.01889896495345e-13,"PROX1_endothelial","TEAD2"
2.65047214473205e-25,0.423198266045202,0.404,0.308,6.4949819906659e-21,"PROX1_endothelial","ATF7IP"
3.99342279998842e-38,0.423000943615384,0.632,0.511,9.78588257137162e-34,"PROX1_endothelial","ENDOD1"
1.12287385724645e-27,0.422964775420031,0.44,0.337,2.75160238718244e-23,"PROX1_endothelial","PCYOX1"
1.17206458076088e-42,0.422436984790999,0.653,0.534,2.87214425515455e-38,"PROX1_endothelial","TCN2"
9.40119606520731e-16,0.420830932329478,0.274,0.207,2.30376309577905e-11,"PROX1_endothelial","ESCO1"
2.0539703591917e-17,0.420521163613896,0.281,0.209,5.03325436519926e-13,"PROX1_endothelial","UBR2"
3.45068985783836e-20,0.420516379914667,0.326,0.246,8.45591549663291e-16,"PROX1_endothelial","UFSP2"
1.69569057119617e-19,0.418526775249035,0.405,0.327,4.15528974471622e-15,"PROX1_endothelial","FYN"
1.87293314450566e-77,0.418199155775313,0.866,0.784,4.58962267061111e-73,"PROX1_endothelial","N4BP2L2"
1.46937073167247e-38,0.417914822416604,0.626,0.51,3.6006929779634e-34,"PROX1_endothelial","LUC7L3"
1.37353611612512e-37,0.416929488049476,0.568,0.446,3.3658502525646e-33,"PROX1_endothelial","CDKN1C"
1.73816184436696e-18,0.416213697100827,0.313,0.237,4.25936559962124e-14,"PROX1_endothelial","GPATCH2L"
1.45484964792099e-10,0.415036220377362,0.254,0.204,3.56510906223038e-06,"PROX1_endothelial","SLC25A24"
4.89529789012244e-77,0.413735026431131,0.904,0.849,1.1995927479745e-72,"PROX1_endothelial","IFI27"
1.79421774432717e-44,0.413601203819871,0.697,0.572,4.39673058247374e-40,"PROX1_endothelial","PPP1CB"
2.32839619672258e-49,0.413269085073704,0.744,0.62,5.70573488006868e-45,"PROX1_endothelial","RBP7"
9.68695393339079e-16,0.412792908305951,0.252,0.188,2.37378806137741e-11,"PROX1_endothelial","YTHDC2"
5.6295920943054e-15,0.412492240865105,0.279,0.214,1.37953154270954e-10,"PROX1_endothelial","RCBTB2"
2.55700775626577e-18,0.410754465143649,0.334,0.26,6.26594750672926e-14,"PROX1_endothelial","TRAPPC4"
3.46849466407849e-15,0.410461617533519,0.258,0.195,8.49954617432433e-11,"PROX1_endothelial","LRRC58"
2.17037637106082e-19,0.409627372901889,0.378,0.294,5.31850729728454e-15,"PROX1_endothelial","C12orf75"
2.22569897552289e-13,0.409347574794351,0.257,0.198,5.45407533951883e-09,"PROX1_endothelial","RAD50"
1.36319799946362e-19,0.408819429048193,0.376,0.295,3.3405166976856e-15,"PROX1_endothelial","PHF1"
1.42001771075115e-11,0.408674034764851,0.254,0.201,3.4797534001957e-07,"PROX1_endothelial","AKIRIN2"
1.07930821963062e-23,0.405621494230121,0.443,0.352,2.64484479220482e-19,"PROX1_endothelial","PRPF38A"
3.27144925599093e-20,0.405580691402668,0.346,0.265,8.01668640180578e-16,"PROX1_endothelial","ZC3H6"
4.19056760306183e-15,0.404498570339513,0.323,0.259,1.0268985911303e-10,"PROX1_endothelial","ARL8A"
1.54351005214141e-12,0.404407148693504,0.254,0.198,3.78237138277252e-08,"PROX1_endothelial","UTP6"
2.38665347140228e-40,0.403706972866297,0.581,0.458,5.8484943316713e-36,"PROX1_endothelial","ZRANB2"
1.04263325253938e-28,0.403165082727094,0.518,0.417,2.55497278534774e-24,"PROX1_endothelial","DOCK4"
6.24878376318174e-30,0.40270089690125,0.512,0.409,1.53126446116769e-25,"PROX1_endothelial","NR3C1"
4.70159804849098e-16,0.402227769865225,0.294,0.224,1.15212660178271e-11,"PROX1_endothelial","STARD3NL"
2.3227605007295e-20,0.40199784020041,0.401,0.318,5.69192460703764e-16,"PROX1_endothelial","CDC42EP1"
4.88236945018949e-35,0.40072179556832,0.631,0.518,1.19642463376893e-30,"PROX1_endothelial","HEBP1"
2.54063605576296e-16,0.400085678020481,0.317,0.245,6.22582865464712e-12,"PROX1_endothelial","EFR3A"
9.31684383134466e-13,0.39872172599088,0.328,0.266,2.28309258087101e-08,"PROX1_endothelial","H1F0"
2.4900566932886e-14,0.398586245458191,0.275,0.212,6.1018839269037e-10,"PROX1_endothelial","SFT2D1"
9.70759876286918e-19,0.398089734579452,0.395,0.317,2.37884707684109e-14,"PROX1_endothelial","FRA10AC1"
2.76414431949778e-69,0.397396808901373,0.892,0.766,6.7735356549293e-65,"PROX1_endothelial","RAMP3"
1.37444089228426e-24,0.396866152811268,0.482,0.392,3.36806740654258e-20,"PROX1_endothelial","PAFAH1B1"
2.53213904528884e-92,0.396084643314297,0.927,0.825,6.20500673048031e-88,"PROX1_endothelial","PODXL"
1.87327679005341e-26,0.39576064775522,0.486,0.387,4.59046477402587e-22,"PROX1_endothelial","SPOP"
1.01844986691868e-16,0.395682475814802,0.323,0.249,2.49571139888423e-12,"PROX1_endothelial","MFAP1"
1.43593625937729e-28,0.395533071835824,0.442,0.336,3.51876180360404e-24,"PROX1_endothelial","RBM5"
1.13853787098389e-14,0.394870346989346,0.307,0.241,2.78998705284602e-10,"PROX1_endothelial","NAB1"
4.38382530720595e-68,0.394184772114284,0.775,0.629,1.07425639153082e-63,"PROX1_endothelial","TPM1"
2.05524656612103e-59,0.392467910303254,0.929,0.886,5.03638171027959e-55,"PROX1_endothelial","BTG1"
3.53999334468533e-33,0.392126184833195,0.629,0.527,8.6747536911514e-29,"PROX1_endothelial","ROCK2"
6.02174538626125e-41,0.392035085039872,0.707,0.612,1.47562870690332e-36,"PROX1_endothelial","DDX18"
5.41557056773027e-29,0.391965533066123,0.414,0.308,1.3270855676223e-24,"PROX1_endothelial","NID1"
2.03566701306797e-16,0.391608953874353,0.3,0.231,4.98840201552307e-12,"PROX1_endothelial","SEC22C"
4.23316577496193e-40,0.390535173758632,0.655,0.547,1.03733727315442e-35,"PROX1_endothelial","TROVE2"
3.60230004824493e-14,0.390405152263984,0.263,0.201,8.82743626822419e-10,"PROX1_endothelial","CPQ"
7.90871676900613e-17,0.389518365586696,0.369,0.296,1.93803104424495e-12,"PROX1_endothelial","SDF2"
6.36159448313163e-15,0.389199821107728,0.268,0.204,1.55890872809141e-10,"PROX1_endothelial","ANKS1A"
1.0384290895433e-13,0.38901052827917,0.294,0.233,2.54467048392586e-09,"PROX1_endothelial","STXBP1"
1.6082460522157e-16,0.388946379986996,0.317,0.246,3.94100695095456e-12,"PROX1_endothelial","ACADM"
3.88033343183085e-17,0.388890668263537,0.313,0.239,9.50875707470151e-13,"PROX1_endothelial","ZMYM2"
1.1527349823126e-16,0.388012370946874,0.277,0.205,2.82477707415702e-12,"PROX1_endothelial","ARHGAP20"
1.70451373120543e-19,0.387530029390326,0.348,0.266,4.17691089831892e-15,"PROX1_endothelial","CHCHD10"
5.19449779142096e-12,0.387157401841514,0.284,0.228,1.27291168378771e-07,"PROX1_endothelial","SPIN1"
9.28216822649879e-25,0.387134517080123,0.46,0.362,2.27459532390353e-20,"PROX1_endothelial","PER1"
7.81518703737412e-37,0.386893298953994,0.677,0.579,1.91511158350853e-32,"PROX1_endothelial","CCDC47"
1.98632518389237e-26,0.386796773394221,0.473,0.376,4.86748986312824e-22,"PROX1_endothelial","CENPC"
2.52580879966199e-29,0.386620105983666,0.57,0.461,6.1894944635717e-25,"PROX1_endothelial","FSTL1"
5.11123327272009e-19,0.386617029401305,0.421,0.341,1.25250771348006e-14,"PROX1_endothelial","XIAP"
8.17452562137105e-14,0.385176877819519,0.258,0.197,2.00316750351698e-09,"PROX1_endothelial","CASD1"
3.21642671029308e-132,0.385052399095537,0.993,0.982,7.88185365357319e-128,"PROX1_endothelial","ACTB"
2.29283368420295e-16,0.384450571153509,0.333,0.262,5.61858894313933e-12,"PROX1_endothelial","CDK13"
1.77301562984953e-20,0.384206011727395,0.452,0.364,4.34477480094626e-16,"PROX1_endothelial","IKBIP"
7.48155013083387e-52,0.383656052870176,0.786,0.678,1.83335385956084e-47,"PROX1_endothelial","LHFP"
7.14325148317517e-35,0.383513967442426,0.671,0.585,1.75045377595207e-30,"PROX1_endothelial","ASAP1"
2.09589124452905e-33,0.383444791662414,0.604,0.495,5.13598149471843e-29,"PROX1_endothelial","SCARB2"
7.53278438509289e-15,0.383302340446773,0.288,0.221,1.84590881356701e-10,"PROX1_endothelial","B4GAT1"
1.60438767126713e-11,0.383018125556239,0.27,0.215,3.93155198844009e-07,"PROX1_endothelial","MRPL19"
4.78139675429072e-15,0.382825455694928,0.322,0.255,1.17168127463894e-10,"PROX1_endothelial","CKLF"
1.91414437255207e-14,0.38256721891967,0.267,0.204,4.69061078493886e-10,"PROX1_endothelial","GGPS1"
2.37596679218793e-20,0.382188423087451,0.435,0.35,5.82230662425653e-16,"PROX1_endothelial","GNA11"
3.83878339936423e-153,0.380767417858341,0.999,0.995,9.40693872014204e-149,"PROX1_endothelial","CLU"
3.0858133334689e-16,0.380741222629269,0.35,0.279,7.56178557366554e-12,"PROX1_endothelial","C14orf119"
4.61147880073287e-16,0.380308087453838,0.676,0.614,1.13004288011959e-11,"PROX1_endothelial","FAM107A"
3.91339721310392e-74,0.379748918382151,0.592,0.386,9.58977987071116e-70,"PROX1_endothelial","ACKR4"
5.43028489988713e-15,0.37963747337101,0.252,0.187,1.33069131471734e-10,"PROX1_endothelial","CAPN7"
5.85240883120057e-13,0.378629302254094,0.264,0.205,1.4341327840857e-08,"PROX1_endothelial","MORC3"
1.14962096925064e-21,0.378464743315447,0.414,0.327,2.8171461851487e-17,"PROX1_endothelial","CDKN1B"
1.33393635739091e-17,0.378048261125603,0.365,0.289,3.26881104378642e-13,"PROX1_endothelial","COPB2"
8.2729563346653e-25,0.377924495173975,0.502,0.408,2.02728794980973e-20,"PROX1_endothelial","MTIF3"
6.37814826702724e-16,0.377894474220305,0.317,0.247,1.56296523283502e-11,"PROX1_endothelial","TPBG"
4.66828239002997e-15,0.377708550158934,0.31,0.243,1.14396259967684e-10,"PROX1_endothelial","ZC3H14"
5.02986500307014e-26,0.377173293158789,0.516,0.419,1.23256841900234e-21,"PROX1_endothelial","TECR"
1.49804875937381e-14,0.377040999058677,0.301,0.234,3.67096848484551e-10,"PROX1_endothelial","TLR4"
5.64263682074833e-26,0.375668487639801,0.56,0.465,1.38272815292438e-21,"PROX1_endothelial","IDS"
1.41114762877822e-28,0.373452742425913,0.543,0.44,3.45801726432103e-24,"PROX1_endothelial","PKN2"
8.4720835295184e-20,0.373175726298239,0.326,0.244,2.07608406890848e-15,"PROX1_endothelial","RNPC3"
1.07413447377392e-17,0.372996477789337,0.376,0.301,2.632166527983e-13,"PROX1_endothelial","UNC50"
1.3708045168994e-41,0.372678660230543,0.714,0.608,3.35915646866199e-37,"PROX1_endothelial","FAM198B"
1.01812203331655e-15,0.372603140887013,0.439,0.371,2.4949080426422e-11,"PROX1_endothelial","ZFR"
1.28648634793293e-38,0.37198134773302,0.681,0.57,3.15253479560965e-34,"PROX1_endothelial","DDX3Y"
4.05643744951719e-20,0.370488882635928,0.425,0.343,9.94029997004187e-16,"PROX1_endothelial","BLCAP"
2.15214908337375e-13,0.370124787693876,0.34,0.278,5.27384132880738e-09,"PROX1_endothelial","KIAA0141"
1.23148013299265e-64,0.369906879842108,0.839,0.715,3.01774206589849e-60,"PROX1_endothelial","MARCKS"
2.17616496530245e-15,0.369854956063443,0.425,0.354,5.33269224747366e-11,"PROX1_endothelial","TMEM9B"
1.10417731008465e-37,0.369438371829371,0.679,0.581,2.70578649836243e-33,"PROX1_endothelial","PURA"
3.48735544216711e-12,0.368837024518877,0.307,0.248,8.5457645110305e-08,"PROX1_endothelial","TMEM159"
4.17762354234472e-24,0.368704254611314,0.484,0.388,1.02372664905157e-19,"PROX1_endothelial","RARRES3"
5.49649639866089e-21,0.368655633010505,0.462,0.378,1.34691644249185e-16,"PROX1_endothelial","CREG1"
1.65025614022577e-13,0.368438245538631,0.344,0.28,4.04395267162326e-09,"PROX1_endothelial","GRINA"
8.56554110372609e-19,0.368167433054885,0.291,0.214,2.09898584746808e-14,"PROX1_endothelial","SHPRH"
7.65017381244618e-09,0.367656715636029,0.284,0.237,0.000187467509273994,"PROX1_endothelial","GNPTG"
2.1071949253283e-13,0.367652638426399,0.319,0.258,5.16368116451699e-09,"PROX1_endothelial","EIF1AY"
1.18039443975964e-18,0.367564276929612,0.415,0.333,2.89255657463099e-14,"PROX1_endothelial","UFL1"
6.64660998260449e-12,0.367258986183139,0.261,0.205,1.62875177623723e-07,"PROX1_endothelial","STX17"
3.53732610133438e-18,0.367034794326162,0.334,0.257,8.66821761131991e-14,"PROX1_endothelial","HMGXB4"
2.19236965496806e-16,0.36695484723376,0.322,0.25,5.37240183949923e-12,"PROX1_endothelial","LUC7L"
2.21089080405329e-11,0.366852374655788,0.268,0.214,5.41778791533259e-07,"PROX1_endothelial","DHRS4L2"
1.83962599460983e-16,0.366833622922533,0.307,0.234,4.50800349979139e-12,"PROX1_endothelial","FAM129A"
2.32394986162673e-16,0.366613864695279,0.301,0.229,5.69483913591631e-12,"PROX1_endothelial","CAMKK2"
4.6746629490704e-11,0.366199177774468,0.266,0.214,1.1455261556697e-06,"PROX1_endothelial","POLR2M"
2.02504556401689e-16,0.366017092821069,0.388,0.314,4.96237415462338e-12,"PROX1_endothelial","CUL5"
1.03410556251792e-13,0.365264412063781,0.257,0.197,2.53407568095016e-09,"PROX1_endothelial","THUMPD3-AS1"
4.4482952244765e-20,0.364225306472922,0.441,0.358,1.09005474475797e-15,"PROX1_endothelial","MARCH7"
2.1453222852671e-49,0.362672818562186,0.783,0.697,5.25711226004703e-45,"PROX1_endothelial","MEF2C"
1.65559462136405e-10,0.361869005280615,0.304,0.252,4.0570346196526e-06,"PROX1_endothelial","JOSD1"
4.06299280805017e-23,0.361391193690807,0.558,0.475,9.95636387612694e-19,"PROX1_endothelial","SNRPN"
2.42519928298986e-34,0.361335654795529,0.632,0.529,5.94295084296665e-30,"PROX1_endothelial","BNIP3L"
2.7408547474184e-103,0.361181861583016,0.957,0.875,6.71646455854878e-99,"PROX1_endothelial","SEPW1"
5.23448465312107e-13,0.36050939377194,0.323,0.262,1.28271046424732e-08,"PROX1_endothelial","FIP1L1"
1.97928335361447e-31,0.360359155111497,0.563,0.44,4.85023385803226e-27,"PROX1_endothelial","SPINT2"
1.844965095136e-19,0.36032697319091,0.339,0.257,4.52108696563077e-15,"PROX1_endothelial","DLL4"
7.00190639740866e-34,0.360303042449565,0.635,0.534,1.71581716268499e-29,"PROX1_endothelial","BAZ2B"
8.06651828176377e-16,0.360278315292931,0.396,0.323,1.97670030494621e-11,"PROX1_endothelial","ATXN3"
5.98162773909451e-27,0.360254883375875,0.575,0.483,1.46579787746511e-22,"PROX1_endothelial","PPP1R12A"
1.1189578841369e-14,0.36007741350122,0.348,0.282,2.74200629507748e-10,"PROX1_endothelial","USP48"
7.3221040982052e-16,0.359774836924474,0.27,0.201,1.79428160926518e-11,"PROX1_endothelial","CSAD"
2.57388993151293e-22,0.359270661346696,0.428,0.336,6.30731727717243e-18,"PROX1_endothelial","PIAS1"
2.21365534152746e-35,0.358485888942362,0.728,0.655,5.42456241441305e-31,"PROX1_endothelial","AKAP9"
1.2229355493249e-33,0.357473489774415,0.634,0.535,2.99680356362066e-29,"PROX1_endothelial","RAB14"
3.15028970837933e-26,0.357438736279256,0.507,0.404,7.71978493038355e-22,"PROX1_endothelial","PRMT2"
2.14541329621388e-28,0.35684324527064,0.672,0.586,5.25733528237212e-24,"PROX1_endothelial","SELK"
1.8970367542755e-29,0.356730740851267,0.658,0.566,4.64868856635211e-25,"PROX1_endothelial","PRKAR1A"
7.5426239523395e-15,0.356180426954451,0.28,0.213,1.84831999952079e-10,"PROX1_endothelial","MTF2"
9.04232937238775e-13,0.355851365679005,0.272,0.21,2.21582281270362e-08,"PROX1_endothelial","BEX5"
7.92625858096274e-19,0.355487782653848,0.438,0.358,1.94232966526492e-14,"PROX1_endothelial","SPG20"
2.35294253835773e-19,0.355233490321089,0.474,0.392,5.76588569024563e-15,"PROX1_endothelial","TNFAIP1"
4.11363839138455e-31,0.355031763669502,0.653,0.56,1.00804708780878e-26,"PROX1_endothelial","DHRS7"
6.69515414050034e-11,0.354896573011345,0.252,0.199,1.64064752212961e-06,"PROX1_endothelial","ARMC1"
1.07732297593072e-19,0.354353386084978,0.382,0.298,2.63997995251823e-15,"PROX1_endothelial","TOR1AIP1"
2.5797069426944e-18,0.353001400655821,0.397,0.317,6.32157186307263e-14,"PROX1_endothelial","GOSR1"
3.68147005689169e-41,0.352504644925625,0.783,0.698,9.02144237441308e-37,"PROX1_endothelial","DUT"
3.51481709558165e-12,0.352444744758053,0.316,0.255,8.61305929272283e-08,"PROX1_endothelial","ZBED6"
2.75423490443053e-77,0.352098026312913,0.948,0.892,6.749252633307e-73,"PROX1_endothelial","TSC22D1"
1.11937410574093e-11,0.351385248505943,0.305,0.248,2.74302624611814e-07,"PROX1_endothelial","ZSWIM7"
1.75615401534713e-14,0.351121846121872,0.325,0.258,4.30345541460815e-10,"PROX1_endothelial","EPS15"
1.66515615265375e-12,0.350961156003235,0.32,0.259,4.08046515207803e-08,"PROX1_endothelial","GNB4"
9.5056927253629e-75,0.350008811132192,0.943,0.899,2.32937000235018e-70,"PROX1_endothelial","SEC62"
4.94986652647395e-34,0.349760879215232,0.712,0.622,1.21296479231244e-29,"PROX1_endothelial","PCM1"
4.24142214553862e-14,0.349095313167761,0.258,0.195,1.03936049676424e-09,"PROX1_endothelial","THAP5"
8.39787679703348e-17,0.349033225588114,0.363,0.288,2.05789970911306e-12,"PROX1_endothelial","POGZ"
1.41611915783653e-15,0.348623913088381,0.316,0.245,3.47019999627843e-11,"PROX1_endothelial","MRPS31"
1.23901662935405e-19,0.348246519948371,0.446,0.364,3.03621025023211e-15,"PROX1_endothelial","TCEAL8"
2.40783200191374e-14,0.347548017303743,0.303,0.238,5.90039232068963e-10,"PROX1_endothelial","DDX50"
7.10296474369451e-23,0.346813664640718,0.458,0.365,1.74058151044234e-18,"PROX1_endothelial","CBX5"
6.35678683165965e-85,0.34652461432425,0.941,0.899,1.5577306130982e-80,"PROX1_endothelial","SON"
7.49307239838808e-18,0.346504191523589,0.366,0.288,1.836177391225e-13,"PROX1_endothelial","IRF2"
8.32559180753565e-16,0.346266497959005,0.308,0.236,2.04018627243661e-11,"PROX1_endothelial","CEP85L"
4.53869944983625e-15,0.34616584992741,0.334,0.263,1.11220830018237e-10,"PROX1_endothelial","H2AFX"
1.6588496334651e-11,0.345824299198543,0.261,0.206,4.06501102680624e-07,"PROX1_endothelial","PIBF1"
1.79074504938107e-13,0.345754841916293,0.292,0.23,4.38822074350831e-09,"PROX1_endothelial","YAF2"
2.11496287793859e-13,0.34563856730666,0.322,0.257,5.18271653238851e-09,"PROX1_endothelial","POR"
7.58919218941363e-13,0.345573764055247,0.269,0.21,1.85973154601581e-08,"PROX1_endothelial","CPT1A"
2.72103939563638e-20,0.345226840760082,0.536,0.458,6.66790703900695e-16,"PROX1_endothelial","ZNF292"
2.64357156370245e-12,0.344974473028616,0.291,0.233,6.47807211685285e-08,"PROX1_endothelial","TRIM22"
2.2301175823542e-14,0.344230720152159,0.332,0.259,5.46490313555898e-10,"PROX1_endothelial","DMKN"
1.61369681123329e-32,0.343966532555342,0.862,0.79,3.95436403592717e-28,"PROX1_endothelial","HYAL2"
1.67768984757785e-16,0.343652028499473,0.333,0.26,4.11117897148953e-12,"PROX1_endothelial","FAM114A1"
6.59049327606469e-14,0.34340722100368,0.273,0.212,1.61500037729965e-09,"PROX1_endothelial","CLOCK"
5.86093363972395e-19,0.342745417960823,0.422,0.338,1.43622178841435e-14,"PROX1_endothelial","PDCD7"
2.72561028481994e-23,0.342457654779259,0.575,0.482,6.67910800295125e-19,"PROX1_endothelial","RASIP1"
8.19776698959104e-90,0.342151421150511,0.744,0.556,2.00886280079928e-85,"PROX1_endothelial","TAGLN"
5.75556173688022e-11,0.342140061773291,0.254,0.2,1.4104004036225e-06,"PROX1_endothelial","UBN2"
2.75767178341056e-17,0.341747489424478,0.29,0.218,6.75767470524757e-13,"PROX1_endothelial","SERPINE1"
2.03950219635261e-72,0.341341688833692,0.899,0.799,4.99780013216207e-68,"PROX1_endothelial","KLF4"
5.64486004166852e-22,0.340548264325003,0.544,0.456,1.38327295321087e-17,"PROX1_endothelial","SUGT1"
3.4777356863016e-16,0.340491979129638,0.393,0.319,8.52219129928206e-12,"PROX1_endothelial","MECP2"
1.41973856360241e-24,0.340356801858313,0.612,0.527,3.4790693501077e-20,"PROX1_endothelial","TNS2"
3.18012251234525e-21,0.340282452696247,0.673,0.621,7.79289021650205e-17,"PROX1_endothelial","GOLGB1"
1.01116026626593e-08,0.340223891881624,0.256,0.21,0.000247784823248466,"PROX1_endothelial","KIF2A"
2.16159897222084e-23,0.33987144325009,0.479,0.382,5.29699828142717e-19,"PROX1_endothelial","ALDH2"
4.74607879453382e-13,0.339659225776737,0.384,0.321,1.16302660860051e-08,"PROX1_endothelial","MFSD10"
2.63332198998679e-19,0.339397507962855,0.353,0.27,6.45295553646262e-15,"PROX1_endothelial","LINC00969"
8.91472565925879e-20,0.339239605810341,0.386,0.3,2.18455352280137e-15,"PROX1_endothelial","FBN1"
1.52605214494958e-08,0.339137516740789,0.251,0.207,0.000373959078119895,"PROX1_endothelial","KIF13A"
9.57061904978246e-19,0.338975160537719,0.369,0.288,2.34528019814919e-14,"PROX1_endothelial","NOC3L"
9.11965299749671e-12,0.338077442532037,0.291,0.234,2.23477096703657e-07,"PROX1_endothelial","IBTK"
3.46446736135463e-18,0.337213370008897,0.461,0.383,8.48967726899952e-14,"PROX1_endothelial","SECISBP2L"
3.48882941433742e-21,0.337101871305559,0.404,0.313,8.54937647983384e-17,"PROX1_endothelial","MAPRE2"
7.18317766547622e-13,0.33701340806879,0.293,0.233,1.76023768692495e-08,"PROX1_endothelial","TTC14"
1.14425685545441e-24,0.336381513977761,0.591,0.501,2.80400142429104e-20,"PROX1_endothelial","DHX36"
3.08954308779752e-15,0.336238614540637,0.421,0.347,7.57092533664783e-11,"PROX1_endothelial","TMPO"
3.80204460539669e-12,0.335670997732615,0.3,0.24,9.31691030552459e-08,"PROX1_endothelial","MALSU1"
3.07483425455739e-17,0.334957786708029,0.356,0.278,7.53488134079288e-13,"PROX1_endothelial","EBF1"
1.17214711418907e-18,0.334136343404651,0.435,0.355,2.87234650332031e-14,"PROX1_endothelial","FAM210B"
2.09190982809616e-25,0.334102334594576,0.592,0.507,5.12622503374964e-21,"PROX1_endothelial","MCFD2"
6.86702561032897e-14,0.334042459763355,0.353,0.286,1.68276462581112e-09,"PROX1_endothelial","PLK3"
2.8340265502187e-12,0.333586475020365,0.397,0.338,6.94478206131093e-08,"PROX1_endothelial","PSMD12"
3.89035651151317e-11,0.333329400476323,0.259,0.204,9.53331863146302e-07,"PROX1_endothelial","RBM43"
5.03214524237507e-75,0.332464787050148,0.892,0.763,1.23312719164401e-70,"PROX1_endothelial","SRGN"
9.35651729049863e-15,0.331497482925645,0.367,0.297,2.29281456203669e-10,"PROX1_endothelial","PPM1F"
1.12803463754997e-12,0.331305921104344,0.367,0.301,2.76424887931621e-08,"PROX1_endothelial","IFIT3"
7.66214726001553e-18,0.329658210925455,0.503,0.429,1.87760918606681e-13,"PROX1_endothelial","EEA1"
8.72531139665037e-09,0.329605211008109,0.262,0.215,0.000213813755774917,"PROX1_endothelial","ZNF32"
4.05390925712687e-20,0.329000624745206,0.403,0.316,9.93410463458939e-16,"PROX1_endothelial","YIPF4"
4.90162316317514e-08,0.328981821171404,0.25,0.206,0.00120114275613607,"PROX1_endothelial","SLC22A17"
1.96998451370908e-11,0.328445336215854,0.34,0.283,4.82744705084411e-07,"PROX1_endothelial","AMOTL1"
1.62914664872931e-13,0.328013664942357,0.398,0.331,3.99222386271118e-09,"PROX1_endothelial","CFAP20"
2.80641759376533e-25,0.327817754709448,0.437,0.332,6.87712631352194e-21,"PROX1_endothelial","WFS1"
1.5087582962381e-09,0.327745254786709,0.269,0.22,3.69721220493147e-05,"PROX1_endothelial","CWC27"
8.45488119154001e-22,0.327305599010751,0.511,0.418,2.07186863598688e-17,"PROX1_endothelial","TLE1"
1.67031658920506e-17,0.326883355231021,0.498,0.417,4.093110801847e-13,"PROX1_endothelial","HSPA2"
4.26733412559161e-09,0.326530856068243,0.267,0.218,0.000104571022747622,"PROX1_endothelial","SMG6"
3.98725812758283e-22,0.325947592894695,0.549,0.459,9.77077604164172e-18,"PROX1_endothelial","GLO1"
1.58920126562248e-86,0.325286851366217,0.987,0.969,3.8943377014079e-82,"PROX1_endothelial","IGFBP4"
3.43233679344142e-13,0.324949161470854,0.412,0.347,8.41094131232821e-09,"PROX1_endothelial","PHF20L1"
7.61787805230721e-15,0.324574624685952,0.352,0.284,1.86676101671788e-10,"PROX1_endothelial","VPS13A"
2.48517255177406e-19,0.324565659085759,0.493,0.411,6.08991533812234e-15,"PROX1_endothelial","CEBPZ"
6.87808749439815e-13,0.324112218286324,0.365,0.302,1.68547534050227e-08,"PROX1_endothelial","KRIT1"
2.04207180230275e-11,0.324072996110708,0.283,0.227,5.00409695154289e-07,"PROX1_endothelial","PUS7L"
9.69713913156528e-13,0.323957228417636,0.306,0.244,2.37628394419007e-08,"PROX1_endothelial","EBLN3"
2.07812036802771e-09,0.323291844421037,0.267,0.218,5.09243396185191e-05,"PROX1_endothelial","SIRT2"
5.2212350519876e-10,0.323168136271889,0.287,0.233,1.27946364948956e-05,"PROX1_endothelial","NSMCE3"
2.03011461573469e-17,0.322985324618451,0.364,0.284,4.97479586585786e-13,"PROX1_endothelial","CCDC82"
9.04933800227188e-12,0.322901743749239,0.281,0.223,2.21754027745672e-07,"PROX1_endothelial","YIPF6"
5.08757764167645e-13,0.322158484307494,0.414,0.35,1.24671090109282e-08,"PROX1_endothelial","MIS18BP1"
1.03844485206547e-10,0.321810745257723,0.264,0.21,2.54470910998643e-06,"PROX1_endothelial","C1orf27"
1.01902636670415e-19,0.321585195395567,0.497,0.414,2.49712411160851e-15,"PROX1_endothelial","ELK4"
9.90009336719285e-18,0.321151146440797,0.547,0.475,2.42601787963061e-13,"PROX1_endothelial","SHISA5"
6.95206298177721e-37,0.320695868525622,0.777,0.698,1.7036030336845e-32,"PROX1_endothelial","CCDC50"
3.33480785874034e-09,0.320123310473274,0.266,0.217,8.17194665784321e-05,"PROX1_endothelial","TP53TG1"
9.6604745884296e-12,0.319738170205546,0.359,0.299,2.36729929789467e-07,"PROX1_endothelial","MAP3K13"
1.95614576885534e-24,0.319495109153881,0.611,0.524,4.79353520658e-20,"PROX1_endothelial","PHF3"
3.33769554509848e-13,0.31890789772474,0.256,0.195,8.17902293326381e-09,"PROX1_endothelial","SYNRG"
2.21987757210209e-20,0.318906766501185,0.511,0.425,5.43980999043617e-16,"PROX1_endothelial","HOOK3"
4.77832848384627e-11,0.318615285252754,0.263,0.209,1.17092939496653e-06,"PROX1_endothelial","KIN"
1.74460312533488e-15,0.318220189462964,0.335,0.264,4.27514995863311e-11,"PROX1_endothelial","ATXN2"
7.11241041300801e-16,0.318220087235073,0.458,0.385,1.74289617170761e-11,"PROX1_endothelial","REEP3"
3.2336295496594e-08,0.318187119584803,0.25,0.205,0.000792400921144036,"PROX1_endothelial","TYMP"
5.52707395115112e-10,0.318110897412949,0.272,0.221,1.35440947172958e-05,"PROX1_endothelial","MRPS22"
8.48060919367796e-17,0.317944461668817,0.473,0.395,2.07817328291078e-12,"PROX1_endothelial","DNAJB14"
1.94952031756478e-17,0.31743495818011,0.377,0.298,4.77729953819249e-13,"PROX1_endothelial","PHAX"
1.02944879568115e-26,0.316795862260979,0.577,0.474,2.52266427381666e-22,"PROX1_endothelial","PRPF4B"
3.17132462959114e-12,0.31657607794373,0.268,0.21,7.77133100481309e-08,"PROX1_endothelial","NAGK"
8.58816176630915e-30,0.31637539894703,0.703,0.612,2.10452904083406e-25,"PROX1_endothelial","AP1S2"
1.80497797346091e-18,0.31626357027754,0.545,0.462,4.42309852396595e-14,"PROX1_endothelial","VPS35"
5.20241369341494e-14,0.316002608020824,0.329,0.261,1.27485147557133e-09,"PROX1_endothelial","CD302"
1.50934825581607e-12,0.315720550301539,0.293,0.231,3.69865790087729e-08,"PROX1_endothelial","SMIM4"
1.3056351735093e-16,0.315630482089886,0.504,0.431,3.19945899268453e-12,"PROX1_endothelial","CIR1"
6.79429472655722e-09,0.315262189416313,0.273,0.226,0.000166494192274285,"PROX1_endothelial","SWI5"
3.1976346199965e-47,0.315171915555261,0.859,0.795,7.83580363630143e-43,"PROX1_endothelial","PSME1"
9.97057664804775e-12,0.314046051036898,0.418,0.357,2.4432898076041e-07,"PROX1_endothelial","CGGBP1"
6.29231647527985e-17,0.313846091239111,0.416,0.337,1.54193215226733e-12,"PROX1_endothelial","RNF114"
1.96039757463521e-19,0.313633558216508,0.549,0.475,4.80395425664358e-15,"PROX1_endothelial","NIPBL"
3.52254980021582e-14,0.313318199836479,0.343,0.274,8.63200828542886e-10,"PROX1_endothelial","DENR"
1.848270347719e-11,0.313188156442727,0.315,0.255,4.52918648708542e-07,"PROX1_endothelial","SRGAP2C"
4.30926897475319e-18,0.312177646422223,0.542,0.464,1.05598636226327e-13,"PROX1_endothelial","COX17"
2.36687018950105e-10,0.31193415682336,0.365,0.307,5.80001539937232e-06,"PROX1_endothelial","PEAK1"
1.43058812336424e-12,0.311569763503184,0.266,0.208,3.50565619630408e-08,"PROX1_endothelial","IDI1"
2.74282177060798e-07,0.311502618318318,0.27,0.229,0.00672128474887487,"PROX1_endothelial","SVBP"
2.42610435408677e-19,0.311343365109215,0.524,0.442,5.94516871968962e-15,"PROX1_endothelial","COL4A3BP"
1.36051973150246e-17,0.310944608311485,0.441,0.361,3.33395360204677e-13,"PROX1_endothelial","ORMDL1"
3.92598256294252e-14,0.310344834607767,0.459,0.393,9.62062027049063e-10,"PROX1_endothelial","NEMF"
3.98102998929687e-50,0.309908196251093,0.867,0.775,9.75551398877198e-46,"PROX1_endothelial","DDX17"
6.05866978715772e-16,0.309761310883786,0.497,0.431,1.484677031343e-11,"PROX1_endothelial","ADAR"
4.20864855398975e-16,0.309478141123119,0.354,0.279,1.03132932815519e-11,"PROX1_endothelial","POLK"
8.91326001552725e-11,0.309453278249566,0.283,0.228,2.18419436680495e-06,"PROX1_endothelial","SLC25A4"
1.94179030484703e-08,0.309033321671579,0.251,0.205,0.000475835714202764,"PROX1_endothelial","VAPB"
8.92153748803242e-60,0.308768242659678,0.92,0.87,2.18622276144234e-55,"PROX1_endothelial","TACC1"
8.51690806631982e-15,0.308415535129937,0.369,0.297,2.08706832165167e-10,"PROX1_endothelial","ITPR1"
1.98918827557618e-08,0.30761500167927,0.264,0.217,0.000487450586929943,"PROX1_endothelial","UBE2V2"
1.04132444034128e-10,0.307463839704575,0.282,0.226,2.55176554105631e-06,"PROX1_endothelial","CYLD"
8.50910433988375e-09,0.307367667016101,0.282,0.235,0.000208515601848851,"PROX1_endothelial","TMEM9"
7.84913605202286e-08,0.307115714374378,0.284,0.24,0.0019234307895482,"PROX1_endothelial","PPP1R11"
1.27632436141653e-14,0.306709527582574,0.409,0.34,3.1276328476512e-10,"PROX1_endothelial","SREK1IP1"
1.17615233054832e-06,0.306443339665216,0.266,0.225,0.0288216128600867,"PROX1_endothelial","GBP1"
7.86288779105612e-13,0.306171304324108,0.419,0.356,1.9268006531983e-08,"PROX1_endothelial","RNF19A"
4.58603717963886e-10,0.30584028383516,0.35,0.298,1.1238084108705e-05,"PROX1_endothelial","DNAJC4"
2.9677403669863e-41,0.30552217054351,0.811,0.725,7.27244776929992e-37,"PROX1_endothelial","SEPP1"
4.9562782537698e-08,0.30483855361553,0.264,0.219,0.00121453598608629,"PROX1_endothelial","PHF11"
8.47066830158188e-17,0.304558899330286,0.425,0.347,2.07573726730264e-12,"PROX1_endothelial","PHF20"
5.22678826036928e-31,0.304432383585478,0.707,0.616,1.28082446320349e-26,"PROX1_endothelial","CCPG1"
1.47654146836258e-23,0.303812101157864,0.588,0.496,3.6182648682225e-19,"PROX1_endothelial","LRPAP1"
5.97152845688573e-17,0.303630737897813,0.471,0.392,1.46332304835985e-12,"PROX1_endothelial","ATXN7L3B"
3.08275871672193e-25,0.303519010820259,0.649,0.555,7.5543002353271e-21,"PROX1_endothelial","BBX"
9.18308517392143e-13,0.303250603428343,0.318,0.255,2.25031502186945e-08,"PROX1_endothelial","AK4"
4.55880232799793e-30,0.303093941619284,0.702,0.615,1.11713451047589e-25,"PROX1_endothelial","CHD9"
4.52289513417216e-28,0.302624129128432,0.621,0.519,1.10833545262889e-23,"PROX1_endothelial","KCNN3"
1.72356683106182e-13,0.301530176778213,0.412,0.344,4.22360051951699e-09,"PROX1_endothelial","BCAR1"
4.74411815318849e-24,0.300876292008899,0.7,0.64,1.16254615343884e-19,"PROX1_endothelial","BPTF"
4.13312558747684e-28,0.300820821929306,0.543,0.433,1.0128224252112e-23,"PROX1_endothelial","PLSCR4"
3.10616350407522e-09,0.300014166729161,0.313,0.262,7.61165366673633e-05,"PROX1_endothelial","CEP290"
6.39231885988059e-14,0.299830074254525,0.497,0.437,1.56643773661374e-09,"PROX1_endothelial","ADAM10"
2.54364576543986e-10,0.29981988108018,0.287,0.235,6.23320394821037e-06,"PROX1_endothelial","FAM120AOS"
1.34391270335355e-09,0.298913547517162,0.263,0.213,3.29325807956788e-05,"PROX1_endothelial","LMBR1"
2.82111826558779e-26,0.298764152742128,0.735,0.663,6.91315030982287e-22,"PROX1_endothelial","C12orf57"
2.36355004288507e-09,0.29859027018079,0.301,0.248,5.79187938008987e-05,"PROX1_endothelial","RAB11FIP5"
2.39950427577846e-11,0.298562219600213,0.294,0.237,5.87998522779511e-07,"PROX1_endothelial","MRPL2"
4.79736466096523e-06,0.298554997481113,0.264,0.229,0.117559421016953,"PROX1_endothelial","HIGD1A"
3.67324095735661e-20,0.298452891882357,0.46,0.369,9.00127696600238e-16,"PROX1_endothelial","METRNL"
1.00657925402845e-08,0.298399963781258,0.261,0.214,0.000246662246199672,"PROX1_endothelial","TINF2"
9.6473951584808e-25,0.29839019841098,0.547,0.438,2.36409418358572e-20,"PROX1_endothelial","PGM5"
4.43176396856355e-25,0.297977149928086,0.703,0.621,1.0860037604965e-20,"PROX1_endothelial","FLT1"
1.71775675161978e-10,0.297665376116641,0.275,0.221,4.20936291984427e-06,"PROX1_endothelial","PBXIP1"
8.6097493200273e-05,0.2975058537688,0.29,0.26,1,"PROX1_endothelial","BCL10"
1.49124356749893e-15,0.297461675176303,0.397,0.322,3.65429236215614e-11,"PROX1_endothelial","XRN1"
1.22626981240873e-12,0.297050916573178,0.427,0.361,3.00497417530759e-08,"PROX1_endothelial","A4GALT"
3.50358900080202e-13,0.296987297816537,0.395,0.329,8.58554484646535e-09,"PROX1_endothelial","SHOC2"
3.17211305756021e-17,0.296819593365588,0.515,0.436,7.7732630475513e-13,"PROX1_endothelial","MRPS18C"
1.36417569793009e-13,0.29678848243311,0.389,0.321,3.3429125477777e-09,"PROX1_endothelial","TUG1"
6.7494619460713e-12,0.296679853500375,0.372,0.309,1.65395564988477e-07,"PROX1_endothelial","DEGS1"
5.49557133779168e-18,0.296671914302576,0.58,0.513,1.34668975632585e-13,"PROX1_endothelial","IFNGR1"
1.73683067953289e-11,0.29656222724697,0.266,0.209,4.25610358019535e-07,"PROX1_endothelial","CCDC174"
1.00955879162203e-10,0.296334615768195,0.252,0.197,2.47392381886978e-06,"PROX1_endothelial","MYSM1"
3.94542058201543e-14,0.295732330882703,0.338,0.269,9.6682531362288e-10,"PROX1_endothelial","CCDC88A"
2.82098798758061e-10,0.295658615778366,0.273,0.219,6.91283106356628e-06,"PROX1_endothelial","ZNF770"
7.39263748241577e-11,0.294988895020848,0.334,0.274,1.81156581506598e-06,"PROX1_endothelial","PIGP"
1.18103359402374e-12,0.294898575309309,0.268,0.206,2.89412282215518e-08,"PROX1_endothelial","PRRG1"
1.17893910081042e-15,0.293844564381944,0.561,0.491,2.88899026653594e-11,"PROX1_endothelial","ROMO1"
1.67834277912694e-14,0.293732031250015,0.544,0.478,4.11277898025058e-10,"PROX1_endothelial","VIMP"
1.19110835902318e-08,0.293691102759274,0.273,0.224,0.00029188110337863,"PROX1_endothelial","ZNRD1"
4.34650747619337e-13,0.293662437263028,0.372,0.307,1.06511165704119e-08,"PROX1_endothelial","CALHM2"
1.41969287203086e-15,0.293520501405002,0.296,0.222,3.47895738291163e-11,"PROX1_endothelial","FMNL2"
9.15892620455499e-16,0.293306079553707,0.429,0.354,2.2443948664262e-11,"PROX1_endothelial","RBM26"
8.50063902856994e-16,0.292757471111814,0.44,0.363,2.08308159395106e-11,"PROX1_endothelial","ERICH1"
6.73780887106744e-19,0.292253466069247,0.546,0.465,1.65110006385508e-14,"PROX1_endothelial","PHIP"
2.61668944736692e-16,0.291954671385452,0.473,0.395,6.41219749077264e-12,"PROX1_endothelial","OAZ2"
2.79749343406683e-17,0.291693355473668,0.554,0.475,6.85525766018077e-13,"PROX1_endothelial","SHANK3"
1.99772494093814e-10,0.29143449582496,0.353,0.299,4.89542496776891e-06,"PROX1_endothelial","AKR7A2"
1.01028547736171e-17,0.291422702614119,0.489,0.41,2.47570456227487e-13,"PROX1_endothelial","SNX5"
3.71567738097256e-09,0.291420696088376,0.298,0.247,9.10526742207325e-05,"PROX1_endothelial","HTATSF1"
9.15362247380648e-10,0.290627137496571,0.268,0.217,2.24309518720628e-05,"PROX1_endothelial","DLG1"
3.80873944968594e-18,0.289671442044635,0.559,0.477,9.3333160214554e-14,"PROX1_endothelial","MIER1"
1.99557296681732e-13,0.28962976127644,0.437,0.372,4.89015155518585e-09,"PROX1_endothelial","RIF1"
4.91742170961106e-08,0.289542098952481,0.275,0.229,0.00120501418994019,"PROX1_endothelial","HSD17B4"
3.04509481274362e-11,0.289503922901111,0.379,0.319,7.46200483862825e-07,"PROX1_endothelial","USP47"
3.27191508408535e-13,0.289075026030161,0.325,0.258,8.01782791355115e-09,"PROX1_endothelial","CYBA"
0.00114660974898581,0.288952400116112,0.375,0.353,1,"PROX1_endothelial","HBEGF"
6.28535934438765e-08,0.288808320697744,0.262,0.219,0.00154022730734219,"PROX1_endothelial","RPF2"
6.2616928013345e-10,0.288716128639192,0.287,0.234,1.53442782096702e-05,"PROX1_endothelial","EXOC5"
1.08848981603621e-08,0.287713924830736,0.292,0.243,0.000266734429419673,"PROX1_endothelial","WAPL"
1.7257639215075e-12,0.287700570129221,0.33,0.264,4.22898448965413e-08,"PROX1_endothelial","UTP23"
4.94126039169249e-10,0.286930773597326,0.336,0.28,1.21085585898424e-05,"PROX1_endothelial","NCBP3"
8.23756234689177e-10,0.286536183443174,0.289,0.235,2.01861465310583e-05,"PROX1_endothelial","SPTY2D1"
6.51278016501074e-24,0.286390264120163,0.727,0.651,1.59595677943588e-19,"PROX1_endothelial","NAA38"
3.6859989153623e-10,0.286385785552947,0.343,0.288,9.03254034209531e-06,"PROX1_endothelial","MFNG"
4.05201298462796e-33,0.285643975040965,0.77,0.684,9.92945781883082e-29,"PROX1_endothelial","MPHOSPH8"
1.34784185119137e-10,0.285569860513986,0.281,0.225,3.30288645634444e-06,"PROX1_endothelial","KMT5B"
2.60470618274535e-12,0.285438944869197,0.372,0.309,6.38283250081749e-08,"PROX1_endothelial","IFNAR1"
3.52437014620405e-20,0.285266636430991,0.57,0.474,8.63646904327303e-16,"PROX1_endothelial","FAM213A"
1.6242054470283e-13,0.284850757660072,0.367,0.3,3.98011544794284e-09,"PROX1_endothelial","CAT"
1.26477581699339e-10,0.284715302537264,0.269,0.214,3.0993331395423e-06,"PROX1_endothelial","DTWD1"
8.80609512475435e-13,0.284196541321074,0.318,0.253,2.15793361032105e-08,"PROX1_endothelial","ZNF33A"
8.19316291547054e-39,0.283948787558963,0.885,0.805,2.00773457243606e-34,"PROX1_endothelial","SPARC"
3.35476462561987e-18,0.283947870310728,0.482,0.399,8.22085071508148e-14,"PROX1_endothelial","ST6GAL1"
6.66651321140807e-34,0.283628981634313,0.992,0.985,1.63362906245555e-29,"PROX1_endothelial","RPS29"
3.39017218702054e-09,0.28327751878934,0.312,0.261,8.30761694429385e-05,"PROX1_endothelial","FAM200B"
4.0060369672825e-16,0.283156420846231,0.488,0.413,9.81679358832576e-12,"PROX1_endothelial","MESDC2"
9.84487099476446e-23,0.282416344818368,0.663,0.578,2.41248563726703e-18,"PROX1_endothelial","PJA2"
1.02858067540705e-22,0.281246940965272,0.663,0.582,2.52053694508497e-18,"PROX1_endothelial","NUCB2"
1.88337277270762e-11,0.280794297885692,0.296,0.236,4.61520497952002e-07,"PROX1_endothelial","ACSL3"
1.03071113136151e-25,0.280581523678209,0.859,0.815,2.52575762740137e-21,"PROX1_endothelial","SRSF7"
2.12595002524155e-10,0.280376719446363,0.309,0.253,5.20964053685443e-06,"PROX1_endothelial","FAT4"
9.47601394963837e-25,0.28021340971843,0.742,0.676,2.32209721835888e-20,"PROX1_endothelial","SERINC3"
8.75073246818874e-18,0.280096418160185,0.623,0.566,2.14436699132965e-13,"PROX1_endothelial","RSF1"
4.49557570644871e-22,0.280048709157051,0.427,0.329,1.10164082686526e-17,"PROX1_endothelial","PMEPA1"
1.79493105224672e-11,0.279923844217428,0.28,0.222,4.39847854353058e-07,"PROX1_endothelial","AFAP1L1"
6.458071210026e-09,0.27975226037406,0.317,0.268,0.000158255035001687,"PROX1_endothelial","MTR"
1.99444403952691e-31,0.279490565794008,0.828,0.753,4.88738511886068e-27,"PROX1_endothelial","TRMT112"
2.44924903056847e-33,0.27936939401602,0.631,0.499,6.00188474940804e-29,"PROX1_endothelial","GALNT1"
5.37070783566308e-09,0.278982503358513,0.37,0.316,0.000131609195512924,"PROX1_endothelial","ARF5"
8.94337687845957e-06,0.278900773214404,0.259,0.224,0.219157450406652,"PROX1_endothelial","ARAP3"
2.87938070198063e-22,0.278798929346327,0.624,0.537,7.05592241020354e-18,"PROX1_endothelial","KRTCAP2"
1.1746869408652e-09,0.27875366410176,0.382,0.325,2.87857034859017e-05,"PROX1_endothelial","CTSO"
8.80324667414928e-17,0.278111405610633,0.501,0.421,2.15723559750028e-12,"PROX1_endothelial","SETX"
1.96642385309416e-11,0.278011586679227,0.357,0.295,4.81872165200725e-07,"PROX1_endothelial","PDS5B"
5.03614355174921e-16,0.277778689071832,0.474,0.397,1.23410697735614e-11,"PROX1_endothelial","THUMPD1"
2.54942094798299e-08,0.277655769208858,0.35,0.302,0.000624735603303231,"PROX1_endothelial","HYI"
5.20712765159522e-10,0.277648968597971,0.375,0.32,1.27600663102341e-05,"PROX1_endothelial","NRDC"
1.10966658176353e-44,0.27756886557478,0.919,0.872,2.71923795861152e-40,"PROX1_endothelial","PALMD"
9.96833416050942e-12,0.277535471483613,0.328,0.264,2.44274028603283e-07,"PROX1_endothelial","SGCE"
1.06274455916345e-16,0.277516538230809,0.622,0.551,2.60425554223003e-12,"PROX1_endothelial","CHMP5"
4.52970683688836e-06,0.277509793943217,0.288,0.25,0.111000466037949,"PROX1_endothelial","TMCC3"
3.82725169711864e-11,0.27746988900034,0.404,0.343,9.37868028378923e-07,"PROX1_endothelial","MXD4"
1.71481994433282e-09,0.277459214355309,0.405,0.35,4.20216627358758e-05,"PROX1_endothelial","KIDINS220"
1.05185932276788e-08,0.277000368544921,0.283,0.235,0.00025775812704427,"PROX1_endothelial","PIK3CA"
1.95153807665522e-15,0.276925994150157,0.506,0.432,4.78224405684361e-11,"PROX1_endothelial","ZBTB20"
7.17829640173722e-09,0.276070986063845,0.345,0.296,0.000175904153324571,"PROX1_endothelial","FKBP3"
3.96985263980459e-11,0.275926864397665,0.291,0.232,9.72812389384115e-07,"PROX1_endothelial","THRA"
1.05986501007801e-09,0.275435015133075,0.308,0.255,2.59719920719617e-05,"PROX1_endothelial","ZBTB4"
2.61615120048835e-07,0.274612000762427,0.301,0.257,0.00641087851679669,"PROX1_endothelial","MAGEH1"
2.7435398026848e-15,0.273998228394745,0.497,0.421,6.72304428647910e-11,"PROX1_endothelial","NR1H2"
6.26726772753625e-18,0.273745159610813,0.551,0.471,1.53579395663276e-13,"PROX1_endothelial","SMARCA5"
1.51152443910601e-07,0.2734365210653,0.268,0.225,0.00370399063802928,"PROX1_endothelial","COMMD2"
3.48156419809469e-09,0.273382152019847,0.327,0.276,8.53157306743103e-05,"PROX1_endothelial","TIPRL"
2.56064184772608e-15,0.273339203251409,0.536,0.46,6.27485284785275e-11,"PROX1_endothelial","UQCR10"
7.3559547391632e-10,0.273084187918667,0.326,0.271,1.80257670883194e-05,"PROX1_endothelial","CHID1"
5.0089315780049e-08,0.273070117714313,0.346,0.298,0.0012274386831901,"PROX1_endothelial","USP15"
5.6685777772162e-13,0.272548349726413,0.432,0.364,1.38908498430683e-08,"PROX1_endothelial","AIG1"
1.77222447150135e-11,0.271876209572759,0.466,0.408,4.34283606741406e-07,"PROX1_endothelial","RNF213"
3.68412302549099e-12,0.271836443380737,0.481,0.419,9.02794347396566e-08,"PROX1_endothelial","WASL"
1.54691917371874e-11,0.271685806465736,0.416,0.354,3.79072543519778e-07,"PROX1_endothelial","MOCS2"
8.19674085422993e-10,0.271659017892283,0.356,0.3,2.00861134632904e-05,"PROX1_endothelial","RBM6"
3.59567921597357e-07,0.271425934832013,0.305,0.261,0.00881121191874324,"PROX1_endothelial","RNF5"
8.65028193137327e-09,0.271147817228989,0.323,0.273,0.000211975158728302,"PROX1_endothelial","NDUFS1"
4.42750600584605e-25,0.270927358808989,0.745,0.671,1.08496034673257e-20,"PROX1_endothelial","PRDX5"
1.32668627173316e-32,0.270913490110767,0.778,0.704,3.25104470888212e-28,"PROX1_endothelial","LDB2"
4.04422380137212e-13,0.270821547463059,0.363,0.292,9.91037042526237e-09,"PROX1_endothelial","SDHA"
4.84134682607322e-10,0.270489573128086,0.297,0.241,1.18637203972924e-05,"PROX1_endothelial","APOL6"
7.06658226364355e-26,0.270401535044491,0.753,0.691,1.73166598370585e-21,"PROX1_endothelial","PPIG"
2.01374486615512e-16,0.270219001812775,0.494,0.415,4.93468179451312e-12,"PROX1_endothelial","RYBP"
4.84715168689366e-15,0.270125230801762,0.476,0.406,1.18779452087329e-10,"PROX1_endothelial","AFF4"
9.80321261211896e-09,0.269725333715391,0.283,0.233,0.000240227725059975,"PROX1_endothelial","ZNF37A"
5.07861826440174e-17,0.269501321779024,0.58,0.506,1.24451540569165e-12,"PROX1_endothelial","YTHDC1"
3.62564229339638e-20,0.269407136153779,0.521,0.428,8.88463643996782e-16,"PROX1_endothelial","RUNX1T1"
8.96581989456507e-15,0.268980077011271,0.374,0.3,2.19707416516317e-10,"PROX1_endothelial","CEP57"
8.89340454361627e-10,0.268554630024261,0.371,0.316,2.17932878341317e-05,"PROX1_endothelial","CCDC186"
9.57361771087459e-07,0.268262217813209,0.267,0.228,0.0234601502004982,"PROX1_endothelial","NGDN"
2.11622310766067e-09,0.268012795518641,0.375,0.324,5.18580472532247e-05,"PROX1_endothelial","PCMT1"
5.52962966916375e-11,0.26786106196382,0.349,0.29,1.35503575042858e-06,"PROX1_endothelial","FAM208A"
4.88587629145368e-14,0.267843804779795,0.444,0.37,1.19728398522073e-09,"PROX1_endothelial","DYNLT1"
5.6513869001279e-15,0.267838137216003,0.577,0.509,1.38487235987634e-10,"PROX1_endothelial","NDUFB1"
7.57526720330838e-06,0.26780848995297,0.25,0.214,0.185631922817072,"PROX1_endothelial","KRCC1"
2.03196732009822e-27,0.267587040492524,0.649,0.541,4.97933591790068e-23,"PROX1_endothelial","CSRP1"
4.72086194239947e-11,0.267573912730907,0.423,0.361,1.15684721898499e-06,"PROX1_endothelial","TSPAN3"
7.5234923625525e-07,0.267030494720551,0.26,0.22,0.0184363180344349,"PROX1_endothelial","HSPA4"
3.25661464418998e-09,0.2669379392038,0.297,0.246,7.98033418558755e-05,"PROX1_endothelial","MRPS10"
1.99211564783424e-10,0.266833603123497,0.428,0.368,4.8816793950178e-06,"PROX1_endothelial","ECI2"
9.84940037295157e-09,0.266816021775351,0.254,0.207,0.000241359556139178,"PROX1_endothelial","ARFIP1"
5.99601470287328e-07,0.266464119025653,0.311,0.268,0.014693234029391,"PROX1_endothelial","CCM2L"
3.57327092799613e-12,0.266461895328381,0.367,0.303,8.75630040905451e-08,"PROX1_endothelial","TMED4"
2.33350801964472e-11,0.266161237434611,0.338,0.277,5.7182614021394e-07,"PROX1_endothelial","VEZT"
1.2258053211015e-11,0.26610887363662,0.372,0.31,3.00383593935923e-07,"PROX1_endothelial","ARHGAP5"
4.60927618588982e-13,0.266067016905552,0.45,0.382,1.1295031293523e-08,"PROX1_endothelial","BAZ1B"
2.70032343928021e-44,0.265732849749702,0.914,0.858,6.61714258795616e-40,"PROX1_endothelial","TMBIM6"
2.90435783341973e-08,0.265476185060503,0.331,0.283,0.000711712887079505,"PROX1_endothelial","PNPLA8"
4.25665365058159e-09,0.265046076279676,0.328,0.276,0.000104309297707502,"PROX1_endothelial","MEA1"
5.17118685551042e-13,0.264785501008666,0.463,0.396,1.26719933894283e-08,"PROX1_endothelial","SLC25A36"
5.17121664581781e-16,0.264189665342242,0.577,0.507,1.26720663905765e-11,"PROX1_endothelial","FXR1"
8.34798012545836e-14,0.264138463979187,0.484,0.412,2.04567252974357e-09,"PROX1_endothelial","SMAD5"
5.74495432599595e-11,0.264097951547582,0.356,0.295,1.40780105758531e-06,"PROX1_endothelial","LMF2"
2.5899319019268e-10,0.264010687224764,0.364,0.306,6.34662812567163e-06,"PROX1_endothelial","DDX1"
3.45893539999525e-13,0.264007731328603,0.581,0.517,8.47612119768835e-09,"PROX1_endothelial","ATP1B3"
6.76986417945763e-12,0.264002062785754,0.345,0.28,1.65895521717609e-07,"PROX1_endothelial","NEDD4"
3.94220529834529e-10,0.263941982839059,0.294,0.238,9.66037408359514e-06,"PROX1_endothelial","HELZ"
5.83641394915363e-44,0.263905610473946,0.729,0.59,1.4302132382401e-39,"PROX1_endothelial","MYL9"
1.04823735363897e-09,0.263675636728887,0.289,0.236,2.56870563509228e-05,"PROX1_endothelial","ATM"
2.61947334555477e-22,0.263245811632501,0.696,0.623,6.41901943328197e-18,"PROX1_endothelial","KMT2A"
7.07519935122089e-08,0.262772085808298,0.272,0.226,0.00173377760101668,"PROX1_endothelial","GRSF1"
6.04501604628006e-18,0.262367407308403,0.67,0.592,1.48133118214093e-13,"PROX1_endothelial","HNRNPH3"
2.01184406957842e-09,0.26182583472542,0.377,0.324,4.93002389250192e-05,"PROX1_endothelial","SMIM19"
8.88930988332114e-12,0.261724603806892,0.472,0.41,2.17832538690784e-07,"PROX1_endothelial","SRSF8"
6.94098656850602e-08,0.261388769214389,0.318,0.27,0.0017008887586124,"PROX1_endothelial","MRPL16"
5.24394152714593e-13,0.261318161388731,0.432,0.365,1.28502787122711e-08,"PROX1_endothelial","KDM5A"
3.0554910673154e-06,0.261199990718346,0.293,0.255,0.0748748086045639,"PROX1_endothelial","ITPRIP"
1.38390382823188e-15,0.261036282244079,0.477,0.402,3.39125633108223e-11,"PROX1_endothelial","SMCHD1"
7.55104231001725e-10,0.260911021740839,0.351,0.295,1.85038291806973e-05,"PROX1_endothelial","SF3A1"
1.0506461439506e-10,0.260888762406445,0.345,0.287,2.57460837575094e-06,"PROX1_endothelial","MED13"
1.18427389766132e-17,0.260433547641643,0.429,0.342,2.90206318621906e-13,"PROX1_endothelial","FAM107B"
1.84700524996955e-12,0.260202341194374,0.491,0.426,4.52608636505037e-08,"PROX1_endothelial","TRAPPC1"
4.04411973361668e-08,0.259826670799231,0.351,0.303,0.000991011540722769,"PROX1_endothelial","KATNBL1"
5.19698672793504e-14,0.259493451734239,0.427,0.355,1.27352159768048e-09,"PROX1_endothelial","CTDSP1"
1.94675423689184e-19,0.258557349296561,0.542,0.446,4.77052125750345e-15,"PROX1_endothelial","SCARA3"
1.83511597252284e-13,0.258547546120755,0.358,0.29,4.49695169066721e-09,"PROX1_endothelial","TRIM38"
2.90148369877291e-12,0.258537240019959,0.426,0.361,7.11008580384302e-08,"PROX1_endothelial","NUMB"
1.82566533377025e-08,0.258262478416779,0.34,0.292,0.000447379290040399,"PROX1_endothelial","STIM2"
2.49659454748404e-09,0.257887665505835,0.352,0.296,6.11790493860964e-05,"PROX1_endothelial","FBXL3"
6.14193348880395e-25,0.257791067535411,0.789,0.721,1.50508080143141e-20,"PROX1_endothelial","KMT2E"
1.78874305732237e-12,0.257408851732459,0.282,0.221,4.38331486196847e-08,"PROX1_endothelial","ZNF518A"
1.19548913928069e-05,0.257303958933903,0.272,0.234,0.292954613580733,"PROX1_endothelial","C10orf11"
1.49634015793857e-07,0.257279737672811,0.353,0.31,0.00366678155702847,"PROX1_endothelial","VDAC3"
3.11555519541516e-12,0.25696940506384,0.434,0.368,7.63466800636484e-08,"PROX1_endothelial","ARMCX3"
4.72332664443855e-09,0.256659319185475,0.295,0.245,0.000115745119421967,"PROX1_endothelial","AKAP11"
3.19651361291042e-18,0.25648755375904,0.551,0.463,7.83305660843699e-14,"PROX1_endothelial","TRIM56"
8.33621125671172e-08,0.256478736327007,0.266,0.219,0.00204278856845721,"PROX1_endothelial","BRD9"
1.40627815462553e-28,0.255888892213452,0.832,0.766,3.44608461790987e-24,"PROX1_endothelial","DEK"
8.94246773459744e-13,0.255857835343664,0.403,0.334,2.1913517183631e-08,"PROX1_endothelial","FZD4"
1.68962142644813e-10,0.255608791102386,0.313,0.256,4.14041730551114e-06,"PROX1_endothelial","ZHX1"
3.82637494084546e-13,0.255179471880503,0.425,0.355,9.37653179254179e-09,"PROX1_endothelial","RBPJ"
7.54891701495498e-14,0.255041881627458,0.525,0.458,1.84986211451472e-09,"PROX1_endothelial","TMCO1"
6.07337296181533e-21,0.255025099480765,0.681,0.606,1.48828004429285e-16,"PROX1_endothelial","ATRAID"
6.64739168533695e-12,0.254995603755335,0.444,0.38,1.62894333249182e-07,"PROX1_endothelial","RAB10"
2.14350516808806e-07,0.25459709614204,0.278,0.234,0.0052526594143998,"PROX1_endothelial","PCID2"
8.76534175613893e-09,0.254559236561712,0.316,0.264,0.000214794699734185,"PROX1_endothelial","NAPG"
1.91478956961103e-08,0.254430834987832,0.346,0.294,0.000469219184033183,"PROX1_endothelial","HDAC1"
7.14143629272104e-10,0.25441057006665,0.289,0.235,1.75000896353129e-05,"PROX1_endothelial","FCHSD2"
2.59019123435842e-07,0.254008284898823,0.318,0.274,0.0063472636197953,"PROX1_endothelial","TUSC2"
6.09440606570154e-12,0.253995844063584,0.413,0.349,1.49343420640016e-07,"PROX1_endothelial","PPP2R5A"
1.73392632503615e-12,0.253864827190726,0.438,0.373,4.24898645950109e-08,"PROX1_endothelial","KIAA2026"
1.06714682466573e-08,0.253796340639758,0.323,0.27,0.000261504329384337,"PROX1_endothelial","TSPYL1"
1.98007409166806e-09,0.253585405632795,0.337,0.281,4.85217156163259e-05,"PROX1_endothelial","TTC17"
5.35410440761206e-07,0.252794727053029,0.256,0.214,0.0131202328508534,"PROX1_endothelial","RP11-553L6.5"
1.00195409851122e-12,0.252750490754855,0.515,0.449,2.45528851840173e-08,"PROX1_endothelial","HAX1"
6.85678700609898e-05,0.252697012946543,0.27,0.239,1,"PROX1_endothelial","CDK5RAP3"
1.0903560932249e-11,0.252562310997133,0.358,0.295,2.67191760644762e-07,"PROX1_endothelial","POLR2C"
9.87642258533304e-34,0.252386730224607,0.861,0.787,2.42021735453586e-29,"PROX1_endothelial","GPX4"
6.64684584416301e-06,0.252273245559062,0.256,0.218,0.162880957411215,"PROX1_endothelial","SRP54"
2.69758931030699e-08,0.252201144573834,0.25,0.202,0.000661044260490728,"PROX1_endothelial","MICU1"
8.43177239888718e-14,0.251738368251465,0.534,0.464,2.0662058263473e-09,"PROX1_endothelial","FGFR1OP2"
1.04352749234781e-21,0.251735033469494,0.7,0.614,2.55716411999832e-17,"PROX1_endothelial","KRT10"
1.73494843626522e-09,0.25133474692218,0.289,0.238,4.25149114306791e-05,"PROX1_endothelial","RALGAPA1"
2.10245906463938e-09,0.251091034606153,0.298,0.244,5.15207593789881e-05,"PROX1_endothelial","DCP1A"
1.66969718721084e-07,0.25090983626435,0.265,0.22,0.00409159295726017,"PROX1_endothelial","KLHL24"
5.81934743581643e-07,0.250519259013878,0.282,0.239,0.0142603108914682,"PROX1_endothelial","CTNNBL1"
0,4.86240061762081,0.363,0.02,0,"Activated_endothelial_SELE","MT1A"
0,4.66784096992923,0.813,0.139,0,"Activated_endothelial_SELE","MT1E"
0,4.42658222045852,0.984,0.532,0,"Activated_endothelial_SELE","MT2A"
0,4.42169615196717,0.705,0.062,0,"Activated_endothelial_SELE","MT1M"
0,4.03037264679738,0.846,0.252,0,"Activated_endothelial_SELE","MT1X"
0,3.86765592510245,0.472,0.051,0,"Activated_endothelial_SELE","ADAMTS4"
0,3.46817135619657,0.407,0.074,0,"Activated_endothelial_SELE","SELE"
0,3.28531589522447,0.448,0.067,0,"Activated_endothelial_SELE","B3GNT5"
0,3.06359998016909,0.302,0.041,0,"Activated_endothelial_SELE","RP4-549L20.3"
0,2.91364839327882,0.714,0.153,0,"Activated_endothelial_SELE","NFIL3"
0,2.88384527523714,0.768,0.224,0,"Activated_endothelial_SELE","RHOU"
0,2.81314930459547,0.64,0.148,0,"Activated_endothelial_SELE","ITPKC"
0,2.77750246001392,0.283,0.047,0,"Activated_endothelial_SELE","STX11"
0,2.70126003313226,0.414,0.074,0,"Activated_endothelial_SELE","PIM1"
0,2.65172228836015,0.279,0.05,0,"Activated_endothelial_SELE","MSX1"
0,2.6375929445046,0.458,0.082,0,"Activated_endothelial_SELE","FOSL1"
0,2.59323793321943,0.82,0.251,0,"Activated_endothelial_SELE","MIR22HG"
0,2.56331130060979,0.803,0.224,0,"Activated_endothelial_SELE","SLC25A25"
0,2.51457148175282,0.748,0.254,0,"Activated_endothelial_SELE","FAM110D"
0,2.50116329503907,0.871,0.322,0,"Activated_endothelial_SELE","MAFF"
0,2.50110528407923,0.54,0.18,0,"Activated_endothelial_SELE","SOX17"
0,2.46340144469449,0.79,0.27,0,"Activated_endothelial_SELE","PNP"
0,2.38845296283969,0.399,0.104,0,"Activated_endothelial_SELE","C2CD4B"
0,2.387939379313,0.753,0.287,0,"Activated_endothelial_SELE","NFKBIZ"
0,2.34605218710583,0.333,0.077,0,"Activated_endothelial_SELE","RP11-138A9.2"
0,2.30972753613999,0.4,0.094,0,"Activated_endothelial_SELE","RND1"
0,2.27355746681711,0.635,0.185,0,"Activated_endothelial_SELE","TRIB1"
0,2.2665142774748,0.538,0.158,0,"Activated_endothelial_SELE","MAP3K8"
3.29994974314892e-264,2.24533715957685,0.298,0.076,8.08652684558644e-260,"Activated_endothelial_SELE","CTA-29F11.1"
5.23979467084789e-307,2.20341538256937,0.456,0.164,1.28401168409127e-302,"Activated_endothelial_SELE","PLAUR"
0,2.1604503656792,0.53,0.159,0,"Activated_endothelial_SELE","IRF2BPL"
0,2.14405432028032,0.678,0.283,0,"Activated_endothelial_SELE","UPP1"
0,2.1423946470589,0.516,0.179,0,"Activated_endothelial_SELE","TMEM70"
0,2.11801880912925,0.992,0.66,0,"Activated_endothelial_SELE","SOCS3"
0,2.09211333182058,0.955,0.548,0,"Activated_endothelial_SELE","MIDN"
0,2.08871943066621,0.453,0.127,0,"Activated_endothelial_SELE","LDLR"
0,2.04382945711848,0.619,0.186,0,"Activated_endothelial_SELE","CCL2"
4.21333229204219e-287,2.02373026768968,0.332,0.087,1.03247707816494e-282,"Activated_endothelial_SELE","RFX2"
0,1.97708513777736,0.592,0.194,0,"Activated_endothelial_SELE","BAG3"
0,1.95346642520013,0.968,0.657,0,"Activated_endothelial_SELE","KLF9"
0,1.9410949849989,0.966,0.548,0,"Activated_endothelial_SELE","CDKN1A"
0,1.92670434177153,0.887,0.433,0,"Activated_endothelial_SELE","DLC1"
0,1.92469001804682,0.818,0.368,0,"Activated_endothelial_SELE","TIPARP"
5.73836704838428e-204,1.88442739462027,0.477,0.225,1.40618684520657e-199,"Activated_endothelial_SELE","CD14"
0,1.84502338620987,0.634,0.263,0,"Activated_endothelial_SELE","MYC"
0,1.84439719824345,0.483,0.166,0,"Activated_endothelial_SELE","PELO"
0,1.84019294268128,0.793,0.321,0,"Activated_endothelial_SELE","IRF1"
0,1.83777857946989,0.712,0.24,0,"Activated_endothelial_SELE","TNFRSF10D"
0,1.83070887993581,0.919,0.494,0,"Activated_endothelial_SELE","BHLHE40"
0,1.81605520486552,0.967,0.582,0,"Activated_endothelial_SELE","GADD45B"
5.63831737811447e-185,1.78231146227964,0.309,0.104,1.38166967350695e-180,"Activated_endothelial_SELE","CSF3"
4.75969274057333e-273,1.76795897208951,0.416,0.141,1.16636270607749e-268,"Activated_endothelial_SELE","RRAGC"
0,1.73813363714568,0.828,0.515,0,"Activated_endothelial_SELE","AKAP12"
2.99250220423568e-243,1.71217436927109,0.424,0.159,7.33312665147953e-239,"Activated_endothelial_SELE","DNAJB9"
7.05301924432416e-198,1.7048928661412,0.386,0.154,1.72834236582164e-193,"Activated_endothelial_SELE","CDKN2D"
0,1.70312800398542,0.842,0.514,0,"Activated_endothelial_SELE","TCEB1"
8.39911597930119e-322,1.69776840123945,0.536,0.206,2.05820337072776e-317,"Activated_endothelial_SELE","MLF1"
7.53281874362703e-246,1.69773561168494,0.441,0.172,1.8459172331258e-241,"Activated_endothelial_SELE","KIAA0040"
0,1.6853945151784,0.545,0.211,0,"Activated_endothelial_SELE","GJA1"
1.10425467108106e-304,1.67631915321873,0.513,0.196,2.70597607148414e-300,"Activated_endothelial_SELE","ICAM1"
1.55689965293934e-291,1.66797040868827,0.469,0.166,3.81518259952786e-287,"Activated_endothelial_SELE","SNHG9"
0,1.66291434831694,0.974,0.627,0,"Activated_endothelial_SELE","SLC2A3"
3.1511771895163e-304,1.65866106816711,0.519,0.2,7.72195970290969e-300,"Activated_endothelial_SELE","INSIG1"
7.79312949398504e-35,1.60318044333567,0.288,0.208,1.90970638250103e-30,"Activated_endothelial_SELE","SPRY1"
0,1.60315286482296,0.901,0.625,0,"Activated_endothelial_SELE","C11orf96"
6.19008277097761e-215,1.60198502783428,0.335,0.11,1.51687978302806e-210,"Activated_endothelial_SELE","C1orf56"
9.35318242477361e-291,1.60017110758903,0.442,0.147,2.29199735319077e-286,"Activated_endothelial_SELE","BCL3"
8.53414826165221e-205,1.58798311740149,0.312,0.098,2.09129303151787e-200,"Activated_endothelial_SELE","SNAI1"
0,1.5870094391291,0.998,0.825,0,"Activated_endothelial_SELE","EMP1"
0,1.56343547666834,0.849,0.481,0,"Activated_endothelial_SELE","KLF10"
0,1.55930136750157,0.68,0.316,0,"Activated_endothelial_SELE","RALGDS"
3.21417087853712e-183,1.54280300785975,0.355,0.136,7.8763257378552e-179,"Activated_endothelial_SELE","IRF7"
3.35336953803392e-255,1.53619683004896,0.486,0.195,8.21743205295211e-251,"Activated_endothelial_SELE","SLC1A5"
3.03912245553915e-269,1.51180348234613,0.505,0.202,7.44736957729868e-265,"Activated_endothelial_SELE","CDC42EP4"
0,1.50714406422531,0.967,0.697,0,"Activated_endothelial_SELE","CCNL1"
4.63438516455548e-318,1.50367736492699,0.602,0.259,1.13565608457432e-313,"Activated_endothelial_SELE","AKIRIN1"
2.57885876230048e-151,1.47319498559986,0.277,0.098,6.31949339701733e-147,"Activated_endothelial_SELE","ZC3H12A"
1.09500821248854e-281,1.47195103830001,0.559,0.243,2.68331762470316e-277,"Activated_endothelial_SELE","NXT1"
9.91003248591175e-236,1.44802761875218,0.64,0.364,2.42845346067267e-231,"Activated_endothelial_SELE","CDC42EP3"
1.52152404087222e-219,1.44106792079501,0.47,0.2,3.72849466215737e-215,"Activated_endothelial_SELE","TUSC1"
0,1.43360766671623,1,0.939,0,"Activated_endothelial_SELE","JUND"
0,1.43019316150791,0.826,0.514,0,"Activated_endothelial_SELE","DDX21"
1.57309335640929e-315,1.42132314225839,0.698,0.356,3.85486526988096e-311,"Activated_endothelial_SELE","IER5"
0,1.41977619774497,0.785,0.426,0,"Activated_endothelial_SELE","NFATC2"
5.59085339050154e-193,1.41574425927943,0.415,0.173,1.3700386233424e-188,"Activated_endothelial_SELE","SSH1"
2.57851354461297e-211,1.4153990193822,0.579,0.295,6.31864744107409e-207,"Activated_endothelial_SELE","ODC1"
0,1.41428278497683,0.721,0.35,0,"Activated_endothelial_SELE","HSPA1B"
2.76953093917787e-219,1.41188239507441,0.482,0.208,6.78673556645536e-215,"Activated_endothelial_SELE","ADAMTS9"
0,1.41141798605324,0.794,0.488,0,"Activated_endothelial_SELE","SOD2"
0,1.40333847565607,0.845,0.538,0,"Activated_endothelial_SELE","ZFAND5"
1.9128031195911e-229,1.39634942261063,0.464,0.188,4.68732404455798e-225,"Activated_endothelial_SELE","CDC42SE1"
4.45044030995757e-149,1.39622175739533,0.321,0.128,1.0905803979551e-144,"Activated_endothelial_SELE","RP11-138A9.1"
1.5148555668176e-229,1.38525877701616,0.565,0.282,3.71215356648654e-225,"Activated_endothelial_SELE","TSSC4"
0,1.37856929600566,0.964,0.715,0,"Activated_endothelial_SELE","PPP1R15A"
9.93807572094105e-159,1.36959211647682,0.34,0.135,2.4353254554166e-154,"Activated_endothelial_SELE","ING1"
4.25019630615291e-216,1.3562281614435,0.488,0.214,1.04151060482277e-211,"Activated_endothelial_SELE","BTG3"
2.81870819955714e-277,1.33265048890467,0.649,0.331,6.90724444301477e-273,"Activated_endothelial_SELE","TOPORS"
7.60277735694915e-122,1.33181951566974,0.272,0.108,1.86306059132039e-117,"Activated_endothelial_SELE","GNG4"
2.00729325761766e-283,1.32554762102413,0.667,0.335,4.91887212779208e-279,"Activated_endothelial_SELE","NAMPT"
2.37830190629048e-296,1.31219568141428,0.687,0.352,5.82802882136482e-292,"Activated_endothelial_SELE","FKBP5"
2.37724626152974e-319,1.2966950262239,0.733,0.401,5.82544196387863e-315,"Activated_endothelial_SELE","DNTTIP2"
8.51378432959058e-282,1.28458675240837,0.808,0.53,2.08630284996617e-277,"Activated_endothelial_SELE","NCOA7"
1.16342221510115e-112,1.28124666772674,0.257,0.103,2.85096613810537e-108,"Activated_endothelial_SELE","DEDD"
1.62416125654371e-274,1.27988474166961,0.724,0.408,3.98000715916035e-270,"Activated_endothelial_SELE","PXDC1"
0,1.27422530808823,0.849,0.544,0,"Activated_endothelial_SELE","MAP1LC3B"
5.2420527383536e-194,1.26817912593477,0.499,0.236,1.28456502353355e-189,"Activated_endothelial_SELE","MTRF1L"
3.98588485002249e-223,1.24813221607884,0.595,0.306,9.76741082498011e-219,"Activated_endothelial_SELE","MAT2A"
1.15484615045659e-193,1.24798696840607,0.54,0.27,2.82995049169387e-189,"Activated_endothelial_SELE","ELMSAN1"
0,1.23775461024274,0.98,0.784,0,"Activated_endothelial_SELE","KLF4"
3.0501582583919e-189,1.23298513400974,0.555,0.296,7.47441281218935e-185,"Activated_endothelial_SELE","DIS3"
5.50120559323454e-143,1.23175529595994,0.35,0.149,1.34807043062212e-138,"Activated_endothelial_SELE","IRF9"
9.77855874894924e-290,1.22914197098472,0.76,0.456,2.39623582143001e-285,"Activated_endothelial_SELE","SOCS2"
6.0512931185855e-299,1.20684825410735,0.73,0.407,1.48286937870938e-294,"Activated_endothelial_SELE","ARF6"
4.87502394206991e-228,1.19933825779236,0.598,0.296,1.19462461700423e-223,"Activated_endothelial_SELE","KDM6B"
0,1.1972769427305,0.929,0.684,0,"Activated_endothelial_SELE","EIF5"
3.99404172346099e-268,1.19446921643608,0.687,0.366,9.78739924334115e-264,"Activated_endothelial_SELE","AMD1"
3.47318649950025e-216,1.18856903903679,0.578,0.281,8.51104351702536e-212,"Activated_endothelial_SELE","ARID5A"
5.00339530391543e-192,1.17196873639469,0.494,0.226,1.22608201922448e-187,"Activated_endothelial_SELE","TSC22D2"
1.10239111141658e-197,1.16386681592218,0.553,0.278,2.70140941852633e-193,"Activated_endothelial_SELE","ZBTB16"
8.85799593557567e-149,1.16357729273324,0.433,0.204,2.17065190401282e-144,"Activated_endothelial_SELE","SGK1"
0,1.14763676882026,0.898,0.528,0,"Activated_endothelial_SELE","ATF3"
1.1481691891716e-308,1.14757101144701,0.898,0.668,2.813588598065e-304,"Activated_endothelial_SELE","JMJD1C"
5.17933508826451e-100,1.14397828963304,0.262,0.112,1.26919606337922e-95,"Activated_endothelial_SELE","BCL6"
0,1.14319413051797,0.888,0.52,0,"Activated_endothelial_SELE","CSRNP1"
1.85849826764918e-108,1.14172857771735,0.312,0.142,4.5542500048743e-104,"Activated_endothelial_SELE","YRDC"
0,1.13461577339425,0.967,0.663,0,"Activated_endothelial_SELE","APOLD1"
8.46442827638497e-207,1.11382197181629,0.62,0.337,2.07420814912814e-202,"Activated_endothelial_SELE","FOXO3"
0,1.11070036772305,0.908,0.67,0,"Activated_endothelial_SELE","UBE2D3"
2.05638585582679e-130,1.10674533245905,0.455,0.241,5.03917353970356e-126,"Activated_endothelial_SELE","GRPEL1"
1.31561272281328e-165,1.10487575834853,0.439,0.199,3.22390897725394e-161,"Activated_endothelial_SELE","RGS16"
8.15257973746042e-167,1.09551190779898,0.491,0.241,1.99778966466467e-162,"Activated_endothelial_SELE","RBM7"
7.21697222673524e-82,1.09023284984581,0.256,0.12,1.76851904416147e-77,"Activated_endothelial_SELE","HELZ2"
0,1.07872433226092,0.87,0.487,0,"Activated_endothelial_SELE","SERTAD1"
3.15957005876139e-80,1.07712636237113,0.266,0.128,7.74252642899478e-76,"Activated_endothelial_SELE","RUNDC3B"
2.24105795732898e-69,1.07332558967513,0.276,0.143,5.49171252443467e-65,"Activated_endothelial_SELE","AP000769.1"
0,1.0715584792715,0.999,0.856,0,"Activated_endothelial_SELE","ZFP36"
1.96854849475846e-128,1.05692499781296,0.61,0.398,4.8239280864056e-124,"Activated_endothelial_SELE","POSTN"
0,1.05139304973529,0.964,0.825,0,"Activated_endothelial_SELE","SRSF5"
4.95796197490296e-140,1.05043834857576,0.643,0.404,1.21494858194997e-135,"Activated_endothelial_SELE","IER3"
0,1.04537097728078,0.938,0.712,0,"Activated_endothelial_SELE","THBD"
3.79329204806409e-143,1.0441410901744,0.455,0.224,9.29546216378106e-139,"Activated_endothelial_SELE","ITPRIP"
4.98641075060568e-69,1.04062242512353,0.291,0.155,1.22191995443592e-64,"Activated_endothelial_SELE","TGIF1"
6.16679103120549e-256,1.03079302003981,0.926,0.781,1.51117214219691e-251,"Activated_endothelial_SELE","TXN"
2.40853106719363e-135,1.03047868778633,0.491,0.263,5.90210538015798e-131,"Activated_endothelial_SELE","HIF1A"
4.73188970943716e-129,1.02689802784076,0.372,0.168,1.15954957329758e-124,"Activated_endothelial_SELE","SPHK1"
4.04923440378374e-158,1.0244180702762,0.523,0.274,9.92264890647205e-154,"Activated_endothelial_SELE","PPP1R15B"
0,1.0238827646102,0.994,0.951,0,"Activated_endothelial_SELE","DDX5"
0,1.01212424760068,0.909,0.671,0,"Activated_endothelial_SELE","SFPQ"
0,1.00746399364894,1,0.997,0,"Activated_endothelial_SELE","EIF1"
3.26028425334522e-100,1.00137016888727,0.484,0.294,7.98932656282246e-96,"Activated_endothelial_SELE","CREB5"
1.54816743473186e-113,0.999399364998051,0.41,0.211,3.79378429881043e-109,"Activated_endothelial_SELE","LINC-PINT"
1.2658416446874e-290,0.992318855190139,0.866,0.617,3.10194495030648e-286,"Activated_endothelial_SELE","IFI16"
1.08069003730817e-189,0.989914428221972,0.705,0.441,2.64823093642368e-185,"Activated_endothelial_SELE","EHD4"
1.43646443745042e-239,0.986478158607321,0.818,0.577,3.52005610397226e-235,"Activated_endothelial_SELE","ELF1"
1.72886945130004e-144,0.975930159001127,0.481,0.243,4.23659459041076e-140,"Activated_endothelial_SELE","INSR"
1.16536845811359e-270,0.974985610773761,0.858,0.579,2.85573540660735e-266,"Activated_endothelial_SELE","FAM107A"
1.64193266610389e-94,0.966774012263662,0.343,0.173,4.02355599828758e-90,"Activated_endothelial_SELE","SRGAP2B"
3.27138421615245e-80,0.965664753309798,0.277,0.134,8.01652702168159e-76,"Activated_endothelial_SELE","MARCH5"
2.25264073328134e-100,0.965286438081594,0.32,0.15,5.52009611690592e-96,"Activated_endothelial_SELE","TTN"
1.79461978018646e-105,0.962679465011681,0.502,0.3,4.39771577134691e-101,"Activated_endothelial_SELE","TLE4"
0,0.952740744237036,0.956,0.729,0,"Activated_endothelial_SELE","CEBPD"
8.9751067462416e-71,0.945214340040343,0.255,0.125,2.1993499081665e-66,"Activated_endothelial_SELE","SPRY4"
5.12412317582318e-280,0.944509586217797,0.882,0.646,1.25566638423547e-275,"Activated_endothelial_SELE","NASP"
1.41197526915346e-139,0.938898282852004,0.549,0.304,3.46004539706057e-135,"Activated_endothelial_SELE","BAIAP2"
1.24715537364346e-83,0.93159062140997,0.412,0.238,3.0561542431133e-79,"Activated_endothelial_SELE","JDP2"
1.13452855182161e-83,0.930420204646941,0.312,0.157,2.78016221623885e-79,"Activated_endothelial_SELE","ZNF787"
8.66865530247449e-80,0.930382780062754,0.307,0.157,2.12425398187137e-75,"Activated_endothelial_SELE","GTF2B"
3.3353431291228e-104,0.929875576318287,0.385,0.195,8.17325833791542e-100,"Activated_endothelial_SELE","SERTAD3"
3.29619234029082e-93,0.929834006610754,0.461,0.279,8.07731932988265e-89,"Activated_endothelial_SELE","ARPC5L"
0,0.929577212979094,0.97,0.814,0,"Activated_endothelial_SELE","ITM2A"
3.54143176904815e-105,0.929345283681364,0.411,0.217,8.6782785500525e-101,"Activated_endothelial_SELE","MAPKAPK2"
5.78489940207874e-113,0.927305152559661,0.419,0.218,1.4175895984794e-108,"Activated_endothelial_SELE","HNRNPL"
1.39757930397874e-169,0.923374311608418,0.624,0.351,3.4247680843999e-165,"Activated_endothelial_SELE","WTAP"
1.80221810737351e-73,0.918262132193957,0.256,0.124,4.41633547211879e-69,"Activated_endothelial_SELE","SPRY2"
2.15868593310532e-97,0.918138027260393,0.393,0.209,5.28985987907458e-93,"Activated_endothelial_SELE","SOCS5"
1.68429085250233e-109,0.91781873500029,0.3,0.128,4.12735473405696e-105,"Activated_endothelial_SELE","TNFRSF12A"
5.73195545062588e-46,0.913552577272618,0.261,0.152,1.40461568317587e-41,"Activated_endothelial_SELE","LGALSL"
3.58172898635107e-84,0.912270980473406,0.349,0.185,8.7770268810533e-80,"Activated_endothelial_SELE","SCML1"
2.01273493088149e-171,0.910732688250543,0.902,0.789,4.93220694812509e-167,"Activated_endothelial_SELE","NFKBIA"
1.13778074953938e-89,0.905526955693794,0.327,0.163,2.78813172674625e-85,"Activated_endothelial_SELE","RBM4"
2.24858019725408e-196,0.903490055879111,0.73,0.436,5.51014577337113e-192,"Activated_endothelial_SELE","STXBP6"
2.95595671521739e-231,0.903489451450804,0.832,0.551,7.24357193064022e-227,"Activated_endothelial_SELE","TRA2B"
3.14211265285532e-130,0.897318959276973,0.762,0.562,7.69974705582195e-126,"Activated_endothelial_SELE","STC1"
2.61159838555357e-105,0.894834566275287,0.445,0.244,6.39972184379904e-101,"Activated_endothelial_SELE","TUBA1C"
7.27083229861593e-155,0.894089869154329,0.536,0.276,1.78171745477583e-150,"Activated_endothelial_SELE","FOSL2"
4.29993254594161e-81,0.890035337488796,0.381,0.215,1.05369847038299e-76,"Activated_endothelial_SELE","UGCG"
2.05229990087827e-274,0.887779198802184,0.956,0.849,5.0291609071022e-270,"Activated_endothelial_SELE","ANXA1"
2.07157240632707e-85,0.885774432774745,0.397,0.225,5.07638818170449e-81,"Activated_endothelial_SELE","ABCB1"
2.48447679659595e-180,0.884854434798051,0.803,0.553,6.08821039005837e-176,"Activated_endothelial_SELE","AKR1C1"
3.07879496238429e-126,0.879654220978075,0.686,0.467,7.54458705532271e-122,"Activated_endothelial_SELE","LIFR"
0,0.868511749237315,0.999,0.945,0,"Activated_endothelial_SELE","YBX3"
1.71816103515092e-170,0.865856600392094,0.742,0.487,4.21035361663733e-166,"Activated_endothelial_SELE","PVRL2"
1.05502221129052e-92,0.86485841683846,0.388,0.207,2.58533192876741e-88,"Activated_endothelial_SELE","COQ10B"
7.85929717506028e-110,0.864211450358875,0.452,0.246,1.92592077274852e-105,"Activated_endothelial_SELE","ETF1"
6.71743204334222e-145,0.85766785087718,0.595,0.335,1.64610672222101e-140,"Activated_endothelial_SELE","PER1"
7.50425842786441e-120,0.852898105405163,0.495,0.271,1.83891852774817e-115,"Activated_endothelial_SELE","C12orf75"
0,0.850363317762862,0.997,0.98,0,"Activated_endothelial_SELE","UBC"
9.64215373484463e-66,0.849608669270165,0.255,0.128,2.36280977272368e-61,"Activated_endothelial_SELE","FEM1C"
1.65350149133957e-112,0.84878610302742,0.513,0.296,4.05190540452763e-108,"Activated_endothelial_SELE","RGCC"
3.30910292024058e-86,0.846240461086911,0.389,0.214,8.10895670604955e-82,"Activated_endothelial_SELE","ASXL1"
2.02157007933136e-64,0.845758803327899,0.285,0.152,4.9538574794015e-60,"Activated_endothelial_SELE","PER2"
6.25029492911975e-149,0.845564155255814,0.882,0.726,1.53163477238079e-144,"Activated_endothelial_SELE","KLF6"
3.03251546266053e-116,0.845174626734238,0.544,0.324,7.43117914124964e-112,"Activated_endothelial_SELE","ZC3HAV1"
1.21168183556106e-91,0.844332215200102,0.515,0.322,2.96922633804238e-87,"Activated_endothelial_SELE","YPEL2"
3.38176463517419e-88,0.843769052605464,0.402,0.222,8.28701423849436e-84,"Activated_endothelial_SELE","PELI1"
0,0.843105061463466,0.843,0.374,0,"Activated_endothelial_SELE","HLA-DRB5"
4.56213080890706e-114,0.842405059958274,0.499,0.281,1.11795015472268e-109,"Activated_endothelial_SELE","TRA2A"
2.68964165658085e-47,0.836719482359124,0.354,0.231,6.59096687945138e-43,"Activated_endothelial_SELE","IFIT1"
1.99506857942616e-137,0.83640953936527,0.714,0.48,4.8889155538838e-133,"Activated_endothelial_SELE","FNIP2"
2.135656074452e-248,0.835892356301118,0.887,0.65,5.23342521044463e-244,"Activated_endothelial_SELE","BZW1"
4.24201846571842e-78,0.833820239729848,0.614,0.43,1.0395066250243e-73,"Activated_endothelial_SELE","PTGS2"
5.77118968222087e-68,0.833254533928734,0.283,0.148,1.41423003162822e-63,"Activated_endothelial_SELE","ZNF394"
4.9807066753175e-66,0.827910526477664,0.251,0.125,1.22052217078655e-61,"Activated_endothelial_SELE","SLC41A1"
1.40485218420526e-85,0.821914128965224,0.352,0.184,3.44259027739498e-81,"Activated_endothelial_SELE","ARL5B"
2.45188972487201e-76,0.816311066358347,0.708,0.556,6.00835577079887e-72,"Activated_endothelial_SELE","TUBA1A"
0,0.815529680268676,1,0.992,0,"Activated_endothelial_SELE","H3F3B"
5.50368090814036e-75,0.814575909473273,0.381,0.217,1.3486770065398e-70,"Activated_endothelial_SELE","SPTY2D1"
4.72696519059703e-62,0.814485174726863,0.262,0.135,1.1583428199558e-57,"Activated_endothelial_SELE","ZNF608"
1.10015220768618e-79,0.811761680759509,0.41,0.239,2.69592298493497e-75,"Activated_endothelial_SELE","ZNFX1"
7.15431567270103e-137,0.811708139725114,0.719,0.502,1.75316505559539e-132,"Activated_endothelial_SELE","TAF7"
4.10087465885313e-82,0.811364889433626,0.52,0.333,1.00491933515196e-77,"Activated_endothelial_SELE","GADD45A"
8.43437686353222e-117,0.810195746388535,0.502,0.277,2.06684405040857e-112,"Activated_endothelial_SELE","CTHRC1"
1.11836055595896e-256,0.804543857288476,0.982,0.931,2.74054254237743e-252,"Activated_endothelial_SELE","TM4SF1"
6.06827614055521e-74,0.801939808671106,0.381,0.22,1.48703106824305e-69,"Activated_endothelial_SELE","USP12"
5.40870113390709e-100,0.795908896611978,0.485,0.281,1.32540221286393e-95,"Activated_endothelial_SELE","RAB5A"
2.33837886847133e-295,0.795519240414802,0.946,0.768,5.73019741718898e-291,"Activated_endothelial_SELE","DNAJA1"
1.47852756780919e-105,0.792905615791303,0.6,0.394,3.62313180491642e-101,"Activated_endothelial_SELE","ACBD3"
0,0.792903191859709,0.968,0.854,0,"Activated_endothelial_SELE","TPM3"
2.81483043696193e-63,0.791328591234961,0.356,0.21,6.8977419857752e-59,"Activated_endothelial_SELE","ZNF593"
2.82310052794332e-62,0.784871701937254,0.317,0.178,6.91800784372511e-58,"Activated_endothelial_SELE","OTUD4"
9.49363017688361e-137,0.782306559550404,0.638,0.386,2.32641407484533e-132,"Activated_endothelial_SELE","RBBP6"
9.30688341085233e-60,0.777383862263602,0.298,0.166,2.28065177982936e-55,"Activated_endothelial_SELE","PTP4A1"
2.34688967496623e-60,0.769032014828246,0.321,0.183,5.75105314850474e-56,"Activated_endothelial_SELE","EOGT"
2.44207544636694e-70,0.764549696979129,0.374,0.217,5.98430588132219e-66,"Activated_endothelial_SELE","PPP1R18"
2.21656100368234e-73,0.764211696449787,0.487,0.313,5.43168273952357e-69,"Activated_endothelial_SELE","CFAP20"
1.7216702673418e-218,0.763575638430574,0.981,0.777,4.21895299012109e-214,"Activated_endothelial_SELE","EGR1"
4.44446699028447e-69,0.76218078737309,0.394,0.236,1.08911663596921e-64,"Activated_endothelial_SELE","UTP3"
3.31547814308902e-237,0.760236577728792,0.913,0.708,8.12457918963964e-233,"Activated_endothelial_SELE","ARGLU1"
1.59701082455659e-54,0.75810233365716,0.288,0.163,3.91347502557592e-50,"Activated_endothelial_SELE","LRRC59"
1.57916654227721e-153,0.758091939210415,0.781,0.551,3.8697476118503e-149,"Activated_endothelial_SELE","DDX3Y"
1.56204786322881e-92,0.75066949640734,0.535,0.341,3.82779828884221e-88,"Activated_endothelial_SELE","YTHDF2"
1.01266404539844e-128,0.748551970973869,0.719,0.501,2.48153324324888e-124,"Activated_endothelial_SELE","PFDN2"
3.80740266008473e-134,0.747783029019938,0.742,0.521,9.33004021853764e-130,"Activated_endothelial_SELE","LUZP1"
0,0.74215875626198,0.991,0.932,0,"Activated_endothelial_SELE","HSP90AA1"
4.16638105406544e-105,0.73652209035488,0.61,0.391,1.02097167729874e-100,"Activated_endothelial_SELE","PRNP"
3.78258031314986e-86,0.734320023302708,0.539,0.349,9.26921305737373e-82,"Activated_endothelial_SELE","UBE2J1"
8.99474096017522e-55,0.734303216135375,0.285,0.16,2.20416127229094e-50,"Activated_endothelial_SELE","HOTAIRM1"
8.56731975192082e-71,0.732752341601205,0.421,0.256,2.0994217052082e-66,"Activated_endothelial_SELE","NOLC1"
1.45056811836354e-44,0.731034232211714,0.285,0.172,3.55461717404985e-40,"Activated_endothelial_SELE","PDGFA"
2.21915506951135e-68,0.729064263867892,0.448,0.285,5.43803949783757e-64,"Activated_endothelial_SELE","IFIT3"
3.32838611680585e-98,0.727665299827662,0.597,0.389,8.15621017923274e-94,"Activated_endothelial_SELE","TUBB6"
1.84640388555155e-83,0.725170110578806,0.482,0.294,4.52461272154406e-79,"Activated_endothelial_SELE","ZNF791"
2.62523557387791e-162,0.723042567776261,0.821,0.604,6.43313977378781e-158,"Activated_endothelial_SELE","HNRNPM"
6.82707851263427e-53,0.713672185638162,0.332,0.201,1.67297558952103e-48,"Activated_endothelial_SELE","CPEB4"
1.86688174907087e-87,0.71132655101224,0.575,0.382,4.57479372609816e-83,"Activated_endothelial_SELE","WBP5"
2.82162687509308e-94,0.705172600710897,0.734,0.539,6.9143966574156e-90,"Activated_endothelial_SELE","FMO2"
2.38692680221105e-69,0.701088821381218,0.398,0.233,5.84916412881818e-65,"Activated_endothelial_SELE","CDC42EP2"
1.32136480913347e-70,0.700020699993806,0.435,0.265,3.23800446478156e-66,"Activated_endothelial_SELE","C16orf72"
6.40733363206249e-58,0.697452735330182,0.435,0.283,1.57011710653691e-53,"Activated_endothelial_SELE","REL"
3.338529266795e-81,0.694074193092344,0.543,0.357,8.18106596828114e-77,"Activated_endothelial_SELE","TMEM165"
1.40484265265791e-38,0.693870079936431,0.252,0.152,3.44256692033821e-34,"Activated_endothelial_SELE","IFIT5"
2.09848316146296e-81,0.687300345249931,0.546,0.356,5.14233298716499e-77,"Activated_endothelial_SELE","YPEL5"
5.36999371245395e-72,0.683705091811644,0.467,0.292,1.31591695923684e-67,"Activated_endothelial_SELE","CWC25"
6.46069395981123e-117,0.680566681937383,0.758,0.553,1.58319305485174e-112,"Activated_endothelial_SELE","EIF3I"
1.14428173652042e-60,0.677186286068441,0.405,0.253,2.80406239534329e-56,"Activated_endothelial_SELE","CFL2"
6.69644334703862e-139,0.676230588917881,0.768,0.528,1.64096344219181e-134,"Activated_endothelial_SELE","PSMB4"
1.08010406491723e-44,0.672107605247371,0.543,0.427,2.64679501107967e-40,"Activated_endothelial_SELE","LITAF"
5.4960914440017e-126,0.67203987274862,0.832,0.652,1.34681720835262e-121,"Activated_endothelial_SELE","BCLAF1"
9.06198716096711e-75,0.671947861221189,0.409,0.236,2.22063995379499e-70,"Activated_endothelial_SELE","SRGAP2C"
9.35153679505468e-73,0.671194055555328,0.463,0.287,2.29159409162815e-68,"Activated_endothelial_SELE","KLF7"
2.43473606318319e-99,0.669919350002095,0.617,0.395,5.96632072283041e-95,"Activated_endothelial_SELE","RAB21"
8.00019282674389e-99,0.668948400197028,0.626,0.403,1.96044725219359e-94,"Activated_endothelial_SELE","TSHZ2"
9.0569260953319e-84,0.668409756121808,0.512,0.316,2.21939973966108e-79,"Activated_endothelial_SELE","GNAI3"
1.77338713940587e-52,0.66692581614842,0.403,0.261,4.34568518511409e-48,"Activated_endothelial_SELE","VMP1"
2.40624670500042e-262,0.666605111150004,0.996,0.89,5.89650755060353e-258,"Activated_endothelial_SELE","JUNB"
1.3044735476137e-300,0.666133606441254,0.977,0.871,3.19661242842738e-296,"Activated_endothelial_SELE","SEPW1"
1.65131825915266e-27,0.66328432557061,0.261,0.173,4.0465553940536e-23,"Activated_endothelial_SELE","VEGFA"
7.59607134207971e-120,0.661084132089742,0.762,0.554,1.86141728237663e-115,"Activated_endothelial_SELE","SLC25A5"
4.22720470963675e-33,0.657407290730678,0.257,0.161,1.03587651409649e-28,"Activated_endothelial_SELE","CBR3"
5.69341626657084e-82,0.654534521837846,0.824,0.66,1.39517165612318e-77,"Activated_endothelial_SELE","DUSP6"
4.78879681606821e-46,0.648934987094659,0.397,0.261,1.17349465977751e-41,"Activated_endothelial_SELE","ACKR3"
6.68441473423009e-58,0.647433261905361,0.319,0.183,1.63801583062308e-53,"Activated_endothelial_SELE","CNOT1"
1.56166501959702e-57,0.647316773717104,0.357,0.214,3.8268601305225e-53,"Activated_endothelial_SELE","CYTH1"
4.19717438661195e-41,0.645948584173531,0.372,0.256,1.02851758343926e-36,"Activated_endothelial_SELE","SGCE"
1.1008883298171e-64,0.644928416662706,0.413,0.25,2.6977268522168e-60,"Activated_endothelial_SELE","PLEKHO2"
2.63473556059603e-49,0.641495520731954,0.365,0.231,6.45641949124056e-45,"Activated_endothelial_SELE","PTPN1"
7.87670616872179e-127,0.641448937635711,0.806,0.588,1.93018684664528e-122,"Activated_endothelial_SELE","HNRNPH1"
5.76229390106058e-43,0.635862540851333,0.262,0.154,1.4120501204549e-38,"Activated_endothelial_SELE","ZNF281"
4.23364048060102e-52,0.634402983597129,0.379,0.239,1.03745359977128e-47,"Activated_endothelial_SELE","SNRNP27"
1.02976622553558e-104,0.634399948342961,0.824,0.641,2.52344213567494e-100,"Activated_endothelial_SELE","LIMCH1"
3.52866047376503e-45,0.632820592912555,0.3,0.181,8.64698249096121e-41,"Activated_endothelial_SELE","TRIP10"
4.87081559355362e-54,0.630077857899355,0.344,0.206,1.19359336120032e-49,"Activated_endothelial_SELE","RLIM"
8.6759892878738e-51,0.629710531840028,0.313,0.185,2.12605117499348e-46,"Activated_endothelial_SELE","AKAP17A"
4.02943223020452e-52,0.628162867281155,0.333,0.2,9.87412368011617e-48,"Activated_endothelial_SELE","NRIP1"
8.67398939756371e-135,0.62753765374701,0.867,0.679,2.12556110187299e-130,"Activated_endothelial_SELE","VAPA"
2.19533478621505e-55,0.625051130148564,0.52,0.354,5.37966789361998e-51,"Activated_endothelial_SELE","ID2"
2.75135497780173e-81,0.623629429415508,0.584,0.385,6.74219537310314e-77,"Activated_endothelial_SELE","AFF4"
4.17102790203063e-50,0.622397425296323,0.318,0.189,1.02211038739261e-45,"Activated_endothelial_SELE","RLF"
1.48382464747732e-143,0.61791823200564,0.857,0.661,3.63611229864317e-139,"Activated_endothelial_SELE","SARAF"
2.00004183536675e-274,0.615860655226947,0.977,0.9,4.90110251756623e-270,"Activated_endothelial_SELE","HNRNPA1"
2.92701279656231e-41,0.615485089807794,0.29,0.178,7.17264485797595e-37,"Activated_endothelial_SELE","SLC25A28"
8.70354177033661e-57,0.614902569488133,0.46,0.305,2.13280291082099e-52,"Activated_endothelial_SELE","UBALD2"
1.21415910392743e-50,0.610701643884034,0.328,0.196,2.97529688417416e-46,"Activated_endothelial_SELE","IDI1"
2.4476927148465e-61,0.609107212946927,0.4,0.242,5.99807099773135e-57,"Activated_endothelial_SELE","GOLM1"
9.28154326192626e-64,0.608469586247557,0.576,0.406,2.27444217633503e-59,"Activated_endothelial_SELE","TLE1"
3.4619820966186e-60,0.607858207441836,0.388,0.233,8.48358712776388e-56,"Activated_endothelial_SELE","KLF11"
8.36782816559445e-50,0.606446118706794,0.422,0.276,2.05053629197892e-45,"Activated_endothelial_SELE","XBP1"
5.11460174151323e-58,0.604339304931887,0.5,0.342,1.25333315675782e-53,"Activated_endothelial_SELE","SERPINH1"
4.28349166584598e-52,0.604068662115306,0.311,0.181,1.04966963271556e-47,"Activated_endothelial_SELE","GPCPD1"
2.87474157837103e-37,0.601763092605975,0.296,0.188,7.04455423779821e-33,"Activated_endothelial_SELE","SLC20A1"
2.01237136544376e-62,0.60000711610116,0.421,0.26,4.93131603101992e-58,"Activated_endothelial_SELE","ARRDC3"
2.57571623126691e-51,0.599339326427851,0.355,0.217,6.31179262471956e-47,"Activated_endothelial_SELE","MFSD14A"
5.6304915454902e-78,0.596247957732565,0.56,0.368,1.37975195322237e-73,"Activated_endothelial_SELE","PCF11"
3.94710331803355e-75,0.591086092602408,0.563,0.372,9.6723766808412e-71,"Activated_endothelial_SELE","MAPK1IP1L"
5.0645440278792e-71,0.590922199629525,0.558,0.37,1.2410665140318e-66,"Activated_endothelial_SELE","CHSY1"
4.8312017460659e-47,0.590287675578179,0.386,0.25,1.18388598787345e-42,"Activated_endothelial_SELE","ZNF451"
1.82610791099227e-189,0.589323331424509,0.95,0.798,4.47487743588655e-185,"Activated_endothelial_SELE","CDC42"
1.91735416136672e-38,0.588066794939432,0.324,0.209,4.69847637242915e-34,"Activated_endothelial_SELE","FAM101B"
1.45870705548814e-60,0.586744422407407,0.334,0.187,3.5745616394737e-56,"Activated_endothelial_SELE","COL15A1"
3.90438564270416e-102,0.583287846446213,0.755,0.539,9.56769701744655e-98,"Activated_endothelial_SELE","CTNNB1"
1.00645213189258e-194,0.582131349256882,0.956,0.773,2.46631094920276e-190,"Activated_endothelial_SELE","IER2"
2.6099237764455e-205,0.581454196694011,0.99,0.847,6.39561821417969e-201,"Activated_endothelial_SELE","FOSB"
1.17224322475501e-57,0.580813588264889,0.467,0.306,2.87258202226214e-53,"Activated_endothelial_SELE","PCDH17"
1.71436806486404e-245,0.579806214399653,0.983,0.917,4.20105894294933e-241,"Activated_endothelial_SELE","CFL1"
9.79472549764154e-87,0.576515284691625,0.527,0.324,2.40019748319706e-82,"Activated_endothelial_SELE","HBEGF"
2.60399386202871e-59,0.572396255876874,0.514,0.347,6.38108695890136e-55,"Activated_endothelial_SELE","UBL3"
1.8718295210833e-41,0.569653811283309,0.432,0.3,4.58691824141463e-37,"Activated_endothelial_SELE","SAP30"
5.83468451544175e-39,0.567043543445625,0.312,0.199,1.429789440509e-34,"Activated_endothelial_SELE","MED31"
3.01794432236127e-33,0.565356038782514,0.3,0.196,7.3954725619463e-29,"Activated_endothelial_SELE","MAP2K3"
2.75357222225514e-75,0.562833527799265,0.547,0.354,6.74762873063621e-71,"Activated_endothelial_SELE","CSNK1E"
3.23705569868051e-49,0.561032221603969,0.361,0.225,7.93240498961658e-45,"Activated_endothelial_SELE","DPM1"
9.04163436406054e-59,0.560830127692393,0.419,0.259,2.21565250091304e-54,"Activated_endothelial_SELE","RASAL2"
5.22532834912307e-56,0.559272773032663,0.442,0.285,1.28046671195261e-51,"Activated_endothelial_SELE","KBTBD2"
1.45538220055886e-53,0.558839756670394,0.42,0.268,3.56641408246949e-49,"Activated_endothelial_SELE","ALYREF"
8.25433783835527e-33,0.554775631930458,0.386,0.274,2.02272548728896e-28,"Activated_endothelial_SELE","SOX7"
7.48832066805706e-47,0.552166428605017,0.416,0.274,1.83501297970738e-42,"Activated_endothelial_SELE","PLK3"
3.51322413867001e-76,0.55161635948288,0.613,0.413,8.60915575181086e-72,"Activated_endothelial_SELE","TPST2"
5.16904067018387e-53,0.550101519303466,0.476,0.314,1.26667341622856e-48,"Activated_endothelial_SELE","COTL1"
2.34817973919872e-65,0.549643256340454,0.635,0.452,5.75421445090647e-61,"Activated_endothelial_SELE","CTSL"
3.21309767898732e-45,0.549245091060373,0.345,0.216,7.87369586235843e-41,"Activated_endothelial_SELE","DPH3"
1.07263261744088e-54,0.548268531707318,0.422,0.268,2.62848622903886e-50,"Activated_endothelial_SELE","PML"
1.13631728355345e-45,0.547795983861074,0.342,0.213,2.78454550334773e-41,"Activated_endothelial_SELE","ZNF462"
2.66157641870199e-41,0.545808341701898,0.285,0.172,6.52219301402922e-37,"Activated_endothelial_SELE","TNFRSF10B"
8.41077253865928e-141,0.545617173364637,0.93,0.756,2.06105981059846e-136,"Activated_endothelial_SELE","SRGN"
3.46275420170106e-51,0.54340884344825,0.438,0.286,8.48547917126844e-47,"Activated_endothelial_SELE","ARIH1"
4.75231345027089e-34,0.543357945073233,0.338,0.228,1.16455441098888e-29,"Activated_endothelial_SELE","ZBTB10"
5.85241375301537e-78,0.543024865846481,0.758,0.569,1.43413399017642e-73,"Activated_endothelial_SELE","RP11-382A20.3"
2.53466008303858e-36,0.542180738889701,0.454,0.324,6.21118453348604e-32,"Activated_endothelial_SELE","GABARAPL1"
6.53809578070838e-96,0.541573125608883,0.776,0.584,1.60216037106259e-91,"Activated_endothelial_SELE","RSL24D1"
1.28449973086652e-67,0.538990681756661,0.433,0.257,3.1476665904884e-63,"Activated_endothelial_SELE","HLF"
9.5983671440099e-43,0.537659986317357,0.379,0.251,2.35207986863963e-38,"Activated_endothelial_SELE","CHMP4B"
6.73293516160811e-61,0.535858623129788,0.515,0.344,1.64990576135207e-56,"Activated_endothelial_SELE","PON2"
7.12197225324652e-83,0.534144011718615,0.707,0.508,1.74523930065806e-78,"Activated_endothelial_SELE","SEC14L1"
2.38978576336493e-64,0.532306831403083,0.625,0.445,5.85617001312577e-60,"Activated_endothelial_SELE","CYCS"
1.66916914287475e-104,0.531302985368981,0.842,0.666,4.09029898461458e-100,"Activated_endothelial_SELE","ARL6IP1"
3.37799398307214e-45,0.529850536168882,0.392,0.257,8.27777425551828e-41,"Activated_endothelial_SELE","CCNH"
1.37275723893832e-50,0.525029100015715,0.385,0.241,3.36394161401835e-46,"Activated_endothelial_SELE","ZBED6"
5.10299517071029e-119,0.523616928817545,0.893,0.73,1.25048896658256e-114,"Activated_endothelial_SELE","SBDS"
3.71041019487941e-42,0.522816097040397,0.379,0.248,9.092360182552e-38,"Activated_endothelial_SELE","GLTP"
4.58762636719358e-54,0.521974466023306,0.495,0.338,1.12419784128079e-49,"Activated_endothelial_SELE","TFG"
7.9970828280435e-150,0.521018313088193,0.957,0.755,1.95968514701206e-145,"Activated_endothelial_SELE","MCL1"
1.78217345006216e-72,0.520542549945294,0.694,0.51,4.36721603937733e-68,"Activated_endothelial_SELE","YWHAQ"
4.00273881527028e-155,0.519728738121283,0.968,0.884,9.80871146681983e-151,"Activated_endothelial_SELE","TUBA1B"
6.65379918108123e-51,0.519319772290677,0.542,0.385,1.63051348932395e-46,"Activated_endothelial_SELE","HOXD8"
2.96778162278774e-51,0.518901174917271,0.41,0.262,7.27254886664136e-47,"Activated_endothelial_SELE","ISCA1"
5.87472166359235e-56,0.518817213009655,0.572,0.403,1.43960054366331e-51,"Activated_endothelial_SELE","HSPA2"
4.20923056633895e-62,0.516353357798639,0.764,0.613,1.03147195028136e-57,"Activated_endothelial_SELE","NET1"
1.74543886698863e-49,0.516184337158359,0.41,0.266,4.27719794355564e-45,"Activated_endothelial_SELE","WDR45B"
3.16269590261492e-42,0.515384037478429,0.352,0.226,7.75018630935785e-38,"Activated_endothelial_SELE","RING1"
1.23272620020449e-49,0.513206215527853,0.573,0.41,3.0207955536011e-45,"Activated_endothelial_SELE","RB1CC1"
5.30674292367872e-35,0.512812280308335,0.405,0.281,1.30041735344747e-30,"Activated_endothelial_SELE","IFRD1"
3.30987853137595e-55,0.511919257097994,0.521,0.356,8.11085734113677e-51,"Activated_endothelial_SELE","TOX4"
3.33474552162772e-78,0.511755240454361,0.727,0.539,8.17179390074873e-74,"Activated_endothelial_SELE","HNRNPF"
1.13989821658279e-58,0.50948421255484,0.634,0.47,2.79332057973614e-54,"Activated_endothelial_SELE","SRSF4"
9.15530999413468e-260,0.508902641174302,0.995,0.959,2.2435087140627e-255,"Activated_endothelial_SELE","RPL23"
4.81584001023131e-49,0.507359309316701,0.445,0.297,1.18012159450718e-44,"Activated_endothelial_SELE","SAV1"
5.00934892203539e-82,0.506819135066712,0.784,0.596,1.22754095334477e-77,"Activated_endothelial_SELE","AP1S2"
1.60379146231896e-90,0.506721704952057,0.805,0.621,3.93009097841261e-86,"Activated_endothelial_SELE","RBM8A"
1.01625446338613e-92,0.504738462924763,0.871,0.738,2.49033156252771e-88,"Activated_endothelial_SELE","PRDX6"
2.44363928353414e-56,0.501729012100389,0.496,0.33,5.9881380643004e-52,"Activated_endothelial_SELE","UBE2N"
3.22595474488959e-173,0.501718334613011,0.961,0.86,7.90520210235194e-169,"Activated_endothelial_SELE","CIRBP"
1.06414633842158e-37,0.500016059728508,0.274,0.166,2.60769060230209e-33,"Activated_endothelial_SELE","PPP3R1"
6.00574389347687e-71,0.498547397609714,0.604,0.411,1.47170754109651e-66,"Activated_endothelial_SELE","RCN2"
3.8180964920725e-93,0.498226097361559,0.917,0.776,9.35624545382367e-89,"Activated_endothelial_SELE","FUS"
6.70851037831213e-118,0.497865149419941,0.908,0.757,1.64392046820539e-113,"Activated_endothelial_SELE","CNN3"
8.15891421789226e-38,0.497414835532837,0.398,0.274,1.9993419290945e-33,"Activated_endothelial_SELE","TCEAL2"
1.41079116886045e-106,0.496785984041485,0.849,0.627,3.45714375929253e-102,"Activated_endothelial_SELE","ABCG2"
2.8595498485643e-59,0.495956017546853,0.572,0.4,7.00732690390681e-55,"Activated_endothelial_SELE","RYBP"
1.05485100254659e-38,0.495339248109872,0.376,0.251,2.58491238174041e-34,"Activated_endothelial_SELE","RAPGEF2"
9.04627910379484e-41,0.493463357199798,0.437,0.302,2.21679069438493e-36,"Activated_endothelial_SELE","BAZ1A"
5.98058825314182e-62,0.492780272073386,0.645,0.47,1.4655431514324e-57,"Activated_endothelial_SELE","SHC1"
4.33189564333349e-40,0.49200583683558,0.362,0.236,1.06153102739887e-35,"Activated_endothelial_SELE","RARA"
4.89147891232887e-33,0.491280925873325,0.306,0.2,1.19865690746619e-28,"Activated_endothelial_SELE","CDK2AP1"
5.84549452837307e-41,0.48996281518902,0.315,0.195,1.43243843417782e-36,"Activated_endothelial_SELE","ANKS1A"
2.73668184902216e-307,0.487408497246012,0.996,0.989,6.70623887102881e-303,"Activated_endothelial_SELE","RPL39"
5.71816485658352e-72,0.486983405246781,0.746,0.567,1.40123629810579e-67,"Activated_endothelial_SELE","PGK1"
1.75958566895777e-49,0.483045286534296,0.55,0.389,4.31186468178103e-45,"Activated_endothelial_SELE","MIF"
3.19948712216744e-43,0.482541322381731,0.4,0.264,7.84034319287131e-39,"Activated_endothelial_SELE","PPP2CA"
2.85546656050821e-39,0.480750451104921,0.366,0.242,6.99732080652538e-35,"Activated_endothelial_SELE","CDK9"
1.25869441125046e-88,0.480322337744136,0.87,0.701,3.08443065476925e-84,"Activated_endothelial_SELE","DDX3X"
1.67420947213841e-41,0.478873506173962,0.31,0.191,4.10265031147516e-37,"Activated_endothelial_SELE","AMFR"
2.49146320876039e-244,0.477668182327258,0.996,0.977,6.10533059306733e-240,"Activated_endothelial_SELE","HSP90AB1"
2.14323650111997e-53,0.47625494565634,0.533,0.365,5.25200104599448e-49,"Activated_endothelial_SELE","STRAP"
2.25491196667048e-36,0.475737738689359,0.265,0.16,5.52566177432601e-32,"Activated_endothelial_SELE","CACHD1"
3.94890392802017e-39,0.475552113387258,0.329,0.211,9.67678907561342e-35,"Activated_endothelial_SELE","AGAP3"
3.27123159178639e-65,0.47548605401851,0.662,0.475,8.01615301567256e-61,"Activated_endothelial_SELE","ENAH"
6.88570633509644e-53,0.475367074654339,0.455,0.294,1.68734233741538e-48,"Activated_endothelial_SELE","ADGRL2"
1.84495642741969e-63,0.473859727005273,0.621,0.442,4.52106572539195e-59,"Activated_endothelial_SELE","RAB1A"
6.10402939301933e-15,0.47184206891148,0.372,0.303,1.49579240275939e-10,"Activated_endothelial_SELE","MEDAG"
1.58469207397397e-56,0.470803474845433,0.625,0.452,3.88328792727322e-52,"Activated_endothelial_SELE","DNAJB6"
1.84683783317827e-26,0.469360014492348,0.339,0.239,4.52567611020336e-22,"Activated_endothelial_SELE","NINJ1"
1.33174379841063e-33,0.469354225596153,0.38,0.264,3.26343817800525e-29,"Activated_endothelial_SELE","DYNLL2"
4.59768108370516e-37,0.468373571730181,0.356,0.236,1.12666174956195e-32,"Activated_endothelial_SELE","ALG13"
1.62633049728902e-43,0.466598069945723,0.425,0.284,3.98532288360674e-39,"Activated_endothelial_SELE","SH3BGRL2"
4.88012878237703e-25,0.466527061402921,0.301,0.209,1.19587555812149e-20,"Activated_endothelial_SELE","B3GNT2"
2.94219181179351e-92,0.46601907374544,0.869,0.71,7.2098410348e-88,"Activated_endothelial_SELE","MARCKS"
9.47715112310449e-46,0.462403212147496,0.558,0.403,2.32237588271676e-41,"Activated_endothelial_SELE","YME1L1"
2.23795516266757e-30,0.462267390015702,0.276,0.179,5.48410912611689e-26,"Activated_endothelial_SELE","SIN3A"
8.26816381802111e-51,0.461993167131165,0.553,0.389,2.02611354360607e-46,"Activated_endothelial_SELE","CMTM6"
6.12864613182067e-86,0.459379926410511,0.884,0.734,1.50182473460265e-81,"Activated_endothelial_SELE","RBM3"
3.60409511180559e-30,0.457753834805584,0.261,0.167,8.83183507147959e-26,"Activated_endothelial_SELE","LINC00936"
1.34433213856088e-28,0.457035013073153,0.341,0.239,3.29428590554343e-24,"Activated_endothelial_SELE","LSR"
1.6892447347382e-69,0.454403803805064,0.767,0.581,4.13949422247595e-65,"Activated_endothelial_SELE","HNRNPA0"
3.38082601041897e-53,0.453762005426885,0.598,0.427,8.28471413853169e-49,"Activated_endothelial_SELE","MAGOH"
4.49866243502756e-56,0.453452817281191,0.734,0.564,1.1023972297035e-51,"Activated_endothelial_SELE","RBMS3"
6.50290992653723e-26,0.450720546021503,0.261,0.173,1.59353807749795e-21,"Activated_endothelial_SELE","KMT2B"
1.76755270605059e-52,0.449450521104116,0.585,0.419,4.33138790617696e-48,"Activated_endothelial_SELE","ILF2"
1.96409741920664e-64,0.44827665034715,0.836,0.69,4.81302072576586e-60,"Activated_endothelial_SELE","CDC37"
1.74048604469961e-88,0.448149074646232,0.828,0.648,4.2650610525364e-84,"Activated_endothelial_SELE","GRASP"
7.26937414304236e-45,0.446860879248224,0.438,0.295,1.78136013375253e-40,"Activated_endothelial_SELE","PLEKHG1"
4.47439399583275e-95,0.444110943825471,0.876,0.684,1.09645024867882e-90,"Activated_endothelial_SELE","TUBB4B"
1.2385460627856e-58,0.442895717471738,0.729,0.561,3.03505712685612e-54,"Activated_endothelial_SELE","ARID4B"
1.17650147141354e-40,0.440692714867438,0.523,0.377,2.88301685569888e-36,"Activated_endothelial_SELE","VEZF1"
8.21270852135114e-41,0.439979031508011,0.441,0.302,2.0125242231571e-36,"Activated_endothelial_SELE","ST6GALNAC3"
8.12572417353847e-46,0.438951116482264,0.523,0.366,1.9912087087256e-41,"Activated_endothelial_SELE","FOXN3"
1.52776099965262e-82,0.438565714144681,0.863,0.71,3.74377832964874e-78,"Activated_endothelial_SELE","PRCP"
4.67014529434018e-34,0.437955175664678,0.344,0.228,1.14441910437806e-29,"Activated_endothelial_SELE","SLC25A29"
3.27547952824542e-43,0.437655398634526,0.753,0.624,8.0265625839654e-39,"Activated_endothelial_SELE","ARID5B"
6.70302422761074e-45,0.437370509827779,0.492,0.338,1.64257608697601e-40,"Activated_endothelial_SELE","SAR1A"
6.18463581327217e-39,0.437260202710004,0.334,0.213,1.51554500604234e-34,"Activated_endothelial_SELE","TAF11"
1.03569554062728e-20,0.432967234628186,0.339,0.248,2.53797192230715e-16,"Activated_endothelial_SELE","GLRX"
1.90463620946325e-26,0.430861137245562,0.263,0.173,4.66731103128969e-22,"Activated_endothelial_SELE","HERPUD2"
1.29449119988458e-42,0.430037144850227,0.393,0.256,3.17215068531717e-38,"Activated_endothelial_SELE","HS3ST1"
4.83049208749683e-26,0.429079595090316,0.327,0.23,1.1837120860411e-21,"Activated_endothelial_SELE","GCNT2"
1.90018417772997e-49,0.428992199828396,0.934,0.844,4.65640132752729e-45,"Activated_endothelial_SELE","ZFP36L2"
2.60316465122863e-65,0.428630155018086,0.821,0.629,6.37905497783576e-61,"Activated_endothelial_SELE","MYADM"
2.56450831448187e-36,0.427128954660214,0.362,0.24,6.28432762463783e-32,"Activated_endothelial_SELE","BCL7B"
4.80883979762174e-38,0.42706814854231,0.734,0.606,1.17840619240721e-33,"Activated_endothelial_SELE","NUDT4"
1.62763926217925e-78,0.424806564685521,0.855,0.69,3.98853001197026e-74,"Activated_endothelial_SELE","VAMP2"
7.18227865541913e-36,0.424085544410515,0.667,0.535,1.76001738451046e-31,"Activated_endothelial_SELE","FOXC2"
4.23853411107183e-55,0.422583094030563,0.753,0.6,1.03865278391815e-50,"Activated_endothelial_SELE","COX7A1"
6.07760472122496e-73,0.42216731743166,0.844,0.7,1.48931703693618e-68,"Activated_endothelial_SELE","DDX24"
2.43568476676772e-56,0.419977362098065,0.689,0.512,5.96864552096429e-52,"Activated_endothelial_SELE","PTPN12"
3.46719638347633e-40,0.418942181083263,0.507,0.361,8.49636473770874e-36,"Activated_endothelial_SELE","BAG5"
1.22022941302746e-84,0.41811566445727,0.884,0.729,2.99017217662378e-80,"Activated_endothelial_SELE","HNRNPDL"
8.13187541104017e-23,0.417225063902396,0.294,0.207,1.99271606947539e-18,"Activated_endothelial_SELE","RP11-553L6.5"
5.56817071271467e-39,0.416530383854003,0.367,0.242,1.36448023315073e-34,"Activated_endothelial_SELE","HEXIM1"
7.95351143355883e-25,0.416027826152049,0.265,0.177,1.94900797679359e-20,"Activated_endothelial_SELE","UAP1"
2.9519597415176e-22,0.415697226220831,0.256,0.175,7.23377734658888e-18,"Activated_endothelial_SELE","TMED5"
4.46505171599585e-75,0.41367271276516,0.899,0.761,1.09416092300478e-70,"Activated_endothelial_SELE","SET"
2.98343176563847e-25,0.413293288994199,0.282,0.19,7.31089954169707e-21,"Activated_endothelial_SELE","BACH1"
3.75628192430946e-58,0.411547145491691,0.806,0.66,9.20476885552033e-54,"Activated_endothelial_SELE","YWHAZ"
2.73893918642297e-36,0.411068056982195,0.461,0.328,6.71177047632948e-32,"Activated_endothelial_SELE","RNF114"
2.94185823118622e-20,0.409239794481768,0.266,0.187,7.20902359552183e-16,"Activated_endothelial_SELE","SAMHD1"
3.0306452475693e-28,0.408640578695578,0.326,0.22,7.42659617916857e-24,"Activated_endothelial_SELE","NMRK1"
8.09846651345777e-38,0.408126043116769,0.429,0.295,1.98452921912283e-33,"Activated_endothelial_SELE","ICA1"
2.39192065338618e-22,0.406544406907013,0.263,0.18,5.86140156112283e-18,"Activated_endothelial_SELE","BOC"
7.56550536581188e-102,0.406456226376973,0.983,0.897,1.8539270898922e-97,"Activated_endothelial_SELE","IL6ST"
2.48255192624225e-32,0.405177846730581,0.344,0.231,6.08349349525663e-28,"Activated_endothelial_SELE","PTPRK"
4.24470712265545e-42,0.404931755786055,0.472,0.325,1.04016548040672e-37,"Activated_endothelial_SELE","IRAK3"
1.16442385049294e-51,0.40492728728131,0.815,0.679,2.85342064563294e-47,"Activated_endothelial_SELE","RBM25"
4.99153795914226e-72,0.403847443592253,0.846,0.704,1.22317637688781e-67,"Activated_endothelial_SELE","PNISR"
3.08091098901319e-42,0.399725551447548,0.565,0.412,7.54977237857681e-38,"Activated_endothelial_SELE","KDSR"
1.58311461404936e-48,0.398202720101815,0.609,0.447,3.87942236172796e-44,"Activated_endothelial_SELE","LPAR6"
9.81888417420574e-25,0.397527353441272,0.3,0.208,2.40611756688912e-20,"Activated_endothelial_SELE","GRAMD1A"
1.03382240788823e-35,0.395634925541381,0.507,0.367,2.5333818105301e-31,"Activated_endothelial_SELE","YES1"
2.36613920338315e-30,0.394419378088265,0.479,0.353,5.79822411789042e-26,"Activated_endothelial_SELE","PIM3"
3.32332974261591e-45,0.394192450390985,0.628,0.47,8.14381953428029e-41,"Activated_endothelial_SELE","PTP4A2"
1.45903562304505e-41,0.393015944763651,0.539,0.387,3.5753667942719e-37,"Activated_endothelial_SELE","UQCRFS1"
4.83427279084217e-24,0.392546620315837,0.303,0.211,1.18463854739587e-19,"Activated_endothelial_SELE","SRP19"
1.66795108188666e-42,0.392475123267356,0.507,0.354,4.08731412616326e-38,"Activated_endothelial_SELE","COPS2"
2.47277921257014e-42,0.391146368347971,0.604,0.459,6.05954546040314e-38,"Activated_endothelial_SELE","KRR1"
2.26905134645944e-24,0.390610454087526,0.261,0.174,5.56031032449886e-20,"Activated_endothelial_SELE","PPP5C"
1.59956934577661e-36,0.389846479322902,0.411,0.28,3.91974468182557e-32,"Activated_endothelial_SELE","PPHLN1"
7.9552844804524e-30,0.384752841953772,0.39,0.276,1.94944246193486e-25,"Activated_endothelial_SELE","TOR1AIP2"
4.95359478118185e-31,0.384675461898057,0.394,0.274,1.21387840112861e-26,"Activated_endothelial_SELE","BCAS2"
2.73897360451098e-45,0.384434246646197,0.607,0.448,6.71185481785416e-41,"Activated_endothelial_SELE","GLO1"
3.1533300301062e-42,0.382929312624545,0.627,0.476,7.72723523877525e-38,"Activated_endothelial_SELE","CAMLG"
1.43689128779317e-30,0.380397639258293,0.349,0.237,3.52110210073716e-26,"Activated_endothelial_SELE","CRACR2B"
2.19512550261126e-80,0.378261159145429,0.911,0.79,5.37915504414888e-76,"Activated_endothelial_SELE","PCBP2"
6.23239684090465e-35,0.376102828807704,0.353,0.232,1.52724884586369e-30,"Activated_endothelial_SELE","ANKRD10"
2.3264826164837e-38,0.374352141576475,0.527,0.38,5.7010456516933e-34,"Activated_endothelial_SELE","KPNA4"
5.82444885861012e-40,0.371861272530925,0.58,0.426,1.42728119280241e-35,"Activated_endothelial_SELE","RRAGA"
1.33089380540426e-31,0.371129894851488,0.43,0.304,3.26135527014314e-27,"Activated_endothelial_SELE","AAED1"
2.30045660822437e-39,0.371084312485541,0.591,0.439,5.63726891845381e-35,"Activated_endothelial_SELE","MORF4L2"
6.09562957054928e-37,0.370696294630109,0.722,0.568,1.4937340262631e-32,"Activated_endothelial_SELE","PPP1CB"
1.43246810437074e-46,0.369794522052589,0.692,0.529,3.5102630897605e-42,"Activated_endothelial_SELE","EIF1B"
6.50525473548973e-33,0.369675869171423,0.452,0.324,1.59411267293176e-28,"Activated_endothelial_SELE","MXI1"
9.72433378332142e-49,0.369199588990262,0.742,0.582,2.38294799360291e-44,"Activated_endothelial_SELE","EIF4A1"
5.20269640157651e-36,0.369013671431998,0.46,0.321,1.27492075320632e-31,"Activated_endothelial_SELE","ITGA9"
2.83441568828186e-23,0.36769322504712,0.291,0.201,6.9457356441347e-19,"Activated_endothelial_SELE","PLEKHB2"
2.78912824600773e-27,0.366975902829357,0.363,0.257,6.83475876684194e-23,"Activated_endothelial_SELE","TAF3"
1.2788505568197e-33,0.366069583010781,0.562,0.427,3.13382328948667e-29,"Activated_endothelial_SELE","NUFIP2"
2.28470270842861e-31,0.364514952559875,0.461,0.334,5.5986639870043e-27,"Activated_endothelial_SELE","EGLN2"
3.47952308878602e-35,0.363141673737278,0.572,0.433,8.52657132907014e-31,"Activated_endothelial_SELE","COL4A3BP"
2.12109977249901e-28,0.362468980830147,0.307,0.205,5.19775499250882e-24,"Activated_endothelial_SELE","RFTN2"
5.65272097539919e-12,0.361758607180906,0.317,0.253,1.38519927502157e-07,"Activated_endothelial_SELE","FAM43A"
1.39828943568947e-22,0.360976732683937,0.267,0.181,3.42650826215705e-18,"Activated_endothelial_SELE","HAPLN3"
3.84413720134681e-24,0.36057738323047,0.358,0.258,9.42005821190037e-20,"Activated_endothelial_SELE","NANS"
8.00828174899018e-71,0.359956960821865,0.968,0.925,1.96242944259004e-66,"Activated_endothelial_SELE","EMCN"
4.80435963413669e-26,0.358902093227338,0.329,0.229,1.1773083283452e-21,"Activated_endothelial_SELE","IFI44"
2.83764980227129e-25,0.357776546710541,0.365,0.262,6.9536608404658e-21,"Activated_endothelial_SELE","TSPYL1"
2.15349321683243e-85,0.357447279535686,0.966,0.879,5.27713512784788e-81,"Activated_endothelial_SELE","BTG1"
1.50520152135183e-41,0.357390005525778,0.678,0.52,3.68849632807265e-37,"Activated_endothelial_SELE","RAP1A"
3.06011306587468e-24,0.356039721791543,0.288,0.195,7.49880706792589e-20,"Activated_endothelial_SELE","CCNG2"
1.53723437764723e-22,0.354978188325633,0.316,0.225,3.76699284242454e-18,"Activated_endothelial_SELE","CHRAC1"
3.57221614014005e-21,0.354213106663002,0.531,0.426,8.7537156514132e-17,"Activated_endothelial_SELE","HERPUD1"
7.90884377067103e-43,0.352823355432334,0.471,0.317,1.93806216600294e-38,"Activated_endothelial_SELE","FAM13C"
2.18335850356342e-29,0.352818481742174,0.383,0.268,5.35032001298215e-25,"Activated_endothelial_SELE","BIRC2"
7.72040582036449e-23,0.35132765743434,0.258,0.174,1.89188544628032e-18,"Activated_endothelial_SELE","ARHGEF1"
4.65635968128579e-79,0.350237299684022,0.5,0.303,1.14104093989908e-74,"Activated_endothelial_SELE","DNAJB1"
5.02994494956395e-27,0.348631358977885,0.306,0.207,1.23258800989065e-22,"Activated_endothelial_SELE","ACVR1"
3.18720272976689e-48,0.348470224117766,0.822,0.69,7.81024028929377e-44,"Activated_endothelial_SELE","MRFAP1"
1.91326130725644e-33,0.347466012821853,0.46,0.326,4.68844683343191e-29,"Activated_endothelial_SELE","WBP11"
7.82987000771925e-26,0.346103768156418,0.421,0.31,1.9187096453916e-21,"Activated_endothelial_SELE","RELA"
6.73151801834933e-25,0.345063239413497,0.316,0.221,1.6495584903965e-20,"Activated_endothelial_SELE","ARID1B"
1.61034779746872e-46,0.345008057516509,0.665,0.49,3.94615727769709e-42,"Activated_endothelial_SELE","NEDD9"
3.04115536834268e-18,0.344971531517352,0.398,0.307,7.45235123012373e-14,"Activated_endothelial_SELE","BTBD7"
9.16227450768505e-74,0.344803439778753,0.931,0.842,2.24521536810822e-69,"Activated_endothelial_SELE","EIF3E"
4.81691052006608e-33,0.344089624708902,0.399,0.274,1.18038392294219e-28,"Activated_endothelial_SELE","B4GALT5"
1.18432583974434e-29,0.343412135531624,0.346,0.234,2.9021904702935e-25,"Activated_endothelial_SELE","NRARP"
3.54771992936965e-24,0.342830325735556,0.357,0.255,8.69368768692032e-20,"Activated_endothelial_SELE","CD302"
1.67497755589539e-29,0.342301486535174,0.445,0.322,4.10453250072164e-25,"Activated_endothelial_SELE","PURB"
4.46235988041564e-22,0.34213541321573,0.337,0.243,1.09350128869585e-17,"Activated_endothelial_SELE","TPBG"
5.07827616360176e-28,0.342091107783159,0.38,0.266,1.24443157389061e-23,"Activated_endothelial_SELE","SMNDC1"
1.92727245196032e-118,0.341993126104535,0.98,0.957,4.72278114352877e-114,"Activated_endothelial_SELE","H3F3A"
1.96936194299612e-23,0.341354750352779,0.411,0.31,4.825921441312e-19,"Activated_endothelial_SELE","SAFB2"
3.34805405040264e-36,0.341309593234544,0.636,0.489,8.20440645051167e-32,"Activated_endothelial_SELE","HIPK3"
7.63389438083204e-40,0.341296845092082,0.755,0.608,1.87068581802289e-35,"Activated_endothelial_SELE","EIF1AX"
5.16135082145556e-39,0.341282115964086,0.498,0.347,1.26478901879768e-34,"Activated_endothelial_SELE","GMFG"
1.80688592573809e-22,0.339993687344463,0.349,0.252,4.42777396102119e-18,"Activated_endothelial_SELE","MRPL47"
2.52760080190446e-54,0.338056725946448,0.87,0.73,6.19388576506688e-50,"Activated_endothelial_SELE","NFIA"
1.56481518542016e-30,0.337279034609488,0.626,0.495,3.83457961187211e-26,"Activated_endothelial_SELE","EIF5A"
2.138832308693e-23,0.3360229438322,0.343,0.246,5.24120857245219e-19,"Activated_endothelial_SELE","SUPT5H"
2.79022409416234e-26,0.335502061108634,0.55,0.43,6.83744414274482e-22,"Activated_endothelial_SELE","GGNBP2"
1.28546613871631e-28,0.335287709692293,0.469,0.343,3.15003477292432e-24,"Activated_endothelial_SELE","PLCXD3"
8.20818730064167e-25,0.335036373768532,0.39,0.283,2.01141629802224e-20,"Activated_endothelial_SELE","ZNF800"
4.70202393187909e-23,0.334530344197753,0.299,0.207,1.15223096450697e-18,"Activated_endothelial_SELE","DCXR"
2.99751542443003e-61,0.334301778292865,0.893,0.76,7.34541154756578e-57,"Activated_endothelial_SELE","YWHAE"
6.63862239138282e-25,0.332669995492132,0.353,0.249,1.62679441700836e-20,"Activated_endothelial_SELE","CKLF"
2.59737925250527e-27,0.332603409269382,0.369,0.262,6.36487785826416e-23,"Activated_endothelial_SELE","TAP1"
1.42465182996338e-171,0.331557769208362,1,0.997,3.49110930932527e-167,"Activated_endothelial_SELE","RPL41"
1.33387403818567e-18,0.33005507707488,0.267,0.19,3.26865833057399e-14,"Activated_endothelial_SELE","OSMR"
7.05239189414683e-28,0.329741957261286,0.561,0.44,1.72818863366068e-23,"Activated_endothelial_SELE","FAM133B"
1.15168513894824e-59,0.329235208698834,0.935,0.836,2.82220443299266e-55,"Activated_endothelial_SELE","PNRC1"
8.34351113458826e-21,0.327077948290551,0.312,0.224,2.04457740353085e-16,"Activated_endothelial_SELE","SRA1"
4.5135131180575e-25,0.326863577096493,0.348,0.244,1.10603638957999e-20,"Activated_endothelial_SELE","LY96"
1.04972009859495e-31,0.326146495774405,0.965,0.927,2.57233910160691e-27,"Activated_endothelial_SELE","NEAT1"
8.96763362071335e-23,0.325681977422399,0.286,0.195,2.19751861875581e-18,"Activated_endothelial_SELE","DLL1"
1.25362791728944e-20,0.325147610689356,0.314,0.226,3.07201521131777e-16,"Activated_endothelial_SELE","GOLPH3"
6.97382816612712e-29,0.324693217764172,0.449,0.326,1.70893659210945e-24,"Activated_endothelial_SELE","TCF7L2"
3.94764283805514e-24,0.323804661285808,0.29,0.197,9.67369877465412e-20,"Activated_endothelial_SELE","N4BP2L1"
1.77917981301299e-46,0.323604229063805,0.791,0.638,4.35988013178833e-42,"Activated_endothelial_SELE","HMGN2"
1.04827983224533e-20,0.323435355148643,0.262,0.181,2.56880972891718e-16,"Activated_endothelial_SELE","BMP2K"
7.47977251979417e-26,0.323003034913525,0.41,0.299,1.83291825597556e-21,"Activated_endothelial_SELE","EVA1C"
4.59954015754981e-19,0.322448434955916,0.297,0.214,1.12711731560758e-14,"Activated_endothelial_SELE","FAM174A"
2.26571526637243e-28,0.318919788239788,0.468,0.344,5.55213526024565e-24,"Activated_endothelial_SELE","TSPYL2"
1.82265276639084e-33,0.318532095200668,0.566,0.42,4.46641060404076e-29,"Activated_endothelial_SELE","FOXO1"
9.5768119950386e-25,0.315720448919775,0.303,0.205,2.34679777938421e-20,"Activated_endothelial_SELE","FAM84B"
1.79757790878558e-29,0.314871331331078,0.436,0.308,4.40496466547905e-25,"Activated_endothelial_SELE","CASKIN2"
1.16542506404788e-63,0.314722012609701,0.928,0.818,2.85587411944932e-59,"Activated_endothelial_SELE","MORF4L1"
2.87437777549615e-26,0.314453608445323,0.403,0.293,7.04366273885333e-22,"Activated_endothelial_SELE","KDM2A"
2.79365982037119e-77,0.314281048949063,0.981,0.878,6.8458633898196e-73,"Activated_endothelial_SELE","RPL36A"
4.69130493925687e-17,0.313974065782584,0.257,0.185,1.1496042753649e-12,"Activated_endothelial_SELE","BLOC1S2"
5.71354308797859e-37,0.313512926098141,0.648,0.493,1.40010373370915e-32,"Activated_endothelial_SELE","PNPLA2"
3.96470895925644e-46,0.313418317454497,0.833,0.66,9.71551930465791e-42,"Activated_endothelial_SELE","RPL17"
2.38404692065998e-24,0.31316539247498,0.331,0.231,5.84210697907728e-20,"Activated_endothelial_SELE","R3HDM2"
1.03616336846396e-42,0.312573882296558,0.825,0.675,2.53911833442093e-38,"Activated_endothelial_SELE","RTN4"
3.84481071137435e-37,0.311766661776146,0.676,0.524,9.42170864822285e-33,"Activated_endothelial_SELE","GNAQ"
5.60393504707274e-22,0.31157861610828,0.312,0.221,1.37324428328518e-17,"Activated_endothelial_SELE","STARD3NL"
1.94028753972923e-22,0.310692896924546,0.273,0.185,4.75467461610647e-18,"Activated_endothelial_SELE","YBEY"
2.00439200823775e-24,0.309569314180655,0.469,0.353,4.9117626161866e-20,"Activated_endothelial_SELE","C21orf59"
2.17107222667529e-18,0.309214256261996,0.282,0.202,5.32021249146779e-14,"Activated_endothelial_SELE","DAZAP1"
8.47013333764541e-115,0.308862215712853,0.996,0.982,2.07560617439001e-110,"Activated_endothelial_SELE","RPL7"
1.10661764062428e-56,0.308655019631832,0.895,0.774,2.7117665283498e-52,"Activated_endothelial_SELE","STOM"
8.72177286255684e-23,0.308080425056287,0.476,0.364,2.13727043996955e-18,"Activated_endothelial_SELE","SPEN"
4.62978930508406e-18,0.30806046515588,0.258,0.182,1.13452986921085e-13,"Activated_endothelial_SELE","CHIC2"
9.74350312573429e-40,0.307777404041059,0.873,0.755,2.38764544096119e-35,"Activated_endothelial_SELE","ETS2"
3.30873646080089e-55,0.307413733890971,0.917,0.816,8.10805869719258e-51,"Activated_endothelial_SELE","PRRC2C"
1.37918624769583e-21,0.306996243780106,0.325,0.232,3.37969589997864e-17,"Activated_endothelial_SELE","UBE2E1"
2.11612408720167e-18,0.305797505614182,0.266,0.189,5.18556207568769e-14,"Activated_endothelial_SELE","TEAD2"
6.67840041202133e-31,0.305508761081046,0.532,0.395,1.63654202096583e-26,"Activated_endothelial_SELE","HSPA9"
8.76691615366067e-30,0.305506953968927,0.723,0.593,2.14833280345455e-25,"Activated_endothelial_SELE","SERPINB1"
4.98507628730909e-28,0.303530684648844,0.341,0.232,1.22159294420509e-23,"Activated_endothelial_SELE","BNIP3"
7.0738466674364e-31,0.303452384889799,0.518,0.386,1.73344612585529e-26,"Activated_endothelial_SELE","EIF2A"
3.07866742642005e-36,0.303114945729032,0.767,0.621,7.54427452844233e-32,"Activated_endothelial_SELE","KHDRBS1"
5.0889421170321e-33,0.302801724306702,0.879,0.771,1.24704526577872e-28,"Activated_endothelial_SELE","SAT1"
9.28882231388989e-26,0.302084925851993,0.454,0.339,2.27622590801872e-21,"Activated_endothelial_SELE","PHACTR4"
9.98866666702004e-58,0.301403250584418,0.937,0.843,2.44772276675326e-53,"Activated_endothelial_SELE","RBM39"
2.41500702061958e-159,0.299220989342059,0.998,0.996,5.91797470402828e-155,"Activated_endothelial_SELE","RPS3A"
1.56603589616947e-31,0.298631927091254,0.53,0.389,3.83757096356329e-27,"Activated_endothelial_SELE","EPC1"
5.12039788960007e-19,0.297148219808071,0.262,0.184,1.2547535028465e-14,"Activated_endothelial_SELE","PTS"
8.72290246634078e-43,0.295481123045988,0.88,0.778,2.13754724937681e-38,"Activated_endothelial_SELE","RDX"
7.57754475788291e-19,0.295116150910621,0.326,0.238,1.85687734291921e-14,"Activated_endothelial_SELE","ZFC3H1"
2.94230827149989e-33,0.295094664901467,0.602,0.455,7.21012641931049e-29,"Activated_endothelial_SELE","CCND3"
1.90323185525917e-48,0.294336450920018,0.859,0.716,4.6638696613126e-44,"Activated_endothelial_SELE","SEPP1"
2.1430046091695e-24,0.294076739037214,0.505,0.383,5.25143279476986e-20,"Activated_endothelial_SELE","ELF2"
2.75140369190131e-27,0.291711062459582,0.66,0.53,6.74231474700415e-23,"Activated_endothelial_SELE","ANKRD11"
2.19107311300062e-30,0.291582752358402,0.57,0.435,5.36922466340802e-26,"Activated_endothelial_SELE","XRN2"
1.00164425721828e-25,0.290766910637898,0.528,0.402,2.45452925231338e-21,"Activated_endothelial_SELE","ARF4"
2.87081973609384e-22,0.290698897039064,0.273,0.185,7.03494376329795e-18,"Activated_endothelial_SELE","SSBP3"
1.6133075084032e-38,0.289468003235282,0.844,0.715,3.95341004934205e-34,"Activated_endothelial_SELE","HNRNPU"
3.02995146623691e-37,0.289361546226743,0.816,0.684,7.42489606801356e-33,"Activated_endothelial_SELE","SUB1"
2.21184417758554e-29,0.289044168629657,0.644,0.501,5.42012415717337e-25,"Activated_endothelial_SELE","SNTB2"
1.17329868266192e-20,0.289041377343434,0.739,0.632,2.87516842186304e-16,"Activated_endothelial_SELE","IRF2BP2"
6.37716967099415e-23,0.288250053488646,0.456,0.343,1.56272542787712e-18,"Activated_endothelial_SELE","DYNLT3"
1.26925643327107e-20,0.287324882794395,0.283,0.196,3.11031288973075e-16,"Activated_endothelial_SELE","CPLX1"
2.8245689496386e-22,0.287133744327862,0.454,0.348,6.92160621108939e-18,"Activated_endothelial_SELE","TPRKB"
3.31459794430136e-22,0.287073299099285,0.344,0.248,8.12242226251048e-18,"Activated_endothelial_SELE","RAPH1"
1.53699365940445e-29,0.285758481031942,0.61,0.475,3.7664029623706e-25,"Activated_endothelial_SELE","METAP2"
2.02384012749152e-09,0.285436135447291,0.279,0.22,4.95942023241797e-05,"Activated_endothelial_SELE","CCDC71L"
6.23234994804432e-24,0.283754796360844,0.457,0.342,1.52723735476826e-19,"Activated_endothelial_SELE","SRSF6"
5.79265920038849e-21,0.283132390755051,0.26,0.177,1.4194911370552e-16,"Activated_endothelial_SELE","CRHBP"
8.83616041091682e-28,0.282203433767707,0.593,0.452,2.16530110869517e-23,"Activated_endothelial_SELE","FGFR1OP2"
3.75860526625893e-18,0.280708058455441,0.276,0.197,9.21046220496752e-14,"Activated_endothelial_SELE","AKIRIN2"
1.55470804161988e-11,0.280176889709528,0.622,0.537,3.80981205598951e-07,"Activated_endothelial_SELE","PDK4"
1.58678705620927e-27,0.278636041375598,0.491,0.366,3.88842168124083e-23,"Activated_endothelial_SELE","FRY"
1.08242045846616e-16,0.278409080700733,0.278,0.202,2.65247133347131e-12,"Activated_endothelial_SELE","ADAM17"
6.72675949346496e-19,0.278199605872555,0.274,0.194,1.64839241387359e-14,"Activated_endothelial_SELE","RASSF3"
2.37180927476899e-23,0.278087127759253,0.458,0.345,5.81211862782142e-19,"Activated_endothelial_SELE","RGL2"
4.58488820754345e-22,0.277933390975093,0.409,0.303,1.12352685525852e-17,"Activated_endothelial_SELE","TMEM88"
1.93581527704976e-38,0.27789934236566,0.849,0.726,4.74371533641044e-34,"Activated_endothelial_SELE","HNRNPC"
5.49808937634424e-10,0.27743152816104,0.285,0.225,1.34730680167316e-05,"Activated_endothelial_SELE","TAF9"
1.75522325737369e-17,0.27723689805532,0.279,0.2,4.30117459219423e-13,"Activated_endothelial_SELE","KIF22"
5.53362857657366e-25,0.27687979423841,0.725,0.608,1.35601568268937e-20,"Activated_endothelial_SELE","NFE2L2"
1.31866645695726e-35,0.276516393271796,0.735,0.591,3.23139215277376e-31,"Activated_endothelial_SELE","PDCD4"
2.74199157032949e-38,0.274000350752299,0.829,0.686,6.71925034309242e-34,"Activated_endothelial_SELE","SRRM1"
1.16574389631129e-24,0.273267480561203,0.486,0.365,2.85665541791081e-20,"Activated_endothelial_SELE","TMEM256"
2.02569415107432e-23,0.273251380473546,0.53,0.41,4.96396351720761e-19,"Activated_endothelial_SELE","EPB41L2"
3.98391558297336e-25,0.272499742466181,0.527,0.41,9.76258513607622e-21,"Activated_endothelial_SELE","RBP1"
2.29879223236134e-21,0.272114987637088,0.368,0.267,5.63319036540146e-17,"Activated_endothelial_SELE","LYRM1"
2.00309968869593e-33,0.271968154003705,0.694,0.537,4.90859578714937e-29,"Activated_endothelial_SELE","CHMP5"
5.59250959962791e-20,0.271933069051351,0.288,0.203,1.37044447738882e-15,"Activated_endothelial_SELE","LGALS8"
1.36481644801034e-16,0.270912443611715,0.362,0.277,3.34448270584934e-12,"Activated_endothelial_SELE","TRMT10C"
1.18063221559678e-90,0.26962477444326,0.995,0.97,2.89313924431991e-86,"Activated_endothelial_SELE","GAPDH"
6.67290290412411e-14,0.269032576165125,0.438,0.36,1.63519485665561e-09,"Activated_endothelial_SELE","LMCD1"
1.987714118159e-18,0.268972157688816,0.339,0.25,4.87089344654864e-14,"Activated_endothelial_SELE","BCL10"
4.86372412958208e-14,0.268900387159741,0.265,0.197,1.19185559795409e-09,"Activated_endothelial_SELE","CTC-444N24.11"
9.13241984789447e-21,0.268741277507022,0.393,0.294,2.23789948372654e-16,"Activated_endothelial_SELE","AGO2"
6.16429000913352e-28,0.266887704545227,0.68,0.549,1.51055926673817e-23,"Activated_endothelial_SELE","BBX"
2.61030242695713e-06,0.26659061679348,0.76,0.77,0.0639654609725845,"Activated_endothelial_SELE","CFH"
5.32676611819364e-20,0.265959882132298,0.282,0.196,1.30532403726335e-15,"Activated_endothelial_SELE","YTHDF3"
3.85377537397894e-23,0.26587103620054,0.368,0.264,9.4436765539354e-19,"Activated_endothelial_SELE","LRCH1"
1.27651135612324e-22,0.265751579627186,0.403,0.295,3.12809107817999e-18,"Activated_endothelial_SELE","ALDH9A1"
1.14415070380643e-21,0.265224274752513,0.675,0.559,2.80374129967765e-17,"Activated_endothelial_SELE","CRIM1"
4.66328768387517e-48,0.264756793410635,0.919,0.821,1.14273864693361e-43,"Activated_endothelial_SELE","HNRNPK"
1.68921956766386e-29,0.264631021615189,0.48,0.347,4.1394325505603e-25,"Activated_endothelial_SELE","RALGAPA2"
1.1165500096828e-17,0.263358702394316,0.33,0.245,2.7361057987277e-13,"Activated_endothelial_SELE","GAS2L1"
7.22335761421237e-21,0.263028943769127,0.396,0.294,1.77008378336274e-16,"Activated_endothelial_SELE","RBM22"
7.34596767419359e-15,0.262764383438711,0.354,0.274,1.80012937856114e-10,"Activated_endothelial_SELE","EIF4A3"
3.15246484715713e-21,0.262249472400535,0.337,0.241,7.72511510795854e-17,"Activated_endothelial_SELE","NR1D2"
5.94875517023129e-19,0.262175269233673,0.474,0.37,1.45774245446518e-14,"Activated_endothelial_SELE","CHD1"
5.56312514847431e-22,0.26201899232129,0.414,0.308,1.36324381763363e-17,"Activated_endothelial_SELE","ARF5"
5.1828417133579e-19,0.259565037639434,0.46,0.359,1.27005536185835e-14,"Activated_endothelial_SELE","TMF1"
3.75982245871056e-21,0.259356866180111,0.367,0.269,9.21344493507023e-17,"Activated_endothelial_SELE","USF2"
2.38944396088818e-17,0.258058078716071,0.349,0.263,5.85533242615647e-13,"Activated_endothelial_SELE","YLPM1"
1.23835307051612e-34,0.255352615157235,0.829,0.694,3.03458419929975e-30,"Activated_endothelial_SELE","SNX3"
9.1615258727848e-17,0.255183556310545,0.336,0.251,2.24503191512592e-12,"Activated_endothelial_SELE","DOC2B"
9.27069990516064e-45,0.254834202674786,0.584,0.413,2.27178501175962e-40,"Activated_endothelial_SELE","TMEM2"
4.87753356445661e-26,0.254487027903992,0.51,0.382,1.19523959997009e-21,"Activated_endothelial_SELE","CTTN"
4.76424562785913e-28,0.254309482478574,0.565,0.428,1.16747839110688e-23,"Activated_endothelial_SELE","LEPR"
5.5431956699109e-18,0.254151956247525,0.45,0.348,1.35836009891167e-13,"Activated_endothelial_SELE","PABPC4"
1.75607408162974e-20,0.253438109932921,0.285,0.198,4.30325953703369e-16,"Activated_endothelial_SELE","MCF2L"
3.49967776987423e-25,0.253297472885137,0.617,0.484,8.57596037507679e-21,"Activated_endothelial_SELE","RAP1B"
5.52957576853797e-14,0.253132909880148,0.297,0.224,1.35502254208023e-09,"Activated_endothelial_SELE","FAM60A"
6.88055290729875e-17,0.252007982437649,0.349,0.263,1.68607948993356e-12,"Activated_endothelial_SELE","EIF4E"
2.29812939352553e-41,0.251800508293246,0.987,0.954,5.6315660788343e-37,"Activated_endothelial_SELE","SDPR"
1.12408417120702e-29,0.251307342712281,0.723,0.573,2.75456826154281e-25,"Activated_endothelial_SELE","SRSF9"
2.70067304796603e-22,0.251167402465602,0.294,0.203,6.61799930404075e-18,"Activated_endothelial_SELE","ECHDC2"
0,7.14079632774031,0.839,0.011,0,"Angiogenic_endothelial_like","MTRNR2L8"
0,6.52447206702022,0.882,0.029,0,"Angiogenic_endothelial_like","MTRNR2L12"
0,3.78121734541475,0.635,0.154,0,"Angiogenic_endothelial_like","PLCG2"
0,3.59736124165114,0.685,0.122,0,"Angiogenic_endothelial_like","DES"
0,3.21208045900902,0.486,0.098,0,"Angiogenic_endothelial_like","ACTG2"
6.66626545969305e-253,2.90615202356214,0.295,0.071,1.63356835089778e-248,"Angiogenic_endothelial_like","CKB"
1.40104344285862e-254,2.51403893155307,0.346,0.096,3.43325695672505e-250,"Angiogenic_endothelial_like","CNN1"
2.01276837105074e-238,2.41905286845987,0.378,0.123,4.93228889325985e-234,"Angiogenic_endothelial_like","MYLK"
3.73363700352048e-171,2.39558259304601,0.51,0.312,9.14927747712694e-167,"Angiogenic_endothelial_like","DNAJB1"
0,2.29874514851923,0.674,0.254,0,"Angiogenic_endothelial_like","MYH11"
0,2.18417863969435,0.84,0.389,0,"Angiogenic_endothelial_like","TPM2"
2.04674532405161e-113,2.12413239166286,0.341,0.168,5.01554941658847e-109,"Angiogenic_endothelial_like","IER5L"
2.69810049776443e-134,2.11512208984696,0.304,0.119,6.61169526977174e-130,"Angiogenic_endothelial_like","HLA-DQA1"
3.36667106371197e-133,1.99260697696017,0.454,0.23,8.25002744162618e-129,"Angiogenic_endothelial_like","CCL2"
3.52736105672997e-89,1.94348300128678,0.359,0.212,8.6437982695168e-85,"Angiogenic_endothelial_like","UBE2S"
0,1.91341053474569,0.911,0.649,0,"Angiogenic_endothelial_like","ID1"
0,1.88247259660582,0.893,0.622,0,"Angiogenic_endothelial_like","ID3"
0,1.86221706931284,0.733,0.333,0,"Angiogenic_endothelial_like","ACTA2"
1.16876037763079e-285,1.71118910662808,0.818,0.612,2.86404730538425e-281,"Angiogenic_endothelial_like","HES1"
3.97690754217552e-69,1.70973563985379,0.598,0.569,9.74541193210111e-65,"Angiogenic_endothelial_like","HSPA1A"
0,1.64773604398845,0.991,0.947,0,"Angiogenic_endothelial_like","MT-ATP6"
8.62287103686798e-61,1.63654899958672,0.303,0.177,2.1130345475845e-56,"Angiogenic_endothelial_like","MME"
9.57313078253154e-103,1.59294971408667,0.406,0.232,2.34589569825935e-98,"Angiogenic_endothelial_like","NRARP"
0,1.58357327795389,0.921,0.542,0,"Angiogenic_endothelial_like","TAGLN"
0,1.56321046888361,0.993,0.981,0,"Angiogenic_endothelial_like","MT-CO3"
0,1.4780996380284,0.99,0.989,0,"Angiogenic_endothelial_like","MT-CO1"
0,1.43483480156941,0.99,0.987,0,"Angiogenic_endothelial_like","MT-CO2"
1.60086946462194e-124,1.42414193674947,0.566,0.375,3.92293062305607e-120,"Angiogenic_endothelial_like","IRF1"
1.31343357059337e-110,1.4227014586039,0.592,0.423,3.21856896473905e-106,"Angiogenic_endothelial_like","IER3"
7.42689761098959e-189,1.40356248205576,0.715,0.497,1.819961259573e-184,"Angiogenic_endothelial_like","NR4A2"
2.66232254925463e-314,1.40338218831251,0.839,0.583,6.52402140694846e-310,"Angiogenic_endothelial_like","MYL9"
1.37119068109742e-52,1.39368175292808,0.329,0.201,3.36010276402924e-48,"Angiogenic_endothelial_like","CXCL2"
1.53414436840875e-101,1.37547979166534,0.524,0.362,3.75942077478563e-97,"Angiogenic_endothelial_like","ID2"
1.83044737605562e-54,1.32513841102999,0.374,0.261,4.48551129502429e-50,"Angiogenic_endothelial_like","H2AFX"
3.03576532762206e-70,1.30810855549226,0.369,0.219,7.43914293533785e-66,"Angiogenic_endothelial_like","NFKBID"
5.10634180339627e-97,1.30741046802335,0.632,0.538,1.25130905892226e-92,"Angiogenic_endothelial_like","SERTAD1"
3.47099803856849e-25,1.29389347637181,0.359,0.299,8.50568069351208e-21,"Angiogenic_endothelial_like","INTS6"
4.8907590533752e-32,1.28606196779043,0.38,0.308,1.19848050602959e-27,"Angiogenic_endothelial_like","TNFRSF10D"
8.96026508427539e-74,1.24931618885616,0.473,0.353,2.19571295890168e-69,"Angiogenic_endothelial_like","PCAT19"
0,1.24092194069936,0.949,0.899,0,"Angiogenic_endothelial_like","RPS26"
0,1.23566886202525,0.979,0.947,0,"Angiogenic_endothelial_like","MT-ND2"
7.86069721788268e-33,1.2341370910551,0.458,0.404,1.92626385324215e-28,"Angiogenic_endothelial_like","HSPA1B"
9.42982625180001e-78,1.2308451152136,0.501,0.372,2.31077892300359e-73,"Angiogenic_endothelial_like","HLA-DQB1"
8.01171161790304e-29,1.21688119014942,0.265,0.182,1.96326993196714e-24,"Angiogenic_endothelial_like","CTD-3252C9.4"
3.91565427886383e-67,1.20600998791699,0.526,0.429,9.59531081035581e-63,"Angiogenic_endothelial_like","SLC38A2"
5.05272906718779e-195,1.19913134689833,0.791,0.635,1.23817125791437e-190,"Angiogenic_endothelial_like","TPM1"
4.81614733099033e-131,1.19239846979447,0.753,0.63,1.18019690345918e-126,"Angiogenic_endothelial_like","GADD45B"
6.83983259446317e-72,1.11557004887471,0.547,0.4,1.6761009772732e-67,"Angiogenic_endothelial_like","DNASE1L3"
0,1.09491367843945,0.984,0.95,0,"Angiogenic_endothelial_like","MT-ND1"
4.93276335310684e-25,1.09436102907776,0.311,0.239,1.20877365967883e-20,"Angiogenic_endothelial_like","ICAM1"
2.59953206313902e-242,1.08053185824635,0.855,0.572,6.37015332072216e-238,"Angiogenic_endothelial_like","NR4A1"
2.22672054963813e-32,1.03932357269599,0.41,0.343,5.45657870688825e-28,"Angiogenic_endothelial_like","PPP1R10"
0,1.01092612692192,0.99,0.992,0,"Angiogenic_endothelial_like","MT-CYB"
3.17656783532636e-32,0.992902748703217,0.26,0.165,7.78417948046724e-28,"Angiogenic_endothelial_like","RGS5"
4.18081428767165e-09,0.968023553604341,0.289,0.268,0.000102450854119394,"Angiogenic_endothelial_like","HSPH1"
1.59151548261622e-11,0.966850241891421,0.299,0.266,3.90000869015104e-07,"Angiogenic_endothelial_like","TSC22D2"
2.34090456649913e-96,0.964388903801914,0.789,0.798,5.73638664020611e-92,"Angiogenic_endothelial_like","DNAJA1"
2.74858114138435e-38,0.956004782753387,0.421,0.331,6.73539808696236e-34,"Angiogenic_endothelial_like","FAM13C"
3.03907980095461e-204,0.940649550740358,0.937,0.843,7.44726505223927e-200,"Angiogenic_endothelial_like","HLA-DRA"
2.01246689034744e-14,0.940216712500308,0.315,0.275,4.9315501147964e-10,"Angiogenic_endothelial_like","CHCHD10"
5.75205155849216e-28,0.935837055134043,0.378,0.308,1.4095402344085e-23,"Angiogenic_endothelial_like","SORBS1"
3.87539866036141e-33,0.934112890338943,0.504,0.486,9.49666441721564e-29,"Angiogenic_endothelial_like","BRD2"
8.95639906424288e-13,0.929417224459675,0.373,0.358,2.19476559069272e-08,"Angiogenic_endothelial_like","ZC3HAV1"
9.04536552258855e-15,0.901716686200299,0.335,0.297,2.21656682131032e-10,"Angiogenic_endothelial_like","IFRD1"
0,0.891027791466504,0.985,0.983,0,"Angiogenic_endothelial_like","MT-ND4"
2.11302205982879e-18,0.887871134579651,0.396,0.352,5.17796055761044e-14,"Angiogenic_endothelial_like","HBEGF"
7.40191330667174e-101,0.882514204281396,0.838,0.804,1.81383885579991e-96,"Angiogenic_endothelial_like","NFKBIA"
1.08117195637398e-23,0.879792223535071,0.48,0.427,2.64941187909443e-19,"Angiogenic_endothelial_like","CYR61"
2.56509254340223e-72,0.875355213855699,0.653,0.566,6.28575927760715e-68,"Angiogenic_endothelial_like","MT-ND4L"
6.04048122493128e-18,0.871509112779952,0.331,0.277,1.48021992416941e-13,"Angiogenic_endothelial_like","CTTNBP2"
5.90857826532597e-10,0.866913424623845,0.276,0.232,1.44789710391813e-05,"Angiogenic_endothelial_like","RGS16"
3.0902022880728e-40,0.851566041773207,0.552,0.51,7.5725407069224e-36,"Angiogenic_endothelial_like","HIST1H4C"
2.77433329564064e-137,0.849564669048549,0.922,0.88,6.79850374096738e-133,"Angiogenic_endothelial_like","JUN"
3.03154225005016e-66,0.84900606236574,0.678,0.576,7.42879428374792e-62,"Angiogenic_endothelial_like","ATF3"
5.87670538937637e-191,0.845182970754454,0.941,0.882,1.44008665566668e-186,"Angiogenic_endothelial_like","HLA-DRB1"
2.35531281517795e-46,0.843560037801821,0.616,0.532,5.77169405359357e-42,"Angiogenic_endothelial_like","ADAMTS1"
1.3532680649009e-08,0.843174863760082,0.263,0.235,0.000331618339303965,"Angiogenic_endothelial_like","GAB1"
3.70033532749433e-76,0.841456132081131,0.661,0.55,9.06767172002487e-72,"Angiogenic_endothelial_like","BHLHE40"
6.96505247505672e-187,0.840430570951512,0.991,0.949,1.70678610901265e-182,"Angiogenic_endothelial_like","FOS"
1.59900891743471e-43,0.838535779195169,0.5,0.403,3.91837135217375e-39,"Angiogenic_endothelial_like","DUSP5"
3.55893414622782e-92,0.833081860928225,0.661,0.525,8.72116812533128e-88,"Angiogenic_endothelial_like","KLF10"
2.21878614607485e-119,0.825764192213949,0.921,0.864,5.43713545095642e-115,"Angiogenic_endothelial_like","FOSB"
2.16193086816219e-15,0.821312084028444,0.332,0.28,5.29781159243146e-11,"Angiogenic_endothelial_like","PLK2"
3.97169763955877e-14,0.818183123627623,0.33,0.293,9.73264506573877e-10,"Angiogenic_endothelial_like","FARP1"
8.17498767952861e-60,0.797122505031446,0.626,0.55,2.00328073086849e-55,"Angiogenic_endothelial_like","FLNA"
0.00569072136425497,0.788938761078052,0.335,0.355,1,"Angiogenic_endothelial_like","MAT2A"
3.57328977977647e-27,0.788742112245349,0.655,0.607,8.75634660534225e-23,"Angiogenic_endothelial_like","CYP1B1"
2.84844631040095e-45,0.785509065089343,0.553,0.485,6.98011768363754e-41,"Angiogenic_endothelial_like","CCDC68"
3.63819887734881e-45,0.783076185886171,0.593,0.552,8.91540634894325e-41,"Angiogenic_endothelial_like","TLN1"
3.78497411484858e-159,0.770174607609462,0.97,0.899,9.27507906843644e-155,"Angiogenic_endothelial_like","JUNB"
1.36130871840503e-26,0.765478903979431,0.501,0.461,3.33588701445152e-22,"Angiogenic_endothelial_like","CDKN1C"
6.2192081155155e-72,0.749061788857491,0.723,0.691,1.52401694870707e-67,"Angiogenic_endothelial_like","HLA-F"
2.25756179790618e-20,0.737139620293268,0.466,0.434,5.53215518576908e-16,"Angiogenic_endothelial_like","RSRP1"
1.34231546912142e-19,0.727788678005525,0.474,0.436,3.28934405708204e-15,"Angiogenic_endothelial_like","TMEM2"
7.32005278496846e-07,0.719164566675966,0.296,0.277,0.0179377893495652,"Angiogenic_endothelial_like","PROX1"
3.35423368978717e-05,0.714165057792792,0.305,0.301,0.821954965682347,"Angiogenic_endothelial_like","NOC3L"
6.22477505898963e-62,0.70950203793823,0.845,0.873,1.52538112820541e-57,"Angiogenic_endothelial_like","HSPA8"
2.85406464261494e-05,0.705890919914049,0.277,0.265,0.699388540672791,"Angiogenic_endothelial_like","JDP2"
8.45379929292506e-79,0.701960537861047,0.76,0.647,2.07160351673129e-74,"Angiogenic_endothelial_like","MYADM"
1.29834807609538e-08,0.701140358511335,0.368,0.361,0.000318160196047173,"Angiogenic_endothelial_like","CLK1"
3.3641697291002e-24,0.70101252262421,0.431,0.358,8.24389792116004e-20,"Angiogenic_endothelial_like","TNFAIP3"
1.90621063440183e-23,0.68974892912673,0.486,0.44,4.67116915960168e-19,"Angiogenic_endothelial_like","LITAF"
7.66085123308501e-146,0.688993014233779,0.928,0.892,1.87729159466748e-141,"Angiogenic_endothelial_like","MT-ND5"
2.09496006811541e-50,0.688690454066708,0.725,0.678,5.13369964691681e-46,"Angiogenic_endothelial_like","SLC2A3"
1.79955640077777e-26,0.685500886987577,0.639,0.613,4.40981296010593e-22,"Angiogenic_endothelial_like","CDKN1A"
1.17262853569932e-05,0.68545525587579,0.266,0.248,0.287352622673118,"Angiogenic_endothelial_like","ADRB2"
1.83460554227667e-08,0.683384488432983,0.358,0.343,0.000449570088134897,"Angiogenic_endothelial_like","KDM6B"
2.00599369419772e-72,0.682733628102644,0.821,0.789,4.91568754763151e-68,"Angiogenic_endothelial_like","BTG2"
0.00560923447506259,0.668572715923004,0.314,0.337,1,"Angiogenic_endothelial_like","YWHAG"
2.54690729820237e-07,0.660040800583913,0.321,0.309,0.0062411963342449,"Angiogenic_endothelial_like","KBTBD2"
2.43670036197949e-15,0.65969307849703,0.433,0.401,5.97113423703073e-11,"Angiogenic_endothelial_like","TSPAN5"
3.15371504014705e-88,0.65931207478652,0.862,0.809,7.72817870588035e-84,"Angiogenic_endothelial_like","KLF4"
5.17741429083545e-69,0.655054524054032,0.863,0.869,1.26872537196923e-64,"Angiogenic_endothelial_like","EGFL7"
7.70423126672348e-41,0.649668049153686,0.615,0.533,1.88792187191059e-36,"Angiogenic_endothelial_like","FILIP1L"
1.10945335501403e-08,0.644532333748299,0.369,0.355,0.000271871544646187,"Angiogenic_endothelial_like","FAM107B"
2.39212202212542e-05,0.642932066453209,0.327,0.32,0.586189501521834,"Angiogenic_endothelial_like","SKIL"
6.88340574040794e-25,0.641279374782391,0.474,0.412,1.68677857668697e-20,"Angiogenic_endothelial_like","GUCY1A3"
2.20742912104873e-74,0.63096125933177,0.694,0.549,5.40930506112992e-70,"Angiogenic_endothelial_like","AKAP12"
1.67777287683763e-07,0.629653276792212,0.432,0.451,0.00411138243469062,"Angiogenic_endothelial_like","NUFIP2"
1.63067991045719e-105,0.628111019512376,0.883,0.792,3.99598112057533e-101,"Angiogenic_endothelial_like","IER2"
6.57260753561084e-12,0.624779814845317,0.478,0.483,1.61061747660144e-07,"Angiogenic_endothelial_like","SNRK"
5.3380341473889e-07,0.618953263612707,0.378,0.377,0.0130808526781765,"Angiogenic_endothelial_like","HHEX"
0.00012061533178875,0.614204297420306,0.342,0.351,1,"Angiogenic_endothelial_like","FGFR1"
1.70263397650879e-08,0.613870262578772,0.407,0.415,0.000417230455943479,"Angiogenic_endothelial_like","FERMT2"
3.13690917672067e-39,0.6130128389375,0.693,0.675,7.68699593755401e-35,"Angiogenic_endothelial_like","GRASP"
1.2708697599953e-104,0.612587464365684,0.891,0.881,3.11426634686848e-100,"Angiogenic_endothelial_like","TGFBR2"
4.99286500157339e-38,0.610729380386893,0.605,0.542,1.22350156863556e-33,"Angiogenic_endothelial_like","TM4SF18"
1.57173805070201e-26,0.609084365228927,0.628,0.635,3.85154409324528e-22,"Angiogenic_endothelial_like","FLT1"
0.00119352494989428,0.601631201408665,0.303,0.31,1,"Angiogenic_endothelial_like","ITPR1"
9.15296259460437e-28,0.595877014736531,0.427,0.337,2.2429334838078e-23,"Angiogenic_endothelial_like","EGR3"
7.98882188112187e-17,0.593959169544895,0.502,0.455,1.95766080196891e-12,"Angiogenic_endothelial_like","PTGS2"
1.11171004313547e-259,0.590027484394052,0.985,0.984,2.72424546070346e-255,"Angiogenic_endothelial_like","RPL27A"
1.02179404228302e-17,0.586843075485518,0.58,0.566,2.50390630061453e-13,"Angiogenic_endothelial_like","SOX18"
0,0.58043686853963,0.998,0.997,0,"Angiogenic_endothelial_like","HLA-E"
6.15418276002881e-60,0.574954906898213,0.767,0.693,1.50808248534506e-55,"Angiogenic_endothelial_like","CCND1"
8.45572254499917e-26,0.572681395446684,0.699,0.766,2.07207480965205e-21,"Angiogenic_endothelial_like","SQSTM1"
1.14142210973725e-06,0.568502235009691,0.434,0.445,0.0279705487991113,"Angiogenic_endothelial_like","CD55"
3.37136295676916e-23,0.565111265680252,0.574,0.556,8.26152492556283e-19,"Angiogenic_endothelial_like","PLPP3"
2.18669158719838e-11,0.556754144674749,0.384,0.348,5.35848773442962e-07,"Angiogenic_endothelial_like","SYNM"
2.01807170817609e-12,0.556470542004308,0.524,0.549,4.94528472088551e-08,"Angiogenic_endothelial_like","SRSF2"
2.91524741777607e-07,0.551409353616048,0.383,0.378,0.00714381379726027,"Angiogenic_endothelial_like","AR"
0.00252051877580134,0.549767613105488,0.297,0.294,1,"Angiogenic_endothelial_like","TCEAL2"
8.11468237879714e-48,0.547527554238345,0.758,0.744,1.98850291692424e-43,"Angiogenic_endothelial_like","SELM"
4.48898174321998e-38,0.543020255661206,0.7,0.667,1.10002497617606e-33,"Angiogenic_endothelial_like","LIMCH1"
0.000576499217636948,0.542663224837704,0.355,0.371,1,"Angiogenic_endothelial_like","MAN1A1"
2.47387565150962e-174,0.538836198392604,0.994,0.99,6.06223228402432e-170,"Angiogenic_endothelial_like","ADIRF"
9.46624971810096e-62,0.538175603062276,0.789,0.751,2.31970449342064e-57,"Angiogenic_endothelial_like","PPP1R15A"
2.90084173539772e-103,0.533767182132386,0.929,0.943,7.1085126725921e-99,"Angiogenic_endothelial_like","RPS17"
2.93642135125714e-07,0.526287283041498,0.414,0.411,0.00719570052125561,"Angiogenic_endothelial_like","IER5"
5.09164404021043e-10,0.525490418372292,0.481,0.492,1.24770737205356e-05,"Angiogenic_endothelial_like","LAMA4"
2.26433378447865e-10,0.525472993980051,0.502,0.521,5.54874993886494e-06,"Angiogenic_endothelial_like","NEDD9"
8.7079242850602e-163,0.522964292370126,0.976,0.971,2.133876846054e-158,"Angiogenic_endothelial_like","RPS20"
9.21189276858498e-14,0.517304715597657,0.511,0.505,2.25737432294175e-09,"Angiogenic_endothelial_like","HLA-DMA"
2.7400834264801e-57,0.516749912525776,0.833,0.781,6.71457443658948e-53,"Angiogenic_endothelial_like","RAMP3"
3.97075985943526e-17,0.515383887327947,0.546,0.523,9.73034703554609e-13,"Angiogenic_endothelial_like","CDH11"
0.000311479654761467,0.514433109366315,0.341,0.338,1,"Angiogenic_endothelial_like","C7"
9.44277154600777e-44,0.514389649512085,0.673,0.607,2.3139511673492e-39,"Angiogenic_endothelial_like","MIDN"
0.00204930133605488,0.506547515569283,0.351,0.365,1,"Angiogenic_endothelial_like","HMBOX1"
7.34392560449523e-05,0.499944961687602,0.306,0.292,1,"Angiogenic_endothelial_like","ADGRG6"
0.000373785986410354,0.499851708305415,0.339,0.341,1,"Angiogenic_endothelial_like","TOB1"
5.25182912181162e-06,0.49716932549048,0.411,0.434,0.128696072629994,"Angiogenic_endothelial_like","MXRA7"
1.48286624566822e-05,0.496982854420189,0.443,0.479,0.363376373500997,"Angiogenic_endothelial_like","CYCS"
2.59236111745289e-18,0.494751870536329,0.534,0.516,6.3525809183183e-14,"Angiogenic_endothelial_like","HIPK2"
2.6356760791145e-13,0.49452600689814,0.506,0.511,6.45872423187007e-09,"Angiogenic_endothelial_like","TSPAN18"
1.00747753315957e-12,0.494121274546414,0.471,0.458,2.46882369500753e-08,"Angiogenic_endothelial_like","PXDC1"
1.29444074481287e-10,0.490411429920944,0.542,0.582,3.17202704516394e-06,"Angiogenic_endothelial_like","MDK"
5.69265480374706e-37,0.48904834000315,0.769,0.77,1.39498505965822e-32,"Angiogenic_endothelial_like","SNCG"
2.27115567913996e-17,0.487868485688796,0.519,0.479,5.56546699173248e-13,"Angiogenic_endothelial_like","STXBP6"
1.84711055390532e-10,0.486261920154551,0.565,0.605,4.52634441234497e-06,"Angiogenic_endothelial_like","SELK"
8.86574589372895e-68,0.485085409153674,0.878,0.88,2.17255103125828e-63,"Angiogenic_endothelial_like","PALMD"
4.14364356136346e-10,0.484670282156756,0.533,0.562,1.01539985471212e-05,"Angiogenic_endothelial_like","CSRP1"
2.38713913728064e-07,0.481594147663995,0.467,0.48,0.0058496844559062,"Angiogenic_endothelial_like","MAOA"
1.4762902161133e-51,0.478672542788539,0.844,0.841,3.61764917458564e-47,"Angiogenic_endothelial_like","CALD1"
1.08698756355516e-16,0.478124698618604,0.627,0.645,2.66366302449191e-12,"Angiogenic_endothelial_like","HLA-DPB1"
1.07719305234026e-22,0.477809308491436,0.642,0.634,2.6396615747598e-18,"Angiogenic_endothelial_like","NOSTRIN"
3.15707531152164e-45,0.472183096226272,0.932,0.943,7.73641305088377e-41,"Angiogenic_endothelial_like","HSP90AA1"
3.36789638836665e-09,0.470255095035541,0.46,0.46,8.25303009969248e-05,"Angiogenic_endothelial_like","SPINT2"
3.25054173301852e-05,0.467156465378673,0.408,0.42,0.796545251676189,"Angiogenic_endothelial_like","AMD1"
1.10901665110856e-64,0.46278087519008,0.882,0.889,2.71764530354152e-60,"Angiogenic_endothelial_like","DYNLL1"
1.16643248334274e-54,0.461110986098661,0.882,0.911,2.85834280043139e-50,"Angiogenic_endothelial_like","SPTBN1"
1.13341823146455e-05,0.454611871213239,0.454,0.482,0.277744137620389,"Angiogenic_endothelial_like","HSPA5"
0.000883166636734797,0.453189094462555,0.451,0.493,1,"Angiogenic_endothelial_like","TOP1"
0.00164340625201605,0.449961112572125,0.337,0.342,1,"Angiogenic_endothelial_like","ODC1"
4.22287909011766e-11,0.444180782977066,0.583,0.632,1.03481652103333e-06,"Angiogenic_endothelial_like","NFE2L2"
6.83034281968173e-23,0.440861455397952,0.696,0.716,1.67377550796301e-18,"Angiogenic_endothelial_like","TJP1"
2.91116913012217e-25,0.440428399809559,0.776,0.805,7.13381995336437e-21,"Angiogenic_endothelial_like","HYAL2"
0.000104145031616482,0.437584072526572,0.409,0.431,1,"Angiogenic_endothelial_like","RYBP"
0.000201783886239576,0.429699319186317,0.548,0.631,1,"Angiogenic_endothelial_like","H2AFZ"
8.60043977588198e-22,0.427711515788409,0.705,0.717,2.10753776707988e-17,"Angiogenic_endothelial_like","TUBB4B"
6.05189985199102e-28,0.427278374721251,0.781,0.809,1.4830180587304e-23,"Angiogenic_endothelial_like","NDRG1"
0.00239740426724468,0.425816744250446,0.388,0.404,1,"Angiogenic_endothelial_like","MCAM"
0.00303496004103334,0.424314789098772,0.419,0.454,1,"Angiogenic_endothelial_like","SVIL"
3.00872715057435e-08,0.423886099941834,0.546,0.582,0.000737288588248244,"Angiogenic_endothelial_like","CRIM1"
1.21764226897819e-30,0.422913640052029,0.773,0.737,2.98383238013105e-26,"Angiogenic_endothelial_like","MMRN1"
2.09768744947984e-11,0.420340957609664,0.519,0.496,5.14038309495036e-07,"Angiogenic_endothelial_like","THSD4"
2.69711360579998e-58,0.41844322909,0.929,0.92,6.60927689101286e-54,"Angiogenic_endothelial_like","CLEC14A"
1.33673733246367e-15,0.415252948125082,0.646,0.688,3.27567483320222e-11,"Angiogenic_endothelial_like","YWHAZ"
8.58050311535988e-05,0.414626367811406,0.478,0.528,1,"Angiogenic_endothelial_like","MTPN"
1.29792244261211e-38,0.409240385555141,0.853,0.904,3.18055894562096e-34,"Angiogenic_endothelial_like","UBB"
3.78177226504723e-05,0.398369020536756,0.456,0.474,0.926723293549824,"Angiogenic_endothelial_like","CD200"
0.00015660536796577,0.39492511417987,0.458,0.494,1,"Angiogenic_endothelial_like","FAM213A"
3.35837094984817e-24,0.391728595787496,0.706,0.674,8.22968801260294e-20,"Angiogenic_endothelial_like","RAPGEF5"
3.13114974594443e-197,0.38464014151599,1,1,7.67288245243682e-193,"Angiogenic_endothelial_like","B2M"
4.69921174263957e-68,0.382645469228488,0.964,0.957,1.15154183753383e-63,"Angiogenic_endothelial_like","DDX5"
3.16264088301394e-31,0.381457747782199,0.822,0.859,7.75005148382565e-27,"Angiogenic_endothelial_like","NDUFA4"
0.00688302967834274,0.380644364296405,0.482,0.548,1,"Angiogenic_endothelial_like","GLS"
2.3768974366222e-08,0.377737721425383,0.533,0.58,0.00058245871684427,"Angiogenic_endothelial_like","C6orf48"
0.00058189750673634,0.377049463882493,0.427,0.454,1,"Angiogenic_endothelial_like","PLSCR4"
2.45471115177721e-11,0.376964419315905,0.589,0.607,6.01526967743006e-07,"Angiogenic_endothelial_like","GPM6A"
8.66960040591265e-67,0.373408226646096,0.956,0.966,2.12448557946889e-62,"Angiogenic_endothelial_like","RPL23"
1.318372490583e-16,0.370574525715244,0.672,0.662,3.23067178817364e-12,"Angiogenic_endothelial_like","ABCG2"
1.3919839495891e-05,0.36947623441276,0.544,0.606,0.341105666846809,"Angiogenic_endothelial_like","NME3"
4.33160830468237e-62,0.360348000176589,0.989,0.97,1.06146061506241e-57,"Angiogenic_endothelial_like","CD74"
1.20116575207911e-26,0.359622635095283,0.733,0.687,2.94345667546985e-22,"Angiogenic_endothelial_like","LGALS1"
0.00188723831425862,0.358698655224978,0.194,0.25,1,"Angiogenic_endothelial_like","LINC-PINT"
2.7807432502836e-18,0.358035915668697,0.724,0.761,6.81421133481995e-14,"Angiogenic_endothelial_like","SBDS"
0.00453509705089584,0.35713916720254,0.205,0.261,1,"Angiogenic_endothelial_like","MANF"
0.000105260169384262,0.354260363444235,0.539,0.589,1,"Angiogenic_endothelial_like","LPP"
8.44447245420324e-62,0.351075844829325,0.96,0.96,2.0693179749025e-57,"Angiogenic_endothelial_like","DSTN"
1.77648776532462e-91,0.347442354239622,0.987,0.988,4.35328326892799e-87,"Angiogenic_endothelial_like","RPS11"
6.77251754969108e-16,0.347135864305563,0.72,0.771,1.6596054255518e-11,"Angiogenic_endothelial_like","SRSF3"
0.00746663538592578,0.346904221985177,0.204,0.254,1,"Angiogenic_endothelial_like","DDX50"
2.44569461522102e-15,0.345706191936854,0.758,0.804,5.99317465459911e-11,"Angiogenic_endothelial_like","FUS"
1.10418780144134e-05,0.34458705548087,0.58,0.654,0.2705812207432,"Angiogenic_endothelial_like","PDIA3"
0.00951678980600987,0.343050670643118,0.483,0.545,1,"Angiogenic_endothelial_like","POLE4"
0.00502181770116424,0.3427695345972,0.239,0.305,1,"Angiogenic_endothelial_like","MPC1"
5.311042572995e-06,0.338302019251096,0.733,0.814,0.130147098251242,"Angiogenic_endothelial_like","TXN"
0.00879145210681326,0.337707767077127,0.499,0.543,1,"Angiogenic_endothelial_like","SOD2"
7.64294947079159e-05,0.334541461658477,0.568,0.63,1,"Angiogenic_endothelial_like","SPTAN1"
4.39844662903948e-56,0.333858747809181,0.969,0.971,1.07783934644613e-51,"Angiogenic_endothelial_like","MYL6"
1.088922920447e-12,0.333319928344536,0.449,0.406,2.66840561655538e-08,"Angiogenic_endothelial_like","MAFF"
0.00119840658351952,0.328661543781822,0.392,0.402,1,"Angiogenic_endothelial_like","NUPR1"
5.29853544751747e-47,0.326643462651159,0.927,0.944,1.29840611141416e-42,"Angiogenic_endothelial_like","RPL31"
0.00777313979191878,0.325542029847421,0.494,0.564,1,"Angiogenic_endothelial_like","EIF1B"
8.40070129636578e-15,0.325113239453997,0.727,0.781,2.05859185267443e-10,"Angiogenic_endothelial_like","TPM4"
6.37463023409881e-17,0.323216476997513,0.649,0.587,1.56210313886591e-12,"Angiogenic_endothelial_like","STC1"
6.21703026074742e-67,0.322547863334965,0.956,0.97,1.52348326539615e-62,"Angiogenic_endothelial_like","CALM1"
0.00918396858085887,0.321013877262774,0.243,0.305,1,"Angiogenic_endothelial_like","CCDC82"
6.2846349857458e-06,0.319748333330546,0.58,0.632,0.154004980325701,"Angiogenic_endothelial_like","FAM198B"
0.00123545405058726,0.319532797593221,0.54,0.607,1,"Angiogenic_endothelial_like","PLXND1"
0.00178813765368466,0.316468750445252,0.528,0.587,1,"Angiogenic_endothelial_like","MDFIC"
0.000143546910728903,0.315070113631572,0.193,0.256,1,"Angiogenic_endothelial_like","EXOSC8"
2.84410278191726e-06,0.312454742778041,0.605,0.657,0.0696947386708824,"Angiogenic_endothelial_like","PPFIBP1"
5.17752278351346e-31,0.312394477227687,0.895,0.913,1.26875195809997e-26,"Angiogenic_endothelial_like","IL6ST"
9.43207843789909e-20,0.310424513466837,0.632,0.563,2.31133082120717e-15,"Angiogenic_endothelial_like","FMO2"
0.00939741778451117,0.309261072451356,0.221,0.275,1,"Angiogenic_endothelial_like","FAM200B"
8.06550984904692e-36,0.309227399399163,0.915,0.925,1.97645318850895e-31,"Angiogenic_endothelial_like","MYL12B"
0.00114574395923072,0.308765868139093,0.572,0.65,1,"Angiogenic_endothelial_like","SF1"
3.98421903333573e-08,0.308573423416878,0.665,0.66,0.00097633287411892,"Angiogenic_endothelial_like","IGFBP6"
0.00907927069166549,0.307586823291774,0.202,0.25,1,"Angiogenic_endothelial_like","RRP15"
0.0042223788922992,0.303864293674457,0.21,0.263,1,"Angiogenic_endothelial_like","DNAJB11"
0.00933221499511392,0.302788805111998,0.242,0.305,1,"Angiogenic_endothelial_like","POLR2H"
2.22112901688559e-67,0.295198848862145,0.996,0.995,5.44287665587814e-63,"Angiogenic_endothelial_like","HLA-C"
0.00940364035852435,0.294213734106217,0.23,0.285,1,"Angiogenic_endothelial_like","NDUFAF2"
3.84980379823833e-28,0.293347989644614,0.904,0.926,9.43394420758302e-24,"Angiogenic_endothelial_like","NUCKS1"
0.00181746689606567,0.292960356147108,0.205,0.262,1,"Angiogenic_endothelial_like","TMEM126B"
0.00986593222637437,0.28920662640948,0.264,0.332,1,"Angiogenic_endothelial_like","LYRM5"
0.00604894123564239,0.289205201130145,0.552,0.634,1,"Angiogenic_endothelial_like","PSMB9"
0.00995664818015121,0.288798911964917,0.308,0.392,1,"Angiogenic_endothelial_like","DYNLT1"
4.66250873873484e-12,0.285457279202862,0.696,0.728,1.14254776642697e-07,"Angiogenic_endothelial_like","EIF5"
5.68069820255711e-09,0.284136289282434,0.645,0.679,0.000139205509453662,"Angiogenic_endothelial_like","TGFBR3"
2.4811248265054e-39,0.283806815814081,0.915,0.796,6.07999638735147e-35,"Angiogenic_endothelial_like","EGR1"
0.000803389280350073,0.282694434445433,0.2,0.26,1,"Angiogenic_endothelial_like","EMC2"
0.00298981739248986,0.280243988490362,0.266,0.339,1,"Angiogenic_endothelial_like","CNOT4"
0.00630947544805628,0.279810289050564,0.232,0.291,1,"Angiogenic_endothelial_like","MBTPS1"
0.000191893645325024,0.279422143277649,0.207,0.272,1,"Angiogenic_endothelial_like","COX11"
0.00131053640947588,0.278461979208042,0.226,0.291,1,"Angiogenic_endothelial_like","RPAIN"
0.000868021974221922,0.27718043361398,0.657,0.737,1,"Angiogenic_endothelial_like","DDX3X"
0.005816960338982,0.276322273528783,0.254,0.322,1,"Angiogenic_endothelial_like","RAB5A"
0.0051373761818979,0.274847128548138,0.289,0.366,1,"Angiogenic_endothelial_like","SNRNP70"
0.00832015549663495,0.273843982413103,0.293,0.368,1,"Angiogenic_endothelial_like","PHF20"
0.00219877711892322,0.272176413194059,0.218,0.277,1,"Angiogenic_endothelial_like","FAM111A"
0.0015337911619383,0.270502350354205,0.198,0.252,1,"Angiogenic_endothelial_like","KIF9"
0.00212718364885186,0.265824461107561,0.25,0.318,1,"Angiogenic_endothelial_like","ARIH1"
0.00216037957469352,0.264977473597469,0.221,0.279,1,"Angiogenic_endothelial_like","TRAPPC4"
8.86677234428803e-09,0.261238288342663,0.722,0.794,0.000217280256296778,"Angiogenic_endothelial_like","EIF4G2"
0.000454022800966863,0.260409286979144,0.236,0.306,1,"Angiogenic_endothelial_like","ARCN1"
0.0045481257642866,0.260291185367662,0.561,0.618,1,"Angiogenic_endothelial_like","TEK"
0.00260776359705181,0.256605174295456,0.633,0.721,1,"Angiogenic_endothelial_like","STAT3"
1.90733837900347e-06,0.256551842247823,0.504,0.516,0.0467393269774801,"Angiogenic_endothelial_like","CFD"
4.80269772786666e-06,0.256324551795368,0.194,0.264,0.117690107821373,"Angiogenic_endothelial_like","ALG13"
0.00137904111217682,0.254180308542468,0.562,0.633,1,"Angiogenic_endothelial_like","PPDPF"
2.74179623981969e-49,0.25268414268408,0.992,0.994,6.71877168567816e-45,"Angiogenic_endothelial_like","H3F3B"
0.00245413444355217,0.252280469874234,0.23,0.292,1,"Angiogenic_endothelial_like","VPS4B"
