"p_val","avg_log2FC","pct.1","pct.2","p_val_adj","cluster","gene"
0,4.26077587644257,0.259,0.023,0,"ACKR1_high_endothelial","KRT7"
0,4.1740566547813,0.484,0.039,0,"ACKR1_high_endothelial","SELP"
0,3.90781543726146,0.413,0.044,0,"ACKR1_high_endothelial","MEOX1"
0,3.69714277351724,0.941,0.287,0,"ACKR1_high_endothelial","ACKR1"
0,3.50510076870868,0.327,0.039,0,"ACKR1_high_endothelial","ELOVL7"
0,3.25268801916163,0.302,0.047,0,"ACKR1_high_endothelial","ADM5"
0,3.06473349683891,0.914,0.289,0,"ACKR1_high_endothelial","AQP1"
0,2.90996091677047,0.299,0.044,0,"ACKR1_high_endothelial","TSPAN13"
1.21317848211383e-252,2.89060605820557,0.262,0.052,2.97289387041995e-248,"ACKR1_high_endothelial","DEGS2"
1.1554056199874e-300,2.6534594169356,0.326,0.069,2.83132147177911e-296,"ACKR1_high_endothelial","ADAMTSL1"
0,2.65129681690061,0.348,0.071,0,"ACKR1_high_endothelial","NOV"
0,2.59693845310731,0.816,0.178,0,"ACKR1_high_endothelial","SPRY1"
0,2.58871140532647,0.553,0.136,0,"ACKR1_high_endothelial","IL3RA"
0,2.54400291411366,0.421,0.092,0,"ACKR1_high_endothelial","MET"
1.36974542780057e-294,2.53447816615982,0.324,0.069,3.35656117082529e-290,"ACKR1_high_endothelial","CPVL"
4.3963709938904e-277,2.51800877600919,0.324,0.073,1.07733071205284e-272,"ACKR1_high_endothelial","SPOCK1"
0,2.46364933382309,0.457,0.112,0,"ACKR1_high_endothelial","RUNDC3B"
0,2.45482699366459,0.645,0.183,0,"ACKR1_high_endothelial","COL15A1"
0,2.40202322989409,0.599,0.223,0,"ACKR1_high_endothelial","VWA1"
0,2.38761498537152,0.851,0.326,0,"ACKR1_high_endothelial","LMCD1"
5.60459172954245e-248,2.27987502582056,0.354,0.096,1.37340520332438e-243,"ACKR1_high_endothelial","FAM171A1"
0,2.20545356525819,0.744,0.303,0,"ACKR1_high_endothelial","CXorf36"
7.86965005195217e-296,2.17240820536277,0.483,0.156,1.92845774523088e-291,"ACKR1_high_endothelial","C10orf128"
1.62453305449346e-159,2.1236357165384,0.27,0.08,3.98091825003623e-155,"ACKR1_high_endothelial","C14orf132"
1.29909603662111e-150,2.11494695843595,0.263,0.08,3.18343483774002e-146,"ACKR1_high_endothelial","FBXO31"
0,2.1085165731363,0.625,0.21,0,"ACKR1_high_endothelial","LSR"
3.35045216256469e-176,2.09645947951263,0.307,0.095,8.21028302436477e-172,"ACKR1_high_endothelial","EPB41L3"
0,2.07754608152638,0.63,0.207,0,"ACKR1_high_endothelial","ABCB1"
6.11546625979644e-204,2.06817526505275,0.526,0.247,1.49859500696312e-199,"ACKR1_high_endothelial","LCN6"
6.29443205565979e-281,2.06473576649024,0.49,0.17,1.54245057523943e-276,"ACKR1_high_endothelial","SPHK1"
0,2.00930942280326,0.672,0.251,0,"ACKR1_high_endothelial","NES"
2.21254148893012e-148,1.97540247166142,0.347,0.134,5.42183291862325e-144,"ACKR1_high_endothelial","FGF2"
2.97602331251932e-298,1.96821506638185,0.592,0.243,7.2927451273286e-294,"ACKR1_high_endothelial","CLEC2B"
8.34526795457468e-254,1.9615212802397,0.378,0.104,2.04500791226853e-249,"ACKR1_high_endothelial","JAG2"
1.14951749290741e-173,1.94293102466563,0.331,0.109,2.81689261636961e-169,"ACKR1_high_endothelial","SLC38A1"
9.8936472948639e-218,1.87129528504022,0.507,0.208,2.4244382696064e-213,"ACKR1_high_endothelial","RGS16"
1.24712036821288e-138,1.85823371842448,0.295,0.102,3.05606846230566e-134,"ACKR1_high_endothelial","SYT15"
0,1.82498669609703,0.819,0.468,0,"ACKR1_high_endothelial","LIFR"
7.09314341034933e-210,1.81411520860603,0.366,0.112,1.7381747927061e-205,"ACKR1_high_endothelial","PHLDA1"
6.76259477705705e-198,1.78970955990268,0.458,0.185,1.65717385011783e-193,"ACKR1_high_endothelial","CARHSP1"
1.09397623361974e-170,1.77936489354462,0.34,0.115,2.68078876048517e-166,"ACKR1_high_endothelial","FAM89A"
4.24393786653235e-195,1.75647071715917,0.418,0.153,1.03997697419375e-190,"ACKR1_high_endothelial","CPXM2"
7.79630922051209e-193,1.74923141183218,0.48,0.204,1.91048557448649e-188,"ACKR1_high_endothelial","ZNF385D"
0,1.73474905485555,0.414,0.091,0,"ACKR1_high_endothelial","SELE"
9.12146996943303e-151,1.71035360472588,0.358,0.137,2.23521621600957e-146,"ACKR1_high_endothelial","DSP"
2.41577068138373e-209,1.6981799956724,0.473,0.184,5.91984605473082e-205,"ACKR1_high_endothelial","ANKRD29"
2.49597466684653e-233,1.68066511535171,0.449,0.153,6.11638592110742e-229,"ACKR1_high_endothelial","EDN1"
1.1840881325706e-141,1.65995870867644,0.335,0.124,2.90160796886427e-137,"ACKR1_high_endothelial","HLA-DQA1"
2.64451735467928e-120,1.64233859346633,0.318,0.126,6.48038977764158e-116,"ACKR1_high_endothelial","FGR"
1.10982255387964e-151,1.62980870794917,0.393,0.161,2.71962016828206e-147,"ACKR1_high_endothelial","PDIA5"
2.45215689000471e-316,1.5972984754491,0.804,0.522,6.00901045895654e-312,"ACKR1_high_endothelial","DUSP23"
3.86207294222887e-120,1.58706453513891,0.331,0.134,9.46400974493185e-116,"ACKR1_high_endothelial","SLCO2B1"
3.33335038224195e-127,1.57529062643125,0.37,0.158,8.16837511168389e-123,"ACKR1_high_endothelial","SCARB1"
3.41066249860644e-90,1.5638479756377,0.275,0.116,8.35782845283509e-86,"ACKR1_high_endothelial","PDE10A"
2.17938388209525e-97,1.5526231509159,0.402,0.211,5.34058020307442e-93,"ACKR1_high_endothelial","PTP4A3"
6.73158459140748e-271,1.54696424163713,0.762,0.448,1.6495748041244e-266,"ACKR1_high_endothelial","CD320"
1.01394831033686e-179,1.54327957987321,0.493,0.219,2.48468033448047e-175,"ACKR1_high_endothelial","GFOD1"
2.75632364659553e-162,1.54193496479526,0.55,0.288,6.75437109598234e-158,"ACKR1_high_endothelial","OLFM1"
1.05467705683835e-149,1.52361406998522,0.465,0.219,2.58448612778238e-145,"ACKR1_high_endothelial","SPNS2"
4.04888280811921e-107,1.52096612171269,0.338,0.148,9.92178732129613e-103,"ACKR1_high_endothelial","NR5A2"
1.52576487453239e-190,1.52023896674395,0.562,0.276,3.73888682504162e-186,"ACKR1_high_endothelial","TPD52L1"
6.81667403868552e-100,1.51373434551147,0.316,0.138,1.67042597317989e-95,"ACKR1_high_endothelial","TMEM255B"
4.27609083198289e-254,1.48867228345493,0.73,0.413,1.04785605837741e-249,"ACKR1_high_endothelial","CTSH"
3.56934111363891e-99,1.47519885030621,0.315,0.136,8.74667039897214e-95,"ACKR1_high_endothelial","MCTP1"
7.89447402010248e-153,1.46266004019191,0.522,0.265,1.93454085862611e-148,"ACKR1_high_endothelial","THSD7A"
6.81151746275298e-105,1.44316616533686,0.374,0.178,1.66916235424762e-100,"ACKR1_high_endothelial","NTN4"
3.11013672465724e-94,1.42327115834517,0.4,0.21,7.62139004377256e-90,"ACKR1_high_endothelial","DAAM1"
1.86549652192584e-106,1.41126701082273,0.356,0.163,4.57139922697926e-102,"ACKR1_high_endothelial","SCN1B"
5.42843909062052e-108,1.41040851318578,0.412,0.21,1.33023899915656e-103,"ACKR1_high_endothelial","C9orf142"
4.21699909988657e-262,1.40891283592407,0.744,0.417,1.0333756294272e-257,"ACKR1_high_endothelial","TSHZ2"
0,1.40224443507444,0.998,0.876,0,"ACKR1_high_endothelial","IGFBP7"
1.62158923152563e-289,1.39981710842376,0.812,0.531,3.97370441185355e-285,"ACKR1_high_endothelial","ADGRL4"
1.51094973967109e-278,1.38374672566783,0.864,0.681,3.702582337064e-274,"ACKR1_high_endothelial","ENG"
1.40629904031872e-90,1.38152528800507,0.324,0.15,3.44613579830101e-86,"ACKR1_high_endothelial","HSPA12B"
1.02259294440782e-309,1.37401415679197,0.853,0.591,2.50586401027136e-305,"ACKR1_high_endothelial","ITGA6"
3.07967766469146e-71,1.3690721972316,0.286,0.139,7.54675011732642e-67,"ACKR1_high_endothelial","BZW2"
6.27842705199227e-155,1.35923545335265,0.496,0.233,1.5385285490907e-150,"ACKR1_high_endothelial","KDR"
1.70835871371584e-200,1.32307058204472,0.791,0.593,4.18633302796067e-196,"ACKR1_high_endothelial","CTSC"
0,1.31821718634189,0.922,0.717,0,"ACKR1_high_endothelial","HLA-DPA1"
1.28788067023791e-93,1.31803619102546,0.388,0.199,3.15595158241799e-89,"ACKR1_high_endothelial","SMAD9"
8.44430008539951e-176,1.31763881466366,0.656,0.412,2.06927573592715e-171,"ACKR1_high_endothelial","HLA-DRB5"
6.17623858031165e-146,1.31650595045973,0.552,0.302,1.51348726410537e-141,"ACKR1_high_endothelial","ADCY4"
8.99022298380901e-70,1.31577993918323,0.294,0.145,2.2030541421824e-65,"ACKR1_high_endothelial","PCDH1"
9.42386714373111e-61,1.30840505016823,0.265,0.13,2.30931864357131e-56,"ACKR1_high_endothelial","LGALS9"
7.58965019744008e-91,1.29635357101506,0.4,0.212,1.85984378088269e-86,"ACKR1_high_endothelial","FBXO34"
1.19487017897296e-81,1.28235936099261,0.372,0.197,2.92802937357324e-77,"ACKR1_high_endothelial","CCDC109B"
1.10905482701097e-67,1.26070647469465,0.298,0.15,2.71773885359038e-63,"ACKR1_high_endothelial","MEX3C"
4.04435598690793e-90,1.24619996245469,0.4,0.21,9.91069434591789e-86,"ACKR1_high_endothelial","RAPGEF3"
1.23077123718575e-196,1.24619318356634,0.741,0.501,3.01600491672368e-192,"ACKR1_high_endothelial","HEG1"
2.40579589173419e-115,1.23884593395945,0.502,0.277,5.89540283269464e-111,"ACKR1_high_endothelial","SLCO2A1"
3.03514262701931e-117,1.23133725301616,0.54,0.319,7.43761700751081e-113,"ACKR1_high_endothelial","MALL"
4.03040476622834e-156,1.20511622213073,0.692,0.468,9.87650687964255e-152,"ACKR1_high_endothelial","SSFA2"
1.15919445129637e-59,1.20340907479592,0.344,0.198,2.84060600290175e-55,"ACKR1_high_endothelial","DBN1"
5.12863248219936e-70,1.1844674360656,0.311,0.155,1.25677138976295e-65,"ACKR1_high_endothelial","EPHA4"
1.07997363967853e-91,1.18405276895094,0.502,0.315,2.64647540403224e-87,"ACKR1_high_endothelial","AGPAT2"
9.94431521733194e-108,1.18355816285196,0.573,0.373,2.43685444400719e-103,"ACKR1_high_endothelial","EGLN1"
1.52342317850176e-57,1.17528623092571,0.254,0.124,3.73314849891857e-53,"ACKR1_high_endothelial","RASA4"
7.4901983193374e-83,1.17160085087815,0.393,0.212,1.83547309815363e-78,"ACKR1_high_endothelial","NOB1"
8.15790949457575e-46,1.1658174377327,0.277,0.155,1.99909572164579e-41,"ACKR1_high_endothelial","NOS3"
3.93567297390005e-118,1.16248481472271,0.577,0.355,9.64436662254208e-114,"ACKR1_high_endothelial","SLFN5"
1.55263358332264e-75,1.15690183422909,0.416,0.241,3.80472859593213e-71,"ACKR1_high_endothelial","FAM129B"
8.17448143671841e-145,1.15652864090863,0.635,0.4,2.00315667606785e-140,"ACKR1_high_endothelial","SYNGR2"
6.39577661778111e-68,1.13656276775515,0.321,0.165,1.56728506018726e-63,"ACKR1_high_endothelial","GPRC5B"
1.05438071688531e-59,1.13087950125759,0.31,0.166,2.58375994672745e-55,"ACKR1_high_endothelial","CACHD1"
3.82278018592011e-58,1.12954026101723,0.324,0.18,9.36772284559722e-54,"ACKR1_high_endothelial","RNF125"
1.50503473959751e-131,1.12545825577311,0.689,0.492,3.6880876293837e-127,"ACKR1_high_endothelial","AKR1C3"
0,1.1251761921967,0.952,0.836,0,"ACKR1_high_endothelial","NPDC1"
2.18380733767786e-192,1.12177834793875,0.82,0.63,5.35141988097959e-188,"ACKR1_high_endothelial","HLA-DPB1"
0,1.11779859740365,0.957,0.736,0,"ACKR1_high_endothelial","A2M"
0,1.11006579513362,0.981,0.877,0,"ACKR1_high_endothelial","HLA-DRB1"
2.98721013445477e-62,1.10471872604068,0.296,0.151,7.3201584344814e-58,"ACKR1_high_endothelial","HLA-DMB"
2.53663595927928e-50,1.09274039423142,0.269,0.142,6.21602641821388e-46,"ACKR1_high_endothelial","ZNF608"
1.47777428807637e-79,1.07826195078347,0.485,0.303,3.62128589293114e-75,"ACKR1_high_endothelial","C4orf32"
0,1.07027168966913,0.965,0.823,0,"ACKR1_high_endothelial","ITM2A"
2.99259854548058e-42,1.0694513889995,0.277,0.159,7.33336273570017e-38,"ACKR1_high_endothelial","OAF"
1.30730765231268e-87,1.06587793766455,0.374,0.184,3.20355740199222e-83,"ACKR1_high_endothelial","SORBS2"
1.09497791410426e-60,1.06424017505487,0.335,0.186,2.68324337851249e-56,"ACKR1_high_endothelial","PLCB1"
6.86107532196479e-39,1.04267155936803,0.251,0.142,1.68130650764747e-34,"ACKR1_high_endothelial","MRAS"
3.8898882170219e-100,1.03343212128624,0.6,0.378,9.53217107581217e-96,"ACKR1_high_endothelial","CTGF"
8.88567102453686e-79,1.03340168366355,0.505,0.325,2.17743368456276e-74,"ACKR1_high_endothelial","TMTC1"
8.1969172644627e-86,1.03217307319518,0.485,0.289,2.00865457565659e-81,"ACKR1_high_endothelial","SMAGP"
2.00764302609532e-63,1.03092564664491,0.284,0.139,4.91972923544657e-59,"ACKR1_high_endothelial","CSRP2"
6.63542772232479e-81,1.0243686460064,0.485,0.298,1.62601156335569e-76,"ACKR1_high_endothelial","SLC39A10"
1.91374383605243e-44,1.01984730293868,0.345,0.22,4.68962927024648e-40,"ACKR1_high_endothelial","NME1"
5.50554976011476e-70,1.0160888660464,0.466,0.299,1.34913496871612e-65,"ACKR1_high_endothelial","LTBR"
2.08476066773554e-40,1.01525269661831,0.267,0.153,5.10870601628594e-36,"ACKR1_high_endothelial","SYBU"
1.49902574052394e-46,1.01429191181992,0.312,0.184,3.67336257715392e-42,"ACKR1_high_endothelial","ARHGAP23"
2.95169233285468e-178,1.00842414982071,0.791,0.558,7.2331220616604e-174,"ACKR1_high_endothelial","CYYR1"
3.53930422537009e-192,1.00473084775754,0.815,0.577,8.6730650042694e-188,"ACKR1_high_endothelial","ADAM15"
3.37862648245277e-56,0.999166035818381,0.356,0.208,8.2793241952505e-52,"ACKR1_high_endothelial","TES"
8.57153624035051e-37,0.990145932746152,0.27,0.161,2.10045495569789e-32,"ACKR1_high_endothelial","GOLGA8B"
2.79502188104099e-35,0.9842339556424,0.255,0.149,6.84920111949094e-31,"ACKR1_high_endothelial","MAPK11"
2.60058444748143e-61,0.983278085201814,0.463,0.307,6.37273218855326e-57,"ACKR1_high_endothelial","HPCAL1"
1.82713319328228e-64,0.980406026774726,0.441,0.274,4.47738989013822e-60,"ACKR1_high_endothelial","SMIM10"
5.50671088827136e-48,0.977248470571716,0.331,0.196,1.3494195031709e-43,"ACKR1_high_endothelial","MCF2L"
3.92318488552015e-47,0.974801663433827,0.314,0.182,9.61376456196714e-43,"ACKR1_high_endothelial","AHNAK2"
1.15807851659516e-48,0.970930889749428,0.326,0.192,2.83787140491645e-44,"ACKR1_high_endothelial","NUDT14"
1.16896570148375e-53,0.968627770457521,0.364,0.219,2.86455045148592e-49,"ACKR1_high_endothelial","MYO5C"
6.93113781579164e-159,0.968402685693539,0.593,0.294,1.69847532175974e-154,"ACKR1_high_endothelial","FAM110D"
6.13004431562827e-90,0.964626820398883,0.603,0.412,1.50216735954471e-85,"ACKR1_high_endothelial","CCDC3"
2.85960870733421e-81,0.964163786490129,0.522,0.337,7.00747113732249e-77,"ACKR1_high_endothelial","PDE2A"
5.2608863246334e-44,0.953548132188937,0.294,0.17,1.28918019385141e-39,"ACKR1_high_endothelial","TANC1"
3.27797827791494e-44,0.949888520190292,0.317,0.191,8.03268577003056e-40,"ACKR1_high_endothelial","PTPN18"
8.52673906650138e-277,0.948884488958679,0.964,0.844,2.08947740824616e-272,"ACKR1_high_endothelial","HLA-DRA"
2.33938547949522e-37,0.947873998848364,0.288,0.175,5.73266411750304e-33,"ACKR1_high_endothelial","MALT1"
2.23144202895748e-94,0.943939398519913,0.635,0.449,5.4681486919603e-90,"ACKR1_high_endothelial","LPAR6"
5.08047193648291e-120,0.940214963318634,0.738,0.559,1.24496964803514e-115,"ACKR1_high_endothelial","PRSS23"
3.80972390149075e-31,0.930766090339808,0.293,0.19,9.33572842060308e-27,"ACKR1_high_endothelial","CD58"
2.11686864595226e-68,0.928300559266895,0.537,0.373,5.18738661690601e-64,"ACKR1_high_endothelial","IMPDH2"
3.48490254474631e-132,0.927330085284751,0.674,0.434,8.53975368590083e-128,"ACKR1_high_endothelial","PTPRB"
6.46144974689835e-117,0.91946946995213,0.696,0.485,1.58337826047744e-112,"ACKR1_high_endothelial","HLA-DMA"
1.67124717867821e-62,0.918945931813427,0.507,0.351,4.09539121135095e-58,"ACKR1_high_endothelial","RALGAPA2"
2.03668566330432e-52,0.917910822905576,0.435,0.287,4.99089821792724e-48,"ACKR1_high_endothelial","SERTAD4-AS1"
1.16995143567778e-40,0.910905471138801,0.316,0.195,2.86696599312841e-36,"ACKR1_high_endothelial","CPLX1"
3.93699053540841e-42,0.902933134383467,0.394,0.267,9.64759530701831e-38,"ACKR1_high_endothelial","HOXD9"
4.40100506059015e-85,0.897302974491277,0.564,0.367,1.07846629009762e-80,"ACKR1_high_endothelial","HLA-DQB1"
6.90072636319965e-50,0.886297451812709,0.423,0.28,1.69102299530207e-45,"ACKR1_high_endothelial","PKP4"
6.85008641894039e-51,0.885323840609722,0.434,0.287,1.67861367696134e-46,"ACKR1_high_endothelial","SH3BGRL2"
1.01275138726035e-109,0.882569839794266,0.72,0.542,2.48174727448148e-105,"ACKR1_high_endothelial","JAM2"
7.72093488292641e-291,0.882135141227473,0.986,0.837,1.89201509306112e-286,"ACKR1_high_endothelial","IFI27"
4.64725101421921e-54,0.881040321096919,0.498,0.356,1.13880886103442e-49,"ACKR1_high_endothelial","BACE2"
3.19832947107045e-50,0.880746342634728,0.511,0.376,7.83750636885813e-46,"ACKR1_high_endothelial","MKL2"
5.98913403084859e-43,0.879788466208598,0.412,0.285,1.46763729425945e-38,"ACKR1_high_endothelial","OSBPL1A"
1.70547415701876e-44,0.873010744641705,0.429,0.294,4.17926442177447e-40,"ACKR1_high_endothelial","CCDC69"
9.0851927532311e-30,0.869753771703749,0.323,0.217,2.22632648417928e-25,"ACKR1_high_endothelial","RPGR"
7.89805413223272e-38,0.86700977185729,0.347,0.225,1.93541816510363e-33,"ACKR1_high_endothelial","ASS1"
6.75305125000035e-34,0.862655796524432,0.342,0.23,1.65483520881258e-29,"ACKR1_high_endothelial","EVL"
4.21338027767528e-147,0.861368861116349,0.839,0.668,1.03248883704433e-142,"ACKR1_high_endothelial","CD34"
1.0670243923764e-33,0.856330697598416,0.317,0.205,2.61474327351837e-29,"ACKR1_high_endothelial","FAM84B"
2.15497557830655e-52,0.855637816426387,0.442,0.296,5.28076765464019e-48,"ACKR1_high_endothelial","MOB2"
1.26616397054542e-51,0.851950512812227,0.436,0.289,3.10273480982154e-47,"ACKR1_high_endothelial","MVP"
9.23029741296751e-77,0.850984776072431,0.618,0.467,2.26188438104769e-72,"ACKR1_high_endothelial","NAA10"
2.29537993972867e-81,0.842980087580173,0.67,0.5,5.6248285423051e-77,"ACKR1_high_endothelial","NRP1"
3.41380017355064e-187,0.835034058628474,0.917,0.781,8.36551732528585e-183,"ACKR1_high_endothelial","SNHG7"
4.96216502901249e-39,0.833718023154006,0.35,0.225,1.21597854035951e-34,"ACKR1_high_endothelial","SHROOM4"
5.86129987446981e-49,0.832098305389006,0.458,0.318,1.43631153423883e-44,"ACKR1_high_endothelial","SPTLC2"
1.07672146790695e-24,0.828416551580214,0.255,0.167,2.63850595710598e-20,"ACKR1_high_endothelial","ATP5SL"
8.08697551798751e-30,0.821446924903448,0.296,0.193,1.98171335068284e-25,"ACKR1_high_endothelial","MAGI1"
2.61337984611078e-28,0.819964511013116,0.3,0.201,6.40408731289446e-24,"ACKR1_high_endothelial","NXN"
4.60517310099888e-30,0.810424039423178,0.337,0.23,1.12849766839978e-25,"ACKR1_high_endothelial","SPATA13"
1.18087386737979e-46,0.80670946478122,0.387,0.244,2.89373141201418e-42,"ACKR1_high_endothelial","ORAI1"
3.8231278993891e-28,0.80410890056036,0.298,0.197,9.36857491745299e-24,"ACKR1_high_endothelial","SLC30A1"
1.9277426526339e-30,0.802840660631716,0.304,0.2,4.72393337027938e-26,"ACKR1_high_endothelial","HIP1"
3.63683466757518e-66,0.800863966681525,0.549,0.381,8.91206335289299e-62,"ACKR1_high_endothelial","GIMAP6"
2.71071060940366e-22,0.799710937169278,0.254,0.17,6.64259634834368e-18,"ACKR1_high_endothelial","CNDP2"
1.90327997377411e-69,0.793742800154351,0.642,0.495,4.66398757573345e-65,"ACKR1_high_endothelial","PPP1R14B"
5.86327877398111e-48,0.793239138972217,0.522,0.383,1.43679646356407e-43,"ACKR1_high_endothelial","C1orf115"
9.99628529210951e-36,0.789308811337786,0.45,0.327,2.44958971083144e-31,"ACKR1_high_endothelial","FAM13C"
1.07251130817334e-54,0.786788520757029,0.562,0.423,2.62818896067877e-50,"ACKR1_high_endothelial","TPST2"
3.77426126136272e-139,0.784676185282347,0.859,0.713,9.24882722096934e-135,"ACKR1_high_endothelial","TSPAN7"
1.00916538818179e-34,0.782401743673907,0.356,0.238,2.47295978373948e-30,"ACKR1_high_endothelial","ABI3"
1.8723579064765e-45,0.780741738927762,0.497,0.365,4.58821304982066e-41,"ACKR1_high_endothelial","HSD17B11"
7.64940039170699e-252,0.776166983874131,0.998,0.981,1.8744855659878e-247,"ACKR1_high_endothelial","ACTG1"
1.3581530900965e-40,0.771031370055737,0.387,0.258,3.32815414728146e-36,"ACKR1_high_endothelial","PLCB4"
1.02039047680475e-36,0.769555582024221,0.428,0.309,2.50046686341003e-32,"ACKR1_high_endothelial","GNS"
6.54449144547611e-66,0.76857407638656,0.678,0.545,1.60372762871392e-61,"ACKR1_high_endothelial","SYNE1"
5.01972472275165e-60,0.765302184981381,0.587,0.437,1.23008354331029e-55,"ACKR1_high_endothelial","TMEM173"
3.61664531907287e-26,0.765160654698878,0.316,0.218,8.86258935438807e-22,"ACKR1_high_endothelial","LPCAT4"
5.33142152551672e-220,0.7641043057396,0.96,0.856,1.30646484482787e-215,"ACKR1_high_endothelial","FXYD5"
2.10725093560677e-41,0.762525587996233,0.413,0.281,5.16381841770439e-37,"ACKR1_high_endothelial","CPNE8"
3.62137926893348e-34,0.760776537888276,0.415,0.301,8.87418989852148e-30,"ACKR1_high_endothelial","ELOVL1"
1.56504391163514e-19,0.759393526746569,0.259,0.18,3.83514010546192e-15,"ACKR1_high_endothelial","TRIM25"
4.29680549542736e-50,0.757761710455995,0.452,0.306,1.05293218665448e-45,"ACKR1_high_endothelial","OCIAD2"
5.11019490595071e-58,0.75117420332547,0.642,0.507,1.25225326170322e-53,"ACKR1_high_endothelial","GYPC"
9.12044541008362e-124,0.750697019056314,0.839,0.702,2.23496514774099e-119,"ACKR1_high_endothelial","CDC37"
7.55234299452574e-46,0.746055820436383,0.499,0.359,1.85070165080853e-41,"ACKR1_high_endothelial","C10orf54"
4.1939817707121e-75,0.743595871613379,0.509,0.305,1.027735232913e-70,"ACKR1_high_endothelial","MYC"
1.69373158621991e-28,0.741353538770798,0.379,0.277,4.15048925203188e-24,"ACKR1_high_endothelial","RPS6KA2"
5.41710975652813e-133,0.739021517345442,0.862,0.752,1.32746274583722e-128,"ACKR1_high_endothelial","BRI3"
6.00061480655505e-36,0.737607987310838,0.407,0.284,1.47045065834631e-31,"ACKR1_high_endothelial","ARHGEF15"
8.23563347799731e-50,0.737355474908954,0.504,0.354,2.01814198378324e-45,"ACKR1_high_endothelial","GMFG"
7.85097096626198e-150,0.736985577201897,0.911,0.79,1.9238804352825e-145,"ACKR1_high_endothelial","LDHA"
3.05301535110356e-83,0.733187284502479,0.728,0.591,7.48141411787929e-79,"ACKR1_high_endothelial","WNK1"
8.37213148356587e-21,0.732644354307037,0.265,0.183,2.05159082004782e-16,"ACKR1_high_endothelial","NUDCD1"
4.86745002790383e-27,0.730483944795266,0.331,0.229,1.19276862933783e-22,"ACKR1_high_endothelial","MTURN"
1.83462132767544e-75,0.729566112730614,0.708,0.526,4.49573956346867e-71,"ACKR1_high_endothelial","TM4SF18"
1.13200837722298e-37,0.72736912451273,0.387,0.259,2.77398652838492e-33,"ACKR1_high_endothelial","GJA1"
2.76258223520631e-34,0.721701223455859,0.404,0.283,6.76970776737306e-30,"ACKR1_high_endothelial","SOX4"
1.86901324639797e-144,0.719379588894955,0.903,0.77,4.58001696029822e-140,"ACKR1_high_endothelial","RAMP3"
1.5964175478499e-45,0.715382666692088,0.489,0.342,3.91202120100618e-41,"ACKR1_high_endothelial","SMAD1"
1.44643615215594e-46,0.711426633660672,0.526,0.393,3.54449179085813e-42,"ACKR1_high_endothelial","FLI1"
7.37987810173905e-34,0.704553727632785,0.459,0.341,1.80843912883115e-29,"ACKR1_high_endothelial","PPP2R2A"
1.70406746018939e-23,0.701859417510241,0.324,0.232,4.17581731119409e-19,"ACKR1_high_endothelial","AP1S1"
9.87490386275219e-32,0.701757749868709,0.435,0.324,2.41984519156742e-27,"ACKR1_high_endothelial","TIMM13"
7.97027442003441e-79,0.700741765019522,0.723,0.576,1.95311574662943e-74,"ACKR1_high_endothelial","ITGB4"
6.4012464512843e-34,0.700460937385479,0.433,0.319,1.56862544288722e-29,"ACKR1_high_endothelial","URM1"
7.03775994519803e-56,0.69969343711184,0.529,0.363,1.72460307457078e-51,"ACKR1_high_endothelial","GGT5"
4.62766590055438e-25,0.699188253282465,0.3,0.204,1.13400952893085e-20,"ACKR1_high_endothelial","AIF1L"
1.05990321927904e-30,0.695885136004708,0.378,0.267,2.59729283884328e-26,"ACKR1_high_endothelial","LRRC1"
4.38758686209968e-229,0.695547465494905,0.995,0.971,1.07517816055753e-224,"ACKR1_high_endothelial","CD74"
7.04875887918995e-19,0.69486916944249,0.302,0.221,1.7272983633455e-14,"ACKR1_high_endothelial","IMP4"
3.35056607811194e-20,0.694135403057605,0.425,0.348,8.2105621744133e-16,"ACKR1_high_endothelial","CNKSR3"
6.62212740290717e-21,0.693432565128839,0.317,0.23,1.6227523200824e-16,"ACKR1_high_endothelial","CORO1C"
3.5391839867147e-47,0.691865457080578,0.547,0.415,8.67277035944436e-43,"ACKR1_high_endothelial","MGMT"
1.63023517275608e-31,0.691389320189703,0.45,0.339,3.99489129083878e-27,"ACKR1_high_endothelial","FZD4"
1.7657289659384e-24,0.689691794107252,0.372,0.275,4.32691883103205e-20,"ACKR1_high_endothelial","RASAL2"
9.80927435369572e-79,0.688532004739427,0.753,0.63,2.40376268037314e-74,"ACKR1_high_endothelial","ATP1A1"
3.2472137411087e-20,0.686474615378525,0.272,0.192,7.95729727258686e-16,"ACKR1_high_endothelial","PRAF2"
1.90778279808825e-63,0.682182941790635,0.685,0.558,4.67502174671526e-59,"ACKR1_high_endothelial","LIMS2"
2.35136043719081e-24,0.680642766310032,0.333,0.237,5.76200875133609e-20,"ACKR1_high_endothelial","EHBP1L1"
1.29577595254641e-34,0.679272752666974,0.434,0.318,3.17529897171499e-30,"ACKR1_high_endothelial","LAMA5"
1.95256168362156e-16,0.679091327828371,0.292,0.22,4.78475240571463e-12,"ACKR1_high_endothelial","KARS"
8.39219246339734e-27,0.675531009764724,0.376,0.274,2.05650676315552e-22,"ACKR1_high_endothelial","ARHGAP31"
7.07014220525607e-195,0.669673309944665,0.966,0.897,1.732538347398e-190,"ACKR1_high_endothelial","EEF2"
8.70620387362057e-22,0.668914248490393,0.347,0.257,2.13345525923072e-17,"ACKR1_high_endothelial","LRRC8C"
1.03458703667851e-92,0.668563048522954,0.829,0.699,2.53525553338068e-88,"ACKR1_high_endothelial","NKTR"
1.53828294058852e-89,0.668385989064151,0.739,0.547,3.76956234591217e-85,"ACKR1_high_endothelial","GIMAP1"
1.76234056375275e-62,0.667283456147214,0.612,0.424,4.31861555147611e-58,"ACKR1_high_endothelial","NUPR1"
8.97316511832526e-23,0.666679962851061,0.359,0.268,2.19887411224561e-18,"ACKR1_high_endothelial","GIT1"
2.18928323367661e-32,0.666383804627273,0.558,0.466,5.36483856412454e-28,"ACKR1_high_endothelial","FAM89B"
3.5231382987511e-28,0.666310096784025,0.372,0.265,8.63345040108957e-24,"ACKR1_high_endothelial","ABCD4"
7.18547791268461e-19,0.660190810785464,0.3,0.218,1.76080136250336e-14,"ACKR1_high_endothelial","MRPL12"
4.62048960737107e-23,0.659932186148626,0.307,0.215,1.13225097828628e-18,"ACKR1_high_endothelial","GOLGA8A"
8.63969841785733e-19,0.658890973163926,0.283,0.203,2.11715809729594e-14,"ACKR1_high_endothelial","NCK1"
4.2003419294813e-191,0.658845404711354,0.978,0.935,1.02929378981939e-186,"ACKR1_high_endothelial","IFITM2"
8.96478153192926e-52,0.658038671615134,0.607,0.46,2.19681971439926e-47,"ACKR1_high_endothelial","EHD4"
0,0.655689995448635,0.999,0.996,0,"ACKR1_high_endothelial","RPS2"
3.42551129749995e-70,0.650321736233376,0.776,0.656,8.39421543452362e-66,"ACKR1_high_endothelial","CSTB"
1.21034107273385e-39,0.650231391544964,0.63,0.541,2.9659407987343e-35,"ACKR1_high_endothelial","SLK"
1.4626960561492e-33,0.650203604573442,0.519,0.415,3.58433668559362e-29,"ACKR1_high_endothelial","HNRNPAB"
2.83829592973518e-31,0.649031819337658,0.461,0.349,6.95524417581605e-27,"ACKR1_high_endothelial","CNOT6L"
5.02843144186593e-28,0.646152750527885,0.433,0.328,1.23221712482925e-23,"ACKR1_high_endothelial","CASP4"
7.79478414879533e-19,0.64340473188243,0.345,0.264,1.91011185566229e-14,"ACKR1_high_endothelial","HERC2"
9.54993833492852e-124,0.642337133510757,0.892,0.789,2.34021238897423e-119,"ACKR1_high_endothelial","ARPC1B"
7.31838389323663e-24,0.640777405498348,0.368,0.272,1.79336997303764e-19,"ACKR1_high_endothelial","PARVB"
1.82331498919657e-46,0.640108098974428,0.597,0.47,4.46803338102619e-42,"ACKR1_high_endothelial","AHR"
1.44959464643513e-15,0.639919402695543,0.256,0.186,3.55223168108929e-11,"ACKR1_high_endothelial","NARF"
7.53842765728216e-32,0.639056474050094,0.47,0.355,1.84729169741699e-27,"ACKR1_high_endothelial","ARHGEF3"
3.02712877577888e-60,0.638843352401247,0.737,0.619,7.41797906504613e-56,"ACKR1_high_endothelial","PLVAP"
3.78849437186463e-80,0.63768414180732,0.762,0.598,9.28370545825427e-76,"ACKR1_high_endothelial","IGFBP2"
9.16908390128207e-60,0.636819189491361,0.663,0.51,2.24688401000917e-55,"ACKR1_high_endothelial","NUAK1"
1.89512037419923e-118,0.636677798360612,0.899,0.761,4.6439924769752e-114,"ACKR1_high_endothelial","GIMAP7"
1.97102616768237e-25,0.632044391129727,0.425,0.329,4.82999962390564e-21,"ACKR1_high_endothelial","SRM"
4.45178847916173e-25,0.631105542398502,0.375,0.274,1.09091076681858e-20,"ACKR1_high_endothelial","CRYBG3"
7.56898056438765e-16,0.628370615568108,0.261,0.19,1.85477868730319e-11,"ACKR1_high_endothelial","NCBP2-AS2"
5.58382254450415e-47,0.627524322169058,0.627,0.506,1.36831571453074e-42,"ACKR1_high_endothelial","HIPK3"
1.33760624346832e-20,0.626085746938508,0.332,0.243,3.27780409961913e-16,"ACKR1_high_endothelial","ATP11C"
1.008898155236e-17,0.625224790954232,0.277,0.198,2.47230492940583e-13,"ACKR1_high_endothelial","FGD4"
3.04088747546936e-26,0.624324687850733,0.516,0.427,7.45169475863766e-22,"ACKR1_high_endothelial","TUBB6"
5.96594450267279e-35,0.622395992143873,0.33,0.206,1.46195470037997e-30,"ACKR1_high_endothelial","MAP3K8"
1.02929121045055e-218,0.619691902048796,0.994,0.959,2.52227811120906e-214,"ACKR1_high_endothelial","GNG11"
3.86142271695882e-35,0.619668295288672,0.538,0.425,9.4624163679076e-31,"ACKR1_high_endothelial","EIF2S3"
2.65241010110945e-34,0.619260801760465,0.554,0.45,6.49973095276872e-30,"ACKR1_high_endothelial","VAT1"
1.6878116467496e-17,0.616913548501983,0.333,0.255,4.1359824403599e-13,"ACKR1_high_endothelial","RAPH1"
4.44752993921878e-22,0.612861148479548,0.355,0.262,1.08986721160556e-17,"ACKR1_high_endothelial","UBN1"
3.38576871987458e-23,0.612681787581141,0.383,0.291,8.29682624805267e-19,"ACKR1_high_endothelial","CYB5B"
1.76522836053585e-51,0.607167168668523,0.722,0.648,4.32569209749311e-47,"ACKR1_high_endothelial","BSG"
2.40539488799896e-24,0.602308769717592,0.502,0.417,5.89442017304146e-20,"ACKR1_high_endothelial","MGAT1"
1.28955610767013e-242,0.602227502487862,0.999,0.996,3.16005724184566e-238,"ACKR1_high_endothelial","TMSB10"
9.62873253096857e-31,0.601929979103636,0.503,0.392,2.35952090671385e-26,"ACKR1_high_endothelial","PPIC"
7.15299680581558e-25,0.600930948591466,0.45,0.355,1.75284186726511e-20,"ACKR1_high_endothelial","PPP2R5A"
7.63805986768661e-26,0.599971076971394,0.33,0.224,1.8717065705766e-21,"ACKR1_high_endothelial","NNMT"
4.67723988329721e-14,0.598880912907212,0.253,0.184,1.14615763340198e-09,"ACKR1_high_endothelial","AGRN"
6.54757092343205e-38,0.591292020513956,0.599,0.493,1.60448225478702e-33,"ACKR1_high_endothelial","FRMD4B"
5.90098098607374e-16,0.588411258746334,0.264,0.191,1.44603539063737e-11,"ACKR1_high_endothelial","DIAPH2"
1.09261291281281e-59,0.586904516646782,0.742,0.626,2.67744794284779e-55,"ACKR1_high_endothelial","ACTN1"
5.26655952873755e-14,0.584992742112073,0.251,0.183,1.29057041251714e-09,"ACKR1_high_endothelial","MLH3"
1.16636204604563e-13,0.581658316143518,0.259,0.192,2.85817019383483e-09,"ACKR1_high_endothelial","KNOP1"
2.3586560267817e-19,0.580569073042156,0.382,0.297,5.77988659362856e-15,"ACKR1_high_endothelial","TIMM10"
4.10779239881221e-21,0.579536997812547,0.345,0.252,1.00661452732893e-16,"ACKR1_high_endothelial","DOC2B"
1.45628670115296e-22,0.579348555080969,0.403,0.306,3.56863056117532e-18,"ACKR1_high_endothelial","CMIP"
9.17364020259364e-18,0.577860308570947,0.389,0.307,2.24800053164557e-13,"ACKR1_high_endothelial","EVA1C"
6.68342693970307e-13,0.574969789687461,0.281,0.215,1.63777377157424e-08,"ACKR1_high_endothelial","TSPAN9"
2.70735541228639e-60,0.574814315645602,0.762,0.665,6.6343744378078e-56,"ACKR1_high_endothelial","BCAP31"
1.08668650758293e-28,0.570638415104259,0.568,0.484,2.66292528683197e-24,"ACKR1_high_endothelial","MEF2A"
6.23390515286875e-128,0.57031627624072,0.94,0.9,1.52761845771049e-123,"ACKR1_high_endothelial","GUK1"
1.12747058646063e-15,0.56989689179501,0.318,0.244,2.76286667212178e-11,"ACKR1_high_endothelial","GNL3"
1.54479994893827e-90,0.567159712820687,0.877,0.76,3.78553227487322e-86,"ACKR1_high_endothelial","BCAM"
5.60553972724495e-72,0.565873982979018,0.792,0.681,1.37363751016138e-67,"ACKR1_high_endothelial","RPL17"
6.2101258149395e-15,0.564952437258939,0.278,0.207,1.52179133095093e-10,"ACKR1_high_endothelial","SNHG15"
2.19771926188053e-16,0.560340074604565,0.373,0.299,5.38551105123824e-12,"ACKR1_high_endothelial","ABCE1"
6.06854445791973e-15,0.560240953238133,0.321,0.248,1.48709681941323e-10,"ACKR1_high_endothelial","ARFRP1"
2.01632015895306e-12,0.559073554601211,0.285,0.222,4.94099254951448e-08,"ACKR1_high_endothelial","TMEM140"
6.17695186317393e-14,0.558965577615828,0.278,0.21,1.51366205407077e-09,"ACKR1_high_endothelial","DUSP22"
1.11867116924769e-30,0.557195727010398,0.558,0.468,2.74130370024146e-26,"ACKR1_high_endothelial","PRMT1"
1.28894855983328e-15,0.555476373299205,0.29,0.217,3.15856844587146e-11,"ACKR1_high_endothelial","GRAMD1A"
2.9442681356634e-20,0.554728767344818,0.412,0.321,7.21492906644316e-16,"ACKR1_high_endothelial","ANKRD28"
1.24526977697716e-22,0.552016719056845,0.431,0.337,3.05153358848252e-18,"ACKR1_high_endothelial","EFHD2"
3.33004276651549e-41,0.551356755430658,0.616,0.51,8.16026979934621e-37,"ACKR1_high_endothelial","FBL"
3.02393758851851e-37,0.551355902935062,0.683,0.606,7.4101590606646e-33,"ACKR1_high_endothelial","ENO1"
2.01764387947536e-30,0.551295093266633,0.583,0.492,4.94423632665437e-26,"ACKR1_high_endothelial","TRIOBP"
1.08246001600934e-27,0.550918050593903,0.332,0.224,2.65256826923089e-23,"ACKR1_high_endothelial","STMN1"
9.308124445733e-15,0.548971830696785,0.298,0.225,2.28095589542687e-10,"ACKR1_high_endothelial","PSMG4"
1.44836045788443e-15,0.548733429041847,0.33,0.254,3.5492073020458e-11,"ACKR1_high_endothelial","FLII"
2.64383453467987e-10,0.547151910637822,0.265,0.211,6.47871652723303e-06,"ACKR1_high_endothelial","EMG1"
1.51418228831431e-22,0.547142677112836,0.452,0.362,3.71050369751421e-18,"ACKR1_high_endothelial","TPRKB"
5.35308414313768e-14,0.54401696273527,0.304,0.234,1.31177326927589e-09,"ACKR1_high_endothelial","MRPS12"
3.21733589928123e-51,0.543225527217976,0.712,0.613,7.88408162118865e-47,"ACKR1_high_endothelial","EIF3D"
1.11722218060187e-17,0.543064986623777,0.413,0.337,2.73775295356489e-13,"ACKR1_high_endothelial","SEPN1"
0,0.540567471289298,0.999,0.997,0,"ACKR1_high_endothelial","RPL8"
7.05048621237847e-12,0.53890483841429,0.27,0.207,1.72772164634334e-07,"ACKR1_high_endothelial","SRGAP2"
0,0.536132840688453,0.999,0.997,0,"ACKR1_high_endothelial","RPL3"
7.49121712427576e-18,0.535710912918544,0.328,0.244,1.83572275630378e-13,"ACKR1_high_endothelial","POLR2J3"
1.71213066458016e-12,0.535346519025025,0.315,0.251,4.19557619355369e-08,"ACKR1_high_endothelial","SSRP1"
7.9935854006942e-14,0.534146726318513,0.295,0.225,1.95882810244011e-09,"ACKR1_high_endothelial","TRIO"
8.89940856818615e-30,0.531688255914007,0.562,0.468,2.18080006963402e-25,"ACKR1_high_endothelial","CCT3"
1.20264160792832e-40,0.531295873990081,0.705,0.628,2.94707326022835e-36,"ACKR1_high_endothelial","GRN"
1.15408151367812e-39,0.530967824775632,0.623,0.493,2.82807674926824e-35,"ACKR1_high_endothelial","MGLL"
1.6808215543108e-109,0.530890198264041,0.902,0.809,4.11885321883861e-105,"ACKR1_high_endothelial","PECAM1"
6.32250527727124e-10,0.529411661865184,0.25,0.197,1.54932991819532e-05,"ACKR1_high_endothelial","PRPF19"
3.70977041313617e-30,0.529092157008825,0.578,0.479,9.0907923973902e-26,"ACKR1_high_endothelial","HMGB2"
1.20114843361403e-18,0.528504444036426,0.311,0.225,2.94341423657117e-14,"ACKR1_high_endothelial","SEMA6B"
1.63396142975674e-314,0.525983750318122,0.998,0.996,4.0040224836189e-310,"ACKR1_high_endothelial","RPS4X"
1.05979023269512e-15,0.525606165474135,0.291,0.213,2.5970159652194e-11,"ACKR1_high_endothelial","LMBR1"
3.51020619578321e-20,0.525576397833413,0.32,0.229,8.60176028276676e-16,"ACKR1_high_endothelial","SGK1"
1.70513576458191e-28,0.525224493527552,0.554,0.457,4.17843519110798e-24,"ACKR1_high_endothelial","XRN2"
2.62318491661407e-31,0.519614109917935,0.592,0.496,6.42811463816278e-27,"ACKR1_high_endothelial","ETS1"
1.37151775115168e-295,0.519599720489034,0.999,0.997,3.36090424919718e-291,"ACKR1_high_endothelial","RPS6"
7.53690367549203e-12,0.518390085424887,0.312,0.251,1.84691824567932e-07,"ACKR1_high_endothelial","ZNRF1"
3.45115760061965e-09,0.513883648318348,0.334,0.283,8.45706170031846e-05,"ACKR1_high_endothelial","HLF"
6.28311860189732e-15,0.513813026937482,0.278,0.204,1.53967821339494e-10,"ACKR1_high_endothelial","F8"
1.83047447624834e-10,0.512791061746224,0.265,0.209,4.48557770404656e-06,"ACKR1_high_endothelial","DUSP11"
2.51178969406507e-22,0.512432280351499,0.471,0.379,6.15514064530646e-18,"ACKR1_high_endothelial","CLIC2"
7.94984154137604e-15,0.509504680047984,0.366,0.295,1.9481086697142e-10,"ACKR1_high_endothelial","EIF3B"
5.33566313142131e-13,0.509396820683862,0.306,0.239,1.30750425035479e-08,"ACKR1_high_endothelial","CADPS2"
1.07539727841606e-15,0.509006650398986,0.394,0.319,2.63526103075855e-11,"ACKR1_high_endothelial","GABARAP"
4.7955601181553e-179,0.50764424345189,0.812,0.45,1.17515200695396e-174,"ACKR1_high_endothelial","CLDN5"
4.32436048017277e-87,0.505548255188213,0.901,0.851,1.05968453566634e-82,"ACKR1_high_endothelial","SERBP1"
2.52082026837794e-24,0.504975560386349,0.448,0.347,6.17727006766014e-20,"ACKR1_high_endothelial","PTPRM"
1.09213083865056e-22,0.504161414965531,0.474,0.383,2.6762666201132e-18,"ACKR1_high_endothelial","PTBP3"
5.24953542539183e-11,0.503087783163513,0.272,0.211,1.28639865599227e-06,"ACKR1_high_endothelial","GRK5"
1.53116799545354e-29,0.502931334239759,0.58,0.486,3.75212717285891e-25,"ACKR1_high_endothelial","PDLIM5"
1.13954571241842e-11,0.502102626076466,0.269,0.207,2.79245676828133e-07,"ACKR1_high_endothelial","PHYKPL"
4.02758766394317e-79,0.501779113114778,0.951,0.891,9.86960357049273e-75,"ACKR1_high_endothelial","MT-ND5"
7.61407632343875e-82,0.500920987924959,0.882,0.757,1.86582940305867e-77,"ACKR1_high_endothelial","ETS2"
2.96439387504748e-323,0.500063997978616,0.999,0.996,7.26424719080385e-319,"ACKR1_high_endothelial","RPL26"
5.91979554281796e-17,0.499370908336751,0.398,0.32,1.45064589776754e-12,"ACKR1_high_endothelial","CORO1B"
2.09342073125948e-163,0.499132483494634,0.983,0.951,5.12992750195136e-159,"ACKR1_high_endothelial","RPL4"
1.3980293182419e-16,0.498397373791758,0.448,0.375,3.42587084435179e-12,"ACKR1_high_endothelial","MYO1C"
8.5805438370639e-43,0.498247500860548,0.74,0.653,2.10266226727251e-38,"ACKR1_high_endothelial","IFI16"
4.83953727692721e-50,0.497818534881449,0.762,0.685,1.18592860971101e-45,"ACKR1_high_endothelial","EIF3H"
1.43736438442442e-23,0.497528269619113,0.495,0.401,3.52226142403203e-19,"ACKR1_high_endothelial","RPL22L1"
1.29369288436446e-152,0.497298313776495,0.993,0.973,3.17019441313511e-148,"ACKR1_high_endothelial","GAPDH"
1.65756170258067e-13,0.494851827969034,0.34,0.268,4.06185495217394e-09,"ACKR1_high_endothelial","GNB4"
1.11676774014823e-53,0.494715287788089,0.985,0.961,2.73663934723323e-49,"ACKR1_high_endothelial","TXNIP"
3.29148705718087e-10,0.494590034093092,0.303,0.246,8.06578903362173e-06,"ACKR1_high_endothelial","TIMM9"
3.98983848823502e-40,0.493241169791691,0.714,0.619,9.77709921541991e-36,"ACKR1_high_endothelial","ACTN4"
4.43955376394329e-17,0.492222513476141,0.438,0.361,1.0879126498543e-12,"ACKR1_high_endothelial","HEXA"
5.25047270238614e-13,0.490688481631272,0.356,0.289,1.28662833571972e-08,"ACKR1_high_endothelial","TPGS1"
1.31881391956086e-95,0.486710821682175,0.944,0.852,3.23175350988388e-91,"ACKR1_high_endothelial","RNASE1"
8.39343852540266e-243,0.486488626448236,1,0.995,2.05681211064992e-238,"ACKR1_high_endothelial","RPL12"
4.55653552456203e-12,0.485268789539833,0.348,0.284,1.11657903029393e-07,"ACKR1_high_endothelial","ZNF524"
9.06211085669871e-11,0.484569523140318,0.291,0.23,2.22067026543402e-06,"ACKR1_high_endothelial","CEP112"
3.33719688386546e-07,0.484500710519774,0.252,0.208,0.00817780096391231,"ACKR1_high_endothelial","ZDHHC17"
2.46274587080974e-11,0.483803070875453,0.333,0.271,6.03495875641927e-07,"ACKR1_high_endothelial","STARD3"
2.0928513783799e-263,0.483793559683743,0.997,0.994,5.12853230271994e-259,"ACKR1_high_endothelial","RPL29"
7.1276257120891e-29,0.482955821380625,0.625,0.537,1.74662468074743e-24,"ACKR1_high_endothelial","NHP2"
2.13788892796712e-12,0.482474124749803,0.39,0.329,5.23889681798343e-08,"ACKR1_high_endothelial","STK25"
2.83157048021854e-17,0.480679528184039,0.419,0.338,6.93876346177554e-13,"ACKR1_high_endothelial","IMP3"
3.16139543500315e-55,0.47645502764206,0.814,0.725,7.74699951347523e-51,"ACKR1_high_endothelial","LMO2"
2.56993053828973e-11,0.475456645355157,0.32,0.257,6.29761478407897e-07,"ACKR1_high_endothelial","CNTNAP3B"
9.04856614500304e-11,0.475294673417054,0.365,0.306,2.217351133833e-06,"ACKR1_high_endothelial","MAZ"
5.32920296082538e-11,0.474994411383654,0.31,0.249,1.30592118555026e-06,"ACKR1_high_endothelial","ORMDL2"
3.68328678202127e-12,0.474581487956337,0.301,0.237,9.02589425934313e-08,"ACKR1_high_endothelial","TAF9"
1.25453626091843e-06,0.471757045820295,0.262,0.221,0.030742411073806,"ACKR1_high_endothelial","NADK"
2.41434828715592e-14,0.470823101118351,0.366,0.295,5.91636047767558e-10,"ACKR1_high_endothelial","C19orf24"
1.30636288693285e-23,0.470793569203158,0.585,0.504,3.20124225442894e-19,"ACKR1_high_endothelial","ENAH"
1.64557058669948e-124,0.469645074049537,0.971,0.943,4.03247072270708e-120,"ACKR1_high_endothelial","RPS10"
4.61857611101674e-53,0.468952766167399,0.809,0.714,1.13178207600465e-48,"ACKR1_high_endothelial","MYH9"
2.09951994197076e-19,0.468837482932479,0.539,0.467,5.14487361779934e-15,"ACKR1_high_endothelial","CCND3"
4.55691915427629e-19,0.468623531516758,0.501,0.427,1.11667303875541e-14,"ACKR1_high_endothelial","PSMA2"
3.29166629819352e-19,0.468078086861215,0.494,0.41,8.06622826372321e-15,"ACKR1_high_endothelial","SLC39A1"
7.8009963652721e-26,0.467306312553648,0.637,0.567,1.91163415930993e-21,"ACKR1_high_endothelial","RSL1D1"
9.21535843293462e-16,0.466445471374484,0.401,0.328,2.25822358399063e-11,"ACKR1_high_endothelial","UBALD2"
8.7774287324301e-11,0.466249548728515,0.293,0.235,2.150908910882e-06,"ACKR1_high_endothelial","MGAT4B"
1.71865761531831e-23,0.465597980597247,0.589,0.512,4.21157048633752e-19,"ACKR1_high_endothelial","ABHD17A"
1.5676786011685e-11,0.463498987714829,0.428,0.367,3.84159641216341e-07,"ACKR1_high_endothelial","TMEM204"
2.72629392605766e-09,0.462843654126553,0.26,0.207,6.6807832658043e-05,"ACKR1_high_endothelial","HABP4"
2.764602376927e-12,0.4627007409185,0.361,0.297,6.77465812465961e-08,"ACKR1_high_endothelial","TSNAX"
1.89865111728096e-14,0.462312292614177,0.449,0.382,4.65264456289699e-10,"ACKR1_high_endothelial","ZMIZ1"
1.24243732867265e-13,0.461735290688582,0.419,0.35,3.04459267391232e-09,"ACKR1_high_endothelial","KIAA1551"
7.83452225941521e-08,0.46172314891069,0.315,0.267,0.0019198496796697,"ACKR1_high_endothelial","SAMM50"
8.94871903331239e-09,0.461433981376849,0.293,0.243,0.00021928835991132,"ACKR1_high_endothelial","PTGIS"
1.54777900051051e-37,0.461209105482231,0.762,0.685,3.79283244075101e-33,"ACKR1_high_endothelial","CALCRL"
2.46053958580356e-08,0.459685944336112,0.414,0.372,0.000602955225501162,"ACKR1_high_endothelial","PIM3"
3.76995348870225e-13,0.459342311970193,0.423,0.357,9.23827102406485e-09,"ACKR1_high_endothelial","FRYL"
2.64564611876471e-07,0.458778109156623,0.267,0.223,0.00648315581403291,"ACKR1_high_endothelial","TOMM40"
1.40091019922547e-29,0.457360252587028,0.658,0.574,3.43293044320202e-25,"ACKR1_high_endothelial","ERP29"
2.13642005168156e-26,0.457169655926472,0.567,0.464,5.23529733664567e-22,"ACKR1_high_endothelial","SWAP70"
1.11953296721774e-10,0.456783980809653,0.334,0.275,2.74341553616708e-06,"ACKR1_high_endothelial","PITPNC1"
6.04530818455698e-24,0.456296438641378,0.596,0.524,1.48140277062569e-19,"ACKR1_high_endothelial","PIK3C2A"
1.05739808084837e-71,0.455901392596022,0.893,0.768,2.59115399711892e-67,"ACKR1_high_endothelial","CEBPD"
6.18470865461882e-15,0.455568104596867,0.49,0.425,1.51556285581434e-10,"ACKR1_high_endothelial","PEF1"
8.79261446049427e-24,0.452860928030907,0.587,0.495,2.15463017354412e-19,"ACKR1_high_endothelial","MYCT1"
1.66607574865959e-15,0.450925797547474,0.419,0.342,4.08271862209032e-11,"ACKR1_high_endothelial","RAI14"
9.71377312734211e-13,0.449865262332616,0.418,0.358,2.38036010485519e-08,"ACKR1_high_endothelial","TKT"
1.29075120059338e-42,0.449366782984566,0.77,0.692,3.16298581705408e-38,"ACKR1_high_endothelial","CLTA"
2.06333127281168e-07,0.447624582411953,0.288,0.244,0.00505619328402501,"ACKR1_high_endothelial","PTPRK"
2.70075963779649e-11,0.44721039857989,0.27,0.207,6.6182114924203e-07,"ACKR1_high_endothelial","COBLL1"
2.15696588678368e-15,0.445710143320261,0.448,0.371,5.28564490556341e-11,"ACKR1_high_endothelial","SERPINH1"
3.17293416157708e-11,0.445161403432959,0.384,0.324,7.77527516294464e-07,"ACKR1_high_endothelial","C12orf10"
1.0511272013597e-30,0.444228345096606,0.764,0.689,2.57578720693195e-26,"ACKR1_high_endothelial","PMP22"
5.13390322588887e-26,0.442927591787162,0.647,0.571,1.25806298550407e-21,"ACKR1_high_endothelial","NRN1"
4.18204311730149e-22,0.44262410768149,0.606,0.53,1.02480966589473e-17,"ACKR1_high_endothelial","EIF3M"
1.32066423981475e-21,0.442560524658061,0.584,0.512,3.23628771966605e-17,"ACKR1_high_endothelial","TUFM"
4.97054933069051e-08,0.441028994583323,0.302,0.253,0.00121803311348571,"ACKR1_high_endothelial","C16orf52"
1.87119225611006e-100,0.437764263189629,0.972,0.916,4.5853566235977e-96,"ACKR1_high_endothelial","GLTSCR2"
1.60855315459082e-52,0.437308427668821,0.848,0.783,3.94175950532481e-48,"ACKR1_high_endothelial","TUBB"
5.77332073021678e-29,0.436903319139836,0.654,0.567,1.41475224493962e-24,"ACKR1_high_endothelial","ATF4"
8.40630372833927e-12,0.434933705417598,0.395,0.334,2.05996472862954e-07,"ACKR1_high_endothelial","EPN1"
3.7545965995948e-20,0.434430027311315,0.556,0.479,9.20063896730705e-16,"ACKR1_high_endothelial","LAMB2"
1.97444859198722e-29,0.434420606230745,0.667,0.586,4.83838627466469e-25,"ACKR1_high_endothelial","ENSA"
1.95244767985112e-20,0.433750858153064,0.478,0.388,4.78447303947517e-16,"ACKR1_high_endothelial","NAMPT"
1.28689700106598e-250,0.433525020826629,0.999,0.997,3.15354110111218e-246,"ACKR1_high_endothelial","RPL7A"
6.22743277407778e-91,0.433172408303873,0.965,0.887,1.52603240128776e-86,"ACKR1_high_endothelial","RPL36A"
8.07981399845413e-85,0.432242045648235,0.954,0.898,1.97995842032119e-80,"ACKR1_high_endothelial","RAMP2"
6.65444426699922e-08,0.430847561270285,0.264,0.215,0.00163067156762816,"ACKR1_high_endothelial","LYPLA2"
3.99415880250159e-10,0.42872881598875,0.317,0.258,9.78768614553014e-06,"ACKR1_high_endothelial","LY96"
2.1400095444447e-12,0.428339735759674,0.379,0.313,5.24409338866174e-08,"ACKR1_high_endothelial","COL4A1"
1.88995998308244e-10,0.427425251881671,0.296,0.236,4.63134693854351e-06,"ACKR1_high_endothelial","FSCN1"
4.00525853291467e-212,0.426752474536459,0.994,0.989,9.8148860349074e-208,"ACKR1_high_endothelial","GNB2L1"
7.64660498263666e-21,0.426523311515621,0.562,0.482,1.87380055099511e-16,"ACKR1_high_endothelial","PDCD5"
1.40629572830756e-15,0.425626499720942,0.459,0.383,3.44612768221767e-11,"ACKR1_high_endothelial","PRPSAP1"
1.5907543365264e-15,0.425125665445868,0.446,0.373,3.89814350165795e-11,"ACKR1_high_endothelial","PBX1"
7.07901960918102e-09,0.424556667276002,0.308,0.254,0.000173471375522981,"ACKR1_high_endothelial","KIF1C"
3.63594306699446e-14,0.423510659107285,0.448,0.381,8.90987848566992e-10,"ACKR1_high_endothelial","SIGIRR"
4.53447535188418e-48,0.422739703093047,0.815,0.732,1.11117318497922e-43,"ACKR1_high_endothelial","EIF3L"
1.60142528358736e-08,0.421757243248072,0.256,0.205,0.000392429265743083,"ACKR1_high_endothelial","DGKH"
2.06313672790161e-07,0.420153593426353,0.284,0.237,0.0050557165517229,"ACKR1_high_endothelial","SEC61A1"
1.93033532900207e-14,0.41896166512321,0.478,0.409,4.73028672371956e-10,"ACKR1_high_endothelial","MKNK2"
1.65870492455341e-10,0.418730910940534,0.424,0.372,4.06465641761813e-06,"ACKR1_high_endothelial","ADRM1"
1.08000812313416e-06,0.418033830365688,0.316,0.274,0.0264655990574026,"ACKR1_high_endothelial","DCTPP1"
6.98435008394957e-191,0.415881783673266,0.998,0.995,1.71151498807184e-186,"ACKR1_high_endothelial","RPS9"
8.59724054767633e-09,0.415805489731414,0.341,0.289,0.000210675379620808,"ACKR1_high_endothelial","LAPTM4B"
1.99792575174394e-10,0.414569975725281,0.422,0.369,4.89591705464854e-06,"ACKR1_high_endothelial","CERS2"
2.12086683287681e-19,0.414378938909228,0.553,0.48,5.19718417396461e-15,"ACKR1_high_endothelial","POLR1D"
3.52259584379416e-16,0.414377335071469,0.494,0.424,8.63212111521758e-12,"ACKR1_high_endothelial","FAM177A1"
1.01373458095611e-14,0.414197607011209,0.481,0.412,2.48415659063296e-10,"ACKR1_high_endothelial","IGBP1"
2.45756048332766e-08,0.413881878781404,0.275,0.222,0.000602225196439444,"ACKR1_high_endothelial","SAMHD1"
1.12304341890659e-25,0.412753702029814,0.611,0.513,2.7520178980306e-21,"ACKR1_high_endothelial","IL1R1"
2.10013572620522e-08,0.412681414407353,0.331,0.28,0.00051463825970659,"ACKR1_high_endothelial","MKKS"
1.57289249798735e-75,0.412037485671566,0.94,0.909,3.854373066318e-71,"ACKR1_high_endothelial","RPS4Y1"
1.49931033121753e-263,0.411671420048113,0.999,0.999,3.67405996664857e-259,"ACKR1_high_endothelial","RPS23"
2.38556435372712e-06,0.410204634010113,0.34,0.299,0.0584582544880831,"ACKR1_high_endothelial","MLEC"
1.30211268071661e-10,0.408726608092031,0.27,0.209,3.19082712409605e-06,"ACKR1_high_endothelial","TUBA4A"
8.16967679084773e-42,0.408583892852417,0.803,0.748,2.00197929759724e-37,"ACKR1_high_endothelial","RAB13"
3.32666406373061e-10,0.408039861401832,0.313,0.251,8.15199028817186e-06,"ACKR1_high_endothelial","CARD16"
2.87168710304306e-29,0.405877136779928,0.735,0.663,7.03706924600703e-25,"ACKR1_high_endothelial","RAN"
7.62797815911233e-24,0.405823007313994,0.616,0.538,1.86923604789048e-19,"ACKR1_high_endothelial","POLE4"
1.60843935544358e-11,0.405456004875335,0.456,0.4,3.9414806405145e-07,"ACKR1_high_endothelial","EI24"
5.52056662398203e-16,0.405015139000228,0.521,0.453,1.3528148512068e-11,"ACKR1_high_endothelial","SEPT10"
5.51051668529121e-19,0.404541413808519,0.482,0.395,1.35035211373061e-14,"ACKR1_high_endothelial","CDC42EP3"
2.76798091684422e-11,0.403743702091894,0.416,0.361,6.78293723672677e-07,"ACKR1_high_endothelial","PQBP1"
2.61904643649609e-10,0.403654378756655,0.405,0.35,6.41797329263368e-06,"ACKR1_high_endothelial","TRIM47"
2.02977781827973e-08,0.403030206968856,0.274,0.221,0.000497397054369447,"ACKR1_high_endothelial","PLOD3"
6.60557234096514e-08,0.402867444938961,0.326,0.277,0.00161869550215351,"ACKR1_high_endothelial","NANS"
1.92577902095027e-254,0.401935631786968,1,1,4.71912149083863e-250,"ACKR1_high_endothelial","RPL13"
4.45573350746065e-171,0.400870045919606,0.996,0.992,1.09187749600323e-166,"ACKR1_high_endothelial","RPL10A"
4.76556600774334e-180,0.400591029520641,1,0.997,1.16780195019751e-175,"ACKR1_high_endothelial","RPS19"
1.71972664109802e-29,0.400258434943558,0.709,0.625,4.21419013401071e-25,"ACKR1_high_endothelial","S100A16"
6.80634522116544e-07,0.40018908371065,0.261,0.217,0.0166789489644659,"ACKR1_high_endothelial","GAR1"
5.50201618862841e-10,0.399576630000187,0.389,0.335,1.34826906702339e-05,"ACKR1_high_endothelial","RPN1"
6.49315233289744e-08,0.399085940524028,0.302,0.252,0.00159114697917652,"ACKR1_high_endothelial","GLRX3"
5.81318853589184e-13,0.398206183009132,0.449,0.388,1.4245218507203e-08,"ACKR1_high_endothelial","NDUFA8"
3.70081215890074e-34,0.39685974643214,0.696,0.59,9.06884019538625e-30,"ACKR1_high_endothelial","MAP1LC3B"
6.94137373975485e-198,0.3966033151522,0.998,0.994,1.70098363492693e-193,"ACKR1_high_endothelial","RPL5"
4.7277334897402e-27,0.395946029322329,0.714,0.627,1.15853109166084e-22,"ACKR1_high_endothelial","NET1"
1.22853190332859e-06,0.394215332220803,0.297,0.253,0.0301051742910672,"ACKR1_high_endothelial","ESYT1"
1.64456377617438e-43,0.392315263596327,0.43,0.27,4.03000353351532e-39,"ACKR1_high_endothelial","FBLN2"
1.08122626429703e-217,0.39222756666079,1,0.999,2.64954496065986e-213,"ACKR1_high_endothelial","RPL32"
3.26186406411362e-08,0.391934225349137,0.38,0.332,0.000799319788911043,"ACKR1_high_endothelial","KAT6A"
2.33069017211952e-40,0.391745876988786,0.813,0.75,5.71135626677889e-36,"ACKR1_high_endothelial","ZFAS1"
4.00830316681914e-06,0.390753747091035,0.323,0.285,0.0982234691029029,"ACKR1_high_endothelial","CHST12"
2.07578673837617e-10,0.389629996665689,0.371,0.308,5.08671540239079e-06,"ACKR1_high_endothelial","DIAPH1"
4.89228654917239e-10,0.389320189086624,0.395,0.336,1.19885481887469e-05,"ACKR1_high_endothelial","EPHB4"
6.94326506235512e-17,0.389158436235896,0.562,0.499,1.70144710353012e-12,"ACKR1_high_endothelial","RALY"
9.0097903904634e-16,0.388493490483862,0.441,0.36,2.20784913518306e-11,"ACKR1_high_endothelial","CD109"
6.24163675023137e-49,0.387825608807771,0.918,0.859,1.5295130856442e-44,"ACKR1_high_endothelial","ZFP36L2"
4.13307836669255e-30,0.387355317469439,0.752,0.683,1.01281085375801e-25,"ACKR1_high_endothelial","NUCB1"
1.02252496298151e-21,0.386629984305888,0.509,0.411,2.50569742178619e-17,"ACKR1_high_endothelial","LAP3"
1.99381532678118e-19,0.386219666564756,0.589,0.521,4.88584445827729e-15,"ACKR1_high_endothelial","SNRPE"
1.48289611048016e-52,0.386153443517129,0.895,0.847,3.63383691873164e-48,"ACKR1_high_endothelial","PRDX1"
5.81688906431795e-62,0.386145723855621,0.917,0.867,1.42542866521111e-57,"ACKR1_high_endothelial","CRIP2"
1.95734326484776e-14,0.385183502554656,0.499,0.434,4.79646967050944e-10,"ACKR1_high_endothelial","DNAJC15"
2.03421237602506e-44,0.384395074587636,0.845,0.78,4.98483742744942e-40,"ACKR1_high_endothelial","CNN3"
5.87018585414271e-05,0.384230045517424,0.281,0.246,1,"ACKR1_high_endothelial","UGCG"
2.47037179975311e-92,0.383834521445355,0.993,0.971,6.053646095295e-88,"ACKR1_high_endothelial","IGFBP4"
2.9522061206282e-07,0.382384317117455,0.316,0.271,0.00723438109859941,"ACKR1_high_endothelial","MIEN1"
1.89018098646785e-103,0.382133608239755,0.982,0.975,4.63188850733947e-99,"ACKR1_high_endothelial","RPLP0"
3.11093028244783e-49,0.380260282714558,0.899,0.851,7.6233346571384e-45,"ACKR1_high_endothelial","CCDC85B"
7.62911264291993e-25,0.379712432522239,0.671,0.589,1.86951405314753e-20,"ACKR1_high_endothelial","SLC25A5"
1.68120612786672e-21,0.379226692363311,0.672,0.608,4.11979561633739e-17,"ACKR1_high_endothelial","EIF4A1"
8.34043065845432e-07,0.378791149827637,0.297,0.25,0.0204382253285423,"ACKR1_high_endothelial","SLC25A39"
9.83752194348619e-51,0.378485707922923,0.904,0.852,2.41068475225129e-46,"ACKR1_high_endothelial","ECSCR.1"
4.30671857485023e-09,0.378257247630444,0.353,0.298,0.000105536138676705,"ACKR1_high_endothelial","EML4"
3.87214523525181e-05,0.378069560342804,0.268,0.231,0.948869189898457,"ACKR1_high_endothelial","KPNA3"
5.78845201947207e-07,0.377969142031567,0.302,0.258,0.0141846016737163,"ACKR1_high_endothelial","TCF12"
0.000224163162823411,0.377851021030528,0.255,0.224,1,"ACKR1_high_endothelial","NFYB"
1.61084572866577e-05,0.377383031295149,0.256,0.218,0.394737745809547,"ACKR1_high_endothelial","STAT5B"
1.23109714153992e-15,0.376597061253127,0.548,0.491,3.01680354534357e-11,"ACKR1_high_endothelial","EBPL"
3.10118572999996e-08,0.375286562031446,0.355,0.304,0.000759945563136489,"ACKR1_high_endothelial","ICA1"
4.82491948300318e-167,0.374179574698777,0.996,0.991,1.18234651930993e-162,"ACKR1_high_endothelial","NACA"
4.63779834913434e-08,0.373007004673791,0.332,0.282,0.00113649248545537,"ACKR1_high_endothelial","NCBP2"
1.46469518368411e-08,0.372648720362673,0.335,0.28,0.000358923554761792,"ACKR1_high_endothelial","COL4A2"
3.28581346571578e-27,0.371966915803122,0.705,0.626,8.05188589773651e-23,"ACKR1_high_endothelial","C14orf166"
6.87679662543839e-09,0.37191956047924,0.379,0.328,0.000168515901306368,"ACKR1_high_endothelial","ACAT1"
1.50674213213322e-104,0.370543870151174,0.987,0.969,3.69227159479246e-100,"ACKR1_high_endothelial","CST3"
1.12051768863225e-10,0.368904960757043,0.453,0.391,2.74582859599333e-06,"ACKR1_high_endothelial","FKBP9"
9.07010587555907e-06,0.368462039240107,0.294,0.258,0.222262944480575,"ACKR1_high_endothelial","MRPL9"
3.29132466421656e-09,0.368202230233582,0.384,0.332,8.06539108966267e-05,"ACKR1_high_endothelial","ACP1"
4.79007530391206e-15,0.366413877209256,0.351,0.267,1.17380795322365e-10,"ACKR1_high_endothelial","HS3ST1"
1.42481066125327e-08,0.365780885607423,0.424,0.379,0.000349149852540115,"ACKR1_high_endothelial","FRY"
6.14226072820218e-12,0.365661210176781,0.405,0.338,1.50516099144595e-07,"ACKR1_high_endothelial","FGD5"
4.72793023393626e-14,0.365646436785444,0.499,0.431,1.15857930382608e-09,"ACKR1_high_endothelial","DPP7"
3.57024932972702e-45,0.365621882634153,0.956,0.933,8.74889598249606e-41,"ACKR1_high_endothelial","NEAT1"
4.31423281596178e-11,0.365509768015266,0.446,0.387,1.05720275155143e-06,"ACKR1_high_endothelial","MED4"
1.33268574981307e-18,0.36543508542465,0.637,0.575,3.26574642991693e-14,"ACKR1_high_endothelial","UACA"
8.40267893471332e-18,0.364747280035977,0.597,0.521,2.0590764729515e-13,"ACKR1_high_endothelial","ASPH"
1.48520733138504e-06,0.364154688153971,0.346,0.303,0.0363950056555903,"ACKR1_high_endothelial","GON4L"
5.76713744239677e-10,0.363761419389114,0.356,0.299,1.41323703025933e-05,"ACKR1_high_endothelial","C14orf119"
1.14786425131858e-09,0.36149367232356,0.462,0.408,2.81284134785618e-05,"ACKR1_high_endothelial","MAP4K4"
4.13698075679835e-05,0.360172579145836,0.257,0.221,1,"ACKR1_high_endothelial","TSTA3"
1.2609461740192e-05,0.359844202751979,0.39,0.356,0.308994859943404,"ACKR1_high_endothelial","ADGRG1"
1.95149764539608e-12,0.358844354546177,0.471,0.408,4.78214498004309e-08,"ACKR1_high_endothelial","PXN"
4.70236276522404e-11,0.357622722120322,0.419,0.362,1.15231399561815e-06,"ACKR1_high_endothelial","APEX1"
4.26445247394321e-184,0.357253736482779,0.999,0.998,1.04500407873978e-179,"ACKR1_high_endothelial","RPS24"
1.0720409672924e-13,0.357101979640248,0.522,0.452,2.62703639035003e-09,"ACKR1_high_endothelial","PGM5"
5.52895552168323e-55,0.356949344794355,0.944,0.89,1.35487055058848e-50,"ACKR1_high_endothelial","BTG1"
1.69151951380549e-09,0.356887245971967,0.393,0.339,4.14506856858035e-05,"ACKR1_high_endothelial","MFSD10"
1.86218274179083e-17,0.356827139231715,0.584,0.521,4.56327880875844e-13,"ACKR1_high_endothelial","COX5A"
3.96415147330711e-19,0.35665040754921,0.646,0.579,9.71415318533908e-15,"ACKR1_high_endothelial","TMBIM4"
1.94023140682208e-97,0.356188876758172,0.976,0.966,4.75453706241751e-93,"ACKR1_high_endothelial","BTF3"
1.92566398583352e-06,0.356032351266705,0.272,0.228,0.0471883959728504,"ACKR1_high_endothelial","IKBKB"
1.15324995714597e-05,0.35578309065985,0.306,0.267,0.28260390199862,"ACKR1_high_endothelial","CMTM8"
7.35011334471671e-14,0.355517503793118,0.544,0.486,1.80114527512283e-09,"ACKR1_high_endothelial","PPP2R1A"
7.1533970225436e-09,0.354290368577684,0.459,0.409,0.000175293994037431,"ACKR1_high_endothelial","PREX2"
2.15672913442628e-05,0.354121356953795,0.319,0.283,0.528506474391161,"ACKR1_high_endothelial","PQLC1"
1.92735038570374e-05,0.3540185078805,0.287,0.251,0.472297212016701,"ACKR1_high_endothelial","STT3B"
3.20391022401684e-22,0.353861639940218,0.669,0.6,7.85118200395327e-18,"ACKR1_high_endothelial","ENTPD1"
7.97990870629039e-13,0.353427287380403,0.423,0.352,1.95547662847646e-08,"ACKR1_high_endothelial","YPEL2"
1.43970967112835e-39,0.35335300463935,0.837,0.766,3.52800854910002e-35,"ACKR1_high_endothelial","EIF3G"
2.15569089964141e-11,0.352923734212879,0.508,0.457,5.28252054957128e-07,"ACKR1_high_endothelial","C1QBP"
1.87767235798792e-08,0.352850207466641,0.327,0.273,0.000460123611324939,"ACKR1_high_endothelial","BFAR"
1.77706802400598e-43,0.35257340403841,0.849,0.783,4.35470519282665e-39,"ACKR1_high_endothelial","LRRFIP1"
1.56905170610752e-08,0.352542766155589,0.439,0.393,0.000384496120581647,"ACKR1_high_endothelial","PRR13"
7.24627288708597e-06,0.352154372031618,0.275,0.234,0.177569917098042,"ACKR1_high_endothelial","SMARCC1"
4.28910732950741e-174,0.35140137543782,0.999,0.998,1.05104575109579e-169,"ACKR1_high_endothelial","RPL28"
8.20178060220699e-39,0.351231074741424,0.878,0.818,2.00984633657082e-34,"ACKR1_high_endothelial","EIF4B"
1.90467235266696e-18,0.350842276874371,0.609,0.525,4.66739960021039e-14,"ACKR1_high_endothelial","NBL1"
4.02234825435865e-19,0.350500927134066,0.255,0.17,9.85676439730587e-15,"ACKR1_high_endothelial","MECOM"
1.9405567970239e-08,0.350415212646855,0.396,0.344,0.000475533443110706,"ACKR1_high_endothelial","OPTN"
1.80791836866255e-08,0.350025755082877,0.417,0.368,0.000443030396240757,"ACKR1_high_endothelial","PTPRG"
2.18975192448854e-07,0.349645581295672,0.311,0.263,0.00536598709095917,"ACKR1_high_endothelial","CCM2L"
6.03193671287314e-07,0.348050453708125,0.294,0.246,0.0147812609148956,"ACKR1_high_endothelial","IFITM1"
7.55258226499371e-09,0.347097354711429,0.324,0.267,0.000185076028403671,"ACKR1_high_endothelial","TNFRSF1B"
8.61496011358789e-12,0.346764991195847,0.536,0.482,2.11109597583471e-07,"ACKR1_high_endothelial","RBMS1"
9.11165967115946e-06,0.346608421361405,0.257,0.215,0.223281220241763,"ACKR1_high_endothelial","SMC4"
5.37926589000943e-13,0.345683498818261,0.554,0.494,1.31818910634681e-08,"ACKR1_high_endothelial","G3BP1"
4.4781873243355e-131,0.345256362532798,0.993,0.991,1.09737980382841e-126,"ACKR1_high_endothelial","RPL14"
4.54433270843179e-19,0.344362953668087,0.709,0.672,1.11358873020121e-14,"ACKR1_high_endothelial","ENY2"
4.94502823118457e-09,0.343824788673126,0.397,0.346,0.000121177916805178,"ACKR1_high_endothelial","NTAN1"
7.28774415121318e-08,0.34346332917738,0.356,0.303,0.00178586170425479,"ACKR1_high_endothelial","CTSF"
4.49986748289226e-12,0.342965405067653,0.386,0.313,1.10269252668275e-07,"ACKR1_high_endothelial","PIK3R3"
1.57938075166113e-18,0.342649047838501,0.66,0.596,3.8702725319456e-14,"ACKR1_high_endothelial","ACTR2"
9.40867349641926e-14,0.342624978718684,0.597,0.541,2.30559544029754e-09,"ACKR1_high_endothelial","TINAGL1"
5.55429321451105e-06,0.342438416310095,0.311,0.27,0.136107955221593,"ACKR1_high_endothelial","STARD7"
2.41956198663093e-14,0.342101932619581,0.537,0.469,5.92913664823909e-10,"ACKR1_high_endothelial","RNPS1"
3.24241418652716e-44,0.341442917520954,0.904,0.854,7.94553596408479e-40,"ACKR1_high_endothelial","EIF3E"
8.48632958704768e-05,0.340750025358665,0.291,0.255,1,"ACKR1_high_endothelial","DPM2"
3.66525374631487e-08,0.340708170364734,0.424,0.381,0.000898170430534458,"ACKR1_high_endothelial","AIP"
5.31190241103596e-11,0.34042887807663,0.506,0.454,1.30168168582436e-06,"ACKR1_high_endothelial","TAF10"
1.8505830026323e-09,0.340210919653063,0.496,0.454,4.53485364795046e-05,"ACKR1_high_endothelial","NFAT5"
4.46936717074169e-09,0.339988464557213,0.474,0.421,0.000109521842519025,"ACKR1_high_endothelial","OXA1L"
9.97582026294836e-19,0.338682973262252,0.671,0.611,2.4445747554355e-14,"ACKR1_high_endothelial","CSNK2B"
4.3904110522808e-06,0.338634481442557,0.3,0.257,0.107587022836141,"ACKR1_high_endothelial","FNDC3B"
6.75201460996707e-27,0.337371503476347,0.797,0.749,1.65458118017243e-22,"ACKR1_high_endothelial","ELK3"
8.08488374900929e-38,0.335930204981907,0.886,0.829,1.98120076269473e-33,"ACKR1_high_endothelial","PABPC1"
1.57543122456315e-10,0.335534951777149,0.329,0.265,3.86059421579199e-06,"ACKR1_high_endothelial","PDLIM7"
3.24200376206228e-08,0.334816075063174,0.373,0.32,0.000794453021893361,"ACKR1_high_endothelial","BAZ1A"
6.67139334536806e-11,0.33389820048982,0.489,0.433,1.63482493928244e-06,"ACKR1_high_endothelial","CFI"
6.80699908341296e-08,0.333891888630821,0.291,0.239,0.00166805512539035,"ACKR1_high_endothelial","NHSL2"
1.21751454708923e-20,0.333692566801058,0.708,0.657,2.98351939764215e-16,"ACKR1_high_endothelial","BMPR2"
4.56593341541265e-126,0.333121715090122,0.997,0.996,1.11888198344687e-121,"ACKR1_high_endothelial","RPS3"
4.17843978499266e-22,0.332526140240147,0.739,0.678,1.02392666931245e-17,"ACKR1_high_endothelial","HSPD1"
4.5847213880004e-05,0.331931428977106,0.28,0.244,1,"ACKR1_high_endothelial","SYNE3"
8.42192023613084e-05,0.331644885910342,0.271,0.237,1,"ACKR1_high_endothelial","MRPL24"
8.18743080093571e-05,0.330920005301125,0.298,0.266,1,"ACKR1_high_endothelial","RAPGEF2"
0.000618776125527095,0.32990841772798,0.25,0.221,1,"ACKR1_high_endothelial","ACACB"
0.000210990481319658,0.3295128317969,0.264,0.234,1,"ACKR1_high_endothelial","DNM2"
7.63547627698922e-12,0.329035272597616,0.486,0.427,1.87107346167621e-07,"ACKR1_high_endothelial","YWHAH"
4.32252357106227e-11,0.328540973981045,0.486,0.432,1.05923440108881e-06,"ACKR1_high_endothelial","CNPY2"
1.99363311126388e-47,0.328231579345578,0.927,0.891,4.88539793915213e-43,"ACKR1_high_endothelial","ATP5G2"
3.75595699170947e-05,0.326676963979683,0.251,0.215,0.920397260818405,"ACKR1_high_endothelial","APOPT1"
1.05641280479061e-08,0.326557396246273,0.439,0.384,0.000258873957813939,"ACKR1_high_endothelial","MYOF"
0.000323333522766841,0.32592297055345,0.276,0.246,1,"ACKR1_high_endothelial","GGCT"
4.62514353926913e-05,0.325600911827856,0.325,0.291,1,"ACKR1_high_endothelial","PDCD2"
8.12019134833363e-09,0.32550444444035,0.39,0.337,0.000198985288990916,"ACKR1_high_endothelial","COA4"
1.68229743591545e-42,0.325413125651212,0.911,0.865,4.12246986671081e-38,"ACKR1_high_endothelial","S100A11"
2.06503106158339e-06,0.324838272638465,0.338,0.295,0.050603586164101,"ACKR1_high_endothelial","STIM2"
2.57717191803294e-07,0.324817322710582,0.363,0.314,0.00631535978513973,"ACKR1_high_endothelial","OFD1"
5.41433006823154e-28,0.324328143165681,0.841,0.799,1.32678158322014e-23,"ACKR1_high_endothelial","FCGRT"
0.00128873925100559,0.324166733928265,0.256,0.229,1,"ACKR1_high_endothelial","CNPY3"
3.77667186332438e-05,0.322844928993025,0.257,0.22,0.925473440107639,"ACKR1_high_endothelial","RRP7A"
1.22056689685198e-16,0.322395786518072,0.671,0.616,2.99099918073579e-12,"ACKR1_high_endothelial","SSR2"
2.83192636083723e-08,0.322239136852478,0.321,0.267,0.000693963554723163,"ACKR1_high_endothelial","FAM69B"
0.000680122745131274,0.321983348208602,0.298,0.269,1,"ACKR1_high_endothelial","SERTAD2"
2.04581762955269e-12,0.320659917350772,0.535,0.483,5.01327610121888e-08,"ACKR1_high_endothelial","SPCS3"
2.15023863718355e-41,0.320533179220815,0.951,0.942,5.2691597804183e-37,"ACKR1_high_endothelial","CD59"
4.14054342224493e-11,0.320508693047729,0.564,0.504,1.01464016562112e-06,"ACKR1_high_endothelial","DDAH2"
1.99730976995294e-08,0.319116499689156,0.432,0.378,0.000489440759126969,"ACKR1_high_endothelial","UBE2J1"
2.6101941128135e-41,0.319099874824087,0.925,0.891,6.39628067344949e-37,"ACKR1_high_endothelial","COX4I1"
1.49083001320533e-11,0.317680167662994,0.545,0.49,3.65327894735966e-07,"ACKR1_high_endothelial","TAF1D"
5.16808848947905e-08,0.317571778077556,0.44,0.39,0.00126644008434684,"ACKR1_high_endothelial","TMEM256"
2.35635138124002e-06,0.317353364289574,0.317,0.274,0.0577423905972866,"ACKR1_high_endothelial","CENPB"
2.45982116325997e-07,0.316681307789076,0.417,0.37,0.00602779176056856,"ACKR1_high_endothelial","DDRGK1"
4.46970860335947e-06,0.315216426461373,0.331,0.29,0.109530209325324,"ACKR1_high_endothelial","ETHE1"
5.89018411482981e-17,0.314513314668044,0.714,0.663,1.44338961733905e-12,"ACKR1_high_endothelial","PKM"
5.45365976789894e-07,0.313711798865572,0.416,0.374,0.0133641932612363,"ACKR1_high_endothelial","H2AFY"
2.44214668148631e-10,0.313313648411584,0.509,0.459,5.98448044298221e-06,"ACKR1_high_endothelial","TBCB"
0.00014433833027755,0.313087324790667,0.26,0.227,1,"ACKR1_high_endothelial","ZNF91"
1.41698808027385e-11,0.312541304159428,0.571,0.53,3.47232929071106e-07,"ACKR1_high_endothelial","RCN1"
0.000239385311249612,0.312536950345573,0.324,0.293,1,"ACKR1_high_endothelial","DBNL"
1.06692785663282e-08,0.311376225388792,0.301,0.243,0.000261450671267874,"ACKR1_high_endothelial","ADAMTS9"
1.35571836733622e-12,0.310920286187916,0.549,0.486,3.3221878591574e-08,"ACKR1_high_endothelial","ATP5F1"
6.2936883507584e-33,0.310394940878688,0.787,0.691,1.54226833035335e-28,"ACKR1_high_endothelial","GIMAP4"
2.10601815558382e-05,0.309980606388332,0.272,0.234,0.516079749025816,"ACKR1_high_endothelial","TAOK2"
0.00103377681559774,0.309580122992679,0.28,0.254,1,"ACKR1_high_endothelial","E2F4"
7.02551565620109e-15,0.309569427894731,0.682,0.624,1.72160261155208e-10,"ACKR1_high_endothelial","TSPAN4"
9.11254401915584e-09,0.309171000990604,0.51,0.468,0.000223302891189414,"ACKR1_high_endothelial","MLLT4"
5.55488437734452e-27,0.308128784219649,0.815,0.773,1.36122441666827e-22,"ACKR1_high_endothelial","MGST2"
7.21470281420769e-07,0.307796105928403,0.415,0.374,0.0176796292462159,"ACKR1_high_endothelial","CCDC124"
3.7105360212356e-148,0.307744345938528,0.999,0.997,9.09266852003785e-144,"ACKR1_high_endothelial","RPS15"
5.16686515427705e-36,0.307338688006838,0.902,0.863,1.26614030605559e-31,"ACKR1_high_endothelial","CLIC1"
3.47344778846396e-07,0.307304184340874,0.384,0.335,0.00851168380563093,"ACKR1_high_endothelial","MED28"
9.62135133323309e-05,0.305953893122373,0.328,0.295,1,"ACKR1_high_endothelial","NECAP2"
1.53046741008501e-12,0.305833413341006,0.627,0.583,3.75041038841333e-08,"ACKR1_high_endothelial","HSPE1"
4.33648980069725e-125,0.305548337519866,0.999,0.999,1.06265682566086e-120,"ACKR1_high_endothelial","RPS18"
1.98555815361131e-20,0.305420274155096,0.752,0.71,4.86561025542451e-16,"ACKR1_high_endothelial","UBXN1"
7.10654908566486e-13,0.303554490074916,0.642,0.601,1.74145985344217e-08,"ACKR1_high_endothelial","UFC1"
0.00204580198007287,0.302382282594669,0.273,0.25,1,"ACKR1_high_endothelial","RNF126"
4.2789847232797e-07,0.300898175198781,0.467,0.429,0.0104856520643969,"ACKR1_high_endothelial","GSPT1"
1.39509078299724e-14,0.300562332315531,0.683,0.637,3.41866996373474e-10,"ACKR1_high_endothelial","SERPINB6"
1.82697016649422e-14,0.300207779887022,0.671,0.624,4.47699039299409e-10,"ACKR1_high_endothelial","TNFRSF1A"
8.20177820943489e-05,0.300110580150307,0.272,0.236,1,"ACKR1_high_endothelial","GATAD2B"
2.42316172541914e-30,0.299998190727335,0.897,0.842,5.93795780813959e-26,"ACKR1_high_endothelial","SYNE2"
0.00235859673578344,0.299725112132223,0.255,0.229,1,"ACKR1_high_endothelial","TJP2"
4.26582332140814e-143,0.299310155402668,1,1,1.04534000491107e-138,"ACKR1_high_endothelial","RPL10"
2.83018323032639e-06,0.299135613077976,0.305,0.259,0.0693536400591482,"ACKR1_high_endothelial","DNM1L"
2.56336941835313e-44,0.298768933580276,0.916,0.867,6.28153675967435e-40,"ACKR1_high_endothelial","GNAI2"
0.000476619142888317,0.298616697300099,0.263,0.234,1,"ACKR1_high_endothelial","CARD19"
8.43320810584182e-07,0.298361164086561,0.4,0.361,0.0206655764633654,"ACKR1_high_endothelial","AK2"
9.83585982706639e-05,0.298193041676427,0.292,0.258,1,"ACKR1_high_endothelial","FLOT2"
9.57513815970743e-35,0.297946306849243,0.91,0.871,2.34638760603631e-30,"ACKR1_high_endothelial","SLC25A6"
0.00019936952298488,0.29736325860681,0.326,0.296,1,"ACKR1_high_endothelial","FAM50A"
7.26062738999265e-10,0.296509977909859,0.421,0.356,1.7792167419177e-05,"ACKR1_high_endothelial","PCAT19"
3.58966491810327e-19,0.296484538280858,0.723,0.675,8.79647388181206e-15,"ACKR1_high_endothelial","SEC61B"
0.000202053823944024,0.296395874575367,0.295,0.262,1,"ACKR1_high_endothelial","BCR"
5.2176475684375e-09,0.296056679864008,0.509,0.456,0.000127858453664561,"ACKR1_high_endothelial","TMBIM1"
1.30180164759672e-43,0.295742118185756,0.957,0.93,3.19006493743576e-39,"ACKR1_high_endothelial","RAC1"
4.52678019175991e-09,0.294920450104006,0.514,0.466,0.000110928748599077,"ACKR1_high_endothelial","VCP"
0.00197820771948453,0.29430546972152,0.315,0.29,1,"ACKR1_high_endothelial","TAX1BP3"
8.25942555803646e-128,0.293190472031779,1,0.999,2.02397223299683e-123,"ACKR1_high_endothelial","RPS12"
6.79531393767726e-13,0.292020625776519,0.586,0.53,1.66519168042781e-08,"ACKR1_high_endothelial","DDT"
2.91761158471714e-06,0.29103571880953,0.42,0.382,0.0714960718834934,"ACKR1_high_endothelial","HACD3"
1.39817372014016e-149,0.290764934378852,1,0.999,3.42622470120347e-145,"ACKR1_high_endothelial","RPL11"
2.4142726634506e-119,0.290720532054674,0.999,0.998,5.9161751617857e-115,"ACKR1_high_endothelial","PTMA"
4.84293948608131e-06,0.289973455967256,0.417,0.383,0.118676232106422,"ACKR1_high_endothelial","TOMM22"
3.46644586097449e-05,0.289878329028347,0.354,0.318,0.849452558231798,"ACKR1_high_endothelial","TMEM208"
3.78470750300755e-05,0.289545858398023,0.264,0.227,0.927442573612001,"ACKR1_high_endothelial","NAPRT"
3.89426694680143e-07,0.287541392283545,0.463,0.428,0.00954290115313691,"ACKR1_high_endothelial","NAA20"
4.59151324557393e-07,0.286215921551898,0.436,0.388,0.0112515032082789,"ACKR1_high_endothelial","RPL7L1"
1.0072667928346e-40,0.284887248637228,0.909,0.891,2.46830727584118e-36,"ACKR1_high_endothelial","EDF1"
6.68686667162135e-06,0.284736831989745,0.401,0.361,0.163861667788081,"ACKR1_high_endothelial","EGLN2"
0.00214020866507773,0.284160721306059,0.311,0.288,1,"ACKR1_high_endothelial","LYRM1"
0.000155381729564864,0.283557291857248,0.276,0.241,1,"ACKR1_high_endothelial","ZNF580"
1.19185535791268e-14,0.283282319445347,0.702,0.665,2.92064155456502e-10,"ACKR1_high_endothelial","PTTG1IP"
5.34743062968847e-83,0.283114996404795,0.997,0.978,1.31038787580516e-78,"ACKR1_high_endothelial","S100A10"
2.28102503507738e-13,0.282827968362545,0.669,0.625,5.58965184845712e-09,"ACKR1_high_endothelial","RNH1"
3.90126766419393e-06,0.282511700436012,0.449,0.413,0.0956005641110722,"ACKR1_high_endothelial","CCT5"
1.29730157670231e-12,0.282271519048306,0.622,0.57,3.17903751370902e-08,"ACKR1_high_endothelial","RAB5C"
9.2524572142651e-07,0.282005898109814,0.363,0.313,0.0226731464035566,"ACKR1_high_endothelial","TIMM8B"
6.90547042236838e-107,0.281854589991964,0.999,0.994,1.69218552700137e-102,"ACKR1_high_endothelial","RPS7"
0.00226149340540507,0.281671648844358,0.293,0.268,1,"ACKR1_high_endothelial","VMA21"
4.99645435634493e-07,0.281620421185774,0.411,0.367,0.0122438114002233,"ACKR1_high_endothelial","CHMP4A"
1.6290822787503e-16,0.281334479555255,0.717,0.679,3.99206612407761e-12,"ACKR1_high_endothelial","ATP5B"
1.65726655053398e-05,0.281203677503918,0.398,0.364,0.406113168208352,"ACKR1_high_endothelial","SSBP4"
0.000404878702088283,0.280881971298291,0.347,0.318,1,"ACKR1_high_endothelial","CASKIN2"
0.000135612760993973,0.280829753838499,0.354,0.323,1,"ACKR1_high_endothelial","CDK4"
0.00672915305477237,0.280423904673792,0.261,0.239,1,"ACKR1_high_endothelial","ARFGEF1"
1.94952057981733e-49,0.280253829071506,0.966,0.94,4.77730018084237e-45,"ACKR1_high_endothelial","PPIA"
9.771759514252e-20,0.279858351640071,0.587,0.493,2.39456966896745e-15,"ACKR1_high_endothelial","PPA1"
2.00988983696693e-09,0.27942156854598,0.517,0.466,4.92523504548747e-05,"ACKR1_high_endothelial","ATOX1"
3.44784389570109e-06,0.279010018562572,0.419,0.38,0.0844894146641553,"ACKR1_high_endothelial","MED13L"
2.85775615176329e-11,0.278338258938827,0.652,0.608,7.00293144989595e-07,"ACKR1_high_endothelial","CFLAR"
0.000167583163213912,0.277530459360855,0.339,0.306,1,"ACKR1_high_endothelial","BAX"
8.55102802600842e-05,0.27743697292075,0.308,0.272,1,"ACKR1_high_endothelial","AK1"
9.34875213200358e-11,0.277191820684009,0.6,0.563,2.29091170994748e-06,"ACKR1_high_endothelial","CCT6A"
2.4714668720291e-19,0.276718395801794,0.833,0.762,6.05632956990732e-15,"ACKR1_high_endothelial","LY6E"
4.67392535726438e-14,0.27499548364031,0.665,0.612,1.14534540879764e-09,"ACKR1_high_endothelial","NOP10"
2.27286260357301e-104,0.273635580102757,0.999,0.997,5.56964981005567e-100,"ACKR1_high_endothelial","RPS28"
7.4294898604099e-05,0.273305326915748,0.333,0.297,1,"ACKR1_high_endothelial","KLC1"
0.00019094249406257,0.273297824726115,0.3,0.266,1,"ACKR1_high_endothelial","AHSA1"
0.00294114633670982,0.272310156775233,0.332,0.31,1,"ACKR1_high_endothelial","PRKAR2A"
1.30857837956143e-49,0.272232891693676,0.979,0.96,3.20667131911528e-45,"ACKR1_high_endothelial","H3F3A"
2.2218257789856e-07,0.271827280139414,0.31,0.257,0.0054445840714042,"ACKR1_high_endothelial","BAG3"
5.02087835751634e-05,0.27142979780599,0.349,0.315,1,"ACKR1_high_endothelial","PSMA3-AS1"
9.81848678121426e-05,0.270947744068762,0.317,0.282,1,"ACKR1_high_endothelial","MRPL17"
0.00392039479924829,0.270838878830553,0.281,0.257,1,"ACKR1_high_endothelial","ASL"
6.53942867941103e-05,0.270836764553502,0.304,0.266,1,"ACKR1_high_endothelial","NOL8"
0.000157715402005487,0.269917502436964,0.34,0.309,1,"ACKR1_high_endothelial","C17orf89"
1.22861122635572e-141,0.269718017004629,1,1,3.0107118101847e-137,"ACKR1_high_endothelial","EEF1A1"
0.000375595762148194,0.269164929364082,0.365,0.34,1,"ACKR1_high_endothelial","EIF4G1"
2.05442549147263e-08,0.269118669113474,0.538,0.495,0.000503436966685369,"ACKR1_high_endothelial","AKAP13"
1.05841800269398e-05,0.268949568489759,0.422,0.386,0.25936533156016,"ACKR1_high_endothelial","AIDA"
0.00122921795551534,0.26806833510362,0.314,0.289,1,"ACKR1_high_endothelial","MPLKIP"
7.60973669588505e-05,0.267612926522542,0.365,0.332,1,"ACKR1_high_endothelial","NOP56"
0.00121531396559078,0.267212910739109,0.271,0.242,1,"ACKR1_high_endothelial","GABPA"
4.98791155182221e-09,0.266864212194377,0.561,0.516,0.000122228772577403,"ACKR1_high_endothelial","ECH1"
0.00199432613499631,0.266551934816893,0.251,0.225,1,"ACKR1_high_endothelial","PTRHD1"
0.00404725129917561,0.265836089396325,0.304,0.282,1,"ACKR1_high_endothelial","NUDT16"
0.00458149510147886,0.2657116604176,0.318,0.3,1,"ACKR1_high_endothelial","EBNA1BP2"
6.77500924795518e-05,0.265540566871702,0.387,0.352,1,"ACKR1_high_endothelial","CTDSP2"
2.12287784012676e-124,0.264757059458888,1,0.999,5.20211214723062e-120,"ACKR1_high_endothelial","RPL34"
1.39461506950722e-06,0.263778381549958,0.385,0.336,0.0341750422782744,"ACKR1_high_endothelial","FNBP1L"
1.00463827818161e-09,0.263188293256323,0.584,0.538,2.46186610068403e-05,"ACKR1_high_endothelial","PLSCR1"
2.71020811569875e-12,0.262796834261098,0.624,0.574,6.64136498751979e-08,"ACKR1_high_endothelial","DDX46"
0.000100215397017724,0.262448601013661,0.36,0.326,1,"ACKR1_high_endothelial","CNIH1"
0.000355835761415098,0.262012111757582,0.308,0.277,1,"ACKR1_high_endothelial","QARS"
2.62742796857601e-63,0.261776037037139,0.992,0.982,6.4385122369955e-59,"ACKR1_high_endothelial","RPL7"
4.95861446760558e-07,0.261065873033668,0.574,0.546,0.0121510847528675,"ACKR1_high_endothelial","JTB"
0.000276938337012266,0.260161919824072,0.27,0.236,1,"ACKR1_high_endothelial","GPR146"
0.000175894306713977,0.259597115622868,0.394,0.365,1,"ACKR1_high_endothelial","LAMTOR2"
5.15635524704058e-10,0.257163399565178,0.596,0.548,1.26356485328729e-05,"ACKR1_high_endothelial","EIF4H"
0.00314412241358664,0.256981581905875,0.253,0.227,1,"ACKR1_high_endothelial","TULP4"
1.64224602908296e-14,0.256654127113403,0.44,0.36,4.02432389426778e-10,"ACKR1_high_endothelial","GADD45A"
0.00688520341448209,0.255858861295312,0.28,0.26,1,"ACKR1_high_endothelial","ELAVL1"
4.13845530041134e-21,0.255815872205966,0.748,0.659,1.0141284713658e-16,"ACKR1_high_endothelial","ID3"
0.00018192378523795,0.254876526455206,0.329,0.295,1,"ACKR1_high_endothelial","SLC29A1"
0.00134300770084533,0.254026640684522,0.282,0.252,1,"ACKR1_high_endothelial","TRAPPC6A"
2.56555655314307e-07,0.253233774943409,0.573,0.543,0.00628689633347709,"ACKR1_high_endothelial","APPL1"
1.12484344865435e-09,0.25285147766577,0.612,0.566,2.75642887092748e-05,"ACKR1_high_endothelial","C19orf70"
2.11946776921783e-11,0.252576263871535,0.612,0.555,5.19375576846829e-07,"ACKR1_high_endothelial","HEBP2"
2.45403623748246e-104,0.252461607661991,1,0.998,6.01361579995077e-100,"ACKR1_high_endothelial","RPL19"
1.77841753495123e-10,0.252410031345515,0.606,0.563,4.35801216939799e-06,"ACKR1_high_endothelial","SNRPF"
5.23552252485459e-32,0.251712464736811,0.949,0.923,1.28296479471562e-27,"ACKR1_high_endothelial","NPM1"
0.00122585537149593,0.250392151022821,0.392,0.37,1,"ACKR1_high_endothelial","PRKCSH"
0.00250387046391972,0.250309041325055,0.257,0.231,1,"ACKR1_high_endothelial","FAR1"
0,5.42084548482179,0.387,0.009,0,"ACKR1_endothelial","CD248"
0,5.33983512344251,0.32,0.007,0,"ACKR1_endothelial","PID1"
0,5.310666327758,0.336,0.009,0,"ACKR1_endothelial","TNFAIP6"
0,5.2881743917847,0.25,0.005,0,"ACKR1_endothelial","BICC1"
0,5.2048626940433,0.653,0.046,0,"ACKR1_endothelial","COL6A3"
0,5.13252448503689,0.538,0.026,0,"ACKR1_endothelial","PTN"
0,5.11955718640734,0.356,0.011,0,"ACKR1_endothelial","SCARA5"
0,5.11106327117403,0.525,0.032,0,"ACKR1_endothelial","SFRP2"
0,5.10850877598982,0.325,0.008,0,"ACKR1_endothelial","GXYLT2"
0,5.08577288319975,0.546,0.031,0,"ACKR1_endothelial","C3"
0,5.05246454321127,0.645,0.058,0,"ACKR1_endothelial","IGF1"
0,5.047345198801,0.834,0.085,0,"ACKR1_endothelial","SERPINF1"
0,5.03230849727454,0.862,0.289,0,"ACKR1_endothelial","DCN"
0,5.0282192596363,0.341,0.013,0,"ACKR1_endothelial","CRABP2"
0,5.01031942324903,0.342,0.01,0,"ACKR1_endothelial","GFRA1"
0,5.00963787514377,0.263,0.008,0,"ACKR1_endothelial","GDF10"
0,5.00416265289549,0.44,0.018,0,"ACKR1_endothelial","HSD11B1"
0,5.00141909440091,0.419,0.031,0,"ACKR1_endothelial","WISP2"
0,4.99127890512336,0.537,0.026,0,"ACKR1_endothelial","PDGFRL"
0,4.9862730161852,0.745,0.11,0,"ACKR1_endothelial","FBLN1"
0,4.96847693898936,0.412,0.015,0,"ACKR1_endothelial","NOVA1"
0,4.96783403680832,0.642,0.074,0,"ACKR1_endothelial","MYOC"
0,4.9566161993154,0.916,0.514,0,"ACKR1_endothelial","CFD"
0,4.95228992827303,0.282,0.016,0,"ACKR1_endothelial","SFRP1"
0,4.93628981305102,0.657,0.04,0,"ACKR1_endothelial","COL14A1"
0,4.91851872480988,0.567,0.021,0,"ACKR1_endothelial","ZFHX4"
0,4.91673560149999,0.313,0.037,0,"ACKR1_endothelial","CXCL14"
0,4.90887726730281,0.353,0.009,0,"ACKR1_endothelial","LPAR1"
0,4.90370037103377,0.765,0.083,0,"ACKR1_endothelial","COL1A2"
0,4.90284950806075,0.348,0.01,0,"ACKR1_endothelial","PCDH18"
0,4.88211674988253,0.701,0.082,0,"ACKR1_endothelial","LUM"
0,4.8663000935955,0.48,0.024,0,"ACKR1_endothelial","PDGFRA"
0,4.85024424308331,0.361,0.011,0,"ACKR1_endothelial","BMP5"
0,4.84976480367815,0.625,0.034,0,"ACKR1_endothelial","GPNMB"
0,4.84524164670439,0.579,0.035,0,"ACKR1_endothelial","MGST1"
0,4.8437155074353,0.401,0.018,0,"ACKR1_endothelial","CILP"
0,4.83489228130143,0.296,0.01,0,"ACKR1_endothelial","ABCA6"
0,4.80887720723485,0.337,0.008,0,"ACKR1_endothelial","SIX1"
0,4.80689180347401,0.526,0.033,0,"ACKR1_endothelial","SPON2"
0,4.80685345524453,0.279,0.018,0,"ACKR1_endothelial","MFAP5"
0,4.80159265603819,0.338,0.012,0,"ACKR1_endothelial","CRISPLD2"
0,4.80155278718818,0.357,0.011,0,"ACKR1_endothelial","SLIT2"
0,4.79615970055162,0.599,0.036,0,"ACKR1_endothelial","COL1A1"
0,4.78039527887104,0.346,0.012,0,"ACKR1_endothelial","VIT"
0,4.77840939112793,0.355,0.015,0,"ACKR1_endothelial","FST"
0,4.77793488087191,0.281,0.009,0,"ACKR1_endothelial","TSPAN8"
0,4.76645022055345,0.387,0.017,0,"ACKR1_endothelial","TMEM176A"
0,4.74793616713822,0.551,0.039,0,"ACKR1_endothelial","MEG3"
0,4.73794547313276,0.821,0.092,0,"ACKR1_endothelial","MFAP4"
0,4.72813017426422,0.276,0.007,0,"ACKR1_endothelial","TWIST1"
0,4.72264569140111,0.298,0.009,0,"ACKR1_endothelial","OGN"
0,4.70829353811927,0.691,0.047,0,"ACKR1_endothelial","LRP1"
0,4.70645570572966,0.594,0.05,0,"ACKR1_endothelial","DPT"
0,4.68897578533357,0.668,0.049,0,"ACKR1_endothelial","PRELP"
0,4.68107442207302,0.272,0.015,0,"ACKR1_endothelial","SFRP4"
0,4.65461151642351,0.774,0.052,0,"ACKR1_endothelial","PRRX1"
0,4.63246285295206,0.62,0.033,0,"ACKR1_endothelial","FGF7"
0,4.62805067982754,0.464,0.024,0,"ACKR1_endothelial","TMEM176B"
0,4.61198327023216,0.511,0.122,0,"ACKR1_endothelial","APOE"
0,4.58334291380156,0.257,0.008,0,"ACKR1_endothelial","PHGDH"
0,4.58298603840392,0.482,0.047,0,"ACKR1_endothelial","RARRES1"
0,4.56482492592792,0.556,0.025,0,"ACKR1_endothelial","F10"
0,4.56154495544322,0.632,0.06,0,"ACKR1_endothelial","CTSK"
0,4.55063622535333,0.733,0.072,0,"ACKR1_endothelial","C1S"
0,4.54220921349674,0.448,0.017,0,"ACKR1_endothelial","AXL"
0,4.52580594298379,0.793,0.08,0,"ACKR1_endothelial","SOD3"
0,4.52253763264154,0.345,0.012,0,"ACKR1_endothelial","OLFML1"
0,4.52025484228221,0.526,0.025,0,"ACKR1_endothelial","CAMK2N1"
0,4.51461225348559,0.306,0.011,0,"ACKR1_endothelial","VASN"
0,4.51411987929643,0.314,0.011,0,"ACKR1_endothelial","PDZRN4"
0,4.48866675293954,0.654,0.037,0,"ACKR1_endothelial","LGALS3BP"
0,4.47464721857169,0.656,0.04,0,"ACKR1_endothelial","MXRA8"
0,4.47380546278999,0.589,0.038,0,"ACKR1_endothelial","PODN"
0,4.461784017635,0.311,0.009,0,"ACKR1_endothelial","ISL1"
0,4.45605369099146,0.596,0.027,0,"ACKR1_endothelial","PDGFRB"
0,4.45199460792106,0.284,0.012,0,"ACKR1_endothelial","FAP"
0,4.44109907627941,0.342,0.017,0,"ACKR1_endothelial","ANK2"
0,4.4066349024923,0.422,0.033,0,"ACKR1_endothelial","PCOLCE2"
0,4.36199912068087,0.32,0.013,0,"ACKR1_endothelial","OLFML2B"
0,4.34949791621728,0.592,0.041,0,"ACKR1_endothelial","PCOLCE"
0,4.34897100088724,0.398,0.02,0,"ACKR1_endothelial","LSP1"
0,4.33558381457484,0.368,0.023,0,"ACKR1_endothelial","LAMA2"
0,4.32332821283504,0.457,0.028,0,"ACKR1_endothelial","LTBP2"
0,4.28511389702931,0.283,0.011,0,"ACKR1_endothelial","EDNRA"
0,4.27983947959341,0.512,0.029,0,"ACKR1_endothelial","PRRX2"
0,4.2784454400173,0.318,0.014,0,"ACKR1_endothelial","MFAP2"
0,4.26553681821728,0.351,0.023,0,"ACKR1_endothelial","CRLF1"
0,4.25186335831182,0.272,0.024,0,"ACKR1_endothelial","APOC1"
0,4.20313443855899,0.363,0.016,0,"ACKR1_endothelial","DCLK1"
0,4.19266930666308,0.731,0.057,0,"ACKR1_endothelial","RARRES2"
6.42116328342469e-217,4.17950653487572,0.462,0.183,1.57350606260322e-212,"ACKR1_endothelial","PTGDS"
0,4.15897931509884,0.378,0.019,0,"ACKR1_endothelial","NEGR1"
0,4.15826026861298,0.491,0.027,0,"ACKR1_endothelial","MRGPRF"
0,4.12613068236947,0.285,0.012,0,"ACKR1_endothelial","HSPB2"
0,4.11282616693641,0.357,0.014,0,"ACKR1_endothelial","EMILIN1"
0,4.11182426479517,0.32,0.017,0,"ACKR1_endothelial","CHRDL1"
0,4.09402056752789,0.713,0.048,0,"ACKR1_endothelial","NTRK2"
0,4.09122251761272,0.447,0.023,0,"ACKR1_endothelial","MAP1A"
0,4.08978104985526,0.589,0.043,0,"ACKR1_endothelial","HSPB6"
0,4.06432515895095,0.328,0.015,0,"ACKR1_endothelial","OSR2"
0,4.05221985031187,0.374,0.02,0,"ACKR1_endothelial","GLIPR1"
0,4.04317053224333,0.365,0.016,0,"ACKR1_endothelial","SDC2"
0,4.03986645932758,0.282,0.017,0,"ACKR1_endothelial","HTRA3"
0,3.99427028950152,0.412,0.03,0,"ACKR1_endothelial","SRPX"
0,3.96586957550974,0.77,0.122,0,"ACKR1_endothelial","C1R"
0,3.96515188495599,0.796,0.166,0,"ACKR1_endothelial","S100A4"
0,3.93124814291065,0.588,0.05,0,"ACKR1_endothelial","OLFML3"
0,3.90905760328097,0.763,0.072,0,"ACKR1_endothelial","FXYD1"
0,3.90886216608177,0.418,0.027,0,"ACKR1_endothelial","MRC2"
0,3.89466689984197,0.321,0.019,0,"ACKR1_endothelial","PTPN13"
0,3.89333241532331,0.444,0.045,0,"ACKR1_endothelial","VCAN"
0,3.89273889239061,0.306,0.019,0,"ACKR1_endothelial","DIO3OS"
0,3.89023023584733,0.527,0.053,0,"ACKR1_endothelial","GAS1"
0,3.8816821783261,0.281,0.016,0,"ACKR1_endothelial","LRP3"
0,3.88143533218695,0.38,0.023,0,"ACKR1_endothelial","RASL12"
0,3.83996796213133,0.288,0.021,0,"ACKR1_endothelial","NOTCH3"
0,3.83441419664375,0.861,0.541,0,"ACKR1_endothelial","APOD"
0,3.8265794593944,0.382,0.032,0,"ACKR1_endothelial","ID4"
0,3.8073733515654,0.331,0.02,0,"ACKR1_endothelial","COL5A2"
0,3.79552511362917,0.272,0.016,0,"ACKR1_endothelial","BAG2"
0,3.77384864907135,0.369,0.039,0,"ACKR1_endothelial","G0S2"
0,3.7434906601448,0.367,0.025,0,"ACKR1_endothelial","ANGPT1"
0,3.69522742418117,0.713,0.083,0,"ACKR1_endothelial","AEBP1"
0,3.68450226331568,0.276,0.021,0,"ACKR1_endothelial","ITM2C"
0,3.6399921278019,0.272,0.019,0,"ACKR1_endothelial","FHL2"
0,3.62657969572404,0.898,0.219,0,"ACKR1_endothelial","COL6A2"
0,3.59960184779502,0.342,0.024,0,"ACKR1_endothelial","LGI4"
0,3.55865556955314,0.496,0.062,0,"ACKR1_endothelial","LMOD1"
0,3.54156037278834,0.289,0.018,0,"ACKR1_endothelial","FZD7"
1.79011274406374e-170,3.51378365213027,0.379,0.143,4.3866712793282e-166,"ACKR1_endothelial","ACTG2"
0,3.50017820379329,0.437,0.043,0,"ACKR1_endothelial","FBLN5"
0,3.48365341518029,0.28,0.018,0,"ACKR1_endothelial","MAP9"
0,3.48179343985674,0.737,0.106,0,"ACKR1_endothelial","CRYAB"
0,3.46439520296343,0.84,0.151,0,"ACKR1_endothelial","MAP1B"
0,3.44437349522603,0.33,0.024,0,"ACKR1_endothelial","PTPRS"
2.61466461800179e-303,3.4055516911712,0.338,0.072,6.4072356464134e-299,"ACKR1_endothelial","FRZB"
0,3.38441198617631,0.428,0.045,0,"ACKR1_endothelial","PDE5A"
3.65679607745824e-227,3.36877523975728,0.711,0.38,8.96097878781142e-223,"ACKR1_endothelial","ACTA2"
0,3.33735386041705,0.377,0.041,0,"ACKR1_endothelial","FIBIN"
0,3.31828902004188,0.274,0.02,0,"ACKR1_endothelial","CPED1"
0,3.30693118229067,0.525,0.066,0,"ACKR1_endothelial","SYNPO2"
0,3.28968269654527,0.409,0.049,0,"ACKR1_endothelial","ABCA8"
0,3.27920402141165,0.542,0.097,0,"ACKR1_endothelial","CKB"
0,3.27737133928237,0.588,0.169,0,"ACKR1_endothelial","SLPI"
2.12675266079863e-270,3.27618716169887,0.419,0.126,5.21160739528705e-266,"ACKR1_endothelial","CNN1"
0,3.23834103947579,0.296,0.025,0,"ACKR1_endothelial","TWIST2"
1.15038244977676e-319,3.2323197605733,0.257,0.038,2.81901219317795e-315,"ACKR1_endothelial","RAMP1"
0,3.22568542183473,0.401,0.064,0,"ACKR1_endothelial","RASD1"
0,3.22553198999425,0.419,0.041,0,"ACKR1_endothelial","TBX3"
0,3.21977113715579,0.301,0.026,0,"ACKR1_endothelial","LOXL1"
0,3.20792650066379,0.387,0.036,0,"ACKR1_endothelial","CD44"
0,3.18722964510519,0.491,0.091,0,"ACKR1_endothelial","C2orf40"
0,3.17137835162145,0.438,0.044,0,"ACKR1_endothelial","RAB31"
0,3.15823524487145,0.67,0.101,0,"ACKR1_endothelial","SSPN"
0,3.15447884851004,0.42,0.043,0,"ACKR1_endothelial","ITGB5"
7.66689854295477e-95,3.15241273706923,0.377,0.188,1.87877348795107e-90,"ACKR1_endothelial","DES"
0,3.14900595598484,0.528,0.153,0,"ACKR1_endothelial","MYLK"
0,3.12881894306509,0.366,0.053,0,"ACKR1_endothelial","RCAN2"
4.4056993110754e-244,3.12212067976742,0.273,0.058,1.07961661617903e-239,"ACKR1_endothelial","ITGA8"
0,3.1188906295157,0.942,0.586,0,"ACKR1_endothelial","TAGLN"
0,3.09359217820369,0.251,0.024,0,"ACKR1_endothelial","ST3GAL4"
1.2326183155517e-146,3.09353012174564,0.554,0.303,3.02053118225943e-142,"ACKR1_endothelial","MYH11"
0,3.09336465135819,0.506,0.071,0,"ACKR1_endothelial","ALDH1A1"
0,3.06826312436892,0.412,0.055,0,"ACKR1_endothelial","PI16"
0,3.03698281859606,0.251,0.028,0,"ACKR1_endothelial","P4HA3"
5.47301843278311e-220,3.02457433103131,0.288,0.07,1.3411631669535e-215,"ACKR1_endothelial","PLN"
0,3.00685612229521,0.597,0.098,0,"ACKR1_endothelial","MMP2"
0,2.99398909170904,0.564,0.094,0,"ACKR1_endothelial","RHOBTB3"
0,2.99276440953582,0.327,0.03,0,"ACKR1_endothelial","ANKRD35"
0,2.96013193195801,0.293,0.029,0,"ACKR1_endothelial","FEZ1"
0,2.94715830230858,0.872,0.442,0,"ACKR1_endothelial","TPM2"
0,2.92733115104961,0.941,0.613,0,"ACKR1_endothelial","MYL9"
0,2.91771623346326,0.269,0.024,0,"ACKR1_endothelial","ANTXR1"
0,2.91378952158932,0.295,0.041,0,"ACKR1_endothelial","CAPG"
2.46231526020588e-83,2.87254051032891,0.351,0.176,6.03390354513451e-79,"ACKR1_endothelial","RGS5"
0,2.80550172368101,0.572,0.077,0,"ACKR1_endothelial","LTBP1"
0,2.79737090267021,0.431,0.079,0,"ACKR1_endothelial","NEXN"
1.09763218330542e-250,2.7912682230815,0.257,0.048,2.68974766518992e-246,"ACKR1_endothelial","THY1"
0,2.76377221348755,0.424,0.072,0,"ACKR1_endothelial","CYGB"
0,2.75888451767861,0.58,0.111,0,"ACKR1_endothelial","PALLD"
0,2.7522426698685,0.366,0.052,0,"ACKR1_endothelial","EGFR"
0,2.73952236278941,0.321,0.041,0,"ACKR1_endothelial","PKDCC"
0,2.71584830772911,0.606,0.101,0,"ACKR1_endothelial","ISLR"
0,2.69546157251161,0.335,0.043,0,"ACKR1_endothelial","IRS2"
0,2.68372049199375,0.644,0.121,0,"ACKR1_endothelial","RAB34"
0,2.66366719881785,0.292,0.035,0,"ACKR1_endothelial","SOBP"
0,2.62030071414141,0.812,0.265,0,"ACKR1_endothelial","COL6A1"
0,2.59708740968829,0.277,0.036,0,"ACKR1_endothelial","MXRA5"
0,2.59392514846263,0.716,0.269,0,"ACKR1_endothelial","GPX3"
0,2.56865585935009,0.465,0.096,0,"ACKR1_endothelial","CPE"
0,2.56743124210962,0.381,0.059,0,"ACKR1_endothelial","RCN3"
4.84557570859917e-266,2.50532641947398,0.251,0.042,1.18740832739223e-261,"ACKR1_endothelial","CES1"
0,2.50269281978479,0.831,0.362,0,"ACKR1_endothelial","PLAC9"
0,2.49663028531405,0.338,0.047,0,"ACKR1_endothelial","COL16A1"
0,2.44442807114409,0.684,0.247,0,"ACKR1_endothelial","COL3A1"
0,2.37617768856606,0.959,0.769,0,"ACKR1_endothelial","CFH"
1.52591794836211e-170,2.37405384793161,0.348,0.118,3.73926193246136e-166,"ACKR1_endothelial","PPP1R14A"
0,2.36301618097211,0.305,0.043,0,"ACKR1_endothelial","PMM1"
0,2.34867932632131,0.338,0.042,0,"ACKR1_endothelial","GLIPR2"
4.21375733530405e-297,2.34336951106379,0.294,0.052,1.03258123501626e-292,"ACKR1_endothelial","SOCS1"
0,2.32519549505274,0.771,0.37,0,"ACKR1_endothelial","LTBP4"
0,2.31064888236543,0.424,0.076,0,"ACKR1_endothelial","GLT8D2"
0,2.27072345545457,0.396,0.077,0,"ACKR1_endothelial","ANTXR2"
0,2.25688453574947,0.367,0.066,0,"ACKR1_endothelial","DSE"
3.71810047670834e-286,2.23890209975485,0.331,0.068,9.11120521817379e-282,"ACKR1_endothelial","RNASE4"
7.02158510457942e-285,2.23039174645812,0.405,0.105,1.72063942987719e-280,"ACKR1_endothelial","PPP1R12B"
1.14488169453975e-278,2.22591613009303,0.299,0.057,2.80553259246965e-274,"ACKR1_endothelial","TSKU"
9.88131291682493e-324,2.2189179583816,0.313,0.054,2.42141573026795e-319,"ACKR1_endothelial","ECM2"
0,2.20237423220396,0.357,0.062,0,"ACKR1_endothelial","GAMT"
3.22160253503221e-274,2.20220898445365,0.281,0.051,7.89453701209644e-270,"ACKR1_endothelial","CAB39L"
1.46775246071574e-192,2.16072600196084,0.284,0.072,3.59672740498391e-188,"ACKR1_endothelial","CPM"
5.77971267314331e-275,2.14809767823121,0.266,0.045,1.41631859055377e-270,"ACKR1_endothelial","ADCY3"
0,2.14355375838319,0.584,0.174,0,"ACKR1_endothelial","DHRS3"
0,2.14018094701589,0.841,0.457,0,"ACKR1_endothelial","CCDC80"
0,2.13064296068917,0.346,0.059,0,"ACKR1_endothelial","NOTCH2"
0,2.13040702055308,0.99,0.938,0,"ACKR1_endothelial","GSN"
0,2.11409333847618,0.443,0.105,0,"ACKR1_endothelial","FGL2"
4.61621810104241e-229,2.09836992813254,0.257,0.051,1.13120424566044e-224,"ACKR1_endothelial","FSTL3"
0,2.09624568497212,0.973,0.692,0,"ACKR1_endothelial","LGALS1"
1.65615377790646e-270,2.08980746736213,0.325,0.069,4.05840483275978e-266,"ACKR1_endothelial","CPVL"
5.08633400810737e-299,2.08689496630073,0.313,0.058,1.24640614868671e-294,"ACKR1_endothelial","PLEKHO1"
0,2.08416079426761,0.636,0.165,0,"ACKR1_endothelial","NDN"
0,2.07801829752344,0.447,0.107,0,"ACKR1_endothelial","MATN2"
0,2.04870198506294,0.774,0.231,0,"ACKR1_endothelial","EMP3"
0,2.04135498823989,0.623,0.175,0,"ACKR1_endothelial","KANK2"
0,2.02922206831278,0.886,0.491,0,"ACKR1_endothelial","SERPING1"
2.34435699300048e-262,2.02402901694179,0.292,0.057,5.74484681134767e-258,"ACKR1_endothelial","MITF"
0,2.01945978329219,0.436,0.094,0,"ACKR1_endothelial","ANG"
0,1.95848622476311,0.513,0.125,0,"ACKR1_endothelial","ABI3BP"
0,1.95739035911939,0.628,0.215,0,"ACKR1_endothelial","RND3"
2.98667186335315e-260,1.93981641366859,0.287,0.056,7.3188394011469e-256,"ACKR1_endothelial","CRNDE"
1.11630951103741e-290,1.92177445765541,0.572,0.199,2.73551645679718e-286,"ACKR1_endothelial","NNMT"
0,1.89689408416467,0.648,0.227,0,"ACKR1_endothelial","NFIX"
0,1.89352517332496,0.758,0.333,0,"ACKR1_endothelial","MFGE8"
0,1.88792106087902,0.566,0.167,0,"ACKR1_endothelial","RHOQ"
1.35640352212881e-268,1.88024628312559,0.349,0.079,3.32386683097666e-264,"ACKR1_endothelial","IL11RA"
1.58168810413067e-205,1.84266307296183,0.894,0.653,3.8759266991722e-201,"ACKR1_endothelial","TPM1"
3.77154505363489e-205,1.83387103259242,0.293,0.07,9.24217115393231e-201,"ACKR1_endothelial","TPST1"
0,1.81263243681472,0.529,0.149,0,"ACKR1_endothelial","EFEMP2"
1.81613446264661e-113,1.80237295176062,0.334,0.134,4.45043750071553e-109,"ACKR1_endothelial","CSRP2"
0,1.79934569659458,0.968,0.661,0,"ACKR1_endothelial","IGFBP6"
8.71716687050376e-274,1.77817205247056,0.403,0.102,2.13614174161695e-269,"ACKR1_endothelial","SLIT3"
4.75327139657803e-243,1.7525058960597,0.575,0.221,1.16478915573145e-238,"ACKR1_endothelial","TGFB1I1"
1.17880281073197e-214,1.74752495951205,0.3,0.071,2.88865628769869e-210,"ACKR1_endothelial","BCL2"
3.27941774850982e-201,1.74478954178029,0.29,0.07,8.03621319272332e-197,"ACKR1_endothelial","INAFM1"
1.43201305829911e-277,1.70971377014426,0.423,0.11,3.50914799936196e-273,"ACKR1_endothelial","ARHGAP10"
3.41805656520603e-221,1.69885885726659,0.329,0.082,8.37594761303737e-217,"ACKR1_endothelial","TMED3"
2.53977724184572e-189,1.69320753452742,0.337,0.098,6.22372413114293e-185,"ACKR1_endothelial","GPM6B"
2.24714062324341e-206,1.68530042849091,0.363,0.104,5.50661809725798e-202,"ACKR1_endothelial","FRMD6"
5.60076576157363e-301,1.68221162302211,0.47,0.126,1.37246764987362e-296,"ACKR1_endothelial","ZNF503"
4.2582233785049e-268,1.67702708859794,0.424,0.113,1.04347763890263e-263,"ACKR1_endothelial","PHLDB1"
8.71298405329504e-173,1.66562706714026,0.264,0.066,2.13511674225995e-168,"ACKR1_endothelial","PLAGL1"
3.89466517840159e-224,1.66487377558784,0.295,0.066,9.54387701967308e-220,"ACKR1_endothelial","FBXO17"
5.83128457210439e-236,1.65708451560611,0.392,0.108,1.42895628439418e-231,"ACKR1_endothelial","PLEKHA5"
2.17613917519139e-249,1.64963856320965,0.472,0.146,5.3326290488065e-245,"ACKR1_endothelial","LARP6"
3.51562433326709e-244,1.64344684010744,0.377,0.097,8.61503742867101e-240,"ACKR1_endothelial","ST5"
1.94753186599793e-299,1.63798871065788,0.554,0.175,4.77242683762794e-295,"ACKR1_endothelial","ANXA6"
2.07889932521472e-258,1.62360035670231,0.791,0.433,5.09434279643868e-254,"ACKR1_endothelial","CYR61"
3.2273128674776e-163,1.62036879870507,0.252,0.064,7.90853018175386e-159,"ACKR1_endothelial","CNN2"
1.37006521624268e-215,1.6092656958926,0.337,0.088,3.35734481240268e-211,"ACKR1_endothelial","MSX1"
5.29726821632407e-226,1.60222655946413,0.32,0.075,1.29809557641021e-221,"ACKR1_endothelial","C1orf54"
9.33195070905038e-188,1.59839660400169,0.352,0.104,2.2867945212528e-183,"ACKR1_endothelial","BIN1"
2.55180027616039e-253,1.59675909455692,0.731,0.365,6.25318657673103e-249,"ACKR1_endothelial","CTGF"
1.01980245474479e-245,1.57814169603881,0.851,0.558,2.49902591535212e-241,"ACKR1_endothelial","PLPP3"
1.278446157171e-244,1.57473502324503,0.448,0.132,3.13283230814752e-240,"ACKR1_endothelial","IAH1"
3.66399130318206e-244,1.57433777090659,0.827,0.478,8.97861068844765e-240,"ACKR1_endothelial","FHL1"
9.89379148313065e-108,1.56369734490517,0.795,0.559,2.42447360294117e-103,"ACKR1_endothelial","FLNA"
1.28375295511556e-250,1.55684813587884,0.449,0.131,3.14583661651068e-246,"ACKR1_endothelial","PHLDA3"
0,1.55399504443547,0.837,0.401,0,"ACKR1_endothelial","NUPR1"
5.25990760675276e-203,1.54852894208082,0.34,0.092,1.28894035903476e-198,"ACKR1_endothelial","PGM1"
4.92759634347764e-180,1.54354466068486,0.313,0.086,1.2075074839692e-175,"ACKR1_endothelial","JAZF1"
1.19271627700355e-73,1.54349169451438,0.26,0.112,2.9227512367972e-69,"ACKR1_endothelial","ADM"
1.69193366997684e-102,1.53654310006988,0.393,0.183,4.14608345827826e-98,"ACKR1_endothelial","SORBS2"
6.81424208476419e-196,1.53490415561981,0.5,0.191,1.66983002287146e-191,"ACKR1_endothelial","UAP1"
1.59133222757494e-182,1.53031297784716,0.297,0.078,3.89955962367238e-178,"ACKR1_endothelial","PDE4DIP"
6.38615345156843e-170,1.52595779290289,0.313,0.09,1.56492690330684e-165,"ACKR1_endothelial","MMP14"
0,1.5132633364602,0.97,0.841,0,"ACKR1_endothelial","CALD1"
1.62333003190459e-153,1.51236402372639,0.393,0.145,3.97797024318219e-149,"ACKR1_endothelial","SPRY2"
7.7650114349687e-87,1.50727130340155,0.304,0.131,1.90281605213908e-82,"ACKR1_endothelial","LBH"
1.69742003990042e-201,1.49945625971985,0.601,0.258,4.15952780777599e-197,"ACKR1_endothelial","VCL"
6.86646817369321e-252,1.49180714961387,0.71,0.362,1.68262802596352e-247,"ACKR1_endothelial","CYBRD1"
3.02466819964218e-83,1.48333538858717,0.334,0.156,7.41194942322317e-79,"ACKR1_endothelial","TNFRSF12A"
1.30619332008395e-249,1.45606910154441,0.622,0.243,3.20082673086573e-245,"ACKR1_endothelial","CCND2"
7.05009151924036e-231,1.44037984336764,0.629,0.269,1.72762492678985e-226,"ACKR1_endothelial","CYBA"
6.65067033441684e-161,1.435122611165,0.357,0.117,1.62974676544885e-156,"ACKR1_endothelial","RAB32"
0,1.42792723953726,0.631,0.124,0,"ACKR1_endothelial","CXCL12"
1.04412212337005e-168,1.4134881543338,0.331,0.099,2.55862126331832e-164,"ACKR1_endothelial","KHDRBS3"
1.06201995161838e-147,1.40896021675843,0.302,0.093,2.60247989144083e-143,"ACKR1_endothelial","SH3KBP1"
4.59942845832427e-220,1.40518373350491,0.605,0.253,1.12708994371236e-215,"ACKR1_endothelial","COL4A2"
1.92228019218981e-201,1.39031207210294,0.419,0.133,4.71054761096112e-197,"ACKR1_endothelial","CKS1B"
9.57791810034043e-239,1.38528456739882,0.721,0.35,2.34706883048842e-234,"ACKR1_endothelial","VEGFB"
3.71633605539486e-98,1.37867010903944,0.796,0.559,9.10688150374512e-94,"ACKR1_endothelial","CSRP1"
4.02971318720914e-208,1.3708070888359,0.522,0.191,9.87481216525599e-204,"ACKR1_endothelial","ZEB2"
1.67569472962752e-204,1.36904649843755,0.394,0.117,4.10628993495225e-200,"ACKR1_endothelial","NT5C"
2.12243536832487e-193,1.36562819736079,0.374,0.111,5.20102787008009e-189,"ACKR1_endothelial","IRX3"
2.14346418343352e-211,1.34507218110061,0.523,0.197,5.25255898150384e-207,"ACKR1_endothelial","PLTP"
8.68265073633042e-224,1.34201899818939,0.464,0.146,2.12768356293777e-219,"ACKR1_endothelial","CBR1"
3.47123523049492e-202,1.33919367264971,0.558,0.218,8.5062619323278e-198,"ACKR1_endothelial","MDH1"
1.8823060914228e-203,1.33446084472344,0.533,0.202,4.61259107703157e-199,"ACKR1_endothelial","LGMN"
1.410067117441e-174,1.33113449109442,0.297,0.08,3.45536947128916e-170,"ACKR1_endothelial","MAF"
5.49666340392384e-222,1.32975988519401,0.467,0.147,1.34695736713154e-217,"ACKR1_endothelial","TMEM98"
1.17939280869902e-133,1.32696811247025,0.266,0.08,2.89010207771694e-129,"ACKR1_endothelial","SLC39A6"
4.27840955996778e-129,1.32198067794306,0.379,0.149,1.0484242626701e-124,"ACKR1_endothelial","OAF"
0,1.31258432642348,0.931,0.746,0,"ACKR1_endothelial","SELM"
3.32292774411995e-127,1.31194900222706,0.518,0.245,8.14283443696594e-123,"ACKR1_endothelial","PDLIM7"
8.36734910214398e-156,1.30705092581658,0.356,0.119,2.05041889748038e-151,"ACKR1_endothelial","CEP126"
6.2960835482715e-197,1.30078182805084,0.633,0.291,1.54285527350393e-192,"ACKR1_endothelial","EBF1"
4.03032885818933e-141,1.29551854062898,0.262,0.075,9.87632086699296e-137,"ACKR1_endothelial","CC2D2A"
7.0291951229666e-245,1.28290720179945,0.794,0.432,1.72250426488296e-240,"ACKR1_endothelial","PRKCDBP"
1.95852286533208e-142,1.27614037648184,0.283,0.085,4.79936028149627e-138,"ACKR1_endothelial","OMD"
1.82074434784392e-310,1.27250044414675,0.98,0.899,4.46173402439154e-306,"ACKR1_endothelial","TIMP3"
3.49293013144578e-141,1.27075567796921,0.254,0.071,8.55942528710788e-137,"ACKR1_endothelial","ARHGEF40"
3.07476843016052e-192,1.27047606289598,0.527,0.202,7.53472003810834e-188,"ACKR1_endothelial","OAT"
2.65522501259268e-134,1.26703725904956,0.327,0.111,6.50662889335836e-130,"ACKR1_endothelial","TMEM106C"
4.54648494826932e-160,1.26295346587419,0.388,0.134,1.1141161365734e-155,"ACKR1_endothelial","SETBP1"
8.44330213728296e-190,1.24984468748465,0.678,0.333,2.06903118874119e-185,"ACKR1_endothelial","HCFC1R1"
1.72785347809928e-143,1.24770596812169,0.401,0.154,4.23410494808228e-139,"ACKR1_endothelial","BGN"
1.15111711721326e-192,1.24736646974476,0.602,0.255,2.82081249573109e-188,"ACKR1_endothelial","CEBPB"
1.88389957452367e-133,1.24620294371251,0.34,0.121,4.61649590737025e-129,"ACKR1_endothelial","NAV1"
3.93019680121155e-162,1.24222559231515,0.491,0.2,9.6309472613689e-158,"ACKR1_endothelial","SAMHD1"
9.1378034875744e-98,1.23894420793895,0.518,0.279,2.23921874463011e-93,"ACKR1_endothelial","CHCHD10"
1.2138337665343e-159,1.23216847428788,0.491,0.201,2.97449964489231e-155,"ACKR1_endothelial","LRP6"
4.69877573656157e-148,1.22035228556997,0.329,0.105,1.15143499424441e-143,"ACKR1_endothelial","SNX21"
4.31095342490148e-238,1.21369865517724,0.808,0.48,1.05639913677211e-233,"ACKR1_endothelial","DDAH2"
1.1748278168694e-145,1.21097704827567,0.468,0.193,2.87891556523847e-141,"ACKR1_endothelial","BOC"
1.17503837096771e-226,1.20452824647567,0.816,0.493,2.87943152805637e-222,"ACKR1_endothelial","RRAS"
9.74862634040409e-181,1.1840586174638,0.606,0.273,2.38890088471602e-176,"ACKR1_endothelial","SCPEP1"
6.80521815101367e-114,1.17974398703498,0.336,0.13,1.6676187079059e-109,"ACKR1_endothelial","KCNQ1OT1"
2.02437704770948e-315,1.17964120124551,0.889,0.457,4.96073595541208e-311,"ACKR1_endothelial","IGFBP5"
1.45872008022237e-180,1.17898845313036,0.564,0.236,3.57459355658493e-176,"ACKR1_endothelial","GSTM3"
4.05799767263883e-130,1.1706541733887,0.591,0.314,9.94412329680145e-126,"ACKR1_endothelial","FBN1"
2.21749545929135e-115,1.16672494193126,0.361,0.142,5.43397262299345e-111,"ACKR1_endothelial","MAML2"
3.7311242903444e-108,1.15264045119977,0.292,0.104,9.14312007348896e-104,"ACKR1_endothelial","CERCAM"
5.11138817895489e-177,1.14618937005795,0.629,0.297,1.2525456732529e-172,"ACKR1_endothelial","DDR2"
2.45050091150433e-130,1.1412424325409,0.317,0.107,6.00495248364137e-126,"ACKR1_endothelial","MAGEF1"
1.10618886152611e-170,1.14089850865803,0.609,0.278,2.71071580516972e-166,"ACKR1_endothelial","CTSF"
2.23416683744027e-112,1.1371873215245,0.281,0.095,5.47482583514739e-108,"ACKR1_endothelial","ZFPM1"
2.35215097727665e-145,1.13226124937999,0.591,0.292,5.76394596981642e-141,"ACKR1_endothelial","COL4A1"
2.06401565609513e-126,1.13092098468109,0.318,0.11,5.05787036526112e-122,"ACKR1_endothelial","HOXA10"
3.75350378570014e-101,1.12785771788799,0.478,0.237,9.1979610268582e-97,"ACKR1_endothelial","SLC25A4"
1.83429982796251e-155,1.12158712403579,0.527,0.222,4.49495172842212e-151,"ACKR1_endothelial","MSRB2"
2.93540273995128e-162,1.11862221952501,0.517,0.211,7.19320441425061e-158,"ACKR1_endothelial","CPQ"
3.80900750754781e-153,1.11258634115414,0.659,0.35,9.3339728972459e-149,"ACKR1_endothelial","GGT5"
3.07452853466113e-106,1.10945226679804,0.393,0.17,7.53413217418709e-102,"ACKR1_endothelial","SLMAP"
1.02059098668373e-149,1.10478081742332,0.536,0.233,2.50095821286848e-145,"ACKR1_endothelial","COPZ2"
5.46097039832062e-107,1.09244180213573,0.278,0.097,1.33821079610847e-102,"ACKR1_endothelial","ABL1"
9.31061404090121e-98,1.09215062303865,0.286,0.106,2.28156597072284e-93,"ACKR1_endothelial","NIT2"
7.26016672615132e-134,1.09009343360565,0.663,0.4,1.77910385624338e-129,"ACKR1_endothelial","ADD3"
2.84994843550151e-165,1.0875457549755,0.564,0.246,6.98379864119644e-161,"ACKR1_endothelial","FAM129A"
1.10968749566956e-125,1.08671468279268,0.567,0.284,2.71928920813825e-121,"ACKR1_endothelial","VMP1"
5.46945884753428e-116,1.08533369566395,0.34,0.127,1.34029089058828e-111,"ACKR1_endothelial","TMEM55A"
3.39845903521531e-165,1.08405507537335,0.522,0.21,8.32792386579513e-161,"ACKR1_endothelial","DIXDC1"
7.17736211430937e-130,1.08186837607882,0.824,0.583,1.75881258611151e-125,"ACKR1_endothelial","LPP"
3.54736514517187e-112,1.06928464876446,0.293,0.103,8.69281828824367e-108,"ACKR1_endothelial","KITLG"
2.66199924592575e-221,1.0660278045634,0.871,0.581,6.52322915214104e-217,"ACKR1_endothelial","TUBA1A"
1.123071099897e-85,1.06430879716322,0.295,0.12,2.75208573029759e-81,"ACKR1_endothelial","PNMA1"
9.04383242510575e-144,1.06330968686295,0.413,0.154,2.21619113577217e-139,"ACKR1_endothelial","HDDC2"
1.30855918903981e-103,1.06239766208137,0.353,0.143,3.20662429274206e-99,"ACKR1_endothelial","ACAA2"
4.21993547797656e-94,1.06168395724836,0.27,0.099,1.03409518887816e-89,"ACKR1_endothelial","KIAA0930"
8.12760235401831e-94,1.05930418951146,0.325,0.132,1.99166895685219e-89,"ACKR1_endothelial","ELL2"
6.39483215289643e-103,1.05621867021564,0.417,0.189,1.56705361906727e-98,"ACKR1_endothelial","MRPS6"
6.25481776859032e-162,1.04667453312438,0.681,0.35,1.53274309419306e-157,"ACKR1_endothelial","FGFR1"
2.60485472439531e-127,1.03860734321712,0.446,0.188,6.3831965021307e-123,"ACKR1_endothelial","CXXC5"
2.27154611116104e-127,1.03709307820093,0.57,0.277,5.56642374540014e-123,"ACKR1_endothelial","CCDC107"
1.0809914055028e-134,1.03568870658363,0.618,0.321,2.64896943918462e-130,"ACKR1_endothelial","ZFHX3"
3.54716283838291e-84,1.03372459396764,0.277,0.109,8.69232253545733e-80,"ACKR1_endothelial","SELENBP1"
1.91347122467461e-109,1.02834251546362,0.457,0.207,4.68896123606514e-105,"ACKR1_endothelial","ATP6V0D1"
6.95347763742409e-116,1.02823671911723,0.278,0.092,1.70394969505077e-111,"ACKR1_endothelial","KIAA1715"
2.20651608497944e-118,1.02582409075866,0.494,0.229,5.40706766624213e-114,"ACKR1_endothelial","ATP2A2"
5.48666996098103e-108,1.02392407661752,0.493,0.234,1.3445084739384e-103,"ACKR1_endothelial","HIGD1A"
2.99628124915374e-96,1.01852008692123,0.333,0.136,7.34238720105124e-92,"ACKR1_endothelial","BCL6"
3.50119730483872e-161,1.01790530441547,0.812,0.552,8.57968399550728e-157,"ACKR1_endothelial","PRSS23"
0,1.0158458756831,0.997,0.968,0,"ACKR1_endothelial","CST3"
3.61820632541565e-107,1.01482477569539,0.315,0.117,8.86641460043105e-103,"ACKR1_endothelial","RECK"
3.06437449058191e-111,1.00829555798364,0.589,0.309,7.50924968917097e-107,"ACKR1_endothelial","AC013461.1"
2.85619974897636e-114,1.00581581204957,0.367,0.143,6.99911748486657e-110,"ACKR1_endothelial","MYLIP"
4.88365116048463e-144,0.999910518292321,0.644,0.326,1.19673871687676e-139,"ACKR1_endothelial","BLVRB"
8.67854151885675e-95,0.999500216618723,0.263,0.095,2.12667659919585e-90,"ACKR1_endothelial","MICU3"
5.04413365214916e-127,0.996912458989369,0.486,0.213,1.23606495145915e-122,"ACKR1_endothelial","TRIP6"
3.53476346542964e-137,0.99412515105269,0.704,0.401,8.66193787203534e-133,"ACKR1_endothelial","CTSB"
1.07848974096197e-125,0.978092642651728,0.668,0.363,2.64283911022732e-121,"ACKR1_endothelial","ILK"
3.82127393192957e-87,0.977587510287546,0.258,0.096,9.36403177019341e-83,"ACKR1_endothelial","FAM92A1"
4.23238685207302e-206,0.974784059033418,0.872,0.683,1.03714639810049e-201,"ACKR1_endothelial","TIMP2"
1.37533951831864e-103,0.973523815959003,0.347,0.139,3.37026948963982e-99,"ACKR1_endothelial","GPX8"
1.62919934860323e-80,0.972540632231521,0.273,0.109,3.99235300375222e-76,"ACKR1_endothelial","PLEKHH3"
3.5676320424604e-115,0.968075061959789,0.479,0.218,8.7424823200492e-111,"ACKR1_endothelial","MPZL1"
1.79317166278437e-116,0.959209032658516,0.391,0.157,4.3941671596531e-112,"ACKR1_endothelial","SGCB"
4.35691552685787e-69,0.956795940868828,0.263,0.112,1.06766214985652e-64,"ACKR1_endothelial","COLEC12"
2.66763685581182e-82,0.953981386661453,0.395,0.19,6.53704411516686e-78,"ACKR1_endothelial","C1QTNF1"
1.79949911507141e-99,0.951234416356349,0.366,0.152,4.40967258148249e-95,"ACKR1_endothelial","C15orf61"
3.77993145036724e-100,0.945738328638335,0.346,0.14,9.26272201912493e-96,"ACKR1_endothelial","ABHD14A"
4.15170784620486e-145,0.940385256967059,0.77,0.478,1.0173760077125e-140,"ACKR1_endothelial","FSTL1"
9.81413763885625e-91,0.923210986494923,0.565,0.314,2.40495442840172e-86,"ACKR1_endothelial","NME4"
2.74022139520477e-83,0.911589636417905,0.268,0.104,6.7149125289493e-79,"ACKR1_endothelial","CYP27A1"
0,0.910999754945318,0.98,0.945,0,"ACKR1_endothelial","CD81"
1.59455387573872e-90,0.905586683537267,0.32,0.131,3.90745427249772e-86,"ACKR1_endothelial","DDIT3"
1.37981443994042e-90,0.904969819627304,0.34,0.142,3.381235285074e-86,"ACKR1_endothelial","FAM229B"
1.91538955682074e-98,0.898694209212701,0.65,0.397,4.69366210898921e-94,"ACKR1_endothelial","LAMC1"
1.23581663631536e-82,0.898360992635612,0.329,0.141,3.02836866729078e-78,"ACKR1_endothelial","SMIM20"
1.68575495454194e-100,0.893089218143323,0.404,0.176,4.13094251610501e-96,"ACKR1_endothelial","NTN4"
1.43561413981294e-97,0.89197744605551,0.361,0.151,3.51797244961162e-93,"ACKR1_endothelial","TWSG1"
4.31377003432052e-110,0.888876853722549,0.546,0.272,1.05708934691024e-105,"ACKR1_endothelial","FAM114A1"
3.7015895024287e-97,0.88761144201423,0.362,0.15,9.07074507570153e-93,"ACKR1_endothelial","DNPH1"
8.36941340063069e-85,0.887336382283651,0.384,0.177,2.05092475382455e-80,"ACKR1_endothelial","CBR3"
5.00817969816327e-97,0.885256384012176,0.394,0.171,1.22725443503491e-92,"ACKR1_endothelial","TADA3"
2.37742804728811e-74,0.884438810565419,0.255,0.102,5.8258874298795e-70,"ACKR1_endothelial","CNPY4"
5.27820698641045e-113,0.883943030189593,0.53,0.255,1.29342462201988e-108,"ACKR1_endothelial","BDH2"
2.85528172340161e-80,0.880293021101025,0.309,0.13,6.99686786319564e-76,"ACKR1_endothelial","C14orf1"
7.53544663713304e-83,0.880017497121411,0.456,0.23,1.84656119842945e-78,"ACKR1_endothelial","PBXIP1"
1.15151115488359e-93,0.871333203263389,0.535,0.279,2.82177808504224e-89,"ACKR1_endothelial","LMO4"
2.41229409860552e-132,0.871263291172414,0.712,0.41,5.91132668863281e-128,"ACKR1_endothelial","H2AFJ"
8.16133915120336e-117,0.870924504520292,0.456,0.197,1.99993615900238e-112,"ACKR1_endothelial","CTDSPL"
2.84412814915447e-55,0.870551741604037,0.412,0.232,6.96953602950304e-51,"ACKR1_endothelial","GBP1"
2.21308948712893e-84,0.869588152403354,0.304,0.124,5.42317578820945e-80,"ACKR1_endothelial","FAXDC2"
4.51718199693407e-110,0.867236738339251,0.591,0.314,1.10693544834869e-105,"ACKR1_endothelial","PIK3R1"
5.36718005972066e-94,0.861779109072115,0.388,0.168,1.31522747363455e-89,"ACKR1_endothelial","NQO2"
1.85704189945224e-89,0.861619474481381,0.33,0.137,4.55068117460772e-85,"ACKR1_endothelial","MARVELD1"
8.69913959292518e-77,0.859279685529609,0.271,0.108,2.13172415724632e-72,"ACKR1_endothelial","IL17RC"
2.76001621240148e-76,0.852160881385368,0.597,0.363,6.76341972848982e-72,"ACKR1_endothelial","TNS1"
4.4616160045895e-226,0.851130211456226,0.989,0.821,1.09331900192466e-221,"ACKR1_endothelial","MGP"
1.23505822040591e-102,0.850220281873264,0.581,0.309,3.02651016910467e-98,"ACKR1_endothelial","SESTD1"
3.30807353301669e-106,0.84856443070659,0.632,0.347,8.10643419265741e-102,"ACKR1_endothelial","ANXA4"
1.23565117985114e-100,0.847743909121771,0.641,0.372,3.02796321622521e-96,"ACKR1_endothelial","ADH5"
1.13039177468157e-71,0.843346979870811,0.696,0.502,2.7700250438572e-67,"ACKR1_endothelial","TNXB"
4.60242200450805e-98,0.842765384766101,0.66,0.389,1.1278235122047e-93,"ACKR1_endothelial","RBPMS"
9.66893769332367e-81,0.842420729667643,0.37,0.168,2.36937318174897e-76,"ACKR1_endothelial","PLIN3"
2.5848706542827e-71,0.842375126404866,0.283,0.121,6.33422553831976e-67,"ACKR1_endothelial","SLC27A3"
4.32221071416848e-86,0.840639481062619,0.311,0.126,1.05915773550698e-81,"ACKR1_endothelial","MAN1C1"
6.1553594377016e-122,0.834072542227152,0.761,0.478,1.50837083020878e-117,"ACKR1_endothelial","ATP5G3"
4.6582932488714e-80,0.833479582844503,0.293,0.12,1.14151476063594e-75,"ACKR1_endothelial","HPS1"
1.32117061718201e-81,0.832417046719251,0.264,0.102,3.23752859740452e-77,"ACKR1_endothelial","KLHL42"
6.44298231228216e-102,0.827510474287513,0.468,0.218,1.57885281562474e-97,"ACKR1_endothelial","ECHDC2"
1.18274074734367e-69,0.823606134001942,0.298,0.133,2.89830620136567e-65,"ACKR1_endothelial","CITED2"
3.07920878321342e-67,0.81855441666621,0.259,0.109,7.54560112326449e-63,"ACKR1_endothelial","CCDC91"
7.61194490678518e-82,0.816953338105459,0.332,0.143,1.86530709940771e-77,"ACKR1_endothelial","FKBP7"
8.31135482937191e-114,0.816839379167725,0.689,0.397,2.03669750093759e-109,"ACKR1_endothelial","ALDH2"
7.71985789142634e-92,0.815932167286543,0.632,0.369,1.89175117629402e-87,"ACKR1_endothelial","HTRA1"
2.36780755878799e-80,0.812694550420755,0.319,0.135,5.80231242280997e-76,"ACKR1_endothelial","SIL1"
7.4189857080399e-67,0.812092587089415,0.289,0.128,1.81802244775518e-62,"ACKR1_endothelial","HIBADH"
1.7294893170885e-89,0.809272472269124,0.421,0.196,4.23811357152537e-85,"ACKR1_endothelial","GCSH"
1.09433140236536e-69,0.807881497280758,0.269,0.113,2.68165910149632e-65,"ACKR1_endothelial","STARD10"
8.90504053338548e-100,0.806927036585527,0.707,0.441,2.18218018270611e-95,"ACKR1_endothelial","EEA1"
1.93398469617297e-235,0.802826854395718,0.994,0.877,4.73922949797187e-231,"ACKR1_endothelial","IGFBP7"
5.43887453944314e-88,0.802302436703721,0.401,0.183,1.33279620589054e-83,"ACKR1_endothelial","KDELC2"
4.44743217108799e-83,0.791985347853262,0.315,0.131,1.08984325352511e-78,"ACKR1_endothelial","TPT1-AS1"
1.24949526683428e-78,0.789423890546206,0.271,0.107,3.0618881513774e-74,"ACKR1_endothelial","FKBP14"
1.78982280703265e-99,0.788960995083006,0.661,0.382,4.3859607886335e-95,"ACKR1_endothelial","DYNLT1"
1.85030245692963e-66,0.788772279226415,0.359,0.174,4.53416617070606e-62,"ACKR1_endothelial","CHPT1"
2.89434025040336e-107,0.787102424690101,0.866,0.727,7.09258078361344e-103,"ACKR1_endothelial","S100A13"
1.88427193927395e-91,0.785546410425965,0.562,0.297,4.61740838719082e-87,"ACKR1_endothelial","ADI1"
2.40416567013074e-83,0.779870206686563,0.701,0.449,5.89140797465537e-79,"ACKR1_endothelial","PDLIM3"
1.20631151933883e-74,0.77921641739221,0.278,0.115,2.9560663781398e-70,"ACKR1_endothelial","SPATA6"
2.13513613312024e-80,0.778391124791994,0.357,0.16,5.23215109421116e-76,"ACKR1_endothelial","PXK"
2.08794983828323e-73,0.777901117653375,0.311,0.138,5.11652107871306e-69,"ACKR1_endothelial","FAM46A"
5.6206568699943e-107,0.774127452984541,0.768,0.51,1.3773419659921e-102,"ACKR1_endothelial","NGFRAP1"
1.60004444249431e-75,0.768318133676536,0.27,0.108,3.92090890633232e-71,"ACKR1_endothelial","C5orf45"
8.923222844228e-168,0.767149671690769,0.924,0.799,2.18663575797807e-163,"ACKR1_endothelial","GPX4"
2.91821708537602e-178,0.766892248471948,0.959,0.86,7.15109096771394e-174,"ACKR1_endothelial","S100A11"
5.04436448747429e-223,0.765273844773512,0.942,0.876,1.23612151765557e-218,"ACKR1_endothelial","LAPTM4A"
3.13004379121718e-72,0.762766564107068,0.262,0.107,7.6701723103777e-68,"ACKR1_endothelial","TMEM237"
5.13044408799918e-52,0.75790872249478,0.26,0.123,1.2572153237642e-47,"ACKR1_endothelial","SLC4A7"
2.456529503651e-55,0.753216519404952,0.561,0.352,6.01972554869678e-51,"ACKR1_endothelial","SYNM"
1.57087164738825e-119,0.748999439288032,0.674,0.369,3.84942097192491e-115,"ACKR1_endothelial","DST"
3.17880210345618e-97,0.748886111629688,0.488,0.233,7.78965455451937e-93,"ACKR1_endothelial","CCDC53"
2.31442609909875e-75,0.746654659650712,0.334,0.148,5.67150115584149e-71,"ACKR1_endothelial","ARMCX1"
7.55839353532513e-80,0.745069855644876,0.252,0.095,1.85218433583142e-75,"ACKR1_endothelial","CH17-189H20.1"
3.2515426910255e-60,0.742965196765565,0.315,0.149,7.96790536435798e-56,"ACKR1_endothelial","ISOC2"
1.03421046711247e-71,0.742611316886783,0.448,0.236,2.53433274965912e-67,"ACKR1_endothelial","NPNT"
7.82655269141974e-70,0.734223036356814,0.308,0.136,1.91789673703241e-65,"ACKR1_endothelial","RNASET2"
4.04660219828981e-36,0.733127073291318,0.342,0.205,9.91619868690917e-32,"ACKR1_endothelial","CD79B"
8.47418551356316e-59,0.732859043842953,0.253,0.112,2.07659916009865e-54,"ACKR1_endothelial","NUDT22"
8.63090067429761e-58,0.727961700527023,0.322,0.157,2.11500221023663e-53,"ACKR1_endothelial","RAI2"
3.00676429783794e-90,0.727405453380924,0.411,0.188,7.36807591185188e-86,"ACKR1_endothelial","IER5L"
7.4678624271005e-85,0.72641883957736,0.534,0.288,1.82999968776098e-80,"ACKR1_endothelial","ZCCHC24"
5.7013677264597e-70,0.725628711485278,0.344,0.162,1.39712016136895e-65,"ACKR1_endothelial","VPS13D"
2.77879915801301e-64,0.722985917688953,0.305,0.14,6.80944733671087e-60,"ACKR1_endothelial","RDH14"
4.8732340539593e-69,0.714629210010581,0.415,0.209,1.19418600492273e-64,"ACKR1_endothelial","MANBAL"
6.4331191994238e-79,0.71430246567938,0.678,0.431,1.5764358598188e-74,"ACKR1_endothelial","MXRA7"
1.07314740428112e-67,0.714043799439694,0.361,0.175,2.62974771419089e-63,"ACKR1_endothelial","ZBED3"
3.17413913319004e-62,0.712432471811439,0.325,0.154,7.77822794588218e-58,"ACKR1_endothelial","PTGR1"
8.74500686981357e-82,0.70684585850769,0.406,0.191,2.14296393344781e-77,"ACKR1_endothelial","ADGRA2"
9.57020253768704e-64,0.701720911384108,0.258,0.11,2.34517813186021e-59,"ACKR1_endothelial","PLEKHJ1"
6.1449872652114e-53,0.701566788630838,0.342,0.18,1.50582912934005e-48,"ACKR1_endothelial","AHNAK2"
1.29453007053839e-50,0.700570786669896,0.593,0.41,3.17224593785433e-46,"ACKR1_endothelial","PLXDC2"
8.60739535993236e-63,0.700509246150587,0.407,0.213,2.10924223295143e-58,"ACKR1_endothelial","C7orf73"
1.15093459268255e-75,0.700011974862826,0.368,0.17,2.82036521936858e-71,"ACKR1_endothelial","ITGAV"
2.29293178624245e-89,0.699754983054355,0.647,0.374,5.61882934218712e-85,"ACKR1_endothelial","CD164"
1.56369514205836e-90,0.697890928999411,0.768,0.509,3.83183494561401e-86,"ACKR1_endothelial","NBL1"
1.64420438085923e-60,0.697558972902188,0.318,0.15,4.02912283529554e-56,"ACKR1_endothelial","ZNF511"
5.76252382037403e-87,0.696685609267577,0.696,0.438,1.41210646218266e-82,"ACKR1_endothelial","PHPT1"
1.43341609686457e-51,0.691528772271812,0.257,0.12,3.51258614536664e-47,"ACKR1_endothelial","PDK2"
2.65868975063335e-69,0.689900238361734,0.426,0.219,6.51511923392703e-65,"ACKR1_endothelial","SEPT6"
9.49853158126219e-67,0.685544356146332,0.36,0.172,2.3276151639883e-62,"ACKR1_endothelial","JOSD2"
7.52390846339324e-84,0.685538267750038,0.599,0.339,1.84373376895451e-79,"ACKR1_endothelial","C1orf122"
2.64420230313646e-63,0.683264770665717,0.253,0.108,6.4796177438359e-59,"ACKR1_endothelial","SUCLA2"
7.75414933706996e-62,0.682927005002322,0.294,0.135,1.90015429504899e-57,"ACKR1_endothelial","RAB11FIP2"
2.80511530832146e-268,0.681599487228405,0.984,0.966,6.87393506304174e-264,"ACKR1_endothelial","CD63"
1.45427067341299e-52,0.681388669694082,0.282,0.136,3.56369028519853e-48,"ACKR1_endothelial","CABIN1"
2.22689224780382e-153,0.679554083720824,0.899,0.794,5.45699945324325e-149,"ACKR1_endothelial","PEBP1"
4.50847474690266e-63,0.678506946232199,0.376,0.187,1.1048017367285e-58,"ACKR1_endothelial","LSM10"
2.58824441434105e-78,0.6783078347512,0.69,0.443,6.34249293734275e-74,"ACKR1_endothelial","CLTB"
1.21075093481091e-66,0.676539865945496,0.355,0.17,2.96694516575414e-62,"ACKR1_endothelial","LZTS2"
4.41808868812997e-70,0.676500856333208,0.364,0.172,1.08265263302625e-65,"ACKR1_endothelial","C11orf68"
1.21427566969043e-70,0.672857453734611,0.355,0.165,2.9755825285764e-66,"ACKR1_endothelial","TP53I13"
1.12603621504045e-79,0.670070477226161,0.571,0.318,2.75935174495662e-75,"ACKR1_endothelial","FAM162A"
3.52055598755553e-88,0.668135748263821,0.822,0.668,8.62712244750482e-84,"ACKR1_endothelial","EPHX1"
3.25528757906782e-93,0.667541722524323,0.822,0.61,7.97708221250569e-89,"ACKR1_endothelial","RNH1"
1.16112195929086e-71,0.666642217198635,0.549,0.311,2.84532936124224e-67,"ACKR1_endothelial","CAT"
4.82987702727489e-76,0.666601114372414,0.422,0.207,1.18356136553371e-71,"ACKR1_endothelial","RAD50"
2.60691371645107e-77,0.666329906347425,0.648,0.393,6.38824206216334e-73,"ACKR1_endothelial","NDRG2"
1.5418448799705e-73,0.664362525332693,0.653,0.402,3.7782908783677e-69,"ACKR1_endothelial","FAM127A"
1.74986926891718e-78,0.663559452942349,0.456,0.228,4.28805464348155e-74,"ACKR1_endothelial","C1orf21"
1.0220217489496e-51,0.662095967633172,0.256,0.12,2.50446429580099e-47,"ACKR1_endothelial","PRKAR2B"
2.76706876996535e-61,0.661509270263711,0.359,0.177,6.78070202080008e-57,"ACKR1_endothelial","STX8"
1.22820354095724e-76,0.66046107173134,0.408,0.194,3.00971277711571e-72,"ACKR1_endothelial","ZC2HC1A"
2.28390878083842e-69,0.660190731224429,0.985,0.97,5.59671846744455e-65,"ACKR1_endothelial","MYL6"
6.22697165488246e-60,0.658099984356345,0.403,0.21,1.52591940402895e-55,"ACKR1_endothelial","CCNG2"
2.47979310858251e-132,0.650481768032876,0.839,0.576,6.07673301258144e-128,"ACKR1_endothelial","RHOB"
1.85963581400843e-115,0.64944074516015,0.864,0.675,4.55703756222766e-111,"ACKR1_endothelial","C12orf57"
1.62515826479995e-54,0.648598226016804,0.319,0.158,3.98245032789229e-50,"ACKR1_endothelial","C1GALT1C1"
1.30917485880814e-71,0.647219258962383,0.456,0.232,3.20813299150935e-67,"ACKR1_endothelial","MRPL27"
6.34996123450287e-55,0.645702917421753,0.26,0.119,1.55605800051493e-50,"ACKR1_endothelial","ADAM9"
3.04926899684871e-60,0.64563375133331,0.308,0.144,7.47223367677776e-56,"ACKR1_endothelial","ARHGAP1"
1.42592867901954e-67,0.643937171342277,0.607,0.379,3.49423822793738e-63,"ACKR1_endothelial","AR"
4.45120878766673e-61,0.643344280223976,0.754,0.574,1.09076871341773e-56,"ACKR1_endothelial","LIMA1"
1.75967115100706e-56,0.643068701546973,0.315,0.152,4.31207415554279e-52,"ACKR1_endothelial","ITPA"
8.0664376713761e-66,0.642757557300504,0.325,0.149,1.97668055137071e-61,"ACKR1_endothelial","CDO1"
1.17464260768601e-71,0.641906480287767,0.483,0.254,2.87846171013458e-67,"ACKR1_endothelial","AK1"
5.06730923494987e-62,0.638915489900824,0.322,0.153,1.24174412802447e-57,"ACKR1_endothelial","C16orf45"
5.90179571433025e-66,0.637515164261046,0.593,0.355,1.44623503979663e-61,"ACKR1_endothelial","ASAH1"
1.28474783697332e-16,0.634851166407851,0.502,0.402,3.14827457450311e-12,"ACKR1_endothelial","MCAM"
2.80813010360318e-61,0.634709045909175,0.298,0.137,6.8813228188796e-57,"ACKR1_endothelial","WIPF1"
1.26835562170458e-46,0.634054160996667,0.273,0.135,3.10810545098707e-42,"ACKR1_endothelial","C5orf15"
2.79946987973541e-71,0.63177467798751,0.385,0.184,6.86010094029162e-67,"ACKR1_endothelial","NF1"
1.85067914016192e-222,0.629748341597294,0.999,0.988,4.53508923296679e-218,"ACKR1_endothelial","S100A6"
5.33594119297053e-71,0.629344857336661,0.497,0.274,1.30757238933743e-66,"ACKR1_endothelial","SOX4"
8.28115628921863e-68,0.627472016083952,0.666,0.427,2.02929734867302e-63,"ACKR1_endothelial","REXO2"
1.10764759268535e-66,0.624045817531579,0.571,0.329,2.71429042587546e-62,"ACKR1_endothelial","ZNF428"
1.84954859972721e-71,0.624023473919834,0.517,0.281,4.53231884363153e-67,"ACKR1_endothelial","MLEC"
1.42927831019867e-27,0.623815453974381,0.281,0.165,3.50244649914185e-23,"ACKR1_endothelial","ZNF331"
1.15132019177775e-57,0.623361043075187,0.397,0.209,2.82131012995137e-53,"ACKR1_endothelial","NFYB"
4.35393949073717e-51,0.623009024549746,0.295,0.145,1.06693287220514e-46,"ACKR1_endothelial","TMED1"
2.70056395701051e-79,0.621633818455862,0.752,0.496,6.61773197665425e-75,"ACKR1_endothelial","GYPC"
1.11112809694406e-77,0.621487233391667,0.728,0.472,2.72281940156143e-73,"ACKR1_endothelial","UQCR10"
1.68171824047666e-43,0.619109620976482,0.357,0.199,4.12105054828804e-39,"ACKR1_endothelial","PCSK7"
4.09292034592706e-54,0.618984985225963,0.307,0.149,1.00297013076943e-49,"ACKR1_endothelial","MTFR1L"
7.30170189786247e-71,0.618616699400032,0.638,0.383,1.7892820500712e-66,"ACKR1_endothelial","MPG"
1.08611849845041e-54,0.618302851293063,0.29,0.138,2.66153338045273e-50,"ACKR1_endothelial","CUTC"
9.31203661112401e-64,0.616979784974804,0.334,0.157,2.28191457155594e-59,"ACKR1_endothelial","UQCC2"
6.90621757879114e-57,0.61531199043324,0.324,0.157,1.69236861768277e-52,"ACKR1_endothelial","FAM173A"
6.65910938521718e-68,0.611756997258786,0.58,0.334,1.63181475484747e-63,"ACKR1_endothelial","PTEN"
2.91811219166536e-56,0.611393856482127,0.297,0.14,7.15083392567597e-52,"ACKR1_endothelial","SLC39A3"
1.14471300154155e-228,0.610941446071728,0.998,0.993,2.80511921027757e-224,"ACKR1_endothelial","FTL"
4.6044826454798e-64,0.610226282219714,0.358,0.172,1.12832847227483e-59,"ACKR1_endothelial","USP11"
3.96877833119136e-56,0.609113936930419,0.317,0.153,9.72549130058444e-52,"ACKR1_endothelial","RAB9A"
6.46402003528297e-59,0.609053588545393,0.429,0.23,1.58400810964609e-54,"ACKR1_endothelial","DESI2"
2.61959411971868e-55,0.608819216290754,0.484,0.275,6.41931539037063e-51,"ACKR1_endothelial","ASNA1"
7.70088370579979e-129,0.608416272230391,0.979,0.937,1.88710155210624e-124,"ACKR1_endothelial","LGALS3"
1.3275674923753e-54,0.607537916142583,0.29,0.137,3.25320414006568e-50,"ACKR1_endothelial","SNX7"
5.64860927478331e-50,0.605637925946289,0.308,0.153,1.38419170278565e-45,"ACKR1_endothelial","HADH"
3.67092622543035e-31,0.604698215267216,0.296,0.173,8.99560471541708e-27,"ACKR1_endothelial","PEMT"
5.41383068905315e-108,0.604684890925011,0.531,0.26,1.32665921035247e-103,"ACKR1_endothelial","FBLN2"
3.82095686837833e-45,0.6030055942822,0.258,0.126,9.3632548059611e-41,"ACKR1_endothelial","FUCA2"
8.04812323064777e-70,0.602205163397314,0.697,0.45,1.97219259767024e-65,"ACKR1_endothelial","LTBP3"
4.0633628075594e-48,0.601354363083275,0.257,0.123,9.95727055992431e-44,"ACKR1_endothelial","SIGMAR1"
1.95919561385741e-41,0.601253753420168,0.28,0.146,4.80100885175758e-37,"ACKR1_endothelial","WTIP"
9.19954873533243e-104,0.600682486992196,0.879,0.727,2.25434941759321e-99,"ACKR1_endothelial","PPIB"
1.13601486161068e-63,0.596721995197397,0.374,0.188,2.78380441837698e-59,"ACKR1_endothelial","VEGFA"
1.18167146841278e-63,0.593625320192286,0.43,0.223,2.89568593334553e-59,"ACKR1_endothelial","DTWD1"
4.47630660333978e-60,0.593592460929573,0.261,0.114,1.09691893314841e-55,"ACKR1_endothelial","ZSCAN16-AS1"
1.00876957166396e-46,0.592931859787875,0.325,0.171,2.47198983536254e-42,"ACKR1_endothelial","TRIM8"
2.07872441546879e-50,0.591868368077228,0.374,0.2,5.09391418010628e-46,"ACKR1_endothelial","TANK"
3.88678761364833e-87,0.591235180673807,0.972,0.982,9.52457304724523e-83,"ACKR1_endothelial","MT-CO3"
2.54567681337442e-59,0.590871295219446,0.356,0.18,6.23818103117403e-55,"ACKR1_endothelial","SH3D19"
3.29435930735578e-55,0.587723846995602,0.328,0.162,8.07282748267535e-51,"ACKR1_endothelial","GLT8D1"
2.11169696687558e-32,0.587012504001303,0.41,0.256,5.1747134173286e-28,"ACKR1_endothelial","B4GALT1"
2.82814525414688e-111,0.586159006511372,0.919,0.67,6.93036994528692e-107,"ACKR1_endothelial","C11orf96"
1.8928337470238e-64,0.584990785105247,0.797,0.598,4.63838909708181e-60,"ACKR1_endothelial","NDUFB8"
6.4824817897493e-64,0.584546863844166,0.66,0.424,1.58853216257807e-59,"ACKR1_endothelial","SPATS2L"
2.13876913029203e-76,0.583980038636008,0.523,0.274,5.24105375378062e-72,"ACKR1_endothelial","SGCE"
1.75702057936123e-38,0.583976731983365,0.273,0.144,4.30557892972469e-34,"ACKR1_endothelial","MTCH2"
5.03911151517848e-47,0.583610242177658,0.342,0.183,1.23483427679449e-42,"ACKR1_endothelial","DIAPH2"
2.53465923903608e-62,0.582942923922777,0.31,0.142,6.21118246525792e-58,"ACKR1_endothelial","TULP3"
4.15734027394023e-52,0.582830709273021,0.372,0.194,1.01875623412905e-47,"ACKR1_endothelial","BLVRA"
2.97840491016041e-52,0.582614955294671,0.375,0.197,7.29858123234808e-48,"ACKR1_endothelial","MRPS18A"
8.13003708834516e-74,0.582006161915564,0.518,0.274,1.99226558849898e-69,"ACKR1_endothelial","OSBPL1A"
1.53283301744869e-45,0.581999885365412,0.285,0.143,3.75620730925802e-41,"ACKR1_endothelial","ATAD1"
2.77817908095966e-16,0.581585108346928,0.987,0.96,6.80792783789165e-12,"ACKR1_endothelial","DSTN"
8.60654133509711e-45,0.579904340495351,0.319,0.167,2.10903295416555e-40,"ACKR1_endothelial","ORAI3"
3.2125107292329e-61,0.577524878203441,0.273,0.121,7.87225754198522e-57,"ACKR1_endothelial","RAB30"
1.39560284697307e-51,0.57567376553421,0.389,0.207,3.41992477650752e-47,"ACKR1_endothelial","NEU1"
5.26675570671784e-58,0.574858847953956,0.654,0.427,1.29061848593121e-53,"ACKR1_endothelial","PRNP"
8.65515358602051e-60,0.574555355071706,0.667,0.437,2.12094538625433e-55,"ACKR1_endothelial","PLP2"
4.77995182766508e-48,0.571499770356541,0.471,0.278,1.17132719536933e-43,"ACKR1_endothelial","CFL2"
1.05608885714037e-56,0.569091076811773,0.526,0.303,2.58794574442248e-52,"ACKR1_endothelial","SUCLG1"
8.31869641861541e-47,0.568302718417793,0.351,0.187,2.03849655738171e-42,"ACKR1_endothelial","RFNG"
2.99071439525746e-68,0.566947973089403,0.54,0.298,7.32874562557842e-64,"ACKR1_endothelial","MPC1"
3.46616316068805e-46,0.564978318543447,0.493,0.3,8.49383282526606e-42,"ACKR1_endothelial","XBP1"
4.3012030930883e-79,0.563505331369234,0.83,0.651,1.05400981796129e-74,"ACKR1_endothelial","NFIC"
3.32209839064096e-42,0.563404364620254,0.304,0.161,8.14080210626568e-38,"ACKR1_endothelial","BCKDK"
3.74109048317501e-50,0.56269627799095,0.316,0.16,9.16754222902035e-46,"ACKR1_endothelial","R3HCC1"
4.03161286688236e-47,0.561931732712549,0.334,0.177,9.87946733029523e-43,"ACKR1_endothelial","IGF2R"
1.89488477640897e-54,0.559998637251116,0.541,0.319,4.64341514459018e-50,"ACKR1_endothelial","RBBP7"
2.77502474240783e-47,0.559812715660004,0.289,0.144,6.80019813127039e-43,"ACKR1_endothelial","SMARCD2"
1.02354515684785e-106,0.559768666864126,0.892,0.771,2.50819740685566e-102,"ACKR1_endothelial","SOD1"
8.23896855651375e-95,0.559131351811845,0.901,0.795,2.01895924477369e-90,"ACKR1_endothelial","ANXA5"
2.30590547168529e-72,0.558221259250944,0.798,0.604,5.6506213583648e-68,"ACKR1_endothelial","SSR2"
1.00988390492254e-71,0.556063491557785,0.795,0.589,2.47472050901269e-67,"ACKR1_endothelial","NENF"
1.16447018238072e-57,0.555948494978705,0.739,0.537,2.85353418192395e-53,"ACKR1_endothelial","PGRMC1"
3.94126823478959e-38,0.555367360264384,0.283,0.151,9.6580778093519e-34,"ACKR1_endothelial","CTB-50L17.10"
9.14044132693366e-64,0.554907813167586,0.675,0.436,2.23986514716509e-59,"ACKR1_endothelial","NDUFS4"
1.97590362634618e-28,0.554207393792896,0.659,0.498,4.84195183636131e-24,"ACKR1_endothelial","PPP1R12A"
2.16220106270552e-59,0.554043059109181,0.672,0.448,5.29847370415988e-55,"ACKR1_endothelial","MRPL51"
6.10565327896399e-42,0.552695371626308,0.314,0.168,1.49619033601013e-37,"ACKR1_endothelial","IFT22"
3.4749876595929e-43,0.550676327011901,0.254,0.125,8.51545725983239e-39,"ACKR1_endothelial","RARG"
7.49967194696334e-30,0.550229237794448,0.277,0.161,1.83779461060337e-25,"ACKR1_endothelial","HSPB8"
8.86067311940208e-49,0.549577886680558,0.373,0.199,2.17130794790948e-44,"ACKR1_endothelial","ELOF1"
6.72527130686144e-46,0.549520562238546,0.487,0.294,1.6480277337464e-41,"ACKR1_endothelial","CMTM3"
7.60279460628961e-55,0.548269830845748,0.564,0.346,1.86306481827127e-50,"ACKR1_endothelial","TCF7L2"
6.84426831585087e-33,0.545675458571999,0.296,0.172,1.67718795079926e-28,"ACKR1_endothelial","AKAP1"
1.26759555978569e-56,0.543900513099792,0.747,0.52,3.10624291925483e-52,"ACKR1_endothelial","PSMD8"
1.2784843704757e-38,0.543758103800198,0.375,0.218,3.1329259498507e-34,"ACKR1_endothelial","CDK2AP1"
2.59033606157401e-50,0.543200836977455,0.436,0.243,6.34761851888712e-46,"ACKR1_endothelial","FAM120AOS"
1.47907476459314e-53,0.542644111751333,0.328,0.164,3.6244727106355e-49,"ACKR1_endothelial","TBC1D2B"
8.03789354114567e-46,0.541728972104938,0.315,0.164,1.96968581225775e-41,"ACKR1_endothelial","MEF2D"
1.49716545806501e-42,0.541638239212019,0.272,0.138,3.6688039549883e-38,"ACKR1_endothelial","CREBL2"
4.90965842516795e-59,0.541311714344953,0.703,0.464,1.20311179708741e-54,"ACKR1_endothelial","LAMB2"
2.39001757617066e-39,0.540042677023099,0.263,0.136,5.8567380704062e-35,"ACKR1_endothelial","NEK1"
5.86385662521234e-59,0.539996188225832,0.519,0.296,1.43693806600828e-54,"ACKR1_endothelial","DGUOK"
1.31290190337905e-42,0.539664350620892,0.474,0.284,3.21726611423037e-38,"ACKR1_endothelial","UQCRC1"
2.67947075429364e-52,0.539007315751725,0.551,0.331,6.56604308339656e-48,"ACKR1_endothelial","ECI1"
1.91980286661308e-54,0.538233556709639,0.683,0.458,4.70447692463535e-50,"ACKR1_endothelial","PLD3"
1.69768201581381e-50,0.538150560849503,0.531,0.317,4.16016977975173e-46,"ACKR1_endothelial","VDAC3"
1.78229486406981e-36,0.538053727636914,0.387,0.23,4.36751356440308e-32,"ACKR1_endothelial","CCDC71L"
1.16352211941737e-61,0.537439853228968,0.617,0.378,2.85121095363226e-57,"ACKR1_endothelial","GLG1"
1.39786384064523e-49,0.535522076715734,0.525,0.316,3.42546534150113e-45,"ACKR1_endothelial","COX20"
4.01014911845076e-48,0.53304900652242,0.69,0.478,9.82687041476359e-44,"ACKR1_endothelial","PGAM1"
1.66107005105714e-74,0.532489247694163,0.32,0.138,4.07045216011553e-70,"ACKR1_endothelial","FGF2"
9.27161532014266e-40,0.532027038046553,0.717,0.542,2.27200933420096e-35,"ACKR1_endothelial","FILIP1L"
1.75397466897571e-55,0.531447002599205,0.346,0.173,4.29811492632497e-51,"ACKR1_endothelial","CHD3"
2.00515089785125e-55,0.531322088662172,0.48,0.272,4.91362227518448e-51,"ACKR1_endothelial","CD302"
8.61729764793922e-46,0.53117350056647,0.318,0.164,2.1116687886275e-41,"ACKR1_endothelial","HMOX2"
1.07052897783469e-32,0.53087402424917,0.363,0.222,2.62333126018391e-28,"ACKR1_endothelial","EZR"
1.16863555859052e-44,0.530494711883826,0.327,0.171,2.86374143632606e-40,"ACKR1_endothelial","EIF4E2"
2.65896919227918e-47,0.52885194515234,0.298,0.15,6.51580400568012e-43,"ACKR1_endothelial","GNPDA1"
7.75932901248136e-50,0.52851983028942,0.384,0.206,1.90142357450856e-45,"ACKR1_endothelial","CAPN1"
1.94778094002422e-53,0.528430976003787,0.577,0.352,4.77303719352935e-49,"ACKR1_endothelial","SMIM14"
3.03290373787935e-47,0.52832167239169,0.521,0.316,7.43213060967335e-43,"ACKR1_endothelial","PIGT"
9.35640237663853e-57,0.527472650503277,0.659,0.42,2.29278640239527e-52,"ACKR1_endothelial","ATP5J2"
1.44127267966199e-46,0.527393159487744,0.298,0.152,3.53183870151171e-42,"ACKR1_endothelial","TUBB2A"
1.57161112600718e-50,0.526532782052645,0.499,0.291,3.85123306428059e-46,"ACKR1_endothelial","C9orf3"
7.1472228504319e-49,0.524812399233105,0.287,0.141,1.75142695949834e-44,"ACKR1_endothelial","TRADD"
3.72608644882924e-47,0.524315832347445,0.348,0.185,9.13077484285605e-43,"ACKR1_endothelial","THAP7"
4.81426669780832e-42,0.52390772014937,0.395,0.228,1.17973605429793e-37,"ACKR1_endothelial","TCEAL1"
1.4228330601251e-48,0.523195180245098,0.601,0.384,3.48665241383655e-44,"ACKR1_endothelial","COPRS"
1.61432074119607e-56,0.523010557840229,0.447,0.242,3.95589297630096e-52,"ACKR1_endothelial","TMEM9"
6.41694675986925e-40,0.522844064217249,0.277,0.144,1.57247280350596e-35,"ACKR1_endothelial","AHCY"
4.71735589295289e-69,0.522659825704222,0.85,0.667,1.15598806156811e-64,"ACKR1_endothelial","AES"
2.85937000430376e-57,0.522063495050277,0.554,0.328,7.00688619554637e-53,"ACKR1_endothelial","OPTN"
6.42310138921735e-53,0.521435096107637,0.379,0.197,1.57398099542771e-48,"ACKR1_endothelial","PQLC3"
8.52965788397065e-45,0.519426296612202,0.311,0.163,2.09019266446701e-40,"ACKR1_endothelial","ALDH7A1"
7.17235792263986e-51,0.519276955789468,0.419,0.231,1.7575863089429e-46,"ACKR1_endothelial","PARVA"
3.77368132342895e-39,0.519264036151196,0.326,0.18,9.24740608306264e-35,"ACKR1_endothelial","HSPB11"
1.51186709899243e-44,0.518291904374368,0.588,0.384,3.70483032608095e-40,"ACKR1_endothelial","METRNL"
3.45317921106758e-43,0.515764665274241,0.382,0.215,8.4620156567211e-39,"ACKR1_endothelial","CETN2"
1.38330442525857e-56,0.515548470839854,0.703,0.479,3.38978749409612e-52,"ACKR1_endothelial","HSPA5"
2.09870096382923e-54,0.515113340140684,0.491,0.278,5.14286671186352e-50,"ACKR1_endothelial","MRPS26"
3.89812900059932e-63,0.5141809372442,0.707,0.468,9.55236511596864e-59,"ACKR1_endothelial","DBI"
2.68257344582685e-47,0.514154533926912,0.331,0.172,6.5736462289987e-43,"ACKR1_endothelial","FNIP1"
1.19306663075704e-46,0.513072152578595,0.503,0.303,2.92360977867013e-42,"ACKR1_endothelial","CBX6"
1.82066144790174e-54,0.513022106314677,0.7,0.474,4.4615308780832e-50,"ACKR1_endothelial","DRAP1"
3.43777380219661e-45,0.512478191678765,0.565,0.353,8.4242647022828e-41,"ACKR1_endothelial","EMC7"
5.3016631980033e-47,0.511596619451562,0.42,0.237,1.29917256667071e-42,"ACKR1_endothelial","TSEN34"
8.24882209699977e-50,0.511026782790186,0.699,0.477,2.02137385486979e-45,"ACKR1_endothelial","BLOC1S1"
1.08856796131602e-134,0.509476305677312,0.95,0.901,2.6675357892049e-130,"ACKR1_endothelial","GSTP1"
1.4704202372722e-50,0.509145811313779,0.523,0.308,3.60326479143552e-46,"ACKR1_endothelial","AKR7A2"
5.05485963728319e-48,0.506403945327391,0.696,0.472,1.23869335411625e-43,"ACKR1_endothelial","P4HB"
6.65457192521354e-43,0.506390563941528,0.458,0.269,1.63070285027358e-38,"ACKR1_endothelial","SURF1"
8.54036159716357e-43,0.504916579299224,0.31,0.163,2.09281560938493e-38,"ACKR1_endothelial","SDF2L1"
1.83110206163365e-215,0.504395612906113,0.998,0.995,4.48711560203325e-211,"ACKR1_endothelial","FTH1"
4.13336531473848e-55,0.503982685924347,0.722,0.511,1.01288117037666e-50,"ACKR1_endothelial","LRPAP1"
6.24654873190428e-45,0.503607209548967,0.309,0.158,1.53071676675314e-40,"ACKR1_endothelial","SLC25A1"
2.72303694140845e-50,0.5035173942094,0.514,0.304,6.67280202492139e-46,"ACKR1_endothelial","YIF1A"
8.45051967751457e-42,0.502892299274415,0.315,0.168,2.07079984697494e-37,"ACKR1_endothelial","SCN1B"
2.30858026422935e-45,0.498280783829751,0.398,0.223,5.65717593749403e-41,"ACKR1_endothelial","STK24"
2.65371267371356e-46,0.497857689393503,0.3,0.153,6.50292290693507e-42,"ACKR1_endothelial","DPYD"
1.12763888900835e-31,0.496710275808745,0.295,0.167,2.76327909751497e-27,"ACKR1_endothelial","AP1M1"
9.26989390588538e-35,0.496176168244697,0.327,0.187,2.27158750163721e-30,"ACKR1_endothelial","FDFT1"
1.10658483553354e-55,0.495969013855064,0.586,0.354,2.71168613947495e-51,"ACKR1_endothelial","PCYOX1"
8.30130629382876e-45,0.495400296662956,0.288,0.146,2.03423510730274e-40,"ACKR1_endothelial","ARHGAP12"
2.42620492488759e-51,0.49537449017084,0.532,0.317,5.94541516843703e-47,"ACKR1_endothelial","RBFOX2"
2.59490965683806e-52,0.494054187239271,0.389,0.207,6.35882611408166e-48,"ACKR1_endothelial","SSBP2"
5.37527155099681e-54,0.493844951711306,0.437,0.238,1.31721029357177e-49,"ACKR1_endothelial","KLHDC2"
1.29742164142505e-44,0.493638923961958,0.664,0.446,3.17933173231209e-40,"ACKR1_endothelial","NDUFS8"
1.4870630197107e-47,0.492788458015835,0.703,0.49,3.64404792980108e-43,"ACKR1_endothelial","VKORC1"
1.47004396834923e-48,0.491605023223671,0.405,0.222,3.60234274443978e-44,"ACKR1_endothelial","WDR45"
9.78767532564325e-46,0.490802648227374,0.268,0.131,2.39846983854888e-41,"ACKR1_endothelial","SNRNP25"
1.7832424211028e-23,0.490557933487521,0.475,0.335,4.3698355529124e-19,"ACKR1_endothelial","SMTN"
4.78129996870502e-48,0.490380921447123,0.457,0.267,1.17165755733117e-43,"ACKR1_endothelial","ARHGAP21"
3.14348357342399e-48,0.48924147379138,0.315,0.16,7.70310649667549e-44,"ACKR1_endothelial","MIR99AHG"
3.08749605835861e-45,0.488828274311561,0.376,0.206,7.56590909100776e-41,"ACKR1_endothelial","ATP6V1D"
1.1059513391447e-68,0.488302779630448,0.915,0.807,2.71013375657408e-64,"ACKR1_endothelial","ALDOA"
1.06817156045852e-52,0.486689809872962,0.556,0.337,2.6175544089036e-48,"ACKR1_endothelial","ARL1"
4.35095368817742e-49,0.486595657239652,0.52,0.31,1.06620120128788e-44,"ACKR1_endothelial","HYI"
6.9779874078805e-56,0.486368868073216,0.374,0.192,1.70995581430112e-51,"ACKR1_endothelial","MAP7D3"
9.78257504378256e-49,0.486317387758475,0.818,0.65,2.39722001447892e-44,"ACKR1_endothelial","TCEAL4"
3.55057150530648e-73,0.485577327884583,0.877,0.758,8.70067547375352e-69,"ACKR1_endothelial","SQSTM1"
1.48844299309612e-44,0.485329980492567,0.314,0.162,3.64742955458203e-40,"ACKR1_endothelial","FASTK"
1.17535138445011e-38,0.485008319869555,0.311,0.169,2.88019856759499e-34,"ACKR1_endothelial","ITGAE"
8.72560390567778e-45,0.484658258514009,0.251,0.121,2.13820923708634e-40,"ACKR1_endothelial","TIMM44"
6.54454188319727e-37,0.48459284546815,0.289,0.157,1.60373998847749e-32,"ACKR1_endothelial","AMOTL2"
1.39333436814532e-52,0.48432645484413,0.541,0.321,3.41436586914012e-48,"ACKR1_endothelial","SAV1"
1.01229271534847e-54,0.484303640557924,0.634,0.399,2.48062329896143e-50,"ACKR1_endothelial","PDLIM2"
4.3685928984765e-37,0.483085272511742,0.253,0.131,1.07052368977167e-32,"ACKR1_endothelial","POLE3"
1.05329923703741e-38,0.482591865542926,0.617,0.423,2.58110978036016e-34,"ACKR1_endothelial","ARF4"
9.17618781130991e-41,0.481076053994112,0.66,0.448,2.24862482316149e-36,"ACKR1_endothelial","HIGD2A"
6.78482409198531e-49,0.48062804228263,0.396,0.217,1.662621143741e-44,"ACKR1_endothelial","CKAP4"
3.84569707007682e-49,0.480134940139874,0.263,0.124,9.42388067022324e-45,"ACKR1_endothelial","TLE2"
1.87226198146614e-37,0.480058208325877,0.345,0.193,4.58797798558278e-33,"ACKR1_endothelial","NAE1"
1.93739760838427e-44,0.479095279493289,0.467,0.275,4.74759283934565e-40,"ACKR1_endothelial","NPTN"
1.9938264416739e-77,0.478417439863835,0.897,0.805,4.88587169532189e-73,"ACKR1_endothelial","ARL6IP5"
7.37372795550243e-48,0.478301639150681,0.634,0.414,1.80693203549587e-43,"ACKR1_endothelial","FERMT2"
1.68061455664095e-46,0.478070491972162,0.607,0.385,4.11834597104866e-42,"ACKR1_endothelial","COX14"
2.30800019397321e-46,0.477742497424728,0.554,0.337,5.65575447533135e-42,"ACKR1_endothelial","MRPL34"
2.04805291650621e-40,0.477569717098811,0.486,0.295,5.01875367189847e-36,"ACKR1_endothelial","EMD"
6.14486004952823e-73,0.477484328744358,0.41,0.203,1.50579795513689e-68,"ACKR1_endothelial","CRIP1"
5.53978915341578e-34,0.477009765977515,0.37,0.219,1.35752533204454e-29,"ACKR1_endothelial","METRN"
4.55026984206121e-104,0.475600698417551,0.921,0.864,1.1150436247971e-99,"ACKR1_endothelial","SKP1"
3.5273334863675e-31,0.475328428865939,0.285,0.161,8.64373070834356e-27,"ACKR1_endothelial","DRG1"
2.42409494954397e-58,0.475060370453665,0.85,0.681,5.94024467385749e-54,"ACKR1_endothelial","PMP22"
6.08843959812647e-46,0.474399024502984,0.272,0.134,1.49197212352089e-41,"ACKR1_endothelial","CITED4"
8.46119674443667e-41,0.473810891431127,0.398,0.231,2.07341626222421e-36,"ACKR1_endothelial","MYL6B"
4.68158392346907e-43,0.473774783594982,0.42,0.241,1.1472221404461e-38,"ACKR1_endothelial","JAGN1"
1.67203038051818e-49,0.473287934259673,0.669,0.439,4.09731044745979e-45,"ACKR1_endothelial","COPS6"
8.11676725037119e-30,0.473240815252344,0.474,0.311,1.98901381470346e-25,"ACKR1_endothelial","GABARAP"
5.96980487287755e-53,0.472924479354337,0.493,0.28,1.46290068409864e-48,"ACKR1_endothelial","CHID1"
8.23800858312681e-31,0.472621760734953,0.25,0.137,2.01872400329522e-26,"ACKR1_endothelial","LDOC1"
3.38352793570121e-45,0.471575836034097,0.464,0.27,8.2913352064358e-41,"ACKR1_endothelial","PDLIM4"
2.69583318934024e-41,0.471266027525598,0.267,0.136,6.60613923047826e-37,"ACKR1_endothelial","CIZ1"
2.77836355692177e-55,0.47041793964253,0.828,0.651,6.8083798962368e-51,"ACKR1_endothelial","CSTB"
1.41381540906753e-60,0.468368959994932,0.909,0.855,3.46455465991999e-56,"ACKR1_endothelial","NDUFA4"
5.76485944966384e-50,0.468212894381168,0.576,0.354,1.41267880814012e-45,"ACKR1_endothelial","AHCYL1"
2.08680314964065e-46,0.468006874450551,0.33,0.171,5.11371111819442e-42,"ACKR1_endothelial","TMEM263"
1.59410620316118e-41,0.46642915301637,0.462,0.274,3.90635725084648e-37,"ACKR1_endothelial","ZNF358"
9.77089141513774e-53,0.465249385155519,0.826,0.662,2.3943569412795e-48,"ACKR1_endothelial","NDUFB7"
6.18184316061738e-44,0.465122030197333,0.675,0.468,1.51486066650929e-39,"ACKR1_endothelial","RBMS1"
4.4708204169571e-37,0.464442155814767,0.257,0.133,1.09557454317534e-32,"ACKR1_endothelial","ZNF688"
1.12681889207675e-52,0.464312967713087,0.379,0.198,2.76126969503407e-48,"ACKR1_endothelial","SMAP1"
3.68484624352007e-86,0.462176531282204,0.977,0.992,9.02971571974593e-82,"ACKR1_endothelial","MT-CYB"
3.41065585754692e-40,0.461734511819126,0.329,0.177,8.35781217891873e-36,"ACKR1_endothelial","PDZD11"
1.37096861479482e-48,0.461066389787102,0.486,0.28,3.35955859055471e-44,"ACKR1_endothelial","FAM50A"
3.44892913622247e-48,0.460599416108496,0.526,0.311,8.45160084831317e-44,"ACKR1_endothelial","MRPL40"
6.12945690494243e-33,0.460277332148903,0.292,0.163,1.50202341455614e-28,"ACKR1_endothelial","CCDC92"
6.70458295926544e-69,0.459507553954962,0.996,0.984,1.642958054168e-64,"ACKR1_endothelial","ACTB"
2.20956357893375e-42,0.458930932602521,0.331,0.178,5.41453555017714e-38,"ACKR1_endothelial","JAM3"
4.42330099691126e-51,0.458571492386986,0.776,0.578,1.0839299092931e-46,"ACKR1_endothelial","ESD"
2.9962507561746e-30,0.458143478209531,0.576,0.402,7.34231247800587e-26,"ACKR1_endothelial","WDR1"
6.23177772184474e-23,0.45814118641438,0.286,0.179,1.52709713073805e-18,"ACKR1_endothelial","PAWR"
3.87865510072131e-43,0.457969155725878,0.742,0.556,9.50464432431758e-39,"ACKR1_endothelial","CTSD"
1.64420284348603e-47,0.457680146068951,0.797,0.624,4.0291190679625e-43,"ACKR1_endothelial","PPDPF"
1.81688552733003e-41,0.456946124334769,0.256,0.128,4.45227798472223e-37,"ACKR1_endothelial","NR2F2-AS1"
9.23791269535807e-47,0.456601517414789,0.416,0.235,2.26375050599749e-42,"ACKR1_endothelial","POLR2J3"
1.37566948396776e-41,0.455414230378259,0.32,0.171,3.37107807046299e-37,"ACKR1_endothelial","ABCA5"
1.35454674187614e-40,0.455332559853955,0.424,0.247,3.31931679096749e-36,"ACKR1_endothelial","PSMC2"
7.52261410625124e-37,0.454039959631742,0.574,0.379,1.84341658673687e-32,"ACKR1_endothelial","TCEAL3"
5.14447803833989e-44,0.453481129953737,0.564,0.354,1.26065434329519e-39,"ACKR1_endothelial","BAD"
1.15319830123703e-41,0.453276163004734,0.752,0.55,2.82591243718135e-37,"ACKR1_endothelial","PSMB6"
1.09937139423871e-36,0.453274818764057,0.404,0.24,2.69400960158197e-32,"ACKR1_endothelial","NDUFV3"
6.1491744134181e-42,0.452271399839052,0.366,0.204,1.50685519000811e-37,"ACKR1_endothelial","RUFY3"
2.10902739427042e-56,0.452025027216085,0.95,0.952,5.16817162965966e-52,"ACKR1_endothelial","MT-ATP6"
1.38048663532077e-40,0.451885459265876,0.436,0.256,3.38288249985356e-36,"ACKR1_endothelial","FKBP10"
4.44990761687342e-44,0.451383893109561,0.403,0.225,1.09044986151483e-39,"ACKR1_endothelial","UBE2V2"
1.04657153816823e-51,0.45136127312493,0.569,0.344,2.56462355428125e-47,"ACKR1_endothelial","GBP2"
2.42359703331398e-54,0.451220669290735,0.959,0.98,5.93902453013591e-50,"ACKR1_endothelial","MT-ND3"
6.52822839388394e-52,0.450554108115591,0.446,0.252,1.59974236792126e-47,"ACKR1_endothelial","ELN"
2.7567786237792e-38,0.45048238173988,0.269,0.141,6.75548601757094e-34,"ACKR1_endothelial","SPAG16"
2.33348208570339e-42,0.450185305563209,0.282,0.144,5.71819785101614e-38,"ACKR1_endothelial","DSEL"
5.04122679776747e-42,0.44996902548491,0.548,0.345,1.23535262679292e-37,"ACKR1_endothelial","GABARAPL1"
1.03482387966592e-43,0.44969463966663,0.666,0.448,2.53583591712135e-39,"ACKR1_endothelial","CIB1"
1.85334393463403e-56,0.449537967544884,0.846,0.703,4.54161931182069e-52,"ACKR1_endothelial","ATP6V0E1"
8.21249771506597e-35,0.44783051690147,0.313,0.174,2.01247256507692e-30,"ACKR1_endothelial","MRPL10"
1.02799512979299e-54,0.447669078071866,0.447,0.244,2.51910206555772e-50,"ACKR1_endothelial","HIC1"
1.37576752022373e-44,0.447577744750566,0.339,0.179,3.37131830830826e-40,"ACKR1_endothelial","DERL2"
2.32452187522237e-44,0.447407492387838,0.544,0.335,5.69624085523241e-40,"ACKR1_endothelial","EVA1B"
2.30157273014072e-41,0.447395922100692,0.297,0.155,5.64000397520984e-37,"ACKR1_endothelial","P4HA1"
4.9480523980032e-72,0.447086353930265,0.918,0.833,1.21252024013068e-67,"ACKR1_endothelial","MGST3"
1.17998470368975e-31,0.446466915107014,0.581,0.397,2.89155251639173e-27,"ACKR1_endothelial","GOLIM4"
2.0832597559994e-35,0.446074150776111,0.33,0.187,5.10502803207653e-31,"ACKR1_endothelial","POLD2"
1.72919423242089e-54,0.445699804098503,0.413,0.219,4.23739046654739e-50,"ACKR1_endothelial","ARHGAP6"
1.73854298784311e-61,0.445601427651392,0.861,0.699,4.26029959170954e-57,"ACKR1_endothelial","RTN4"
6.76419698112381e-43,0.444638132311669,0.519,0.316,1.65756647022439e-38,"ACKR1_endothelial","TIMM13"
2.15028452739135e-40,0.442481402647109,0.52,0.319,5.26927223437249e-36,"ACKR1_endothelial","DEGS1"
2.57207510319807e-41,0.442361391104269,0.463,0.283,6.30287004038687e-37,"ACKR1_endothelial","ACKR3"
1.8170582808045e-37,0.442234485883082,0.267,0.139,4.45270131711143e-33,"ACKR1_endothelial","TAPBPL"
2.64700856088245e-26,0.441585982753287,0.707,0.557,6.48649447844245e-22,"ACKR1_endothelial","TLN1"
2.30969443158045e-29,0.441153676781924,0.255,0.142,5.6599062045879e-25,"ACKR1_endothelial","ATP6V1H"
7.78277195953206e-61,0.441106991084907,0.86,0.725,1.90716826868333e-56,"ACKR1_endothelial","PARK7"
3.46060585396966e-30,0.439958333847438,0.272,0.153,8.48021464515266e-26,"ACKR1_endothelial","SCNM1"
9.05368115153667e-50,0.439625957098902,0.419,0.228,2.21860456618406e-45,"ACKR1_endothelial","AZI2"
1.30023821609845e-45,0.439507083756135,0.343,0.181,3.18623374854925e-41,"ACKR1_endothelial","DNASE2"
2.36549256227855e-41,0.439259265463138,0.42,0.245,5.7966395238636e-37,"ACKR1_endothelial","FNDC3B"
1.11215819445092e-42,0.438640589417568,0.368,0.203,2.72534365550198e-38,"ACKR1_endothelial","C7orf55"
1.27888353471439e-46,0.438230729002096,0.457,0.261,3.1339041018176e-42,"ACKR1_endothelial","PIH1D1"
3.49021099552197e-31,0.436455869643547,0.274,0.155,8.55276204452658e-27,"ACKR1_endothelial","ARHGAP18"
6.21220654058589e-32,0.436031674699147,0.26,0.142,1.52230121277057e-27,"ACKR1_endothelial","TMEM91"
2.54372136590726e-46,0.436016291997006,0.271,0.132,6.23338920715573e-42,"ACKR1_endothelial","CRTC3"
2.71058044707175e-43,0.435766241115783,0.362,0.198,6.64227738554932e-39,"ACKR1_endothelial","CBY1"
1.00304686619619e-48,0.435456227853217,0.31,0.155,2.45796634561377e-44,"ACKR1_endothelial","CRELD2"
3.2881826124944e-52,0.435320193434884,0.865,0.73,8.05769149191753e-48,"ACKR1_endothelial","NDUFS5"
1.05754538073002e-49,0.435314861095811,0.402,0.217,2.5915149554789e-45,"ACKR1_endothelial","COMMD3"
1.20401041611276e-37,0.435176597189804,0.596,0.396,2.95042752468432e-33,"ACKR1_endothelial","DCTN2"
1.49264255055592e-41,0.434836321310533,0.765,0.59,3.65772057013729e-37,"ACKR1_endothelial","FKBP8"
6.09689887473719e-25,0.434606920641931,0.251,0.147,1.49404506925435e-20,"ACKR1_endothelial","DAPK3"
2.53418267727873e-37,0.433270594044422,0.622,0.419,6.21001465067152e-33,"ACKR1_endothelial","DPP7"
6.0545179213116e-35,0.43294888184504,0.779,0.616,1.48365961661741e-30,"ACKR1_endothelial","NDUFA13"
1.89074839834409e-38,0.432080871889852,0.425,0.248,4.6332789501422e-34,"ACKR1_endothelial","UROD"
4.85305308900399e-40,0.431928805359549,0.506,0.317,1.18924065946043e-35,"ACKR1_endothelial","IFI27L2"
3.95893329644474e-56,0.431738654983379,0.843,0.683,9.70136604293784e-52,"ACKR1_endothelial","PRDX5"
1.82045346119024e-38,0.431699143769796,0.416,0.244,4.46102120664669e-34,"ACKR1_endothelial","MRPL36"
1.3889691494802e-38,0.43164868456535,0.599,0.394,3.40366890080122e-34,"ACKR1_endothelial","RER1"
6.30070320849838e-37,0.429371901607609,0.479,0.293,1.54398732124253e-32,"ACKR1_endothelial","PTOV1"
9.87848058511409e-44,0.427734817067328,0.548,0.335,2.42072166738221e-39,"ACKR1_endothelial","MRPL18"
1.18218693715732e-35,0.427723857394843,0.448,0.276,2.89694908950401e-31,"ACKR1_endothelial","TAX1BP3"
2.65688657172989e-30,0.427615112770853,0.342,0.203,6.5107005440241e-26,"ACKR1_endothelial","GYG1"
9.34023591518892e-40,0.42687296714054,0.436,0.257,2.28882481101704e-35,"ACKR1_endothelial","TMEM159"
1.91061806046406e-35,0.42657378422562,0.281,0.152,4.68196955716718e-31,"ACKR1_endothelial","IFT52"
1.2292209068517e-38,0.426339916807205,0.385,0.221,3.0122058322401e-34,"ACKR1_endothelial","PHYH"
2.74027888856165e-34,0.425971570810878,0.618,0.414,6.71505341642033e-30,"ACKR1_endothelial","POLR2F"
8.43005414497517e-37,0.425950402240875,0.427,0.254,2.06578476822616e-32,"ACKR1_endothelial","ATXN10"
7.40188030750353e-34,0.425671321761905,0.306,0.172,1.81383076935374e-29,"ACKR1_endothelial","TMEM14A"
3.37821279755452e-37,0.425267429216948,0.691,0.486,8.27831046040735e-33,"ACKR1_endothelial","COPE"
2.3852629048971e-32,0.424396678603863,0.759,0.6,5.84508674845035e-28,"ACKR1_endothelial","SH3BGRL"
2.80459825531798e-37,0.422785957957696,0.334,0.185,6.87266802465671e-33,"ACKR1_endothelial","MED21"
7.56518757164221e-26,0.422019077474387,0.269,0.158,1.85384921443092e-21,"ACKR1_endothelial","PSMD9"
1.32169412748522e-40,0.421978680592078,0.29,0.152,3.23881145940254e-36,"ACKR1_endothelial","ILF3-AS1"
1.25763891378902e-27,0.421629178732921,0.255,0.144,3.08184415823999e-23,"ACKR1_endothelial","DEF8"
3.14480109215176e-37,0.421291925652392,0.643,0.433,7.70633507631789e-33,"ACKR1_endothelial","PNKD"
4.07193301057838e-41,0.420742718322444,0.749,0.563,9.97827184242233e-37,"ACKR1_endothelial","MTCH1"
1.89829474963842e-33,0.420631615605316,0.469,0.294,4.65177128398895e-29,"ACKR1_endothelial","FBXW5"
1.08735464343059e-36,0.420236353476436,0.313,0.171,2.66456255372666e-32,"ACKR1_endothelial","TIMM17B"
1.33878584869282e-43,0.420003164176752,0.376,0.206,3.28069472222174e-39,"ACKR1_endothelial","TMEM203"
9.39619043162749e-40,0.419135022169416,0.357,0.199,2.30253646527032e-35,"ACKR1_endothelial","SSBP3"
3.76412840031117e-49,0.418662949632213,0.392,0.211,9.22399664496252e-45,"ACKR1_endothelial","COL15A1"
4.69896297419686e-41,0.41853322326369,0.457,0.268,1.15148087682694e-36,"ACKR1_endothelial","CYHR1"
3.23013618616003e-39,0.418058075650804,0.697,0.48,7.91544872418515e-35,"ACKR1_endothelial","DCTN3"
3.29275931565994e-39,0.417617864857726,0.356,0.199,8.06890670302468e-35,"ACKR1_endothelial","VPS25"
4.80299555273927e-28,0.417238539108781,0.299,0.176,1.17697406019876e-23,"ACKR1_endothelial","DUSP3"
6.26790335453435e-32,0.416803766121094,0.501,0.321,1.53594971702864e-27,"ACKR1_endothelial","SRM"
1.64532775127772e-38,0.416614485922479,0.577,0.377,4.03187565450605e-34,"ACKR1_endothelial","SNX9"
6.95021335068188e-37,0.416564206857714,0.423,0.254,1.7031497815846e-32,"ACKR1_endothelial","MANF"
3.42950204866774e-36,0.416480823003243,0.579,0.38,8.4039947702603e-32,"ACKR1_endothelial","NDUFA6"
1.13729422061149e-27,0.416449325555038,0.345,0.212,2.78693948760845e-23,"ACKR1_endothelial","TYMP"
2.72148325910211e-31,0.416266515173487,0.363,0.217,6.66899472642972e-27,"ACKR1_endothelial","MRPS23"
4.98265492680546e-41,0.416153748020128,0.599,0.384,1.22099958981368e-36,"ACKR1_endothelial","ACADVL"
1.98735078749328e-35,0.415979594369653,0.34,0.194,4.87000310475228e-31,"ACKR1_endothelial","UBXN6"
1.23592885064714e-66,0.415697225184468,0.907,0.812,3.02864364851082e-62,"ACKR1_endothelial","SEPT7"
8.17289474576094e-74,0.415637308496208,0.921,0.864,2.00276785744872e-69,"ACKR1_endothelial","PSAP"
7.08706121198131e-34,0.415431770503824,0.324,0.185,1.73668434999602e-29,"ACKR1_endothelial","PKD1"
8.26311448372361e-40,0.414711618771574,0.526,0.324,2.02487620423647e-35,"ACKR1_endothelial","TXNL1"
1.50790641865441e-40,0.414681452973407,0.622,0.404,3.69512467891263e-36,"ACKR1_endothelial","C1orf123"
2.26799195870242e-41,0.413871906263651,0.403,0.232,5.55771429480027e-37,"ACKR1_endothelial","PTGIS"
9.89036663103446e-33,0.41338923541832,0.351,0.207,2.42363434293499e-28,"ACKR1_endothelial","GIPC1"
2.35343443313733e-35,0.412775525782793,0.278,0.15,5.76709107840303e-31,"ACKR1_endothelial","KCTD3"
1.920437590135e-38,0.412683858380045,0.484,0.295,4.70603231462582e-34,"ACKR1_endothelial","C17orf89"
4.34720292638293e-39,0.412359292094413,0.632,0.417,1.06528207711014e-34,"ACKR1_endothelial","MRPL41"
7.89182304974839e-37,0.411262261964227,0.255,0.132,1.93389123834084e-32,"ACKR1_endothelial","KATNA1"
6.77799196384869e-44,0.410459852371676,0.807,0.639,1.66094693074112e-39,"ACKR1_endothelial","BSG"
1.08072920476256e-39,0.410017037758141,0.649,0.43,2.64832691627066e-35,"ACKR1_endothelial","PSMC3"
1.29339604043458e-30,0.409966999539715,0.322,0.188,3.16946699708494e-26,"ACKR1_endothelial","ZBTB8OS"
4.55266559006212e-37,0.409563344988524,0.281,0.15,1.11563070284472e-32,"ACKR1_endothelial","TMEM54"
2.84861402030768e-43,0.408766175847776,0.564,0.349,6.98052865676398e-39,"ACKR1_endothelial","GTF2H5"
7.06662201601069e-38,0.408257197466006,0.735,0.54,1.73167572502342e-33,"ACKR1_endothelial","YWHAQ"
2.01345950310134e-41,0.407604786193336,0.575,0.365,4.93398251234984e-37,"ACKR1_endothelial","AIP"
2.44700423035002e-49,0.407087521153017,0.832,0.682,5.99638386647272e-45,"ACKR1_endothelial","ISCU"
1.5187223815539e-37,0.406158405880795,0.656,0.445,3.72162919599782e-33,"ACKR1_endothelial","NDUFS7"
2.06808926811073e-39,0.405759364978376,0.309,0.166,5.06785275150535e-35,"ACKR1_endothelial","AGL"
3.62569626796987e-38,0.404815548778175,0.501,0.31,8.88476870466016e-34,"ACKR1_endothelial","FAM127B"
8.94492026667808e-30,0.403590511444933,0.304,0.176,2.19195271134946e-25,"ACKR1_endothelial","UROS"
2.10710931688488e-33,0.40322847559345,0.69,0.496,5.16347138102639e-29,"ACKR1_endothelial","PTP4A2"
3.42130094112622e-35,0.402727936721313,0.257,0.135,8.38389795622979e-31,"ACKR1_endothelial","GSTA4"
2.22386669293933e-32,0.402525179396975,0.523,0.34,5.44958533104784e-28,"ACKR1_endothelial","C7orf50"
1.02732851433444e-36,0.402362271667895,0.405,0.237,2.51746852437653e-32,"ACKR1_endothelial","SPIN1"
2.23126545681044e-41,0.401262231412074,0.357,0.197,5.46771600191398e-37,"ACKR1_endothelial","H6PD"
9.78279547295701e-33,0.400008307915519,0.26,0.141,2.39727403064812e-28,"ACKR1_endothelial","WDR6"
7.93409789507541e-36,0.399969779294624,0.41,0.244,1.94425068918823e-31,"ACKR1_endothelial","ERGIC1"
1.06297945551067e-37,0.399512357441304,0.388,0.223,2.60483115572891e-33,"ACKR1_endothelial","SFT2D1"
1.14554408659137e-37,0.399506124659208,0.553,0.352,2.80715578419214e-33,"ACKR1_endothelial","CASC4"
4.9707167398866e-35,0.399455819187905,0.533,0.344,1.21807413710921e-30,"ACKR1_endothelial","LAMP2"
4.25068062293468e-26,0.398716928909327,0.435,0.284,1.04162928665014e-21,"ACKR1_endothelial","SLC29A1"
8.29554080537416e-37,0.398568174257532,0.379,0.22,2.03282227435694e-32,"ACKR1_endothelial","KRCC1"
1.09407003598212e-40,0.398503764289953,0.358,0.199,2.68101862317418e-36,"ACKR1_endothelial","SH3PXD2A"
6.14973098192189e-36,0.39831801312152,0.383,0.223,1.50699157711996e-31,"ACKR1_endothelial","ZNF32"
5.63647635972088e-33,0.397685553222356,0.288,0.16,1.3812185319496e-28,"ACKR1_endothelial","KLHDC3"
3.34412024191125e-34,0.397456334109129,0.28,0.153,8.19476665280351e-30,"ACKR1_endothelial","CDC37L1"
5.31346834006915e-33,0.396869480253941,0.616,0.418,1.30206541673394e-28,"ACKR1_endothelial","TALDO1"
5.84546413011898e-36,0.395548836806968,0.508,0.316,1.43243098508566e-31,"ACKR1_endothelial","TRAPPC2L"
5.56815051472033e-30,0.395383554073041,0.586,0.401,1.36447528363222e-25,"ACKR1_endothelial","CYC1"
2.59788601940105e-31,0.395259392628472,0.387,0.235,6.36611969054228e-27,"ACKR1_endothelial","SVBP"
4.377202900268e-36,0.394975888724502,0.471,0.286,1.07263357071067e-31,"ACKR1_endothelial","PPP1R7"
1.39091281203384e-40,0.394866912748151,0.326,0.175,3.40843184588891e-36,"ACKR1_endothelial","MUM1"
9.9875158838439e-34,0.394799802875521,0.437,0.266,2.44744076733595e-29,"ACKR1_endothelial","ERCC1"
9.80433515000186e-44,0.394129422661307,0.58,0.367,2.40255232850795e-39,"ACKR1_endothelial","RBPJ"
6.42540763259614e-31,0.394040661826557,0.779,0.593,1.57454614036768e-26,"ACKR1_endothelial","PPP1CB"
4.29570425860613e-35,0.392928989523625,0.29,0.158,1.05266232857143e-30,"ACKR1_endothelial","CHST7"
1.34152386932763e-31,0.391532483197052,0.311,0.179,3.28740424178736e-27,"ACKR1_endothelial","FAM3A"
1.06377435934625e-31,0.391443487758764,0.289,0.163,2.60677906757798e-27,"ACKR1_endothelial","PIGC"
3.092311344779e-37,0.391334102742866,0.566,0.366,7.57770895038094e-33,"ACKR1_endothelial","HDLBP"
4.26442015383111e-27,0.391305197769221,0.309,0.182,1.04499615869631e-22,"ACKR1_endothelial","PTPMT1"
1.06732036313096e-34,0.39123029125066,0.609,0.412,2.61546854985242e-30,"ACKR1_endothelial","PGLS"
1.2535634591361e-34,0.391110164962169,0.474,0.293,3.07185725661301e-30,"ACKR1_endothelial","MFF"
9.1133101303775e-34,0.39024572679804,0.494,0.309,2.23321664744901e-29,"ACKR1_endothelial","CDK4"
2.44493134432673e-35,0.389941564141693,0.601,0.404,5.99130425927266e-31,"ACKR1_endothelial","CALU"
1.0213548525203e-31,0.389936230568621,0.688,0.511,2.50283006610099e-27,"ACKR1_endothelial","ATP2B1"
6.18951180396462e-29,0.389921592656946,0.268,0.151,1.51673986756153e-24,"ACKR1_endothelial","SMAD3"
2.32161271464688e-44,0.389858850651764,0.834,0.645,5.68911195724217e-40,"ACKR1_endothelial","ARID5B"
1.0087371817195e-97,0.38952246837205,0.973,0.885,2.47191046380362e-93,"ACKR1_endothelial","JUN"
8.04397781106566e-38,0.389310045284338,0.56,0.355,1.97117676260164e-33,"ACKR1_endothelial","SLC2A4RG"
6.70751364691061e-34,0.387372279922365,0.332,0.189,1.64367621917545e-29,"ACKR1_endothelial","PARL"
8.97947227768646e-29,0.386955572504932,0.433,0.276,2.20041968164707e-24,"ACKR1_endothelial","TUBA1C"
4.78885651073747e-30,0.386721609230904,0.564,0.386,1.17350928795622e-25,"ACKR1_endothelial","PPIC"
4.66201389284775e-36,0.385997476189785,0.454,0.274,1.14242650444234e-31,"ACKR1_endothelial","COMMD1"
1.284627550002e-34,0.385806722233157,0.692,0.489,3.1479798112799e-30,"ACKR1_endothelial","NDFIP1"
6.46279228671711e-29,0.385269549625284,0.259,0.146,1.58370724986003e-24,"ACKR1_endothelial","ATXN1"
1.11820511892038e-35,0.384772683689765,0.718,0.52,2.74016164391439e-31,"ACKR1_endothelial","ANAPC11"
2.18708875973851e-41,0.383779754537647,0.327,0.174,5.35946100573921e-37,"ACKR1_endothelial","NR2F6"
4.48734455861889e-41,0.383336177103317,0.316,0.167,1.09962378408956e-36,"ACKR1_endothelial","ABTB1"
1.64219669829437e-33,0.383243329820925,0.301,0.167,4.02420300917036e-29,"ACKR1_endothelial","SMARCB1"
1.05755326386113e-35,0.383120755206535,0.387,0.226,2.5915342730917e-31,"ACKR1_endothelial","MRPL24"
1.1419031242947e-36,0.382662902257753,0.652,0.443,2.79823360608417e-32,"ACKR1_endothelial","UBE2I"
7.43215587552797e-33,0.382623173766086,0.566,0.371,1.82124979729813e-28,"ACKR1_endothelial","SPG20"
3.65987776249279e-67,0.382534003082521,0.925,0.864,8.96853045698859e-63,"ACKR1_endothelial","CHCHD2"
2.26130849522699e-31,0.382156809818514,0.263,0.144,5.54133646755373e-27,"ACKR1_endothelial","TRAPPC12"
6.22978940099864e-28,0.381765577966786,0.331,0.199,1.52660989271472e-23,"ACKR1_endothelial","DBN1"
1.12447588526229e-37,0.38137224239903,0.469,0.282,2.75552815683524e-33,"ACKR1_endothelial","YAP1"
2.06139683094661e-36,0.381126397728211,0.345,0.193,5.05145293423466e-32,"ACKR1_endothelial","TMEM115"
2.75003725457616e-35,0.380360665929707,0.421,0.25,6.73896629233888e-31,"ACKR1_endothelial","MALSU1"
5.13919311782088e-37,0.380216644986179,0.453,0.271,1.25935927352201e-32,"ACKR1_endothelial","PMVK"
2.29586243532366e-32,0.378869523196612,0.371,0.221,5.62601089776063e-28,"ACKR1_endothelial","SEC23A"
4.07401196197233e-17,0.378411533098405,0.396,0.278,9.98336631281318e-13,"ACKR1_endothelial","F2R"
7.60017533052176e-49,0.378352628852178,0.862,0.753,1.86242296474436e-44,"ACKR1_endothelial","NPC2"
1.19559496108425e-28,0.377956599473181,0.36,0.219,2.92980545213695e-24,"ACKR1_endothelial","ERI3"
3.85654646532815e-34,0.37737841497627,0.272,0.146,9.45046711328664e-30,"ACKR1_endothelial","UBXN2A"
3.41066852832921e-98,0.375819571651002,0.951,0.921,8.35784322867074e-94,"ACKR1_endothelial","EID1"
5.10812424097422e-31,0.374953344649263,0.293,0.166,1.25174584525073e-26,"ACKR1_endothelial","FAM8A1"
7.98213154875435e-40,0.37490430686464,0.938,0.954,1.95602133602225e-35,"ACKR1_endothelial","MT-ND1"
1.10208994234602e-32,0.374833943813899,0.552,0.369,2.70067140371891e-28,"ACKR1_endothelial","MAN1A1"
1.00903604841217e-35,0.374450863342795,0.824,0.665,2.47264283663402e-31,"ACKR1_endothelial","SEC61B"
7.27978341108446e-35,0.37395506808997,0.543,0.347,1.78391092488625e-30,"ACKR1_endothelial","SNF8"
3.79210887953094e-29,0.373624144636657,0.283,0.162,9.29256280929056e-25,"ACKR1_endothelial","TOLLIP"
9.42062179070915e-29,0.373473724641115,0.433,0.274,2.30852336981328e-24,"ACKR1_endothelial","RTCB"
5.75537277843745e-34,0.372994708976747,0.395,0.238,1.4103540993561e-29,"ACKR1_endothelial","OSBPL9"
4.25168242513399e-69,0.372944331642163,0.94,0.898,1.04187477827908e-64,"ACKR1_endothelial","UBB"
1.30359222535139e-41,0.371841402533114,0.52,0.314,3.19445274822357e-37,"ACKR1_endothelial","TMED4"
2.74654067942075e-45,0.371724214238075,0.299,0.151,6.73039793492054e-41,"ACKR1_endothelial","PLA2G12A"
5.77251432532462e-35,0.371329162012675,0.554,0.363,1.4145546354208e-30,"ACKR1_endothelial","CELF2"
1.04116470583333e-45,0.371193799050743,0.425,0.235,2.55137411164458e-41,"ACKR1_endothelial","ETFA"
9.70504211283834e-27,0.371006934937408,0.253,0.144,2.37822056975103e-22,"ACKR1_endothelial","MBIP"
2.96630759095838e-35,0.37091542287216,0.326,0.183,7.26893675164352e-31,"ACKR1_endothelial","POP5"
7.46798797139567e-42,0.370313122925867,0.603,0.384,1.83003045239051e-37,"ACKR1_endothelial","DPYSL3"
1.39896892817265e-29,0.370001183680311,0.749,0.572,3.42817335848708e-25,"ACKR1_endothelial","HSPA1A"
4.10951992633938e-30,0.369544497033751,0.541,0.356,1.00703785794947e-25,"ACKR1_endothelial","MMP24-AS1"
5.4054543277469e-36,0.368939098601091,0.619,0.413,1.32460658301438e-31,"ACKR1_endothelial","WBP5"
4.23482614524681e-31,0.368249501310183,0.742,0.558,1.03774414689273e-26,"ACKR1_endothelial","REEP5"
7.16404713162411e-33,0.368119178906298,0.262,0.143,1.75554974960449e-28,"ACKR1_endothelial","FAM217B"
4.84824715663521e-35,0.367525300639741,0.391,0.231,1.18806296573346e-30,"ACKR1_endothelial","GBAS"
5.29195529994729e-30,0.367093017425733,0.722,0.534,1.29679364625208e-25,"ACKR1_endothelial","CUTA"
1.47915596262191e-28,0.367019241142989,0.287,0.165,3.62467168640499e-24,"ACKR1_endothelial","BBIP1"
2.3996269195431e-34,0.366804121949432,0.797,0.62,5.88028576634037e-30,"ACKR1_endothelial","LDHB"
1.04903911938873e-31,0.366011541627879,0.562,0.371,2.57067036206208e-27,"ACKR1_endothelial","IMPDH2"
1.21042953207674e-28,0.365653988043071,0.42,0.264,2.96615756835405e-24,"ACKR1_endothelial","BABAM1"
2.46802798625067e-26,0.36482937155441,0.438,0.282,6.04790258030727e-22,"ACKR1_endothelial","COPS8"
5.87732674016291e-37,0.363921065296015,0.374,0.214,1.44023891767692e-32,"ACKR1_endothelial","MRPL13"
2.21551478321998e-39,0.363795567548107,0.828,0.674,5.42911897628057e-35,"ACKR1_endothelial","PRDX2"
1.44583524884643e-33,0.363480621842643,0.25,0.132,3.54301927729817e-29,"ACKR1_endothelial","COQ9"
4.74039441562495e-29,0.362572181013809,0.694,0.51,1.16163365154889e-24,"ACKR1_endothelial","ETFB"
3.39705046971889e-48,0.361810102255639,0.964,0.983,8.32447217604615e-44,"ACKR1_endothelial","MT-ND4"
5.55280751807372e-37,0.361618238643755,0.387,0.225,1.36071548230396e-32,"ACKR1_endothelial","CALCOCO1"
1.00490561142767e-36,0.360990828299757,0.357,0.202,2.46252120080352e-32,"ACKR1_endothelial","AK6"
1.48523595431397e-40,0.360722662551499,0.501,0.298,3.63957070604638e-36,"ACKR1_endothelial","HSD17B10"
9.00855923901266e-35,0.360525094920864,0.282,0.152,2.20754744152005e-30,"ACKR1_endothelial","ING4"
1.35052859412279e-56,0.360349263436635,0.946,0.89,3.30947031989789e-52,"ACKR1_endothelial","CALM2"
8.63354823472474e-30,0.359092979980541,0.834,0.739,2.1156509949193e-25,"ACKR1_endothelial","SEPP1"
1.02175906783482e-31,0.358657297759002,0.278,0.154,2.50382059572923e-27,"ACKR1_endothelial","KAT5"
2.52214208472114e-31,0.357873677868546,0.321,0.186,6.18050917860914e-27,"ACKR1_endothelial","EXOSC7"
1.88213067288199e-35,0.357636266101106,0.605,0.406,4.61216121389733e-31,"ACKR1_endothelial","SEC31A"
3.4900889268263e-29,0.357372274204165,0.378,0.231,8.55246291518785e-25,"ACKR1_endothelial","ZNF580"
5.51328807756733e-26,0.357315358794669,0.532,0.366,1.35103124340787e-21,"ACKR1_endothelial","MSRB3"
2.00750300488952e-32,0.357279299026854,0.396,0.237,4.91938611348176e-28,"ACKR1_endothelial","SH3GLB2"
1.07951185595135e-28,0.357104229574627,0.252,0.14,2.64534380300879e-24,"ACKR1_endothelial","MRPL46"
7.99356848970801e-28,0.356845842492319,0.294,0.171,1.95882395840295e-23,"ACKR1_endothelial","MAP7D1"
3.73458061075615e-23,0.356348005848498,0.321,0.198,9.15158978665796e-19,"ACKR1_endothelial","RUVBL2"
1.52393729773199e-35,0.355466589726587,0.562,0.361,3.73440834809223e-31,"ACKR1_endothelial","SMIM7"
9.59606462314671e-34,0.354823122921398,0.609,0.405,2.3515156359021e-29,"ACKR1_endothelial","PSMG2"
1.11696160956347e-29,0.353946846396792,0.696,0.502,2.73711442423528e-25,"ACKR1_endothelial","ANXA7"
1.26736490389512e-35,0.353914603634087,0.384,0.223,3.10567769699499e-31,"ACKR1_endothelial","DHRS4L2"
9.13173398478006e-37,0.353318629466339,0.851,0.733,2.23773141297035e-32,"ACKR1_endothelial","PSMB1"
4.78050721235047e-37,0.353138153266907,0.427,0.253,1.17146329238648e-32,"ACKR1_endothelial","GOLGA2"
1.57584116160616e-31,0.353075690986845,0.588,0.392,3.86159876651589e-27,"ACKR1_endothelial","AKR1A1"
1.23873382445199e-30,0.352922799009437,0.416,0.255,3.03551723681961e-26,"ACKR1_endothelial","SLC25A11"
1.83271651137509e-33,0.352900438185488,0.567,0.364,4.49107181112466e-29,"ACKR1_endothelial","PIN1"
1.85963141978431e-31,0.351918445785524,0.418,0.255,4.55702679418145e-27,"ACKR1_endothelial","NINJ1"
1.9075548482471e-26,0.35156937382237,0.331,0.201,4.67446315562952e-22,"ACKR1_endothelial","PYCARD"
1.0860437051446e-34,0.351170292537422,0.445,0.274,2.66135009945685e-30,"ACKR1_endothelial","CREB3L2"
6.60154401569939e-33,0.350837714913991,0.409,0.247,1.61770836104714e-28,"ACKR1_endothelial","CD2BP2"
2.94610429857673e-30,0.350100517887768,0.587,0.401,7.21942858366229e-26,"ACKR1_endothelial","ZNF106"
5.62104684647029e-31,0.350083877975181,0.58,0.381,1.37743752972754e-26,"ACKR1_endothelial","GRHPR"
1.72134200112377e-24,0.34993699575572,0.288,0.173,4.2181485737538e-20,"ACKR1_endothelial","VPS72"
4.66675635669577e-37,0.349592646000484,0.541,0.343,1.1435886452083e-32,"ACKR1_endothelial","ERLEC1"
2.62819794489147e-56,0.349518220288637,0.973,0.987,6.44039906395654e-52,"ACKR1_endothelial","MT-CO2"
4.74702488361602e-25,0.34948752309346,0.252,0.145,1.16325844773011e-20,"ACKR1_endothelial","MACROD1"
2.14791754264687e-34,0.349126121107381,0.332,0.189,5.26347193825616e-30,"ACKR1_endothelial","MRPL3"
4.03490700966338e-36,0.348916983219712,0.749,0.544,9.8875396271801e-32,"ACKR1_endothelial","FKBP2"
1.16053669221935e-37,0.348887351946919,0.442,0.263,2.84389516428352e-33,"ACKR1_endothelial","GLRX"
1.80300432055741e-29,0.348644428985897,0.383,0.236,4.41826208752593e-25,"ACKR1_endothelial","HSD17B4"
6.61439512859869e-29,0.348616117711789,0.347,0.207,1.62085752626311e-24,"ACKR1_endothelial","PFDN6"
2.65167788654085e-37,0.348448494851358,0.489,0.297,6.49793666096836e-33,"ACKR1_endothelial","COA3"
1.62128783608608e-37,0.348331437712428,0.612,0.4,3.97296584232894e-33,"ACKR1_endothelial","SAT2"
5.32865456658731e-29,0.34828082793753,0.269,0.153,1.30578680154222e-24,"ACKR1_endothelial","HEXDC"
2.28943353529175e-25,0.347787786600194,0.319,0.193,5.61025687823243e-21,"ACKR1_endothelial","TMEM222"
1.57507135486345e-23,0.347682882420931,0.26,0.154,3.85971235509287e-19,"ACKR1_endothelial","UBQLN2"
9.95202303905324e-28,0.347616079015208,0.716,0.519,2.43874324572e-23,"ACKR1_endothelial","NDUFV2"
1.0332059338409e-28,0.347299723210116,0.428,0.267,2.53187114087714e-24,"ACKR1_endothelial","MRPL4"
3.35409097966509e-34,0.346695499992116,0.287,0.157,8.2191999456693e-30,"ACKR1_endothelial","FAM103A1"
5.12062830256798e-33,0.346440516894028,0.344,0.198,1.25480996554428e-28,"ACKR1_endothelial","USE1"
4.37289743501452e-33,0.345647028196416,0.491,0.309,1.07157851645031e-28,"ACKR1_endothelial","VDAC1"
2.40686579568455e-34,0.344646683765206,0.388,0.23,5.89802463232499e-30,"ACKR1_endothelial","PBDC1"
1.95370159427468e-28,0.343752075214629,0.259,0.146,4.78754575677011e-24,"ACKR1_endothelial","MRPL15"
2.43379202897242e-31,0.343039971653232,0.333,0.194,5.96400736699691e-27,"ACKR1_endothelial","MAPK14"
4.4783418831718e-30,0.34285829325397,0.315,0.182,1.09741767847125e-25,"ACKR1_endothelial","GALNT11"
5.42731156505803e-30,0.342475861435915,0.74,0.575,1.32996269901747e-25,"ACKR1_endothelial","SRI"
2.07906546148378e-28,0.341934657691158,0.325,0.195,5.094749913366e-24,"ACKR1_endothelial","PHLDB2"
3.5092552274573e-31,0.341780705254385,0.792,0.622,8.59942993488412e-27,"ACKR1_endothelial","CAPZB"
6.56235561356891e-33,0.3415797905297,0.659,0.452,1.60810524310506e-28,"ACKR1_endothelial","MAF1"
3.61578775251942e-36,0.341126042398833,0.475,0.29,8.86048788754883e-32,"ACKR1_endothelial","GRINA"
1.10211439666878e-32,0.341043331201238,0.47,0.292,2.70073132903684e-28,"ACKR1_endothelial","APOA1BP"
2.54413544975908e-28,0.339743676454664,0.259,0.146,6.23440391963463e-24,"ACKR1_endothelial","IMMP2L"
1.65206605320892e-29,0.338947465339075,0.31,0.18,4.04838786338846e-25,"ACKR1_endothelial","CHCHD3"
2.07807258087512e-26,0.33852062371918,0.296,0.175,5.09231685943448e-22,"ACKR1_endothelial","G6PC3"
1.52563336563887e-25,0.338376790023021,0.677,0.5,3.73856456249805e-21,"ACKR1_endothelial","AURKAIP1"
7.63058465792688e-34,0.338363878381265,0.626,0.421,1.86987477042498e-29,"ACKR1_endothelial","RPS19BP1"
2.07179966510513e-26,0.338032863974149,0.728,0.556,5.07694507934013e-22,"ACKR1_endothelial","NDUFS6"
2.57031844503012e-26,0.337944760593559,0.361,0.222,6.29856534954631e-22,"ACKR1_endothelial","DCXR"
1.60916709429015e-30,0.337200457975169,0.479,0.301,3.94326396455802e-26,"ACKR1_endothelial","COPB2"
8.3515085553704e-31,0.335136806478461,0.316,0.182,2.04653717149352e-26,"ACKR1_endothelial","POP7"
7.76764846468403e-39,0.335115090154306,0.326,0.177,1.90346225627082e-34,"ACKR1_endothelial","COPS4"
1.97853539838804e-31,0.335037182265639,0.713,0.512,4.8484009937499e-27,"ACKR1_endothelial","STUB1"
3.74409288107212e-27,0.335032621770002,0.36,0.22,9.17489960506724e-23,"ACKR1_endothelial","CREB3"
6.22474140076746e-30,0.334519732098241,0.35,0.207,1.52537288025807e-25,"ACKR1_endothelial","JMJD8"
8.46842469255461e-27,0.334458015334066,0.3,0.177,2.07518747091051e-22,"ACKR1_endothelial","GPN3"
2.30911545662065e-39,0.334159255031679,0.89,0.837,5.65848742644891e-35,"ACKR1_endothelial","NFIB"
1.33110830358184e-26,0.333847723459751,0.481,0.316,3.26188089792731e-22,"ACKR1_endothelial","ZYX"
5.25112768400175e-36,0.333606676779093,0.567,0.362,1.28678883896463e-31,"ACKR1_endothelial","FAM195B"
6.39238184415435e-33,0.333205142601276,0.492,0.309,1.56645317091002e-28,"ACKR1_endothelial","IFT57"
4.85687845399168e-25,0.332528451373449,0.358,0.224,1.19017806515066e-20,"ACKR1_endothelial","NT5C3B"
1.26959442724862e-27,0.331362028355806,0.294,0.172,3.11114114397274e-23,"ACKR1_endothelial","PPP3CB"
1.35022390499717e-33,0.331213981345772,0.684,0.482,3.30872367919558e-29,"ACKR1_endothelial","CTSL"
1.62828965169185e-32,0.331186223264238,0.282,0.156,3.99012379147087e-28,"ACKR1_endothelial","DCAF6"
4.26272440324079e-30,0.330992866856096,0.515,0.331,1.04458061501416e-25,"ACKR1_endothelial","AAMDC"
4.27090300757356e-29,0.330568660475838,0.292,0.168,1.0465847820059e-24,"ACKR1_endothelial","NUDT9"
3.13423286436406e-23,0.330339136550079,0.257,0.153,7.68043763412414e-19,"ACKR1_endothelial","COMMD5"
1.25985097860051e-30,0.330111572196666,0.751,0.567,3.08726482306054e-26,"ACKR1_endothelial","MAGED2"
9.54678196894004e-31,0.330064685511385,0.417,0.255,2.33943892148876e-26,"ACKR1_endothelial","HTATSF1"
5.39323196749339e-30,0.329434355053072,0.295,0.168,1.32161149363426e-25,"ACKR1_endothelial","CLUAP1"
9.39525152970937e-30,0.328838474986481,0.505,0.326,2.30230638735528e-25,"ACKR1_endothelial","AK3"
6.47734388587421e-29,0.328775613031505,0.628,0.438,1.58727311923348e-24,"ACKR1_endothelial","RNASEH2C"
3.65795997886763e-27,0.328421506210114,0.267,0.154,8.96383092821514e-23,"ACKR1_endothelial","SRGAP1"
8.63263818313407e-28,0.32841567442964,0.542,0.355,2.115427986777e-23,"ACKR1_endothelial","MRPS34"
6.33293684250179e-29,0.328345267864988,0.325,0.191,1.55188617325506e-24,"ACKR1_endothelial","ACO2"
8.11600967420162e-31,0.328163824339771,0.498,0.317,1.98882817066311e-26,"ACKR1_endothelial","ACAT1"
4.84385152044412e-27,0.328022738303072,0.273,0.157,1.18698581508483e-22,"ACKR1_endothelial","SHC2"
4.920408418965e-31,0.327757579923959,0.422,0.257,1.20574608306737e-26,"ACKR1_endothelial","C1D"
4.63384720940203e-31,0.327350816577968,0.367,0.22,1.13552425866397e-26,"ACKR1_endothelial","ARL8B"
2.82486299935665e-31,0.326654099138789,0.774,0.619,6.92232677992346e-27,"ACKR1_endothelial","ATRAID"
5.55030506431383e-34,0.326475146111294,0.504,0.316,1.3601022560101e-29,"ACKR1_endothelial","TMEM261"
1.90996010938128e-21,0.326290677212259,0.404,0.271,4.68035724803882e-17,"ACKR1_endothelial","HSPH1"
1.35660717649871e-33,0.326120820021834,0.424,0.255,3.32436588601009e-29,"ACKR1_endothelial","PSMD3"
4.13758829817363e-28,0.326012444643456,0.653,0.464,1.01391601246745e-23,"ACKR1_endothelial","MORF4L2"
5.88583494935841e-29,0.325548839853661,0.562,0.374,1.44232385434028e-24,"ACKR1_endothelial","PSMC1"
7.02793175429006e-24,0.325020248100658,0.621,0.45,1.72219467638878e-19,"ACKR1_endothelial","SVIL"
4.99625300505444e-28,0.324350760847615,0.266,0.151,1.22433179888859e-23,"ACKR1_endothelial","AP2A1"
5.30312203096851e-35,0.32383473767751,0.347,0.197,1.29953005368883e-30,"ACKR1_endothelial","ZNF322"
4.2566806547393e-23,0.323122182874818,0.684,0.503,1.04309959444386e-18,"ACKR1_endothelial","ECH1"
6.72397566371301e-29,0.32280811169503,0.549,0.362,1.64771023639287e-24,"ACKR1_endothelial","CHMP2B"
5.06027142698551e-25,0.322655028087761,0.768,0.603,1.2400195131828e-20,"ACKR1_endothelial","APRT"
1.12571653371077e-38,0.322214209965085,0.403,0.233,2.75856836585823e-34,"ACKR1_endothelial","DHX29"
4.63368079641974e-29,0.322007567985076,0.472,0.302,1.13548347916266e-24,"ACKR1_endothelial","TIMM8B"
7.67209978027285e-25,0.321978657344888,0.299,0.18,1.88004805115586e-20,"ACKR1_endothelial","CRELD1"
4.68460085238188e-28,0.321851492397183,0.298,0.175,1.14796143887618e-23,"ACKR1_endothelial","FAM126A"
1.28664311685076e-31,0.321602899174323,0.417,0.254,3.15291895784279e-27,"ACKR1_endothelial","AHSA1"
7.45303418337779e-25,0.321582102276398,0.346,0.214,1.82636602663673e-20,"ACKR1_endothelial","SLC39A7"
2.46379635812395e-30,0.321481002519913,0.324,0.189,6.03753297558275e-26,"ACKR1_endothelial","ASB8"
6.17389222801548e-28,0.321350715443555,0.293,0.17,1.51291229047519e-23,"ACKR1_endothelial","MAEA"
2.09135427561381e-30,0.320882546237162,0.553,0.361,5.12486365239163e-26,"ACKR1_endothelial","GPAA1"
9.15599934124117e-29,0.320287204243018,0.312,0.181,2.24367763857115e-24,"ACKR1_endothelial","GTF2B"
9.75012326705653e-54,0.319895188173267,0.959,0.926,2.3892677065922e-49,"ACKR1_endothelial","CD99"
3.99618917704113e-37,0.319731557980359,0.541,0.343,9.79266157833929e-33,"ACKR1_endothelial","PTPRA"
9.59215778935071e-11,0.319616801916941,0.453,0.335,2.35055826628039e-06,"ACKR1_endothelial","DNAJB1"
1.09142722344029e-27,0.319476913659912,0.559,0.373,2.67454241104044e-23,"ACKR1_endothelial","MRPL54"
1.74941338791882e-37,0.319061883515608,0.88,0.786,4.28693750709506e-33,"ACKR1_endothelial","TCEB2"
2.01309704305446e-39,0.318475644276794,0.469,0.279,4.93309430400494e-35,"ACKR1_endothelial","RSRC1"
1.48766287713913e-24,0.318169511126484,0.31,0.188,3.64551788042943e-20,"ACKR1_endothelial","TMED5"
1.2272544161036e-22,0.317335157086418,0.465,0.311,3.00738694666186e-18,"ACKR1_endothelial","DGCR6L"
1.63709057361188e-36,0.317159654838136,0.382,0.219,4.01169045063592e-32,"ACKR1_endothelial","NAGK"
4.10173825140849e-22,0.316733540186728,0.256,0.153,1.00513095850765e-17,"ACKR1_endothelial","HK1"
1.08845321675417e-22,0.316605936744313,0.635,0.461,2.66725460765609e-18,"ACKR1_endothelial","CALM3"
6.8069541073499e-43,0.315609739441914,0.922,0.844,1.66804410400609e-38,"ACKR1_endothelial","PRDX1"
4.86054770765768e-17,0.315060849928095,0.263,0.169,1.19107721576151e-12,"ACKR1_endothelial","RIN2"
2.42603818521454e-30,0.315055374123074,0.268,0.148,5.94500657286823e-26,"ACKR1_endothelial","MORN2"
2.76869660923923e-25,0.314868089451745,0.266,0.155,6.78469104094073e-21,"ACKR1_endothelial","SCYL1"
8.6039025528261e-20,0.314366331919342,0.933,0.869,2.10838632057004e-15,"ACKR1_endothelial","PFN1"
2.56807942491437e-31,0.314354066759049,0.546,0.359,6.29307863075265e-27,"ACKR1_endothelial","KIDINS220"
6.98000131111092e-29,0.313988842923707,0.345,0.206,1.71044932128773e-24,"ACKR1_endothelial","RAB5B"
1.64792841754977e-24,0.313934407587019,0.674,0.485,4.03824858720572e-20,"ACKR1_endothelial","NDUFAB1"
3.86505295060406e-25,0.313911438610901,0.699,0.52,9.47131225545525e-21,"ACKR1_endothelial","PSMC5"
1.22132702332906e-27,0.313783101691779,0.857,0.734,2.99286187066785e-23,"ACKR1_endothelial","ATP5D"
9.30097134082083e-24,0.31310909700053,0.253,0.149,2.27920302706814e-19,"ACKR1_endothelial","SIAH1"
4.00068428479021e-30,0.312950715122285,0.26,0.143,9.80367683987841e-26,"ACKR1_endothelial","HMGCL"
3.40464270447117e-13,0.312452924038735,0.435,0.328,8.34307694730659e-09,"ACKR1_endothelial","HES4"
1.96772468548553e-28,0.312147140227943,0.275,0.156,4.82190934178228e-24,"ACKR1_endothelial","B3GAT3"
4.41131885334069e-29,0.311543937768804,0.416,0.256,1.08099368501114e-24,"ACKR1_endothelial","CCS"
7.94568687812447e-20,0.310778322129903,0.448,0.307,1.9470905694844e-15,"ACKR1_endothelial","PSMC4"
1.72684084098205e-23,0.310622203307242,0.26,0.154,4.23162348082651e-19,"ACKR1_endothelial","WDR46"
3.74424727924758e-26,0.309826677430569,0.526,0.35,9.17527795779619e-22,"ACKR1_endothelial","SNX17"
6.1668484370695e-25,0.30776626489725,0.602,0.43,1.51118620950388e-20,"ACKR1_endothelial","EPB41L2"
4.05531191596817e-25,0.307654380644888,0.655,0.469,9.93754185007999e-21,"ACKR1_endothelial","POLR2E"
1.95430185339471e-29,0.307442969139941,0.321,0.187,4.78901669174374e-25,"ACKR1_endothelial","PEX2"
2.97343717358139e-30,0.307010415688841,0.475,0.301,7.2864077938612e-26,"ACKR1_endothelial","DECR1"
4.57357172998099e-23,0.306486313787085,0.269,0.161,1.12075375243184e-18,"ACKR1_endothelial","TIMM50"
2.02429537099068e-42,0.305945743132045,0.687,0.445,4.96053580661267e-38,"ACKR1_endothelial","LITAF"
3.41268655821211e-29,0.305587841531068,0.49,0.32,8.36278841089877e-25,"ACKR1_endothelial","ARHGAP5"
4.25720793356124e-31,0.305120195859006,0.369,0.221,1.04322880411918e-26,"ACKR1_endothelial","NRIP1"
1.88700560822479e-18,0.304868598393901,0.707,0.562,4.62410724295484e-14,"ACKR1_endothelial","COX7B"
1.17740959728675e-28,0.304787851461254,0.507,0.326,2.88524221815118e-24,"ACKR1_endothelial","NDUFS3"
1.24889769609223e-29,0.304341141928685,0.443,0.278,3.06042380427401e-25,"ACKR1_endothelial","NDUFAF2"
4.20757171953364e-21,0.304310083506062,0.436,0.291,1.03106544987172e-16,"ACKR1_endothelial","C14orf119"
1.46060602629618e-31,0.304129069169109,0.261,0.141,3.57921506743878e-27,"ACKR1_endothelial","THUMPD3"
1.19152994154731e-19,0.303858336388207,0.324,0.21,2.91984412176169e-15,"ACKR1_endothelial","PPP1R12C"
6.7045165999359e-37,0.303723055032477,0.375,0.214,1.64294179281429e-32,"ACKR1_endothelial","RPA2"
9.56906606955298e-24,0.303707617497349,0.25,0.146,2.34489964034396e-19,"ACKR1_endothelial","DDA1"
4.0441059887387e-22,0.303533644658231,0.631,0.449,9.91008172540419e-18,"ACKR1_endothelial","PSMB2"
1.72272348692373e-32,0.303497539112194,0.27,0.147,4.22153390470661e-28,"ACKR1_endothelial","TNFAIP2"
7.46547010991191e-28,0.303369980579407,0.479,0.306,1.82941345043391e-23,"ACKR1_endothelial","TMEM208"
2.73144181438141e-24,0.301784559682172,0.294,0.176,6.69339816614164e-20,"ACKR1_endothelial","COQ4"
3.28950209672602e-32,0.301462423521351,0.623,0.413,8.06092488802712e-28,"ACKR1_endothelial","PKIG"
1.04307988411902e-31,0.301363406690689,0.385,0.228,2.55606725603366e-27,"ACKR1_endothelial","SEC13"
6.25446028738785e-34,0.301173757864065,0.433,0.264,1.53265549342439e-29,"ACKR1_endothelial","SMARCA1"
6.60072605275838e-31,0.300265847353784,0.867,0.76,1.61750791922844e-26,"ACKR1_endothelial","RABAC1"
2.95569511982254e-26,0.300252621979191,0.271,0.156,7.24293089112512e-22,"ACKR1_endothelial","OSER1"
9.88095146488916e-25,0.299946141564468,0.27,0.16,2.42132715647109e-20,"ACKR1_endothelial","ANKH"
5.08650472765275e-23,0.299928175790637,0.536,0.376,1.24644798351131e-18,"ACKR1_endothelial","ACVRL1"
1.02822537658491e-30,0.299432353925467,0.311,0.179,2.51966628532131e-26,"ACKR1_endothelial","C5orf56"
5.07469199746984e-31,0.299075582596395,0.277,0.154,1.24355327397998e-26,"ACKR1_endothelial","FADS3"
2.93360942134196e-22,0.298915255281978,0.306,0.189,7.18880988699847e-18,"ACKR1_endothelial","LRRC41"
1.03479423688094e-26,0.298686444531309,0.282,0.164,2.53576327747674e-22,"ACKR1_endothelial","MSI2"
9.21104897087326e-22,0.29834858834299,0.708,0.545,2.25716755031249e-17,"ACKR1_endothelial","HEBP2"
7.8392759753858e-29,0.298028518382161,0.488,0.311,1.92101457776829e-24,"ACKR1_endothelial","CORO1B"
2.75953022554326e-18,0.297965218232956,0.825,0.704,6.76222881769377e-14,"ACKR1_endothelial","COX8A"
1.68635348264714e-29,0.297648033103412,0.323,0.188,4.13240920922681e-25,"ACKR1_endothelial","P4HTM"
8.69277616555242e-30,0.297498709697087,0.342,0.202,2.13016479936862e-25,"ACKR1_endothelial","ARIH2"
7.13549166892776e-20,0.297011704528172,0.294,0.184,1.74855223347075e-15,"ACKR1_endothelial","CDC34"
6.06836608562544e-25,0.296733692462732,0.261,0.151,1.48705310928251e-20,"ACKR1_endothelial","PRR5"
3.57037888061895e-23,0.29672067691612,0.852,0.731,8.74921344695674e-19,"ACKR1_endothelial","COX7A2"
7.23243634456625e-28,0.296489996108266,0.276,0.159,1.77230852623596e-23,"ACKR1_endothelial","TP53BP1"
4.22728320766882e-34,0.296483592375387,0.415,0.247,1.03589575003924e-29,"ACKR1_endothelial","MRPL2"
2.90977211046658e-25,0.296446588269229,0.303,0.18,7.13039655669835e-21,"ACKR1_endothelial","QTRT1"
3.93298549027297e-21,0.296262793355699,0.625,0.453,9.63778094391391e-17,"ACKR1_endothelial","ERGIC3"
4.36669735007412e-26,0.296024072014716,0.544,0.362,1.07005918563566e-21,"ACKR1_endothelial","DYNLT3"
5.21079181311574e-33,0.295833102756278,0.296,0.164,1.27690453380401e-28,"ACKR1_endothelial","DPF2"
1.40655976367976e-23,0.29503486574745,0.357,0.226,3.44677470089725e-19,"ACKR1_endothelial","NCOR2"
8.64865151821885e-26,0.294869868356796,0.398,0.251,2.11935205453953e-21,"ACKR1_endothelial","CNRIP1"
3.78380299175178e-21,0.294212480784364,0.522,0.365,9.27220923128773e-17,"ACKR1_endothelial","FAM3C"
2.95676935610644e-22,0.293974744329829,0.293,0.178,7.24556330713883e-18,"ACKR1_endothelial","POP4"
4.21453839940221e-24,0.293952288385075,0.463,0.302,1.03277263477351e-19,"ACKR1_endothelial","MRPS7"
4.41460626408703e-31,0.293851501870785,0.399,0.243,1.08179926501453e-26,"ACKR1_endothelial","TTC14"
3.45997385241199e-29,0.293216613924135,0.301,0.173,8.47866592533557e-25,"ACKR1_endothelial","SLBP"
4.03733161384603e-28,0.29295203084756,0.264,0.149,9.8934811197297e-24,"ACKR1_endothelial","LRCH3"
1.7056340283201e-24,0.292829121176359,0.366,0.23,4.17965618639842e-20,"ACKR1_endothelial","TXNRD1"
7.49465725833268e-28,0.292531693651144,0.285,0.165,1.83656576115442e-23,"ACKR1_endothelial","DNAJB2"
1.03394804646164e-21,0.291781657430768,0.687,0.508,2.53368968785426e-17,"ACKR1_endothelial","ATP5G1"
1.2946375233275e-30,0.291758353080114,0.315,0.181,3.17250925091403e-26,"ACKR1_endothelial","CCNB1IP1"
2.19964106857411e-26,0.291505660716207,0.257,0.147,5.39022043854086e-22,"ACKR1_endothelial","SLC39A13"
5.02007677729213e-29,0.291253434659825,0.913,0.766,1.23016981427544e-24,"ACKR1_endothelial","CEBPD"
3.15951806118837e-23,0.291075755460318,0.699,0.526,7.74239900894211e-19,"ACKR1_endothelial","LAMTOR5"
1.49862148226664e-21,0.290920247756508,0.805,0.673,3.67237194229441e-17,"ACKR1_endothelial","ATP5O"
3.07251400863085e-23,0.290775558999744,0.572,0.393,7.52919557814989e-19,"ACKR1_endothelial","NDUFV1"
1.42983572397273e-32,0.290608473221876,0.311,0.175,3.50381244159518e-28,"ACKR1_endothelial","LZIC"
1.41224134009815e-29,0.290384523857187,0.49,0.313,3.46069740391051e-25,"ACKR1_endothelial","PSMD1"
1.06038866075401e-26,0.290342759933856,0.713,0.513,2.5984824131777e-22,"ACKR1_endothelial","MRPS21"
1.95174910288141e-24,0.290300970342752,0.58,0.406,4.7827611766109e-20,"ACKR1_endothelial","CD47"
2.21624665969751e-24,0.289633179360637,0.302,0.182,5.43091243958875e-20,"ACKR1_endothelial","EIF2B1"
4.19692439074165e-27,0.28945966922319,0.259,0.146,1.02845632195124e-22,"ACKR1_endothelial","MICU2"
3.29173805089002e-21,0.289406763674144,0.516,0.354,8.06640409370601e-17,"ACKR1_endothelial","PGRMC2"
1.00483071209887e-23,0.288470236783192,0.514,0.345,2.46233765999827e-19,"ACKR1_endothelial","NDUFS2"
2.62319427662089e-24,0.287941554087656,0.652,0.459,6.42813757485949e-20,"ACKR1_endothelial","PRMT1"
8.08697887331367e-29,0.287905543002544,0.337,0.2,1.98171417290551e-24,"ACKR1_endothelial","RWDD4"
3.40854373771246e-24,0.287852015775527,0.646,0.463,8.35263642926437e-20,"ACKR1_endothelial","PSMB5"
8.03893056249553e-22,0.287576283204871,0.65,0.482,1.96993993433953e-17,"ACKR1_endothelial","MYDGF"
2.66692880302133e-32,0.287464454979106,0.409,0.245,6.53530903180377e-28,"ACKR1_endothelial","ACSL3"
2.96109297447378e-28,0.287395353948892,0.843,0.7,7.25615833394799e-24,"ACKR1_endothelial","CALR"
5.12295427744738e-29,0.286504964244989,0.361,0.216,1.25537994568848e-24,"ACKR1_endothelial","IMPAD1"
1.13269380634081e-26,0.286336598908623,0.281,0.164,2.77566617243816e-22,"ACKR1_endothelial","MAGED1"
1.18955392221487e-21,0.285970525888622,0.799,0.667,2.91500188638755e-17,"ACKR1_endothelial","NDUFB10"
3.29622345378494e-25,0.28534544708646,0.321,0.194,8.07739557349999e-21,"ACKR1_endothelial","HRAS"
3.24567514616625e-25,0.284863162243466,0.555,0.378,7.9535269456804e-21,"ACKR1_endothelial","MPC2"
2.06680021371978e-35,0.284545106231179,0.447,0.269,5.06469392372033e-31,"ACKR1_endothelial","FAM200B"
1.81806356870244e-21,0.284428304788079,0.256,0.154,4.45516477510533e-17,"ACKR1_endothelial","STT3A"
2.14892357569638e-23,0.284299690990439,0.272,0.163,5.26593722224398e-19,"ACKR1_endothelial","GNA12"
8.33702167875444e-26,0.284214289376586,0.284,0.167,2.04298716237877e-21,"ACKR1_endothelial","KLHDC8B"
3.41568600391027e-26,0.284202302054387,0.432,0.276,8.37013855258212e-22,"ACKR1_endothelial","SMIM10"
2.53613295773383e-30,0.283802408909272,0.387,0.232,6.21479381292675e-26,"ACKR1_endothelial","MED29"
9.37308576285627e-30,0.283446387870566,0.357,0.211,2.29687466618793e-25,"ACKR1_endothelial","MPST"
1.50158343386676e-31,0.283078954352454,0.887,0.804,3.6796302046905e-27,"ACKR1_endothelial","ATP5L"
8.38874576078955e-23,0.282316727359247,0.721,0.54,2.05566214868148e-18,"ACKR1_endothelial","NUDC"
1.90240453041278e-26,0.281989385842044,0.348,0.211,4.66184230177652e-22,"ACKR1_endothelial","MRFAP1L1"
6.26981515365446e-31,0.281623139150848,0.324,0.187,1.53641820340302e-26,"ACKR1_endothelial","EZH1"
4.65299716439514e-25,0.281524971794016,0.837,0.705,1.14021695513503e-20,"ACKR1_endothelial","TPI1"
1.76139509403941e-24,0.281155303040774,0.637,0.453,4.31629867794358e-20,"ACKR1_endothelial","PSMA4"
1.44271810698457e-22,0.279878833084367,0.29,0.178,3.53538072116569e-18,"ACKR1_endothelial","UNC45A"
5.24389927317432e-28,0.279266998628981,0.443,0.28,1.28501751689137e-23,"ACKR1_endothelial","CPNE1"
4.28202565399843e-28,0.278998760653754,0.252,0.141,1.04931038651231e-23,"ACKR1_endothelial","FUCA1"
6.76553130276646e-33,0.27879079519155,0.472,0.293,1.65789344574292e-28,"ACKR1_endothelial","TCF7L1"
1.50748314598042e-31,0.278586493989157,0.312,0.178,3.69408744922501e-27,"ACKR1_endothelial","SMIM15"
5.55443244096572e-35,0.278068504228808,0.67,0.466,1.36111366965865e-30,"ACKR1_endothelial","CDKN1C"
1.99140229996346e-27,0.277978794209351,0.478,0.308,4.87993133606047e-23,"ACKR1_endothelial","PEPD"
8.79030514618156e-26,0.277565017779712,0.388,0.241,2.15406427607179e-21,"ACKR1_endothelial","PCID2"
6.50213852425713e-30,0.277531737615369,0.493,0.313,1.59334904536921e-25,"ACKR1_endothelial","IDH3G"
1.53680045323583e-15,0.277355125341177,0.336,0.23,3.76592951065441e-11,"ACKR1_endothelial","UBE2S"
1.1502549154468e-27,0.277318935024915,0.358,0.217,2.81869967030239e-23,"ACKR1_endothelial","MNAT1"
1.17813877807306e-26,0.276791940292433,0.468,0.301,2.88702907566803e-22,"ACKR1_endothelial","DCTN6"
1.25250944770569e-45,0.276775817174801,0.983,0.989,3.06927440160279e-41,"ACKR1_endothelial","MT-CO1"
2.42393162811621e-25,0.27649567219289,0.405,0.259,5.93984445469877e-21,"ACKR1_endothelial","SAMD4B"
6.01614110989231e-27,0.27645297534042,0.326,0.194,1.47425537897911e-22,"ACKR1_endothelial","COPS7A"
1.7225290617456e-24,0.27579747115495,0.538,0.364,4.2210574658076e-20,"ACKR1_endothelial","GNA11"
1.99537198686232e-31,0.274974577411081,0.533,0.342,4.88965905380612e-27,"ACKR1_endothelial","RSBN1L"
2.84294635343223e-20,0.274785086437652,0.699,0.528,6.96664003908568e-16,"ACKR1_endothelial","SF3B5"
1.71898894050251e-21,0.274191119001804,0.465,0.314,4.2123823987014e-17,"ACKR1_endothelial","MRPL14"
7.08902092108127e-26,0.27390818990901,0.533,0.352,1.73716457671096e-21,"ACKR1_endothelial","FAAP20"
2.48962789854933e-19,0.27344355867781,0.25,0.154,6.10083316539513e-15,"ACKR1_endothelial","CRIPT"
1.08050229624708e-14,0.273373049798663,0.264,0.174,2.64777087695347e-10,"ACKR1_endothelial","PHF5A"
2.08625107071481e-21,0.273336858252301,0.59,0.421,5.11235824878665e-17,"ACKR1_endothelial","CNPY2"
9.88446603062087e-21,0.272977991669341,0.899,0.838,2.42218840080364e-16,"ACKR1_endothelial","COX6C"
3.49117214130931e-25,0.272868501883324,0.632,0.451,8.55511733227847e-21,"ACKR1_endothelial","RRAGA"
1.06354247747797e-34,0.272550179385671,0.406,0.242,2.60621084105978e-30,"ACKR1_endothelial","THRA"
1.89737052148364e-23,0.272314379259446,0.452,0.297,4.64950646289566e-19,"ACKR1_endothelial","C11orf73"
2.21771494826268e-25,0.272021785245265,0.251,0.143,5.43451048071769e-21,"ACKR1_endothelial","NPHP3"
1.36832605728474e-21,0.271593659886381,0.667,0.486,3.35308300337626e-17,"ACKR1_endothelial","CCT7"
2.4918656459298e-22,0.271297302980129,0.668,0.515,6.10631676535097e-18,"ACKR1_endothelial","HIST1H4C"
7.73014832878187e-20,0.271105226257607,0.301,0.189,1.894272847968e-15,"ACKR1_endothelial","PRAF2"
4.68080335762194e-30,0.271071346945,0.342,0.202,1.14703086278526e-25,"ACKR1_endothelial","CREBZF"
7.90998788981678e-26,0.270823172617842,0.446,0.285,1.9383425323996e-21,"ACKR1_endothelial","BOD1"
1.59530616336225e-22,0.270747073643194,0.583,0.405,3.9092977533192e-18,"ACKR1_endothelial","PSMD7"
5.27924179769857e-18,0.269713661526815,0.792,0.655,1.29367820252603e-13,"ACKR1_endothelial","PKM"
2.40077112554172e-20,0.269253218746081,0.256,0.156,5.88308964313999e-16,"ACKR1_endothelial","MED16"
4.16528292604699e-30,0.268966208410125,0.404,0.247,1.02070258102781e-25,"ACKR1_endothelial","CBX1"
8.20013498784677e-24,0.268877205156924,0.518,0.345,2.00944307877185e-19,"ACKR1_endothelial","STOML2"
3.43800131688181e-30,0.268082398814236,0.473,0.298,8.42482222701886e-26,"ACKR1_endothelial","TFDP2"
1.08962396766795e-24,0.267609410651239,0.667,0.482,2.67012353277032e-20,"ACKR1_endothelial","AKAP13"
1.29519346551886e-27,0.267465126796679,0.273,0.157,3.17387158725397e-23,"ACKR1_endothelial","GPRC5A"
2.06802476739371e-28,0.26727038288926,0.475,0.304,5.06769469249829e-24,"ACKR1_endothelial","FKBP3"
1.73627812080874e-25,0.266903276307798,0.313,0.187,4.25474953504182e-21,"ACKR1_endothelial","BLOC1S4"
6.60707487607669e-17,0.266634842938292,0.339,0.226,1.61906369838259e-12,"ACKR1_endothelial","HSPA4"
1.80059943406215e-19,0.266512548927497,0.633,0.463,4.41236891316931e-15,"ACKR1_endothelial","PRDX4"
7.38712485198843e-22,0.266106599558178,0.528,0.359,1.81021494497976e-17,"ACKR1_endothelial","CTDNEP1"
4.25820788673781e-31,0.266037210900617,0.334,0.193,1.0434738426451e-26,"ACKR1_endothelial","ZYG11B"
7.64812326458048e-23,0.265914459790044,0.322,0.199,1.87417260598545e-18,"ACKR1_endothelial","CHMP1A"
1.12587705269524e-22,0.265719708823536,0.591,0.413,2.7589617176297e-18,"ACKR1_endothelial","MRPL43"
1.10873308837154e-19,0.265649280210755,0.654,0.473,2.71695043305447e-15,"ACKR1_endothelial","PDCD5"
8.26256937772447e-28,0.264995066369306,0.483,0.307,2.02474262601138e-23,"ACKR1_endothelial","CUEDC2"
2.05417250927511e-16,0.264959962535182,0.697,0.534,5.03374973397865e-12,"ACKR1_endothelial","NDUFA12"
6.57416096653484e-22,0.264062054801563,0.319,0.198,1.61099814484936e-17,"ACKR1_endothelial","GAA"
1.4313366225938e-15,0.263487202493048,0.644,0.476,3.5074903936661e-11,"ACKR1_endothelial","PPP2R1A"
1.60237186651061e-22,0.263361501867065,0.435,0.287,3.92661225888425e-18,"ACKR1_endothelial","EIF4A3"
2.19334714952999e-22,0.263245350228511,0.426,0.281,5.37479718992323e-18,"ACKR1_endothelial","LAPTM4B"
1.65438687474002e-20,0.262472185717613,0.722,0.552,4.05407503655042e-16,"ACKR1_endothelial","ATP6AP2"
2.58432145441279e-25,0.262461364927653,0.417,0.265,6.33287972403854e-21,"ACKR1_endothelial","DPY30"
2.37998330032008e-18,0.262395924443993,0.46,0.313,5.83214907743435e-14,"ACKR1_endothelial","MRPS15"
6.87054171803967e-22,0.262129967124037,0.801,0.655,1.68362624800562e-17,"ACKR1_endothelial","NDUFB2"
2.1878579113657e-29,0.262106630732426,0.263,0.146,5.36134581180165e-25,"ACKR1_endothelial","EIF3J-AS1"
1.78340116048908e-19,0.262106110993359,0.743,0.574,4.37022454377848e-15,"ACKR1_endothelial","MRPL20"
4.87914434127917e-20,0.26209880723673,0.273,0.169,1.19563432083046e-15,"ACKR1_endothelial","PPM1A"
2.09949168997364e-26,0.261993445604656,0.44,0.279,5.14480438628041e-22,"ACKR1_endothelial","TSPYL1"
3.45205664714978e-20,0.261782351969399,0.776,0.634,8.45926481384054e-16,"ACKR1_endothelial","TBCA"
2.6400227817642e-24,0.261510358856286,0.322,0.199,6.46937582671318e-20,"ACKR1_endothelial","TAOK3"
4.48937413928047e-24,0.261422054763887,0.324,0.201,1.10012113283068e-19,"ACKR1_endothelial","PKD2"
5.58246749630436e-25,0.261039388797992,0.372,0.231,1.36798365996938e-20,"ACKR1_endothelial","EXOC7"
1.43376589493217e-22,0.26099992889895,0.687,0.502,3.51344332553128e-18,"ACKR1_endothelial","TUFM"
1.01130210096213e-26,0.260817405897106,0.574,0.387,2.47819579840771e-22,"ACKR1_endothelial","REV3L"
1.24247512143482e-28,0.26075236441249,0.368,0.223,3.04468528507603e-24,"ACKR1_endothelial","GALNT2"
5.00723482529864e-24,0.259731350594689,0.531,0.356,1.22702289393943e-19,"ACKR1_endothelial","HEXB"
4.62929245838749e-24,0.259380523790432,0.666,0.49,1.13440811692785e-19,"ACKR1_endothelial","LAMA4"
4.75219524517062e-24,0.259258909097345,0.35,0.219,1.16452544482906e-19,"ACKR1_endothelial","CHCHD5"
2.67452745284832e-23,0.259170544131836,0.595,0.41,6.55392952320481e-19,"ACKR1_endothelial","MGMT"
1.312916747826e-20,0.258702955519273,0.532,0.362,3.21730249054762e-16,"ACKR1_endothelial","ADRM1"
6.53384830007991e-22,0.258523260352706,0.344,0.216,1.60111952593458e-17,"ACKR1_endothelial","TMEM140"
5.64023343265885e-22,0.258507139929088,0.51,0.344,1.38213920267305e-17,"ACKR1_endothelial","MAP1LC3A"
6.43693314087342e-26,0.258387316172336,0.515,0.345,1.57737046617103e-21,"ACKR1_endothelial","PMEPA1"
6.96707668069983e-26,0.258251995272704,0.256,0.147,1.70728214060549e-21,"ACKR1_endothelial","WBSCR16"
6.66532818878117e-23,0.257962835406966,0.802,0.651,1.63333867266083e-18,"ACKR1_endothelial","ATP5H"
2.30933349991877e-23,0.257945072736446,0.351,0.219,5.65902174155094e-19,"ACKR1_endothelial","PDHA1"
1.64011398517425e-20,0.25771098861773,0.702,0.519,4.0190993206695e-16,"ACKR1_endothelial","DDT"
2.13214220784118e-22,0.257427320141837,0.317,0.197,5.22481448031481e-18,"ACKR1_endothelial","STIP1"
3.89195522089745e-25,0.257214272598112,0.26,0.15,9.53723626880919e-21,"ACKR1_endothelial","PEX19"
2.01600461473207e-17,0.256660785654827,0.83,0.701,4.94021930840095e-13,"ACKR1_endothelial","NDUFA11"
1.43532814300198e-20,0.256409649637226,0.552,0.381,3.51727161442636e-16,"ACKR1_endothelial","PUF60"
4.94150555482073e-17,0.256185138962118,0.415,0.283,1.21091593620882e-12,"ACKR1_endothelial","TPGS1"
6.32705478018444e-30,0.25584051161435,0.449,0.277,1.5504447738842e-25,"ACKR1_endothelial","TSR3"
1.68224361900824e-19,0.255351987712477,0.614,0.443,4.12233798837968e-15,"ACKR1_endothelial","SDF4"
8.13935860325746e-20,0.255196100386572,0.717,0.547,1.99454982572824e-15,"ACKR1_endothelial","ANXA11"
3.49487335082098e-19,0.255141426436844,0.73,0.573,8.56418714618681e-15,"ACKR1_endothelial","HSPE1"
5.48654127360951e-20,0.254953994523976,0.25,0.152,1.34447693909801e-15,"ACKR1_endothelial","COMMD9"
1.00503922444664e-19,0.254823192886205,0.654,0.477,2.46284861950649e-15,"ACKR1_endothelial","LMAN2"
1.34126065252623e-27,0.254585383748364,0.309,0.181,3.28675922901553e-23,"ACKR1_endothelial","C15orf40"
5.33578696357683e-25,0.254232542505549,0.262,0.153,1.3075345954245e-20,"ACKR1_endothelial","FAM13B"
3.04998303348008e-50,0.254053076410183,0.976,0.966,7.47398342354294e-46,"ACKR1_endothelial","SERF2"
5.65967014538683e-21,0.253867535666689,0.529,0.367,1.38690216912704e-16,"ACKR1_endothelial","ATP6V1E1"
3.50921457526587e-18,0.253364985956451,0.844,0.729,8.59933031668901e-14,"ACKR1_endothelial","RPS27L"
6.22395530941064e-30,0.252930206591557,0.469,0.295,1.52518024857108e-25,"ACKR1_endothelial","EIF4EBP2"
1.14200641700984e-23,0.25227310875628,0.621,0.435,2.79848672488262e-19,"ACKR1_endothelial","TECR"
5.00602305896114e-20,0.252228405116993,0.682,0.508,1.22672595059843e-15,"ACKR1_endothelial","C19orf60"
1.64337525679866e-25,0.251930651103908,0.499,0.328,4.02709106678511e-21,"ACKR1_endothelial","DEXI"
1.96842118838391e-16,0.251106226958702,0.744,0.59,4.82361612213477e-12,"ACKR1_endothelial","NDUFB9"
2.5586326096346e-19,0.251009790287392,0.67,0.49,6.2699292099096e-15,"ACKR1_endothelial","BCL7C"
2.13566243487554e-21,0.250990803212659,0.299,0.186,5.23344079666251e-17,"ACKR1_endothelial","PSMD14"
1.02493822552466e-25,0.250123387066973,0.316,0.189,2.51161112164818e-21,"ACKR1_endothelial","WRB"
0,8.74445834601041,0.674,0.004,0,"Arterial_endothelial","SEMA3G"
0,8.15704010794136,0.556,0.004,0,"Arterial_endothelial","TMEM178A"
0,7.56235030345964,0.403,0.005,0,"Arterial_endothelial","GJA5"
0,7.12776047083069,0.303,0.003,0,"Arterial_endothelial","AC004540.4"
0,7.09331875974119,0.363,0.005,0,"Arterial_endothelial","LINC00982"
0,6.08285366088727,0.84,0.059,0,"Arterial_endothelial","IGF2"
0,6.06572975060003,0.599,0.029,0,"Arterial_endothelial","SERPINE2"
0,5.87037868338001,0.546,0.02,0,"Arterial_endothelial","HEY1"
0,5.82149338235749,0.375,0.009,0,"Arterial_endothelial","CLIC5"
0,5.8065617950657,0.467,0.017,0,"Arterial_endothelial","NEBL"
0,5.7513595570349,0.38,0.012,0,"Arterial_endothelial","SYT1"
0,5.71302536759981,0.324,0.008,0,"Arterial_endothelial","PRDM16"
0,5.56698481451645,0.373,0.011,0,"Arterial_endothelial","ADRA2C"
0,5.03815032150327,0.483,0.032,0,"Arterial_endothelial","PCSK5"
0,4.8564927502887,0.708,0.058,0,"Arterial_endothelial","TSPAN2"
0,4.61481563270781,0.849,0.118,0,"Arterial_endothelial","CXCL12"
0,4.5515014084067,0.357,0.025,0,"Arterial_endothelial","C19orf33"
0,4.40010492425179,0.257,0.017,0,"Arterial_endothelial","PTGER4"
0,4.30692998040079,0.636,0.07,0,"Arterial_endothelial","ARL15"
0,4.30208979870313,0.251,0.017,0,"Arterial_endothelial","EPHA3"
0,4.21099362761031,0.401,0.035,0,"Arterial_endothelial","COL21A1"
0,4.17419931352686,0.619,0.058,0,"Arterial_endothelial","FILIP1"
0,4.14967342274213,0.404,0.038,0,"Arterial_endothelial","FBLIM1"
0,4.1381451634963,0.465,0.085,0,"Arterial_endothelial","ENPP2"
0,4.13086511892595,0.44,0.045,0,"Arterial_endothelial","ADAMTS6"
0,4.02921352812542,0.584,0.065,0,"Arterial_endothelial","ATP2A3"
0,4.00935914317382,0.26,0.02,0,"Arterial_endothelial","SCD5"
0,3.938853685189,0.554,0.069,0,"Arterial_endothelial","ACE"
0,3.55125996839042,0.5,0.061,0,"Arterial_endothelial","PDGFD"
0,3.49369517288235,0.448,0.057,0,"Arterial_endothelial","SYT11"
0,3.38947831338743,0.624,0.092,0,"Arterial_endothelial","JAG2"
0,3.38575673370359,0.3,0.036,0,"Arterial_endothelial","TP53I11"
0,3.37188074963622,0.375,0.046,0,"Arterial_endothelial","GLIPR2"
0,3.25424707760007,0.633,0.142,0,"Arterial_endothelial","MECOM"
0,3.13655183853174,0.825,0.243,0,"Arterial_endothelial","FBLN2"
0,3.12385513631548,0.364,0.066,0,"Arterial_endothelial","PI16"
0,3.10138007994371,0.655,0.105,0,"Arterial_endothelial","MMP2"
0,3.04411862556174,0.747,0.316,0,"Arterial_endothelial","SULF1"
0,2.97018244885087,0.61,0.126,0,"Arterial_endothelial","LPCAT2"
0,2.94020211929172,0.422,0.073,0,"Arterial_endothelial","PDGFB"
0,2.90457672619805,0.551,0.095,0,"Arterial_endothelial","VEGFC"
0,2.89197620359984,0.306,0.042,0,"Arterial_endothelial","VASH1"
0,2.88641778855527,0.926,0.45,0,"Arterial_endothelial","CLDN5"
0,2.86320617905149,0.529,0.091,0,"Arterial_endothelial","LTBP1"
3.85460630145708e-252,2.83535069291687,0.298,0.056,9.44571274172057e-248,"Arterial_endothelial","C4orf48"
0,2.82850725718276,0.553,0.129,0,"Arterial_endothelial","PLLP"
0,2.82518505376232,0.483,0.094,0,"Arterial_endothelial","TM6SF1"
0,2.8084734520694,0.74,0.246,0,"Arterial_endothelial","EMP3"
6.80166879248428e-306,2.80024031659835,0.373,0.075,1.66674893759827e-301,"Arterial_endothelial","FUT8"
6.71229284156155e-233,2.75806117224734,0.466,0.155,1.64484736082466e-228,"Arterial_endothelial","BGN"
0,2.75789105328188,0.735,0.312,0,"Arterial_endothelial","C10orf10"
0,2.66502134875483,0.66,0.201,0,"Arterial_endothelial","STMN1"
1.20075077263789e-181,2.65662813714677,0.447,0.16,2.94243976834915e-177,"Arterial_endothelial","EDN1"
0,2.63085109956871,0.495,0.095,0,"Arterial_endothelial","MET"
3.61583717059481e-251,2.6128239260061,0.546,0.196,8.86060898654258e-247,"Arterial_endothelial","CRIP1"
2.07924788376887e-252,2.6089632891496,0.418,0.112,5.09519693917562e-248,"Arterial_endothelial","COL8A1"
2.66424372936911e-296,2.60249014845793,0.466,0.122,6.52872925881901e-292,"Arterial_endothelial","CITED4"
0,2.60230314655183,0.467,0.11,0,"Arterial_endothelial","FAM89A"
2.69633551865559e-217,2.56897312079526,0.259,0.048,6.60737018846553e-213,"Arterial_endothelial","PREX1"
7.91126703957174e-221,2.55169668161526,0.691,0.374,1.93865598804706e-216,"Arterial_endothelial","IGFBP3"
3.48385752580293e-218,2.54343835745588,0.279,0.055,8.53719286698008e-214,"Arterial_endothelial","IRF6"
0,2.49394552514408,0.354,0.058,0,"Arterial_endothelial","FBLN5"
5.75966842745205e-248,2.47099567239264,0.798,0.527,1.41140674814712e-243,"Arterial_endothelial","GLUL"
0,2.45052304888637,0.896,0.635,0,"Arterial_endothelial","FN1"
8.38414205568659e-267,2.41667697051361,0.616,0.243,2.054534010746e-262,"Arterial_endothelial","ELN"
0,2.38306288494405,0.51,0.127,0,"Arterial_endothelial","FGF2"
0,2.37077503100239,0.63,0.206,0,"Arterial_endothelial","MAST4"
0,2.34628677323274,0.66,0.204,0,"Arterial_endothelial","ASS1"
2.41978900383988e-177,2.34227697475507,0.285,0.07,5.92969295390962e-173,"Arterial_endothelial","LAPTM5"
0,2.32422395809357,0.554,0.147,0,"Arterial_endothelial","ANXA3"
2.46832555746172e-195,2.29594139457662,0.352,0.096,6.04863177855995e-191,"Arterial_endothelial","KPNA2"
0,2.28485943446794,0.534,0.109,0,"Arterial_endothelial","PPP1R14A"
7.40143266899391e-215,2.23816545783478,0.708,0.375,1.81372107553696e-210,"Arterial_endothelial","CTGF"
1.35668833379019e-187,2.23218586304889,0.419,0.141,3.32456476195286e-183,"Arterial_endothelial","ABI3BP"
2.641911203856e-143,2.2314509961277,0.252,0.065,6.47400340504912e-139,"Arterial_endothelial","SYNJ2"
1.83261769324899e-266,2.22890093159779,0.481,0.138,4.49082965730664e-262,"Arterial_endothelial","SPECC1"
0,2.21759743091149,0.73,0.321,0,"Arterial_endothelial","ITPR2"
1.17960332495821e-202,2.21277354371843,0.384,0.108,2.89061794781009e-198,"Arterial_endothelial","C8orf4"
0,2.17410384855822,0.924,0.575,0,"Arterial_endothelial","RHOB"
6.60768680665998e-282,2.15113325119041,0.565,0.186,1.61921365197203e-277,"Arterial_endothelial","AIF1L"
0,2.1496374607194,0.778,0.368,0,"Arterial_endothelial","DST"
2.24795738846666e-221,2.1465944788585,0.437,0.131,5.50861958043756e-217,"Arterial_endothelial","MCTP1"
1.4246926350142e-245,2.13178234749751,0.78,0.506,3.4912093021023e-241,"Arterial_endothelial","PLPP1"
0,2.13149390546221,0.755,0.316,0,"Arterial_endothelial","CDH13"
2.08024196559352e-197,2.11070633046106,0.285,0.062,5.09763293668693e-193,"Arterial_endothelial","ITGB5"
2.22886588042597e-312,2.10072228949594,0.738,0.339,5.46183583998385e-308,"Arterial_endothelial","LTC4S"
0,2.09269920263846,0.694,0.19,0,"Arterial_endothelial","SOX17"
0,2.09081448177548,0.806,0.389,0,"Arterial_endothelial","IFI6"
0,2.05597437745719,0.71,0.259,0,"Arterial_endothelial","NES"
2.0245423090206e-191,2.05532654733133,0.393,0.117,4.96114092825498e-187,"Arterial_endothelial","FGL2"
3.89656779129042e-161,2.04552477811944,0.279,0.07,9.54853937255716e-157,"Arterial_endothelial","B3GALNT1"
2.08312561449276e-148,2.04081990362142,0.341,0.108,5.10469931831451e-144,"Arterial_endothelial","ATP13A3"
6.60893574982537e-161,2.03995302426585,0.275,0.068,1.61951970549471e-156,"Arterial_endothelial","SEMA3F"
0,2.0263097525871,0.856,0.475,0,"Arterial_endothelial","PPA1"
1.4660973542979e-289,2.02181025057572,0.662,0.256,3.59267156670701e-285,"Arterial_endothelial","LRRC32"
1.14314440970486e-203,2.01286441213705,0.47,0.16,2.80127537598176e-199,"Arterial_endothelial","CLDN10"
0,2.01147389871222,0.824,0.429,0,"Arterial_endothelial","PTPRB"
0,2.0073083568085,0.922,0.609,0,"Arterial_endothelial","ICAM2"
2.54926968828578e-249,1.99601950233996,0.482,0.142,6.24698537114429e-245,"Arterial_endothelial","HSPA12B"
3.86189235364032e-192,1.99087254193706,0.374,0.106,9.4635672125956e-188,"Arterial_endothelial","SOX13"
7.7795589517708e-213,1.98495361385769,0.522,0.188,1.90638092113143e-208,"Arterial_endothelial","ANKRD29"
2.11469823094177e-135,1.98067718535997,0.263,0.072,5.18206801492281e-131,"Arterial_endothelial","MYO5A"
8.23390753070803e-240,1.96991613352381,0.582,0.219,2.0177190404e-235,"Arterial_endothelial","GFOD1"
0,1.96438531637275,0.994,0.962,0,"Arterial_endothelial","SRP14"
0,1.96004522803864,0.794,0.392,0,"Arterial_endothelial","LAP3"
3.29293542723512e-160,1.95198591580166,0.324,0.093,8.06933826443967e-156,"Arterial_endothelial","ITGA3"
4.3950833079347e-250,1.94902866780098,0.464,0.131,1.0770151646094e-245,"Arterial_endothelial","PALLD"
4.2725156204133e-286,1.93692907374923,0.757,0.38,1.04697995278228e-281,"Arterial_endothelial","LTBP4"
1.45647502084654e-161,1.93444069625142,0.35,0.107,3.56909203858445e-157,"Arterial_endothelial","TNKS1BP1"
4.43127507142632e-115,1.912458745327,0.398,0.17,1.08588395625302e-110,"Arterial_endothelial","ABL2"
8.16525825015612e-108,1.91198334534914,0.468,0.236,2.00089653420076e-103,"Arterial_endothelial","SLC12A2"
7.80015978728572e-199,1.90992681263071,0.435,0.137,1.91142915587437e-194,"Arterial_endothelial","PCDH1"
6.02803347527542e-275,1.90354770098995,0.686,0.298,1.47716960311624e-270,"Arterial_endothelial","CTTNBP2NL"
1.65403960002409e-210,1.89139285349866,0.505,0.177,4.05322403985903e-206,"Arterial_endothelial","PLCB1"
4.718274487795e-103,1.88010778848648,0.263,0.087,1.15621316323417e-98,"Arterial_endothelial","EXT1"
2.13620983056431e-144,1.87825805688776,0.317,0.096,5.23478218979785e-140,"Arterial_endothelial","MAP4K3"
4.54375488797639e-213,1.87643773267699,0.686,0.342,1.11344713529862e-208,"Arterial_endothelial","GADD45A"
8.62589764906668e-230,1.87508374729007,0.53,0.183,2.11377621890379e-225,"Arterial_endothelial","KIAA1671"
9.23364804433504e-204,1.8710023255656,0.513,0.189,2.2627054532643e-199,"Arterial_endothelial","COBLL1"
1.20279162637356e-265,1.86340006430221,0.552,0.175,2.94744088042841e-261,"Arterial_endothelial","SORBS2"
8.42777711585984e-286,1.86329959498865,0.753,0.372,2.06522678224145e-281,"Arterial_endothelial","PLS3"
8.01565742991802e-128,1.86315743375816,0.295,0.092,1.96423685320141e-123,"Arterial_endothelial","FRMD4A"
2.19781895940459e-182,1.8364972324913,0.398,0.123,5.38575536002094e-178,"Arterial_endothelial","ENPP4"
2.22976761183227e-127,1.82594910460808,0.478,0.218,5.46404553279498e-123,"Arterial_endothelial","CX3CL1"
5.20873840908785e-113,1.82341527251024,0.269,0.085,1.27640134714698e-108,"Arterial_endothelial","NOV"
0,1.81155537708329,0.944,0.828,0,"Arterial_endothelial","SLC9A3R2"
2.44091624584966e-173,1.80300677570565,0.449,0.161,5.9814652604546e-169,"Arterial_endothelial","PKN3"
6.20035710279429e-191,1.79770631093231,0.408,0.124,1.51939750803974e-186,"Arterial_endothelial","APBB2"
0,1.79458711348037,0.97,0.902,0,"Arterial_endothelial","TIMP3"
9.98393411511205e-266,1.79349826781258,0.738,0.365,2.44656305490821e-261,"Arterial_endothelial","CDC42BPA"
5.25457580205844e-203,1.79254452122401,0.49,0.168,1.28763380029442e-198,"Arterial_endothelial","AGRN"
9.08724308178365e-173,1.78913381059351,0.464,0.171,2.22682891719108e-168,"Arterial_endothelial","SLC48A1"
5.86427870153937e-110,1.78366364391628,0.256,0.078,1.43704149581222e-105,"Arterial_endothelial","RASGRF2"
4.6040891802239e-202,1.77602551599808,0.586,0.248,1.12823205361387e-197,"Arterial_endothelial","FAM69B"
6.90984976937156e-208,1.77415890714704,0.653,0.317,1.6932586859845e-203,"Arterial_endothelial","ITSN2"
4.63138913010219e-170,1.77363931808913,0.388,0.122,1.13492190633154e-165,"Arterial_endothelial","NAV1"
6.35133918332494e-162,1.77304936756848,0.472,0.185,1.55639566687378e-157,"Arterial_endothelial","AGPAT1"
1.48909785532748e-101,1.77286605204005,0.254,0.082,3.64903429447999e-97,"Arterial_endothelial","RSAD2"
9.57441759033278e-239,1.75704109305658,0.752,0.378,2.34621103051105e-234,"Arterial_endothelial","IL32"
9.19516630934983e-219,1.75116105264807,0.769,0.477,2.25327550410617e-214,"Arterial_endothelial","JAG1"
0,1.74040651470404,0.991,0.84,0,"Arterial_endothelial","IFI27"
1.21476893881545e-128,1.73590809304172,0.324,0.107,2.97679128456727e-124,"Arterial_endothelial","CYB561"
8.85368701110128e-180,1.73157066289435,0.516,0.205,2.16959600207037e-175,"Arterial_endothelial","LRRC8A"
1.46649234348427e-184,1.71887790028707,0.57,0.247,3.5936394877082e-180,"Arterial_endothelial","PLCB4"
5.35737225382073e-215,1.7176437203928,0.616,0.267,1.31282407079877e-210,"Arterial_endothelial","NPTN"
2.47174474345036e-121,1.70958273494349,0.321,0.108,6.05701049382511e-117,"Arterial_endothelial","HIP1R"
7.13714412605817e-144,1.70621494910502,0.37,0.126,1.74895716809056e-139,"Arterial_endothelial","LGALS9"
1.59664949185779e-169,1.6955549731363,0.435,0.149,3.91258957979752e-165,"Arterial_endothelial","EPHA4"
1.20050449439012e-143,1.69196655670564,0.438,0.171,2.94183626350299e-139,"Arterial_endothelial","PIK3C2B"
4.84587942946003e-130,1.69121567085,0.385,0.144,1.18748275418918e-125,"Arterial_endothelial","STK38L"
6.33298318097764e-127,1.69059779709892,0.369,0.134,1.55189752849857e-122,"Arterial_endothelial","RPS6KA5"
1.10797115275317e-187,1.68322737961071,0.622,0.296,2.71508330982165e-183,"Arterial_endothelial","OCIAD2"
6.33631166966369e-92,1.66531388811528,0.28,0.102,1.55271317465109e-87,"Arterial_endothelial","NQO1"
0,1.6629889735674,0.973,0.806,0,"Arterial_endothelial","PECAM1"
1.13419558270324e-116,1.63165312669956,0.296,0.096,2.77934627541428e-112,"Arterial_endothelial","MSX1"
0,1.62605915377305,0.904,0.64,0,"Arterial_endothelial","GAS6"
5.78739357336585e-154,1.62044570873835,0.524,0.23,1.4182007951533e-149,"Arterial_endothelial","IFITM1"
6.72291196178156e-282,1.60757800738137,0.817,0.466,1.64744957623457e-277,"Arterial_endothelial","CDH5"
1.06918337348247e-200,1.60631913584676,0.666,0.332,2.62003385671879e-196,"Arterial_endothelial","PTPRM"
1.3095567874768e-125,1.60234846539712,0.415,0.168,3.20906890771191e-121,"Arterial_endothelial","TBC1D1"
9.18202858931081e-142,1.58659027392606,0.568,0.278,2.25005610581061e-137,"Arterial_endothelial","GJA4"
9.59135790403772e-99,1.58069885678409,0.297,0.108,2.35036225438444e-94,"Arterial_endothelial","RNF144B"
5.17972384130131e-134,1.57380328762021,0.543,0.263,1.26929132731089e-129,"Arterial_endothelial","CRYBG3"
2.56763927756437e-169,1.57309980179488,0.551,0.235,6.29200004967149e-165,"Arterial_endothelial","ORAI1"
5.46306119449266e-139,1.57059178780878,0.415,0.156,1.33872314571043e-134,"Arterial_endothelial","MSI2"
6.11871369944583e-301,1.56925390894481,0.892,0.594,1.4993907920492e-296,"Arterial_endothelial","BST2"
9.60638798667947e-296,1.5650918689064,0.856,0.553,2.3540453761358e-291,"Arterial_endothelial","CAPZA2"
1.27442914867945e-88,1.54981994156795,0.316,0.129,3.12298862883899e-84,"Arterial_endothelial","GCHFR"
3.32577003861175e-130,1.54978890996761,0.419,0.164,8.14979947961809e-126,"Arterial_endothelial","MAP7D1"
1.94133871781031e-142,1.54788185149461,0.402,0.144,4.75725052799416e-138,"Arterial_endothelial","SH3BP4"
1.25876417592418e-118,1.54775335827975,0.403,0.163,3.0846016131022e-114,"Arterial_endothelial","GPRC5B"
3.37696007246173e-81,1.54150315105254,0.406,0.206,8.27524065756747e-77,"Arterial_endothelial","PGM2L1"
3.65243686562493e-97,1.53527583352103,0.304,0.112,8.9502965392139e-93,"Arterial_endothelial","KLHL5"
3.65238438234077e-116,1.53220454534312,0.348,0.128,8.95016792892605e-112,"Arterial_endothelial","RP11-147L13.11"
7.02214102885439e-107,1.52147359252996,0.326,0.118,1.72077565912077e-102,"Arterial_endothelial","PRKX"
2.52280113688905e-90,1.51112392404,0.284,0.105,6.18212418594662e-86,"Arterial_endothelial","HOMER3"
1.03795528459152e-119,1.50370728465877,0.43,0.181,2.54350942489152e-115,"Arterial_endothelial","MMP28"
2.27846550848879e-297,1.50120496595937,0.929,0.763,5.58337972855178e-293,"Arterial_endothelial","SRGN"
2.21556293301139e-90,1.49564222737951,0.306,0.118,5.42923696734441e-86,"Arterial_endothelial","ATP8A1"
0,1.49369565415335,0.987,0.897,0,"Arterial_endothelial","RAMP2"
2.48348560639226e-182,1.48828537990021,0.682,0.358,6.08578147846423e-178,"Arterial_endothelial","ISG15"
1.12820232194143e-125,1.48456228184385,0.451,0.191,2.76465978991747e-121,"Arterial_endothelial","HIP1"
1.94158109929297e-99,1.48209945387104,0.328,0.125,4.75784448381743e-95,"Arterial_endothelial","KIF13B"
1.52077374484918e-81,1.48120834433101,0.324,0.138,3.72665606175292e-77,"Arterial_endothelial","FEM1C"
2.05909092371209e-114,1.46549110749866,0.399,0.162,5.04580230855648e-110,"Arterial_endothelial","ARHGEF2"
8.6450876851022e-79,1.45803024113012,0.281,0.11,2.11847873723429e-74,"Arterial_endothelial","CCDC88C"
8.86205990246745e-194,1.45612810426199,0.69,0.335,2.17164777909965e-189,"Arterial_endothelial","IFI44L"
1.96394554706407e-74,1.44875898807892,0.26,0.101,4.8126485630805e-70,"Arterial_endothelial","DENND3"
9.74224234084281e-184,1.43830798120661,0.521,0.192,2.38733648562353e-179,"Arterial_endothelial","MAP1B"
1.28070412782999e-143,1.43632184259705,0.475,0.192,3.13836546524739e-139,"Arterial_endothelial","DHRS3"
8.20694762923935e-97,1.43411739937464,0.351,0.143,2.0111125165451e-92,"Arterial_endothelial","AFAP1L2"
0,1.43162638039977,0.96,0.742,0,"Arterial_endothelial","A2M"
6.89785145985949e-182,1.43039120159461,0.72,0.422,1.69031850023857e-177,"Arterial_endothelial","MAP4"
2.63509228628791e-106,1.42960168676288,0.477,0.231,6.45729364754853e-102,"Arterial_endothelial","SOS1"
9.60774666295127e-229,1.42387045483446,0.892,0.715,2.35437831975621e-224,"Arterial_endothelial","HSPG2"
3.51963875215531e-123,1.42161476918105,0.415,0.165,8.62487476215659e-119,"Arterial_endothelial","IFNAR2"
9.10164629870632e-77,1.42079135996445,0.424,0.224,2.23035842549798e-72,"Arterial_endothelial","TMEM120A"
9.01744630614412e-87,1.4202239559047,0.306,0.121,2.20972521732062e-82,"Arterial_endothelial","EXOC6B"
5.41097856325585e-128,1.41752821308113,0.527,0.253,1.32596029692584e-123,"Arterial_endothelial","ANO6"
2.02401723281839e-119,1.41169849776333,0.548,0.276,4.95985422902146e-115,"Arterial_endothelial","NOTCH4"
1.95435164571522e-281,1.40852869038847,0.89,0.577,4.78913870782516e-277,"Arterial_endothelial","ADAM15"
1.16197102341597e-103,1.39852461916845,0.597,0.35,2.84740999288082e-99,"Arterial_endothelial","DDIT4"
2.78410044903857e-129,1.39621954506972,0.566,0.287,6.82243815036902e-125,"Arterial_endothelial","CPNE2"
1.89114378862906e-76,1.38870149894006,0.274,0.107,4.63424785403552e-72,"Arterial_endothelial","CAMK1D"
3.73301523094008e-106,1.37232456928646,0.461,0.22,9.14775382341867e-102,"Arterial_endothelial","SHROOM4"
4.58335787549912e-79,1.36709422646872,0.342,0.152,1.12315184739106e-74,"Arterial_endothelial","MAML1"
2.03465829094148e-62,1.36058351904868,0.373,0.197,4.9859301419521e-58,"Arterial_endothelial","MRPS6"
2.20155301406021e-64,1.36042240136499,0.272,0.116,5.39490566095454e-60,"Arterial_endothelial","ADARB1"
8.11052751707526e-220,1.36041604935927,0.793,0.465,1.98748476805929e-215,"Arterial_endothelial","SSFA2"
1.98896885666109e-83,1.3501220160568,0.522,0.298,4.87396818324801e-79,"Arterial_endothelial","IFIT3"
6.72964004959432e-61,1.34505364720696,0.25,0.105,1.64909829415309e-56,"Arterial_endothelial","PFN2"
2.00202016487785e-87,1.3416877872957,0.333,0.136,4.90595041403317e-83,"Arterial_endothelial","SORT1"
2.5557397506779e-132,1.34002675599388,0.596,0.309,6.26284025903619e-128,"Arterial_endothelial","ANKRD28"
1.6042151915386e-94,1.33796786066605,0.36,0.148,3.93112932686534e-90,"Arterial_endothelial","GIPC2"
4.68387840003932e-64,1.3374468327864,0.301,0.137,1.14778440192963e-59,"Arterial_endothelial","CDIP1"
3.53489005428003e-104,1.33727967794094,0.472,0.226,8.66224807801321e-100,"Arterial_endothelial","NHSL2"
4.08704197645664e-110,1.33513039639432,0.475,0.222,1.0015296363307e-105,"Arterial_endothelial","C8orf33"
1.8567996931446e-129,1.33469282776353,0.741,0.487,4.55008764805085e-125,"Arterial_endothelial","MGLL"
7.80662719185235e-76,1.33215827647938,0.446,0.236,1.91301399336342e-71,"Arterial_endothelial","RGS3"
3.34647953330863e-140,1.32919221592075,0.638,0.351,8.2005480963728e-136,"Arterial_endothelial","CFAP36"
8.6980744291495e-57,1.32674531320896,0.328,0.166,2.13146313886309e-52,"Arterial_endothelial","LDLR"
4.62253413573298e-104,1.31562584416445,0.391,0.162,1.13275198996137e-99,"Arterial_endothelial","CPXM2"
3.99016177601972e-76,1.31212058514534,0.328,0.144,9.77789143213631e-72,"Arterial_endothelial","FMNL3"
2.13984856917285e-76,1.31012799555652,0.313,0.133,5.24369891875806e-72,"Arterial_endothelial","C14orf1"
9.7550048342588e-78,1.30740028664507,0.328,0.142,2.39046393463512e-73,"Arterial_endothelial","PIK3IP1"
4.5333475806626e-59,1.30737044049111,0.263,0.115,1.11089682464137e-54,"Arterial_endothelial","SNX18"
2.81559044635041e-89,1.29956483976892,0.488,0.259,6.89960438878167e-85,"Arterial_endothelial","ERC1"
1.7451352688563e-77,1.29658916769736,0.357,0.164,4.27645397633236e-73,"Arterial_endothelial","HMOX2"
0,1.29000339489019,0.97,0.864,0,"Arterial_endothelial","CRIP2"
1.08621414223459e-163,1.28302837692457,0.743,0.451,2.66176775554587e-159,"Arterial_endothelial","MLLT4"
6.47208411284623e-118,1.27993655251381,0.406,0.158,1.58598421185297e-113,"Arterial_endothelial","IL3RA"
1.05612991120183e-50,1.27859815916324,0.264,0.124,2.58804634740008e-46,"Arterial_endothelial","DDX60L"
0,1.27737828020042,0.964,0.865,0,"Arterial_endothelial","GNAI2"
6.96163964259757e-64,1.27379628346476,0.293,0.131,1.70594979441853e-59,"Arterial_endothelial","ST8SIA6"
1.16469284388899e-139,1.27277110480916,0.723,0.482,2.85407981394998e-135,"Arterial_endothelial","AKAP13"
8.20871102410226e-127,1.27268840348942,0.609,0.337,2.01154463645626e-122,"Arterial_endothelial","SEC11C"
2.75572768434391e-92,1.27035164058986,0.51,0.271,6.75291069048475e-88,"Arterial_endothelial","PDLIM4"
2.27368884032798e-300,1.27022053113358,0.967,0.917,5.5716745032237e-296,"Arterial_endothelial","HSPB1"
2.10907024310101e-89,1.26695631333724,0.438,0.212,5.16827663071902e-85,"Arterial_endothelial","RAPGEF3"
8.16625606665752e-86,1.26350033668374,0.419,0.199,2.00114104913443e-81,"Arterial_endothelial","TUBA4A"
3.62597553729059e-55,1.25015955254624,0.267,0.121,8.8854530541306e-51,"Arterial_endothelial","USHBP1"
7.16812482770469e-68,1.24980792015828,0.428,0.233,1.75654898902903e-63,"Arterial_endothelial","PTGIS"
9.60211672384823e-91,1.24606620986626,0.538,0.309,2.35299870317901e-86,"Arterial_endothelial","AKR1B1"
8.05168905395164e-89,1.24050190414018,0.491,0.258,1.97306640267085e-84,"Arterial_endothelial","AK1"
9.59806165855521e-300,1.23975858464269,0.943,0.81,2.35200500942896e-295,"Arterial_endothelial","EPAS1"
2.03181371341833e-85,1.2381609087615,0.415,0.198,4.97895950473161e-81,"Arterial_endothelial","AZIN1"
1.89465188222374e-80,1.23600475241336,0.389,0.185,4.64284443738926e-76,"Arterial_endothelial","CD58"
1.04548759546621e-210,1.2358883344616,0.835,0.537,2.56196735268996e-206,"Arterial_endothelial","ADGRL4"
6.67198482709579e-86,1.22749545819526,0.5,0.273,1.63496988187982e-81,"Arterial_endothelial","THSD7A"
7.62178255630262e-58,1.22584555679129,0.895,0.832,1.86771781542196e-53,"Arterial_endothelial","MGP"
1.35224708392857e-84,1.22361406742531,0.355,0.152,3.31368147916697e-80,"Arterial_endothelial","NOS3"
1.49177397195136e-73,1.22066921461338,0.447,0.246,3.6555921182668e-69,"Arterial_endothelial","IFIT1"
7.0775526975027e-85,1.21920814288998,0.478,0.256,1.73435428852304e-80,"Arterial_endothelial","TNFRSF1B"
1.74173887623147e-142,1.21870015851088,0.718,0.455,4.26813111620522e-138,"Arterial_endothelial","S1PR1"
2.73924421336279e-113,1.21107986756506,0.654,0.41,6.71251794484551e-109,"Arterial_endothelial","KIAA1462"
9.85156575718256e-141,1.21081316556266,0.692,0.396,2.41412618879759e-136,"Arterial_endothelial","XAF1"
5.2470289992346e-164,1.20160224375408,0.803,0.563,1.28578445626244e-159,"Arterial_endothelial","CLIC4"
2.93827734262288e-94,1.19856350141997,0.51,0.27,7.20024862809736e-90,"Arterial_endothelial","PMVK"
3.16916961747234e-119,1.19442018883712,0.665,0.414,7.76605014761597e-115,"Arterial_endothelial","PKIG"
3.89420792307237e-110,1.19103956080308,0.587,0.327,9.54275651548884e-106,"Arterial_endothelial","DAP"
2.05113087301503e-76,1.19003872992921,0.384,0.182,5.02629620432334e-72,"Arterial_endothelial","F11R"
0,1.18809871090965,0.984,0.945,0,"Arterial_endothelial","CD81"
3.88109764834564e-35,1.18533056973645,0.281,0.156,9.51062978727099e-31,"Arterial_endothelial","IFIT2"
1.20186812432632e-60,1.18486336065073,0.321,0.153,2.94517783866166e-56,"Arterial_endothelial","TMEM184B"
6.80202138171848e-50,1.18385834695238,0.662,0.545,1.66683533959011e-45,"Arterial_endothelial","ADAMTS1"
1.86032044797598e-67,1.18372143454092,0.428,0.232,4.55871525776515e-63,"Arterial_endothelial","LEPROTL1"
9.81634852286799e-135,1.18276858735356,0.79,0.603,2.4054962055288e-130,"Arterial_endothelial","PDCD4"
1.27903642633444e-183,1.18095600653603,0.721,0.349,3.13427876273256e-179,"Arterial_endothelial","LMCD1"
1.28266785368387e-49,1.17983249387204,0.293,0.147,3.14317757545231e-45,"Arterial_endothelial","SETBP1"
2.00500787867798e-96,1.17440289030345,0.643,0.416,4.91327180670038e-92,"Arterial_endothelial","YWHAH"
1.23460954652074e-50,1.17147741734532,0.253,0.116,3.02541069374909e-46,"Arterial_endothelial","SLFN11"
2.12920874225231e-252,1.16590726285432,0.967,0.887,5.21762602288928e-248,"Arterial_endothelial","SEPW1"
1.58577194688781e-138,1.1617271130611,0.718,0.455,3.88593415584858e-134,"Arterial_endothelial","SWAP70"
1.08632764956668e-122,1.15640303951174,0.661,0.404,2.66204590526315e-118,"Arterial_endothelial","CALU"
3.94055290058163e-96,1.15320396932491,0.523,0.274,9.65632488287528e-92,"Arterial_endothelial","TAX1BP3"
4.90353139731412e-71,1.14276966928004,0.304,0.129,1.20161036891182e-66,"Arterial_endothelial","CTSS"
1.87758101916272e-160,1.1393355530208,0.779,0.503,4.60101228745824e-156,"Arterial_endothelial","RRAS"
1.34697716891457e-58,1.13749198497643,0.49,0.299,3.30076755242515e-54,"Arterial_endothelial","ARPC5L"
1.64289549428335e-114,1.13510965675352,0.686,0.439,4.02591540874134e-110,"Arterial_endothelial","LEPR"
5.68809414214344e-188,1.13310301694751,0.851,0.611,1.39386746953225e-183,"Arterial_endothelial","ACTN4"
3.48483792251703e-50,1.13281238958762,0.292,0.143,8.53959532912798e-46,"Arterial_endothelial","WDFY3"
7.58116375408084e-78,1.12787689433934,0.465,0.245,1.85776417793751e-73,"Arterial_endothelial","FNDC3B"
7.33121170848565e-119,1.12631639927585,0.699,0.447,1.79651342916441e-114,"Arterial_endothelial","PRKCDBP"
5.8752356998327e-137,1.12533810492567,0.795,0.589,1.439726508244e-132,"Arterial_endothelial","MRPL33"
1.95781783484159e-92,1.11766174775297,0.568,0.32,4.79763260427932e-88,"Arterial_endothelial","SHE"
1.47681950595372e-60,1.11560879526897,0.361,0.182,3.6189461993396e-56,"Arterial_endothelial","AHNAK2"
4.55289310566716e-62,1.11434756368223,0.306,0.141,1.11568645554374e-57,"Arterial_endothelial","FURIN"
4.27812188403837e-51,1.1142219210655,0.262,0.12,1.0483537676836e-46,"Arterial_endothelial","EEF2K"
1.8038367028398e-56,1.11064517637313,0.31,0.149,4.42030184030893e-52,"Arterial_endothelial","SAMD9"
4.7612115662986e-53,1.1096461606447,0.33,0.168,1.16673489432147e-48,"Arterial_endothelial","DGKE"
2.9152931786027e-68,1.10855562259362,0.35,0.164,7.14392593416591e-64,"Arterial_endothelial","CNDP2"
3.03951740803519e-95,1.10642597797805,0.547,0.298,7.44833740839024e-91,"Arterial_endothelial","MX1"
3.48368387222245e-90,1.10130221299132,0.588,0.352,8.53676732888111e-86,"Arterial_endothelial","PGRMC2"
3.63633635690348e-294,1.09261346771818,0.972,0.852,8.91084224259197e-290,"Arterial_endothelial","RNASE1"
1.91371956778123e-76,1.0919808286714,0.466,0.25,4.6895698008479e-72,"Arterial_endothelial","LRRC8C"
7.59155839952548e-55,1.08948149574144,0.412,0.233,1.86031138580372e-50,"Arterial_endothelial","PELI1"
2.61435536666902e-33,1.0862989790127,0.357,0.228,6.40647782602244e-29,"Arterial_endothelial","SGK1"
4.14925183927932e-56,1.08395480980921,0.326,0.16,1.0167741632154e-51,"Arterial_endothelial","SMC6"
2.17480763335781e-63,1.08337194988603,0.418,0.225,5.32936610554332e-59,"Arterial_endothelial","MTURN"
5.38816926734679e-80,1.08248197805352,0.546,0.319,1.32037087896333e-75,"Arterial_endothelial","BMX"
4.16312069101378e-31,1.07940793412288,0.275,0.157,1.02017272533293e-26,"Arterial_endothelial","FADS3"
5.70734075123942e-58,1.07728975510984,0.316,0.152,1.39858385109122e-53,"Arterial_endothelial","NDUFA7"
5.8411867645363e-49,1.06960951456028,0.316,0.163,1.43138281664962e-44,"Arterial_endothelial","FAM214A"
6.42429903129011e-16,1.06256465087138,0.287,0.207,1.57427447761764e-11,"Arterial_endothelial","CXCL2"
4.70189369281955e-46,1.06125691635311,0.297,0.152,1.15219904942543e-41,"Arterial_endothelial","SMAD3"
2.2345202457518e-225,1.06092231954206,0.948,0.845,5.47569186221479e-221,"Arterial_endothelial","RHOC"
1.18097141078024e-50,1.05918685780872,0.284,0.134,2.89397044211697e-46,"Arterial_endothelial","RUNDC3B"
2.56216992786398e-81,1.05642667789292,0.536,0.305,6.27859740823069e-77,"Arterial_endothelial","HPCAL1"
7.39403543870052e-69,1.05488354131102,0.448,0.242,1.81190838425356e-64,"Arterial_endothelial","CARD16"
1.43841163107424e-42,1.05246656181184,0.26,0.128,3.52482770194742e-38,"Arterial_endothelial","DDX58"
2.86138656165247e-53,1.04903516128705,0.306,0.148,7.01182776932939e-49,"Arterial_endothelial","RAP2A"
2.7298017745644e-81,1.0472449419391,0.545,0.315,6.68937924857007e-77,"Arterial_endothelial","SKIL"
4.45219599139226e-52,1.04687404215807,0.355,0.188,1.09101062769067e-47,"Arterial_endothelial","FDFT1"
4.86572334931476e-44,1.04357366167949,0.286,0.146,1.19234550674958e-39,"Arterial_endothelial","RP11-798M19.6"
7.85052834903424e-77,1.04348175252617,0.452,0.233,1.92377197193084e-72,"Arterial_endothelial","FLNC"
1.52558018907974e-42,1.04315519030162,0.286,0.148,3.73843425333989e-38,"Arterial_endothelial","UBL7"
8.92128219541879e-66,1.0400928929695,0.463,0.261,2.18616020198737e-61,"Arterial_endothelial","WLS"
2.35817756201556e-47,1.03985477168719,0.291,0.145,5.77871411571912e-43,"Arterial_endothelial","CGNL1"
3.40308262116387e-46,1.03740217541291,0.305,0.157,8.33925396316206e-42,"Arterial_endothelial","ARRB1"
1.05983408076577e-195,1.03330268015638,0.931,0.846,2.59712341491653e-191,"Arterial_endothelial","SH3BGRL3"
8.80226995308027e-114,1.029572350235,0.727,0.458,2.15699625200232e-109,"Arterial_endothelial","CD320"
2.71874999237109e-45,1.02914029498519,0.329,0.177,6.66229685630536e-41,"Arterial_endothelial","ITGAV"
1.18821434720532e-52,1.02099888253822,0.359,0.193,2.91171925782665e-48,"Arterial_endothelial","NUDT14"
9.56344251897342e-55,1.01971320294283,0.301,0.144,2.34352158927444e-50,"Arterial_endothelial","ZDHHC20"
1.06712212860236e-40,1.01187121251953,0.262,0.131,2.6149827761401e-36,"Arterial_endothelial","FES"
3.50785112701353e-57,1.01139840825781,0.4,0.216,8.59598918674667e-53,"Arterial_endothelial","LYL1"
1.0794155579626e-53,1.01074987293842,0.372,0.198,2.64510782478735e-49,"Arterial_endothelial","NCK1"
3.42178306547846e-48,1.00859592385011,0.263,0.123,8.38507940195496e-44,"Arterial_endothelial","KIF26A"
6.73985037997513e-178,1.00784887923687,0.91,0.785,1.65160033561291e-173,"Arterial_endothelial","STOM"
2.59945389027822e-71,1.00510524588749,0.415,0.207,6.36996175812678e-67,"Arterial_endothelial","TES"
0,1.00501960325579,0.996,0.986,0,"Arterial_endothelial","CAV1"
1.15416737129486e-85,1.00079080451161,0.707,0.522,2.82828714335805e-81,"Arterial_endothelial","SYNPO"
7.29602758702164e-99,1.00060253976639,0.686,0.454,1.78789156019965e-94,"Arterial_endothelial","TIE1"
1.70099422081819e-92,1.0004219422857,0.703,0.494,4.16828633811498e-88,"Arterial_endothelial","PPP1R14B"
2.25255637839614e-60,0.996340541452273,0.396,0.208,5.51988940525974e-56,"Arterial_endothelial","TSPAN9"
7.58714968701452e-123,0.994657499875089,0.798,0.589,1.85923103080291e-118,"Arterial_endothelial","WNK1"
1.29386924225097e-98,0.992893554309234,0.711,0.493,3.17062657813601e-94,"Arterial_endothelial","LSM7"
1.96923985298133e-58,0.992509926803989,0.426,0.237,4.82562225973074e-54,"Arterial_endothelial","CEP85L"
8.75502890196205e-76,0.991467222660605,0.556,0.327,2.1454198324258e-71,"Arterial_endothelial","FGD5"
5.28002843150557e-43,0.981504751217837,0.417,0.259,1.29387096714044e-38,"Arterial_endothelial","PDLIM7"
6.25580747170555e-33,0.980749944572778,0.297,0.173,1.53298562094145e-28,"Arterial_endothelial","NRGN"
9.42584930882442e-44,0.980397893316705,0.298,0.153,2.30980437312742e-39,"Arterial_endothelial","MEX3C"
1.30529554015028e-85,0.980378835370737,0.753,0.567,3.19862672113825e-81,"Arterial_endothelial","UACA"
2.90837595566006e-63,0.980345515533535,0.532,0.325,7.12697527934497e-59,"Arterial_endothelial","MALL"
1.35858376104089e-276,0.978371157435042,0.97,0.904,3.32920950643071e-272,"Arterial_endothelial","PTRF"
3.59170876711348e-83,0.974543760369282,0.6,0.364,8.80148233381158e-79,"Arterial_endothelial","MSRB3"
1.41206509639096e-286,0.974467186583691,0.996,0.989,3.46026551870604e-282,"Arterial_endothelial","S100A6"
2.99985169616359e-42,0.973249294415356,0.306,0.162,7.35113658144887e-38,"Arterial_endothelial","IFIT5"
1.48720360957426e-77,0.969786236662522,0.588,0.356,3.64439244526173e-73,"Arterial_endothelial","PTPRG"
7.35089918481164e-59,0.969101306343479,0.508,0.317,1.80133784523809e-54,"Arterial_endothelial","ZYX"
6.25398321283258e-88,0.969079805899448,0.793,0.67,1.53253858630462e-83,"Arterial_endothelial","LIMS1"
9.15810608053249e-161,0.968088236835749,0.9,0.772,2.24419389503449e-156,"Arterial_endothelial","MTUS1"
8.26265385549574e-65,0.968027711328034,0.538,0.328,2.02476332728923e-60,"Arterial_endothelial","WARS"
3.27037274232586e-54,0.963126670389685,0.326,0.16,8.01404840506952e-50,"Arterial_endothelial","SHKBP1"
1.16341545563907e-48,0.961584862575805,0.393,0.222,2.85094957404353e-44,"Arterial_endothelial","ELMO1"
7.54623380511757e-50,0.95694544235591,0.324,0.167,1.84920459394406e-45,"Arterial_endothelial","RIN2"
2.28398609794274e-180,0.956246241441496,0.939,0.823,5.59690793300869e-176,"Arterial_endothelial","PODXL"
1.15963348400837e-79,0.955522177935351,0.615,0.385,2.84168185256252e-75,"Arterial_endothelial","SULF2"
1.26111645967423e-115,0.954661846565628,0.759,0.506,3.09036588443171e-111,"Arterial_endothelial","HEG1"
6.37192822852103e-111,0.953418634600814,0.769,0.542,1.56144101239908e-106,"Arterial_endothelial","JAM2"
6.67446000320009e-55,0.952394177317249,0.432,0.248,1.63557642378418e-50,"Arterial_endothelial","FLII"
3.33759461841658e-103,0.950570351371964,0.737,0.511,8.17877561242984e-99,"Arterial_endothelial","COX5A"
1.24774042013686e-61,0.950087059069043,0.501,0.295,3.05758789954538e-57,"Arterial_endothelial","MOB2"
3.53077703537234e-50,0.947851448432809,0.372,0.201,8.65216912517991e-46,"Arterial_endothelial","CSNK2A2"
1.03048304435227e-55,0.947180495744336,0.489,0.297,2.52519870018524e-51,"Arterial_endothelial","C9orf3"
4.65255210953305e-43,0.946388863582159,0.321,0.171,1.14010789444107e-38,"Arterial_endothelial","TANC1"
1.02033361851394e-74,0.945291637273209,0.626,0.408,2.5003275321684e-70,"Arterial_endothelial","TMEM47"
4.41004702978581e-74,0.944713175387702,0.682,0.483,1.08068202464901e-69,"Arterial_endothelial","EFCAB14"
5.20903990373878e-126,0.944305618897736,0.926,0.876,1.27647522841119e-121,"Arterial_endothelial","KCTD12"
1.05560752235892e-37,0.939747284721802,0.255,0.13,2.58676623354054e-33,"Arterial_endothelial","GIT2"
4.02937206207448e-47,0.939697236438628,0.343,0.184,9.87397623811352e-43,"Arterial_endothelial","ARHGAP23"
3.803935044055e-96,0.936764149405585,0.598,0.323,9.32154282545678e-92,"Arterial_endothelial","PNP"
1.408700663694e-37,0.93236060970826,0.285,0.153,3.45202097638215e-33,"Arterial_endothelial","ABR"
7.70999515928628e-189,0.930054307481832,0.922,0.779,1.8893343137831e-184,"Arterial_endothelial","LRRFIP1"
2.49409241950873e-42,0.930051802550205,0.335,0.184,6.11177347400613e-38,"Arterial_endothelial","BCL2L1"
2.93397149547119e-70,0.929327827296129,0.587,0.376,7.18969714965214e-66,"Arterial_endothelial","ACVRL1"
2.26527526861537e-77,0.927738061427716,0.624,0.393,5.55105704574196e-73,"Arterial_endothelial","DOCK9"
1.27787703903578e-29,0.927563275409723,0.458,0.326,3.13143768415717e-25,"Arterial_endothelial","UBALD2"
1.88806262867852e-75,0.923617149901712,0.478,0.249,4.62669747157671e-71,"Arterial_endothelial","NFIX"
4.86498441520076e-167,0.92149162135765,0.56,0.215,1.19216443094495e-162,"Arterial_endothelial","SPRY1"
7.66083973980806e-105,0.919948440158501,0.788,0.576,1.87728877823997e-100,"Arterial_endothelial","LIMA1"
2.32432697622622e-47,0.915520480152001,0.576,0.41,5.69576325524236e-43,"Arterial_endothelial","GUCY1A3"
1.14740243324493e-60,0.913748131197358,0.531,0.328,2.81170966266669e-56,"Arterial_endothelial","TMTC1"
9.1125050263466e-45,0.912089377228432,0.354,0.197,2.23301935670624e-40,"Arterial_endothelial","TUSC3"
4.85877451433258e-187,0.911031345139174,0.943,0.864,1.1906426947372e-182,"Arterial_endothelial","S100A11"
8.36021841110575e-76,0.910973878406625,0.669,0.474,2.04867152164146e-71,"Arterial_endothelial","ZEB1"
6.74068982447507e-64,0.910027778404874,0.555,0.345,1.65180604148762e-59,"Arterial_endothelial","CNOT6L"
8.84796383914723e-52,0.909701715914839,0.49,0.308,2.16819353878303e-47,"Arterial_endothelial","RALA"
4.85215279366925e-81,0.909240701323312,0.679,0.457,1.18902004208865e-76,"Arterial_endothelial","ITGA5"
1.69896913390698e-48,0.905544813518559,0.418,0.245,4.16332386263904e-44,"Arterial_endothelial","GAS2L1"
3.51096130915254e-45,0.90130429583358,0.369,0.207,8.60361068807831e-41,"Arterial_endothelial","ADAM17"
9.12133956041045e-34,0.898313542210748,0.266,0.144,2.23518425927858e-29,"Arterial_endothelial","C14orf159"
1.68573753571293e-47,0.896397668844211,0.527,0.355,4.13089983126454e-43,"Arterial_endothelial","CD109"
1.59583061522498e-49,0.896029001605668,0.418,0.242,3.91058292260881e-45,"Arterial_endothelial","VOPP1"
2.11752673729671e-138,0.895018518364342,0.878,0.669,5.18899926974558e-134,"Arterial_endothelial","CD34"
1.99082925294821e-36,0.893486905826183,0.308,0.172,4.87852708434958e-32,"Arterial_endothelial","IFIH1"
8.36181322469655e-49,0.892777800756109,0.47,0.288,2.04906233071189e-44,"Arterial_endothelial","SERTAD4-AS1"
3.05898226963809e-108,0.892250175450917,0.783,0.548,7.49603605174815e-104,"Arterial_endothelial","GIMAP1"
4.07525640636218e-34,0.891341625464886,0.425,0.28,9.98641582379052e-30,"Arterial_endothelial","TUBA1C"
3.37615783808407e-53,0.890197249707165,0.484,0.296,8.27327478222501e-49,"Arterial_endothelial","SLC44A1"
3.79402762600624e-270,0.888342659718424,0.987,0.968,9.29726469752829e-266,"Arterial_endothelial","CALM1"
8.0614413442372e-38,0.884509595198787,0.352,0.207,1.97545620140532e-33,"Arterial_endothelial","DDX60"
0,0.882900091508369,0.998,0.996,0,"Arterial_endothelial","TMSB10"
3.12108504609027e-40,0.880507342030868,0.335,0.187,7.64821890544421e-36,"Arterial_endothelial","DIAPH2"
6.1682791133295e-38,0.878471520891124,0.409,0.257,1.51153679672139e-33,"Arterial_endothelial","JADE1"
2.20230920290969e-56,0.873543769448273,0.671,0.524,5.39675870173019e-52,"Arterial_endothelial","ATP1B3"
9.1438189120831e-84,0.873090298436943,0.764,0.549,2.24069282440596e-79,"Arterial_endothelial","SOX18"
1.51880268737295e-72,0.871735107178471,0.671,0.471,3.7218259854074e-68,"Arterial_endothelial","COX17"
1.24763200357436e-61,0.869009114208409,0.481,0.274,3.05732222475897e-57,"Arterial_endothelial","ATP6AP1"
3.81115133514381e-58,0.868206505696476,0.527,0.324,9.33922634676991e-54,"Arterial_endothelial","APOL3"
1.22810017512643e-54,0.867546642613103,0.528,0.341,3.00945947914732e-50,"Arterial_endothelial","GLUD1"
2.86011783590995e-28,0.860297837630626,0.269,0.156,7.00871875689732e-24,"Arterial_endothelial","MYLIP"
1.40212134833825e-36,0.858784771680502,0.37,0.222,3.43589836410289e-32,"Arterial_endothelial","MYO5C"
7.56938388590425e-34,0.857723400604756,0.287,0.16,1.85487752124084e-29,"Arterial_endothelial","INPP5K"
5.22250312677947e-36,0.857717164270581,0.276,0.147,1.27977439121731e-31,"Arterial_endothelial","CARD6"
2.56473119222036e-35,0.855817116953218,0.305,0.171,6.284873786536e-31,"Arterial_endothelial","IRF9"
1.01794978073891e-40,0.853877677819778,0.345,0.195,2.49448593770069e-36,"Arterial_endothelial","CCDC6"
1.36512029375102e-43,0.853535355721218,0.35,0.193,3.34522727983688e-39,"Arterial_endothelial","PIR"
3.80079330840174e-39,0.852361261255473,0.373,0.219,9.31384400223847e-35,"Arterial_endothelial","PARP9"
1.28296294709458e-55,0.852303252298409,0.544,0.344,3.14390070185526e-51,"Arterial_endothelial","RALB"
2.92238952479535e-166,0.850439587601035,0.505,0.184,7.161315530511e-162,"Arterial_endothelial","PLCG2"
2.52075054191431e-38,0.850159411819814,0.379,0.226,6.17709920296102e-34,"Arterial_endothelial","ARHGAP17"
3.8729158142082e-35,0.847795546805704,0.343,0.203,9.49058020271719e-31,"Arterial_endothelial","LASP1"
1.74998783679783e-36,0.845429196740215,0.273,0.145,4.28834519407309e-32,"Arterial_endothelial","ALDH16A1"
4.76216958791976e-48,0.844665938716018,0.616,0.446,1.16696965751974e-43,"Arterial_endothelial","HERPUD1"
6.84410313806125e-34,0.844448907386036,0.262,0.139,1.67714747398191e-29,"Arterial_endothelial","SAMD1"
7.28929779012995e-39,0.8421833879225,0.46,0.308,1.78624242347134e-34,"Arterial_endothelial","FOSL2"
1.43568271852603e-58,0.840396072553485,0.607,0.415,3.51814050174805e-54,"Arterial_endothelial","CTSB"
4.85923236923894e-32,0.835934694700143,0.288,0.163,1.190754892082e-27,"Arterial_endothelial","FOXN2"
3.33340476796837e-31,0.833994788999532,0.256,0.139,8.16850838390649e-27,"Arterial_endothelial","MCC"
7.10530580076059e-71,0.832424377470243,0.669,0.472,1.74115518647638e-66,"Arterial_endothelial","KIAA0355"
1.62552149092772e-49,0.832142749362156,0.599,0.419,3.98334041351837e-45,"Arterial_endothelial","AAK1"
1.63484801286473e-41,0.831974090210772,0.398,0.236,4.00619505552502e-37,"Arterial_endothelial","NPR1"
1.96375372380706e-32,0.831709624837471,0.28,0.156,4.8121785001892e-28,"Arterial_endothelial","BLOC1S5"
6.64169933218042e-33,0.829512760468534,0.331,0.196,1.62754842135081e-28,"Arterial_endothelial","WWC2"
9.89214244637238e-30,0.828902173405976,0.304,0.183,2.42406950648355e-25,"Arterial_endothelial","LRIG1"
7.26197499819771e-49,0.828757990652342,0.51,0.336,1.77954697330835e-44,"Arterial_endothelial","OPTN"
4.47851006770505e-52,0.828745902980231,0.492,0.301,1.09745889209112e-47,"Arterial_endothelial","MANSC1"
3.90102611936893e-99,0.828215563355934,0.824,0.657,9.55946450551357e-95,"Arterial_endothelial","MSN"
4.04062513831448e-66,0.8281426888934,0.68,0.495,9.90155190143963e-62,"Arterial_endothelial","NEDD9"
3.68760533182133e-35,0.827108079163861,0.323,0.184,9.03647686562816e-31,"Arterial_endothelial","ELOVL5"
7.47122504708171e-45,0.826908323135791,0.422,0.253,1.83082369778737e-40,"Arterial_endothelial","BCR"
4.40740990407979e-43,0.825866188277986,0.413,0.249,1.08003579699475e-38,"Arterial_endothelial","DLGAP4"
7.05393049824303e-54,0.824346348454573,0.577,0.391,1.72856566859446e-49,"Arterial_endothelial","PTPN14"
2.8459419391167e-97,0.821607190217573,0.832,0.69,6.97398072180548e-93,"Arterial_endothelial","GIMAP4"
8.65410774051594e-36,0.818907957143914,0.409,0.259,2.12068910181343e-31,"Arterial_endothelial","MIB1"
8.82675769947949e-36,0.818028400282554,0.365,0.22,2.16299697425745e-31,"Arterial_endothelial","ADIPOR2"
3.19616805527061e-42,0.816230493175479,0.441,0.273,7.83220981944063e-38,"Arterial_endothelial","MRPL17"
1.48606051429155e-72,0.814207216910202,0.689,0.49,3.64159129027144e-68,"Arterial_endothelial","ZFYVE21"
1.27626492610513e-25,0.807665960913308,0.267,0.158,3.12748720142063e-21,"Arterial_endothelial","ST6GALNAC4"
2.31063373895127e-56,0.806590934880491,0.592,0.394,5.6622079773001e-52,"Arterial_endothelial","SUN2"
3.20989544085509e-46,0.8064499199649,0.522,0.347,7.8658487778154e-42,"Arterial_endothelial","PHACTR4"
7.86020549331477e-36,0.805713040326961,0.3,0.165,1.92614335613679e-31,"Arterial_endothelial","ZFAND2B"
1.9414487369357e-34,0.804680327562528,0.34,0.202,4.75752012986093e-30,"Arterial_endothelial","HABP4"
7.8526119477921e-32,0.804540233042475,0.414,0.278,1.92428255780645e-27,"Arterial_endothelial","CEBPB"
9.36946476512683e-33,0.803749480193391,0.316,0.184,2.29598734069433e-28,"Arterial_endothelial","RNF125"
2.84656163260233e-33,0.802515636261204,0.312,0.179,6.975499280692e-29,"Arterial_endothelial","OSTM1"
1.71852078705593e-59,0.802510313953852,0.611,0.411,4.21123518868055e-55,"Arterial_endothelial","MGAT1"
2.16800320274697e-43,0.802092161164181,0.433,0.262,5.31269184833146e-39,"Arterial_endothelial","DOCK6"
1.14611096953251e-99,0.801541560874934,0.848,0.709,2.8085449308394e-95,"Arterial_endothelial","CSNK1A1"
3.447465868957e-26,0.794828023522511,0.344,0.222,8.44801511187912e-22,"Arterial_endothelial","FBXO34"
9.9328293288505e-58,0.793655016845209,0.683,0.516,2.43403982703481e-53,"Arterial_endothelial","KCNN3"
1.08438403650047e-58,0.79223687891546,0.607,0.408,2.6572830814444e-54,"Arterial_endothelial","HSPA2"
4.99464788742898e-23,0.790929478809141,0.273,0.168,1.22393846481447e-18,"Arterial_endothelial","MSL3"
6.3027999276313e-38,0.789255234754681,0.413,0.258,1.54450112226605e-33,"Arterial_endothelial","ZNFX1"
1.37163458328044e-42,0.788430612092595,0.358,0.2,3.36119054632871e-38,"Arterial_endothelial","ADGRA2"
7.70960063342976e-57,0.788426467172681,0.566,0.371,1.88923763522196e-52,"Arterial_endothelial","CCNY"
3.94756358788434e-48,0.787383649168996,0.498,0.314,9.67350457211057e-44,"Arterial_endothelial","STX12"
5.25738277036442e-31,0.78596253445569,0.373,0.24,1.2883216478778e-26,"Arterial_endothelial","C1orf21"
1.99637454669866e-159,0.785680079605036,0.697,0.322,4.89211582668508e-155,"Arterial_endothelial","AQP1"
8.01374717060447e-42,0.784158482937938,0.443,0.277,1.96376874415663e-37,"Arterial_endothelial","DOCK1"
1.21610166610777e-92,0.781295509196224,0.817,0.657,2.9800571327971e-88,"Arterial_endothelial","PTTG1IP"
9.32118783952899e-123,0.78076924439622,0.9,0.761,2.28415708007658e-118,"Arterial_endothelial","BCAM"
1.07677375191248e-20,0.779918530765834,0.277,0.179,2.63863407906153e-16,"Arterial_endothelial","FAM126A"
7.04850596901996e-30,0.779768719573195,0.35,0.218,1.72723638770834e-25,"Arterial_endothelial","TMEM140"
7.87333898644004e-39,0.778736057401995,0.512,0.352,1.92936171862713e-34,"Arterial_endothelial","FRYL"
1.67509079993307e-54,0.778221734844776,0.563,0.367,4.10481000523598e-50,"Arterial_endothelial","MYO1C"
3.17397716271936e-66,0.776580583958514,0.655,0.449,7.77783103724378e-62,"Arterial_endothelial","TBCB"
1.69276508953262e-74,0.775899156831043,0.771,0.606,4.14812085189969e-70,"Arterial_endothelial","ECE1"
1.35160259336828e-41,0.77458708621157,0.377,0.217,3.31210215504896e-37,"Arterial_endothelial","DAAM1"
7.95159000982646e-26,0.773605300925208,0.279,0.166,1.94853713190797e-21,"Arterial_endothelial","R3HCC1"
4.10155100749132e-29,0.773495129827691,0.264,0.148,1.00508507438575e-24,"Arterial_endothelial","MRPL15"
8.6400230120742e-46,0.773319574383492,0.449,0.271,2.11723763910878e-41,"Arterial_endothelial","ARHGAP31"
2.57080993306352e-64,0.772127784137172,0.731,0.597,6.29976974097216e-60,"Arterial_endothelial","HSD17B12"
8.20811345834699e-81,0.769725109791839,0.79,0.627,2.01139820296793e-76,"Arterial_endothelial","KRT10"
7.48046919295607e-93,0.767522214810735,0.841,0.671,1.83308897573389e-88,"Arterial_endothelial","AES"
3.98389757279208e-49,0.767404933279444,0.539,0.352,9.76254100212699e-45,"Arterial_endothelial","MXD4"
5.30276879196015e-43,0.76626070675313,0.435,0.263,1.29944349246984e-38,"Arterial_endothelial","MIEN1"
2.9179250853516e-43,0.766144500452032,0.488,0.315,7.15037542165411e-39,"Arterial_endothelial","EIF2AK4"
2.64202389116831e-26,0.765803422106943,0.299,0.181,6.47427954530795e-22,"Arterial_endothelial","PAWR"
7.99464323878229e-34,0.761327725780617,0.475,0.326,1.9590873256636e-29,"Arterial_endothelial","DNAJB4"
1.9846022945279e-126,0.757631716380694,0.912,0.817,4.86326792274062e-122,"Arterial_endothelial","ITGB1"
4.27597999296386e-29,0.75756999653348,0.287,0.167,1.04782889727579e-24,"Arterial_endothelial","PIP5K1C"
7.0776482776633e-27,0.756523430169827,0.294,0.174,1.73437771044139e-22,"Arterial_endothelial","IPO9"
2.21544934672431e-56,0.75407993270837,0.635,0.447,5.42895862414793e-52,"Arterial_endothelial","ARL2BP"
2.87774699397413e-30,0.751739603742956,0.311,0.184,7.0519190087336e-26,"Arterial_endothelial","TMEM127"
5.52103814201805e-42,0.751540572267149,0.429,0.261,1.35293039670152e-37,"Arterial_endothelial","LCN6"
7.35770849831822e-38,0.751241359016044,0.443,0.282,1.80300646751288e-33,"Arterial_endothelial","CPNE8"
3.42540784855995e-42,0.749000020522814,0.496,0.322,8.39396193289616e-38,"Arterial_endothelial","PIGT"
4.45474137717975e-45,0.745481338085416,0.563,0.384,1.0916343744779e-40,"Arterial_endothelial","FKBP9"
2.82942244050069e-109,0.744838224954062,0.936,0.84,6.93349969044693e-105,"Arterial_endothelial","SYNE2"
3.131122679662e-86,0.743383126596004,0.841,0.69,7.67281612651172e-82,"Arterial_endothelial","TIMP2"
1.97114580104076e-46,0.742914515896825,0.536,0.354,4.83029278545038e-42,"Arterial_endothelial","SSBP4"
1.06130585949633e-33,0.74287480871845,0.426,0.277,2.60073000869576e-29,"Arterial_endothelial","CCDC88A"
9.25888671836077e-30,0.74194478631462,0.285,0.163,2.26889019033431e-25,"Arterial_endothelial","HOXB2"
1.29087580643568e-29,0.739495049853197,0.278,0.158,3.16329116367063e-25,"Arterial_endothelial","GNPTAB"
1.47741992426488e-32,0.736719225086692,0.408,0.259,3.62041752441109e-28,"Arterial_endothelial","FLYWCH2"
1.59548244045334e-52,0.73667047673999,0.642,0.452,3.90972972033091e-48,"Arterial_endothelial","CLTB"
2.2341794359391e-38,0.736661566995276,0.512,0.353,5.47485670776877e-34,"Arterial_endothelial","GABARAPL1"
1.31439679513575e-34,0.736144702877783,0.417,0.263,3.22092934648016e-30,"Arterial_endothelial","CDK17"
2.1507001250025e-35,0.73404830234567,0.421,0.271,5.27029065631863e-31,"Arterial_endothelial","RNF5"
2.87853426067956e-40,0.731990776316209,0.435,0.264,7.05384820579527e-36,"Arterial_endothelial","MT1E"
6.33328207131183e-61,0.73193716545092,0.706,0.541,1.55197077157496e-56,"Arterial_endothelial","GNAQ"
6.17838587558279e-143,0.731649137391402,0.916,0.848,1.51401345881156e-138,"Arterial_endothelial","FKBP1A"
6.69667271341795e-21,0.729593047547379,0.266,0.167,1.64101964842307e-16,"Arterial_endothelial","CSPP1"
1.48127599697487e-34,0.729360000430511,0.471,0.315,3.62986683058692e-30,"Arterial_endothelial","IFNAR1"
3.73437527909269e-83,0.726909620201134,0.835,0.662,9.15108662141663e-79,"Arterial_endothelial","EFNB2"
1.01798223916581e-40,0.726720801485473,0.585,0.419,2.49456547707582e-36,"Arterial_endothelial","CCDC3"
8.87030164005047e-82,0.725980691054116,0.788,0.6,2.17366741689437e-77,"Arterial_endothelial","ENO1"
8.31078370179855e-27,0.724697030918171,0.313,0.191,2.03655754612573e-22,"Arterial_endothelial","CACUL1"
3.44578970763913e-38,0.723183762653999,0.421,0.259,8.44390767856969e-34,"Arterial_endothelial","B4GALT1"
5.3379933480512e-27,0.719190544220604,0.321,0.198,1.30807526993995e-22,"Arterial_endothelial","MAPK14"
2.16703954852407e-33,0.71889997080324,0.377,0.23,5.31033041365824e-29,"Arterial_endothelial","MGAT4B"
1.19397986204731e-26,0.718726813673284,0.309,0.19,2.92584765194694e-22,"Arterial_endothelial","KNOP1"
9.42762619900746e-49,0.718319486857798,0.656,0.479,2.31023980006678e-44,"Arterial_endothelial","MEF2A"
1.27760841686445e-39,0.718185463382756,0.453,0.287,3.13077942552633e-35,"Arterial_endothelial","TMEM160"
5.70200886203109e-50,0.718065361643416,0.632,0.458,1.39727727164072e-45,"Arterial_endothelial","ATOX1"
2.15954412424641e-37,0.71783149790022,0.534,0.371,5.29196287646582e-33,"Arterial_endothelial","KLF3"
6.53308933162102e-35,0.717186528437475,0.643,0.501,1.60093354071373e-30,"Arterial_endothelial","AKR1C3"
1.3599105529444e-38,0.716414684443186,0.495,0.33,3.33246080999024e-34,"Arterial_endothelial","SHOC2"
2.54163714247063e-29,0.710995374556151,0.333,0.202,6.22828181762427e-25,"Arterial_endothelial","DBN1"
3.01500112252242e-36,0.71089538383973,0.574,0.424,7.3882602507412e-32,"Arterial_endothelial","TMEM30A"
3.2158269082283e-31,0.707394697076165,0.394,0.252,7.88038383861345e-27,"Arterial_endothelial","TCF12"
1.8914540958331e-33,0.706674946719951,0.475,0.323,4.63500826183902e-29,"Arterial_endothelial","TRAPPC2L"
1.30334513761001e-33,0.704815374129496,0.453,0.299,3.19384725971334e-29,"Arterial_endothelial","VMP1"
4.48451885346255e-53,0.701948574021622,0.64,0.459,1.098931345041e-48,"Arterial_endothelial","NCKAP1"
5.91843450284517e-50,0.70108087831917,0.657,0.491,1.45031237492221e-45,"Arterial_endothelial","FRMD4B"
1.60630341583802e-40,0.700873367163969,0.5,0.326,3.93624652051106e-36,"Arterial_endothelial","CCDC12"
9.62979379016798e-29,0.700119829157808,0.368,0.232,2.35978096828066e-24,"Arterial_endothelial","IFI44"
2.70501421977655e-31,0.69840531617384,0.384,0.243,6.62863734556244e-27,"Arterial_endothelial","ATP2A2"
1.17217655938808e-27,0.696075577439516,0.406,0.271,2.87241865878048e-23,"Arterial_endothelial","TGFB1"
9.79498583988881e-89,0.694717225638248,0.858,0.736,2.40026128006475e-84,"Arterial_endothelial","ESAM"
3.73809557283152e-54,0.693950812481553,0.751,0.603,9.16020320122364e-50,"Arterial_endothelial","CD46"
2.39529320925341e-53,0.693150171414075,0.669,0.484,5.86966600927549e-49,"Arterial_endothelial","BLOC1S1"
2.27281263278956e-43,0.689095827394257,0.544,0.367,5.56952735665083e-39,"Arterial_endothelial","ARPP19"
5.78390195535369e-24,0.686175951755288,0.297,0.183,1.41734517415942e-19,"Arterial_endothelial","PCNX"
5.12859434535071e-22,0.685078343656633,0.263,0.16,1.25676204432819e-17,"Arterial_endothelial","TIMM17A"
7.05015356737025e-29,0.683852137642986,0.318,0.192,1.72764013168408e-24,"Arterial_endothelial","CDK2AP2"
2.50056809668081e-71,0.683131758704247,0.878,0.766,6.12764212091632e-67,"Arterial_endothelial","GIMAP7"
3.88690291492328e-27,0.682098850291424,0.311,0.189,9.52485559301951e-23,"Arterial_endothelial","CIC"
5.62663084904681e-59,0.681828102057769,0.764,0.617,1.37880588955892e-54,"Arterial_endothelial","SPTAN1"
4.15238342918781e-46,0.680174552981276,0.615,0.43,1.01754155932247e-41,"Arterial_endothelial","ACTR3"
7.37818958358385e-16,0.679110640898229,0.364,0.264,1.80802535745722e-11,"Arterial_endothelial","HERC2"
1.11304343483235e-34,0.677610844417264,0.598,0.453,2.72751293705668e-30,"Arterial_endothelial","FEZ2"
3.26556008826569e-24,0.676925299091422,0.335,0.216,8.00225499629508e-20,"Arterial_endothelial","CPEB4"
2.0096842015154e-34,0.675466048930255,0.522,0.365,4.92473113581349e-30,"Arterial_endothelial","SLFN5"
2.87988970688397e-26,0.674194845335527,0.307,0.187,7.05716972671916e-22,"Arterial_endothelial","HIF3A"
5.91269234569303e-45,0.673931201463706,0.635,0.467,1.44890525931208e-40,"Arterial_endothelial","EHD2"
1.17045098177689e-56,0.673261621044306,0.679,0.498,2.86819013084427e-52,"Arterial_endothelial","FHL1"
2.25979434210204e-29,0.672972968936447,0.44,0.3,5.53762603532104e-25,"Arterial_endothelial","IFI35"
1.02087871153507e-32,0.670882461086098,0.462,0.306,2.50166328261669e-28,"Arterial_endothelial","PTK2"
5.16660966685724e-29,0.670670897713899,0.34,0.209,1.26607769886337e-24,"Arterial_endothelial","SMC4"
8.66726796998287e-35,0.669271789149817,0.488,0.329,2.1239140160443e-30,"Arterial_endothelial","MAGT1"
5.31803893478042e-33,0.66876224432569,0.541,0.391,1.30318544096794e-28,"Arterial_endothelial","PPIC"
4.16658565959809e-27,0.667345520594239,0.327,0.2,1.02102181588451e-22,"Arterial_endothelial","RASSF3"
1.9196056560687e-99,0.666771780486332,0.898,0.778,4.70399366019635e-95,"Arterial_endothelial","ATP5J"
1.04296256731616e-59,0.666290403325108,0.77,0.635,2.55577977120825e-55,"Arterial_endothelial","GNB1"
1.25934953556937e-28,0.66481426653003,0.415,0.278,3.08603603691275e-24,"Arterial_endothelial","PDHB"
2.00577764564406e-98,0.66105395908834,0.878,0.766,4.91515812065077e-94,"Arterial_endothelial","GABARAPL2"
3.7335060263919e-66,0.660804064971564,0.797,0.607,9.14895651767336e-62,"Arterial_endothelial","FAM107A"
3.61079768988821e-37,0.656664407937301,0.605,0.439,8.84825973907105e-33,"Arterial_endothelial","TMEM173"
1.99294619277813e-102,0.654967491567757,0.9,0.791,4.8837146454028e-98,"Arterial_endothelial","ARPC1B"
5.45010856418636e-23,0.651299297348595,0.361,0.242,1.33554910365387e-18,"Arterial_endothelial","PYCR2"
9.73887472613735e-25,0.651063351097689,0.268,0.158,2.38651125163996e-20,"Arterial_endothelial","NDRG4"
1.25355801038467e-19,0.650472795235767,0.314,0.209,3.07184390444764e-15,"Arterial_endothelial","NIN"
5.08025193916666e-81,0.648944543041617,0.854,0.708,1.24491573769279e-76,"Arterial_endothelial","LGALS1"
3.45639521610666e-102,0.647894047964992,0.902,0.817,8.46989647706937e-98,"Arterial_endothelial","TSPO"
1.68336548816622e-23,0.647804341002709,0.303,0.189,4.12508712875132e-19,"Arterial_endothelial","DAG1"
1.27465077528706e-51,0.647264972568191,0.699,0.528,3.12353172484094e-47,"Arterial_endothelial","ADD1"
2.92654781954186e-41,0.647126236253994,0.545,0.373,7.17150543178732e-37,"Arterial_endothelial","TNS1"
2.15531521186872e-26,0.646522133959815,0.319,0.195,5.2815999266843e-22,"Arterial_endothelial","MYEF2"
1.08666099062456e-25,0.64581000704872,0.281,0.166,2.66286275752547e-21,"Arterial_endothelial","SFXN3"
1.39352213934096e-24,0.64522380650317,0.343,0.22,3.41482600245502e-20,"Arterial_endothelial","PDIA4"
1.30410700391069e-25,0.644956338640885,0.406,0.277,3.19571421308314e-21,"Arterial_endothelial","RAPGEF1"
2.41401691443623e-24,0.643953703302734,0.317,0.198,5.91554844882597e-20,"Arterial_endothelial","PACS2"
7.36462334597648e-52,0.641511479405498,0.706,0.552,1.80470095093154e-47,"Arterial_endothelial","TGOLN2"
8.95282234720501e-20,0.64005865730832,0.275,0.175,2.19388911618259e-15,"Arterial_endothelial","PBX2"
4.46303078233601e-35,0.639497493347802,0.57,0.414,1.09366569321144e-30,"Arterial_endothelial","FAM127A"
5.10613643420195e-36,0.639388371087979,0.531,0.37,1.25125873320119e-31,"Arterial_endothelial","RAB11B"
3.21800870384501e-06,0.638779064831004,0.636,0.58,0.078857303287722,"Arterial_endothelial","CRIM1"
7.0900215982318e-33,0.638046149301629,0.441,0.288,1.7374097926467e-28,"Arterial_endothelial","MARCH2"
7.01293314998139e-25,0.637910870874522,0.273,0.162,1.71851926840294e-20,"Arterial_endothelial","BTBD1"
1.43105284042032e-44,0.637608348356618,0.57,0.39,3.50679498544999e-40,"Arterial_endothelial","CDC42EP3"
2.99298550381256e-33,0.63661502182906,0.561,0.407,7.33431097709269e-29,"Arterial_endothelial","WDR1"
1.06832605791684e-35,0.636566008318297,0.49,0.326,2.61793300492522e-31,"Arterial_endothelial","HES4"
1.22380034848119e-19,0.636155203668137,0.26,0.162,2.99892275395316e-15,"Arterial_endothelial","BCL9L"
2.3047255087066e-32,0.635447373978726,0.527,0.377,5.64772985908553e-28,"Arterial_endothelial","TSPAN3"
1.57848526435748e-47,0.635013467873102,0.694,0.524,3.86807814030801e-43,"Arterial_endothelial","ZBTB38"
1.44029421759492e-27,0.634557453537526,0.464,0.331,3.52944098021634e-23,"Arterial_endothelial","NTHL1"
8.65373167284288e-24,0.634420490961783,0.391,0.264,2.12059694643015e-19,"Arterial_endothelial","SMG1"
1.4687047686211e-25,0.633511051866288,0.367,0.238,3.59906103550602e-21,"Arterial_endothelial","RB1"
1.73576814788254e-42,0.632231066664674,0.672,0.52,4.25349984638617e-38,"Arterial_endothelial","MAPK3"
2.77416315026128e-168,0.63172950380084,0.958,0.931,6.79808679971527e-164,"Arterial_endothelial","RAC1"
7.95757937608756e-24,0.627353926422951,0.333,0.21,1.95000482611026e-19,"Arterial_endothelial","PLEKHB2"
1.99774575059598e-33,0.626217448299503,0.567,0.416,4.89547596183545e-29,"Arterial_endothelial","PLXDC2"
3.03027347941074e-32,0.626002574951913,0.457,0.304,7.42568516129601e-28,"Arterial_endothelial","CMIP"
4.99661410468561e-31,0.623008170432513,0.454,0.301,1.22442028635321e-26,"Arterial_endothelial","ELOVL1"
5.68390753538554e-13,0.621436800616233,0.298,0.217,1.39284154154623e-08,"Arterial_endothelial","ITGA1"
5.88187690336761e-18,0.620655795096284,0.257,0.165,1.44135393517023e-13,"Arterial_endothelial","UHRF2"
6.9576183679891e-47,0.61916814599402,0.724,0.574,1.70496438107573e-42,"Arterial_endothelial","CTNNB1"
5.42656315012936e-58,0.616355188095036,0.797,0.644,1.3297792999392e-53,"Arterial_endothelial","BSG"
2.99075870701556e-63,0.615505638133659,0.822,0.701,7.32885421154162e-59,"Arterial_endothelial","TMOD3"
4.46456258587307e-50,0.615157035313137,0.734,0.579,1.09404106166819e-45,"Arterial_endothelial","TMEM50A"
6.20000964569102e-70,0.614669246853436,0.895,0.81,1.51931236367658e-65,"Arterial_endothelial","UTRN"
6.54249000189134e-37,0.61456918109691,0.612,0.448,1.60323717496347e-32,"Arterial_endothelial","VAT1"
2.71710490811607e-11,0.611502759715714,0.281,0.207,6.65826557733842e-07,"Arterial_endothelial","CXXC5"
1.20376922387859e-32,0.610816389454226,0.475,0.316,2.94983648311449e-28,"Arterial_endothelial","SMAD2"
1.00123513798216e-49,0.61053637919792,0.739,0.59,2.45352670562528e-45,"Arterial_endothelial","ARPC5"
1.74524490347336e-20,0.607641051019129,0.374,0.259,4.27672263596148e-16,"Arterial_endothelial","CCM2L"
1.66575578060717e-18,0.60682831715226,0.299,0.197,4.08193454037786e-14,"Arterial_endothelial","PAPSS1"
2.32552739476688e-23,0.606383024344181,0.323,0.206,5.69870488087625e-19,"Arterial_endothelial","KCMF1"
3.1229647137292e-176,0.605254876363101,0.987,0.939,7.6528250309934e-172,"Arterial_endothelial","GSN"
2.49282425513863e-23,0.601541428206848,0.46,0.333,6.1086658372172e-19,"Arterial_endothelial","SAV1"
6.98345622665765e-24,0.601531840039563,0.355,0.231,1.71129594834246e-19,"Arterial_endothelial","STK24"
1.94010153603939e-26,0.600232426395047,0.468,0.329,4.75421881406453e-22,"Arterial_endothelial","DICER1"
4.30443276791981e-128,0.597619206737211,0.972,0.935,1.05480124977875e-123,"Arterial_endothelial","TAGLN2"
1.72434234034884e-23,0.59671253697059,0.448,0.318,4.22550090502483e-19,"Arterial_endothelial","ARID5A"
2.35553332562922e-29,0.595937175050018,0.521,0.381,5.77223441445441e-25,"Arterial_endothelial","ARL5A"
1.40470834145606e-19,0.592941230175134,0.359,0.249,3.44223779073808e-15,"Arterial_endothelial","RNPEPL1"
6.42820058205539e-20,0.592861357688471,0.265,0.165,1.57523055263267e-15,"Arterial_endothelial","TNFRSF12A"
3.47269487154787e-22,0.592815577362382,0.356,0.239,8.50983878272804e-18,"Arterial_endothelial","TM7SF3"
2.04064276783529e-19,0.592138065888738,0.27,0.171,5.00059510258037e-15,"Arterial_endothelial","SAE1"
1.46678595962474e-23,0.59188488899203,0.517,0.39,3.59435899406043e-19,"Arterial_endothelial","GIMAP8"
1.22786212789472e-16,0.591874595578264,0.294,0.201,3.00887614440602e-12,"Arterial_endothelial","SENP7"
4.40118695658835e-21,0.591757017074015,0.336,0.224,1.07851086371198e-16,"Arterial_endothelial","CDK2AP1"
1.17320145882078e-25,0.591714281370725,0.35,0.222,2.87493017484032e-21,"Arterial_endothelial","TJP2"
2.62579226856785e-21,0.590499718833667,0.321,0.209,6.43450395412551e-17,"Arterial_endothelial","DUSP22"
1.01247894046184e-40,0.590372992989544,0.717,0.57,2.48107964360174e-36,"Arterial_endothelial","CYYR1"
7.7185613276202e-67,0.589406665213792,0.836,0.723,1.89143345333333e-62,"Arterial_endothelial","APLP2"
4.89811180613867e-27,0.589267870850109,0.522,0.389,1.20028229809428e-22,"Arterial_endothelial","SEPT11"
8.1410605844717e-218,0.588452586964798,0.999,0.998,1.99496689622479e-213,"Arterial_endothelial","PTMA"
7.96160611120677e-57,0.588375303102791,0.786,0.631,1.95099157755122e-52,"Arterial_endothelial","ATP1A1"
8.35241675668309e-20,0.588124041426983,0.252,0.155,2.04675972622519e-15,"Arterial_endothelial","MAML2"
4.6903185407559e-29,0.587838669843403,0.489,0.34,1.14936255841223e-24,"Arterial_endothelial","TXNL4A"
1.2063528653795e-14,0.587638202469921,0.254,0.171,2.95616769661247e-10,"Arterial_endothelial","SDF2L1"
2.06993593441933e-40,0.587175197916326,0.413,0.237,5.07237800729457e-36,"Arterial_endothelial","LSR"
1.47827458891294e-47,0.586056248210039,0.82,0.715,3.62251188013116e-43,"Arterial_endothelial","MYH9"
5.76601069246646e-66,0.585887948863564,0.853,0.736,1.41296092018891e-61,"Arterial_endothelial","CAPNS1"
1.5770441189152e-18,0.585607732015577,0.265,0.169,3.86454661340169e-14,"Arterial_endothelial","HIRIP3"
7.81856345239494e-22,0.584642704733637,0.345,0.228,1.91593897400938e-17,"Arterial_endothelial","EVI5"
3.07466404531731e-23,0.584272567021235,0.424,0.293,7.53446424305006e-19,"Arterial_endothelial","BCL6B"
2.25426404581285e-17,0.58343129179797,0.268,0.176,5.52407404426438e-13,"Arterial_endothelial","CDK6"
9.19275773282924e-60,0.583146214258055,0.828,0.705,2.25268528242981e-55,"Arterial_endothelial","RTN4"
8.53690625087077e-29,0.582135917343915,0.471,0.322,2.09196887677588e-24,"Arterial_endothelial","AAED1"
1.43574891335762e-53,0.5813321403804,0.759,0.596,3.51830271218285e-49,"Arterial_endothelial","TUBA1A"
4.83889283664527e-26,0.581221730121152,0.497,0.366,1.18577068961992e-21,"Arterial_endothelial","RNF11"
3.92283877751607e-16,0.581198882988553,0.255,0.167,9.61291642430312e-12,"Arterial_endothelial","PDCL3"
8.53952862846813e-21,0.580791124445897,0.29,0.183,2.09261149040611e-16,"Arterial_endothelial","ZMPSTE24"
6.13750256311193e-20,0.580260245313882,0.284,0.18,1.50399500309058e-15,"Arterial_endothelial","C10orf128"
1.67289298260687e-17,0.577213455048402,0.25,0.159,4.09942425387813e-13,"Arterial_endothelial","WDR54"
4.65716794395352e-38,0.576174093777001,0.684,0.541,1.14123900466581e-33,"Arterial_endothelial","PCMTD1"
4.1161288307148e-39,0.575466089020075,0.648,0.478,1.00865736996666e-34,"Arterial_endothelial","DBI"
2.04938211133862e-26,0.575012473996519,0.488,0.345,5.02201086383529e-22,"Arterial_endothelial","TRIM47"
4.03921607129518e-26,0.570425770158707,0.432,0.293,9.89809898270884e-22,"Arterial_endothelial","MVP"
4.75266513090528e-21,0.570295631512756,0.347,0.232,1.16464059032834e-16,"Arterial_endothelial","DR1"
9.98976410120436e-27,0.568746969592175,0.393,0.256,2.44799169300013e-22,"Arterial_endothelial","CDC123"
1.1828915187609e-17,0.568620993144316,0.358,0.251,2.89867566672359e-13,"Arterial_endothelial","CSNK1G3"
1.3526250497056e-66,0.568241058866556,0.855,0.746,3.31460768430356e-62,"Arterial_endothelial","ARPC2"
8.96561248492623e-23,0.567506053024846,0.412,0.287,2.19702333943117e-18,"Arterial_endothelial","COPS8"
1.08712962189362e-11,0.566986198228105,0.498,0.416,2.66401113845031e-07,"Arterial_endothelial","AMD1"
3.60215733187555e-17,0.565754606441915,0.28,0.186,8.82708654176104e-13,"Arterial_endothelial","JAM3"
1.20799574348628e-37,0.563857217227073,0.703,0.56,2.96019356941314e-33,"Arterial_endothelial","LIMS2"
3.17036960951505e-24,0.563844490833786,0.435,0.306,7.76899072811662e-20,"Arterial_endothelial","EVA1C"
4.49740881088814e-14,0.562841244432574,0.316,0.233,1.10209002910814e-09,"Arterial_endothelial","DIXDC1"
1.67179405905389e-23,0.562664755375942,0.43,0.297,4.09673134171156e-19,"Arterial_endothelial","CYFIP1"
1.69035994983531e-24,0.562026096540627,0.391,0.26,4.14222705707143e-20,"Arterial_endothelial","RAPGEF2"
3.54918856077165e-35,0.561491538267994,0.619,0.45,8.69728656817094e-31,"Arterial_endothelial","MAP3K11"
1.7673870352672e-25,0.560477000241409,0.465,0.324,4.33098192992228e-21,"Arterial_endothelial","IFI27L2"
1.53168019793457e-30,0.560468854761139,0.591,0.446,3.75338232503867e-26,"Arterial_endothelial","PARP14"
6.09311332016029e-16,0.560421564634049,0.255,0.166,1.49311741910528e-11,"Arterial_endothelial","RAI2"
3.97708110631054e-21,0.559565340557507,0.384,0.263,9.74583725101397e-17,"Arterial_endothelial","DTD1"
5.32965020597583e-32,0.558641453295488,0.568,0.413,1.30603078297438e-27,"Arterial_endothelial","ATL3"
2.81230744110231e-16,0.558592049268918,0.332,0.233,6.89155938442121e-12,"Arterial_endothelial","SPATA13"
2.27458320426869e-18,0.555101145750068,0.335,0.231,5.57386614206043e-14,"Arterial_endothelial","CORO1C"
6.62748252683644e-13,0.554254537170186,0.305,0.22,1.62406459320127e-08,"Arterial_endothelial","TRIM2"
3.15543508764283e-20,0.554181893838194,0.341,0.23,7.73239368226877e-16,"Arterial_endothelial","SEPT6"
7.3813615938843e-16,0.552765911035695,0.404,0.302,1.80880265858135e-11,"Arterial_endothelial","TCF7L1"
9.17413498473686e-19,0.552630183334599,0.365,0.254,2.24812177800977e-14,"Arterial_endothelial","CD2BP2"
2.32954117260551e-20,0.5517900038505,0.352,0.238,5.7085406434698e-16,"Arterial_endothelial","EHBP1L1"
1.06210933446648e-21,0.551776660653872,0.339,0.223,2.6026989241101e-17,"Arterial_endothelial","ZNF704"
3.42434054527059e-20,0.551369268753754,0.325,0.216,8.39134650618559e-16,"Arterial_endothelial","RICTOR"
1.82020245488677e-23,0.550773792087881,0.398,0.266,4.46040611570004e-19,"Arterial_endothelial","ABI1"
3.72177767860876e-42,0.550535102185803,0.742,0.602,9.12021620143076e-38,"Arterial_endothelial","LAMP1"
6.02896190273394e-25,0.549976529121879,0.594,0.467,1.47739711426495e-20,"Arterial_endothelial","PRMT1"
8.18035028975659e-16,0.549650037706287,0.343,0.243,2.00459483850485e-11,"Arterial_endothelial","GOLPH3"
2.84271660829614e-22,0.547920268772458,0.324,0.207,6.96607704862969e-18,"Arterial_endothelial","FUBP1"
7.30399312885047e-18,0.546657627687851,0.344,0.238,1.78984351622481e-13,"Arterial_endothelial","IWS1"
3.42894380474014e-20,0.546076213009554,0.326,0.214,8.40262679351571e-16,"Arterial_endothelial","CAPN1"
1.38770756863363e-21,0.54596231099423,0.39,0.267,3.40057739693671e-17,"Arterial_endothelial","MAGEH1"
5.29425536178181e-14,0.544613655799413,0.263,0.178,1.29735727640463e-09,"Arterial_endothelial","TMEM14A"
8.84103009384827e-17,0.54437931441731,0.319,0.217,2.16649442449752e-12,"Arterial_endothelial","NELFB"
1.99657095579912e-38,0.544326803640575,0.694,0.564,4.89259712718574e-34,"Arterial_endothelial","CTNNA1"
2.31615158320847e-33,0.543992689078854,0.656,0.522,5.67572945465237e-29,"Arterial_endothelial","SH3GLB1"
6.11848560118726e-76,0.543943481440609,0.933,0.87,1.49933489657094e-71,"Arterial_endothelial","TCF4"
7.36742783626897e-28,0.542272402120471,0.567,0.43,1.80538819127771e-23,"Arterial_endothelial","TM9SF2"
1.66899055307405e-86,0.541764667470336,0.929,0.876,4.08986135030796e-82,"Arterial_endothelial","RHOA"
1.0290481432836e-23,0.540725457484244,0.5,0.369,2.52168247511646e-19,"Arterial_endothelial","SMARCA2"
4.79408283467156e-22,0.53959617610581,0.322,0.207,1.17478999863627e-17,"Arterial_endothelial","SMAP1"
6.96092055991854e-39,0.53928163534111,0.675,0.531,1.70577358320804e-34,"Arterial_endothelial","PTPN12"
5.87877891387686e-31,0.538426021762167,0.621,0.485,1.44059477284553e-26,"Arterial_endothelial","PDLIM5"
2.72080683310771e-22,0.538312212013119,0.464,0.335,6.66733714453044e-18,"Arterial_endothelial","SEPN1"
1.31379127913148e-16,0.535790751819624,0.324,0.225,3.2194455295117e-12,"Arterial_endothelial","NTPCR"
2.12206392283042e-18,0.535082248385992,0.436,0.317,5.20011764289594e-14,"Arterial_endothelial","ADCY4"
7.99523185481176e-26,0.535043809004842,0.531,0.391,1.95923156602162e-21,"Arterial_endothelial","ARHGEF12"
1.76989023747377e-16,0.530996782302833,0.338,0.235,4.33711602692947e-12,"Arterial_endothelial","WWC3"
2.81833840005738e-14,0.530844049673391,0.377,0.281,6.90633824934062e-10,"Arterial_endothelial","SOX7"
1.23369749128584e-19,0.529114291777516,0.422,0.303,3.02317570239595e-15,"Arterial_endothelial","C6orf89"
1.79128733379432e-13,0.528706377113092,0.277,0.193,4.38954961146299e-09,"Arterial_endothelial","PRAF2"
4.64410480220035e-14,0.524539693655002,0.306,0.217,1.1380378817792e-09,"Arterial_endothelial","KIFAP3"
1.31597740607658e-15,0.524068432028292,0.314,0.218,3.22480263359065e-11,"Arterial_endothelial","TSTA3"
2.17388825372272e-18,0.523624501332099,0.326,0.221,5.32711316574752e-14,"Arterial_endothelial","LRP6"
2.80073121336076e-15,0.523568632928515,0.28,0.191,6.86319183834054e-11,"Arterial_endothelial","RIT1"
4.75112280427008e-20,0.523321561777243,0.345,0.23,1.16426264318638e-15,"Arterial_endothelial","NCOR2"
1.01059017925189e-14,0.522874069274314,0.26,0.174,2.47645123425677e-10,"Arterial_endothelial","HDAC5"
3.13956930968835e-25,0.522555497160216,0.587,0.449,7.6935145933913e-21,"Arterial_endothelial","PLP2"
3.86756454224083e-17,0.521711936289895,0.337,0.23,9.47746691076116e-13,"Arterial_endothelial","TAOK2"
3.50741519844492e-47,0.521512540269786,0.836,0.732,8.59492094378927e-43,"Arterial_endothelial","S100A13"
5.44942491985952e-20,0.521078023375701,0.424,0.303,1.33538157661157e-15,"Arterial_endothelial","CDC27"
2.6173681970917e-52,0.520962534287944,0.877,0.752,6.41386076697321e-48,"Arterial_endothelial","KLF6"
1.11335744470175e-21,0.520604259109204,0.468,0.344,2.72828241824163e-17,"Arterial_endothelial","PPP2R2A"
3.41586828426171e-27,0.520299689774184,0.477,0.329,8.37058523058333e-23,"Arterial_endothelial","FBN1"
7.01286361318287e-21,0.519249415971656,0.309,0.198,1.71850222841046e-16,"Arterial_endothelial","NOVA2"
7.62250340647153e-31,0.518679670357305,0.621,0.47,1.86789445975585e-26,"Arterial_endothelial","NAA10"
3.79797927266734e-26,0.518389316163827,0.476,0.332,9.30694820767131e-22,"Arterial_endothelial","UBE2E3"
1.59759929585046e-21,0.518064645026205,0.456,0.333,3.91491707448155e-17,"Arterial_endothelial","EIF4G1"
7.42139298451556e-148,0.517987326235497,0.984,0.965,1.81861235085554e-143,"Arterial_endothelial","GNAS"
4.71758168373074e-19,0.516987955556004,0.273,0.172,1.15604339159822e-14,"Arterial_endothelial","SGCB"
7.0737217896064e-20,0.516963551190755,0.314,0.203,1.73341552454305e-15,"Arterial_endothelial","CHMP1A"
6.68494221572321e-17,0.516854240766291,0.386,0.281,1.63814508996297e-12,"Arterial_endothelial","NCOA3"
1.88743531769455e-24,0.516244715516027,0.454,0.32,4.6251602460105e-20,"Arterial_endothelial","BTBD7"
8.87968630106887e-55,0.516175125394251,0.875,0.787,2.17596712807693e-50,"Arterial_endothelial","GNG5"
2.5334289797564e-142,0.516114143393508,0.994,0.993,6.20816771489306e-138,"Arterial_endothelial","IFITM3"
1.39216063508882e-19,0.516027827623715,0.281,0.178,3.41148963628514e-15,"Arterial_endothelial","BROX"
6.56262555453912e-18,0.515384950623589,0.477,0.364,1.60817139213981e-13,"Arterial_endothelial","C10orf54"
5.44167052981622e-22,0.515339429132953,0.421,0.29,1.33348136333146e-17,"Arterial_endothelial","CYB5B"
1.40535590405801e-38,0.514868975711272,0.725,0.589,3.44382464289414e-34,"Arterial_endothelial","RP11-382A20.3"
2.63293981392394e-19,0.514806614140844,0.5,0.381,6.45201901402062e-15,"Arterial_endothelial","MKL2"
2.46843332015735e-16,0.514647697251127,0.34,0.24,6.04889585104558e-12,"Arterial_endothelial","TRIM22"
3.71182428903102e-09,0.513105185504573,0.389,0.314,9.09582542027053e-05,"Arterial_endothelial","COL4A1"
3.35358283968517e-16,0.513065698759854,0.315,0.216,8.21795474864851e-12,"Arterial_endothelial","CLPTM1L"
1.46469676373468e-12,0.512711465816353,0.345,0.256,3.58923941953184e-08,"Arterial_endothelial","BAG3"
8.47787386059809e-16,0.512207734362212,0.26,0.171,2.07750298953956e-11,"Arterial_endothelial","MTA1"
1.19402130713796e-23,0.512019938686328,0.493,0.357,2.92594921314156e-19,"Arterial_endothelial","RSU1"
5.91623458319428e-12,0.51179368431959,0.294,0.214,1.44977328461176e-07,"Arterial_endothelial","NCSTN"
3.29414391407799e-13,0.508122419895483,0.29,0.204,8.07229966144811e-09,"Arterial_endothelial","NXN"
4.69473698782766e-38,0.508070805033013,0.768,0.645,1.15044529886717e-33,"Arterial_endothelial","ATP5I"
3.81061518280391e-22,0.507781647910009,0.481,0.347,9.33791250546097e-18,"Arterial_endothelial","C7orf50"
4.95760973235893e-12,0.507637161935296,0.368,0.282,1.21486226491456e-07,"Arterial_endothelial","INSR"
1.27925479671857e-71,0.506434815912611,0.905,0.836,3.13481387935886e-67,"Arterial_endothelial","APP"
7.04261041421776e-10,0.506281980348414,0.362,0.284,1.72579168200406e-05,"Arterial_endothelial","VCL"
7.40692330625422e-40,0.505223077909838,0.804,0.698,1.8150665561976e-35,"Arterial_endothelial","NDUFC2"
2.93710242201784e-17,0.505115943578237,0.285,0.188,7.19736948515473e-13,"Arterial_endothelial","POP7"
1.23018985384334e-17,0.5045066178505,0.36,0.25,3.01458023684311e-13,"Arterial_endothelial","FAM129B"
8.56334037780548e-20,0.504008396031337,0.491,0.372,2.09844655958123e-15,"Arterial_endothelial","FAM195B"
1.14499574548371e-15,0.503564165421909,0.33,0.232,2.80581207430783e-11,"Arterial_endothelial","TTC28"
1.50356312882212e-21,0.503383865611879,0.488,0.36,3.68448144717861e-17,"Arterial_endothelial","NAPA"
3.33901503702501e-22,0.503225274665154,0.44,0.308,8.1822563482298e-18,"Arterial_endothelial","TIMM8B"
1.05464005867429e-96,0.501643772467389,0.959,0.93,2.58439546378135e-92,"Arterial_endothelial","ATP5E"
7.34281915263242e-14,0.501367805589176,0.289,0.202,1.79935783335257e-09,"Arterial_endothelial","PTAR1"
5.14772963091925e-24,0.501202851417454,0.494,0.355,1.26145114605676e-19,"Arterial_endothelial","HCFC1R1"
1.35317907293424e-17,0.500858774164855,0.347,0.241,3.31596531822537e-13,"Arterial_endothelial","BTBD6"
5.29783356337125e-23,0.500007789354934,0.58,0.445,1.29823411470412e-18,"Arterial_endothelial","PDCD6IP"
1.20013194738799e-35,0.499594155761101,0.86,0.79,2.94092333707427e-31,"Arterial_endothelial","HYAL2"
2.96165194700995e-37,0.499591382909189,0.749,0.632,7.25752809614788e-33,"Arterial_endothelial","UQCRQ"
3.26778975923467e-21,0.499240891366285,0.449,0.324,8.00771880500456e-17,"Arterial_endothelial","CAT"
3.53200698178936e-24,0.49908752907924,0.536,0.404,8.65518310887482e-20,"Arterial_endothelial","GOLIM4"
2.48753803530179e-18,0.499051444990389,0.279,0.179,6.09571195550704e-14,"Arterial_endothelial","STX2"
9.25881253420712e-32,0.497607662112881,0.359,0.214,2.26887201150745e-27,"Arterial_endothelial","S100A4"
9.16494531725069e-26,0.497076459414903,0.59,0.449,2.24586984999228e-21,"Arterial_endothelial","SDF4"
9.61671832817529e-23,0.496328234234133,0.517,0.383,2.35657682631935e-18,"Arterial_endothelial","TMEM43"
7.08113399469682e-16,0.496161418120923,0.37,0.266,1.73523188540046e-11,"Arterial_endothelial","SNAPIN"
2.36708795933394e-18,0.495675166587282,0.397,0.281,5.80054904434783e-14,"Arterial_endothelial","IST1"
3.22803848124574e-18,0.495109164660187,0.402,0.287,7.91030829829269e-14,"Arterial_endothelial","DBNL"
1.07769522784401e-15,0.494345123870053,0.424,0.317,2.64089215583174e-11,"Arterial_endothelial","MYC"
1.25393129524643e-14,0.494076456752571,0.305,0.211,3.07275863900138e-10,"Arterial_endothelial","AMFR"
1.56928332683883e-16,0.492958302367267,0.325,0.223,3.84552879241856e-12,"Arterial_endothelial","NAPRT"
1.6663961915883e-17,0.492295779788673,0.415,0.305,4.08350386748712e-13,"Arterial_endothelial","CCSER2"
2.46521086118278e-15,0.491659510512836,0.287,0.195,6.0409992153284e-11,"Arterial_endothelial","BLOC1S2"
4.17550703797806e-28,0.491402289682267,0.563,0.407,1.02320799965652e-23,"Arterial_endothelial","SEPT9"
4.78820039997165e-22,0.490737749185166,0.502,0.368,1.17334850801305e-17,"Arterial_endothelial","CTBP2"
2.15648996572671e-59,0.489137153696952,0.921,0.869,5.28447866101331e-55,"Arterial_endothelial","PALMD"
1.70132393811061e-19,0.488940245920109,0.44,0.318,4.16909431034006e-15,"Arterial_endothelial","ZFAND6"
1.04523933269625e-12,0.488623121655783,0.323,0.237,2.56135898477217e-08,"Arterial_endothelial","COMMD2"
8.96791641071958e-35,0.4882288236944,0.75,0.624,2.19758791644683e-30,"Arterial_endothelial","S100A16"
1.52198509177294e-21,0.485504112738817,0.504,0.37,3.72962446738958e-17,"Arterial_endothelial","PET100"
1.9591508048904e-20,0.484934485765545,0.479,0.352,4.80089904738393e-16,"Arterial_endothelial","LAMP2"
9.13701765088794e-12,0.484504803600951,0.287,0.206,2.23902617535009e-07,"Arterial_endothelial","CARHSP1"
1.66323950993853e-09,0.484234793932163,0.27,0.2,4.07576841910437e-05,"Arterial_endothelial","GALNT18"
1.08519682659495e-16,0.483545058731774,0.294,0.198,2.65927482357093e-12,"Arterial_endothelial","EEF1E1"
2.05986335661547e-24,0.482389960474161,0.547,0.404,5.0476951553862e-20,"Arterial_endothelial","NDUFB3"
1.17394285995628e-24,0.481879067902855,0.585,0.444,2.87674697832287e-20,"Arterial_endothelial","MXRA7"
8.11497279739589e-18,0.481830804435011,0.384,0.273,1.98857408400186e-13,"Arterial_endothelial","PARVB"
8.3704587080585e-29,0.481216361618793,0.639,0.493,2.05118090640974e-24,"Arterial_endothelial","MYCT1"
4.92962122354449e-15,0.481043217180139,0.362,0.26,1.20800368082958e-10,"Arterial_endothelial","ATF6B"
5.51157718202237e-14,0.48101540193315,0.284,0.197,1.35061198845458e-09,"Arterial_endothelial","DNAJB12"
1.47693767281819e-20,0.479715374901942,0.559,0.428,3.61923576724098e-16,"Arterial_endothelial","DPP7"
9.27860814841062e-17,0.479089210045024,0.34,0.233,2.27372292676802e-12,"Arterial_endothelial","HAT1"
1.65411058632256e-17,0.479085660472178,0.306,0.204,4.05339799178344e-13,"Arterial_endothelial","PGP"
7.76814094391876e-13,0.478948977285174,0.259,0.177,1.90358293830729e-08,"Arterial_endothelial","PPP2R3C"
6.45016453508163e-21,0.478817180173106,0.505,0.373,1.58061281932175e-16,"Arterial_endothelial","PIN1"
7.98425774697319e-15,0.47805903753104,0.277,0.187,1.95654236089578e-10,"Arterial_endothelial","SH3BP2"
1.25390027095682e-27,0.477516884829446,0.658,0.537,3.07268261397969e-23,"Arterial_endothelial","DYNC1LI2"
1.28571884062565e-14,0.477472976818151,0.489,0.386,3.15065401895316e-10,"Arterial_endothelial","HTRA1"
4.52084576482902e-14,0.476954253177543,0.25,0.166,1.10783325467135e-09,"Arterial_endothelial","DTX3L"
9.55422705692198e-12,0.476817475918552,0.49,0.405,2.34126334029873e-07,"Arterial_endothelial","MCAM"
3.21390167912769e-18,0.47626825434159,0.424,0.307,7.87566606470241e-14,"Arterial_endothelial","RIOK3"
5.92232300448296e-29,0.475431506451423,0.659,0.529,1.45126525224855e-24,"Arterial_endothelial","BNIP2"
3.83509149985017e-23,0.475159609187133,0.605,0.488,9.39789172038284e-19,"Arterial_endothelial","CYB5A"
1.83182055627516e-52,0.474817885142194,0.906,0.849,4.48887627315228e-48,"Arterial_endothelial","CALD1"
1.15916094846395e-13,0.473698585073991,0.321,0.23,2.84052390421091e-09,"Arterial_endothelial","CEP164"
8.4478822890832e-17,0.47364007300356,0.286,0.189,2.07015355493984e-12,"Arterial_endothelial","PSMD14"
8.89082389146582e-24,0.473508225486448,0.771,0.628,2.1786963946037e-19,"Arterial_endothelial","MT2A"
4.46308788821467e-29,0.473486303568401,0.673,0.544,1.093679687007e-24,"Arterial_endothelial","SP100"
2.53084595125854e-16,0.473226867099739,0.265,0.173,6.20183800355906e-12,"Arterial_endothelial","LDLRAD4"
1.34466558324569e-10,0.47271994371922,0.294,0.218,3.29510301174356e-06,"Arterial_endothelial","ACACB"
1.24296336081821e-10,0.470182785013858,0.257,0.185,3.04588171568503e-06,"Arterial_endothelial","SMIM15"
4.1084357037318e-11,0.469251505988404,0.286,0.206,1.00677216919948e-06,"Arterial_endothelial","ECHDC1"
2.35611457350488e-19,0.468623201700575,0.522,0.395,5.7736587623737e-15,"Arterial_endothelial","DPYSL3"
1.85222305581909e-16,0.468283769885053,0.331,0.226,4.53887259828468e-12,"Arterial_endothelial","DAB2IP"
1.84866858400854e-20,0.468270357629066,0.449,0.321,4.53016236511292e-16,"Arterial_endothelial","DNAJC10"
5.23153644057299e-22,0.467007756039061,0.577,0.449,1.28198800476241e-17,"Arterial_endothelial","NFAT5"
1.14530311041257e-45,0.466568911819985,0.594,0.39,2.806565272066e-41,"Arterial_endothelial","PLAC9"
1.78842765133724e-07,0.463329813230926,0.252,0.192,0.00438254195960191,"Arterial_endothelial","SH3D19"
2.14516008127645e-20,0.462943534481296,0.418,0.291,5.25671477916795e-16,"Arterial_endothelial","CAPZA1"
8.49313997562384e-43,0.462941776902477,0.826,0.707,2.08124395102662e-38,"Arterial_endothelial","CDC37"
5.29803381235081e-13,0.462374645433194,0.314,0.228,1.29828318571656e-08,"Arterial_endothelial","NNMT"
4.22021429762045e-19,0.459908318028024,0.374,0.257,1.03416351363189e-14,"Arterial_endothelial","ARID1A"
5.56957198726565e-20,0.45989152639432,0.442,0.318,1.36482361547945e-15,"Arterial_endothelial","CAMK2D"
3.5805715695855e-24,0.459803360310061,0.595,0.459,8.77419063126927e-20,"Arterial_endothelial","CIB1"
4.86310872543628e-15,0.459600561437864,0.289,0.195,1.19170479316816e-10,"Arterial_endothelial","TSPAN31"
1.20967398122511e-12,0.458178256757383,0.26,0.18,2.96430609099214e-08,"Arterial_endothelial","ATMIN"
1.41466378719621e-12,0.456875496642297,0.278,0.194,3.46663361052431e-08,"Arterial_endothelial","POLD2"
2.15758973722576e-14,0.455997561048508,0.473,0.376,5.28717365107172e-10,"Arterial_endothelial","UBE2J1"
4.43777162969442e-24,0.455516859241382,0.564,0.423,1.08747593785662e-19,"Arterial_endothelial","EPS8"
7.27997386747923e-46,0.454759362740656,0.853,0.765,1.78395759622579e-41,"Arterial_endothelial","MMRN2"
4.06619985761136e-14,0.454020620726361,0.346,0.249,9.96422275107664e-10,"Arterial_endothelial","LINC00998"
1.04992055460853e-14,0.453915022731704,0.375,0.274,2.5728303190682e-10,"Arterial_endothelial","ASAP2"
5.9086025468456e-18,0.453770048786865,0.326,0.218,1.44790305410452e-13,"Arterial_endothelial","ARAP3"
1.48090223629608e-16,0.453733002463638,0.319,0.219,3.62895093004355e-12,"Arterial_endothelial","PLOD3"
1.4099007856439e-13,0.453456218512336,0.296,0.207,3.45496187522037e-09,"Arterial_endothelial","PCSK7"
1.77543366667613e-16,0.453043504745279,0.415,0.304,4.35070020018985e-12,"Arterial_endothelial","LINC01116"
1.58372399688068e-18,0.452584972219116,0.533,0.413,3.88091565435609e-14,"Arterial_endothelial","PSMD7"
1.52769611635503e-14,0.452326686540332,0.318,0.224,3.74361933312799e-10,"Arterial_endothelial","PPP1R16B"
3.58487566048544e-14,0.452289188506964,0.304,0.212,8.78473780601957e-10,"Arterial_endothelial","AFTPH"
5.11783933470867e-16,0.45227563967782,0.403,0.294,1.25412652897036e-11,"Arterial_endothelial","APC"
8.61826181695258e-25,0.450561472564596,0.593,0.455,2.11190505824423e-20,"Arterial_endothelial","EIF2AK2"
1.61154652755564e-17,0.450495629863277,0.488,0.375,3.9490947657751e-13,"Arterial_endothelial","FRY"
8.49796637428198e-32,0.450161869579538,0.747,0.625,2.0824266600178e-27,"Arterial_endothelial","CHMP2A"
2.18542090873469e-13,0.449832035923332,0.409,0.311,5.35537393685437e-09,"Arterial_endothelial","ARL3"
3.87885002785782e-15,0.449533995299481,0.335,0.237,9.50512199326558e-11,"Arterial_endothelial","GABPA"
4.86195325282504e-26,0.44944006622236,0.691,0.574,1.19142164460478e-21,"Arterial_endothelial","TMED9"
7.17762541157384e-17,0.447552610402127,0.499,0.381,1.75887710710617e-12,"Arterial_endothelial","AIDA"
1.82484374867954e-27,0.447026387549661,0.754,0.666,4.47177960613922e-23,"Arterial_endothelial","PSIP1"
5.2165415198482e-09,0.446953718363813,0.301,0.23,0.00012783134994388,"Arterial_endothelial","TP53TG1"
9.99611730253785e-20,0.446876055680588,0.844,0.789,2.4495485449869e-15,"Arterial_endothelial","RDX"
4.94004756736588e-33,0.446648078919043,0.838,0.763,1.21055865638301e-28,"Arterial_endothelial","CD93"
4.77255769880393e-24,0.445956371939666,0.616,0.486,1.1695152640919e-19,"Arterial_endothelial","SHISA5"
2.15542339750273e-53,0.445586606653458,0.924,0.871,5.28186503558043e-49,"Arterial_endothelial","PFN1"
3.50720914655411e-16,0.44536865130518,0.483,0.368,8.59441601363085e-12,"Arterial_endothelial","PCGF2"
5.08093955089719e-14,0.444156487723746,0.307,0.216,1.24508423694736e-09,"Arterial_endothelial","B3GNT2"
5.49272439035307e-12,0.443701329810946,0.283,0.202,1.34599211185602e-07,"Arterial_endothelial","RAB12"
5.70406178693199e-13,0.442992556408723,0.328,0.235,1.39778034088768e-08,"Arterial_endothelial","NMI"
4.27279542330057e-20,0.44258473589268,0.564,0.441,1.0470485184798e-15,"Arterial_endothelial","ARPC4"
9.2250027439194e-21,0.442444205137393,0.568,0.438,2.26058692239745e-16,"Arterial_endothelial","ADAR"
7.7156473814421e-16,0.442242810071594,0.502,0.392,1.89071939082239e-11,"Arterial_endothelial","UBE2H"
1.23197452205373e-24,0.441670825400244,0.556,0.412,3.01895356629266e-20,"Arterial_endothelial","SYNGR2"
5.90807787322676e-17,0.440711328978464,0.461,0.349,1.44777448283422e-12,"Arterial_endothelial","PTEN"
2.14558724864249e-22,0.440684970445461,0.626,0.505,5.25776155279841e-18,"Arterial_endothelial","PTP4A2"
2.80243620175383e-18,0.439359954303826,0.478,0.357,6.86736991239775e-14,"Arterial_endothelial","POLR2G"
9.28261191028457e-16,0.439086657815614,0.352,0.249,2.27470404861524e-11,"Arterial_endothelial","SLAIN2"
3.73308960044945e-62,0.438982741200709,0.949,0.924,9.14793606590137e-58,"Arterial_endothelial","MYL12B"
4.20758513328312e-11,0.438739798820965,0.255,0.181,1.03106873691103e-06,"Arterial_endothelial","MKRN1"
4.51379279413674e-80,0.438339734826599,0.958,0.928,1.10610492420321e-75,"Arterial_endothelial","CFL1"
9.06219896328249e-18,0.43815646650563,0.427,0.308,2.22069185595238e-13,"Arterial_endothelial","DECR1"
3.11600631968037e-60,0.437516886900214,0.918,0.841,7.63577348637675e-56,"Arterial_endothelial","NPDC1"
2.96353587520337e-15,0.436960045645284,0.409,0.3,7.26214466218585e-11,"Arterial_endothelial","GATA2"
2.52735689847386e-14,0.436871771820935,0.426,0.324,6.1932880797102e-10,"Arterial_endothelial","REST"
8.24224145474355e-38,0.436245352509525,0.813,0.709,2.01976126848491e-33,"Arterial_endothelial","ATP6V0E1"
5.54658874579826e-98,0.43565930177143,0.984,0.971,1.35919157215786e-93,"Arterial_endothelial","MYL6"
1.82097006955266e-14,0.435409275385817,0.388,0.286,4.46228715543878e-10,"Arterial_endothelial","MAPRE1"
1.74682018910509e-17,0.435251227169854,0.469,0.349,4.28058287340201e-13,"Arterial_endothelial","NOSIP"
5.10820571871696e-10,0.434623438333378,0.253,0.182,1.25176581137159e-05,"Arterial_endothelial","DUSP3"
2.25266226854881e-18,0.433913522998436,0.546,0.423,5.52014888907886e-14,"Arterial_endothelial","PPP1CA"
5.32796867808381e-61,0.433809157202613,0.967,0.937,1.30561872456444e-56,"Arterial_endothelial","IFITM2"
4.45446809997279e-48,0.432882859747661,0.881,0.811,1.09156740789833e-43,"Arterial_endothelial","EMP2"
3.15775961963956e-16,0.432867428228434,0.391,0.283,7.73808994792674e-12,"Arterial_endothelial","WDR82"
7.45586095256406e-15,0.432771548070028,0.293,0.199,1.82705872642582e-10,"Arterial_endothelial","HRAS"
2.77424787566981e-16,0.432540177942787,0.444,0.332,6.79829441932887e-12,"Arterial_endothelial","IGF1R"
3.94653309722197e-10,0.431800605643393,0.35,0.268,9.67097935474244e-06,"Arterial_endothelial","GLTP"
1.18377901814874e-16,0.431034847146397,0.48,0.368,2.90085048397348e-12,"Arterial_endothelial","CTNND1"
4.32554597728323e-29,0.430645401282123,0.713,0.586,1.05997504173326e-24,"Arterial_endothelial","UBE2B"
8.06388230693574e-12,0.430286064826658,0.272,0.192,1.9760543593146e-07,"Arterial_endothelial","PKD1"
4.46713756523788e-14,0.430232907568662,0.303,0.209,1.09467206036154e-09,"Arterial_endothelial","WDFY1"
1.72467447701532e-11,0.429988014348048,0.547,0.46,4.22631480592605e-07,"Arterial_endothelial","CYR61"
6.34404534740721e-25,0.429787665039398,0.712,0.596,1.55460831238214e-20,"Arterial_endothelial","MINOS1"
5.48226921683388e-20,0.429637943296218,0.565,0.44,1.34343007158514e-15,"Arterial_endothelial","TRAPPC1"
1.45108177838179e-21,0.429234405783725,0.585,0.459,3.55587589792457e-17,"Arterial_endothelial","HIGD2A"
4.70747418093626e-10,0.428919122922459,0.31,0.232,1.15356654803843e-05,"Arterial_endothelial","CWC27"
3.11570885700385e-16,0.428717406283904,0.507,0.395,7.63504455408794e-12,"Arterial_endothelial","RAB10"
1.37299886844052e-08,0.428683688470039,0.275,0.208,0.00033645337271135,"Arterial_endothelial","CBY1"
5.20739302060867e-13,0.428349762223379,0.251,0.168,1.27607165970015e-08,"Arterial_endothelial","TNFRSF10A"
2.6873876236096e-27,0.427749168816526,0.774,0.671,6.58544337165531e-23,"Arterial_endothelial","PLEC"
1.7098500238322e-16,0.427506439615087,0.611,0.491,4.18998748340081e-12,"Arterial_endothelial","HSPA5"
1.19646513786101e-12,0.42741207063535,0.32,0.232,2.93193782032839e-08,"Arterial_endothelial","BECN1"
3.61329587686081e-15,0.427141991346425,0.261,0.171,8.85438154624742e-11,"Arterial_endothelial","GLT8D1"
6.32878024222683e-17,0.427003966282047,0.48,0.363,1.55086759835768e-12,"Arterial_endothelial","FAM120A"
1.68994155000477e-35,0.426734318406112,0.953,0.934,4.1412017682867e-31,"Arterial_endothelial","TM4SF1"
1.76739048847653e-14,0.426587395496375,0.491,0.382,4.33099039201173e-10,"Arterial_endothelial","MRPL54"
1.79466222808729e-16,0.426390160510684,0.44,0.326,4.39781978992791e-12,"Arterial_endothelial","SSNA1"
1.22774312945103e-25,0.425348183665536,0.69,0.559,3.00858453871976e-21,"Arterial_endothelial","PSMB6"
6.39058393811239e-19,0.425335918713547,0.631,0.523,1.56601259403444e-14,"Arterial_endothelial","CTSZ"
1.01399317653113e-33,0.425087927170051,0.79,0.689,2.48479027908953e-29,"Arterial_endothelial","IQGAP1"
6.21683973881352e-20,0.425050332442146,0.509,0.38,1.52343657799625e-15,"Arterial_endothelial","MYOF"
2.0733951453857e-25,0.424951729140747,0.694,0.573,5.08085480376765e-21,"Arterial_endothelial","BANF1"
7.73401258482155e-20,0.424330487621923,0.623,0.515,1.89521978391052e-15,"Arterial_endothelial","DYNC1I2"
2.47044765127795e-16,0.423226571367653,0.387,0.279,6.05383196945661e-12,"Arterial_endothelial","RPS6KA2"
1.90141831792946e-12,0.422132318314187,0.316,0.228,4.65942558808615e-08,"Arterial_endothelial","APMAP"
4.23338458046036e-17,0.421745045486612,0.491,0.369,1.03739089144181e-12,"Arterial_endothelial","CCDC124"
3.38962104952728e-16,0.42109066408481,0.406,0.294,8.30626638186661e-12,"Arterial_endothelial","LTA4H"
6.81771114438737e-20,0.420676922559151,0.518,0.393,1.67068011593213e-15,"Arterial_endothelial","PPP2CB"
2.01178017056229e-11,0.420312418140904,0.296,0.213,4.9298673079629e-07,"Arterial_endothelial","DNASE1L1"
8.30099999379782e-14,0.419511856278272,0.325,0.232,2.03416004848016e-09,"Arterial_endothelial","CLN5"
3.99714034334871e-10,0.419264700286007,0.253,0.181,9.794992411376e-06,"Arterial_endothelial","NMD3"
3.64571119457756e-29,0.418638953998779,0.752,0.64,8.93381528231231e-25,"Arterial_endothelial","RAB2A"
2.17683773636133e-16,0.41709070773674,0.458,0.343,5.33434087295345e-12,"Arterial_endothelial","ZNF428"
3.15148128399927e-08,0.416907612847567,0.26,0.196,0.000772270488644022,"Arterial_endothelial","CASP7"
4.0185160460252e-16,0.415863524861512,0.406,0.298,9.84737357078474e-12,"Arterial_endothelial","UBTF"
4.9624209668308e-15,0.415119992727979,0.364,0.26,1.21604125792189e-10,"Arterial_endothelial","AKT1"
1.27817348853294e-15,0.415053523015793,0.554,0.439,3.13216413364997e-11,"Arterial_endothelial","H2AFV"
3.26110097366273e-17,0.415022616367979,0.439,0.325,7.99132793596052e-13,"Arterial_endothelial","UBE2Q2"
5.6576311411693e-09,0.414564749274664,0.323,0.25,0.000138640251114354,"Arterial_endothelial","RALGAPA1"
6.25702408822609e-19,0.413204154250464,0.511,0.383,1.5332837528198e-14,"Arterial_endothelial","MED4"
8.48886785835827e-16,0.413048428142822,0.346,0.243,2.0801970686907e-11,"Arterial_endothelial","DENND5A"
1.73109035835012e-18,0.412876275552475,0.675,0.574,4.24203692313697e-14,"Arterial_endothelial","CSRP1"
7.92865219506524e-13,0.412142544487265,0.355,0.265,1.94291622040074e-08,"Arterial_endothelial","NUTF2"
4.14234831823773e-23,0.412130083965905,0.647,0.524,1.01508245538415e-18,"Arterial_endothelial","MTPN"
3.14487970479683e-14,0.411507062053655,0.34,0.241,7.70652771660464e-10,"Arterial_endothelial","USP12"
9.91893796901958e-14,0.410964429622589,0.316,0.222,2.43063574930825e-09,"Arterial_endothelial","LSM12"
1.02022772016783e-23,0.410537849605555,0.691,0.57,2.50006802827126e-19,"Arterial_endothelial","ATP6V1F"
0.000412653428891157,0.410244437315379,0.597,0.724,1,"Arterial_endothelial","SOCS3"
5.47635601918666e-27,0.410126467568658,0.747,0.631,1.34198104250169e-22,"Arterial_endothelial","DPYSL2"
6.3494788497296e-10,0.409409589394065,0.343,0.262,1.55593979212624e-05,"Arterial_endothelial","PRKAA1"
4.9401570862043e-10,0.408689415483069,0.26,0.189,1.21058549397436e-05,"Arterial_endothelial","RABGGTB"
1.79068934840503e-07,0.408585177858883,0.253,0.193,0.00438808424826654,"Arterial_endothelial","ITPKB"
1.54205972770202e-11,0.408564592871809,0.338,0.255,3.7788173627338e-07,"Arterial_endothelial","HERC1"
5.30464960436501e-11,0.408180013278105,0.396,0.311,1.29990438554965e-06,"Arterial_endothelial","LPGAT1"
1.63284854531647e-14,0.407745854672508,0.303,0.207,4.001295360298e-10,"Arterial_endothelial","ISG20"
3.90550348948074e-16,0.407328655584824,0.483,0.368,9.57043630097256e-12,"Arterial_endothelial","SSR1"
3.25759814793036e-15,0.407211978121563,0.372,0.27,7.98274426150334e-11,"Arterial_endothelial","CLEC2B"
1.92039664309199e-14,0.40704319419382,0.453,0.35,4.70593197389693e-10,"Arterial_endothelial","UFD1L"
1.40114225067005e-09,0.406323107368891,0.289,0.215,3.43349908526697e-05,"Arterial_endothelial","GIPC1"
5.51649528833453e-09,0.405029588003656,0.264,0.196,0.000135181717040638,"Arterial_endothelial","WRB"
9.02562890551858e-25,0.404686814993684,0.732,0.634,2.21173036329733e-20,"Arterial_endothelial","GNB2"
1.61957162037883e-12,0.404128581608454,0.408,0.311,3.96876025573831e-08,"Arterial_endothelial","GTF3C6"
1.32765915895899e-13,0.403307337618431,0.414,0.313,3.25342876902902e-09,"Arterial_endothelial","MPC1"
4.22218992827912e-23,0.403044112788666,0.679,0.559,1.0346476419248e-18,"Arterial_endothelial","ATP6AP2"
4.14992827880302e-15,0.402438323040491,0.379,0.276,1.01693992472068e-10,"Arterial_endothelial","CHMP4B"
2.07570690438064e-19,0.402404456678897,0.643,0.524,5.08651976918476e-15,"Arterial_endothelial","RHEB"
1.2330902190942e-13,0.401980678694235,0.323,0.228,3.02168758189034e-09,"Arterial_endothelial","COMMD3"
1.06594783721271e-15,0.401166968957364,0.412,0.308,2.61210517508974e-11,"Arterial_endothelial","UHMK1"
1.27804740880661e-11,0.400468079200365,0.301,0.218,3.1318551752806e-07,"Arterial_endothelial","SSBP2"
3.90133109436259e-45,0.39836403242567,0.855,0.756,9.56021184673553e-41,"Arterial_endothelial","SELM"
7.01311406037804e-17,0.398116633615091,0.495,0.379,1.71856360049564e-12,"Arterial_endothelial","AP2B1"
1.32464491475667e-19,0.397948000034981,0.597,0.475,3.24604236361122e-15,"Arterial_endothelial","CEP68"
1.07784705160261e-21,0.397827399613575,0.708,0.604,2.64126419995219e-17,"Arterial_endothelial","EIF5B"
2.41308510654298e-14,0.397650753056159,0.415,0.314,5.91326505358356e-10,"Arterial_endothelial","ADI1"
4.6078116776714e-10,0.397173375221968,0.275,0.2,1.12914425161338e-05,"Arterial_endothelial","AP3B1"
1.41070565368286e-17,0.397042216994652,0.553,0.432,3.45693420434986e-13,"Arterial_endothelial","YPEL3"
1.10148522408522e-14,0.396853137120511,0.522,0.409,2.69918954162082e-10,"Arterial_endothelial","SLC44A2"
3.54431531967035e-18,0.396344158132601,0.646,0.538,8.68534469085219e-14,"Arterial_endothelial","SNX6"
2.38724045227321e-14,0.39497514346428,0.418,0.314,5.84993272829551e-10,"Arterial_endothelial","CBX6"
1.75143597807686e-11,0.39464024995429,0.33,0.242,4.29189386427733e-07,"Arterial_endothelial","ITFG1"
1.38291381954176e-28,0.393454309423651,0.633,0.492,3.38883031478708e-24,"Arterial_endothelial","LIFR"
5.62774616043217e-13,0.393204229417886,0.43,0.334,1.3790791966139e-08,"Arterial_endothelial","FNBP1L"
2.70474935188822e-25,0.393044876180261,0.767,0.673,6.62798828680208e-21,"Arterial_endothelial","SEC61B"
8.43019725418255e-12,0.392889066960099,0.389,0.295,2.06581983713743e-07,"Arterial_endothelial","EXOSC6"
2.78366749853949e-14,0.392495242516815,0.535,0.433,6.82137720517101e-10,"Arterial_endothelial","DNAJC15"
3.67833544151947e-13,0.392092409111859,0.517,0.414,9.01376099944346e-09,"Arterial_endothelial","SMCHD1"
2.77734919210845e-12,0.391397347661069,0.354,0.262,6.80589419526176e-08,"Arterial_endothelial","TMCO3"
6.31189157022227e-12,0.391249281526925,0.42,0.324,1.54672902928297e-07,"Arterial_endothelial","ZBTB16"
2.03956968700508e-21,0.389990383197461,0.633,0.494,4.99796551800595e-17,"Arterial_endothelial","ATP5G3"
1.38759913576762e-11,0.389894486977619,0.362,0.27,3.40031168219856e-07,"Arterial_endothelial","GIT1"
9.90776907148986e-17,0.389742449922173,0.58,0.456,2.42789881096859e-12,"Arterial_endothelial","TMEM147"
3.36450680019861e-09,0.389160762728218,0.279,0.208,8.24472391388668e-05,"Arterial_endothelial","VPS25"
1.76257507742207e-12,0.388973962748215,0.297,0.211,4.31919022722278e-08,"Arterial_endothelial","GRK5"
4.73971237711038e-18,0.388965794153038,0.533,0.404,1.1614665180109e-13,"Arterial_endothelial","CRK"
4.41681861850058e-15,0.38866386596526,0.449,0.344,1.08234140246357e-10,"Arterial_endothelial","LIPA"
1.48110533541918e-11,0.388557610263737,0.318,0.234,3.6294486244447e-07,"Arterial_endothelial","SH2D3C"
5.08448011594291e-14,0.388461308211039,0.319,0.223,1.24595185241181e-09,"Arterial_endothelial","ATP6V0D1"
2.44285549220348e-17,0.388384229059655,0.531,0.411,5.98621738364462e-13,"Arterial_endothelial","POLR2J"
9.49076438207426e-15,0.388264894386773,0.411,0.303,2.3257118118273e-10,"Arterial_endothelial","NOTCH1"
3.64851148031133e-13,0.388206899902672,0.396,0.297,8.94067738250291e-09,"Arterial_endothelial","MESDC1"
8.01586091311923e-13,0.388122532155142,0.474,0.37,1.96428671675987e-08,"Arterial_endothelial","H2AFY"
1.93848399360283e-12,0.387965741123011,0.318,0.228,4.75025502632373e-08,"Arterial_endothelial","PHF11"
2.5062433111654e-11,0.387783220163181,0.423,0.329,6.14154923401082e-07,"Arterial_endothelial","PLXNA2"
2.71251091608504e-11,0.387737724220081,0.297,0.215,6.64700799986639e-07,"Arterial_endothelial","TPRG1L"
2.11753084944282e-15,0.387554139638554,0.418,0.308,5.18900934655963e-11,"Arterial_endothelial","RBM22"
2.48297710041246e-14,0.387095710983455,0.454,0.349,6.08453538456074e-10,"Arterial_endothelial","TMEM248"
4.66273810985915e-14,0.386299022755962,0.624,0.525,1.14260397382098e-09,"Arterial_endothelial","SEC14L1"
2.75694563075954e-16,0.385563803243711,0.551,0.433,6.75589526817625e-12,"Arterial_endothelial","HDAC7"
6.8179860152694e-11,0.385398835714416,0.32,0.238,1.67074747304177e-06,"Arterial_endothelial","EXOC7"
3.81945975054784e-13,0.384670530272102,0.396,0.296,9.35958611871747e-09,"Arterial_endothelial","HMG20B"
2.63630257356162e-11,0.384616797074725,0.336,0.251,6.46025945651275e-07,"Arterial_endothelial","NDUFA9"
2.00071119596704e-09,0.384257987144444,0.345,0.265,4.90274278571723e-05,"Arterial_endothelial","UBN1"
1.32332415538814e-17,0.382573333240239,0.43,0.312,3.24280584277865e-13,"Arterial_endothelial","PIK3R3"
1.77060999233034e-21,0.38216900903642,0.732,0.634,4.33887978620549e-17,"Arterial_endothelial","SERPINB6"
2.19694254860158e-09,0.381870282061134,0.299,0.224,5.38360771534817e-05,"Arterial_endothelial","PTP4A3"
4.72131087179075e-07,0.381834923137829,0.29,0.23,0.0115695722913232,"Arterial_endothelial","EZR"
1.3241890404346e-12,0.381091182943922,0.352,0.259,3.24492524358499e-08,"Arterial_endothelial","TMED7"
1.20507876965285e-12,0.380977525504874,0.456,0.354,2.95304552503432e-08,"Arterial_endothelial","ACTR10"
7.6577680948319e-14,0.379608174972316,0.555,0.453,1.87653607163856e-09,"Arterial_endothelial","PDAP1"
6.25058396554238e-12,0.379474010574013,0.354,0.263,1.53170560075616e-07,"Arterial_endothelial","MANF"
7.03804615451877e-11,0.379145506017207,0.302,0.222,1.72467321016483e-06,"Arterial_endothelial","RPGR"
1.4391248348215e-11,0.379123100128432,0.464,0.365,3.52657540773009e-07,"Arterial_endothelial","LSM4"
1.02746037901014e-10,0.379076779494752,0.357,0.269,2.51779165876435e-06,"Arterial_endothelial","FAM129A"
5.56608471501799e-09,0.378241356422512,0.294,0.221,0.000136396905941516,"Arterial_endothelial","KPNA6"
2.68785106826799e-07,0.377608953018845,0.26,0.2,0.00658657904279071,"Arterial_endothelial","TM2D2"
1.61948117615607e-17,0.377418682603118,0.592,0.476,3.96853862217045e-13,"Arterial_endothelial","SUN1"
6.39934733795043e-30,0.377000178958315,0.844,0.772,1.56816006516475e-25,"Arterial_endothelial","MGST2"
3.47600061754907e-10,0.376898680764232,0.34,0.259,8.517939513304e-06,"Arterial_endothelial","POLR2B"
3.64608703776324e-24,0.376862559628464,0.742,0.637,8.93473628603882e-20,"Arterial_endothelial","KIF5B"
3.67255226602461e-10,0.376804036741283,0.314,0.233,8.99958932789332e-06,"Arterial_endothelial","RAB3GAP1"
5.75579243479649e-11,0.375624570395199,0.292,0.212,1.41045693614688e-06,"Arterial_endothelial","MAP3K8"
1.07591324519349e-16,0.375568452442527,0.502,0.382,2.63652540734664e-12,"Arterial_endothelial","ILK"
8.69246142599998e-09,0.375511917769497,0.264,0.196,0.00021300876724413,"Arterial_endothelial","P4HTM"
1.34132880924111e-10,0.375465580296928,0.358,0.274,3.28692624704535e-06,"Arterial_endothelial","NPEPPS"
9.43361474172666e-15,0.374427265090553,0.486,0.374,2.31170729246012e-10,"Arterial_endothelial","PITPNB"
9.63067841071661e-10,0.374400594431272,0.416,0.332,2.35999774454611e-05,"Arterial_endothelial","CASP4"
2.00218799785887e-09,0.374275105334034,0.322,0.246,4.90636168875315e-05,"Arterial_endothelial","SBNO1"
2.29636939809478e-10,0.374071258219569,0.367,0.282,5.62725321003127e-06,"Arterial_endothelial","EIF4E"
1.09322109320414e-19,0.373795071135763,0.667,0.555,2.67893828889675e-15,"Arterial_endothelial","FKBP2"
9.47269491825235e-08,0.373686786572632,0.276,0.212,0.00232128388971774,"Arterial_endothelial","ARMC1"
3.97652576308612e-11,0.37313698130105,0.38,0.289,9.74447638244253e-07,"Arterial_endothelial","ARHGEF15"
2.13485378717728e-14,0.371839082791573,0.519,0.41,5.23145920547792e-10,"Arterial_endothelial","PFDN1"
7.62058632466677e-42,0.371727120817702,0.966,0.962,1.86742467885959e-37,"Arterial_endothelial","GNG11"
1.46696839650921e-09,0.371392587406923,0.331,0.251,3.59480605564583e-05,"Arterial_endothelial","ZNRF1"
6.03140518548267e-15,0.37139072784797,0.589,0.496,1.47799584070253e-10,"Arterial_endothelial","TMX4"
1.23319674880528e-12,0.371216166080511,0.362,0.268,3.02194863294734e-08,"Arterial_endothelial","RABGAP1"
3.03457966256968e-14,0.370987801059511,0.487,0.375,7.43623746312699e-10,"Arterial_endothelial","TTC1"
1.24491621625454e-12,0.370417388909182,0.353,0.26,3.05066718793175e-08,"Arterial_endothelial","HIPK1"
7.50818876512569e-10,0.370105287584017,0.372,0.289,1.83988165689405e-05,"Arterial_endothelial","ASNA1"
2.61338706169114e-14,0.370045530713384,0.677,0.594,6.40410499467415e-10,"Arterial_endothelial","MAP1LC3B"
2.21600980893592e-10,0.3687596563602,0.292,0.214,5.43033203679747e-06,"Arterial_endothelial","APOL1"
9.13202701601673e-13,0.367790142530147,0.361,0.264,2.2378032202749e-08,"Arterial_endothelial","GTPBP4"
1.51492623692828e-07,0.367186395023521,0.288,0.221,0.00371232674359274,"Arterial_endothelial","MRPL12"
4.67350434199535e-14,0.367012651997847,0.731,0.656,1.14524223900596e-09,"Arterial_endothelial","FLNB"
2.11357882441332e-19,0.366676706990269,0.419,0.302,5.17932490922484e-15,"Arterial_endothelial","GPX3"
3.59512548952829e-09,0.36634738578882,0.28,0.209,8.80985501208908e-05,"Arterial_endothelial","ZC2HC1A"
6.04557980624534e-11,0.36621456142251,0.352,0.264,1.48146933152042e-06,"Arterial_endothelial","UFSP2"
2.98634762103397e-08,0.365914525029635,0.31,0.24,0.000731804484534375,"Arterial_endothelial","ZNF580"
3.0306984339932e-09,0.365863385088827,0.258,0.188,7.42672651250035e-05,"Arterial_endothelial","HMCES"
5.9540142472447e-12,0.365601686275213,0.415,0.317,1.45903119128731e-07,"Arterial_endothelial","PEPD"
4.95947155943488e-11,0.365277272352773,0.35,0.263,1.21531850563952e-06,"Arterial_endothelial","MED19"
1.23288945008014e-08,0.365164537472116,0.426,0.356,0.00030211955974214,"Arterial_endothelial","PMEPA1"
3.77767463367859e-11,0.364788632203834,0.377,0.287,9.25719168982939e-07,"Arterial_endothelial","USF2"
3.85345463406415e-08,0.364676376427397,0.294,0.227,0.000944289058077421,"Arterial_endothelial","TRIO"
3.11345894929809e-12,0.364620740858392,0.44,0.341,7.62953115525497e-08,"Arterial_endothelial","TXNDC17"
2.38043580219799e-12,0.364373632311578,0.339,0.248,5.83325793328618e-08,"Arterial_endothelial","SLC25A39"
3.01449264760837e-56,0.364292666073272,0.962,0.927,7.38701423296431e-52,"Arterial_endothelial","CD99"
6.77769736443411e-21,0.364034751843799,0.693,0.562,1.66087473915458e-16,"Arterial_endothelial","NDUFS6"
3.00953979173258e-10,0.363574274660521,0.313,0.233,7.37487725964068e-06,"Arterial_endothelial","KCTD20"
2.41474424821536e-15,0.363207858700159,0.579,0.469,5.91733078025173e-11,"Arterial_endothelial","ANP32A"
1.18919339061634e-08,0.362106957251972,0.258,0.19,0.000291411840370534,"Arterial_endothelial","STK4"
7.90986614374336e-08,0.362012803976294,0.26,0.196,0.00193831269852431,"Arterial_endothelial","ACOT9"
4.6162508661873e-10,0.361861526946662,0.363,0.279,1.1312122747592e-05,"Arterial_endothelial","PSMD6"
3.38292337663904e-10,0.361437055737571,0.345,0.263,8.28985373445397e-06,"Arterial_endothelial","EXOC1"
2.36917680268111e-12,0.361055597226266,0.47,0.37,5.80566775497007e-08,"Arterial_endothelial","HSD17B11"
3.39162715913623e-11,0.360978017899158,0.325,0.238,8.31118235346333e-07,"Arterial_endothelial","FCHSD2"
2.05838061284519e-10,0.360410309933808,0.306,0.226,5.04406169177713e-06,"Arterial_endothelial","MAT2B"
2.12404409280475e-20,0.359957908520646,0.757,0.662,5.20497004941805e-16,"Arterial_endothelial","NDUFC1"
8.49526995682832e-10,0.359779168060384,0.302,0.225,2.08176590292078e-05,"Arterial_endothelial","MCTS1"
8.02644384972341e-12,0.359639254673421,0.282,0.199,1.96688006537472e-07,"Arterial_endothelial","RMND5A"
1.15141246230198e-24,0.358901608659578,0.953,0.933,2.821536238871e-20,"Arterial_endothelial","NEAT1"
1.01564934940423e-11,0.357737877982867,0.373,0.281,2.48884873071507e-07,"Arterial_endothelial","TUSC2"
6.75694314387206e-16,0.357338924441715,0.612,0.496,1.65578891740585e-11,"Arterial_endothelial","RALY"
2.00030646293361e-35,0.357252932457841,0.875,0.824,4.90175098741882e-31,"Arterial_endothelial","CDC42"
7.64170135941721e-15,0.357156542251136,0.593,0.481,1.87259891812519e-10,"Arterial_endothelial","SMARCE1"
1.07314451927093e-10,0.357074314622391,0.345,0.259,2.62974064447342e-06,"Arterial_endothelial","DNAJB11"
2.91446489251052e-12,0.357070345601157,0.429,0.331,7.14189621909704e-08,"Arterial_endothelial","CCDC186"
5.81364059097854e-24,0.355960884455098,0.701,0.571,1.42463262681929e-19,"Arterial_endothelial","FLNA"
1.37845928728079e-07,0.355901987545666,0.27,0.207,0.00337791448348157,"Arterial_endothelial","LINC01184"
6.8657478304845e-07,0.355791644806538,0.274,0.212,0.0168245150586023,"Arterial_endothelial","MRPL1"
1.07043276330764e-10,0.355216009901584,0.294,0.216,2.62309548648537e-06,"Arterial_endothelial","ZEB2"
5.0742406243878e-07,0.355145997814368,0.261,0.202,0.0124344266500623,"Arterial_endothelial","ZYG11B"
0.000846548231755773,0.35496007422131,0.295,0.252,1,"Arterial_endothelial","NPNT"
2.16803305671647e-17,0.35483539209399,0.683,0.572,5.31276500548370e-13,"Arterial_endothelial","MTCH1"
2.3516429297465e-13,0.35322955846392,0.425,0.32,5.7627009993438e-09,"Arterial_endothelial","IER3IP1"
1.6255590843774e-06,0.352494476305028,0.28,0.22,0.0398343253626681,"Arterial_endothelial","GRAMD1A"
6.47032952541721e-16,0.352422172463516,0.49,0.37,1.58555425020349e-11,"Arterial_endothelial","DYNLT3"
5.63152364889856e-20,0.352182205823822,0.701,0.587,1.38000487016259e-15,"Arterial_endothelial","SRP9"
6.15533351270753e-13,0.351988653265107,0.299,0.209,1.50836447728898e-08,"Arterial_endothelial","SLC4A1AP"
2.57683461856055e-12,0.351680387917613,0.412,0.312,6.31453323278262e-08,"Arterial_endothelial","CLNS1A"
8.28326961275753e-08,0.351359679162898,0.251,0.189,0.00202981521860623,"Arterial_endothelial","RIMKLB"
1.18437448737069e-11,0.351216111007227,0.316,0.228,2.90230968130187e-07,"Arterial_endothelial","SEC23A"
1.98513875772037e-15,0.351119104961164,0.551,0.432,4.86458252579377e-11,"Arterial_endothelial","NR3C1"
1.18062739429973e-25,0.351092980374262,0.931,0.914,2.8931274297315e-21,"Arterial_endothelial","CLEC14A"
2.68220977910768e-11,0.351030442721096,0.343,0.255,6.57275506370336e-07,"Arterial_endothelial","CBX1"
3.40959550823422e-08,0.350108705254928,0.403,0.324,0.000835521379292796,"Arterial_endothelial","LAMA5"
1.81514632681985e-11,0.350106895823525,0.4,0.307,4.44801607387205e-07,"Arterial_endothelial","DIAPH1"
7.59832527462723e-09,0.349785736962607,0.297,0.222,0.00018619696085474,"Arterial_endothelial","AFAP1L1"
1.47110109967643e-08,0.34956395698372,0.34,0.267,0.000360493324475708,"Arterial_endothelial","ICE1"
2.74177921965427e-06,0.349465564991845,0.254,0.198,0.0671872997776278,"Arterial_endothelial","CDK11A"
9.13497940934176e-12,0.349176079913853,0.422,0.323,2.2385267042592e-07,"Arterial_endothelial","URM1"
8.59297809577423e-16,0.348871641355695,0.429,0.313,2.10570928236947e-11,"Arterial_endothelial","CASKIN2"
1.00774562659508e-17,0.347958431717391,0.518,0.388,2.46948065797123e-13,"Arterial_endothelial","GIMAP6"
5.3675879030049e-15,0.347764367949831,0.596,0.49,1.31532741563135e-10,"Arterial_endothelial","PGAM1"
7.29839109102279e-12,0.347566605799178,0.471,0.37,1.78847073685514e-07,"Arterial_endothelial","ADRM1"
1.62248463474123e-08,0.347439750921579,0.325,0.251,0.000397589859743339,"Arterial_endothelial","PTPN1"
1.43762343339036e-23,0.346909169794134,0.815,0.728,3.52289622352307e-19,"Arterial_endothelial","ARPC3"
2.21371741536309e-11,0.346734543113122,0.387,0.294,5.42471452634726e-07,"Arterial_endothelial","KLC1"
2.32642895016812e-14,0.346527449425511,0.505,0.392,5.70091414238698e-10,"Arterial_endothelial","GLG1"
1.05488065135686e-06,0.346461184717123,0.28,0.219,0.0258498503615,"Arterial_endothelial","UBR4"
3.68647036454721e-15,0.346319711052907,0.611,0.502,9.03369562832294e-11,"Arterial_endothelial","VKORC1"
1.38197342595229e-15,0.346067245050556,0.504,0.388,3.3865258802961e-11,"Arterial_endothelial","C1orf115"
2.67400125975049e-15,0.345980167154527,0.558,0.442,6.55264008701857e-11,"Arterial_endothelial","PSMC3"
8.86703375804873e-14,0.345900053724215,0.505,0.397,2.17286662240984e-09,"Arterial_endothelial","UBE2G2"
3.9701094242198e-10,0.345771120985664,0.377,0.288,9.72875314405063e-06,"Arterial_endothelial","LNPEP"
3.87402504615063e-19,0.345615553747421,0.719,0.624,9.49329837559213e-15,"Arterial_endothelial","NDUFA13"
1.82313691154495e-09,0.345492665194894,0.309,0.232,4.46759700174089e-05,"Arterial_endothelial","STX10"
2.89984031341715e-13,0.345205960286237,0.49,0.384,7.10605868802873e-09,"Arterial_endothelial","PTBP3"
1.49840292982069e-07,0.344863874545048,0.278,0.214,0.00367183637952559,"Arterial_endothelial","RUFY3"
1.7563126392942e-11,0.344861731359332,0.343,0.253,4.30384412259044e-07,"Arterial_endothelial","ERGIC1"
2.25270047877946e-29,0.344732297169011,0.866,0.789,5.52024252324907e-25,"Arterial_endothelial","SNHG7"
3.92869845001011e-11,0.343908440363943,0.252,0.176,9.62727555174977e-07,"Arterial_endothelial","BRE"
6.77791690122746e-16,0.343632362332754,0.521,0.399,1.66092853664579e-11,"Arterial_endothelial","DYNLT1"
4.59274269521656e-09,0.343608830155415,0.26,0.19,0.000112545159746282,"Arterial_endothelial","MFSD14B"
4.0460661817744e-10,0.343420919385497,0.376,0.291,9.91488517843818e-06,"Arterial_endothelial","ALYREF"
3.09176648809631e-09,0.34270418048486,0.345,0.267,7.57637377908001e-05,"Arterial_endothelial","CASC3"
8.14197576157678e-13,0.342674816469613,0.489,0.381,1.99519116037439e-08,"Arterial_endothelial","GOLGA7"
1.3645329886101e-10,0.342323690997312,0.439,0.346,3.34378808858905e-06,"Arterial_endothelial","TSG101"
5.08278373553669e-10,0.341570867152481,0.354,0.273,1.24553615439327e-05,"Arterial_endothelial","CREB1"
6.77159882418556e-11,0.341426837229985,0.384,0.292,1.65938029186667e-06,"Arterial_endothelial","FIBP"
2.186095538733e-30,0.340829865323875,0.898,0.847,5.35702711766522e-26,"Arterial_endothelial","PRDX1"
8.62905166593297e-07,0.340556595482324,0.309,0.247,0.0211454911073687,"Arterial_endothelial","TUSC1"
3.87496423470989e-10,0.340289965628179,0.26,0.185,9.4955998571566e-06,"Arterial_endothelial","ANKRD40"
8.07856882164116e-11,0.340228775270372,0.389,0.3,1.97965328974317e-06,"Arterial_endothelial","ABCE1"
1.2128999762706e-10,0.339976892066146,0.264,0.187,2.97221139185111e-06,"Arterial_endothelial","KLHL9"
3.09282885674271e-11,0.339614846521103,0.401,0.308,7.57897711344802e-07,"Arterial_endothelial","COA3"
1.07619213818785e-08,0.339178786712285,0.335,0.258,0.000263720883462933,"Arterial_endothelial","DPP8"
7.96271128252365e-14,0.338383361386321,0.633,0.532,1.95126239978242e-09,"Arterial_endothelial","GTF2I"
2.40243598527049e-26,0.338295983711856,0.814,0.728,5.88716938190534e-22,"Arterial_endothelial","UQCR11"
6.66396938613487e-08,0.337981297909244,0.318,0.249,0.00163300569807235,"Arterial_endothelial","ZNF37A"
1.73844664113743e-37,0.33792925127099,0.906,0.866,4.26006349410727e-33,"Arterial_endothelial","PSAP"
2.05520216026856e-10,0.337682936998138,0.255,0.179,5.03627289373811e-06,"Arterial_endothelial","EFEMP2"
2.23774028268735e-08,0.337642614961729,0.281,0.213,0.000548358256272535,"Arterial_endothelial","RNF20"
4.0395778896597e-12,0.337537804707752,0.471,0.371,9.8989856186111e-08,"Arterial_endothelial","RNF19A"
2.37661867040165e-54,0.337487819008935,0.978,0.96,5.82390405181924e-50,"Arterial_endothelial","H3F3A"
1.55566920146985e-07,0.337296656236905,0.313,0.243,0.00381216737820186,"Arterial_endothelial","AGFG1"
7.89702736069862e-10,0.337271361037586,0.406,0.32,1.9351665547392e-05,"Arterial_endothelial","VDAC1"
2.64933794472539e-08,0.337106520653804,0.251,0.185,0.000649220263354956,"Arterial_endothelial","SOCS4"
2.80230215455621e-18,0.336547885041052,0.728,0.634,6.86704142973999e-14,"Arterial_endothelial","RBX1"
1.60147348244987e-12,0.336350242913487,0.314,0.224,3.92441076874339e-08,"Arterial_endothelial","MRPS23"
8.51518915045523e-10,0.336260200542901,0.442,0.358,2.08664710131905e-05,"Arterial_endothelial","SKI"
1.32834365559204e-07,0.335867387752933,0.286,0.22,0.0032551061280283,"Arterial_endothelial","KIF2A"
1.19266843770189e-21,0.335617812017763,0.812,0.756,2.92263400658847e-17,"Arterial_endothelial","ATRX"
7.72572238482277e-22,0.335336035739527,0.965,0.963,1.89318827040082e-17,"Arterial_endothelial","TXNIP"
1.16666222173206e-17,0.335334250067271,0.829,0.789,2.85890577435441e-13,"Arterial_endothelial","HSP90B1"
3.67082701234722e-08,0.334800882608167,0.345,0.274,0.000899536159375686,"Arterial_endothelial","GLRX"
1.83740996106215e-08,0.334564848969886,0.334,0.26,0.00045025731095828,"Arterial_endothelial","DYNC1LI1"
4.12186068740253e-10,0.334156077263513,0.548,0.455,1.01006196144799e-05,"Arterial_endothelial","PHPT1"
5.16161111864501e-23,0.334140365296444,0.811,0.737,1.26485280462396e-18,"Arterial_endothelial","NDUFS5"
6.02578675094106e-13,0.334075678969851,0.64,0.554,1.47661904331811e-08,"Arterial_endothelial","HEBP2"
7.30859774319043e-10,0.33389118141857,0.38,0.296,1.79097187696882e-05,"Arterial_endothelial","C19orf24"
9.0095885218107e-12,0.333847181652213,0.462,0.361,2.20779966726971e-07,"Arterial_endothelial","LAMTOR2"
1.66734037898144e-23,0.33368858629789,0.851,0.764,4.08581759869401e-19,"Arterial_endothelial","RABAC1"
7.1137693682237e-10,0.333540711318707,0.259,0.186,1.74322918368322e-05,"Arterial_endothelial","TPGS2"
7.08525679148117e-13,0.333536426685663,0.469,0.362,1.73624217675246e-08,"Arterial_endothelial","PPP4C"
1.88004747736997e-20,0.333325001410008,0.785,0.722,4.6070563432951e-16,"Arterial_endothelial","SNX3"
4.32479214858012e-10,0.333128470914871,0.414,0.327,1.05979031600956e-05,"Arterial_endothelial","AGPAT2"
1.11259706975255e-07,0.333040951936478,0.303,0.236,0.00272641911942862,"Arterial_endothelial","ZDHHC3"
1.17151525492282e-15,0.332968879391347,0.662,0.55,2.87079813218837e-11,"Arterial_endothelial","YWHAQ"
8.45575280872107e-07,0.332588305738756,0.377,0.308,0.020720822257771,"Arterial_endothelial","AGTRAP"
2.0728742644515e-09,0.332440966059511,0.365,0.282,5.0795783850384e-05,"Arterial_endothelial","COPS5"
0.000144086152256907,0.332376808909987,0.391,0.339,1,"Arterial_endothelial","PROCR"
5.55315678018533e-07,0.331680924681437,0.311,0.247,0.0136080106898442,"Arterial_endothelial","DNAJC2"
1.50714504645847e-10,0.331673337406004,0.301,0.219,3.69325893634648e-06,"Arterial_endothelial","SH2B3"
7.43341620701684e-17,0.331096788612017,0.707,0.604,1.82155864152948e-12,"Arterial_endothelial","FLOT1"
3.46812410675876e-12,0.330995865937713,0.537,0.435,8.49863812361234e-08,"Arterial_endothelial","ATP5J2"
5.27187203651983e-32,0.330944968241338,0.873,0.809,1.29187224254918e-27,"Arterial_endothelial","ARL6IP5"
2.48530525001217e-13,0.33054658183964,0.556,0.444,6.09024051515483e-09,"Arterial_endothelial","RCN2"
3.49277624571798e-09,0.330499128187757,0.3,0.227,8.55904819013192e-05,"Arterial_endothelial","IKBKB"
2.76423785510287e-10,0.330280556815642,0.641,0.571,6.77376486392958e-06,"Arterial_endothelial","GSTO1"
2.77818877634714e-09,0.329580391361255,0.408,0.322,6.80795159643866e-05,"Arterial_endothelial","FAM127B"
6.83365684688308e-16,0.329355574381457,0.606,0.492,1.6745876103287e-11,"Arterial_endothelial","DCTN3"
6.92245602997808e-12,0.329294380966125,0.366,0.271,1.69634785014613e-07,"Arterial_endothelial","DCTPP1"
9.12367104173942e-29,0.328792950139437,0.878,0.807,2.23575558877825e-24,"Arterial_endothelial","CAV2"
6.07639425267242e-13,0.327965404313931,0.544,0.438,1.48902041161738e-08,"Arterial_endothelial","POLR3GL"
3.86411912473454e-10,0.327447426973151,0.456,0.367,9.46902391516198e-06,"Arterial_endothelial","SMIM14"
2.24796065256383e-10,0.327304571344236,0.355,0.268,5.50862757910767e-06,"Arterial_endothelial","TNIP1"
7.84089251645975e-14,0.326891204718013,0.637,0.539,1.92141071115846e-09,"Arterial_endothelial","TINAGL1"
5.9601363338288e-08,0.326635697183865,0.338,0.267,0.00146053140860475,"Arterial_endothelial","NSFL1C"
3.29694152418775e-12,0.326389460068716,0.321,0.229,8.07915520502209e-08,"Arterial_endothelial","CAB39"
6.10304652607938e-08,0.326353791526753,0.274,0.207,0.00149555155121575,"Arterial_endothelial","PKD2"
8.8915374685467e-11,0.325607123768017,0.423,0.329,2.17887125666737e-06,"Arterial_endothelial","ARF5"
7.32852879031892e-07,0.325515183202794,0.292,0.228,0.0179585598006765,"Arterial_endothelial","FAM174A"
1.03879454056554e-10,0.32524463581262,0.362,0.275,2.54556602165586e-06,"Arterial_endothelial","PDCL"
5.19929462082196e-09,0.325118987610753,0.304,0.229,0.000127408714683242,"Arterial_endothelial","SMIM12"
1.03372207361227e-06,0.324933928858317,0.723,0.692,0.0253313594138686,"Arterial_endothelial","ARL6IP1"
4.70123757080238e-17,0.324498291682682,0.734,0.654,1.15203826672512e-12,"Arterial_endothelial","C9orf16"
1.47253840524397e-12,0.324288100620621,0.46,0.354,3.60845536205034e-08,"Arterial_endothelial","CDIPT"
1.06383700881042e-08,0.323821406746906,0.263,0.194,0.000260693259008994,"Arterial_endothelial","BRMS1"
3.22755209283313e-15,0.323692074063269,0.661,0.568,7.90911640348758e-11,"Arterial_endothelial","RAB5C"
5.03701065635422e-24,0.323281572815227,0.808,0.721,1.2343194613396e-19,"Arterial_endothelial","TSPAN7"
3.76175849489591e-23,0.323252783972605,0.832,0.753,9.21818919174242e-19,"Arterial_endothelial","UBL5"
8.03728980593331e-11,0.323250385139939,0.482,0.395,1.96953786694396e-06,"Arterial_endothelial","TAOK1"
2.2966148350061e-07,0.323196778069894,0.408,0.331,0.00562785465318246,"Arterial_endothelial","RBFOX2"
1.45874766756629e-10,0.322751553126021,0.256,0.18,3.5746611593712e-06,"Arterial_endothelial","MCMBP"
8.07416869861367e-15,0.322314131672915,0.607,0.5,1.97857503959528e-10,"Arterial_endothelial","NDFIP1"
2.25719345860235e-16,0.322244896399044,0.465,0.347,5.53125257030506e-12,"Arterial_endothelial","STAT1"
1.31645431154562e-10,0.322111372273896,0.263,0.186,3.22597129044254e-06,"Arterial_endothelial","ABLIM3"
4.33241396248068e-07,0.321941005194547,0.285,0.219,0.0106165804150589,"Arterial_endothelial","CPT1A"
7.08333706801186e-08,0.321911298270947,0.432,0.356,0.00173577174851631,"Arterial_endothelial","PKN1"
5.89346273747183e-12,0.321305963079464,0.599,0.514,1.44419304381747e-07,"Arterial_endothelial","ANXA7"
8.54092682593736e-10,0.320693539224322,0.495,0.407,2.09295411869595e-05,"Arterial_endothelial","PICALM"
1.14099374960758e-09,0.320505926883436,0.367,0.28,2.79600518341338e-05,"Arterial_endothelial","RAB18"
5.97123674518638e-10,0.320286915282898,0.42,0.332,1.46325156440792e-05,"Arterial_endothelial","LMBRD1"
1.90640232287769e-10,0.320191269108777,0.482,0.388,4.67163889221179e-06,"Arterial_endothelial","MPC2"
3.53519883074566e-10,0.320077315150409,0.256,0.181,8.66300473474224e-06,"Arterial_endothelial","CCDC43"
1.16109544709164e-08,0.319953497696708,0.284,0.213,0.000284526439309807,"Arterial_endothelial","FBXW11"
1.14024217948103e-09,0.319828616429859,0.325,0.245,2.79416346081826e-05,"Arterial_endothelial","CEP170"
2.47377858465346e-10,0.319479710826829,0.26,0.185,6.0619944216933e-06,"Arterial_endothelial","FUBP3"
2.55995332541497e-09,0.319286097537472,0.369,0.288,6.27316562392937e-05,"Arterial_endothelial","ABHD2"
9.35937660533873e-09,0.318958841738778,0.352,0.274,0.000229351523713825,"Arterial_endothelial","HAGH"
2.2195084920536e-12,0.318851222415288,0.56,0.454,5.43890555977735e-08,"Arterial_endothelial","UBE2I"
1.07486214160315e-11,0.31818260999282,0.633,0.543,2.63394967799853e-07,"Arterial_endothelial","SLK"
8.25110619266915e-09,0.318136506761637,0.385,0.305,0.000202193357251358,"Arterial_endothelial","PTOV1"
5.34633565641291e-07,0.31724683737719,0.309,0.244,0.0131011955260398,"Arterial_endothelial","STRN3"
4.91336847204435e-16,0.316965592548641,0.748,0.663,1.20402094407447e-11,"Arterial_endothelial","NDUFB2"
3.1664642877436e-14,0.316947669106983,0.684,0.595,7.7594207371157e-10,"Arterial_endothelial","SEC61G"
3.58029606509085e-15,0.316705692466626,0.618,0.516,8.77351550750514e-11,"Arterial_endothelial","TMED10"
9.40215206013259e-10,0.316694275620934,0.383,0.296,2.30399736233549e-05,"Arterial_endothelial","CCDC115"
2.77204251561101e-06,0.316656492782954,0.287,0.228,0.0679289018450479,"Arterial_endothelial","SQRDL"
3.40842157790652e-12,0.316230410185427,0.574,0.475,8.35233707665994e-08,"Arterial_endothelial","AHR"
8.10711283289985e-08,0.316099899630483,0.251,0.187,0.00198664799970211,"Arterial_endothelial","TBC1D9"
5.69817919874652e-09,0.315439287863852,0.294,0.221,0.000139633881265284,"Arterial_endothelial","SLC39A7"
1.40185739845395e-10,0.31531848760974,0.502,0.408,3.43525155491141e-06,"Arterial_endothelial","EAPP"
8.343340769272e-22,0.314661254079286,0.808,0.72,2.0445356555101e-17,"Arterial_endothelial","NEDD8"
1.32871913290219e-10,0.314591991700543,0.553,0.466,3.25602623517681e-06,"Arterial_endothelial","LTBP3"
2.76334803730751e-26,0.313683106488829,0.85,0.79,6.77158436542204e-22,"Arterial_endothelial","TCEB2"
9.96920028840848e-10,0.31324565534605,0.323,0.243,2.4429525306745e-05,"Arterial_endothelial","DHX29"
6.85917970853328e-11,0.312961819339546,0.388,0.297,1.68084198757608e-06,"Arterial_endothelial","PBRM1"
1.74888962892535e-10,0.312626152210637,0.371,0.282,4.28565403568156e-06,"Arterial_endothelial","TNRC6C"
3.56343279680727e-12,0.312439996500625,0.569,0.474,8.73219206857622e-08,"Arterial_endothelial","RAB1A"
9.00923562944283e-09,0.311834361938587,0.408,0.323,0.000220771319099496,"Arterial_endothelial","LBR"
3.30680527708278e-08,0.311742565386868,0.268,0.2,0.000810332633149136,"Arterial_endothelial","LLPH"
1.87135274619487e-09,0.3115031213033,0.355,0.272,4.58574990455052e-05,"Arterial_endothelial","TAP2"
6.44985655432285e-11,0.311398770683612,0.43,0.336,1.58053734863681e-06,"Arterial_endothelial","TIMMDC1"
3.09168118630327e-09,0.310660295825052,0.263,0.193,7.57616474703616e-05,"Arterial_endothelial","IPO8"
1.6332736118536e-06,0.310371794467297,0.26,0.203,0.0400233698584726,"Arterial_endothelial","EXOC4"
1.63762275139557e-10,0.310032638555542,0.445,0.352,4.01299455229485e-06,"Arterial_endothelial","TLK1"
6.85328206163782e-09,0.309745914077289,0.367,0.287,0.000167939676920435,"Arterial_endothelial","TSR3"
4.89695859195397e-07,0.309174287176452,0.251,0.191,0.0119999970295832,"Arterial_endothelial","SRPK1"
1.80843942827853e-08,0.309137922368743,0.416,0.334,0.000443158081899653,"Arterial_endothelial","SPAG7"
4.57366765285477e-08,0.308969540745302,0.39,0.313,0.00112077725833206,"Arterial_endothelial","PSMD2"
1.25656597963245e-13,0.308498346411016,0.568,0.468,3.07921493308933e-09,"Arterial_endothelial","SRP72"
1.81758216262443e-11,0.307864590310752,0.689,0.606,4.45398508951117e-07,"Arterial_endothelial","CFLAR"
5.11621258923461e-22,0.307042133957747,0.829,0.785,1.25372789499194e-17,"Arterial_endothelial","SET"
1.17503412042238e-08,0.306843044578851,0.373,0.296,0.000287942111209505,"Arterial_endothelial","ARRDC3"
1.11374604433414e-09,0.306742504963619,0.41,0.323,2.7292346816408e-05,"Arterial_endothelial","PSMD1"
2.55144885721551e-11,0.306406365120038,0.565,0.471,6.25232542460662e-07,"Arterial_endothelial","ATP6V0B"
2.8112548945431e-09,0.306232410061928,0.464,0.375,6.88898011907787e-05,"Arterial_endothelial","PSMD13"
3.33942600623787e-07,0.305797614876327,0.602,0.544,0.00818326342828591,"Arterial_endothelial","TCN2"
1.14298210389478e-11,0.305614736597788,0.495,0.391,2.80087764559417e-07,"Arterial_endothelial","NDUFA6"
4.93908475504762e-12,0.305547263544551,0.637,0.548,1.21032271922442e-07,"Arterial_endothelial","ROCK2"
9.25122864664888e-11,0.305178173576456,0.411,0.319,2.26701357986131e-06,"Arterial_endothelial","CCDC90B"
8.26767722640686e-18,0.304501732714295,0.735,0.628,2.025994304331e-13,"Arterial_endothelial","GRN"
5.83862677662306e-08,0.303814271561462,0.362,0.284,0.00143075549161148,"Arterial_endothelial","SURF4"
9.72651604667589e-09,0.303583661972589,0.281,0.209,0.000238348275723793,"Arterial_endothelial","DUSP11"
2.52408982838077e-14,0.303416538256535,0.633,0.528,6.18528212444709e-10,"Arterial_endothelial","PYURF"
1.11989110617579e-09,0.30284072161724,0.304,0.225,2.74429315568378e-05,"Arterial_endothelial","C7orf73"
1.45336181393175e-07,0.302817283387604,0.306,0.237,0.00356146312503974,"Arterial_endothelial","DPH3"
3.39726144250054e-09,0.30275782466853,0.364,0.284,8.32498916484758e-05,"Arterial_endothelial","ACTR1A"
1.07214017531529e-08,0.302566647165414,0.253,0.185,0.000262727949961011,"Arterial_endothelial","ARHGEF10"
4.91466934943374e-07,0.302447099901073,0.268,0.203,0.0120433972407874,"Arterial_endothelial","EOGT"
1.55814956069808e-10,0.302387031301841,0.485,0.39,3.81824549849065e-06,"Arterial_endothelial","TCEAL3"
1.37017272176385e-09,0.302299207770525,0.358,0.273,3.35760825468231e-05,"Arterial_endothelial","HOXD9"
2.85074219645239e-09,0.30178377723716,0.436,0.349,6.98574375240658e-05,"Arterial_endothelial","TMEM106B"
0.000182401051672497,0.301765304271259,0.292,0.246,1,"Arterial_endothelial","UGCG"
1.20376927522602e-10,0.301442284447089,0.575,0.471,2.94983660894137e-06,"Arterial_endothelial","MDH2"
3.7596399021191e-09,0.300804936780538,0.356,0.276,9.21299758014286e-05,"Arterial_endothelial","PUM2"
2.938931316872e-09,0.300551631629692,0.556,0.462,7.20185119199484e-05,"Arterial_endothelial","MRPL51"
8.26405544225447e-10,0.300114135533383,0.437,0.35,2.02510678612446e-05,"Arterial_endothelial","KIAA1551"
2.04982329419476e-29,0.300023172428473,0.887,0.851,5.02309198242426e-25,"Arterial_endothelial","YWHAB"
1.35131693770892e-11,0.299975928710389,0.522,0.422,3.31140215585572e-07,"Arterial_endothelial","RANBP2"
2.79552816803807e-10,0.29978928584624,0.382,0.29,6.85044177577728e-06,"Arterial_endothelial","RSRC1"
3.07887011358544e-15,0.298441630382271,0.456,0.336,7.54477121334112e-11,"Arterial_endothelial","CXorf36"
4.04161527548511e-12,0.298216384688933,0.64,0.542,9.90397823257625e-08,"Arterial_endothelial","NDUFA12"
1.65209201448026e-11,0.29807884533764,0.622,0.522,4.04845148148387e-07,"Arterial_endothelial","RTFDC1"
8.83801945016105e-12,0.298054339903565,0.631,0.535,2.16575666626196e-07,"Arterial_endothelial","LAMTOR5"
7.45853143399057e-10,0.297494531652479,0.466,0.372,1.82771312789939e-05,"Arterial_endothelial","FAM3C"
1.72168081481255e-09,0.297398828234405,0.438,0.351,4.21897883669815e-05,"Arterial_endothelial","UBE2K"
7.29671530951846e-10,0.297392541918811,0.293,0.216,1.7880600865975e-05,"Arterial_endothelial","FBXO3"
7.67879713764117e-07,0.297392312780632,0.299,0.235,0.0188168923857897,"Arterial_endothelial","ANKLE2"
1.13189359355321e-24,0.296966685162412,0.983,0.985,2.77370525100213e-20,"Arterial_endothelial","ACTB"
4.18271110531078e-16,0.296502683896887,0.733,0.653,1.02497335635641e-11,"Arterial_endothelial","PDIA3"
7.45735226012214e-10,0.296355049095514,0.418,0.329,1.82742417134293e-05,"Arterial_endothelial","COX20"
6.47342117044448e-08,0.29631283539606,0.389,0.309,0.00158631185781742,"Arterial_endothelial","MVB12A"
5.24273360050384e-09,0.296298415806866,0.255,0.185,0.000128473186880346,"Arterial_endothelial","PREPL"
9.51942895074805e-10,0.29621138781703,0.371,0.285,2.33273606438081e-05,"Arterial_endothelial","PPP2CA"
4.46773215587332e-13,0.295015768058049,0.625,0.534,1.09481776479676e-08,"Arterial_endothelial","PSMD8"
4.56273560717488e-05,0.294903948930392,0.271,0.221,1,"Arterial_endothelial","CARD10"
9.25999650707349e-09,0.293089613222228,0.377,0.294,0.000226916214405836,"Arterial_endothelial","YAP1"
4.12733009896557e-11,0.292714666019863,0.582,0.483,1.01140224075151e-06,"Arterial_endothelial","PDCD5"
4.29026870253191e-08,0.292396662006461,0.272,0.205,0.00105133034555544,"Arterial_endothelial","APPBP2"
2.54561843011062e-12,0.292151680849996,0.638,0.531,6.23803796298608e-08,"Arterial_endothelial","ANAPC11"
2.11434353331933e-08,0.291337280625725,0.389,0.305,0.000518119882839902,"Arterial_endothelial","C11orf73"
8.47996011271721e-23,0.290410598210287,0.919,0.908,2.07801422562135e-18,"Arterial_endothelial","PTMS"
4.40247813484974e-08,0.290198689972552,0.446,0.365,0.00107882726694493,"Arterial_endothelial","CHMP4A"
1.3277529162321e-07,0.289563843829858,0.716,0.664,0.00325365852122677,"Arterial_endothelial","PKM"
1.26527116758477e-07,0.289460497202716,0.393,0.316,0.00310054699616648,"Arterial_endothelial","SAMD9L"
3.065352616183e-11,0.288917887742893,0.628,0.523,7.51164658595644e-07,"Arterial_endothelial","SNRPD3"
4.28969203349194e-06,0.288309143702675,0.29,0.229,0.10511890328072,"Arterial_endothelial","CKAP4"
8.99537756403646e-07,0.28808287155875,0.256,0.197,0.0220431727206713,"Arterial_endothelial","ZBTB8OS"
3.92568922389571e-07,0.287883138805957,0.296,0.23,0.00961990144315643,"Arterial_endothelial","NAGK"
1.68447569504218e-08,0.287876430536531,0.316,0.241,0.000412780769070085,"Arterial_endothelial","TPP1"
3.73988759113192e-07,0.287784430368967,0.369,0.297,0.00916459454206877,"Arterial_endothelial","UQCRC1"
6.07792120829308e-11,0.287673632310832,0.393,0.296,1.48939459209222e-06,"Arterial_endothelial","PPP1R7"
3.90558122022797e-07,0.287648670485256,0.281,0.217,0.00957062678016865,"Arterial_endothelial","STAT5B"
1.15816744444153e-06,0.2869078352124,0.279,0.217,0.0283808932260398,"Arterial_endothelial","TMEM203"
2.10340935635159e-08,0.28633081719424,0.458,0.367,0.000515440462773956,"Arterial_endothelial","BAD"
6.4436105323499e-12,0.286185919987377,0.679,0.6,1.57900676095234e-07,"Arterial_endothelial","TAX1BP1"
4.56246000637242e-21,0.285948698119299,0.916,0.879,1.11803082456156e-16,"Arterial_endothelial","CD151"
3.13747008188492e-08,0.28589037444745,0.321,0.25,0.0007688370435659,"Arterial_endothelial","RABEP1"
3.99817456659095e-10,0.285408390656192,0.408,0.317,9.79752677543112e-06,"Arterial_endothelial","FYTTD1"
4.62943045833772e-11,0.284997017010423,0.384,0.291,1.13444193381566e-06,"Arterial_endothelial","VTI1B"
8.1990173384043e-07,0.284584452113405,0.28,0.219,0.0200916919877597,"Arterial_endothelial","MRFAP1L1"
3.22046067862757e-10,0.284495556569638,0.414,0.321,7.89173889297687e-06,"Arterial_endothelial","TMEM50B"
2.54764079089157e-06,0.284252729290456,0.374,0.305,0.0624299375807979,"Arterial_endothelial","TRIM38"
4.07971966738033e-16,0.283978917875686,0.621,0.521,9.9973530449155e-12,"Arterial_endothelial","SERPING1"
1.51232839920241e-06,0.283603019331649,0.338,0.273,0.0370596074224551,"Arterial_endothelial","MYO6"
7.53445621588476e-07,0.283561711008099,0.428,0.359,0.0184631849570256,"Arterial_endothelial","XPO1"
7.37937289733811e-11,0.283321290061109,0.511,0.412,1.8083153284927e-06,"Arterial_endothelial","KLF13"
9.68623867946024e-09,0.283302039694234,0.283,0.211,0.000237361278840173,"Arterial_endothelial","THAP5"
9.45519179655928e-06,0.283026694972284,0.25,0.197,0.231699474974685,"Arterial_endothelial","KIAA2013"
6.53909392907114e-05,0.282704564806262,0.444,0.387,1,"Arterial_endothelial","AFF1"
6.55852188289344e-10,0.282632180156506,0.405,0.315,1.60716578740304e-05,"Arterial_endothelial","LARP1"
4.6052398437381e-05,0.282420265752559,0.289,0.236,1,"Arterial_endothelial","NUDT5"
4.87730853636786e-07,0.282139217886022,0.411,0.339,0.0119518445683694,"Arterial_endothelial","MFSD10"
7.6937935665452e-08,0.282126139235809,0.312,0.241,0.0018853641134819,"Arterial_endothelial","ZNHIT6"
3.47615854131757e-15,0.282065793337616,0.765,0.69,8.51832650549871e-11,"Arterial_endothelial","ISCU"
2.3629582399853e-09,0.281970617856684,0.469,0.379,5.79042916708399e-05,"Arterial_endothelial","ATN1"
1.49096938057428e-07,0.281627073203255,0.29,0.224,0.00365362046709727,"Arterial_endothelial","MRPL13"
1.4713055557306e-14,0.281543149828115,0.653,0.547,3.60543426431785e-10,"Arterial_endothelial","LUZP1"
6.46382430665713e-14,0.281309666630531,0.722,0.638,1.58396014634633e-09,"Arterial_endothelial","NDUFA1"
1.32342136935203e-24,0.281085365132637,0.918,0.862,3.24304406559715e-20,"Arterial_endothelial","FXYD5"
2.7675534842391e-12,0.280314955137161,0.72,0.642,6.78188981312791e-08,"Arterial_endothelial","ZNHIT1"
2.09498283715016e-11,0.27978925728462,0.406,0.309,5.13375544243646e-07,"Arterial_endothelial","SLC39A10"
1.81556532104001e-12,0.279705223385791,0.666,0.569,4.44904281920855e-08,"Arterial_endothelial","RAB7A"
6.07528169419446e-12,0.279533781188555,0.524,0.425,1.48874777916235e-07,"Arterial_endothelial","EIF3J"
9.00191905360511e-06,0.279413731980345,0.35,0.29,0.220592026408593,"Arterial_endothelial","COMMD4"
1.57224165137835e-09,0.278491549078787,0.406,0.318,3.85277816670265e-05,"Arterial_endothelial","ATG3"
3.1610061708481e-13,0.277451375825537,0.679,0.615,7.74604562166326e-09,"Arterial_endothelial","TAGLN"
4.84430285974252e-08,0.277359677712048,0.331,0.258,0.00118709641577991,"Arterial_endothelial","CHCHD1"
9.22307105784479e-07,0.277313242112037,0.33,0.262,0.0226011356272487,"Arterial_endothelial","BCL7B"
1.88547307222362e-12,0.276585887213299,0.799,0.74,4.62035176348398e-08,"Arterial_endothelial","ARGLU1"
9.38586656822349e-12,0.276068450228017,0.651,0.554,2.30000660254317e-07,"Arterial_endothelial","KRTCAP2"
1.3167742736071e-06,0.275985196917636,0.344,0.275,0.0322675535747421,"Arterial_endothelial","PIH1D1"
2.08771692155311e-05,0.275541198046723,0.258,0.205,0.51159503162659,"Arterial_endothelial","PGGT1B"
5.2636460789509e-07,0.27527365903135,0.28,0.214,0.0128985647164692,"Arterial_endothelial","APOPT1"
1.63799366511842e-07,0.274667825187652,0.299,0.231,0.00401390347637269,"Arterial_endothelial","UQCC3"
2.76680544060548e-06,0.274600637724332,0.372,0.304,0.0678005673220374,"Arterial_endothelial","BAX"
8.9024410651326e-10,0.274510911670072,0.669,0.6,2.18154318301074e-05,"Arterial_endothelial","LPP"
1.6679699524212e-07,0.274259973033976,0.271,0.205,0.00408736036840816,"Arterial_endothelial","ATG5"
2.93383759136014e-10,0.273812586724564,0.461,0.367,7.18936901762802e-06,"Arterial_endothelial","ANXA4"
1.39452224156713e-08,0.273600627336931,0.328,0.25,0.000341727675296025,"Arterial_endothelial","GSK3B"
3.14338989796357e-07,0.273348754827896,0.476,0.4,0.00770287694495974,"Arterial_endothelial","DNAJC1"
8.95551759041156e-08,0.273186061112894,0.424,0.342,0.00219454958553035,"Arterial_endothelial","NCOA4"
4.50822596629473e-08,0.272893562034403,0.279,0.209,0.00110474077304052,"Arterial_endothelial","CCDC109B"
3.5645876629316e-13,0.272542190413189,0.774,0.704,8.73502206801389e-09,"Arterial_endothelial","TNFSF10"
3.41496444806334e-07,0.27247592149117,0.331,0.26,0.00836837037997922,"Arterial_endothelial","LAGE3"
2.39498670895728e-05,0.272354565019333,0.384,0.326,0.586891493029982,"Arterial_endothelial","PSENEN"
5.54367381939046e-10,0.272084937421035,0.588,0.504,1.35847726944163e-05,"Arterial_endothelial","DYNC1H1"
8.64502173368281e-10,0.272043526263657,0.515,0.421,2.11846257583897e-05,"Arterial_endothelial","RAB6A"
5.55713116996653e-11,0.271724057378679,0.587,0.483,1.3617749932003e-06,"Arterial_endothelial","NCOR1"
4.86339124674877e-07,0.271521204558746,0.389,0.313,0.0119177402501579,"Arterial_endothelial","FBXL3"
7.92493968884053e-09,0.271035208926544,0.514,0.425,0.000194200647075037,"Arterial_endothelial","PEF1"
5.54497169774091e-09,0.270779300575699,0.364,0.284,0.000135879531453141,"Arterial_endothelial","ADSS"
1.11445319884263e-18,0.270415068394453,0.852,0.783,2.73096756376387e-14,"Arterial_endothelial","EIF4G2"
1.54083278590876e-08,0.270366409983435,0.408,0.331,0.000377581074186942,"Arterial_endothelial","RGCC"
1.13022722531399e-15,0.270251182105618,0.828,0.778,2.76962181563194e-11,"Arterial_endothelial","FIS1"
1.416897509708e-08,0.270171234877083,0.52,0.43,0.000347210734753945,"Arterial_endothelial","TALDO1"
2.80177646582688e-06,0.26979637079281,0.331,0.265,0.0686575322950877,"Arterial_endothelial","ATXN10"
2.9954558191234e-10,0.269369846320975,0.611,0.513,7.34036448476189e-06,"Arterial_endothelial","SUMO1"
1.9962662083206e-11,0.269318907881063,0.508,0.401,4.89185034348962e-07,"Arterial_endothelial","VEZF1"
8.1286623152759e-09,0.269303778932926,0.547,0.46,0.000199192870035836,"Arterial_endothelial","XRN2"
1.21666896040112e-09,0.269024382507369,0.646,0.575,2.98144728746294e-05,"Arterial_endothelial","FOXC1"
1.91579363845097e-08,0.268401118248388,0.566,0.473,0.00046946523110241,"Arterial_endothelial","PSMB5"
7.13108718286344e-07,0.26782393769692,0.405,0.333,0.0174747291416069,"Arterial_endothelial","PFKL"
1.27501859903249e-08,0.267675814848025,0.333,0.255,0.000312443307692913,"Arterial_endothelial","SAR1B"
5.51304291633931e-05,0.267237941306784,0.272,0.22,1,"Arterial_endothelial","PRKRA"
6.69034464390864e-09,0.266957345492109,0.614,0.551,0.000163946895498981,"Arterial_endothelial","RAD21"
1.9922649634065e-07,0.266738176672146,0.35,0.277,0.00488204529282762,"Arterial_endothelial","RHOG"
1.67968696800801e-06,0.26646299363451,0.275,0.214,0.0411607291510363,"Arterial_endothelial","ARFGAP2"
5.26035179523208e-07,0.266277543457537,0.318,0.249,0.0128904920742162,"Arterial_endothelial","PPP1R11"
1.43753831678918e-07,0.266272157049904,0.416,0.34,0.00352268764529189,"Arterial_endothelial","YIPF4"
5.79393104663279e-07,0.266195935842453,0.327,0.26,0.0141980280297737,"Arterial_endothelial","MRPS10"
6.83534010970097e-06,0.266172318439954,0.288,0.23,0.167500009388222,"Arterial_endothelial","RPF2"
1.90320233466718e-12,0.265964109285735,0.61,0.502,4.66379732110193e-08,"Arterial_endothelial","DDAH2"
1.03926845315004e-06,0.265917365935566,0.577,0.514,0.0254672734444416,"Arterial_endothelial","ABHD17A"
9.22510540841275e-07,0.265900279287757,0.35,0.28,0.0226061208033154,"Arterial_endothelial","MAX"
3.8862859556695e-11,0.265522298641758,0.525,0.421,9.52334373436811e-07,"Arterial_endothelial","MRPL52"
1.22433709941141e-06,0.26550934316973,0.461,0.386,0.0300023806210766,"Arterial_endothelial","RPS6KA3"
5.45839185210391e-06,0.265421379113743,0.318,0.255,0.133757892335806,"Arterial_endothelial","ZFC3H1"
9.98674330810276e-05,0.264930132595007,0.308,0.258,1,"Arterial_endothelial","FLOT2"
1.98443344139886e-08,0.264631505213225,0.381,0.299,0.000486285414814791,"Arterial_endothelial","TMEM167A"
3.97667015868059e-07,0.264505459202241,0.408,0.333,0.00974483022384678,"Arterial_endothelial","SRM"
4.07987138350076e-06,0.264410687705439,0.264,0.206,0.099977248252686,"Arterial_endothelial","CEBPG"
9.49276615056639e-09,0.264271782724061,0.673,0.612,0.000232620234519629,"Arterial_endothelial","NOP10"
2.28550987114213e-07,0.264225204994222,0.334,0.262,0.00560064193923379,"Arterial_endothelial","SMURF2"
1.31276806609277e-13,0.264141942515667,0.413,0.301,3.21693814596032e-09,"Arterial_endothelial","CREM"
1.05978874316682e-07,0.26412634147355,0.392,0.314,0.0025970123151303,"Arterial_endothelial","PSMD11"
1.16415605394567e-08,0.264040943369791,0.476,0.389,0.000285276441019386,"Arterial_endothelial","KMT2C"
4.10121588880289e-08,0.264037269257418,0.304,0.231,0.00100500295355115,"Arterial_endothelial","LSM1"
1.42087038651175e-09,0.26321229197997,0.549,0.464,3.48184288214705e-05,"Arterial_endothelial","BDP1"
1.74912700036814e-08,0.262795839279244,0.587,0.501,0.000428623571440214,"Arterial_endothelial","LSM3"
2.32755830301166e-09,0.262454489100014,0.301,0.224,5.70368162153007e-05,"Arterial_endothelial","C9orf142"
6.9158222152712e-06,0.262392166193322,0.472,0.409,0.169472223385221,"Arterial_endothelial","PREX2"
7.68279009963079e-09,0.261998146268669,0.469,0.376,0.000188266771391453,"Arterial_endothelial","ATP6V1E1"
8.85618305887105e-18,0.261716365892347,0.837,0.773,2.17020765857635e-13,"Arterial_endothelial","ARF1"
5.51216372819722e-08,0.261482143052523,0.505,0.421,0.00135075572159473,"Arterial_endothelial","UQCRFS1"
3.02513111698543e-08,0.261158419423663,0.465,0.381,0.000741308380217281,"Arterial_endothelial","SIGIRR"
2.56715271073729e-07,0.260231814474952,0.434,0.354,0.00629080771766174,"Arterial_endothelial","RSBN1L"
2.74993906724581e-10,0.260154815417051,0.528,0.43,6.73872568428586e-06,"Arterial_endothelial","DNAJC3"
1.93166070841216e-06,0.259955612739864,0.251,0.193,0.04733534565964,"Arterial_endothelial","MCM3"
3.88803725984412e-08,0.259931175911226,0.343,0.267,0.000952763530524802,"Arterial_endothelial","NUBP2"
4.13427444593468e-09,0.259634426925507,0.5,0.41,0.000101310395297629,"Arterial_endothelial","CCT5"
7.56779186047047e-08,0.258389446170624,0.611,0.527,0.00185448739540829,"Arterial_endothelial","NDUFB1"
6.90619009398652e-09,0.25804227217316,0.626,0.539,0.00016923618825314,"Arterial_endothelial","NHP2"
3.44164890410671e-10,0.25785019666715,0.554,0.45,8.4337606395135e-06,"Arterial_endothelial","GTF2A2"
6.74021183449589e-08,0.257647073193763,0.265,0.198,0.00165168891004322,"Arterial_endothelial","GOLGA3"
2.50280775848941e-09,0.257377198703443,0.403,0.313,6.1331304121783e-05,"Arterial_endothelial","PSMC4"
2.38408796004367e-06,0.257276016809545,0.294,0.231,0.05842207546087,"Arterial_endothelial","FAM172A"
4.67936817130648e-07,0.257144125152605,0.42,0.345,0.0114667917037865,"Arterial_endothelial","NTAN1"
3.88276308777134e-08,0.257132236366239,0.371,0.292,0.000951471094658366,"Arterial_endothelial","ATF6"
5.58556716935104e-06,0.257027370702086,0.298,0.237,0.136874323484947,"Arterial_endothelial","GRSF1"
3.30799124097188e-09,0.256952011107913,0.332,0.252,8.10623253600159e-05,"Arterial_endothelial","ABCF1"
4.65622010235767e-07,0.256803456205298,0.378,0.306,0.0114100673608275,"Arterial_endothelial","MAZ"
9.3822546552413e-08,0.256395113698501,0.493,0.414,0.00229912150326688,"Arterial_endothelial","PPP1R2"
5.43396999498049e-06,0.256242314157835,0.435,0.365,0.133159434726997,"Arterial_endothelial","SETD2"
6.46416474284731e-09,0.255919808647652,0.462,0.377,0.000158404357023473,"Arterial_endothelial","PAFAH1B2"
4.86826029944207e-08,0.255839283657174,0.525,0.444,0.00119296718637828,"Arterial_endothelial","SNW1"
6.56824541870222e-07,0.255617835742198,0.306,0.241,0.0160954853985298,"Arterial_endothelial","CHTOP"
6.23236692457223e-07,0.25543103628344,0.496,0.419,0.0152724151486642,"Arterial_endothelial","SEC31A"
5.75002063190376e-07,0.254782281503247,0.303,0.236,0.0140904255584802,"Arterial_endothelial","TRIM33"
3.79839314442515e-08,0.253982023949544,0.307,0.234,0.000930796240041382,"Arterial_endothelial","GATAD2B"
5.06303886975155e-08,0.253690891936085,0.614,0.543,0.00124069767503262,"Arterial_endothelial","PDCD6"
7.07954890541563e-08,0.253665958259319,0.381,0.303,0.0017348434592721,"Arterial_endothelial","CSNK2A1"
3.43005161814473e-08,0.253637390700544,0.301,0.228,0.000840534149026366,"Arterial_endothelial","FAR1"
2.79773751098428e-08,0.253570204860238,0.552,0.464,0.000685585577066698,"Arterial_endothelial","PSMA4"
7.10769247090705e-06,0.253088718704177,0.304,0.244,0.174174003999577,"Arterial_endothelial","WDR43"
1.30117830751246e-06,0.252596430694279,0.427,0.357,0.0318853744255928,"Arterial_endothelial","PTPRA"
8.0245139720543e-08,0.252509244967457,0.548,0.469,0.00196640714885191,"Arterial_endothelial","VPS29"
3.83329743069307e-08,0.252469016111339,0.384,0.306,0.000939349535391337,"Arterial_endothelial","USP7"
3.71113923905717e-05,0.252328894604554,0.272,0.22,0.90941467053096,"Arterial_endothelial","RRP7A"
8.82727137309348e-12,0.25155296651967,0.768,0.712,2.16312284997656e-07,"Arterial_endothelial","VAPA"
1.02123711107405e-08,0.251496250582402,0.54,0.447,0.000250254154068697,"Arterial_endothelial","SASH1"
9.04838197671608e-07,0.251489471689134,0.447,0.371,0.0221730600339428,"Arterial_endothelial","THOC7"
1.21385679114503e-07,0.251078317885213,0.467,0.385,0.0029745560667009,"Arterial_endothelial","KIAA2026"
2.23790465985037e-10,0.251035783088733,0.468,0.371,5.48398536896334e-06,"Arterial_endothelial","RFK"
0.000565606851990944,0.251013900892581,0.297,0.25,1,"Arterial_endothelial","MYH10"
2.38114697882186e-07,0.250934001554786,0.577,0.5,0.00583500067160296,"Arterial_endothelial","COMT"
7.40765666517669e-09,0.250759431557003,0.469,0.379,0.000181524626580155,"Arterial_endothelial","MEAF6"
3.82351349415408e-08,0.250746908733738,0.615,0.538,0.000936951981742457,"Arterial_endothelial","SNRPG"
7.7839646931797e-07,0.250691697510432,0.487,0.41,0.0190746054806368,"Arterial_endothelial","CHD4"
7.97022045024114e-07,0.250573039389774,0.321,0.251,0.0195310252133159,"Arterial_endothelial","HNRNPL"
0.000158993275474751,0.250549470080686,0.496,0.432,1,"Arterial_endothelial","MESDC2"
1.15791950527056e-08,0.250174220556993,0.428,0.339,0.000283748174766551,"Arterial_endothelial","IMP3"
6.9098284648745e-08,0.250024188911894,0.502,0.414,0.0016932534653175,"Arterial_endothelial","C9orf78"
0,1.94611525401804,0.456,0.185,0,"Endothelial_general","EGLN3"
9.66695062975216e-161,1.53475527361283,0.333,0.159,2.36888625182077e-156,"Endothelial_general","HIF3A"
0,1.52937641052494,0.73,0.452,0,"Endothelial_general","MAFB"
6.41610358587088e-98,1.48737862818213,0.286,0.161,1.57226618371766e-93,"Endothelial_general","FAM118A"
2.91808641215455e-159,1.44356573323354,0.313,0.141,7.15077075298473e-155,"Endothelial_general","KIT"
1.05959591725395e-136,1.44094169516686,0.338,0.177,2.59653979523081e-132,"Endothelial_general","F8"
6.0321147810789e-106,1.41950825751282,0.262,0.13,1.47816972710338e-101,"Endothelial_general","C6orf141"
4.22064262077281e-206,1.3991493893559,0.469,0.253,1.03426847422038e-201,"Endothelial_general","GJA4"
0,1.3928443246236,0.695,0.413,0,"Endothelial_general","FAM188B"
3.4797289183896e-118,1.31787329687367,0.312,0.163,8.52707571451372e-114,"Endothelial_general","SCNN1B"
5.38743378350175e-170,1.31137452371565,0.388,0.199,1.3201906486471e-165,"Endothelial_general","GPR146"
9.91052515341501e-74,1.28697199755843,0.253,0.144,2.42857418884435e-69,"Endothelial_general","PLA2R1"
2.71987681846755e-173,1.28620873528069,0.5,0.314,6.66505814365473e-169,"Endothelial_general","WFS1"
4.75834623509705e-319,1.26001885227937,0.731,0.501,1.16603274491053e-314,"Endothelial_general","NRP2"
1.40934119288599e-222,1.25232272496006,0.598,0.374,3.45359059316712e-218,"Endothelial_general","ACKR4"
1.7415286745512e-147,1.24999875487817,0.426,0.25,4.26761601698772e-143,"Endothelial_general","PLK2"
7.91556199950185e-78,1.23010263402959,0.279,0.163,1.93970846797793e-73,"Endothelial_general","PDE1A"
2.51844619079025e-69,1.22470502501629,0.28,0.172,6.1714523905315e-65,"Endothelial_general","ABCG1"
2.58173134259358e-127,1.19523601683973,0.391,0.227,6.32653265502558e-123,"Endothelial_general","ERAP2"
1.22877535903787e-92,1.17705788848047,0.329,0.196,3.01111401732229e-88,"Endothelial_general","HRCT1"
2.41183707440729e-123,1.17152600264233,0.452,0.296,5.91020675083506e-119,"Endothelial_general","BTN3A2"
4.6442930073452e-183,1.14896032550065,0.549,0.359,1.13808400144994e-178,"Endothelial_general","GIMAP8"
4.57993609774529e-94,1.13022353680427,0.375,0.236,1.12231334075248e-89,"Endothelial_general","BMP4"
8.83916896415533e-127,1.09482870680199,0.477,0.324,2.16603835466626e-122,"Endothelial_general","SMAD1"
3.12723067951325e-73,1.09121521732343,0.36,0.245,7.66327878014723e-69,"Endothelial_general","NEURL1B"
6.15714083992883e-41,1.07356099119035,0.257,0.178,1.50880736282456e-36,"Endothelial_general","ALDH6A1"
0,1.06500154467127,0.999,0.973,0,"Endothelial_general","MT-ND3"
1.0552292486148e-65,1.04878857292777,0.292,0.183,2.58583927373057e-61,"Endothelial_general","TNFAIP8L1"
1.19188301040239e-160,1.04023604846441,0.635,0.496,2.92070931699105e-156,"Endothelial_general","NUAK1"
2.20028927881622e-78,1.03136382536355,0.359,0.232,5.39180887773915e-74,"Endothelial_general","KDR"
0,1.0227049441489,0.982,0.923,0,"Endothelial_general","VWF"
7.99595202916796e-66,1.0048725538798,0.317,0.207,1.95940804474761e-61,"Endothelial_general","ABHD6"
1.01933705604276e-109,0.99336427113077,0.473,0.326,2.49788545583277e-105,"Endothelial_general","ITGA10"
4.32822008661535e-60,0.991995490711603,0.331,0.226,1.06063033222509e-55,"Endothelial_general","CHST15"
2.36220554937e-59,0.990146893665577,0.311,0.207,5.78858469873117e-55,"Endothelial_general","LYL1"
7.58987564648448e-125,0.979311963446608,0.517,0.366,1.85989902717102e-120,"Endothelial_general","GIMAP6"
1.69378595108564e-313,0.976926361825784,0.764,0.511,4.15062247313536e-309,"Endothelial_general","SOX18"
1.31159884905767e-200,0.94518376149437,0.696,0.53,3.21407297961582e-196,"Endothelial_general","GIMAP1"
1.90751097240366e-40,0.942655510103539,0.341,0.26,4.67435563787517e-36,"Endothelial_general","INMT"
6.94692769309139e-91,0.928400096628794,0.59,0.468,1.70234463119204e-86,"Endothelial_general","TFF3"
2.5541623153197e-105,0.920701137513745,0.525,0.388,6.25897475369092e-101,"Endothelial_general","GALNT15"
2.00174647858599e-104,0.91744565274798,0.486,0.334,4.90527974577496e-100,"Endothelial_general","CHRM3"
4.73389870631477e-76,0.906102483191522,0.458,0.336,1.16004187798243e-71,"Endothelial_general","FLRT2"
1.96535852094247e-29,0.891953120360795,0.281,0.213,4.81611105556952e-25,"Endothelial_general","PLTP"
3.05723014884155e-95,0.873847484577182,0.555,0.433,7.49174247973621e-91,"Endothelial_general","PLSCR4"
2.53871968151451e-65,0.872282275127758,0.445,0.339,6.22113257955132e-61,"Endothelial_general","PMEPA1"
1.6223875521315e-78,0.866695531085494,0.484,0.368,3.97566069649825e-74,"Endothelial_general","ZNF521"
3.08067800498841e-80,0.864188464863944,0.447,0.324,7.5492014512241e-76,"Endothelial_general","ROBO4"
4.71888706917272e-37,0.862256573634494,0.313,0.237,1.15636327630078e-32,"Endothelial_general","JUP"
3.68754306207393e-120,0.855573543114435,0.606,0.482,9.03632427361217e-116,"Endothelial_general","LYST"
7.30432145187082e-35,0.849903483580125,0.352,0.277,1.78992397178095e-30,"Endothelial_general","ADGRG6"
1.2781870318569e-26,0.849817316659848,0.25,0.188,3.13219732156533e-22,"Endothelial_general","ZNF395"
1.16165369302152e-42,0.846518168575411,0.296,0.208,2.84663237474924e-38,"Endothelial_general","RBM43"
1.83907839781708e-99,0.845365893272827,0.549,0.426,4.50666161385077e-95,"Endothelial_general","RUNX1T1"
3.07343696943947e-37,0.829258406296552,0.37,0.295,7.53145729361141e-33,"Endothelial_general","ZCCHC24"
3.69870941607409e-228,0.827450449958775,0.802,0.673,9.06368742408955e-224,"Endothelial_general","GIMAP4"
4.31980725369389e-129,0.822480005915134,0.613,0.454,1.05856876751769e-124,"Endothelial_general","AKR1C2"
0,0.820080126381779,0.991,0.941,0,"Endothelial_general","MT-ATP6"
1.62556520540503e-33,0.818229064753345,0.283,0.208,3.98344753584503e-29,"Endothelial_general","ACACB"
3.03669257860083e-80,0.814732047392314,0.375,0.242,7.44141516386133e-76,"Endothelial_general","FAM43A"
5.11497999270614e-284,0.809626769614389,0.871,0.748,1.25342584721264e-279,"Endothelial_general","GIMAP7"
1.6317505699613e-46,0.802434626809323,0.405,0.316,3.99860477169017e-42,"Endothelial_general","C7"
6.7237560045512e-80,0.789669042369998,0.546,0.438,1.64765640891527e-75,"Endothelial_general","SCARA3"
2.32422399081197e-176,0.773607448376899,0.83,0.746,5.69551088948472e-172,"Endothelial_general","NPC2"
1.06638951188586e-150,0.772298309559478,0.747,0.599,2.6131874988763e-146,"Endothelial_general","PLVAP"
4.19641498690026e-123,0.761307685767999,0.691,0.562,1.02833149253991e-118,"Endothelial_general","IL33"
0,0.760920344821685,0.991,0.942,0,"Endothelial_general","MT-ND1"
2.11538607245426e-202,0.756870105719424,0.524,0.294,5.18375357054918e-198,"Endothelial_general","C10orf10"
1.53550684465589e-263,0.75361475737716,0.909,0.786,3.76275952282927e-259,"Endothelial_general","NR2F2"
9.4159136276883e-116,0.751660781339852,0.692,0.547,2.30736963446502e-111,"Endothelial_general","ALDH1A2"
2.47173486500011e-24,0.751130719770236,0.278,0.218,6.05698628668278e-20,"Endothelial_general","PPP1R16B"
3.97814340953598e-32,0.741916831504257,0.353,0.282,9.74844042506793e-28,"Endothelial_general","LINC00969"
1.25853283073654e-139,0.723326196443455,0.759,0.633,3.08403470171988e-135,"Endothelial_general","CCL14"
7.19124948386512e-182,0.723184995811962,0.781,0.64,1.76221568602115e-177,"Endothelial_general","RAPGEF5"
1.25137568530477e-36,0.718142739992278,0.395,0.324,3.06649611683933e-32,"Endothelial_general","APOL3"
2.9855186631807e-33,0.715580960415166,0.396,0.327,7.31601348412431e-29,"Endothelial_general","NID1"
0,0.713680452784804,0.994,0.955,0,"Endothelial_general","TXNIP"
2.26938326186832e-72,0.709201654083487,0.563,0.465,5.56112368320831e-68,"Endothelial_general","TRIM56"
2.45176259100511e-35,0.705401099692597,0.349,0.271,6.00804422925802e-31,"Endothelial_general","SOX7"
3.60187050848268e-17,0.703885197650387,0.319,0.275,8.82638368103681e-13,"Endothelial_general","STAB1"
1.85020427258187e-72,0.700465138605608,0.472,0.346,4.53392556996186e-68,"Endothelial_general","HHEX"
2.87904700421676e-17,0.699305271665163,0.27,0.224,7.05510468383317e-13,"Endothelial_general","SEMA6B"
1.42659624072561e-11,0.689410481059512,0.274,0.239,3.4958740878981e-07,"Endothelial_general","NSUN6"
1.92145482669475e-22,0.6870483541607,0.274,0.214,4.70852505281549e-18,"Endothelial_general","KIAA0430"
7.25702831792779e-14,0.685871293110626,0.265,0.224,1.7783347893082e-09,"Endothelial_general","ALDH3A2"
1.03850294601302e-20,0.68332436112505,0.269,0.214,2.54485146920491e-16,"Endothelial_general","ZC3H7A"
4.1167864273166e-24,0.676506160363405,0.264,0.2,1.00881851401393e-19,"Endothelial_general","GPRC5C"
2.47191699675111e-39,0.674078948845188,0.414,0.338,6.05743260053858e-35,"Endothelial_general","ATP8B1"
2.99059838071213e-46,0.665926386391201,0.471,0.388,7.32846133193507e-42,"Endothelial_general","FLI1"
4.71726479330441e-88,0.665710871460828,0.66,0.559,1.15596573759925e-83,"Endothelial_general","FOXC1"
1.00808318462228e-38,0.664847759886778,0.36,0.275,2.4703078439169e-34,"Endothelial_general","MYO10"
2.47898703832429e-08,0.664115470981606,0.291,0.27,0.000607475773741367,"Endothelial_general","HEXIM1"
8.89318162514244e-323,0.660770627183319,0.939,0.841,2.17927415724115e-318,"Endothelial_general","EGFL7"
5.0237449112265e-111,0.659588059117096,0.632,0.48,1.23106869049605e-106,"Endothelial_general","EFNA1"
8.95319275476926e-35,0.659004508194072,0.412,0.337,2.19397988455621e-30,"Endothelial_general","MPZL2"
6.07259785225519e-140,0.65535885385493,0.768,0.649,1.48809010369513e-135,"Endothelial_general","EFNB2"
5.7003831131059e-53,0.653952599135675,0.545,0.471,1.3968788818666e-48,"Endothelial_general","USP8"
1.33745931277498e-22,0.651770009999681,0.275,0.216,3.27744404595508e-18,"Endothelial_general","NUDT2"
1.26878853498868e-19,0.651535046338101,0.292,0.238,3.10916630498977e-15,"Endothelial_general","CTCF"
0,0.649757570500914,0.997,0.994,0,"Endothelial_general","HLA-A"
9.18196588456272e-30,0.642170388587878,0.424,0.361,2.25004074001209e-25,"Endothelial_general","GBP4"
0,0.639196738660345,0.985,0.939,0,"Endothelial_general","MT-ND2"
2.7956442647798e-14,0.63509033441335,0.251,0.208,6.85072627084291e-10,"Endothelial_general","PRRG1"
2.47574737703582e-100,0.632377728137777,0.708,0.612,6.06681894742628e-96,"Endothelial_general","RBP7"
2.02230346522478e-19,0.631665404211193,0.286,0.231,4.95565464153333e-15,"Endothelial_general","FMNL2"
2.32295899603468e-41,0.629005974171586,0.379,0.289,5.69241101978297e-37,"Endothelial_general","GATA2"
6.05643934081717e-134,0.624619123528544,0.699,0.514,1.48413046046725e-129,"Endothelial_general","FOXC2"
4.21392778932624e-33,0.622526322458149,0.457,0.397,1.0326230047744e-28,"Endothelial_general","NUMA1"
2.85138597979045e-12,0.619580323041275,0.255,0.217,6.98732134347651e-08,"Endothelial_general","CARD10"
1.83202578418576e-36,0.614969809618205,0.472,0.407,4.48937918414721e-32,"Endothelial_general","PDLIM2"
1.9296319810051e-16,0.613013423584577,0.266,0.217,4.72856316945301e-12,"Endothelial_general","AFAP1L1"
7.78617466191279e-15,0.611583066940963,0.289,0.246,1.90800210090173e-10,"Endothelial_general","PRKAG2"
6.26347644704142e-16,0.611354085554021,0.333,0.293,1.5348649033475e-11,"Endothelial_general","TBC1D5"
5.06766478102237e-19,0.609237316123919,0.284,0.23,1.24183125458953e-14,"Endothelial_general","TLR4"
4.0087779212579e-16,0.60866171923706,0.282,0.236,9.82351029604249e-12,"Endothelial_general","OARD1"
5.12549020888876e-17,0.607706984218537,0.301,0.255,1.25600137568819e-12,"Endothelial_general","GMDS"
7.53600871710477e-11,0.604806227525727,0.27,0.235,1.84669893612652e-06,"Endothelial_general","TIA1"
2.49867306553868e-38,0.599979948891704,0.452,0.382,6.12299834710252e-34,"Endothelial_general","C1orf115"
1.09560324275392e-22,0.599249074547694,0.337,0.28,2.68477574636849e-18,"Endothelial_general","KAT6B"
4.52056720615254e-45,0.599132889627546,0.476,0.392,1.10776499386768e-40,"Endothelial_general","RFC1"
1.84772114893578e-25,0.596737043003519,0.366,0.308,4.52784067546712e-21,"Endothelial_general","SMARCC2"
4.15099311904568e-164,0.592521327059017,0.837,0.783,1.01720086382214e-159,"Endothelial_general","SNHG7"
3.96601552893649e-21,0.592121798152694,0.354,0.302,9.71872105365887e-17,"Endothelial_general","NSD1"
3.13687074004164e-93,0.591494699910532,0.742,0.671,7.68690174847205e-89,"Endothelial_general","ARL4A"
3.61421440125332e-35,0.588179573983294,0.463,0.395,8.85663239027126e-31,"Endothelial_general","ST6GAL1"
3.09003522657145e-16,0.587949609171119,0.27,0.221,7.57213132271334e-12,"Endothelial_general","ZNF704"
2.06837449393271e-33,0.587597111362037,0.453,0.395,5.06855169738211e-29,"Endothelial_general","METTL7A"
0,0.58707095592796,0.982,0.978,0,"Endothelial_general","RPS21"
1.18441166060308e-29,0.584266229045089,0.347,0.273,2.90240077430784e-25,"Endothelial_general","RASSF9"
2.10916665603493e-55,0.584130669745627,0.558,0.471,5.16851289061361e-51,"Endothelial_general","LAMB1"
2.64740125667393e-26,0.583828474346881,0.4,0.34,6.48745677947946e-22,"Endothelial_general","MYRIP"
1.31632249052922e-19,0.578881463327582,0.346,0.296,3.22564826304185e-15,"Endothelial_general","CCDC69"
3.29844222567147e-42,0.577382478495949,0.514,0.457,8.08283267400794e-38,"Endothelial_general","PRPF6"
5.67394955863169e-29,0.577381535497188,0.449,0.389,1.3904013393427e-24,"Endothelial_general","SULF2"
1.03195891376773e-27,0.577301089698093,0.374,0.307,2.52881531818783e-23,"Endothelial_general","UPF2"
7.32380094751276e-311,0.576043716892157,0.998,0.977,1.794697422188e-306,"Endothelial_general","MT-ND4"
9.02739972063218e-24,0.575804637174326,0.359,0.299,2.21216430154092e-19,"Endothelial_general","ATL2"
3.83095929588831e-47,0.574689653438028,0.507,0.396,9.38776575457429e-43,"Endothelial_general","DNASE1L3"
4.98509678385882e-35,0.574265213403366,0.497,0.438,1.2215979668846e-30,"Endothelial_general","CPD"
1.44062103440185e-12,0.571848966317183,0.287,0.249,3.53024184480174e-08,"Endothelial_general","THRA"
7.01322258068393e-19,0.570707039861649,0.39,0.341,1.7185901933966e-14,"Endothelial_general","SEMA6A"
1.42536087216161e-83,0.565396218035347,0.807,0.722,3.49284681723203e-79,"Endothelial_general","MMRN1"
2.24289518713431e-79,0.56535600069959,0.711,0.614,5.49621465607262e-75,"Endothelial_general","NUDT4"
2.20185647382113e-150,0.564042131209658,0.892,0.828,5.39564928909869e-146,"Endothelial_general","NFIB"
9.36037022942737e-17,0.562706339899147,0.358,0.315,2.29375872472118e-12,"Endothelial_general","LRP5"
3.41916555911246e-10,0.562480416768809,0.263,0.231,8.37866520260508e-06,"Endothelial_general","TAOK2"
2.1668589083681e-166,0.561135896838182,0.881,0.835,5.30988775495602e-162,"Endothelial_general","VAMP5"
1.8548125322766e-28,0.559993875088289,0.396,0.332,4.54521811034381e-24,"Endothelial_general","IMP3"
8.2982550129363e-66,0.55883569795569,0.542,0.415,2.03348739092004e-61,"Endothelial_general","NUPR1"
2.79772918231034e-10,0.558055446743076,0.255,0.223,6.85583536125149e-06,"Endothelial_general","POLR2M"
7.77566987681427e-86,0.556911850030268,0.724,0.689,1.90542790331334e-81,"Endothelial_general","CALCOCO2"
1.49184466956498e-15,0.551762999036405,0.322,0.277,3.65576536276898e-11,"Endothelial_general","RPS6KA2"
1.19131494821173e-14,0.550567810907714,0.292,0.247,2.91931728059283e-10,"Endothelial_general","CARD16"
8.08342477335186e-25,0.547151270104336,0.477,0.432,1.98084324070987e-20,"Endothelial_general","HDAC7"
0,0.544802677330921,1,0.999,0,"Endothelial_general","SPARCL1"
1.37522343741427e-177,0.541365463947201,0.914,0.845,3.36998503338366e-173,"Endothelial_general","ADGRF5"
1.05332055351323e-307,0.540609974744255,1,0.988,2.58116201638417e-303,"Endothelial_general","MT-CYB"
1.50126681464108e-137,0.536510206444743,0.882,0.837,3.67885432927798e-133,"Endothelial_general","SYNE2"
5.77664105531429e-17,0.535401275422448,0.386,0.347,1.41556589060477e-12,"Endothelial_general","RHOJ"
1.53302601124115e-07,0.534833238799995,0.26,0.235,0.00375668024054645,"Endothelial_general","SHPRH"
1.87927354046389e-38,0.533915798133979,0.552,0.511,4.60515981090677e-34,"Endothelial_general","AKT3"
3.4023422591072e-11,0.531874795581845,0.295,0.26,8.3374397059422e-07,"Endothelial_general","FAT4"
3.21867780636673e-11,0.530374260511003,0.258,0.221,7.88736996450167e-07,"Endothelial_general","NLRP1"
6.2504980615422e-19,0.527430280519608,0.308,0.252,1.53168454998092e-14,"Endothelial_general","DLL4"
4.85543373121319e-161,0.527400056779649,0.912,0.863,1.18982403583379e-156,"Endothelial_general","ARHGAP29"
2.3195538073118e-25,0.526720506082113,0.484,0.434,5.68406660481757e-21,"Endothelial_general","SESN3"
1.81780765834041e-25,0.526537619165397,0.451,0.396,4.45453766676318e-21,"Endothelial_general","MAP3K1"
7.14400120383768e-205,0.524516778279015,0.971,0.941,1.75063749500042e-200,"Endothelial_general","PLAT"
6.4135477056879e-44,0.52377003387263,0.66,0.611,1.57163986527882e-39,"Endothelial_general","COL18A1"
8.65017861229549e-08,0.523117402471741,0.254,0.226,0.00211972626894301,"Endothelial_general","IKBKB"
2.63976857414561e-18,0.520272649503732,0.396,0.353,6.46875289094383e-14,"Endothelial_general","BLCAP"
3.13966020477029e-26,0.517493822124394,0.469,0.418,7.69373733178959e-22,"Endothelial_general","DOCK4"
3.39831728612984e-42,0.515553108775549,0.425,0.331,8.32757650966117e-38,"Endothelial_general","ITPR2"
3.72325432743951e-09,0.51308456678522,0.275,0.242,9.12383472939052e-05,"Endothelial_general","FLNC"
8.66459768435705e-14,0.51188864893238,0.4,0.371,2.12325966255169e-09,"Endothelial_general","GATAD1"
1.07651146387416e-20,0.511471508309711,0.298,0.239,2.63799134222363e-16,"Endothelial_general","RGS3"
1.72010249452095e-08,0.509468330413311,0.27,0.241,0.000421511116282358,"Endothelial_general","SYNE3"
5.28174841328159e-11,0.506803196148882,0.283,0.245,1.29429244867465e-06,"Endothelial_general","SNED1"
2.16564195874097e-12,0.502774517512259,0.333,0.298,5.30690561989474e-08,"Endothelial_general","GPATCH8"
1.38428894937592e-10,0.502173470628826,0.325,0.295,3.39220007044569e-06,"Endothelial_general","UVRAG"
0,0.501805327129377,0.99,0.98,0,"Endothelial_general","RPL38"
1.45431015248233e-05,0.501604794721724,0.265,0.25,0.356378702865796,"Endothelial_general","TNRC18"
1.2137883362102e-08,0.501342649533964,0.338,0.319,0.000297438831788309,"Endothelial_general","RXRA"
2.12221483193269e-35,0.501081163254037,0.557,0.505,5.20048744565105e-31,"Endothelial_general","CSGALNACT1"
1.38280312491847e-14,0.498988076600865,0.391,0.357,3.38855905761271e-10,"Endothelial_general","GBP2"
4.10741653354553e-43,0.498902652701985,0.605,0.557,1.00652242154533e-38,"Endothelial_general","PHACTR2"
5.98513690356798e-19,0.498852862293828,0.444,0.407,1.46665779821933e-14,"Endothelial_general","RARRES3"
2.77389755846929e-10,0.496712857627648,0.253,0.216,6.79743596702901e-06,"Endothelial_general","RFTN2"
5.96266358930473e-33,0.496358860178979,0.536,0.494,1.46115071255912e-28,"Endothelial_general","EPB41L4A-AS1"
5.14130032413328e-13,0.495774242318836,0.305,0.264,1.25987564442886e-08,"Endothelial_general","TNFRSF1B"
2.56924055479091e-09,0.495643420100202,0.295,0.265,6.29592397951513e-05,"Endothelial_general","EP300"
1.13927285051669e-10,0.494535853313589,0.331,0.3,2.79178812019115e-06,"Endothelial_general","MAP3K3"
1.73326386207928e-06,0.494240996509136,0.26,0.237,0.0424736309402528,"Endothelial_general","FSCN1"
2.77156299461689e-16,0.494166580740286,0.451,0.423,6.79171511830868e-12,"Endothelial_general","ELK4"
7.56734745800973e-14,0.493102896204666,0.38,0.347,1.85437849458529e-09,"Endothelial_general","TPD52L2"
1.18667256568724e-307,0.491874390694893,0.996,0.977,2.90794112221659e-303,"Endothelial_general","MT-CO3"
1.03632732831878e-12,0.490697640573952,0.302,0.263,2.53952011804518e-08,"Endothelial_general","UBN1"
6.5035946720921e-08,0.489196116045813,0.322,0.3,0.00159370587439617,"Endothelial_general","TEAD1"
7.79965974562568e-08,0.486467901304689,0.298,0.275,0.00191130662066557,"Endothelial_general","NPEPPS"
4.41841729407735e-16,0.482578703529374,0.344,0.299,1.08273315791365e-11,"Endothelial_general","IRF2"
8.06523062139978e-08,0.479208238878955,0.277,0.25,0.00197638476377402,"Endothelial_general","ATM"
3.22163478138727e-77,0.478283698050083,0.778,0.721,7.8946160317895e-73,"Endothelial_general","LMO2"
5.77752190166686e-67,0.476692143613554,0.751,0.698,1.41578174200346e-62,"Endothelial_general","LDB2"
1.43732892139796e-41,0.474938903481559,0.589,0.521,3.52217452188569e-37,"Endothelial_general","SYNPO"
6.22235510645934e-21,0.474034981178867,0.384,0.327,1.52478811883786e-16,"Endothelial_general","TMOD1"
4.449135548826e-49,0.473928063662143,0.438,0.324,1.09026066623981e-44,"Endothelial_general","CDH13"
8.66694045679802e-110,0.472190206100482,0.587,0.416,2.12383375893835e-105,"Endothelial_general","IER3"
2.57084823957122e-17,0.472015837024627,0.459,0.426,6.29986361106927e-13,"Endothelial_general","SNX5"
1.43183059364808e-06,0.471912823162575,0.277,0.257,0.0350870086973461,"Endothelial_general","FLOT2"
2.43893062224614e-73,0.471815117072207,0.752,0.698,5.97659948981416e-69,"Endothelial_general","TNFSF10"
5.01145852264429e-52,0.470353464398233,0.656,0.582,1.22805791097398e-47,"Endothelial_general","GPM6A"
2.12427156795469e-06,0.469771781342092,0.271,0.249,0.0520552747727297,"Endothelial_general","MYH10"
1.60239089237439e-96,0.469690555697796,0.843,0.752,3.92665888176344e-92,"Endothelial_general","TGM2"
4.58344767058907e-53,0.469191084390755,0.648,0.572,1.12317385167785e-48,"Endothelial_general","MT-ND4L"
8.97777317866695e-08,0.468188253666291,0.341,0.32,0.00220000331743234,"Endothelial_general","TNRC6A"
7.40457672718605e-40,0.466583268905496,0.561,0.491,1.81449152699694e-35,"Endothelial_general","TSPAN18"
3.42090254510221e-06,0.465953877169279,0.273,0.254,0.0838292168677296,"Endothelial_general","AP2A2"
2.53881761105975e-07,0.464861819946095,0.303,0.282,0.00622137255590192,"Endothelial_general","CLSTN1"
4.63873472219193e-06,0.463257663084071,0.321,0.308,0.113672194367313,"Endothelial_general","NOTCH1"
1.18540307306941e-37,0.462229882914226,0.584,0.514,2.90483023055659e-33,"Endothelial_general","CDH11"
6.2861558183969e-12,0.46185559995988,0.327,0.288,1.54042248329816e-07,"Endothelial_general","NOTCH4"
2.75708466077827e-12,0.459909110510703,0.362,0.331,6.75623596123716e-08,"Endothelial_general","HUWE1"
6.52526327951454e-10,0.459673967015581,0.361,0.335,1.59901576664504e-05,"Endothelial_general","IGF1R"
3.38364159167353e-91,0.458789321965782,0.826,0.809,8.29161372039599e-87,"Endothelial_general","CAST"
0.00014527622173553,0.458204438406123,0.257,0.243,1,"Endothelial_general","KMT5B"
4.1004346913734e-44,0.456200859618651,0.621,0.566,1.00481152112105e-39,"Endothelial_general","NRN1"
2.08859599435322e-16,0.456125304034798,0.422,0.386,5.11810448416257e-12,"Endothelial_general","CBX5"
3.14253047444075e-10,0.453899703050102,0.288,0.255,7.70077092761705e-06,"Endothelial_general","FNBP1"
2.32304114053124e-49,0.450527324755471,0.684,0.648,5.6926123148718e-45,"Endothelial_general","ABLIM1"
2.33282946745384e-06,0.450402629068627,0.288,0.268,0.0571659860999564,"Endothelial_general","CASC3"
9.61536016316486e-137,0.450284406758342,0.933,0.886,2.35624400798355e-132,"Endothelial_general","MT-ND5"
6.56377451196411e-05,0.448877220955998,0.268,0.252,1,"Endothelial_general","SBF2"
4.16593419738153e-33,0.448320927977979,0.511,0.44,1.02086217506834e-28,"Endothelial_general","SPINT2"
1.36494427936416e-11,0.448129931842829,0.324,0.285,3.34479595658187e-07,"Endothelial_general","PKP4"
1.91000737354731e-19,0.446842077075872,0.447,0.407,4.68047306887769e-15,"Endothelial_general","DDX42"
1.01130362949318e-32,0.446792072823981,0.583,0.534,2.47819954407305e-28,"Endothelial_general","GLS"
8.34423853497235e-20,0.442291707746723,0.421,0.364,2.04475565299497e-15,"Endothelial_general","CRTAC1"
2.39423698446316e-07,0.441804009364099,0.308,0.287,0.00586707773042698,"Endothelial_general","KIAA1033"
0,0.44083824007984,0.999,0.998,0,"Endothelial_general","RPL37"
1.08910600522579e-11,0.440595893952679,0.399,0.375,2.6688542658058e-07,"Endothelial_general","GNA11"
5.43640078041126e-20,0.438509882154646,0.471,0.432,1.33219001123978e-15,"Endothelial_general","RPS19BP1"
3.95033120178049e-07,0.436877300288553,0.293,0.269,0.0096802866099631,"Endothelial_general","SFSWAP"
2.29977038654425e-07,0.436620216019533,0.341,0.326,0.00563558733222668,"Endothelial_general","UBE2Q1"
1.96568255087403e-06,0.436505647164271,0.298,0.278,0.0481690509091681,"Endothelial_general","CREBBP"
2.28886646612743e-28,0.436272484430962,0.566,0.524,5.60886727524527e-24,"Endothelial_general","NDUFB1"
1.14619010886123e-26,0.434645080277657,0.528,0.484,2.80873886176446e-22,"Endothelial_general","WHSC1L1"
2.9967908233435e-11,0.433991706433465,0.38,0.354,7.34363591260326e-07,"Endothelial_general","PRPF8"
1.53505528609737e-69,0.432797175293258,0.907,0.872,3.7616529785816e-65,"Endothelial_general","KCTD12"
1.22882130982343e-82,0.432433313253443,0.82,0.806,3.01122661972232e-78,"Endothelial_general","ANP32B"
6.52615740963261e-13,0.431201520410787,0.406,0.376,1.59923487323047e-08,"Endothelial_general","ZKSCAN1"
7.30610939406086e-08,0.430770529772262,0.301,0.277,0.00179036210701461,"Endothelial_general","PCMTD2"
2.83577490600786e-09,0.429283779034848,0.374,0.351,6.94906640717226e-05,"Endothelial_general","STAT1"
1.28103393344625e-24,0.428671444578099,0.512,0.457,3.13917365391004e-20,"Endothelial_general","TBX1"
1.19808078745212e-11,0.427779550874146,0.449,0.43,2.93589696965143e-07,"Endothelial_general","DDX6"
0,0.427338431448466,1,0.999,0,"Endothelial_general","RPS27"
1.56209757381828e-42,0.427322772718914,0.668,0.584,3.82792010464171e-38,"Endothelial_general","AKR1C1"
1.60343544289969e-11,0.427133202649934,0.382,0.352,3.92921855282569e-07,"Endothelial_general","RBMS2"
2.39248518181407e-07,0.425777718283099,0.324,0.304,0.00586278493803537,"Endothelial_general","PPM1F"
3.6840051474215e-95,0.425696315105486,0.862,0.856,9.02765461375638e-91,"Endothelial_general","PNRC1"
6.84704956374066e-12,0.424660773892653,0.381,0.35,1.67786949559465e-07,"Endothelial_general","KIAA1551"
7.5378883979851e-07,0.422106749320034,0.297,0.276,0.0184715955192625,"Endothelial_general","QARS"
5.91945576217177e-06,0.421756877216279,0.288,0.271,0.145056263452019,"Endothelial_general","TNIP1"
3.16000501686345e-05,0.42116567273113,0.298,0.282,0.774359229382388,"Endothelial_general","SCAPER"
1.02763373496639e-45,0.420921274323938,0.676,0.633,2.51821646753514e-41,"Endothelial_general","KMT2A"
3.20470009384111e-12,0.419390127643769,0.422,0.398,7.85311757995763e-08,"Endothelial_general","BAZ1B"
9.33152084015697e-112,0.418524799335706,0.925,0.914,2.28668918188047e-107,"Endothelial_general","AHNAK"
2.3306274733473e-07,0.41784173688197,0.326,0.307,0.00571120262343755,"Endothelial_general","C6orf89"
7.81378207950794e-06,0.417484854217307,0.307,0.292,0.191476729858342,"Endothelial_general","IPO5"
6.14726589268931e-07,0.417429406210507,0.367,0.353,0.0150638750700352,"Endothelial_general","STX7"
2.02349970301104e-10,0.416351637021385,0.447,0.437,4.95858602222856e-06,"Endothelial_general","CLTC"
7.80716981447844e-21,0.414881853148998,0.49,0.451,1.91314696303794e-16,"Endothelial_general","PGM5"
4.69029460174962e-149,0.414485741520458,0.945,0.881,1.14935669215874e-144,"Endothelial_general","RPL36A"
1.02145184778544e-06,0.413736041467868,0.308,0.287,0.0250306775299822,"Endothelial_general","MFNG"
1.63593922589468e-06,0.412684963470734,0.302,0.281,0.0400886907305491,"Endothelial_general","RAPGEF1"
1.68853442400035e-08,0.409608668543676,0.294,0.265,0.000413775360601286,"Endothelial_general","HERC2"
5.1363533994769e-06,0.409432285460004,0.331,0.317,0.125866340054181,"Endothelial_general","RBM6"
3.58457385275807e-29,0.408401279043963,0.588,0.548,8.78399822618365e-25,"Endothelial_general","TTC3"
0.00016224972848312,0.405519235650372,0.284,0.273,1,"Endothelial_general","ABCD4"
0.00236969298929228,0.405359992904804,0.315,0.316,1,"Endothelial_general","SDHA"
2.13277375662524e-21,0.404606177420488,0.558,0.534,5.22636209061015e-17,"Endothelial_general","GTF2I"
0.000431199443798388,0.403993050903162,0.261,0.249,1,"Endothelial_general","BRD3"
5.96639634228188e-57,0.403808592483321,0.694,0.614,1.46206542367618e-52,"Endothelial_general","NOSTRIN"
1.99841059860602e-05,0.402085310694621,0.311,0.293,0.489710517188404,"Endothelial_general","VPS13A"
4.95110077577345e-05,0.402041275004775,0.34,0.331,1,"Endothelial_general","CALHM2"
0,0.401296761495868,0.998,0.996,0,"Endothelial_general","RPS15A"
1.53531996322473e-15,0.400778780751628,0.451,0.418,3.76230156988221e-11,"Endothelial_general","RNF213"
6.30105653343035e-06,0.400321448604088,0.35,0.34,0.154407390351711,"Endothelial_general","EPHB4"
7.25426274213888e-113,0.399986061489838,0.939,0.901,1.77765708496113e-108,"Endothelial_general","ZFP36L1"
1.53227718677124e-08,0.399545931833172,0.322,0.293,0.000375484524618292,"Endothelial_general","FARP1"
4.61385217100139e-06,0.39923474238934,0.33,0.314,0.113062447450389,"Endothelial_general","XPC"
8.85258885834396e-26,0.398911763064184,0.62,0.59,2.16932689973719e-21,"Endothelial_general","PLXND1"
7.63151071439027e-19,0.398748725767038,0.619,0.607,1.87010170056134e-14,"Endothelial_general","SLC3A2"
1.53205413662436e-05,0.398642402180153,0.315,0.301,0.375429866179798,"Endothelial_general","NBR1"
5.27600122677711e-08,0.397789071192506,0.393,0.379,0.00129288410062173,"Endothelial_general","ERICH1"
1.79690656730792e-05,0.397392236008816,0.296,0.279,0.440331954318805,"Endothelial_general","SDCCAG8"
1.14241115963448e-05,0.396399540318035,0.283,0.264,0.279947854668429,"Endothelial_general","PRKD3"
2.32158985675876e-06,0.396277326996924,0.343,0.326,0.0568905594398733,"Endothelial_general","LBR"
1.83628476193205e-106,0.395785215809739,0.985,0.97,4.49981580911449e-102,"Endothelial_general","IGFBP4"
5.25409030968471e-21,0.395271554557111,0.473,0.419,1.28751483038824e-16,"Endothelial_general","CCDC3"
0.00161622841339245,0.395147942136523,0.256,0.245,1,"Endothelial_general","NPR1"
9.25002717525958e-06,0.394340590331506,0.287,0.268,0.226671915929736,"Endothelial_general","ZNF33A"
6.06067983272805e-08,0.393568316868617,0.396,0.381,0.00148516959301001,"Endothelial_general","ANAPC5"
9.34387740521835e-10,0.393167052235534,0.405,0.382,2.28971715814876e-05,"Endothelial_general","KIAA1109"
0,0.392305374157064,0.996,0.995,0,"Endothelial_general","RPL37A"
0.00218063058089346,0.392052500522899,0.281,0.274,1,"Endothelial_general","FAM111A"
6.75091444108288e-05,0.391849509336442,0.275,0.257,1,"Endothelial_general","ZMYM2"
1.8288596357496e-28,0.389776584453892,0.588,0.57,4.48162053740439e-24,"Endothelial_general","RSL1D1"
1.08572386680187e-05,0.389240425354153,0.374,0.369,0.266056633559797,"Endothelial_general","TNPO1"
1.86578806601407e-21,0.389113621921714,0.514,0.469,4.57211365576748e-17,"Endothelial_general","MAOA"
8.96969033679167e-10,0.388567885584962,0.327,0.293,2.1980226170308e-05,"Endothelial_general","AC090498.1"
5.87747866599789e-06,0.38791324371561,0.311,0.295,0.144027614710278,"Endothelial_general","PROS1"
6.92656911748845e-05,0.386386266895916,0.275,0.257,1,"Endothelial_general","ZNF721"
3.34836140583888e-06,0.383673182494212,0.255,0.231,0.0820515962500817,"Endothelial_general","CEP112"
1.16732494891505e-09,0.382459554970577,0.408,0.384,2.86052978731632e-05,"Endothelial_general","MKL2"
0.00551188107995719,0.382377003428302,0.27,0.264,1,"Endothelial_general","ZNF652"
2.89429494722103e-07,0.382329791693615,0.37,0.351,0.00709246976816513,"Endothelial_general","PDE2A"
2.1526062398661e-31,0.382020449292716,0.642,0.62,5.27496159079188e-27,"Endothelial_general","PAK2"
0.00055622885280869,0.381445395152254,0.295,0.285,1,"Endothelial_general","ATXN2"
4.77369673023659e-06,0.381419648269159,0.299,0.28,0.116979438374448,"Endothelial_general","NUDT16"
2.35294709479027e-06,0.380296029235037,0.319,0.298,0.0576589685578355,"Endothelial_general","ICE2"
6.27968130954319e-40,0.379108690242922,0.816,0.797,1.53883590490356e-35,"Endothelial_general","WSB1"
1.42314449476031e-20,0.378568973998913,0.562,0.543,3.48741558441014e-16,"Endothelial_general","PHF3"
4.53755295640151e-08,0.377997258220883,0.374,0.355,0.00111192735196619,"Endothelial_general","TLK1"
3.55249651317864e-05,0.377386007118833,0.254,0.234,0.870539270554425,"Endothelial_general","DCP2"
1.85624717282946e-46,0.376785400663051,0.725,0.711,4.54873369701859e-42,"Endothelial_general","SNHG8"
1.46809480233586e-07,0.376485591517086,0.398,0.388,0.00359756631312403,"Endothelial_general","PRPSAP1"
5.44606188770204e-39,0.376014433286183,0.681,0.656,1.33455746558138e-34,"Endothelial_general","FLNB"
0.000331102410443443,0.375921649488217,0.286,0.276,1,"Endothelial_general","SUPT6H"
5.5692158442034e-100,0.375520503187828,0.887,0.877,1.36473634262204e-95,"Endothelial_general","TGFBR2"
2.67629488080956e-10,0.375469519085792,0.452,0.436,6.55826060542383e-06,"Endothelial_general","VPS13C"
2.99651485688069e-12,0.375411631293934,0.442,0.416,7.34295965678613e-08,"Endothelial_general","CTNNAL1"
4.46983258280436e-08,0.374344252459543,0.432,0.422,0.00109533247441621,"Endothelial_general","ALDH2"
8.33894023671084e-07,0.374010913262215,0.331,0.31,0.0204345730500599,"Endothelial_general","TFDP2"
2.19829936236027e-263,0.37373839700047,0.995,0.994,5.38693258746385e-259,"Endothelial_general","HLA-C"
3.09662333996784e-26,0.373671779565639,0.533,0.472,7.5882754945912e-22,"Endothelial_general","CDKN1C"
1.68483364305719e-67,0.373612069487273,0.836,0.811,4.12868484231164e-63,"Endothelial_general","UTRN"
1.84207726063172e-08,0.373233185071752,0.304,0.272,0.000451401032717802,"Endothelial_general","HOXD9"
2.51684505603623e-09,0.372863628367907,0.368,0.341,6.16752880981678e-05,"Endothelial_general","CD2AP"
8.24916073642467e-07,0.372681401826586,0.381,0.368,0.0202145683846087,"Endothelial_general","BAZ2A"
7.17758721889262e-12,0.372420733584308,0.492,0.479,1.75886774798964e-07,"Endothelial_general","SHANK3"
5.45346760177033e-05,0.37176028331371,0.307,0.294,1,"Endothelial_general","MBTPS1"
0.00575749851710737,0.371676193135482,0.273,0.267,1,"Endothelial_general","UBR5"
7.60958438911608e-81,0.371150967060824,0.905,0.854,1.8647286545529e-76,"Endothelial_general","ZFP36L2"
6.51837839461644e-08,0.369402195929149,0.312,0.283,0.00159732862560076,"Endothelial_general","SLC2A1"
1.07973992264367e-06,0.36912298499645,0.308,0.285,0.0264590268043831,"Endothelial_general","ZC3H6"
5.44977106318442e-13,0.368789989607545,0.514,0.508,1.33546639903334e-08,"Endothelial_general","LSM2"
9.5230112362374e-16,0.368348211827301,0.552,0.555,2.33361390343998e-11,"Endothelial_general","HADHA"
2.81939761641667e-05,0.368204238058508,0.255,0.232,0.690893385902906,"Endothelial_general","ARHGAP6"
1.71902761955645e-05,0.367087558190423,0.379,0.376,0.421247718172308,"Endothelial_general","CTNND1"
1.60216137422975e-06,0.367001784910622,0.413,0.41,0.0392609644755,"Endothelial_general","EPRS"
0.00236134118105516,0.3661394245768,0.267,0.258,1,"Endothelial_general","APOL6"
1.64753118303776e-09,0.365598974915421,0.359,0.331,4.03727516403403e-05,"Endothelial_general","DNAJB4"
4.66982664311553e-26,0.365440552445464,0.568,0.518,1.14434101889546e-21,"Endothelial_general","KCNN3"
2.06593657874124e-49,0.364518980279264,0.779,0.739,5.06257758620541e-45,"Endothelial_general","SEPP1"
7.95635673707358e-09,0.362342485716432,0.452,0.438,0.000194970521841988,"Endothelial_general","YPEL3"
0.000478967223045293,0.362090430622662,0.356,0.355,1,"Endothelial_general","SLC41A3"
0.000462471614346105,0.361942380899337,0.304,0.297,1,"Endothelial_general","CAPRIN1"
7.46316359523691e-16,0.360821390930867,0.536,0.515,1.82884823901281e-11,"Endothelial_general","PNPLA2"
0.000344466093304403,0.360649096881783,0.356,0.349,1,"Endothelial_general","PHKB"
4.66106765517687e-23,0.360271363851969,0.602,0.584,1.14219462890109e-18,"Endothelial_general","ERG"
0.000160200453713962,0.359726047822274,0.257,0.239,1,"Endothelial_general","SPNS2"
6.72861811774369e-08,0.359534892880019,0.335,0.308,0.00164884786975309,"Endothelial_general","OLFM1"
4.58912979530925e-24,0.358977738723809,0.582,0.524,1.12456625634053e-19,"Endothelial_general","FXYD6"
0.00365618362185408,0.35744200530877,0.301,0.296,1,"Endothelial_general","VPS4B"
1.31663620836453e-38,0.354947171120664,0.723,0.706,3.22641702859727e-34,"Endothelial_general","TMOD3"
3.93252426891455e-07,0.354581401987678,0.379,0.364,0.00963665072097511,"Endothelial_general","MIS18BP1"
6.3644073549336e-08,0.354500285291768,0.398,0.382,0.00155959802232648,"Endothelial_general","TNS1"
5.12209388676605e-09,0.354393667760219,0.339,0.306,0.000125516910695202,"Endothelial_general","C21orf91"
2.39436862593682e-07,0.354012515478303,0.41,0.397,0.00586740031785818,"Endothelial_general","GLG1"
1.27015440953687e-07,0.353907145430396,0.368,0.348,0.0031125133805701,"Endothelial_general","CDKN1B"
0.00793333713829256,0.353647937599164,0.254,0.248,1,"Endothelial_general","SMIM4"
1.61129386885748e-13,0.352838840845054,0.501,0.486,3.94847562563524e-09,"Endothelial_general","SMARCE1"
1.16425228580033e-11,0.352562190178969,0.472,0.453,2.85300022635371e-07,"Endothelial_general","ZNF638"
7.15405809652028e-112,0.352422847505583,0.926,0.92,1.75310193655229e-107,"Endothelial_general","GLTSCR2"
2.51022338551744e-263,0.351684421122696,0.991,0.99,6.15130240621048e-259,"Endothelial_general","RPL39"
2.1204150622915e-19,0.351286884725555,0.627,0.627,5.19607711014533e-15,"Endothelial_general","RWDD1"
0.00123125315352065,0.351061656893503,0.348,0.35,1,"Endothelial_general","ABHD14B"
5.41886103068174e-66,0.350677768362365,0.829,0.823,1.32789189556856e-61,"Endothelial_general","EIF4B"
1.14802486290232e-143,0.350374960141231,0.999,0.995,2.81323492654213e-139,"Endothelial_general","CLU"
0.00063312849653821,0.349261747045821,0.279,0.269,1,"Endothelial_general","CWC22"
1.06265620070631e-32,0.348096193312194,0.687,0.666,2.6040390198308e-28,"Endothelial_general","NAA38"
6.16706438158173e-08,0.347992131018677,0.424,0.412,0.0015112391267066,"Endothelial_general","EIF2A"
2.71095001150267e-06,0.347868008256354,0.368,0.356,0.066431830031873,"Endothelial_general","RALB"
0.0026552157900329,0.346470610550157,0.326,0.323,1,"Endothelial_general","USO1"
0.000595163741143835,0.346346920926759,0.31,0.301,1,"Endothelial_general","TTC37"
0.00908510295093658,0.343735420810144,0.293,0.289,1,"Endothelial_general","NEDD4"
0.000242863755725745,0.343565374615926,0.316,0.304,1,"Endothelial_general","ITPRIPL2"
2.33055920084478e-07,0.342740094347181,0.387,0.372,0.00571103532167012,"Endothelial_general","MIA3"
0.00300998793820438,0.341631680863065,0.265,0.256,1,"Endothelial_general","SEL1L"
0.00129866552341464,0.341023318325978,0.273,0.262,1,"Endothelial_general","DPP8"
0,0.340253792035924,0.999,0.999,0,"Endothelial_general","RPL34"
1.4906979339997e-21,0.340163179737951,0.599,0.578,3.65295528726626e-17,"Endothelial_general","ERP29"
4.75160627672988e-06,0.339805153175473,0.371,0.356,0.116438111811266,"Endothelial_general","FNBP4"
5.46480189869431e-09,0.339761664428601,0.383,0.358,0.000133914970527504,"Endothelial_general","HOXB7"
0.000341423285892451,0.339703460520164,0.315,0.306,1,"Endothelial_general","ARCN1"
1.13289791820391e-08,0.33962320548132,0.422,0.406,0.000277616634855868,"Endothelial_general","DOCK9"
1.1658248668456e-12,0.339614270286611,0.498,0.477,2.85685383620514e-08,"Endothelial_general","ZNF292"
0.00187020041659511,0.339493755300693,0.309,0.304,1,"Endothelial_general","UBTF"
9.99171601377699e-34,0.338811500964493,0.734,0.722,2.44847000917605e-29,"Endothelial_general","MACF1"
0.000937940055592565,0.338558272291767,0.314,0.308,1,"Endothelial_general","USP1"
0.00208259419540201,0.338360081348745,0.274,0.263,1,"Endothelial_general","AK4"
0.00578232758380933,0.338294871673298,0.331,0.333,1,"Endothelial_general","RBL2"
8.52615805257761e-13,0.338063145845509,0.548,0.532,2.08933503078414e-08,"Endothelial_general","MPDZ"
0.000554970459186633,0.337481181267068,0.331,0.326,1,"Endothelial_general","ST3GAL1"
0.00068818139483472,0.336577407821932,0.267,0.251,1,"Endothelial_general","R3HDM2"
0.000521228105096108,0.335785564194545,0.316,0.306,1,"Endothelial_general","NIFK"
1.09613535515477e-07,0.33536759192719,0.398,0.382,0.00268607968780677,"Endothelial_general","HDLBP"
7.92211477304051e-05,0.332628008116685,0.35,0.34,1,"Endothelial_general","XRN1"
4.26745541526448e-11,0.331639304792765,0.514,0.509,1.04573994951056e-06,"Endothelial_general","DYNC1H1"
1.62914507738147e-07,0.331454188199526,0.43,0.419,0.0039922200121233,"Endothelial_general","WWP1"
0.00196782792791389,0.331033307873215,0.259,0.249,1,"Endothelial_general","PBXIP1"
2.99209295618448e-15,0.330482614204323,0.564,0.549,7.33212378913008e-11,"Endothelial_general","BAZ2B"
0.000295561121673709,0.330402989467672,0.306,0.296,1,"Endothelial_general","GPBP1L1"
4.63772177492395e-05,0.330291808582999,0.365,0.358,1,"Endothelial_general","ACIN1"
5.74849130005372e-37,0.329354483525562,0.776,0.768,1.40866779307816e-32,"Endothelial_general","ETS2"
0.00237324626200724,0.32825275781805,0.278,0.267,1,"Endothelial_general","GOLGA2"
0.000345848369604099,0.327909688469036,0.368,0.365,1,"Endothelial_general","RBM5"
0.00122891892153693,0.327516484899472,0.328,0.321,1,"Endothelial_general","CEP57"
0.00834368625433425,0.326567503686251,0.258,0.252,1,"Endothelial_general","OSBPL9"
1.85224554872393e-25,0.325745881132023,0.681,0.677,4.53892771714799e-21,"Endothelial_general","HP1BP3"
1.40610760346608e-21,0.324732677648581,0.64,0.626,3.44566668229362e-17,"Endothelial_general","SYF2"
1.40419637624262e-09,0.324400377554324,0.47,0.46,3.44098321998253e-05,"Endothelial_general","MAP3K11"
0.0021141153210575,0.323214902486318,0.295,0.288,1,"Endothelial_general","ZNF524"
0.000929171994351654,0.323104229775048,0.356,0.352,1,"Endothelial_general","ZNF280D"
4.41288291693704e-45,0.322807807310602,0.642,0.549,1.08137695879542e-40,"Endothelial_general","FMO2"
6.19042011887859e-08,0.322776419470003,0.445,0.428,0.0015169624501312,"Endothelial_general","AAK1"
0.0012958983069028,0.322215938336199,0.372,0.372,1,"Endothelial_general","PRKCSH"
4.33936734989269e-07,0.32193963408638,0.435,0.429,0.010633619690912,"Endothelial_general","VPS36"
0.00300578340976603,0.320745953264037,0.336,0.336,1,"Endothelial_general","MGAT4A"
3.94965709199647e-18,0.319248354468905,0.63,0.625,9.67863470393735e-14,"Endothelial_general","MYCBP2"
4.94395553869702e-21,0.316817658939253,0.66,0.594,1.2115163047577e-16,"Endothelial_general","DKK3"
2.94856896452974e-12,0.316768666603299,0.546,0.534,7.22546824758014e-08,"Endothelial_general","ZBTB38"
0.00168840528986344,0.316148719461746,0.375,0.375,1,"Endothelial_general","CARD8"
6.80323966859804e-10,0.314609334849358,0.405,0.377,1.66713388078995e-05,"Endothelial_general","KLF3"
9.40001129680067e-20,0.314236864162148,0.634,0.622,2.303472768281e-15,"Endothelial_general","PSMB9"
0.00770832895078246,0.314178244059955,0.262,0.254,1,"Endothelial_general","RAB11FIP5"
0.00476425582057768,0.313689460953915,0.37,0.377,1,"Endothelial_general","NUMB"
0.00777489112090075,0.312159112646911,0.276,0.269,1,"Endothelial_general","SAFB"
0.000126447552920187,0.311927428716192,0.378,0.374,1,"Endothelial_general","ZNF22"
8.94659996366171e-11,0.311230138183459,0.553,0.545,2.1923643210953e-06,"Endothelial_general","HEBP1"
8.0327642792261e-60,0.310412538280385,0.875,0.869,1.96842888662436e-55,"Endothelial_general","COMMD6"
5.58250004565779e-216,0.310378633568806,0.997,0.995,1.36799163618844e-211,"Endothelial_general","RPL36"
9.49450236300867e-06,0.310322779942612,0.416,0.41,0.232662780405527,"Endothelial_general","CCDC25"
1.14064877689752e-12,0.310202395509967,0.563,0.548,2.79515982778738e-08,"Endothelial_general","PCMTD1"
0.00440850424381647,0.309729395484557,0.259,0.249,1,"Endothelial_general","CASP8AP2"
2.19377059996203e-204,0.309390504891396,0.987,0.984,5.37583485520694e-200,"Endothelial_general","RPS29"
1.27653128411468e-06,0.309301335682854,0.447,0.445,0.0312813991172302,"Endothelial_general","POLR3GL"
1.9939840296746e-32,0.309273957338507,0.755,0.721,4.88625786471761e-28,"Endothelial_general","HSPG2"
2.93966999692572e-24,0.308862669876743,0.72,0.711,7.20366132746648e-20,"Endothelial_general","RRBP1"
2.28743162807603e-16,0.308721032277517,0.639,0.624,5.60535120460032e-12,"Endothelial_general","PPP3CA"
8.30310281046409e-05,0.308414001900631,0.416,0.416,1,"Endothelial_general","CHD4"
1.26097904229502e-11,0.30823051551959,0.551,0.547,3.09002914314395e-07,"Endothelial_general","LINC00493"
0.00966041192691849,0.307713125738603,0.331,0.332,1,"Endothelial_general","SCARF1"
6.64443939871417e-14,0.306355360123803,0.582,0.564,1.62821987465491e-09,"Endothelial_general","ARHGDIB"
2.90315681069645e-07,0.305811446561879,0.463,0.459,0.00711418576461166,"Endothelial_general","SENP6"
1.66477732153678e-18,0.303624860234497,0.646,0.646,4.07953682642588e-14,"Endothelial_general","CRTAP"
1.67830877215191e-22,0.302903809893437,0.646,0.627,4.11269564615825e-18,"Endothelial_general","NSA2"
3.92869643214063e-18,0.302113899953798,0.667,0.655,9.62727060696061e-14,"Endothelial_general","TNRC6B"
0.00225331627263991,0.301923504001508,0.281,0.272,1,"Endothelial_general","TMEM159"
8.86486108337514e-05,0.300890513734405,0.414,0.415,1,"Endothelial_general","ZNF148"
0.00338861807893653,0.300618216168146,0.324,0.323,1,"Endothelial_general","ALDH9A1"
0.000121056610635037,0.29992733897478,0.391,0.386,1,"Endothelial_general","KDM5A"
0.000978574135832599,0.299913817641742,0.329,0.322,1,"Endothelial_general","URI1"
0.000304181802095105,0.299904255189108,0.389,0.387,1,"Endothelial_general","PRRC2B"
0.000826754882270541,0.299291155226629,0.385,0.378,1,"Endothelial_general","PBX1"
2.27963168339843e-224,0.29916982374138,0.998,0.997,5.58623744016785e-220,"Endothelial_general","RPS28"
2.7679685821862e-06,0.299103710031309,0.513,0.524,0.0678290701064729,"Endothelial_general","SKAP2"
2.31875373351308e-43,0.298498455954403,0.817,0.819,5.68210602397381e-39,"Endothelial_general","ST13"
0.00765698776122025,0.297181182615484,0.275,0.266,1,"Endothelial_general","OLFML2A"
1.99828860361772e-64,0.296835369833855,0.919,0.917,4.89680622316522e-60,"Endothelial_general","UQCRB"
0.000441458257121156,0.294988135961255,0.375,0.372,1,"Endothelial_general","MRPS34"
1.46173988704586e-35,0.294780040402146,0.794,0.766,3.58199359320587e-31,"Endothelial_general","MMRN2"
1.89670274795747e-78,0.294581904585233,0.838,0.736,4.64787008386977e-74,"Endothelial_general","A2M"
1.78754584004482e-12,0.2940065704791,0.569,0.569,4.38038108102983e-08,"Endothelial_general","SF3B2"
0.00475905914577112,0.293735055946788,0.319,0.315,1,"Endothelial_general","RBM22"
4.03251086838469e-44,0.292946159590589,0.713,0.645,9.88166788297668e-40,"Endothelial_general","GAS6"
3.74261962139458e-05,0.292158417560873,0.488,0.494,0.917128938222742,"Endothelial_general","PHIP"
7.16414720042075e-05,0.291923085327647,0.404,0.404,1,"Endothelial_general","PPCS"
0.000139892781214018,0.291796310119407,0.352,0.337,1,"Endothelial_general","FBN1"
1.34536104300986e-89,0.290760988819763,0.949,0.939,3.29680723589567e-85,"Endothelial_general","TOMM7"
0.000256946686552808,0.290706202156638,0.359,0.347,1,"Endothelial_general","FZD4"
1.33987722669174e-234,0.290284753391938,0.997,0.997,3.28336914400812e-230,"Endothelial_general","RPS14"
0.00198708759691094,0.289781494788337,0.427,0.438,1,"Endothelial_general","SORBS3"
1.43672246917335e-19,0.28935812298996,0.692,0.674,3.5206884107093e-15,"Endothelial_general","TGFBR3"
2.23323300002454e-08,0.289251671884535,0.467,0.456,0.000547253746656012,"Endothelial_general","DAB2"
1.33340855536794e-08,0.28921562447588,0.5,0.494,0.000326751766492913,"Endothelial_general","TAF1D"
5.58846786520944e-10,0.289176127713579,0.514,0.506,1.36945405036957e-05,"Endothelial_general","ACAP2"
0.00101627435489795,0.288817159284255,0.394,0.395,1,"Endothelial_general","KMT2C"
7.42034453923211e-06,0.288113514472894,0.376,0.355,0.181835542933883,"Endothelial_general","PLCXD3"
2.64212258958501e-07,0.287721264386327,0.521,0.528,0.00647452140577806,"Endothelial_general","OS9"
1.63657491523377e-14,0.287394052276067,0.525,0.501,4.01042682978034e-10,"Endothelial_general","MGLL"
3.20141318249381e-07,0.28725561908714,0.453,0.445,0.00784506300370108,"Endothelial_general","TAF15"
0.00642707911605012,0.287254265394422,0.343,0.345,1,"Endothelial_general","CNOT4"
2.46897935182822e-08,0.28712005367518,0.492,0.485,0.000605023390165505,"Endothelial_general","KPNB1"
1.7360879641171e-202,0.287107429071597,0.994,0.995,4.25428355606895e-198,"Endothelial_general","RPLP2"
3.29679301867753e-26,0.286765701438778,0.754,0.754,8.0787912922693e-22,"Endothelial_general","ELK3"
4.90169782007188e-08,0.286367669045303,0.547,0.544,0.00120116105080861,"Endothelial_general","LUC7L3"
0.00164519473773816,0.286119846922279,0.378,0.378,1,"Endothelial_general","SMARCA2"
5.55037434058197e-09,0.285207025311048,0.496,0.489,0.000136011923215961,"Endothelial_general","NCOR1"
9.35576593836465e-210,0.285113953836222,0.997,0.997,2.29263044319626e-205,"Endothelial_general","RPL35A"
5.95185846082412e-05,0.283788678302997,0.351,0.338,1,"Endothelial_general","SRPRA"
1.36714044638098e-07,0.283746731592695,0.569,0.575,0.00335017766385658,"Endothelial_general","CTSD"
2.87336157855069e-137,0.282945937761249,0.977,0.979,7.04117254823847e-133,"Endothelial_general","RPL27"
3.01374049763947e-09,0.282545913609418,0.505,0.497,7.38517108946553e-05,"Endothelial_general","FAM213A"
2.51218010381758e-170,0.28244606276172,0.993,0.992,6.15609734440497e-166,"Endothelial_general","RPL35"
0.00889150492036075,0.282445909169128,0.401,0.413,1,"Endothelial_general","LSM14A"
8.18008192397197e-05,0.282226097881368,0.368,0.359,1,"Endothelial_general","CHD6"
4.19923984956068e-27,0.281590041381958,0.773,0.758,1.02902372513485e-22,"Endothelial_general","NFIA"
1.7948922480211e-31,0.281421155870224,0.693,0.657,4.39838345377571e-27,"Endothelial_general","LIMCH1"
4.22839348389448e-22,0.281421067718872,0.71,0.711,1.03616782322834e-17,"Endothelial_general","CCDC50"
5.03303517883862e-05,0.281259645066651,0.376,0.368,1,"Endothelial_general","SETD2"
0.00905502055980849,0.280544644926304,0.316,0.311,1,"Endothelial_general","CMTM3"
2.22854326452625e-184,0.280483832858915,0.999,0.997,5.46104526972158e-180,"Endothelial_general","RPL41"
0.000247929420084645,0.279696127802628,0.295,0.279,1,"Endothelial_general","ITSN1"
2.53996475838218e-09,0.279545034461538,0.534,0.532,6.22418364041554e-05,"Endothelial_general","CPNE3"
1.81626276176994e-05,0.278966597252454,0.473,0.47,0.445075189771724,"Endothelial_general","TIE1"
3.37365781795879e-17,0.278535781403127,0.582,0.568,8.26714848290802e-13,"Endothelial_general","TLN1"
9.37595330392362e-05,0.278230556859523,0.376,0.368,1,"Endothelial_general","BACE2"
5.8942010800371e-12,0.278172180391934,0.646,0.653,1.44437397466309e-07,"Endothelial_general","C14orf2"
4.033389596828e-26,0.278037778333594,0.733,0.692,9.88382120702702e-22,"Endothelial_general","TIMP2"
0.00281453011096997,0.277348426992106,0.335,0.332,1,"Endothelial_general","ATF7IP"
0.00203516602051654,0.274207689936834,0.377,0.373,1,"Endothelial_general","CWF19L2"
1.29517981610013e-171,0.273595533901964,0.993,0.995,3.17383813935338e-167,"Endothelial_general","RPS9"
8.80266954772114e-08,0.273045421575304,0.531,0.539,0.00215709417266907,"Endothelial_general","TCEA1"
6.6640255589563e-11,0.272834753235143,0.604,0.611,1.63301946322224e-06,"Endothelial_general","IK"
0.00878614669344458,0.271166744832075,0.335,0.335,1,"Endothelial_general","EPN2"
0.000133456107307527,0.270964003221902,0.418,0.419,1,"Endothelial_general","IGBP1"
3.49182521114596e-09,0.270190771543092,0.597,0.611,8.55671767991317e-05,"Endothelial_general","PA2G4"
2.13267564047823e-08,0.27009948418915,0.575,0.588,0.000522612165699189,"Endothelial_general","RTF1"
0.000580370369624618,0.269031782181389,0.399,0.398,1,"Endothelial_general","CENPC"
3.62449411465244e-07,0.267343429001392,0.515,0.521,0.00888182282795579,"Endothelial_general","FBL"
0.00082862386811744,0.267219053824493,0.346,0.333,1,"Endothelial_general","BMX"
0.00307767006501459,0.267166840101419,0.253,0.242,1,"Endothelial_general","CCDC71L"
1.1053482162857e-184,0.267120114086525,0.998,0.986,2.70865580400812e-180,"Endothelial_general","MT-CO1"
1.19808099824179e-05,0.266924498316104,0.484,0.493,0.293589748619151,"Endothelial_general","PHF14"
1.35758265005484e-06,0.266899127008187,0.437,0.426,0.033267562839594,"Endothelial_general","KIAA1462"
3.02116513354259e-05,0.266728534165038,0.474,0.478,0.740336515974612,"Endothelial_general","CALM3"
4.43443567502071e-08,0.266467622737321,0.538,0.541,0.00108665846216382,"Endothelial_general","ADD1"
6.11040024046773e-30,0.266431263764341,0.81,0.803,1.49735357892662e-25,"Endothelial_general","CSDE1"
9.41255400681454e-11,0.266334987526687,0.608,0.606,2.3065463593699e-06,"Endothelial_general","FKBP8"
1.00164914934701e-07,0.264929686793927,0.543,0.545,0.00245454124047485,"Endothelial_general","RALBP1"
0.000151653650116242,0.264000417678439,0.354,0.34,1,"Endothelial_general","ALDH1A3"
2.94007596242335e-06,0.262846559299663,0.416,0.395,0.0720465614591841,"Endothelial_general","AR"
0.00546916591024566,0.261158389075698,0.361,0.359,1,"Endothelial_general","RSBN1L"
3.91410837575673e-143,0.259994775763623,0.991,0.992,9.59152257479186e-139,"Endothelial_general","RPL22"
2.1163127312693e-05,0.259410773290314,0.483,0.487,0.518602434797542,"Endothelial_general","VPS35"
6.3700755787911e-07,0.258790886284935,0.53,0.534,0.0156098702058276,"Endothelial_general","GPBP1"
2.30124136267808e-48,0.258134540689042,0.905,0.905,5.63919195924264e-44,"Endothelial_general","SPTBN1"
0.00911824004857622,0.257907663914273,0.373,0.373,1,"Endothelial_general","RBM26"
4.62180538160364e-05,0.256650621822134,0.527,0.544,1,"Endothelial_general","ASH1L"
0.00305304398751882,0.256586798114324,0.434,0.444,1,"Endothelial_general","BRD4"
1.78312831969145e-07,0.256064194555824,0.531,0.528,0.00436955594740391,"Endothelial_general","JAK1"
0.00318962498386196,0.256016752268793,0.328,0.325,1,"Endothelial_general","AKR1B1"
0.00082362241087996,0.255993845304162,0.276,0.26,1,"Endothelial_general","TCEA3"
0.000291742692316816,0.255694371719784,0.378,0.366,1,"Endothelial_general","GMFG"
1.34298851315379e-07,0.255682910284167,0.547,0.55,0.00329099335148336,"Endothelial_general","TNS2"
5.87488987533251e-05,0.255089951030967,0.454,0.461,1,"Endothelial_general","NFE2L1"
4.224007658127e-15,0.252944930767879,0.706,0.709,1.03509307662402e-10,"Endothelial_general","MPHOSPH8"
8.07041179188941e-14,0.252640312303231,0.663,0.652,1.9776544096025e-09,"Endothelial_general","KANK3"
0.000246771261268403,0.250007914544225,0.467,0.479,1,"Endothelial_general","ANP32A"
0,4.25653493767907,0.292,0.026,0,"ACKR4_endothelial","IL1RL1"
0,2.1433169383708,0.551,0.193,0,"ACKR4_endothelial","SERPINE1"
2.11672909220592e-251,1.81811519888937,0.342,0.097,5.1870446404506e-247,"ACKR4_endothelial","TRGC2"
0,1.75100023830813,0.774,0.375,0,"ACKR4_endothelial","EFEMP1"
1.0327688460093e-265,1.68407266114123,0.412,0.133,2.53080005714579e-261,"ACKR4_endothelial","GPRC5A"
0,1.65441288642341,0.919,0.367,0,"ACKR4_endothelial","HLA-DRB5"
0,1.64266684108278,0.998,0.94,0,"ACKR4_endothelial","LMNA"
0,1.64170994683654,0.984,0.815,0,"ACKR4_endothelial","MGP"
1.18285006020782e-233,1.6409474597215,0.403,0.14,2.89857407253925e-229,"ACKR4_endothelial","TNFRSF12A"
3.45760183413602e-124,1.62294765646076,0.257,0.096,8.47285329455032e-120,"ACKR4_endothelial","HMGA1"
0,1.60921218742493,0.967,0.732,0,"ACKR4_endothelial","PDLIM1"
3.61265055722049e-261,1.57729962378238,0.511,0.203,8.8528001904688e-257,"ACKR4_endothelial","PPL"
4.26287922169651e-175,1.56801681111345,0.298,0.097,1.04461855327673e-170,"ACKR4_endothelial","PDE4B"
1.69965933891356e-191,1.53000358632222,0.382,0.142,4.16501521000767e-187,"ACKR4_endothelial","HSPB8"
1.06957959034924e-281,1.52610590000254,0.577,0.247,2.6210047861508e-277,"ACKR4_endothelial","PDLIM4"
2.86713530506126e-272,1.40751562044925,0.57,0.239,7.02591506505261e-268,"ACKR4_endothelial","PITPNC1"
1.27547715830146e-76,1.39049993438133,0.278,0.139,3.12555677641774e-72,"ACKR4_endothelial","KRT18"
5.62627429929893e-230,1.38725986040351,0.637,0.341,1.3787185170432e-225,"ACKR4_endothelial","RFK"
3.74974314447451e-159,1.35236046984815,0.515,0.269,9.1887455755348e-155,"ACKR4_endothelial","FKBP11"
1.7543433850357e-312,1.34893993330975,0.791,0.444,4.29901846502998e-308,"ACKR4_endothelial","AKR1C2"
3.98464222593892e-178,1.30442086882887,0.47,0.212,9.76436577466332e-174,"ACKR4_endothelial","NFATC1"
0,1.26691823675243,0.999,0.977,0,"ACKR4_endothelial","S100A10"
0,1.23798098853126,0.997,0.93,0,"ACKR4_endothelial","TAGLN2"
2.36560896102402e-139,1.23354173139859,0.517,0.284,5.79692475898937e-135,"ACKR4_endothelial","FDX1"
5.36806846510146e-195,1.22192142157988,0.581,0.292,1.31544517737311e-190,"ACKR4_endothelial","DDR2"
3.41344505675961e-136,1.20798146176845,0.404,0.187,8.36464711158942e-132,"ACKR4_endothelial","ISG20"
8.41111907010053e-285,1.20371122581581,0.741,0.378,2.06114472812814e-280,"ACKR4_endothelial","SMOC1"
5.18995848037841e-80,1.1852520838441,0.255,0.117,1.27179932561673e-75,"ACKR4_endothelial","TACC2"
0,1.12895619242994,0.946,0.638,0,"ACKR4_endothelial","MYADM"
1.04407616776525e-105,1.12467281908881,0.253,0.098,2.55850864910874e-101,"ACKR4_endothelial","DOK5"
1.59511619858984e-236,1.11349091303442,0.639,0.306,3.90883224464439e-232,"ACKR4_endothelial","CDH13"
7.82561221454917e-72,1.10928479935716,0.27,0.133,1.91766627317527e-67,"ACKR4_endothelial","ELL2"
0,1.09540896988595,0.938,0.703,0,"ACKR4_endothelial","TSC22D3"
4.1109664795075e-113,1.09259487539241,0.363,0.171,1.00739233580331e-108,"ACKR4_endothelial","LINC00152"
1.1603574953124e-80,1.09104574493088,0.256,0.115,2.84345604226303e-76,"ACKR4_endothelial","CSF3"
0,1.07537525675791,0.999,0.975,0,"ACKR4_endothelial","CD9"
3.59064517245735e-210,1.06791327031734,0.734,0.451,8.79887599510673e-206,"ACKR4_endothelial","ARHGAP26"
1.78560426276436e-209,1.05099634653191,0.757,0.493,4.37562324590406e-205,"ACKR4_endothelial","GALNT1"
1.08235947730488e-122,1.04082877984613,0.379,0.172,2.6523218991356e-118,"ACKR4_endothelial","CTD-3252C9.4"
2.215336634627e-122,1.03981066486585,0.44,0.22,5.42868242315346e-118,"ACKR4_endothelial","ADRB2"
1.42232662630964e-157,1.01799631512919,0.563,0.304,3.48541139777176e-153,"ACKR4_endothelial","PLXNA2"
1.11795585913567e-171,1.00755822144485,0.675,0.386,2.73955083281197e-167,"ACKR4_endothelial","ACKR4"
1.70043421419296e-130,1.0040332177063,0.402,0.182,4.16691404187986e-126,"ACKR4_endothelial","C1QTNF1"
3.83124565815074e-267,1.00098815842684,0.922,0.789,9.38846748529838e-263,"ACKR4_endothelial","NDRG1"
2.99145838901368e-132,0.995613932665834,0.47,0.234,7.33056878227802e-128,"ACKR4_endothelial","ANGPTL2"
8.74236239555215e-108,0.985650589423687,0.534,0.329,2.14231590503005e-103,"ACKR4_endothelial","GLUD1"
2.84011129899141e-222,0.977730479300019,0.74,0.434,6.95969273817845e-218,"ACKR4_endothelial","PDLIM3"
9.61771269610322e-294,0.970337232363758,0.922,0.695,2.35682049618009e-289,"ACKR4_endothelial","TUBB4B"
6.17010114046319e-97,0.960942726909847,0.448,0.254,1.5119832844705e-92,"ACKR4_endothelial","JDP2"
0,0.959435001586712,0.97,0.668,0,"ACKR4_endothelial","APOLD1"
1.18289271003731e-98,0.953740565666351,0.378,0.19,2.89867858594644e-94,"ACKR4_endothelial","SNHG15"
0,0.95218416489246,0.983,0.857,0,"ACKR4_endothelial","ANXA1"
0,0.950051032376426,0.994,0.935,0,"ACKR4_endothelial","CD59"
3.99128396635477e-74,0.945413525443188,0.293,0.145,9.78064135955236e-70,"ACKR4_endothelial","ANKRD37"
3.38347398099778e-227,0.940589199865246,0.842,0.556,8.29120299043506e-223,"ACKR4_endothelial","STC1"
2.21842024085595e-105,0.933750438252998,0.509,0.3,5.4362388002175e-101,"ACKR4_endothelial","CAMK2D"
3.90185478232825e-96,0.924200733650683,0.437,0.241,9.56149514409538e-92,"ACKR4_endothelial","PFKP"
1.06195377323745e-73,0.91902028425044,0.291,0.143,2.60231772131837e-69,"ACKR4_endothelial","PRR5"
1.07359860716406e-90,0.912202804740192,0.381,0.198,2.63085338685553e-86,"ACKR4_endothelial","PGM2L1"
4.14984980103911e-260,0.910570456705463,0.906,0.693,1.01692069374463e-255,"ACKR4_endothelial","PERP"
1.95124251065817e-127,0.904307290576154,0.554,0.314,4.78151977236784e-123,"ACKR4_endothelial","COTL1"
2.69383715353449e-148,0.901044174168873,0.677,0.43,6.60124794473627e-144,"ACKR4_endothelial","TMBIM1"
7.64001083107538e-116,0.897333827674395,0.506,0.281,1.87218465415502e-111,"ACKR4_endothelial","CREM"
0,0.897265674029267,0.976,0.766,0,"ACKR4_endothelial","MCL1"
5.83058400368025e-124,0.896154489086777,0.587,0.351,1.42878461010185e-119,"ACKR4_endothelial","CELF2"
9.46403950613921e-252,0.891967942608344,0.824,0.479,2.31916288097941e-247,"ACKR4_endothelial","NR4A2"
0,0.89074475556155,0.996,0.839,0,"ACKR4_endothelial","EMP1"
2.25310693405099e-127,0.883629318774108,0.588,0.341,5.52123854189194e-123,"ACKR4_endothelial","SYNM"
2.17019811394844e-310,0.882129814099711,0.981,0.891,5.31807047823065e-306,"ACKR4_endothelial","TSC22D1"
1.14499443758052e-214,0.879543785545386,0.866,0.632,2.80580886929106e-210,"ACKR4_endothelial","CLEC3B"
4.19641214021594e-150,0.87776685170464,0.425,0.185,1.02833079495992e-145,"ACKR4_endothelial","PLAUR"
7.35841488980734e-60,0.871703880506658,0.26,0.132,1.80317956874729e-55,"ACKR4_endothelial","RARA-AS1"
0,0.859130480863116,0.998,0.924,0,"ACKR4_endothelial","DUSP1"
5.32293401749647e-91,0.857201865210786,0.41,0.22,1.30438498098751e-86,"ACKR4_endothelial","IL4R"
1.04179595928135e-92,0.850110570813419,0.465,0.266,2.55292099821896e-88,"ACKR4_endothelial","TUBA1C"
0,0.849930194571133,0.98,0.857,0,"ACKR4_endothelial","CRIP2"
7.64940432584718e-86,0.848555050756765,0.469,0.276,1.87448653004885e-81,"ACKR4_endothelial","ACKR3"
5.60084965557015e-108,0.846139742966748,0.518,0.299,1.37248820809747e-103,"ACKR4_endothelial","GABARAP"
3.10562251949682e-150,0.845033253036193,0.708,0.45,7.61032798402696e-146,"ACKR4_endothelial","CDA"
1.21534803507712e-89,0.843459381262379,0.369,0.187,2.97821035995648e-85,"ACKR4_endothelial","INHBB"
1.31176728319728e-65,0.842951910201215,0.321,0.173,3.21448572747494e-61,"ACKR4_endothelial","LRIG1"
5.60217475509102e-112,0.841688553975187,0.528,0.299,1.37281292373505e-107,"ACKR4_endothelial","CREB5"
2.0013747413541e-103,0.840309579151205,0.535,0.319,4.90436880368821e-99,"ACKR4_endothelial","EFHD2"
5.64317757282261e-97,0.835298765024242,0.473,0.269,1.38286066422018e-92,"ACKR4_endothelial","ABHD2"
5.89259205696353e-136,0.834707136582744,0.724,0.499,1.44397968355891e-131,"ACKR4_endothelial","ATP2B1"
1.20142903903174e-120,0.826117156535823,0.611,0.379,2.94410186014727e-116,"ACKR4_endothelial","ESYT2"
2.05016148163433e-54,0.826091125461254,0.278,0.152,5.02392071074492e-50,"ACKR4_endothelial","SHC2"
2.64787587143834e-61,0.824280231738266,0.314,0.171,6.48861982295965e-57,"ACKR4_endothelial","SLC39A14"
1.36416378799524e-108,0.812406912446144,0.6,0.377,3.34288336248235e-104,"ACKR4_endothelial","DPYSL3"
9.05699118352313e-48,0.811608484538189,0.275,0.157,2.21941568952234e-43,"ACKR4_endothelial","GMNN"
2.9828460989251e-144,0.811333987841579,0.7,0.443,7.30946436541595e-140,"ACKR4_endothelial","NFATC2"
5.72679558541618e-74,0.808401082990906,0.381,0.214,1.40335125820623e-69,"ACKR4_endothelial","SMIM12"
1.25691095613378e-142,0.801873679999636,0.844,0.669,3.08006029800582e-138,"ACKR4_endothelial","DUSP6"
3.7504788869236e-128,0.800334246841795,0.796,0.589,9.19054851240628e-124,"ACKR4_endothelial","SERPINB1"
3.81539435702337e-193,0.798737425214115,0.954,0.837,9.34962387188576e-189,"ACKR4_endothelial","SH3BGRL3"
0,0.798119462917432,0.993,0.939,0,"ACKR4_endothelial","RPS10"
4.41661552676448e-67,0.797733859534361,0.353,0.197,1.08229163483364e-62,"ACKR4_endothelial","KIFC3"
1.06990191218123e-114,0.797688341082692,0.591,0.348,2.6217946358001e-110,"ACKR4_endothelial","GGT5"
1.05829668810219e-219,0.79501000961125,0.919,0.711,2.59335603419443e-215,"ACKR4_endothelial","HLA-DPA1"
2.78275394348577e-43,0.781410484964082,0.258,0.149,6.81913853851188e-39,"ACKR4_endothelial","SMAD3"
1.92022726322773e-95,0.779911245198245,0.527,0.311,4.70551690853956e-91,"ACKR4_endothelial","HES4"
1.79859175342959e-154,0.776258247476092,0.827,0.616,4.4074490917792e-150,"ACKR4_endothelial","ATP1A1"
1.27772818353372e-127,0.775012684707001,0.444,0.207,3.13107291374939e-123,"ACKR4_endothelial","NFKBID"
2.01124144287974e-59,0.771316571406248,0.335,0.192,4.9285471557768e-55,"ACKR4_endothelial","BLVRA"
1.0554185420962e-176,0.764024691509827,0.879,0.67,2.58630313740674e-172,"ACKR4_endothelial","PMP22"
9.13531085856376e-262,0.760548128503019,0.949,0.781,2.23860792589105e-257,"ACKR4_endothelial","LDHA"
1.13916709085878e-144,0.760183265074965,0.84,0.655,2.79152895614943e-140,"ACKR4_endothelial","PLEC"
9.67112838058207e-125,0.757457035826084,0.686,0.438,2.36991000966164e-120,"ACKR4_endothelial","TBX1"
8.67096296983398e-55,0.757001946727527,0.302,0.169,2.12481947575782e-50,"ACKR4_endothelial","CA5B"
1.56976107001677e-118,0.751711636098417,0.758,0.55,3.84669950207609e-114,"ACKR4_endothelial","GSTO1"
3.78189993938208e-67,0.750978412608771,0.34,0.183,9.26754580145579e-63,"ACKR4_endothelial","TNFAIP8L3"
3.9077645601708e-162,0.732240283724278,0.893,0.729,9.57597705469855e-158,"ACKR4_endothelial","WWTR1"
1.60367880667524e-80,0.731838764099529,0.479,0.288,3.92981491575767e-76,"ACKR4_endothelial","ELOVL1"
7.16962307780549e-54,0.729751071332268,0.339,0.2,1.75691613521623e-49,"ACKR4_endothelial","GRK5"
6.79462850487354e-184,0.728353231064669,0.882,0.665,1.66502371511926e-179,"ACKR4_endothelial","RPL17"
1.07638248407672e-83,0.726465338049184,0.603,0.409,2.63767527723001e-79,"ACKR4_endothelial","EPS8"
3.02658374230253e-74,0.723943042802579,0.435,0.257,7.41664346051234e-70,"ACKR4_endothelial","POR"
3.42590852890372e-120,0.723059633436862,0.681,0.438,8.39518885007856e-116,"ACKR4_endothelial","LITAF"
4.09928162512123e-170,0.722584215244207,0.84,0.537,1.00452896223596e-165,"ACKR4_endothelial","CSRNP1"
5.41807153893404e-157,0.720508960838906,0.867,0.7,1.32769843061579e-152,"ACKR4_endothelial","GPX1"
2.62684139654052e-267,0.719948478047254,0.995,0.87,6.43707484222255e-263,"ACKR4_endothelial","ZFP36"
1.15725184147989e-258,0.717982221428952,0.971,0.851,2.83584563754646e-254,"ACKR4_endothelial","FXYD5"
3.02896301860282e-72,0.71761347920609,0.406,0.233,7.42247387708621e-68,"ACKR4_endothelial","ORMDL2"
9.95406625632752e-72,0.71106942142994,0.402,0.227,2.43924393611306e-67,"ACKR4_endothelial","ABI3"
4.95019153048703e-176,0.710142036684818,0.862,0.571,1.21304443454585e-171,"ACKR4_endothelial","DKK3"
2.48991649195393e-252,0.705039528935728,0.963,0.853,6.10154036353312e-248,"ACKR4_endothelial","CLIC1"
7.8244543351622e-124,0.702755850444678,0.753,0.542,1.9173825348315e-119,"ACKR4_endothelial","ARHGDIB"
4.43205320237665e-112,0.700319706039163,0.719,0.492,1.0860746372424e-107,"ACKR4_endothelial","TNXB"
8.09578725245469e-60,0.695531289929731,0.325,0.178,1.98387266621402e-55,"ACKR4_endothelial","HAPLN3"
2.42749021268549e-87,0.695103923455085,0.596,0.384,5.94856476618578e-83,"ACKR4_endothelial","C17orf58"
3.14388740778821e-86,0.692800044330496,0.523,0.313,7.70409609278501e-82,"ACKR4_endothelial","TMOD1"
1.14836395641268e-119,0.69025317513812,0.731,0.504,2.81406587518927e-115,"ACKR4_endothelial","ENDOD1"
4.80772869581008e-83,0.689698148906507,0.547,0.344,1.17813391690826e-78,"ACKR4_endothelial","BACE2"
1.51580807928538e-132,0.687303313292064,0.755,0.504,3.71448769828881e-128,"ACKR4_endothelial","SYNPO"
7.35085900478711e-54,0.686993740731152,0.31,0.174,1.80132799912308e-49,"ACKR4_endothelial","P3H2"
2.03118105284079e-89,0.686890379465488,0.473,0.262,4.97740916998635e-85,"ACKR4_endothelial","CHST1"
2.67789582073141e-82,0.685188649414308,0.631,0.434,6.56218370870233e-78,"ACKR4_endothelial","PLP2"
5.67091522637231e-68,0.681726092149049,0.497,0.321,1.38965777622254e-63,"ACKR4_endothelial","ALDH1A3"
8.82472187923714e-43,0.673226785273246,0.294,0.177,2.16249809650706e-38,"ACKR4_endothelial","CHPT1"
5.23504519037816e-67,0.669815834640734,0.44,0.265,1.28284782390217e-62,"ACKR4_endothelial","GRB10"
7.92236025768371e-94,0.668603783406824,0.607,0.389,1.94137438114539e-89,"ACKR4_endothelial","PACSIN2"
1.81979127229543e-93,0.667108239828219,0.704,0.514,4.45939851275994e-89,"ACKR4_endothelial","NDUFV2"
5.26956268482537e-157,0.66655883596287,0.944,0.81,1.29130633591646e-152,"ACKR4_endothelial","SRSF7"
3.69333910478946e-113,0.666078362638319,0.775,0.548,9.05052747628657e-109,"ACKR4_endothelial","PRSS23"
3.91879571604712e-55,0.661517827895885,0.345,0.202,9.60300890217347e-51,"ACKR4_endothelial","LYPLA2"
1.64805324117661e-78,0.659557000898014,0.513,0.315,4.03855446750329e-74,"ACKR4_endothelial","BAIAP2"
2.38870064179023e-67,0.659446413410972,0.456,0.28,5.85351092270695e-63,"ACKR4_endothelial","PLK3"
6.99572214975556e-166,0.658797561791401,0.924,0.796,1.7143017127976e-161,"ACKR4_endothelial","CAV2"
2.55381110918507e-73,0.658639322976164,0.436,0.254,6.25811412305802e-69,"ACKR4_endothelial","INMT"
1.09390203271667e-72,0.657057843450477,0.526,0.338,2.6806069311722e-68,"ACKR4_endothelial","FAM107B"
3.75622486671238e-89,0.654611259985036,0.568,0.353,9.2046290358787e-85,"ACKR4_endothelial","PER1"
2.93756140370374e-117,0.654575526848598,0.788,0.589,7.19849421977602e-113,"ACKR4_endothelial","EIF4A1"
1.56440570173859e-45,0.654512358080033,0.344,0.216,3.83357617211042e-41,"ACKR4_endothelial","NME1"
6.55719084020855e-97,0.653424168677449,0.718,0.508,1.60683961539311e-92,"ACKR4_endothelial","ATP1B3"
2.95069339778543e-85,0.650392835800513,0.658,0.461,7.2306741712732e-81,"ACKR4_endothelial","CDC42EP5"
3.01019877383477e-88,0.648848655476642,0.62,0.409,7.37649209528209e-84,"ACKR4_endothelial","TUBB6"
2.53377027028982e-80,0.644965017258278,0.717,0.539,6.2090040473452e-76,"ACKR4_endothelial","UGP2"
1.70236952638973e-57,0.644761115812427,0.43,0.27,4.17165652441804e-53,"ACKR4_endothelial","TWF2"
1.9376521442172e-71,0.641805711018986,0.516,0.33,4.74821657940425e-67,"ACKR4_endothelial","MPZL2"
3.22225868693353e-95,0.636392157006864,0.715,0.507,7.89614491233061e-91,"ACKR4_endothelial","NBL1"
0,0.63550319713992,0.999,0.972,0,"ACKR4_endothelial","GAPDH"
6.90355594152689e-300,0.633732977964559,0.994,0.949,1.69171638347116e-295,"ACKR4_endothelial","YBX3"
1.99117770471646e-246,0.631154955408554,0.991,0.927,4.87938096540767e-242,"ACKR4_endothelial","TM4SF1"
9.75987901071266e-69,0.628401406215618,0.439,0.262,2.39165835157514e-64,"ACKR4_endothelial","STAB1"
1.84846648209354e-214,0.626063281164272,0.974,0.882,4.52966711437021e-210,"ACKR4_endothelial","DYNLL1"
1.15330290621669e-203,0.625607137570411,0.963,0.842,2.826168771684e-199,"ACKR4_endothelial","ECSCR.1"
2.11653534779582e-26,0.621854389438891,0.252,0.165,5.18656986977366e-22,"ACKR4_endothelial","ZNF331"
3.07567480725062e-44,0.619667219425566,0.341,0.211,7.53694111516764e-40,"ACKR4_endothelial","RPGR"
5.34208595254379e-93,0.61804957198543,0.699,0.492,1.30907816267086e-88,"ACKR4_endothelial","ATP2B4"
2.04475374030503e-66,0.616498750132162,0.48,0.298,5.01066904061747e-62,"ACKR4_endothelial","SORBS1"
3.89893011895119e-66,0.613962413746588,0.518,0.342,9.5543282564899e-62,"ACKR4_endothelial","AK2"
2.20458097436649e-43,0.612343907356872,0.251,0.139,5.40232567768509e-39,"ACKR4_endothelial","RPH3AL"
6.49055660378275e-68,0.611442254891297,0.586,0.41,1.59051089575696e-63,"ACKR4_endothelial","PKIG"
1.26576979035426e-47,0.609828678708377,0.367,0.229,3.10176887126312e-43,"ACKR4_endothelial","KIF9"
3.83873285778172e-150,0.606719422807457,0.986,0.902,9.40681486799411e-146,"ACKR4_endothelial","JUNB"
1.96460121013438e-51,0.603572464065183,0.385,0.237,4.81425526543429e-47,"ACKR4_endothelial","ITPRIP"
7.26178244494503e-280,0.599801291665222,0.996,0.975,1.77949978813378e-275,"ACKR4_endothelial","ANXA2"
5.33133745093051e-49,0.598092893190973,0.461,0.311,1.30644424235052e-44,"ACKR4_endothelial","ANKRD28"
6.51079063107766e-121,0.598081169214099,0.857,0.698,1.59546924414558e-116,"ACKR4_endothelial","SNU13"
1.54202615773148e-99,0.598005734867727,0.765,0.56,3.77873509952098e-95,"ACKR4_endothelial","TMBIM4"
1.85003203253603e-40,0.596863237686897,0.303,0.186,4.53350349572954e-36,"ACKR4_endothelial","IFRD2"
6.26117665333763e-60,0.594250646767477,0.477,0.306,1.53430133890039e-55,"ACKR4_endothelial","ARID5A"
3.34994833590638e-42,0.591989131491835,0.364,0.234,8.20904839713859e-38,"ACKR4_endothelial","RHBDD2"
1.96209545684021e-41,0.590625258276497,0.287,0.17,4.80811491698694e-37,"ACKR4_endothelial","DNTTIP1"
2.867145108159e-56,0.585680073319418,0.414,0.253,7.02593908754363e-52,"ACKR4_endothelial","PLEKHO2"
1.35311479695456e-57,0.585293686104562,0.449,0.284,3.31580780993715e-53,"ACKR4_endothelial","TIMM10"
1.39004088636621e-52,0.584425188999169,0.344,0.204,3.40629519204041e-48,"ACKR4_endothelial","CRIP1"
1.84994005185808e-31,0.583290924999428,0.253,0.156,4.53327809707822e-27,"ACKR4_endothelial","NIP7"
3.45371957266731e-82,0.582989526264604,0.709,0.518,8.46333981282124e-78,"ACKR4_endothelial","PLSCR1"
8.38413290723078e-40,0.581095053896449,0.322,0.202,2.0545317689169e-35,"ACKR4_endothelial","IL15RA"
8.08429919324779e-38,0.579040884768739,0.322,0.205,1.98105751730537e-33,"ACKR4_endothelial","SLC35B1"
2.5998317987164e-77,0.577885345386288,0.607,0.406,6.37088782275454e-73,"ACKR4_endothelial","PEF1"
6.23415346384256e-42,0.575438055257888,0.672,0.541,1.52767930631462e-37,"ACKR4_endothelial","SOD2"
1.06966170836423e-88,0.571903103848039,0.777,0.59,2.62120601634653e-84,"ACKR4_endothelial","ENO1"
1.21661370845917e-43,0.568059108437303,0.357,0.225,2.98131189257919e-39,"ACKR4_endothelial","ZNF593"
1.08211552668619e-48,0.566013847667574,0.388,0.243,2.6517240981445e-44,"ACKR4_endothelial","CDC42EP2"
5.46593283454306e-41,0.565808207303002,0.288,0.171,1.33942684110478e-36,"ACKR4_endothelial","HPRT1"
1.24677400353657e-47,0.56382917485088,0.419,0.27,3.05521969566637e-43,"ACKR4_endothelial","F2R"
9.21217857157535e-47,0.561885135040571,0.425,0.281,2.25744435896454e-42,"ACKR4_endothelial","B4GALT5"
1.64361951966514e-47,0.560307293933928,0.511,0.362,4.02768963293941e-43,"ACKR4_endothelial","ARFGAP3"
3.37299758329599e-48,0.559493546627569,0.456,0.307,8.26553057786682e-44,"ACKR4_endothelial","IFT57"
5.26611573832955e-75,0.559291022686655,0.652,0.448,1.29046166167766e-70,"ACKR4_endothelial","ITGA5"
1.837135482592e-30,0.553569890536094,0.272,0.173,4.5019005000917e-26,"ACKR4_endothelial","MAD2L2"
6.41711974400195e-46,0.551308150306235,0.411,0.267,1.57251519326768e-41,"ACKR4_endothelial","CCNH"
1.98064985538201e-64,0.550175513263975,0.481,0.3,4.85358247061362e-60,"ACKR4_endothelial","MEDAG"
2.76262247295229e-258,0.546196797811817,1,0.995,6.76980636996959e-254,"ACKR4_endothelial","CLU"
1.04783394374206e-153,0.545478316767481,0.953,0.839,2.56771707913992e-149,"ACKR4_endothelial","FKBP1A"
3.97851243385719e-43,0.545428922300428,0.323,0.197,9.74934471916704e-39,"ACKR4_endothelial","PHYKPL"
1.89102962485164e-47,0.544967932556281,0.437,0.284,4.63396809569895e-43,"ACKR4_endothelial","INO80C"
2.87648882477439e-55,0.544687490420162,0.485,0.32,7.04883586510964e-51,"ACKR4_endothelial","HSF1"
8.54960120206879e-43,0.541969079207409,0.375,0.24,2.09507977456696e-38,"ACKR4_endothelial","GLRX3"
2.67205206033133e-39,0.539982364654435,0.328,0.206,6.54786357384193e-35,"ACKR4_endothelial","PPP1R12C"
4.3999398367081e-40,0.53843341753278,0.336,0.211,1.07820525698532e-35,"ACKR4_endothelial","TOMM40"
6.67780440706321e-183,0.537809937948154,1,0.988,1.63639596995084e-178,"ACKR4_endothelial","S100A6"
8.92795045438339e-34,0.537328332719514,0.457,0.333,2.18779425884665e-29,"ACKR4_endothelial","HBEGF"
5.60061124800405e-44,0.536004000645003,0.414,0.271,1.37242978632339e-39,"ACKR4_endothelial","RASSF9"
4.43997808336407e-242,0.533352181460687,0.987,0.95,1.08801662932836e-237,"ACKR4_endothelial","RPL4"
1.51624388733158e-33,0.531868861224075,0.285,0.178,3.71555564590604e-29,"ACKR4_endothelial","PAK1IP1"
9.0728251257558e-48,0.531754478273864,0.406,0.26,2.22329579706646e-43,"ACKR4_endothelial","H2AFX"
9.8527190408762e-38,0.531719590656418,0.307,0.191,2.41440880096671e-33,"ACKR4_endothelial","EEF1E1"
6.84028369752603e-49,0.531434572222748,0.451,0.297,1.67621152007875e-44,"ACKR4_endothelial","ZSCAN18"
2.86050575664789e-57,0.530922465046437,0.529,0.356,7.00966935666564e-53,"ACKR4_endothelial","C21orf59"
2.74215392565879e-157,0.529953248116866,0.957,0.838,6.71964819482688e-153,"ACKR4_endothelial","RHOC"
2.26796818194736e-105,0.529906440888284,0.859,0.692,5.557656029862e-101,"ACKR4_endothelial","CYSTM1"
9.26097057648991e-163,0.528567973638415,0.884,0.578,2.26940083976885e-158,"ACKR4_endothelial","NR4A1"
6.33259533172443e-30,0.527779062521914,0.258,0.162,1.55180248603907e-25,"ACKR4_endothelial","SFXN3"
1.3440324408614e-32,0.527053867675113,0.278,0.173,3.29355149633085e-28,"ACKR4_endothelial","TPRA1"
1.42277450948887e-38,0.526460835637329,0.395,0.266,3.48650893550248e-34,"ACKR4_endothelial","ERCC1"
3.33970637392435e-33,0.524980799769061,0.395,0.275,8.18395046930161e-29,"ACKR4_endothelial","RORA"
2.00415642635041e-45,0.524590070323326,0.395,0.251,4.91118532277169e-41,"ACKR4_endothelial","TPBG"
1.20425812589827e-77,0.523201064977045,0.77,0.587,2.95103453751371e-73,"ACKR4_endothelial","PPP1CB"
5.25689914738248e-48,0.521366176964766,0.43,0.281,1.28820313606608e-43,"ACKR4_endothelial","MARCH2"
2.70392481568274e-88,0.519217949595292,0.827,0.65,6.62596776083054e-84,"ACKR4_endothelial","GRASP"
1.21049152261363e-58,0.518517890853849,0.648,0.473,2.9663094761647e-54,"ACKR4_endothelial","PDLIM5"
4.81937477873411e-58,0.517642318157557,0.623,0.453,1.18098778952879e-53,"ACKR4_endothelial","FAM89B"
2.21578654354752e-42,0.51255561545751,0.353,0.222,5.42978492496319e-38,"ACKR4_endothelial","TMEM120A"
1.17639582767862e-58,0.509888566990378,0.499,0.322,2.88275797572645e-54,"ACKR4_endothelial","KDM6B"
2.37834685756434e-26,0.509522042501874,0.269,0.177,5.82813897446142e-22,"ACKR4_endothelial","TNFRSF10B"
2.82762586822069e-32,0.509288882104666,0.326,0.216,6.9290971900748e-28,"ACKR4_endothelial","PTP4A3"
7.62983022830183e-45,0.508043712264723,0.441,0.298,1.86968989744536e-40,"ACKR4_endothelial","SDHA"
3.63077443241346e-29,0.505398825266761,0.254,0.16,8.89721274662918e-25,"ACKR4_endothelial","SLC43A3"
7.14072391162823e-35,0.504601736889911,0.291,0.18,1.7498343945445e-30,"ACKR4_endothelial","TMUB1"
3.39176388631667e-80,0.504592807408244,0.789,0.606,8.31151740341901e-76,"ACKR4_endothelial","TNFRSF1A"
8.60656134394061e-51,0.503979359652877,0.528,0.365,2.10903785733265e-46,"ACKR4_endothelial","IKBIP"
1.03865273935944e-140,0.503346359529767,0.952,0.851,2.5452185378003e-136,"ACKR4_endothelial","CYB5R3"
3.01666463837023e-34,0.502833362220463,0.297,0.187,7.39233669632625e-30,"ACKR4_endothelial","ACOT9"
3.02812964834237e-24,0.502507035010721,0.257,0.17,7.42043170326299e-20,"ACKR4_endothelial","DIMT1"
3.3910332364816e-20,0.50061557223784,0.315,0.23,8.30972694599816e-16,"ACKR4_endothelial","EVL"
1.86591160052439e-51,0.500422464376507,0.572,0.414,4.57241637708501e-47,"ACKR4_endothelial","PSMA2"
6.64662213273292e-160,0.497800594300001,0.992,0.933,1.6287547536262e-155,"ACKR4_endothelial","TIMP1"
9.57370518082943e-33,0.49609475369109,0.315,0.206,2.34603645456225e-28,"ACKR4_endothelial","VCAM1"
9.30984111083931e-49,0.493739104061905,0.467,0.314,2.28137656421117e-44,"ACKR4_endothelial","AGPAT2"
4.20995137299909e-28,0.490307638873046,0.258,0.164,1.03164858395343e-23,"ACKR4_endothelial","ACD"
2.29651083199336e-109,0.48918716546752,0.915,0.778,5.62759979379972e-105,"ACKR4_endothelial","HYAL2"
3.40465240621416e-32,0.48844217653491,0.32,0.21,8.34310072142781e-28,"ACKR4_endothelial","RRP7A"
1.24611604985577e-48,0.488439397601306,0.444,0.289,3.05360738017156e-44,"ACKR4_endothelial","GPATCH2"
1.54983014372116e-54,0.486859061848305,0.607,0.438,3.7978587671887e-50,"ACKR4_endothelial","TAF10"
1.3426675262616e-36,0.485468073227741,0.258,0.152,3.29020677310404e-32,"ACKR4_endothelial","TUBB2A"
1.45496346853737e-39,0.484607380997853,0.446,0.31,3.56538797965082e-35,"ACKR4_endothelial","ST3GAL1"
1.5425918113043e-36,0.483364741503268,0.408,0.279,3.78012123360119e-32,"ACKR4_endothelial","TPGS1"
6.37403749072571e-34,0.483293748094006,0.409,0.285,1.56195788710234e-29,"ACKR4_endothelial","PNPLA8"
1.12688257863793e-36,0.482514542560034,0.424,0.294,2.76142575895225e-32,"ACKR4_endothelial","PTOV1"
3.55412931083782e-79,0.482481377868435,0.593,0.379,8.70939387620807e-75,"ACKR4_endothelial","DUSP5"
3.53744172137432e-39,0.480939997920551,0.354,0.225,8.66850093822776e-35,"ACKR4_endothelial","IFT43"
1.40038669225044e-32,0.478654670046192,0.337,0.222,3.4316475893597e-28,"ACKR4_endothelial","PLPP5"
7.73313200825864e-35,0.478311059592198,0.327,0.211,1.89500399862378e-30,"ACKR4_endothelial","MRPL12"
2.56228703411882e-64,0.47620114957546,0.896,0.783,6.27888437710816e-60,"ACKR4_endothelial","SAT1"
3.95561021013743e-46,0.475356963913085,0.495,0.34,9.69322281994178e-42,"ACKR4_endothelial","ADGRG1"
5.34635912483242e-63,0.474271837696378,0.676,0.483,1.31012530354019e-58,"ACKR4_endothelial","LAMA4"
8.90627478126323e-29,0.474042977383953,0.335,0.227,2.18248263514856e-24,"ACKR4_endothelial","MRPL24"
6.68555199060021e-110,0.473592993778244,0.924,0.781,1.63829451529658e-105,"ACKR4_endothelial","ARPC1B"
1.31346992061154e-77,0.471093091159577,0.828,0.673,3.21865804045858e-73,"ACKR4_endothelial","BZW1"
1.04692491966545e-49,0.470001131246405,0.631,0.466,2.56548951564019e-45,"ACKR4_endothelial","MZT2A"
5.79943811492247e-34,0.467774340157315,0.347,0.228,1.42115231006175e-29,"ACKR4_endothelial","DPH3"
7.45832882372158e-63,0.466826852923524,0.697,0.524,1.82766347825297e-58,"ACKR4_endothelial","NHP2"
9.97023087364373e-41,0.464728920957988,0.463,0.32,2.4432050755864e-36,"ACKR4_endothelial","SRM"
5.04614408096403e-22,0.463596271347742,0.252,0.17,1.23655760704024e-17,"ACKR4_endothelial","LTV1"
1.19459306045067e-34,0.462841258243266,0.298,0.184,2.92735029463437e-30,"ACKR4_endothelial","FAM167B"
2.8587376930095e-122,0.462698175211226,0.996,0.985,7.00533671671979e-118,"ACKR4_endothelial","CAV1"
8.61403305405943e-30,0.46236279659072,0.319,0.211,2.11086879989726e-25,"ACKR4_endothelial","TYMP"
5.86507373728829e-34,0.461575117928732,0.412,0.286,1.4372363193225e-29,"ACKR4_endothelial","EBNA1BP2"
4.24903301679582e-39,0.461361566101168,0.435,0.3,1.04122554076581e-34,"ACKR4_endothelial","HSD17B10"
3.92152361450254e-42,0.460687092609706,0.598,0.45,9.60969361733847e-38,"ACKR4_endothelial","C6orf62"
3.56708088097398e-131,0.460476636159143,0.972,0.891,8.74113169882673e-127,"ACKR4_endothelial","TUBA1B"
1.1928209254678e-31,0.457647579721009,0.353,0.237,2.92300767785885e-27,"ACKR4_endothelial","RNF126"
3.81945144146401e-40,0.457384652883504,0.501,0.361,9.35956575730756e-36,"ACKR4_endothelial","DYNLT3"
9.28032863201356e-34,0.457160284555353,0.33,0.215,2.27414453127492e-29,"ACKR4_endothelial","MRPL50"
3.23900033045027e-33,0.457145150611816,0.423,0.294,7.9371703097684e-29,"ACKR4_endothelial","ITPR1"
6.4413731679479e-44,0.456147022170966,0.461,0.311,1.57845849480563e-39,"ACKR4_endothelial","LAMA5"
2.91073550584382e-73,0.455159536810654,0.816,0.648,7.13275735707028e-69,"ACKR4_endothelial","RAN"
4.90783649143411e-30,0.455152044910715,0.332,0.224,1.20266533222593e-25,"ACKR4_endothelial","DHRS4L2"
8.30871357337438e-59,0.454856282541413,0.709,0.542,2.03605026115539e-54,"ACKR4_endothelial","ANXA11"
9.18265993133984e-45,0.453031649167295,0.37,0.225,2.25021081617483e-40,"ACKR4_endothelial","SPNS2"
7.57844308447322e-36,0.451625699845509,0.34,0.218,1.85709747785016e-31,"ACKR4_endothelial","SEMA6B"
9.4772140258907e-98,0.451095935577039,0.716,0.498,2.32239129704452e-93,"ACKR4_endothelial","PLPP1"
1.60929852115594e-227,0.451078892903643,1,0.99,3.94358602609263e-223,"ACKR4_endothelial","ADIRF"
2.90552551249754e-43,0.450704101278651,0.462,0.313,7.11999026837522e-39,"ACKR4_endothelial","ZYX"
1.66786075573922e-24,0.44623038341394,0.269,0.18,4.08709278193896e-20,"ACKR4_endothelial","TCTN3"
4.80905756855688e-26,0.445084493216137,0.356,0.253,1.17845955717486e-21,"ACKR4_endothelial","SPG21"
2.03424816552089e-29,0.443722017847757,0.358,0.245,4.98492512960895e-25,"ACKR4_endothelial","DEAF1"
1.69344004570953e-30,0.44350629057969,0.32,0.211,4.14977483201119e-26,"ACKR4_endothelial","GPATCH4"
4.60011346384182e-132,0.443351824419374,0.982,0.906,1.12725780431444e-127,"ACKR4_endothelial","CLEC14A"
6.24767582754551e-47,0.443209776589315,0.584,0.422,1.53099296154003e-42,"ACKR4_endothelial","SLC25A37"
5.95364321503293e-28,0.441445715180979,0.306,0.206,1.45894026984382e-23,"ACKR4_endothelial","DUS1L"
4.99536027343738e-57,0.440643665918868,0.623,0.438,1.22411303500583e-52,"ACKR4_endothelial","SCARA3"
9.18340930630665e-28,0.439609160646038,0.29,0.191,2.25039445051044e-23,"ACKR4_endothelial","MRPL37"
8.1165592825773e-26,0.439396730169524,0.323,0.222,1.98896285219557e-21,"ACKR4_endothelial","DCXR"
4.30589841025156e-51,0.438745301667423,0.723,0.57,1.05516040543215e-46,"ACKR4_endothelial","CAPN2"
2.06365229138498e-33,0.438706251176723,0.434,0.304,5.0569799400389e-29,"ACKR4_endothelial","PIK3R3"
4.2120860070929e-32,0.438242932168874,0.357,0.24,1.03217167603812e-27,"ACKR4_endothelial","ARFRP1"
2.0645302180962e-85,0.437794901265981,0.901,0.778,5.05913129944475e-81,"ACKR4_endothelial","GNG5"
9.28484446692075e-27,0.437672480338442,0.29,0.191,2.27525113661893e-22,"ACKR4_endothelial","MYEF2"
6.75632979304882e-25,0.437047607606574,0.274,0.183,1.65563861578661e-20,"ACKR4_endothelial","PTPMT1"
4.45532492220664e-34,0.436648285107962,0.415,0.287,1.09177737218674e-29,"ACKR4_endothelial","MVP"
7.02575705130202e-33,0.436272365643664,0.425,0.298,1.72166176542156e-28,"ACKR4_endothelial","DIAPH1"
4.15530857910038e-33,0.436156535934099,0.451,0.324,1.01825836730855e-28,"ACKR4_endothelial","ALKBH5"
8.42152285281096e-44,0.435736326330048,0.682,0.538,2.06369417508132e-39,"ACKR4_endothelial","PGRMC1"
2.06252944025319e-50,0.435229624554152,0.686,0.527,5.05422839334045e-46,"ACKR4_endothelial","HEBP1"
4.20295593939961e-30,0.434379306317319,0.494,0.374,1.02993435294987e-25,"ACKR4_endothelial","MYOF"
4.6007734853095e-22,0.434073415319004,0.263,0.177,1.12741954257509e-17,"ACKR4_endothelial","PDXK"
3.09004739159719e-45,0.433142907738146,0.584,0.428,7.5721611331089e-41,"ACKR4_endothelial","CD55"
2.45691149863389e-22,0.430783866495984,0.294,0.204,6.02066162740235e-18,"ACKR4_endothelial","GYG1"
1.09919373308308e-22,0.430757751440176,0.256,0.171,2.69357424292008e-18,"ACKR4_endothelial","UBTD1"
3.50434514245031e-23,0.430219904862004,0.325,0.231,8.58739777157449e-19,"ACKR4_endothelial","SEC13"
3.39966248588867e-38,0.430099537623686,0.453,0.313,8.33087292167018e-34,"ACKR4_endothelial","LYRM5"
3.58381949587179e-26,0.430076350369476,0.293,0.195,8.78214967463383e-22,"ACKR4_endothelial","BCCIP"
9.60497882866368e-66,0.429536784914737,0.779,0.599,2.35370006196404e-61,"ACKR4_endothelial","FAM107A"
1.58868964865064e-64,0.428474190400833,0.769,0.6,3.89308398401838e-60,"ACKR4_endothelial","COL18A1"
7.7764928085143e-40,0.428298055629952,0.486,0.342,1.90562956272643e-35,"ACKR4_endothelial","MAP1LC3A"
1.57375869786183e-31,0.427509292589229,0.34,0.224,3.85649568911041e-27,"ACKR4_endothelial","CORO1C"
1.95202447598635e-32,0.427100464815913,0.37,0.251,4.78343597840455e-28,"ACKR4_endothelial","MSRA"
8.00839548243933e-102,0.426084008482589,0.565,0.311,1.96245731297176e-97,"ACKR4_endothelial","PNP"
5.0294670109964e-149,0.424056432017348,0.986,0.935,1.23247089104467e-144,"ACKR4_endothelial","LGALS3"
4.64058088084022e-24,0.423029483341531,0.295,0.202,1.1371743448499e-19,"ACKR4_endothelial","PPP2R4"
8.21731570633789e-124,0.422989435775953,0.968,0.886,2.0136532138381e-119,"ACKR4_endothelial","SDCBP"
6.34384700704718e-24,0.421645603029768,0.306,0.21,1.55455970907691e-19,"ACKR4_endothelial","TES"
8.03260243188714e-75,0.421241263564149,0.856,0.706,1.96838922593394e-70,"ACKR4_endothelial","DYNLRB1"
8.72227725513505e-62,0.421108153388064,0.844,0.712,2.13739404137084e-57,"ACKR4_endothelial","DDX3X"
2.65267521471987e-30,0.421059723643899,0.395,0.274,6.50038061367103e-26,"ACKR4_endothelial","CREB3L2"
7.34304187099774e-46,0.420866341132946,0.458,0.3,1.799412410488e-41,"ACKR4_endothelial","FOSL2"
1.55614449275504e-31,0.420630594950237,0.356,0.24,3.81333207949623e-27,"ACKR4_endothelial","SLC25A39"
1.90698470594186e-25,0.420384283183234,0.467,0.359,4.67306602191052e-21,"ACKR4_endothelial","C10orf54"
0,0.420213678940423,1,0.997,0,"ACKR4_endothelial","RPL8"
9.71712739792932e-133,0.420208622328524,0.981,0.922,2.38118206886258e-128,"ACKR4_endothelial","CD99"
2.81472747425498e-64,0.419282680747091,0.605,0.403,6.89748967566184e-60,"ACKR4_endothelial","POSTN"
9.66759230213337e-43,0.41884573344185,0.534,0.38,2.36904349363778e-38,"ACKR4_endothelial","NELFE"
2.28182406897177e-61,0.416961183147664,0.787,0.608,5.59160988101531e-57,"ACKR4_endothelial","NDUFA13"
9.4984840084984e-24,0.416843878942742,0.277,0.187,2.32760350628253e-19,"ACKR4_endothelial","EXOSC7"
4.71738254807261e-32,0.416660409496896,0.666,0.55,1.15599459340519e-27,"ACKR4_endothelial","PDK4"
2.36373914348443e-20,0.415909906911922,0.266,0.185,5.7923427711086e-16,"ACKR4_endothelial","TRAP1"
1.11756123114106e-28,0.415498681423754,0.359,0.247,2.73858379691116e-24,"ACKR4_endothelial","GPI"
4.71441364909913e-34,0.414933861250201,0.437,0.305,1.15526706471174e-29,"ACKR4_endothelial","TMEM208"
7.18811934422112e-53,0.414873052260306,0.728,0.576,1.76144864530138e-48,"ACKR4_endothelial","PSMB3"
9.00427048768155e-21,0.414862623762182,0.293,0.207,2.20649648300636e-16,"ACKR4_endothelial","MTMR6"
3.30224883897375e-27,0.413772585434371,0.374,0.265,8.09216077990518e-23,"ACKR4_endothelial","IFNGR2"
8.2676097993526e-36,0.412598164480587,0.458,0.322,2.02597778133136e-31,"ACKR4_endothelial","CDC42EP1"
8.64380839246817e-32,0.411654968266876,0.407,0.282,2.11816524657433e-27,"ACKR4_endothelial","SLC29A1"
2.44076492294735e-71,0.411516910249915,0.88,0.752,5.98109444368249e-67,"ACKR4_endothelial","CD93"
2.49760201713674e-33,0.410589193270345,0.293,0.181,6.12037374299359e-29,"ACKR4_endothelial","SCNN1B"
2.28785763207223e-57,0.41037289832288,0.751,0.596,5.606395127393e-53,"ACKR4_endothelial","SNRPB"
4.22051138551075e-236,0.409859676169249,1,1,1.03423631501941e-231,"ACKR4_endothelial","TMSB4X"
3.92743484218749e-38,0.409533824974521,0.451,0.308,9.62417908078045e-34,"ACKR4_endothelial","ADCY4"
9.04664851708085e-292,0.409439463933867,1,1,2.21688121911066e-287,"ACKR4_endothelial","VIM"
2.09808724569154e-64,0.408053844302101,0.81,0.648,5.14136279556712e-60,"ACKR4_endothelial","CSTB"
1.83241240616024e-27,0.407416837660589,0.312,0.209,4.49032660129568e-23,"ACKR4_endothelial","TRAPPC2P1"
4.16627863926401e-51,0.407069439083162,0.729,0.568,1.02094658055164e-46,"ACKR4_endothelial","ARHGDIA"
2.63174778357819e-46,0.405053616888182,0.815,0.671,6.44909794365836e-42,"ACKR4_endothelial","IGFBP6"
6.44197081705473e-39,0.404954806751201,0.53,0.384,1.57860494871926e-34,"ACKR4_endothelial","TNFAIP1"
1.89941711353701e-108,0.404151792510688,0.974,0.874,4.65452163672244e-104,"ACKR4_endothelial","HLA-DRB1"
6.43873994213163e-33,0.403982373760678,0.454,0.324,1.57781322281936e-28,"ACKR4_endothelial","MALL"
4.7825573151722e-40,0.403087464565537,0.53,0.381,1.17196567008295e-35,"ACKR4_endothelial","CHSY1"
5.84853823741628e-50,0.402999722371607,0.51,0.336,1.43318429507886e-45,"ACKR4_endothelial","ITGA10"
1.80423868710587e-54,0.401242999042458,0.747,0.585,4.42128690275293e-50,"ACKR4_endothelial","GADD45GIP1"
1.87407311356431e-38,0.400491055120654,0.535,0.386,4.59241616478933e-34,"ACKR4_endothelial","COPRS"
5.83854502049092e-33,0.400215089228539,0.509,0.376,1.4307354572713e-28,"ACKR4_endothelial","TMEM43"
2.21887781855797e-109,0.399710834881822,0.952,0.862,5.4373600943763e-105,"ACKR4_endothelial","HSPA8"
1.70335689255557e-37,0.39966181706716,0.521,0.378,4.17407606520743e-33,"ACKR4_endothelial","AUP1"
3.27001164486344e-40,0.399083389741117,0.635,0.487,8.01316353573785e-36,"ACKR4_endothelial","FSTL1"
2.08174177814255e-37,0.399030452833352,0.537,0.395,5.10130822733832e-33,"ACKR4_endothelial","PCBD1"
1.06530438394495e-24,0.398687980608952,0.379,0.275,2.61052839285709e-20,"ACKR4_endothelial","NSMCE4A"
1.55586020872436e-49,0.397764221183296,0.698,0.542,3.81263544147905e-45,"ACKR4_endothelial","PRELID1"
1.04822204617292e-34,0.396996661283832,0.4,0.272,2.56866812414674e-30,"ACKR4_endothelial","KIAA0141"
1.24184453102953e-29,0.396967419243939,0.428,0.304,3.04314002328785e-25,"ACKR4_endothelial","PSMC4"
7.66448044507719e-34,0.395715526548921,0.399,0.272,1.87818093306616e-29,"ACKR4_endothelial","TUSC2"
8.23685551675693e-50,0.3956018542845,0.722,0.559,2.01844144438129e-45,"ACKR4_endothelial","NDUFAF3"
5.32096606743722e-42,0.395589095409849,0.587,0.428,1.30390273482549e-37,"ACKR4_endothelial","PRNP"
3.04494899556437e-39,0.39404825506316,0.539,0.39,7.4616475136305e-35,"ACKR4_endothelial","MAPK1IP1L"
2.66156922369306e-88,0.393877586378377,0.944,0.833,6.52217538265983e-84,"ACKR4_endothelial","RAB11A"
1.32788693834184e-49,0.391769567382889,0.757,0.609,3.25398694240668e-45,"ACKR4_endothelial","PHB2"
9.34494757851843e-181,0.39155536468015,0.997,0.981,2.28997940411594e-176,"ACKR4_endothelial","ACTG1"
1.75134203986304e-21,0.391483732692949,0.29,0.201,4.29166366868438e-17,"ACKR4_endothelial","PGP"
1.70180411574476e-34,0.390821860185584,0.418,0.288,4.17027098563254e-30,"ACKR4_endothelial","POLR2H"
7.61989801283611e-46,0.390448860751461,0.736,0.594,1.86725600804549e-41,"ACKR4_endothelial","FLOT1"
1.83839493847512e-30,0.389908450985148,0.452,0.327,4.50498679673329e-26,"ACKR4_endothelial","COA4"
2.53592578496447e-50,0.389745377587582,0.706,0.523,6.21428613605544e-46,"ACKR4_endothelial","FAM84A"
5.55119739884361e-35,0.389513957167917,0.539,0.401,1.36032092258663e-30,"ACKR4_endothelial","SLC39A1"
1.77728537238362e-31,0.389420327227518,0.441,0.314,4.35523780502606e-27,"ACKR4_endothelial","PSENEN"
1.68844535030453e-49,0.38893323444672,0.693,0.528,4.13753533092126e-45,"ACKR4_endothelial","TCN2"
4.09918568141131e-25,0.388724367433077,0.308,0.209,1.00450545122984e-20,"ACKR4_endothelial","ZEB2"
1.36985256484231e-27,0.388589302076653,0.359,0.248,3.35682371014608e-23,"ACKR4_endothelial","C20orf24"
2.39485795339101e-21,0.388225615780304,0.281,0.194,5.86859941478467e-17,"ACKR4_endothelial","PIR"
2.67273131998245e-46,0.388035876294686,0.677,0.524,6.54952809961699e-42,"ACKR4_endothelial","FAM96B"
3.33409237478228e-43,0.386547880432503,0.577,0.416,8.17019336440398e-39,"ACKR4_endothelial","TMEM2"
4.58381499979099e-24,0.386159884701699,0.373,0.269,1.12326386569878e-19,"ACKR4_endothelial","NANS"
2.29389993938272e-23,0.385944983592118,0.332,0.235,5.62120180145735e-19,"ACKR4_endothelial","SYNE3"
2.74168396066815e-51,0.385185141886294,0.784,0.636,6.71849654561729e-47,"ACKR4_endothelial","KANK3"
1.02811465196174e-26,0.384731772786201,0.36,0.252,2.51939495463223e-22,"ACKR4_endothelial","BCR"
1.06098760633838e-49,0.384656312068758,0.715,0.549,2.5999501293322e-45,"ACKR4_endothelial","XRCC6"
2.08263016445452e-41,0.383686487471977,0.632,0.476,5.10348521799581e-37,"ACKR4_endothelial","SHISA5"
2.8496876211391e-21,0.382099905893971,0.32,0.229,6.98315951560136e-17,"ACKR4_endothelial","MIF4GD"
7.77604897975275e-26,0.381861347206064,0.377,0.27,1.90552080248841e-21,"ACKR4_endothelial","OTUB1"
3.01706865770944e-52,0.38175963945288,0.76,0.596,7.39332674571699e-48,"ACKR4_endothelial","CSNK2B"
1.45578047690131e-22,0.381563509678673,0.342,0.246,3.56739005864666e-18,"ACKR4_endothelial","DPM2"
7.463078389367e-27,0.381155188211818,0.432,0.318,1.82882735931438e-22,"ACKR4_endothelial","AAED1"
7.66518615647121e-29,0.380803196819231,0.428,0.309,1.87835386764327e-24,"ACKR4_endothelial","YIF1A"
1.37298207020779e-23,0.380198446646159,0.298,0.205,3.36449256304419e-19,"ACKR4_endothelial","EMG1"
7.19444507232993e-38,0.379970707640778,0.617,0.474,1.76299876497445e-33,"ACKR4_endothelial","SNRPD1"
7.33147510415471e-53,0.379131810869126,0.77,0.614,1.79657797427311e-48,"ACKR4_endothelial","S100A16"
4.60274437138488e-21,0.377381915741097,0.347,0.254,1.12790250820786e-16,"ACKR4_endothelial","BMP4"
9.94926255024517e-27,0.376262544273022,0.479,0.361,2.43806678793758e-22,"ACKR4_endothelial","GNL1"
2.43693853783102e-28,0.376173753316802,0.393,0.274,5.97171788695492e-24,"ACKR4_endothelial","SLC2A1"
5.59171589163024e-23,0.375746580016459,0.337,0.24,1.37024997924399e-18,"ACKR4_endothelial","SDHAF2"
4.13871506991425e-26,0.375320134539986,0.343,0.238,1.01419212788249e-21,"ACKR4_endothelial","GNL3"
6.3194554016207e-54,0.374905396717295,0.843,0.697,1.54858254616715e-49,"ACKR4_endothelial","STAT3"
8.04415272538598e-97,0.374599939176013,0.965,0.885,1.97121962535584e-92,"ACKR4_endothelial","CALM2"
4.68573651249843e-40,0.374088095642457,0.627,0.473,1.14823973238774e-35,"ACKR4_endothelial","ATP5F1"
7.80743095250602e-27,0.373936988536043,0.268,0.171,1.9132109549116e-22,"ACKR4_endothelial","SCUBE2"
1.02064611139068e-23,0.371932728694602,0.348,0.246,2.50109329596287e-19,"ACKR4_endothelial","ASL"
1.20824482280597e-52,0.371450449844684,0.8,0.649,2.96080393828603e-48,"ACKR4_endothelial","PKM"
5.11574255305995e-49,0.369811416152704,0.796,0.649,1.25361271262734e-44,"ACKR4_endothelial","HMGN3"
1.36883007608075e-24,0.369336821013301,0.344,0.24,3.35431810143589e-20,"ACKR4_endothelial","MFSD6"
2.39509515522143e-19,0.36926743368319,0.267,0.186,5.86918067787011e-15,"ACKR4_endothelial","RP11-983P16.4"
7.30191966081605e-36,0.369260287118068,0.6,0.457,1.78933541288297e-31,"ACKR4_endothelial","HAX1"
5.71316715129243e-66,0.368925619043102,0.881,0.758,1.40001161042421e-61,"ACKR4_endothelial","SNCG"
1.95363735118502e-14,0.368854341664971,0.259,0.19,4.78738832907889e-10,"ACKR4_endothelial","BRMS1"
8.45709919311399e-23,0.368190318035851,0.328,0.232,2.07241215727258e-18,"ACKR4_endothelial","GPS1"
1.01460136941996e-30,0.368132081918778,0.558,0.429,2.48628065576362e-26,"ACKR4_endothelial","KRAS"
6.02852721973483e-26,0.367425699711874,0.386,0.276,1.47729059519602e-21,"ACKR4_endothelial","SURF4"
6.7552772602147e-108,0.36670150929633,0.981,0.929,1.65538069261561e-103,"ACKR4_endothelial","VWF"
1.35731583739705e-64,0.366259890226565,0.73,0.534,3.32610245954146e-60,"ACKR4_endothelial","FILIP1L"
4.34292221098428e-28,0.366018876220324,0.408,0.289,1.0642330878017e-23,"ACKR4_endothelial","C14orf119"
3.43451939338915e-23,0.365621696811526,0.369,0.265,8.4162897735001e-19,"ACKR4_endothelial","DCTPP1"
4.42128231738195e-59,0.365602614041643,0.841,0.691,1.08343523187445e-54,"ACKR4_endothelial","POMP"
1.53913319376499e-34,0.365495510792137,0.48,0.337,3.77164589132112e-30,"ACKR4_endothelial","PDE2A"
8.97398184573353e-27,0.365037363592242,0.351,0.243,2.199074251297e-22,"ACKR4_endothelial","ZNRF1"
8.53613799670139e-44,0.364211677743127,0.64,0.468,2.09178061609167e-39,"ACKR4_endothelial","LAMB1"
7.31336407948245e-27,0.364157949916127,0.34,0.231,1.79213986767718e-22,"ACKR4_endothelial","IPO11"
2.3971971882536e-20,0.364109118295518,0.405,0.307,5.87433170981545e-16,"ACKR4_endothelial","AGO2"
2.51512279040318e-27,0.364040653303905,0.377,0.264,6.16330839788299e-23,"ACKR4_endothelial","MRPL47"
2.75625612375408e-30,0.36324825132082,0.377,0.258,6.75420563125936e-26,"ACKR4_endothelial","DMKN"
2.59451212868264e-26,0.363001863290137,0.453,0.336,6.3578519713368e-22,"ACKR4_endothelial","SDHB"
9.27202028992383e-39,0.361989945079399,0.614,0.46,2.27210857204584e-34,"ACKR4_endothelial","EHD2"
1.19920467372104e-34,0.36172910482814,0.628,0.482,2.93865105295342e-30,"ACKR4_endothelial","SNRPN"
1.34384922280014e-24,0.361250792174181,0.356,0.253,3.29310252047175e-20,"ACKR4_endothelial","CDC123"
1.20784204571048e-33,0.360303458372938,0.467,0.33,2.95981693301353e-29,"ACKR4_endothelial","CFAP20"
3.82781859534788e-58,0.36029161789418,0.859,0.723,9.38006946789998e-54,"ACKR4_endothelial","S100A13"
1.014391927952e-28,0.360196293301269,0.576,0.451,2.48576741944639e-24,"ACKR4_endothelial","CYR61"
1.38221522833154e-25,0.359264771597812,0.301,0.202,3.38711841702643e-21,"ACKR4_endothelial","MAP2K3"
1.82150056943498e-17,0.359216163026397,0.256,0.181,4.46358714540041e-13,"ACKR4_endothelial","LRRC59"
2.73843056538133e-17,0.359083437159954,0.259,0.184,6.71052410046695e-13,"ACKR4_endothelial","NOC2L"
1.00772706530651e-29,0.359060070250389,0.527,0.401,2.4694351735336e-25,"ACKR4_endothelial","CCT5"
8.5721771019229e-25,0.358993924327197,0.387,0.28,2.10061199882621e-20,"ACKR4_endothelial","SPTSSA"
2.57399173316223e-36,0.35793615481292,0.643,0.501,6.30756674211404e-32,"ACKR4_endothelial","TUFM"
4.41731179689772e-25,0.357758854637311,0.463,0.349,1.08246225582979e-20,"ACKR4_endothelial","RBM42"
5.98661771726827e-18,0.357385276862371,0.272,0.192,1.46702067161659e-13,"ACKR4_endothelial","PRPF19"
1.09348550973294e-33,0.357185109163484,0.62,0.477,2.67958624160056e-29,"ACKR4_endothelial","VPS51"
1.20112177434552e-94,0.356958626317592,0.961,0.884,2.94334890803371e-90,"ACKR4_endothelial","COX4I1"
2.05874949828911e-47,0.35587959844385,0.744,0.579,5.04496564555746e-43,"ACKR4_endothelial","ADAM15"
1.45435408263602e-19,0.354703198921295,0.283,0.199,3.56389467949957e-15,"ACKR4_endothelial","ATG101"
2.50320589203288e-72,0.351726910444504,0.737,0.524,6.13410603842657e-68,"ACKR4_endothelial","SERTAD1"
1.65592154326833e-50,0.351432109892953,0.778,0.608,4.05783574177904e-46,"ACKR4_endothelial","TSPAN4"
2.51897568680027e-33,0.351337859923557,0.49,0.348,6.17274992050405e-29,"ACKR4_endothelial","HCFC1R1"
3.11609228573287e-19,0.350029632486248,0.325,0.237,7.63598414618839e-15,"ACKR4_endothelial","CAMK1"
6.74759689407115e-16,0.349897100222322,0.258,0.185,1.65349861889213e-11,"ACKR4_endothelial","RABGGTB"
2.37445564010211e-32,0.348235649305271,0.558,0.42,5.81860354607023e-28,"ACKR4_endothelial","CNPY2"
4.19132638794367e-26,0.347900880240454,0.781,0.688,1.0270845313656e-21,"ACKR4_endothelial","H1FX"
1.2317760755031e-35,0.347458302555413,0.626,0.485,3.01846727302036e-31,"ACKR4_endothelial","CCT7"
3.3882973900882e-23,0.347161599114423,0.437,0.331,8.30302275441112e-19,"ACKR4_endothelial","DEXI"
2.73519567295302e-24,0.34659125332145,0.51,0.399,6.70259699657137e-20,"ACKR4_endothelial","PAM"
1.46816921244466e-32,0.346354789511341,0.62,0.487,3.59774865509564e-28,"ACKR4_endothelial","WBP2"
1.37950873817599e-23,0.345759530217914,0.405,0.3,3.38048616290025e-19,"ACKR4_endothelial","EMD"
2.52041175382749e-19,0.344965007740968,0.333,0.246,6.17626900275427e-15,"ACKR4_endothelial","E2F4"
1.64570450958235e-30,0.344872903338953,0.612,0.48,4.03279890073154e-26,"ACKR4_endothelial","IDS"
8.10553661554768e-29,0.344708788600187,0.569,0.438,1.98626174763996e-24,"ACKR4_endothelial","CCT2"
5.43459146186114e-222,0.344619774564723,1,0.999,1.33174663772907e-217,"ACKR4_endothelial","TPT1"
1.70022129385067e-60,0.344278768768448,0.687,0.471,4.16639228058107e-56,"ACKR4_endothelial","THSD4"
2.66779936743041e-21,0.3432194138885,0.415,0.312,6.53744234988823e-17,"ACKR4_endothelial","RASSF8"
8.84257567920792e-94,0.34232250623006,0.979,0.913,2.1668731701899e-89,"ACKR4_endothelial","GLTSCR2"
3.19259715357422e-27,0.342244744349654,0.456,0.336,7.82345932483363e-23,"ACKR4_endothelial","TXNL4A"
4.01927286010563e-32,0.342150407726023,0.382,0.258,9.84922814368885e-28,"ACKR4_endothelial","LCN6"
2.58661161645001e-28,0.34065178536439,0.539,0.411,6.33849176611075e-24,"ACKR4_endothelial","EIF6"
8.10509131467308e-22,0.340576443901126,0.356,0.258,1.98615262666064e-17,"ACKR4_endothelial","SSSCA1"
2.52977681219035e-18,0.339976977035038,0.343,0.257,6.19921807827244e-14,"ACKR4_endothelial","BAG6"
1.21963535849653e-20,0.339895934201111,0.307,0.218,2.98871644599575e-16,"ACKR4_endothelial","IMP4"
2.21674486478747e-198,0.339410091711096,1,0.994,5.4321332911617e-194,"ACKR4_endothelial","RPL18A"
4.16095786184191e-20,0.339279137065199,0.319,0.227,1.01964272404436e-15,"ACKR4_endothelial","DIXDC1"
8.2136840714233e-25,0.338960391299173,0.464,0.35,2.01276328170228e-20,"ACKR4_endothelial","TKT"
1.24924337867404e-34,0.338631736785648,0.371,0.242,3.06127089944072e-30,"ACKR4_endothelial","MLF1"
1.13254568840319e-24,0.338560691309671,0.439,0.33,2.77530320943202e-20,"ACKR4_endothelial","WARS"
3.01003669098884e-26,0.338334778712807,0.472,0.355,7.37609491126815e-22,"ACKR4_endothelial","PPP4C"
4.29823039993306e-29,0.337626926458515,0.447,0.319,1.0532813595036e-24,"ACKR4_endothelial","PIGT"
4.47555968500154e-35,0.337617098574809,0.722,0.596,1.09673590080963e-30,"ACKR4_endothelial","SELK"
6.54347489598042e-27,0.337488226418348,0.531,0.405,1.60347852326e-22,"ACKR4_endothelial","SLC40A1"
6.53300495616184e-47,0.33724450487262,0.889,0.776,1.60091286450746e-42,"ACKR4_endothelial","SH3BP5"
1.8920843090202e-27,0.337068091963568,0.467,0.346,4.636552599254e-23,"ACKR4_endothelial","STOML2"
1.68635450130292e-33,0.336834857232526,0.603,0.46,4.13241170544281e-29,"ACKR4_endothelial","ATP6V0B"
1.20421152731523e-22,0.336754962886067,0.402,0.298,2.95092034768597e-18,"ACKR4_endothelial","C9orf3"
1.48010566688082e-26,0.336684713073656,0.419,0.303,3.62699893669145e-22,"ACKR4_endothelial","XBP1"
2.08561714178035e-24,0.336447417229049,0.511,0.396,5.11080480593275e-20,"ACKR4_endothelial","RPL22L1"
2.66416168041835e-19,0.335362127045105,0.288,0.203,6.52852819786516e-15,"ACKR4_endothelial","DCAF13"
5.62192022554826e-29,0.335059098611747,0.581,0.452,1.3776515512706e-24,"ACKR4_endothelial","MLF2"
4.32072996285289e-18,0.334857351710653,0.312,0.228,1.0587948773971e-13,"ACKR4_endothelial","DERL1"
3.67707775897364e-27,0.334130351679672,0.448,0.33,9.01067904836491e-23,"ACKR4_endothelial","PSMA5"
8.76333864178688e-16,0.333853195893162,0.281,0.207,2.14745613416988e-11,"ACKR4_endothelial","AK6"
8.50582343800646e-47,0.333532976410561,0.847,0.717,2.08435203348348e-42,"ACKR4_endothelial","LMO2"
2.08732213652498e-23,0.333465772813969,0.364,0.261,5.11498289555446e-19,"ACKR4_endothelial","SNAPIN"
2.49603537366855e-41,0.333364660657847,0.761,0.62,6.11653468317479e-37,"ACKR4_endothelial","ACTN1"
2.52425301068429e-18,0.332642645621207,0.318,0.232,6.18568200268186e-14,"ACKR4_endothelial","TAF9"
1.61650689768685e-56,0.332562548910534,0.791,0.607,3.96125015278163e-52,"ACKR4_endothelial","PLVAP"
1.23945993834759e-38,0.33161890642996,0.679,0.522,3.03729657892078e-34,"ACKR4_endothelial","LAMTOR5"
9.99574101130269e-16,0.331064828853756,0.28,0.206,2.44945633481973e-11,"ACKR4_endothelial","TMEM126A"
3.69816341667104e-19,0.330537326050242,0.324,0.236,9.06234945255239e-15,"ACKR4_endothelial","SLC25A29"
2.10998610521836e-28,0.330391579013725,0.542,0.416,5.17052095083758e-24,"ACKR4_endothelial","NAA20"
5.63998800436959e-19,0.328788863750361,0.281,0.199,1.38207906047077e-14,"ACKR4_endothelial","GAA"
1.67217737206788e-30,0.328753189616418,0.504,0.371,4.09767065025235e-26,"ACKR4_endothelial","CNIH4"
1.06698929799054e-78,0.328731234699262,0.961,0.883,2.61465727472582e-74,"ACKR4_endothelial","EDF1"
1.70483211213722e-32,0.328630937157607,0.565,0.427,4.17769109079226e-28,"ACKR4_endothelial","NR1H2"
4.76136240798581e-72,0.328629971058247,0.954,0.864,1.16677185807692e-67,"ACKR4_endothelial","PFN1"
1.62501821222296e-26,0.326949465818969,0.379,0.262,3.98210712905237e-22,"ACKR4_endothelial","MTRF1L"
7.35399427074638e-31,0.326645317952554,0.535,0.398,1.8020962960464e-26,"ACKR4_endothelial","INPP1"
1.10695182462715e-140,0.32575501843719,0.999,0.946,2.71258544624882e-136,"ACKR4_endothelial","JUND"
1.09411141462492e-21,0.325274403856906,0.388,0.289,2.68112002153837e-17,"ACKR4_endothelial","TRAPPC3"
1.50647144058176e-17,0.324809331662302,0.279,0.2,3.69160826514561e-13,"ACKR4_endothelial","RUVBL2"
2.15570510371584e-22,0.324587623936524,0.449,0.343,5.28255535665566e-18,"ACKR4_endothelial","SZRD1"
3.05712149286892e-21,0.323995391022705,0.37,0.273,7.49147621827528e-17,"ACKR4_endothelial","PSMD6"
2.87394915790112e-24,0.323741186459068,0.378,0.272,7.04261241143669e-20,"ACKR4_endothelial","EMC6"
3.54466128326199e-22,0.322921551870433,0.369,0.267,8.68619247463351e-18,"ACKR4_endothelial","HAGH"
4.6362988109766e-27,0.322429386695096,0.477,0.354,1.13612502362981e-22,"ACKR4_endothelial","NAPA"
1.65512681924808e-32,0.321596290057668,0.659,0.519,4.05588827056742e-28,"ACKR4_endothelial","PSMC5"
6.71329933119448e-23,0.320883481093016,0.345,0.244,1.64509400110921e-18,"ACKR4_endothelial","RNPEPL1"
2.4741393082619e-14,0.320804624432169,0.27,0.2,6.06287837489578e-10,"ACKR4_endothelial","STIP1"
2.91175414307925e-18,0.320575452143997,0.345,0.256,7.1352535276157e-14,"ACKR4_endothelial","ALG5"
9.35411794368728e-38,0.319309073179806,0.735,0.586,2.29222660210057e-33,"ACKR4_endothelial","MINOS1"
9.84708971362933e-37,0.318808770272566,0.739,0.599,2.41302933432487e-32,"ACKR4_endothelial","NDUFB8"
1.04094534183435e-31,0.318700075320345,0.628,0.488,2.55083656016509e-27,"ACKR4_endothelial","COPE"
3.45960248187893e-78,0.318292329623946,0.977,0.883,8.47775588184432e-74,"ACKR4_endothelial","RPL36A"
1.0314507807615e-22,0.317630941566721,0.381,0.277,2.52757013825605e-18,"ACKR4_endothelial","ACTR1A"
2.20459817671085e-20,0.317441072698551,0.331,0.237,5.40236783202993e-16,"ACKR4_endothelial","FLNC"
6.67804106996845e-24,0.316821756492036,0.442,0.33,1.63645396419577e-19,"ACKR4_endothelial","HNRNPH2"
4.42433277133532e-33,0.316226444272258,0.756,0.619,1.08418274561572e-28,"ACKR4_endothelial","LDHB"
1.36364068713771e-31,0.316183321104451,0.591,0.449,3.34160150383095e-27,"ACKR4_endothelial","NDUFS8"
8.17649758410033e-29,0.316147150210196,0.626,0.492,2.00365073298378e-24,"ACKR4_endothelial","PPP1R14B"
3.53648335203767e-32,0.316020535550442,0.585,0.443,8.66615245416832e-28,"ACKR4_endothelial","RNF181"
5.2000265311063e-24,0.315756505921588,0.457,0.342,1.2742665014476e-19,"ACKR4_endothelial","STX7"
2.80734256809083e-17,0.315677447623077,0.323,0.238,6.87939296310658e-13,"ACKR4_endothelial","CSNK1D"
3.10929772447006e-14,0.315568200981489,0.331,0.256,7.61933407381389e-10,"ACKR4_endothelial","JOSD1"
1.20156986019129e-17,0.315563743051215,0.308,0.224,2.94444694239876e-13,"ACKR4_endothelial","NNMT"
9.49019138602252e-37,0.315440153936789,0.666,0.509,2.32557139914482e-32,"ACKR4_endothelial","KCNN3"
5.13850675981487e-189,0.314843578597784,1,0.997,1.25919108149263e-184,"ACKR4_endothelial","RPS6"
5.19606340384388e-44,0.314592857954401,0.708,0.566,1.27329533711194e-39,"ACKR4_endothelial","CRIM1"
4.38763057194597e-21,0.314458037605599,0.353,0.255,1.07518887165536e-16,"ACKR4_endothelial","TNIP2"
2.67644579288595e-78,0.31438545058511,0.956,0.857,6.55863041546702e-74,"ACKR4_endothelial","S100A11"
2.24785926936579e-23,0.313911648027815,0.48,0.368,5.50837913958087e-19,"ACKR4_endothelial","PSMD13"
1.35033088729819e-46,0.313780488995566,0.864,0.728,3.30898583932422e-42,"ACKR4_endothelial","ESAM"
6.89285558583375e-33,0.313627850302696,0.64,0.5,1.68909426130856e-28,"ACKR4_endothelial","LINC01420"
1.0563615872204e-14,0.312896340078428,0.293,0.221,2.5886140694836e-10,"ACKR4_endothelial","TINF2"
1.7768980887064e-18,0.31276508242722,0.389,0.296,4.35428876637504e-14,"ACKR4_endothelial","GRINA"
9.99352218219364e-28,0.312255714357606,0.528,0.402,2.44891261074655e-23,"ACKR4_endothelial","SNRPC"
5.22127160471867e-27,0.312023313862831,0.502,0.374,1.27947260673631e-22,"ACKR4_endothelial","MRPL54"
1.59776964435512e-43,0.31150403790871,0.479,0.328,3.91533451349222e-39,"ACKR4_endothelial","UPP1"
9.93736093245473e-39,0.31144854756627,0.806,0.678,2.43515029649803e-34,"ACKR4_endothelial","C19orf53"
8.01465694121978e-120,0.310680689756397,0.993,0.976,1.96399168344591e-115,"ACKR4_endothelial","RPSA"
6.63902457790721e-29,0.310570036840565,0.611,0.484,1.62689297281616e-24,"ACKR4_endothelial","FUNDC2"
2.00031974489522e-22,0.310297637905455,0.32,0.223,4.90178353486574e-18,"ACKR4_endothelial","MTX1"
1.09905070060866e-31,0.30936735349942,0.718,0.584,2.69322374184152e-27,"ACKR4_endothelial","LAMTOR1"
3.69620516295615e-16,0.309348965485476,0.3,0.222,9.05755075182404e-12,"ACKR4_endothelial","PHF10"
4.1464657073023e-16,0.308799041833511,0.257,0.184,1.01609142157443e-11,"ACKR4_endothelial","PTP4A1"
6.00709944147916e-30,0.307939771565943,0.491,0.358,1.47203971813447e-25,"ACKR4_endothelial","TSPYL2"
2.16197768435238e-36,0.307391358564701,0.796,0.666,5.29792631550551e-32,"ACKR4_endothelial","ATP5B"
7.74481157906471e-43,0.306766978128422,0.876,0.758,1.89786607744981e-38,"ACKR4_endothelial","EIF3G"
9.3180451034754e-19,0.30649176400515,0.385,0.291,2.28338695260665e-14,"ACKR4_endothelial","BCL6B"
6.00834427043566e-26,0.306422116062065,0.722,0.614,1.47234476347026e-21,"ACKR4_endothelial","PPP3CA"
1.86634341788912e-20,0.306317429848913,0.383,0.286,4.57347454553728e-16,"ACKR4_endothelial","MEA1"
3.98328802781714e-31,0.305615912897761,0.686,0.552,9.76104731216589e-27,"ACKR4_endothelial","PSMB6"
1.22767011049585e-20,0.305528616531079,0.408,0.306,3.00840560577007e-16,"ACKR4_endothelial","ST6GALNAC6"
2.28376078403842e-18,0.305425178987776,0.409,0.315,5.59635580128616e-14,"ACKR4_endothelial","MRPS15"
3.16681589387706e-206,0.305169170426452,1,0.998,7.76028234794574e-202,"ACKR4_endothelial","RPL19"
7.4740910685036e-19,0.305131341017049,0.33,0.239,1.83152601633681e-14,"ACKR4_endothelial","STX4"
2.31305938333062e-28,0.305040890858942,0.7,0.578,5.66815201885168e-24,"ACKR4_endothelial","ENSA"
4.12777450276864e-15,0.303803661805911,0.302,0.227,1.01151114190346e-10,"ACKR4_endothelial","LSM1"
1.36329807129605e-29,0.303768296470767,0.574,0.439,3.34076192371097e-25,"ACKR4_endothelial","ILF2"
4.4790776312171e-24,0.303725130791023,0.437,0.321,1.09759797352975e-19,"ACKR4_endothelial","MAPRE2"
2.06281435814555e-123,0.303410089399942,1,0.951,5.05492658463566e-119,"ACKR4_endothelial","FOS"
2.18284638387158e-14,0.303223520237909,0.268,0.199,5.34906506367731e-10,"ACKR4_endothelial","TMEM115"
3.6381008261724e-22,0.302967938017003,0.318,0.222,8.91516607453547e-18,"ACKR4_endothelial","RPF2"
5.56455267957104e-21,0.302375829673096,0.399,0.296,1.36359363412888e-16,"ACKR4_endothelial","APOA1BP"
2.80479908052236e-24,0.301817007086533,0.473,0.358,6.87316014682005e-20,"ACKR4_endothelial","AAMP"
1.23331601626936e-16,0.301509177559469,0.284,0.205,3.02224089786807e-12,"ACKR4_endothelial","ELOF1"
5.71441111889792e-34,0.301192948109197,0.66,0.507,1.40031644468594e-29,"ACKR4_endothelial","PVRL2"
7.8952848952962e-22,0.301010905094806,0.404,0.3,1.93473956359233e-17,"ACKR4_endothelial","AGTRAP"
1.76445845992428e-21,0.300665865145504,0.413,0.307,4.32380545604444e-17,"ACKR4_endothelial","PEAK1"
1.04688614601062e-19,0.300532264878076,0.262,0.179,2.56539450079902e-15,"ACKR4_endothelial","PDGFA"
6.06096924459402e-60,0.300507913098262,0.995,0.97,1.48524051338777e-55,"ACKR4_endothelial","CD74"
2.54378724774019e-13,0.300247597109015,0.289,0.219,6.23355065058734e-09,"ACKR4_endothelial","STX5"
3.68205060821798e-33,0.3001041540305,0.656,0.503,9.02286501543816e-29,"ACKR4_endothelial","IL1R1"
5.74542455162022e-25,0.299873978324281,0.46,0.341,1.40791628637453e-20,"ACKR4_endothelial","CNKSR3"
3.71648374969534e-39,0.299823733633993,0.892,0.797,9.10724342862842e-35,"ACKR4_endothelial","MBNL1"
7.52486663675081e-16,0.299548085420182,0.333,0.252,1.84396856933579e-11,"ACKR4_endothelial","CTBP1"
1.4434697504913e-26,0.298735054084211,0.576,0.449,3.53722262357893e-22,"ACKR4_endothelial","TMEM147"
3.75528928878383e-41,0.298108575408555,0.857,0.738,9.20233640216477e-37,"ACKR4_endothelial","RAB13"
3.50889540357561e-15,0.297747422050317,0.339,0.257,8.59854818646204e-11,"ACKR4_endothelial","SPRYD3"
1.16680542413527e-26,0.297179127451274,0.609,0.484,2.85925669184349e-22,"ACKR4_endothelial","G3BP1"
7.20413228631617e-20,0.296912703056182,0.377,0.28,1.76537261676178e-15,"ACKR4_endothelial","TAX1BP3"
2.06689063044349e-25,0.296388515259257,0.537,0.417,5.06491548990178e-21,"ACKR4_endothelial","PPP1CA"
4.00508237532034e-17,0.296349396323311,0.328,0.244,9.81445436072249e-13,"ACKR4_endothelial","NAB1"
2.12671341782801e-14,0.295907817329834,0.262,0.192,5.21151123038755e-10,"ACKR4_endothelial","WRB"
2.5745792779228e-81,0.295785602699491,0.977,0.918,6.30900652054981e-77,"ACKR4_endothelial","MYL12B"
9.65214792232881e-18,0.295674935927216,0.306,0.222,2.36525884836668e-13,"ACKR4_endothelial","RAB27A"
2.3093790516658e-24,0.295540669323427,0.533,0.411,5.65913336610704e-20,"ACKR4_endothelial","OXA1L"
1.39619228270119e-17,0.295342250010497,0.314,0.23,3.42136918875926e-13,"ACKR4_endothelial","MRPS12"
3.12459491879314e-28,0.294844371436875,0.559,0.422,7.6568198485026e-24,"ACKR4_endothelial","CFI"
2.84029886008208e-51,0.294319278316864,0.925,0.837,6.96015235663113e-47,"ACKR4_endothelial","SLC25A3"
4.69158173667145e-40,0.293889087332954,0.832,0.696,1.14967210457134e-35,"ACKR4_endothelial","NDUFA11"
2.23351453526102e-25,0.293253740922912,0.537,0.409,5.47322736865714e-21,"ACKR4_endothelial","FAM127A"
1.66371722673384e-17,0.292550902525173,0.277,0.196,4.07693906411127e-13,"ACKR4_endothelial","OSMR"
4.64412936074165e-20,0.292161983929996,0.377,0.278,1.13804389984974e-15,"ACKR4_endothelial","VPS4A"
1.69881510209859e-19,0.291981142760092,0.379,0.283,4.1629464076926e-15,"ACKR4_endothelial","ASNA1"
6.2653927103213e-20,0.291399728519221,0.365,0.269,1.53533448366424e-15,"ACKR4_endothelial","PARVB"
1.52814441382628e-32,0.291365627218,0.679,0.528,3.7447178860813e-28,"ACKR4_endothelial","TINAGL1"
6.26871873847794e-18,0.290973650738072,0.343,0.255,1.53614952686402e-13,"ACKR4_endothelial","MALSU1"
1.14493787590089e-21,0.290818147792171,0.475,0.365,2.80567026489512e-17,"ACKR4_endothelial","GPAA1"
3.93832545115608e-21,0.290720261258328,0.41,0.305,9.65086651805797e-17,"ACKR4_endothelial","LMF2"
2.99062601990269e-13,0.289889256223902,0.319,0.244,7.32852906177153e-09,"ACKR4_endothelial","RND3"
1.47914523573839e-23,0.289709758516367,0.381,0.274,3.62464540017692e-19,"ACKR4_endothelial","VPS37B"
5.76914814645004e-34,0.289654188360303,0.712,0.572,1.41372975328758e-29,"ACKR4_endothelial","MRPL20"
1.58115250180689e-14,0.289566969707031,0.305,0.229,3.87461420567778e-10,"ACKR4_endothelial","C6orf1"
8.32780936471605e-23,0.288637794211478,0.472,0.361,2.04072968482367e-18,"ACKR4_endothelial","CERS2"
3.13357893709224e-41,0.288569688600874,0.876,0.752,7.67883518534455e-37,"ACKR4_endothelial","PRDX6"
5.9139945154132e-26,0.288500928316947,0.529,0.406,1.449224356002e-21,"ACKR4_endothelial","PSMD7"
5.6345039240059e-27,0.288001646268888,0.633,0.494,1.38073518657765e-22,"ACKR4_endothelial","AKR1C3"
9.48931028481306e-72,0.287774238737201,0.979,0.933,2.32535548529344e-67,"ACKR4_endothelial","IFITM2"
1.55221158628294e-38,0.287762311799553,0.812,0.667,3.80369449218635e-34,"ACKR4_endothelial","ATP5O"
5.208811248186e-15,0.287642537123062,0.265,0.192,1.27641919636798e-10,"ACKR4_endothelial","CDK2AP2"
2.79550417399599e-85,0.28644950692258,0.992,0.953,6.85038297837717e-81,"ACKR4_endothelial","EEF1D"
2.44710139003218e-19,0.28624997025735,0.4,0.301,5.99662195627386e-15,"ACKR4_endothelial","WDR61"
6.91203145106124e-19,0.28618437984065,0.301,0.214,1.69379330708256e-14,"ACKR4_endothelial","CCNT1"
8.97041960914504e-13,0.284580764882217,0.283,0.216,2.19820132522099e-08,"ACKR4_endothelial","PRKRA"
2.89265110546361e-27,0.284569753658044,0.619,0.484,7.08844153393857e-23,"ACKR4_endothelial","TRIOBP"
9.26850515182997e-29,0.28420157951412,0.733,0.613,2.27124718745593e-24,"ACKR4_endothelial","GSTK1"
2.30559007556653e-18,0.283908821410763,0.441,0.342,5.64984848017577e-14,"ACKR4_endothelial","EVA1B"
3.28199434399788e-26,0.283715318644541,0.488,0.366,8.0425271399668e-22,"ACKR4_endothelial","CTSA"
1.52567292926998e-158,0.283429252603906,1,0.999,3.73866151317609e-154,"ACKR4_endothelial","RPS18"
7.59577469418018e-81,0.283297355145765,0.986,0.955,1.86134458880885e-76,"ACKR4_endothelial","EEF1B2"
6.22566555192267e-14,0.282987140217317,0.267,0.198,1.52559934349865e-09,"ACKR4_endothelial","IVNS1ABP"
2.31170226611893e-25,0.28181241929653,0.633,0.512,5.66482640312444e-21,"ACKR4_endothelial","ETFB"
2.90494732210205e-13,0.28122402337326,0.274,0.206,7.11857341281108e-09,"ACKR4_endothelial","PEX16"
3.75360408852956e-29,0.281139987112475,0.612,0.473,9.1982068189417e-25,"ACKR4_endothelial","PDCD5"
2.74617050211023e-25,0.280506273815397,0.536,0.414,6.72949081542111e-21,"ACKR4_endothelial","GSDMD"
4.25807595072881e-19,0.280089638531292,0.378,0.283,1.0434415117261e-14,"ACKR4_endothelial","BRIX1"
5.62940252935145e-14,0.280082408489551,0.274,0.204,1.37948508981757e-09,"ACKR4_endothelial","MAFG"
6.38172485576916e-13,0.279927888886009,0.288,0.218,1.56384167590623e-08,"ACKR4_endothelial","LPCAT4"
5.92097257568534e-34,0.279843948612545,0.757,0.611,1.45093432967169e-29,"ACKR4_endothelial","RNH1"
3.23191108460521e-15,0.279216115098176,0.324,0.244,7.91979811282507e-11,"ACKR4_endothelial","PPP1R11"
2.45654679059742e-30,0.278087916242748,0.758,0.621,6.01976791035898e-26,"ACKR4_endothelial","CAPZB"
3.87655206800025e-20,0.277261632715627,0.44,0.335,9.49949084263461e-16,"ACKR4_endothelial","TXNDC17"
1.85277815546539e-23,0.277006900951602,0.522,0.405,4.54023286996793e-19,"ACKR4_endothelial","SARS"
7.59318560513849e-23,0.27661566234076,0.477,0.36,1.86071013253919e-18,"ACKR4_endothelial","DDRGK1"
3.72537707385174e-24,0.276433806557768,0.591,0.464,9.12903651947368e-20,"ACKR4_endothelial","PSMB5"
4.14513112999394e-34,0.276403015167939,0.603,0.446,1.01576438340502e-29,"ACKR4_endothelial","PXDC1"
2.86311281222182e-32,0.275500560908738,0.723,0.586,7.01605794634958e-28,"ACKR4_endothelial","PSME2"
6.160560096035e-22,0.275315950541604,0.491,0.377,1.50964525153338e-17,"ACKR4_endothelial","PSMC1"
7.8379412631053e-17,0.275211695149294,0.333,0.246,1.92068750652395e-12,"ACKR4_endothelial","GAS2L1"
5.40483220904356e-21,0.275063990774839,0.505,0.392,1.32445413282612e-16,"ACKR4_endothelial","MPG"
4.54932347591089e-28,0.274363149592965,0.607,0.478,1.11481171777196e-23,"ACKR4_endothelial","TMEM205"
2.51745780400693e-27,0.274047812175372,0.613,0.484,6.16903034871899e-23,"ACKR4_endothelial","SHC1"
8.33312814132561e-25,0.27369502064388,0.612,0.488,2.04203305103184e-20,"ACKR4_endothelial","GNG12"
1.85263675229e-16,0.273481542953411,0.272,0.194,4.53988636148663e-12,"ACKR4_endothelial","SLC20A1"
2.66324826514096e-31,0.27307554146422,0.758,0.625,6.52628987372792e-27,"ACKR4_endothelial","GNB2"
2.23315666710492e-28,0.27261466927334,0.501,0.369,5.47235041274061e-24,"ACKR4_endothelial","HLA-DQB1"
1.2048113291447e-16,0.272611481197597,0.3,0.219,2.95239016206908e-12,"ACKR4_endothelial","IMPAD1"
1.15544811650164e-16,0.272414036486458,0.308,0.227,2.83142560948728e-12,"ACKR4_endothelial","EVI5"
7.89152733770297e-22,0.271707696318803,0.561,0.448,1.93381877410411e-17,"ACKR4_endothelial","EMC4"
2.79749530461719e-19,0.271601046528482,0.414,0.313,6.85526224396443e-15,"ACKR4_endothelial","AKR1B1"
4.38470019126249e-105,0.271199319071836,0.999,0.993,1.07447078186887e-100,"ACKR4_endothelial","IFITM3"
6.7258286424351e-53,0.270112867843182,0.852,0.71,1.64816430882872e-48,"ACKR4_endothelial","HSPG2"
1.73022674353747e-178,0.270012975339393,1,1,4.23992063503857e-174,"ACKR4_endothelial","RPL13"
9.61571575541077e-129,0.269228198686417,1,0.998,2.35633114586341e-124,"ACKR4_endothelial","HLA-B"
2.71795394315128e-15,0.269105307228685,0.309,0.23,6.66034613769221e-11,"ACKR4_endothelial","MRPS22"
2.2917245021039e-22,0.268871518882599,0.52,0.403,5.61587089240561e-18,"ACKR4_endothelial","CYC1"
4.91343685741084e-36,0.26863952193269,0.849,0.729,1.20403770190853e-31,"ACKR4_endothelial","CAPNS1"
3.59992444115584e-125,0.268288196201033,0.999,0.992,8.82161484305239e-121,"ACKR4_endothelial","RPS16"
3.63544838884816e-21,0.268093300147636,0.298,0.206,8.90866627687241e-17,"ACKR4_endothelial","BEX5"
3.47245404180995e-51,0.267837567234939,0.866,0.719,8.50924862945529e-47,"ACKR4_endothelial","THBD"
1.16483367398327e-176,0.267779395662473,1,1,2.85442491809601e-172,"ACKR4_endothelial","EEF1A1"
4.1209152718975e-19,0.267099310062915,0.281,0.194,1.00983028737848e-14,"ACKR4_endothelial","CTD-3179P9.1"
2.33142922649011e-127,0.267040086612448,0.999,0.995,5.71316731951402e-123,"ACKR4_endothelial","RPS3"
1.65516333561981e-28,0.266743670505152,0.728,0.604,4.05597775393634e-24,"ACKR4_endothelial","HNRNPA0"
1.14734656394558e-29,0.266637747297525,0.607,0.463,2.81157275494865e-25,"ACKR4_endothelial","NAA10"
3.92113950542259e-26,0.266534036391091,0.69,0.557,9.60875235803807e-22,"ACKR4_endothelial","CTSD"
3.04838265230091e-18,0.266227920407193,0.456,0.354,7.47006168946338e-14,"ACKR4_endothelial","PQBP1"
3.93561169993901e-23,0.265751106662092,0.577,0.448,9.64421647070053e-19,"ACKR4_endothelial","CD200"
1.47742278603362e-27,0.265480622483465,0.633,0.5,3.62042453717538e-23,"ACKR4_endothelial","AURKAIP1"
3.15423925637528e-19,0.265209908175686,0.454,0.352,7.72946329774763e-15,"ACKR4_endothelial","SKI"
6.95104149012465e-21,0.265100729675762,0.453,0.344,1.70335271715505e-16,"ACKR4_endothelial","SAP30BP"
4.9094296920819e-45,0.265060903476033,0.915,0.803,1.20305574604467e-40,"ACKR4_endothelial","ALDOA"
4.84042588249042e-15,0.263890643184925,0.342,0.259,1.18614636250428e-10,"ACKR4_endothelial","MANF"
1.13565212821484e-16,0.26353207159042,0.343,0.254,2.78291554019047e-12,"ACKR4_endothelial","LRRC8C"
5.98084442905587e-20,0.263431972741578,0.475,0.367,1.46560592734014e-15,"ACKR4_endothelial","HM13"
1.54519577309241e-24,0.263042314071647,0.684,0.56,3.78650224196296e-20,"ACKR4_endothelial","RAB5C"
8.38501520922272e-24,0.262959370440299,0.613,0.493,2.05474797702003e-19,"ACKR4_endothelial","C1orf43"
9.51369720544806e-16,0.262578469445596,0.31,0.229,2.33133150019505e-11,"ACKR4_endothelial","STARD3NL"
1.08927967096141e-17,0.262164390096528,0.324,0.238,2.66927983369094e-13,"ACKR4_endothelial","TMX3"
9.77007504220196e-23,0.26194488336684,0.531,0.41,2.39415688909159e-18,"ACKR4_endothelial","MGAT1"
4.33157367522762e-19,0.261893703945506,0.443,0.341,1.06145212911453e-14,"ACKR4_endothelial","FBXO7"
5.91768647608911e-66,0.261709435501554,0.984,0.937,1.45012907096564e-61,"ACKR4_endothelial","PPIA"
1.83425310446985e-17,0.260492894430705,0.362,0.271,4.49483723250338e-13,"ACKR4_endothelial","ARF3"
1.47266384522837e-27,0.260345340385278,0.547,0.411,3.60876275273212e-23,"ACKR4_endothelial","ESF1"
2.37711938323872e-32,0.259416499340814,0.869,0.769,5.82513104862648e-28,"ACKR4_endothelial","C19orf43"
3.09747873403119e-20,0.259357174423447,0.535,0.424,7.59037163774342e-16,"ACKR4_endothelial","H2AFJ"
9.8211666434534e-126,0.259319501083038,1,0.994,2.40667688597826e-121,"ACKR4_endothelial","RPS9"
2.73519127744889e-14,0.258995755474952,0.265,0.193,6.7025862253885e-10,"ACKR4_endothelial","PTS"
5.24209161443501e-19,0.258821265018449,0.512,0.404,1.2845745501173e-14,"ACKR4_endothelial","WDR1"
9.77496570878193e-25,0.258684107114104,0.615,0.486,2.39535534693701e-20,"ACKR4_endothelial","NDUFAB1"
1.06839195040773e-16,0.258435849098149,0.414,0.321,2.61809447447414e-12,"ACKR4_endothelial","BTF3L4"
3.00861369543702e-15,0.258160664956419,0.276,0.202,7.37260786066842e-11,"ACKR4_endothelial","ARL5B"
1.73311975749011e-17,0.257873691220432,0.408,0.312,4.24700996572951e-13,"ACKR4_endothelial","ATG3"
3.68317469660522e-20,0.257474028383684,0.463,0.357,9.02561959403108e-16,"ACKR4_endothelial","CDC26"
1.05242915126424e-49,0.257439416489941,0.947,0.872,2.57897763517302e-45,"ACKR4_endothelial","CD151"
3.09652889823767e-18,0.257236614500226,0.381,0.284,7.58804406513142e-14,"ACKR4_endothelial","ARHGEF15"
2.22524540875849e-14,0.257226410099539,0.315,0.236,5.45296387416269e-10,"ACKR4_endothelial","SCAMP3"
3.60022472683052e-17,0.25712628460817,0.402,0.306,8.82235069309819e-13,"ACKR4_endothelial","MAP3K13"
3.34133341777201e-20,0.256849564088905,0.43,0.325,8.1879375402503e-16,"ACKR4_endothelial","PFKL"
3.53190200584104e-15,0.256185803124735,0.254,0.182,8.65492586531346e-11,"ACKR4_endothelial","NUDCD1"
7.78942965587823e-14,0.256109689912611,0.256,0.188,1.90879973717296e-09,"ACKR4_endothelial","PSMD14"
6.37380007556421e-20,0.253884262099182,0.46,0.352,1.56189970851701e-15,"ACKR4_endothelial","GPR108"
1.89934369612385e-14,0.253759016598313,0.263,0.191,4.65434172735151e-10,"ACKR4_endothelial","LRRC41"
9.26220480860799e-33,0.253485876846016,0.851,0.729,2.26970328834939e-28,"ACKR4_endothelial","PSMB1"
3.31098853330295e-26,0.253424496611823,0.728,0.603,8.11357740085887e-22,"ACKR4_endothelial","APRT"
9.53116875486733e-22,0.253336729773326,0.555,0.436,2.33561290338024e-17,"ACKR4_endothelial","PSMC3"
1.33893068851028e-15,0.252733693667323,0.357,0.272,3.28104965219443e-11,"ACKR4_endothelial","RHOG"
3.72308316312629e-20,0.252694376162797,0.538,0.423,9.12341529124096e-16,"ACKR4_endothelial","DPP7"
4.73072626625274e-15,0.252647878250439,0.335,0.254,1.15926447154523e-10,"ACKR4_endothelial","UROD"
3.38447279045069e-24,0.252587568428111,0.706,0.583,8.29365057299941e-20,"ACKR4_endothelial","EIF3I"
6.11921447038205e-23,0.252417598261037,0.569,0.447,1.49951350596712e-18,"ACKR4_endothelial","C1QBP"
5.99447080925047e-20,0.252343231959044,0.449,0.342,1.46894507180683e-15,"ACKR4_endothelial","RHOJ"
2.42080347468758e-15,0.252152601801187,0.271,0.195,5.93217891472193e-11,"ACKR4_endothelial","LSM10"
1.48146399262652e-24,0.251660986279396,0.63,0.506,3.63032751393129e-20,"ACKR4_endothelial","PSMA1"
1.51710950558434e-13,0.251508123322782,0.314,0.239,3.71767684343443e-09,"ACKR4_endothelial","SRA1"
3.47156087488138e-17,0.251192884254229,0.342,0.253,8.50705992389683e-13,"ACKR4_endothelial","TXNDC9"
3.14453180390194e-15,0.251118179143499,0.291,0.213,7.70567518546171e-11,"ACKR4_endothelial","SNAPC1"
3.71274384011875e-21,0.251085148883739,0.608,0.49,9.09807878021099e-17,"ACKR4_endothelial","RALY"
1.5805496521717e-17,0.250983831700988,0.359,0.268,3.87313692264675e-13,"ACKR4_endothelial","PPIE"
7.18756123180226e-25,0.250917441309394,0.689,0.567,1.76131187985314e-20,"ACKR4_endothelial","TMED9"
2.71431665286199e-24,0.250330248329719,0.701,0.579,6.65143295783832e-20,"ACKR4_endothelial","RAD23A"
0,2.67231523064753,0.438,0.112,0,"PROX1_endothelial","EGR2"
0,2.41827763334143,0.741,0.276,0,"PROX1_endothelial","EGR3"
7.05160019947588e-286,2.14820885931221,0.318,0.085,1.72799462888157e-281,"PROX1_endothelial","MEST"
0,1.9462796107267,0.546,0.183,0,"PROX1_endothelial","NFKBID"
5.88675193902804e-184,1.87828952526858,0.279,0.093,1.44254856265882e-179,"PROX1_endothelial","RORB"
0,1.84971617274999,0.665,0.317,0,"PROX1_endothelial","TNFAIP3"
0,1.82462849035889,0.944,0.559,0,"PROX1_endothelial","NR4A1"
1.0534237592266e-182,1.76106826933509,0.273,0.088,2.58141492198479e-178,"PROX1_endothelial","PCDH15"
2.73685208811888e-154,1.60515080986218,0.252,0.086,6.70665604193531e-150,"PROX1_endothelial","RP11-356I2.4"
0,1.5855125711981,0.714,0.377,0,"PROX1_endothelial","RBP1"
5.79967865636099e-238,1.55687127854523,0.582,0.322,1.42121125474126e-233,"PROX1_endothelial","IFI44L"
0,1.55259367279845,0.799,0.445,0,"PROX1_endothelial","IGFBP5"
8.66622776540847e-223,1.54305956880232,0.488,0.231,2.12365911391335e-218,"PROX1_endothelial","ISYNA1"
3.75046773435811e-182,1.53558077851585,0.368,0.151,9.19052118304456e-178,"PROX1_endothelial","CLDN10"
1.06782944621984e-259,1.44711579592235,0.648,0.363,2.61671605796173e-255,"PROX1_endothelial","DUSP5"
2.97439735361766e-142,1.42627365724555,0.369,0.174,7.28876071504008e-138,"PROX1_endothelial","TNFAIP8L3"
3.36619770807291e-227,1.41293010235241,0.628,0.383,8.24886748363267e-223,"PROX1_endothelial","IFI6"
2.17349339644085e-226,1.36979523766912,0.519,0.248,5.3261455679783e-222,"PROX1_endothelial","CHST1"
0,1.34358961173529,0.806,0.473,0,"PROX1_endothelial","NR4A2"
1.54729542729693e-200,1.30039981047273,0.613,0.384,3.79164744459113e-196,"PROX1_endothelial","XAF1"
9.56491419540417e-86,1.29914787474097,0.512,0.359,2.34388222358379e-81,"PROX1_endothelial","ISG15"
1.27390006958223e-226,1.26919295532168,0.631,0.365,3.12169212051126e-222,"PROX1_endothelial","ITGA2"
2.23955714106493e-94,1.25963724137613,0.265,0.123,5.48803477417962e-90,"PROX1_endothelial","SUSD4"
6.23681986617883e-108,1.24440119521175,0.342,0.172,1.52833270820712e-103,"PROX1_endothelial","CTD-3252C9.4"
3.83901607999033e-230,1.24207095250342,0.587,0.306,9.4075089040163e-226,"PROX1_endothelial","SMTN"
2.01843772661199e-113,1.20878341623625,0.463,0.28,4.94618164906268e-109,"PROX1_endothelial","EXOC6"
3.63177122742326e-109,1.20149957604179,0.413,0.236,8.8996553928007e-105,"PROX1_endothelial","HIC1"
4.62654493958061e-221,1.19316943490172,0.614,0.335,1.13373483744423e-216,"PROX1_endothelial","CRTAC1"
4.2101217447985e-140,1.19260810749114,0.387,0.184,1.03169033356287e-135,"PROX1_endothelial","GPRC5C"
0,1.18939073431245,0.862,0.573,0,"PROX1_endothelial","BST2"
0,1.18340742012155,0.892,0.672,0,"PROX1_endothelial","CCND1"
4.70525798224278e-135,1.17048255181462,0.449,0.243,1.15302346854859e-130,"PROX1_endothelial","PROX1"
5.89912255471104e-307,1.15719825994994,0.765,0.452,1.44557998203194e-302,"PROX1_endothelial","THSD4"
7.22321382014448e-95,1.13321882418631,0.317,0.16,1.77004854662641e-90,"PROX1_endothelial","SCUBE2"
0,1.12380314027756,0.998,0.922,0,"PROX1_endothelial","DUSP1"
2.2124868139145e-165,1.11887838373374,0.631,0.402,5.42169893749748e-161,"PROX1_endothelial","TMEM2"
5.8017691273365e-81,1.0913079296091,0.348,0.2,1.42172352465381e-76,"PROX1_endothelial","TRAPPC2P1"
3.6313284724892e-137,1.0841243250081,0.369,0.17,8.89857042183479e-133,"PROX1_endothelial","MME"
1.24078910595861e-213,1.06905053511116,0.761,0.523,3.04055370415157e-209,"PROX1_endothelial","FILIP1L"
2.07212667375135e-88,1.06493245732156,0.411,0.251,5.07774641402769e-84,"PROX1_endothelial","HS3ST1"
2.93351840923655e-59,1.06271955094779,0.286,0.167,7.18858686183417e-55,"PROX1_endothelial","NXPE3"
3.43653235520705e-188,1.06254315219778,0.516,0.254,8.42122253643488e-184,"PROX1_endothelial","ADGRG6"
3.15543724886807e-85,1.05485770505892,0.451,0.292,7.73239897835121e-81,"PROX1_endothelial","MX1"
4.27144517950741e-100,1.05370365795445,0.396,0.222,1.04671764123829e-95,"PROX1_endothelial","ADRB2"
1.63864073238382e-81,1.03953982999373,0.45,0.298,4.01548911470656e-77,"PROX1_endothelial","PIK3R3"
0,1.02376238907049,0.985,0.951,0,"PROX1_endothelial","SDPR"
6.40875191534353e-220,1.01281306337328,0.761,0.509,1.57046465685493e-215,"PROX1_endothelial","FAM84A"
4.87103716086313e-85,1.00737305872106,0.308,0.159,1.19364765626951e-80,"PROX1_endothelial","FLT4"
1.61125421247393e-61,1.00194047501921,0.396,0.269,3.94837844766737e-57,"PROX1_endothelial","VPS37B"
0,0.992424161072772,0.986,0.793,0,"PROX1_endothelial","EGR1"
0,0.977635533060513,0.945,0.665,0,"PROX1_endothelial","APOLD1"
3.3496569364423e-221,0.970949057384218,0.864,0.71,8.20833432275185e-217,"PROX1_endothelial","TSC22D3"
8.88860106761691e-85,0.96648782665244,0.387,0.227,2.17815169161952e-80,"PROX1_endothelial","IFITM1"
1.70550496045057e-64,0.966479840154515,0.297,0.167,4.17933990558413e-60,"PROX1_endothelial","CRHBP"
1.09743937449672e-107,0.965218155166731,0.477,0.287,2.6892751872042e-103,"PROX1_endothelial","TMEM88"
7.1587777206401e-62,0.964987297670066,0.262,0.141,1.75425848044286e-57,"PROX1_endothelial","NR2F1"
1.6385121253724e-99,0.96028119142261,0.455,0.276,4.01517396322506e-95,"PROX1_endothelial","BCL6B"
5.80190006237003e-228,0.959010670440499,0.791,0.572,1.42175561028378e-223,"PROX1_endothelial","TEK"
5.75720010385173e-254,0.958661209445953,0.85,0.618,1.41080188544887e-249,"PROX1_endothelial","ABCG2"
4.72806369903632e-287,0.957988776125579,0.913,0.747,1.15861200944885e-282,"PROX1_endothelial","TGM2"
8.46926422535169e-76,0.957981035576718,0.39,0.238,2.07539319842243e-71,"PROX1_endothelial","IFIT1"
1.44208949845103e-55,0.955466432688293,0.312,0.192,3.53384031595425e-51,"PROX1_endothelial","INHBB"
8.29354662883959e-92,0.950292492860226,0.446,0.274,2.03233360139714e-87,"PROX1_endothelial","ACKR3"
1.95740680981604e-70,0.945115719099762,0.493,0.346,4.7966253874542e-66,"PROX1_endothelial","DDIT4"
9.81303098330089e-159,0.941618136214855,0.661,0.421,2.40468324245788e-154,"PROX1_endothelial","PTGS2"
0,0.933311970938595,0.966,0.823,0,"PROX1_endothelial","TFPI"
8.62043290873122e-237,0.932945921110961,0.876,0.75,2.11243708428459e-232,"PROX1_endothelial","LY6E"
9.52316129140836e-63,0.930162166919664,0.365,0.232,2.33365067445962e-58,"PROX1_endothelial","PCNXL4"
3.356529951749e-261,0.920676107039117,0.86,0.636,8.22517664676092e-257,"PROX1_endothelial","RAPGEF5"
1.08963418844314e-101,0.913446025877375,0.689,0.542,2.67014857877992e-97,"PROX1_endothelial","PDK4"
0,0.902561031804003,0.99,0.966,0,"PROX1_endothelial","KLF2"
1.08885944914139e-44,0.891254887811664,0.254,0.153,2.66825008012097e-40,"PROX1_endothelial","TAF13"
1.13693344682474e-110,0.889355587292797,0.573,0.387,2.78605541144403e-106,"PROX1_endothelial","INPP1"
9.08310328439047e-162,0.878646279963387,0.642,0.385,2.22581445983988e-157,"PROX1_endothelial","SMOC1"
2.56324245109708e-64,0.870350335918067,0.335,0.2,6.28122562641339e-60,"PROX1_endothelial","VCAM1"
4.07599737136153e-94,0.867576520529095,0.396,0.222,9.98823155852143e-90,"PROX1_endothelial","NRARP"
1.03777941666417e-181,0.866978686777465,0.729,0.494,2.54307846053555e-177,"PROX1_endothelial","CDH11"
7.58848483378003e-119,0.863889705238786,0.569,0.375,1.8595582085178e-114,"PROX1_endothelial","TSPAN5"
0,0.862361003801171,0.979,0.859,0,"PROX1_endothelial","FOSB"
4.19678498627082e-201,0.858142850359953,0.821,0.598,1.02842216088567e-196,"PROX1_endothelial","NOSTRIN"
1.56250524681014e-47,0.856876090573615,0.332,0.217,3.82891910730825e-43,"PROX1_endothelial","HERC5"
3.47883696122594e-120,0.853535824218417,0.619,0.437,8.52488997348417e-116,"PROX1_endothelial","CD200"
9.24997603559625e-114,0.8394684079638,0.752,0.564,2.26670662752286e-109,"PROX1_endothelial","STC1"
6.75668276716611e-41,0.837184283716957,0.259,0.158,1.65572511209406e-36,"PROX1_endothelial","TTN"
4.96304095106707e-51,0.836001221366254,0.367,0.246,1.21619318505898e-46,"PROX1_endothelial","ANGPTL2"
2.8918548992833e-30,0.83554569530655,0.289,0.205,7.08649043069373e-26,"PROX1_endothelial","KIF22"
4.46190408826031e-55,0.83274828160369,0.255,0.14,1.09338959682819e-50,"PROX1_endothelial","PDE7B"
3.65808287821416e-77,0.829047559853719,0.506,0.352,8.9641320930638e-73,"PROX1_endothelial","TSPYL2"
1.22726779060307e-133,0.824629985204035,0.611,0.389,3.00741972087283e-129,"PROX1_endothelial","GUCY1A3"
1.78445581014419e-48,0.824192740285061,0.31,0.197,4.37280896275833e-44,"PROX1_endothelial","SH3PXD2A"
2.85176655394052e-144,0.821672386164567,0.69,0.487,6.98825394043124e-140,"PROX1_endothelial","HIPK2"
1.22691354938449e-59,0.818200351170464,0.394,0.26,3.00655165276668e-55,"PROX1_endothelial","SMARCA1"
5.28192598279435e-65,0.810936893982866,0.405,0.264,1.29433596208376e-60,"PROX1_endothelial","CTTNBP2"
1.83992618966176e-129,0.802053655426857,0.754,0.564,4.50873912776614e-125,"PROX1_endothelial","ATF3"
4.62266949821873e-11,0.797010418795081,0.282,0.237,1.1327851605385e-06,"PROX1_endothelial","NFATC1"
1.17505890670537e-256,0.792044071249538,0.936,0.767,2.8794818508815e-252,"PROX1_endothelial","MCL1"
2.95661712283472e-56,0.788665552843349,0.405,0.269,7.24519025950649e-52,"PROX1_endothelial","SLC2A1"
3.25285673232057e-81,0.786697453957233,0.538,0.389,7.97112542255155e-77,"PROX1_endothelial","FAM63B"
2.26377872458289e-112,0.783506964756451,0.729,0.552,5.54738976459038e-108,"PROX1_endothelial","ALDH1A2"
4.80679995501624e-138,0.782841590520525,0.665,0.444,1.17790632897673e-133,"PROX1_endothelial","STXBP6"
1.58389527901631e-65,0.779567379371186,0.444,0.3,3.88133538122946e-61,"PROX1_endothelial","SAMD9L"
5.20855677726436e-186,0.775068682063846,0.874,0.662,1.27635683826863e-181,"PROX1_endothelial","C11orf96"
1.70695361837851e-72,0.773685661254756,0.482,0.328,4.18288984183654e-68,"PROX1_endothelial","SEMA6A"
2.48503497401597e-76,0.773486227936133,0.485,0.327,6.08957820382613e-72,"PROX1_endothelial","TOB1"
6.86558275916445e-65,0.765063344332952,0.459,0.318,1.68241105513325e-60,"PROX1_endothelial","PALM"
3.75302601432021e-128,0.763727119557046,0.727,0.523,9.19679024809169e-124,"PROX1_endothelial","FOXC2"
4.87213071119803e-74,0.757545697069689,0.489,0.332,1.19391563077908e-69,"PROX1_endothelial","PTPRE"
3.13303206272356e-127,0.75698911776071,0.872,0.786,7.67749506970409e-123,"PROX1_endothelial","BTG2"
1.6720850402216e-45,0.752712887635047,0.312,0.201,4.09744439106304e-41,"PROX1_endothelial","DDX60"
1.32400263985648e-31,0.750734364240669,0.256,0.169,3.2444684689683e-27,"PROX1_endothelial","NRGN"
8.43400342989483e-33,0.749303273205759,0.253,0.165,2.06675254049573e-28,"PROX1_endothelial","SCARB1"
1.82697181605823e-139,0.747809342813317,0.79,0.594,4.4769944352507e-135,"PROX1_endothelial","CYP1B1"
1.03290706986748e-92,0.747612933484838,0.552,0.37,2.53113877471025e-88,"PROX1_endothelial","IGFBP3"
1.4184215778679e-77,0.745411095603114,0.498,0.339,3.47584207656528e-73,"PROX1_endothelial","HMBOX1"
2.00015139741943e-83,0.744659254290945,0.746,0.621,4.90137099937631e-79,"PROX1_endothelial","HES1"
1.04368291584544e-81,0.743656554922831,0.545,0.384,2.55754498527925e-77,"PROX1_endothelial","MAP3K1"
3.01123781152941e-71,0.742013445183742,0.577,0.445,7.37903825715283e-67,"PROX1_endothelial","EIF2AK2"
5.45076738244773e-91,0.739585538862717,0.517,0.335,1.33571054706882e-86,"PROX1_endothelial","FLRT2"
2.29706820856254e-173,0.732784250863924,0.819,0.571,5.62896564508251e-169,"PROX1_endothelial","DKK3"
1.42005044720664e-71,0.728329689169973,0.51,0.348,3.47983362087987e-67,"PROX1_endothelial","SYNM"
1.04831193861271e-65,0.727937721341353,0.439,0.291,2.56888840557044e-61,"PROX1_endothelial","C21orf91"
8.86585750771327e-52,0.724627619849345,0.459,0.338,2.17257838226514e-47,"PROX1_endothelial","STAT1"
1.82111431691856e-50,0.722359598611721,0.408,0.284,4.46264063360893e-46,"PROX1_endothelial","ICE2"
4.33294444196985e-60,0.719134626073579,0.381,0.241,1.06178803550471e-55,"PROX1_endothelial","ERAP2"
1.01697978528182e-57,0.715820550605459,0.436,0.298,2.4921089638331e-53,"PROX1_endothelial","CTHRC1"
9.71635444126224e-30,0.713153647557486,0.281,0.196,2.38099265583131e-25,"PROX1_endothelial","TUSC3"
3.98056865129413e-90,0.709890557981675,0.738,0.565,9.75438347999626e-86,"PROX1_endothelial","AKAP12"
4.02964222469163e-47,0.708780422359092,0.365,0.246,9.87463827160683e-43,"PROX1_endothelial","TCEA3"
2.73345643062228e-127,0.698359913590102,0.82,0.67,6.6983349832399e-123,"PROX1_endothelial","CALCRL"
4.30807834713113e-68,0.694726345009517,0.476,0.314,1.05569459896448e-63,"PROX1_endothelial","HES4"
8.49910288275526e-51,0.693004784311518,0.39,0.264,2.08270516141918e-46,"PROX1_endothelial","ITSN1"
6.56647809103325e-97,0.691467258606764,0.687,0.51,1.6091154562077e-92,"PROX1_endothelial","FXYD6"
1.2216107354086e-45,0.68826579101996,0.303,0.188,2.99355710711878e-41,"PROX1_endothelial","CTD-3179P9.1"
4.11717322328636e-39,0.686965706711546,0.263,0.163,1.00891329836632e-34,"PROX1_endothelial","KIT"
1.24298162758398e-28,0.680670914485219,0.302,0.218,3.04592647839453e-24,"PROX1_endothelial","PARP9"
9.66876763408107e-44,0.678255651890058,0.337,0.222,2.36933150873156e-39,"PROX1_endothelial","GCNT2"
3.41632075572087e-102,0.677898594850197,0.726,0.586,8.371694011894e-98,"PROX1_endothelial","ENTPD1"
1.42426535958429e-24,0.676827118038104,0.328,0.25,3.4901622636613e-20,"PROX1_endothelial","CDC42EP2"
8.5455186442084e-46,0.670354565103032,0.388,0.267,2.09407934376327e-41,"PROX1_endothelial","CCNH"
1.86380707579917e-67,0.669148127828826,0.541,0.4,4.56725923924586e-63,"PROX1_endothelial","SLC40A1"
4.51169509937077e-246,0.66643455627703,0.951,0.844,1.10559088410081e-241,"PROX1_endothelial","ADGRF5"
5.95138986845981e-55,0.666384652558342,0.435,0.299,1.45838808726608e-50,"PROX1_endothelial","ST6GALNAC3"
1.05366629772046e-35,0.662489950258068,0.327,0.227,2.582009262564e-31,"PROX1_endothelial","IFI44"
2.37658259412839e-39,0.662147163144172,0.34,0.234,5.82381564691163e-35,"PROX1_endothelial","ARHGEF7"
1.47504377692187e-64,0.659473261903809,0.494,0.344,3.61459477534703e-60,"PROX1_endothelial","CHRM3"
1.29025763593517e-26,0.65919906580724,0.262,0.181,3.16177633685914e-22,"PROX1_endothelial","KLHL9"
2.63731011786047e-101,0.652149598405542,0.751,0.623,6.46272844381709e-97,"PROX1_endothelial","VGLL4"
2.43841070023171e-40,0.64824653079514,0.432,0.32,5.9753254209178e-36,"PROX1_endothelial","PLXNA2"
5.39122564020425e-44,0.647925083938117,0.353,0.236,1.32111984313205e-39,"PROX1_endothelial","JUP"
2.2628591220396e-226,0.64497457190557,0.962,0.885,5.54513627855803e-222,"PROX1_endothelial","SDCBP"
3.66662576084214e-86,0.642009736557592,0.623,0.446,8.98506642694367e-82,"PROX1_endothelial","FAM188B"
1.10432681169833e-45,0.64148509822674,0.406,0.285,2.70615285206675e-41,"PROX1_endothelial","INO80C"
4.25876178538219e-27,0.636801630512003,0.293,0.208,1.04360957550791e-22,"PROX1_endothelial","GBP3"
1.50959035810445e-61,0.632343150905367,0.532,0.389,3.69925117253497e-57,"PROX1_endothelial","C17orf58"
1.91931949801343e-54,0.632152705108542,0.486,0.354,4.70329242988192e-50,"PROX1_endothelial","CWF19L2"
2.05313309362561e-51,0.63149450694518,0.514,0.391,5.03120264592956e-47,"PROX1_endothelial","FZD6"
1.18573366804133e-30,0.628095638999233,0.303,0.211,2.90564035353528e-26,"PROX1_endothelial","SH2B3"
5.24074022606762e-207,0.626939526404482,0.936,0.862,1.28424339239787e-202,"PROX1_endothelial","ARHGAP29"
5.58081248655515e-47,0.626367511007979,0.46,0.342,1.36757809983034e-42,"PROX1_endothelial","YIPF5"
3.22199757817865e-63,0.626009154497394,0.563,0.431,7.89550506532679e-59,"PROX1_endothelial","UBE2L6"
4.04385543190141e-53,0.614686204780897,0.528,0.397,9.9094677358744e-49,"PROX1_endothelial","NDRG2"
3.82162398372917e-42,0.613664670586528,0.412,0.294,9.36488957212834e-38,"PROX1_endothelial","ATL2"
5.20589013298696e-101,0.609013959787471,0.772,0.634,1.27570337708846e-96,"PROX1_endothelial","KANK3"
5.38482787174135e-32,0.607063960288732,0.311,0.216,1.31955206997022e-27,"PROX1_endothelial","ABHD6"
1.8774911933155e-113,0.605724016349309,0.76,0.543,4.60079216921964e-109,"PROX1_endothelial","CSRNP1"
6.16569753205205e-25,0.605308416190528,0.291,0.211,1.51090418022935e-20,"PROX1_endothelial","NRBF2"
9.68379099456008e-42,0.604736181957849,0.408,0.291,2.37301298321695e-37,"PROX1_endothelial","GPATCH2"
1.07851860448533e-30,0.604648143002026,0.299,0.207,2.64290984029129e-26,"PROX1_endothelial","CTDSPL"
1.28568136420199e-250,0.604156906294227,0.972,0.915,3.15056218297697e-246,"PROX1_endothelial","EMCN"
4.05041158510722e-34,0.60408152838029,0.279,0.184,9.92553358930524e-30,"PROX1_endothelial","KLHL3"
1.63024857073267e-77,0.603148477442071,0.617,0.46,3.99492412258041e-73,"PROX1_endothelial","CCDC68"
7.97124349902348e-35,0.602492488339629,0.335,0.233,1.9533532194357e-30,"PROX1_endothelial","CHST15"
6.86939592975936e-53,0.599728157617295,0.481,0.347,1.68334547258753e-48,"PROX1_endothelial","CLK1"
2.31129587748571e-25,0.599120835528532,0.293,0.213,5.66383054777872e-21,"PROX1_endothelial","CCNT1"
1.34409805088343e-27,0.598840477050342,0.299,0.214,3.29371227368984e-23,"PROX1_endothelial","LRP11"
2.15250318227163e-26,0.593530984463514,0.259,0.178,5.27470904815662e-22,"PROX1_endothelial","NEK3"
1.67560742122949e-29,0.587928827553472,0.298,0.209,4.10607598572287e-25,"PROX1_endothelial","LRRC16A"
3.85339752419845e-65,0.587179743491376,0.642,0.527,9.44275063304831e-61,"PROX1_endothelial","ODF2L"
1.4147096845329e-22,0.585644127582232,0.309,0.234,3.46674608194788e-18,"PROX1_endothelial","IPO11"
5.52881723514162e-92,0.58230249157145,0.754,0.632,1.35483666347145e-87,"PROX1_endothelial","PPFIBP1"
9.92284549663637e-24,0.580134325911734,0.273,0.197,2.43159328895074e-19,"PROX1_endothelial","ZNF160"
1.29563672328037e-126,0.576799718021265,0.838,0.648,3.17495779039855e-122,"PROX1_endothelial","MYADM"
5.32900291003157e-22,0.574982726962932,0.275,0.2,1.30587216310324e-17,"PROX1_endothelial","DLL1"
2.27980799386769e-50,0.574739302453707,0.585,0.453,5.58666948897278e-46,"PROX1_endothelial","PDLIM3"
8.61953169520427e-40,0.574693819501333,0.432,0.322,2.11221624190981e-35,"PROX1_endothelial","ITGA9"
3.86292438222587e-195,0.574419906202784,0.981,0.941,9.4660961986445e-191,"PROX1_endothelial","PLAT"
1.11737172336943e-51,0.574176277910677,0.477,0.343,2.73811940811678e-47,"PROX1_endothelial","PCAT19"
1.83031210511611e-34,0.573479607489589,0.409,0.306,4.48517981358703e-30,"PROX1_endothelial","NT5E"
1.76467454148165e-21,0.573058492974952,0.311,0.237,4.32433496390078e-17,"PROX1_endothelial","CAMK1"
1.49938583907546e-27,0.572485197011923,0.299,0.211,3.67424499865441e-23,"PROX1_endothelial","GOLGA8A"
7.29022619903478e-32,0.571047889118401,0.319,0.222,1.78646993007347e-27,"PROX1_endothelial","FAM101B"
2.60343427848965e-58,0.569580482051898,0.586,0.458,6.37971569943888e-54,"PROX1_endothelial","TNFSF12"
2.04189296154007e-23,0.565146964331285,0.279,0.2,5.00365870225394e-19,"PROX1_endothelial","ATP9A"
3.86040018718491e-37,0.563893892588581,0.346,0.24,9.45991065869661e-33,"PROX1_endothelial","NPNT"
1.34350953562758e-61,0.555316522385087,0.772,0.656,3.29227011705538e-57,"PROX1_endothelial","MARCKSL1"
3.72950975730243e-41,0.552468772112016,0.507,0.395,9.13916366026961e-37,"PROX1_endothelial","THYN1"
5.12603716600456e-47,0.5510089326967,0.553,0.44,1.25613540752942e-42,"PROX1_endothelial","ZNF638"
7.09973890150618e-23,0.549865889928684,0.265,0.189,1.73979101781409e-18,"PROX1_endothelial","SLF2"
2.67013047631952e-27,0.544987446512621,0.265,0.18,6.54315473222098e-23,"PROX1_endothelial","SMAD7"
5.02024023210264e-107,0.544966078638544,0.831,0.691,1.23020986887675e-102,"PROX1_endothelial","NKTR"
2.36118337135198e-24,0.542809937990873,0.379,0.297,5.78607985149803e-20,"PROX1_endothelial","CREM"
2.17502558195561e-26,0.541143990592574,0.325,0.239,5.32990018858223e-22,"PROX1_endothelial","ANKRD36C"
2.88825363373267e-27,0.54094261212581,0.361,0.271,7.0776655294619e-23,"PROX1_endothelial","DDX27"
3.84556399197487e-25,0.538645710633417,0.388,0.306,9.42355456233443e-21,"PROX1_endothelial","TOB2"
1.66062689703979e-177,0.538235198770118,0.995,0.951,4.06936621119601e-173,"PROX1_endothelial","FOS"
1.60364664424898e-181,0.536873603519391,0.967,0.906,3.92973610173213e-177,"PROX1_endothelial","CLEC14A"
9.05850173599102e-38,0.533725445313238,0.471,0.356,2.2197858504046e-33,"PROX1_endothelial","HHEX"
4.47016423394521e-22,0.532047739489042,0.297,0.22,1.09541374552827e-17,"PROX1_endothelial","ZMAT1"
4.98745433216318e-90,0.531852969100414,0.853,0.768,1.22217568409659e-85,"PROX1_endothelial","TPM4"
1.99377931381466e-21,0.531321361438507,0.283,0.209,4.88575620850283e-17,"PROX1_endothelial","CHD7"
9.4264087863228e-22,0.529852285125107,0.258,0.184,2.3099414730884e-17,"PROX1_endothelial","SCNN1B"
1.31788093884852e-34,0.529629097618504,0.432,0.327,3.22946724064829e-30,"PROX1_endothelial","PROCR"
6.04928255482894e-22,0.529310457760244,0.401,0.326,1.48237669006083e-17,"PROX1_endothelial","PCDH17"
4.30706344529318e-35,0.528925028376247,0.412,0.307,1.05544589726909e-30,"PROX1_endothelial","RXRA"
2.58471140424821e-19,0.528507913654171,0.27,0.201,6.33383529611023e-15,"PROX1_endothelial","SUPT20H"
3.19515849567791e-98,0.518075077864091,0.768,0.608,7.82973589365871e-94,"PROX1_endothelial","ICAM2"
1.05426919192087e-32,0.517428674184155,0.534,0.444,2.5834866548021e-28,"PROX1_endothelial","PARP14"
8.54817367064699e-28,0.517396173057415,0.365,0.272,2.09472995799204e-23,"PROX1_endothelial","SCAPER"
7.23954016593606e-24,0.516524351545423,0.294,0.212,1.77404931766263e-19,"PROX1_endothelial","RFTN2"
2.44141276212622e-102,0.514803133417789,0.831,0.665,5.98268197359029e-98,"PROX1_endothelial","IGFBP6"
1.84677501330884e-46,0.514154284079488,0.579,0.462,4.52552217011331e-42,"PROX1_endothelial","SNRK"
6.40702949824101e-20,0.513917555254256,0.317,0.245,1.57004257854396e-15,"PROX1_endothelial","SMS"
1.90826633394842e-59,0.513670708374529,0.718,0.595,4.67620665134061e-55,"PROX1_endothelial","IGFBP2"
2.2479330798433e-99,0.513452444799521,0.804,0.635,5.50856001215602e-95,"PROX1_endothelial","CCL14"
2.08172526305053e-57,0.513057671079909,0.646,0.516,5.10126775710533e-53,"PROX1_endothelial","MPDZ"
3.8553910361062e-19,0.511415952051731,0.336,0.266,9.44763573397824e-15,"PROX1_endothelial","RASSF1"
1.53580403621015e-21,0.511007543017374,0.374,0.299,3.76348779073298e-17,"PROX1_endothelial","IFI35"
2.29048196999356e-62,0.509528032974791,0.679,0.553,5.61282606746923e-58,"PROX1_endothelial","MDFIC"
2.8949489321343e-106,0.509030134533875,0.904,0.842,7.0940723581951e-102,"PROX1_endothelial","IFI27"
8.959032048975e-19,0.50772325432127,0.252,0.185,2.19541080360132e-14,"PROX1_endothelial","CRNKL1"
2.53993329956829e-75,0.506542205479323,0.92,0.852,6.22410655059209e-71,"PROX1_endothelial","EGFL7"
1.25222389574146e-23,0.505848356977305,0.619,0.56,3.06857465651446e-19,"PROX1_endothelial","FMO2"
7.16603489903637e-54,0.505281087971958,0.677,0.568,1.75603685200886e-49,"PROX1_endothelial","MAGED2"
1.00927366176491e-52,0.50275737637453,0.772,0.676,2.47322510815491e-48,"PROX1_endothelial","DUSP6"
1.79088598872967e-28,0.501926323454435,0.427,0.334,4.38856611538207e-24,"PROX1_endothelial","IRAK3"
6.01770473760265e-108,0.501337813110617,0.857,0.715,1.47463854594953e-103,"PROX1_endothelial","PRCP"
5.45858388147446e-25,0.49839684728448,0.365,0.279,1.33762598015532e-20,"PROX1_endothelial","ZFYVE16"
2.45456720712981e-60,0.497666816991573,0.771,0.655,6.0149169410716e-56,"PROX1_endothelial","GRASP"
4.01613138172958e-45,0.497047216387365,0.6,0.489,9.84152995092834e-41,"PROX1_endothelial","TSPAN18"
1.85370801063005e-25,0.495557481143541,0.34,0.254,4.54251148004893e-21,"PROX1_endothelial","GSTM3"
4.06522355857017e-18,0.494789371692765,0.285,0.216,9.9618303302762e-14,"PROX1_endothelial","TRIM2"
1.67295103867914e-70,0.493542778460624,0.773,0.671,4.09956652028323e-66,"PROX1_endothelial","ARL4A"
9.00814368265387e-81,0.493203419008556,0.753,0.614,2.20744560943433e-76,"PROX1_endothelial","NUDT4"
2.25489812261014e-21,0.493011800040308,0.273,0.196,5.52562784945616e-17,"PROX1_endothelial","ERMP1"
2.21900353785619e-66,0.491675123691171,0.744,0.613,5.43766816951659e-62,"PROX1_endothelial","RBP7"
2.15410487082515e-43,0.488904907469714,0.548,0.428,5.27863398595702e-39,"PROX1_endothelial","EPB41L2"
2.39419473382253e-26,0.487941226813054,0.43,0.341,5.86697419523211e-22,"PROX1_endothelial","CHD2"
4.20854762828997e-40,0.486305384307711,0.498,0.383,1.03130459631246e-35,"PROX1_endothelial","AR"
5.95579271584727e-19,0.486251150992049,0.315,0.244,1.45946700501837e-14,"PROX1_endothelial","CMC1"
2.18274189506998e-53,0.485846686855097,0.653,0.53,5.34880901386899e-49,"PROX1_endothelial","TCN2"
6.80297563052533e-28,0.48536146599198,0.414,0.321,1.66706917826023e-23,"PROX1_endothelial","EPN2"
1.59210165273307e-130,0.484987228443194,0.927,0.815,3.90144510002239e-126,"PROX1_endothelial","PODXL"
4.16902772094263e-33,0.482469720898841,0.441,0.341,1.02162024301699e-28,"PROX1_endothelial","SRPK2"
8.25057702833127e-16,0.480157455640103,0.277,0.214,2.02180390079258e-11,"PROX1_endothelial","CHORDC1"
8.97434148327868e-29,0.479596802172498,0.385,0.286,2.19916238047744e-24,"PROX1_endothelial","TCEAL2"
2.58524827329669e-25,0.479327656968403,0.337,0.25,6.33515089371353e-21,"PROX1_endothelial","FAM73A"
1.15331911858872e-26,0.477857772278229,0.314,0.224,2.82620850010165e-22,"PROX1_endothelial","ARHGAP6"
2.31836018447505e-117,0.477762227492073,0.906,0.796,5.68114163205611e-113,"PROX1_endothelial","NR2F2"
1.43299501144109e-72,0.4772899009122,0.658,0.485,3.5115542755364e-68,"PROX1_endothelial","MAFB"
3.89252365110094e-25,0.477215400231284,0.42,0.336,9.53862920702285e-21,"PROX1_endothelial","ERGIC2"
1.85763711664742e-15,0.476787037722651,0.384,0.326,4.5521397543445e-11,"PROX1_endothelial","VASP"
8.81079257048002e-21,0.476217238647732,0.294,0.219,2.15908471939613e-16,"PROX1_endothelial","ZNF91"
3.4194731590412e-23,0.4756184912225,0.378,0.291,8.37941897623047e-19,"PROX1_endothelial","C12orf75"
1.40860009444582e-32,0.473789764116527,0.509,0.411,3.45177453143948e-28,"PROX1_endothelial","ZNF24"
1.42921891851829e-35,0.473400731485629,0.518,0.414,3.50230095982908e-31,"PROX1_endothelial","DOCK4"
8.50511714065098e-94,0.470787077080818,0.892,0.764,2.08417895531652e-89,"PROX1_endothelial","RAMP3"
2.69569873797629e-14,0.468079861814619,0.256,0.198,6.60580975741091e-10,"PROX1_endothelial","IVNS1ABP"
1.80679586161543e-28,0.466940385373965,0.469,0.374,4.4275532588886e-24,"PROX1_endothelial","ZCCHC11"
2.66253777481245e-22,0.465782557609166,0.354,0.272,6.52454881717791e-18,"PROX1_endothelial","RAB8B"
1.3556980811876e-14,0.463551790404962,0.298,0.239,3.32213814795022e-10,"PROX1_endothelial","PDZD8"
2.77467798056808e-43,0.462840276590709,0.632,0.515,6.79934839138208e-39,"PROX1_endothelial","ENDOD1"
4.97673414188151e-21,0.462478014257241,0.25,0.176,1.21954870146806e-16,"PROX1_endothelial","PDE1A"
2.48297429958306e-16,0.459977696280538,0.265,0.202,6.0845285211283e-12,"PROX1_endothelial","ANKRD26"
1.89887764309476e-23,0.459418572730109,0.676,0.612,4.65319966440371e-19,"PROX1_endothelial","FAM107A"
4.20637043265311e-22,0.459155135574843,0.408,0.33,1.03077107452165e-17,"PROX1_endothelial","CLDND1"
4.80604376743486e-143,0.457741887325981,0.367,0.162,1.17772102520991e-138,"PROX1_endothelial","RGS5"
3.82488476582913e-26,0.457306735419434,0.403,0.309,9.37288011866429e-22,"PROX1_endothelial","MEDAG"
7.80155539797382e-21,0.456568384158972,0.296,0.219,1.91177115027349e-16,"PROX1_endothelial","MTSS1"
4.02310784629244e-25,0.455829117382048,0.449,0.366,9.85862577733963e-21,"PROX1_endothelial","C21orf59"
4.07209762926493e-33,0.452977255284245,0.516,0.416,9.97867524051372e-29,"PROX1_endothelial","VPS36"
1.71577087482269e-17,0.452579865233043,0.301,0.231,4.20449652875299e-13,"PROX1_endothelial","TLR4"
6.11985759037606e-17,0.451423227617505,0.268,0.203,1.49967110252165e-12,"PROX1_endothelial","ANKS1A"
3.98843959096077e-29,0.451043938752949,0.484,0.391,9.77367121764936e-25,"PROX1_endothelial","REV3L"
7.25073544955032e-15,0.450935104343345,0.279,0.218,1.77679272191231e-10,"PROX1_endothelial","RCBTB2"
7.65777159393006e-46,0.450073099508266,0.671,0.583,1.87653692909256e-41,"PROX1_endothelial","ASAP1"
1.49070044706035e-13,0.449987808030642,0.277,0.221,3.65296144552139e-09,"PROX1_endothelial","KIAA0232"
2.16868089522722e-31,0.449669747041827,0.526,0.429,5.31435253375431e-27,"PROX1_endothelial","OTUD6B-AS1"
1.01794464490408e-37,0.449554288045882,0.588,0.49,2.49447335233745e-33,"PROX1_endothelial","TRIP11"
6.12525214970307e-23,0.44893159851666,0.414,0.335,1.50099303928474e-18,"PROX1_endothelial","PLIN2"
2.17831004850156e-40,0.448540140390536,0.604,0.5,5.33794877385306e-36,"PROX1_endothelial","BORCS7"
3.21197006593029e-28,0.447321584183567,0.498,0.412,7.87093264656218e-24,"PROX1_endothelial","C5orf24"
1.85105187416734e-24,0.447175784494241,0.339,0.251,4.53600261764706e-20,"PROX1_endothelial","DLL4"
8.10044085042828e-40,0.446561175073301,0.609,0.511,1.98501303039745e-35,"PROX1_endothelial","GCC2"
1.59579169682037e-41,0.445450955687212,0.643,0.551,3.91048755305832e-37,"PROX1_endothelial","NUDT3"
1.33124359208319e-55,0.443987528342648,0.714,0.604,3.26221242239986e-51,"PROX1_endothelial","FAM198B"
1.91005653316724e-199,0.441364648908791,0.999,0.995,4.68059353452631e-195,"PROX1_endothelial","CLU"
1.08341476307803e-16,0.440053059180938,0.26,0.195,2.65490787692271e-12,"PROX1_endothelial","TEAD2"
1.25474135546835e-15,0.439600258840791,0.325,0.261,3.0747436915752e-11,"PROX1_endothelial","CWC22"
4.37726426403565e-80,0.438617406495709,0.592,0.392,1.07264860790194e-75,"PROX1_endothelial","ACKR4"
8.41467227088773e-18,0.438077358317781,0.36,0.29,2.06201543998104e-13,"PROX1_endothelial","USP33"
2.27966828523874e-15,0.436802343083684,0.276,0.213,5.58632713297754e-11,"PROX1_endothelial","SNAPC1"
1.83237515212716e-24,0.436379588023559,0.443,0.359,4.49023531028759e-20,"PROX1_endothelial","PRPF38A"
8.64150165576015e-41,0.435735212437468,0.563,0.436,2.11759998074402e-36,"PROX1_endothelial","SPINT2"
1.77228056023504e-25,0.435343165567665,0.44,0.351,4.34297351285597e-21,"PROX1_endothelial","TM2D3"
1.93427464127247e-44,0.43529233928752,0.677,0.581,4.73994000843819e-40,"PROX1_endothelial","CCDC47"
3.4601633195801e-15,0.435145869788532,0.268,0.206,8.47913021463103e-11,"PROX1_endothelial","CREBZF"
4.79648654475634e-15,0.434695859736972,0.272,0.208,1.17537902779254e-10,"PROX1_endothelial","BEX5"
7.7504525238711e-14,0.43390744090229,0.273,0.215,1.89924839097461e-09,"PROX1_endothelial","MRFAP1L1"
3.99964161821021e-17,0.433153033200105,0.274,0.207,9.80112178542412e-13,"PROX1_endothelial","IL15RA"
1.78801189092653e-15,0.432409943701979,0.265,0.204,4.38152313871547e-11,"PROX1_endothelial","RUFY2"
1.53127175552315e-10,0.431922286576783,0.254,0.207,3.75238143690947e-06,"PROX1_endothelial","AKIRIN2"
1.29553930607077e-15,0.431724780410823,0.294,0.229,3.17471906952643e-11,"PROX1_endothelial","STARD3NL"
6.66425437603583e-23,0.431540366554195,0.404,0.32,1.63307553484758e-18,"PROX1_endothelial","ATF7IP"
1.35284725391696e-14,0.430741314107892,0.307,0.245,3.3151521957235e-10,"PROX1_endothelial","NAB1"
1.70176724444399e-80,0.427689471263706,0.866,0.789,4.17018063250999e-76,"PROX1_endothelial","N4BP2L2"
5.83350349537964e-20,0.426438863802946,0.364,0.289,1.42950003154278e-15,"PROX1_endothelial","AC090498.1"
5.35551550912316e-13,0.425693671831418,0.274,0.218,1.31236907551063e-08,"PROX1_endothelial","ESCO1"
6.43915003885559e-15,0.425637777534306,0.34,0.279,1.57791371702156e-10,"PROX1_endothelial","KIAA0141"
1.33614025785216e-26,0.425594926832804,0.46,0.366,3.27421170186672e-22,"PROX1_endothelial","PER1"
1.91406195227598e-29,0.425516464691829,0.52,0.434,4.69040881405229e-25,"PROX1_endothelial","SPATS2L"
7.54857978152127e-47,0.424523070375361,0.681,0.573,1.84977947546179e-42,"PROX1_endothelial","DDX3Y"
3.94261481733362e-32,0.423666416532149,0.544,0.446,9.66137760987603e-28,"PROX1_endothelial","NDUFA3"
2.26342992387743e-14,0.423301775817035,0.281,0.22,5.54653502846164e-10,"PROX1_endothelial","UBR2"
1.01622612138076e-104,0.422910214367494,0.892,0.755,2.49026211044356e-100,"PROX1_endothelial","SRGN"
4.14299096518368e-62,0.422888407508787,0.786,0.68,1.01523993601826e-57,"PROX1_endothelial","LHFP"
1.45292542789188e-17,0.4223397706824,0.338,0.27,3.56039376104906e-13,"PROX1_endothelial","PPIE"
1.17084026856402e-49,0.421803346982101,0.862,0.783,2.86914407811613e-45,"PROX1_endothelial","HYAL2"
4.63910644475821e-68,0.421632197444087,0.929,0.89,1.136813034288e-63,"PROX1_endothelial","BTG1"
2.92448484795303e-56,0.420655405108008,0.767,0.667,7.1664501199089e-52,"PROX1_endothelial","EPHX1"
6.77510009459591e-27,0.419150642234054,0.488,0.394,1.66023827818073e-22,"PROX1_endothelial","BEX4"
3.12621001850174e-32,0.419009061623319,0.575,0.474,7.66077765033852e-28,"PROX1_endothelial","RASIP1"
4.46163984834633e-63,0.418265646795601,0.783,0.692,1.09332484483727e-58,"PROX1_endothelial","MEF2C"
3.08203949305482e-13,0.418061200628775,0.252,0.197,7.55253777773084e-09,"PROX1_endothelial","YTHDC2"
4.71696084539374e-24,0.417847600375726,0.474,0.39,1.15589125516374e-19,"PROX1_endothelial","TNFAIP1"
1.22039784361408e-43,0.417356937300149,0.655,0.555,2.99058491577631e-39,"PROX1_endothelial","TROVE2"
5.07840250481513e-17,0.416761172812187,0.405,0.339,1.24446253380495e-12,"PROX1_endothelial","FYN"
1.18962545937976e-17,0.416648757002249,0.331,0.26,2.9151771882101e-13,"PROX1_endothelial","NINJ1"
4.34725151882394e-35,0.415840655258168,0.521,0.408,1.06529398468781e-30,"PROX1_endothelial","ADD3"
2.64927166573537e-13,0.413128545331028,0.323,0.269,6.49204021688453e-09,"PROX1_endothelial","ARL8A"
4.52356003714667e-22,0.411967436449752,0.452,0.374,1.10849838710279e-17,"PROX1_endothelial","PPIL4"
1.50635462533911e-14,0.411535781044175,0.313,0.251,3.69132200939349e-10,"PROX1_endothelial","GPATCH2L"
6.27844842855614e-19,0.410546063034533,0.401,0.328,1.53853378741768e-14,"PROX1_endothelial","CDC42EP1"
6.42523022457548e-10,0.409710047102765,0.356,0.312,1.57450266653222e-05,"PROX1_endothelial","USP53"
4.58732035060152e-24,0.409357874748231,0.498,0.409,1.1241228519149e-19,"PROX1_endothelial","HSPA2"
6.40289967266838e-92,0.408586170566918,0.899,0.801,1.56903056478739e-87,"PROX1_endothelial","KLF4"
2.39193403311795e-20,0.408367121178605,0.452,0.373,5.86143434815554e-16,"PROX1_endothelial","IKBIP"
1.6074570050705e-15,0.408269177445462,0.395,0.335,3.93907339092526e-11,"PROX1_endothelial","UBA2"
8.66478736865724e-40,0.407818759123179,0.635,0.538,2.12330614468946e-35,"PROX1_endothelial","BAZ2B"
9.2369507963467e-43,0.407247174486196,0.707,0.623,2.26351479264476e-38,"PROX1_endothelial","DDX18"
1.43247221922097e-10,0.406491493798086,0.254,0.206,3.51027317320098e-06,"PROX1_endothelial","UTP6"
9.39239073491974e-22,0.406490211337603,0.384,0.3,2.30160534959208e-17,"PROX1_endothelial","CMTM3"
9.02411579254469e-13,0.406334895677082,0.354,0.301,2.21135957496308e-08,"PROX1_endothelial","APOA1BP"
4.03479991467276e-26,0.405545372849956,0.473,0.385,9.88727719090559e-22,"PROX1_endothelial","CENPC"
3.69896661422755e-95,0.40523381484702,0.948,0.894,9.06431768816461e-91,"PROX1_endothelial","TSC22D1"
2.02405942304315e-12,0.404788224500565,0.294,0.24,4.95995761616724e-08,"PROX1_endothelial","STXBP1"
1.79764464716925e-20,0.403896662285268,0.425,0.351,4.40512820788824e-16,"PROX1_endothelial","BLCAP"
7.31817584465233e-34,0.403644150683684,0.631,0.532,1.79331899073205e-29,"PROX1_endothelial","HEBP1"
1.16959702934254e-17,0.400790248201743,0.421,0.352,2.8660975204039e-13,"PROX1_endothelial","XIAP"
1.8696074192082e-16,0.400711102621821,0.376,0.309,4.58147298076969e-12,"PROX1_endothelial","PHF1"
1.13020235122687e-14,0.40049401442066,0.291,0.229,2.76956086168144e-10,"PROX1_endothelial","SEPT6"
1.43258274733002e-15,0.400228562559474,0.326,0.261,3.51054402233223e-11,"PROX1_endothelial","UFSP2"
2.27604365518911e-11,0.39946347805251,0.289,0.238,5.57744497704091e-07,"PROX1_endothelial","AZI2"
7.12465381771864e-20,0.399393366456505,0.421,0.345,1.74589641803195e-15,"PROX1_endothelial","COPA"
2.64300775287989e-08,0.398562827557202,0.254,0.214,0.000647669049843216,"PROX1_endothelial","SLC25A24"
2.57782035303607e-13,0.39805013646011,0.317,0.258,6.31694877511489e-09,"PROX1_endothelial","EFR3A"
5.68068386305649e-12,0.397685266229173,0.258,0.204,1.39205158064199e-07,"PROX1_endothelial","CASD1"
3.98653260460283e-16,0.396805998544945,0.346,0.28,9.76899814757924e-12,"PROX1_endothelial","ZC3H6"
2.36087240383049e-32,0.394179348060595,0.626,0.53,5.7853178255866e-28,"PROX1_endothelial","LUC7L3"
1.1346130822168e-14,0.39417288357557,0.333,0.271,2.78036935797227e-10,"PROX1_endothelial","CDK13"
1.20770366562263e-27,0.394095894139243,0.511,0.416,2.95947783260826e-23,"PROX1_endothelial","TLE1"
3.93606015485473e-13,0.39391999804111,0.316,0.256,9.64531540947152e-09,"PROX1_endothelial","ZBED6"
1.83755315327757e-13,0.391032058529945,0.367,0.305,4.50292400210668e-09,"PROX1_endothelial","IFIT3"
6.91152766958011e-33,0.390639831180548,0.604,0.509,1.69366985543061e-28,"PROX1_endothelial","SCARB2"
7.7987247895412e-69,0.390141838818064,0.839,0.724,1.91107750967707e-64,"PROX1_endothelial","MARCKS"
5.68227498706602e-16,0.390011666722443,0.308,0.241,1.39244148558053e-11,"PROX1_endothelial","CEP85L"
1.05290761919187e-09,0.389398069658824,0.304,0.259,2.58015012082968e-05,"PROX1_endothelial","JOSD1"
6.54058361198303e-18,0.389128990715482,0.326,0.254,1.60277001411644e-13,"PROX1_endothelial","RNPC3"
2.59397796061663e-85,0.389115764702836,0.734,0.56,6.35654299249105e-81,"PROX1_endothelial","PLPP3"
9.89863079766804e-43,0.388871399312611,0.703,0.604,2.42565947696855e-38,"PROX1_endothelial","AP1S2"
2.57657442780801e-35,0.387830745557076,0.581,0.478,6.31389563534353e-31,"PROX1_endothelial","ZRANB2"
2.99548405112725e-25,0.387567976338089,0.469,0.378,7.34043366728732e-21,"PROX1_endothelial","ILK"
1.3683933235075e-16,0.387138325422334,0.367,0.298,3.35324783925513e-12,"PROX1_endothelial","PPM1F"
6.76211833135271e-15,0.38623620233783,0.301,0.237,1.65705709709798e-10,"PROX1_endothelial","CAMKK2"
5.87593206771086e-15,0.385837075130319,0.334,0.268,1.43989715319255e-10,"PROX1_endothelial","H2AFX"
1.55863122297476e-24,0.385035312012561,0.442,0.352,3.81942581189965e-20,"PROX1_endothelial","RBM5"
2.66258395306802e-31,0.384842291592072,0.629,0.541,6.52466197699319e-27,"PROX1_endothelial","ROCK2"
1.27989727486786e-10,0.384309156286581,0.258,0.21,3.13638827206368e-06,"PROX1_endothelial","LRRC58"
4.34135002813126e-15,0.383462123061265,0.395,0.333,1.06384782439357e-10,"PROX1_endothelial","FRA10AC1"
2.74691434564663e-13,0.382902753264362,0.323,0.263,6.73131360400707e-09,"PROX1_endothelial","MFAP1"
2.36798041070369e-38,0.382503055881222,0.703,0.61,5.8027359964294e-34,"PROX1_endothelial","FLT1"
1.47827275146427e-13,0.381841117270479,0.334,0.277,3.62250737746319e-09,"PROX1_endothelial","TRAPPC4"
2.04608291031684e-14,0.381315298890642,0.425,0.365,5.0139261717314e-10,"PROX1_endothelial","TMEM9B"
4.80625898138796e-12,0.380529473145248,0.252,0.197,1.17777376338912e-07,"PROX1_endothelial","CAPN7"
1.08641708527189e-13,0.379981122974021,0.313,0.252,2.66226506745877e-09,"PROX1_endothelial","ZMYM2"
3.84531865576164e-06,0.37935711476816,0.375,0.344,0.0942295336594391,"PROX1_endothelial","HBEGF"
1.54337001545052e-38,0.379223825991926,0.621,0.512,3.78202822286151e-34,"PROX1_endothelial","KCNN3"
1.60656010952147e-14,0.378799467352085,0.322,0.259,3.93687554838235e-10,"PROX1_endothelial","LUC7L"
7.37069125068954e-15,0.378691286865447,0.332,0.262,1.80618789098147e-10,"PROX1_endothelial","DMKN"
2.98148875553325e-13,0.37863846160844,0.28,0.221,7.30613819543423e-09,"PROX1_endothelial","MTF2"
1.29520063233884e-22,0.378484356348029,0.502,0.421,3.17388914954632e-18,"PROX1_endothelial","MTIF3"
8.62752247879735e-27,0.378467584652605,0.543,0.454,2.11417438342929e-22,"PROX1_endothelial","PKN2"
1.86309502005506e-16,0.378363509457973,0.421,0.351,4.56551434664492e-12,"PROX1_endothelial","TMPO"
1.39860543593374e-24,0.377894485754917,0.512,0.428,3.42728262075563e-20,"PROX1_endothelial","NR3C1"
6.91890111910201e-15,0.377495048864558,0.388,0.325,1.69547671923595e-10,"PROX1_endothelial","CUL5"
1.29903042710394e-26,0.376799522877286,0.593,0.508,3.1832740616182e-22,"PROX1_endothelial","ECH1"
4.77822651378208e-19,0.376168097966547,0.441,0.369,1.1709044072023e-14,"PROX1_endothelial","MARCH7"
7.70723392556327e-13,0.374776319639375,0.3,0.243,1.88865767345928e-08,"PROX1_endothelial","SEC22C"
1.03488774107882e-12,0.374518156709216,0.317,0.26,2.53599240951366e-08,"PROX1_endothelial","TPBG"
1.09340576378865e-22,0.374198856504865,0.497,0.417,2.67939082416408e-18,"PROX1_endothelial","ELK4"
1.44645533014862e-18,0.374187579351591,0.414,0.342,3.5445387865292e-14,"PROX1_endothelial","CDKN1B"
4.82100865549214e-20,0.373724316130034,0.482,0.411,1.18138817102835e-15,"PROX1_endothelial","PAFAH1B1"
1.56336424923221e-28,0.37370843247602,0.568,0.471,3.83102409274353e-24,"PROX1_endothelial","CDKN1C"
1.72006019640102e-107,0.373696102065226,0.957,0.882,4.2150075112807e-103,"PROX1_endothelial","SEPW1"
3.5292799459079e-13,0.373649350812393,0.317,0.259,8.64850050744731e-09,"PROX1_endothelial","ACADM"
5.61865924258983e-11,0.373578051369895,0.261,0.21,1.37685244739664e-06,"PROX1_endothelial","PIBF1"
3.7986225712917e-09,0.373521339976906,0.266,0.223,9.3085246109503e-05,"PROX1_endothelial","POLR2M"
5.83366465061013e-22,0.371873643250544,0.486,0.406,1.42953952263201e-17,"PROX1_endothelial","SPOP"
1.3379804883199e-13,0.369443396847789,0.343,0.283,3.2787211866279e-09,"PROX1_endothelial","MFNG"
1.09360138139493e-13,0.369427069899896,0.396,0.336,2.67987018510827e-09,"PROX1_endothelial","ATXN3"
1.38980846077776e-15,0.368942373291969,0.352,0.287,3.40572563313591e-11,"PROX1_endothelial","VPS13A"
7.29423441547436e-13,0.368204673179923,0.303,0.243,1.78745214351199e-08,"PROX1_endothelial","POLR2J3"
5.67287671632826e-16,0.368102794689236,0.415,0.348,1.39013843933624e-11,"PROX1_endothelial","UFL1"
9.00781046853388e-11,0.367976455583704,0.288,0.236,2.20736395531423e-06,"PROX1_endothelial","B4GAT1"
1.23866200837755e-21,0.36773803904582,0.484,0.403,3.03534125152919e-17,"PROX1_endothelial","RARRES3"
8.0774191619758e-14,0.367541079376103,0.398,0.338,1.97937156564217e-09,"PROX1_endothelial","CFAP20"
2.7374366880255e-46,0.36724447752885,0.777,0.7,6.70808860400648e-42,"PROX1_endothelial","CCDC50"
1.15604844629039e-08,0.36724323479456,0.328,0.284,0.00028328967176346,"PROX1_endothelial","H1F0"
1.16649925681097e-11,0.367229866739052,0.31,0.257,2.85850642881528e-07,"PROX1_endothelial","ZC3H14"
8.66612809653504e-11,0.36685981599437,0.267,0.217,2.12363469005591e-06,"PROX1_endothelial","GGPS1"
2.05414120571524e-34,0.366265799244881,0.634,0.546,5.03367302460519e-30,"PROX1_endothelial","RAB14"
2.36477891448578e-26,0.366152224490997,0.437,0.339,5.79489072994741e-22,"PROX1_endothelial","WFS1"
3.36065459043735e-22,0.365940880152657,0.414,0.329,8.23528407386674e-18,"PROX1_endothelial","NID1"
2.16611148321003e-11,0.365824672208792,0.32,0.267,5.30805618960618e-07,"PROX1_endothelial","GNB4"
6.79592241477282e-11,0.36556683291729,0.323,0.273,1.66534078774008e-06,"PROX1_endothelial","FIP1L1"
2.32492899695884e-14,0.365074287470704,0.28,0.218,5.69723850704763e-10,"PROX1_endothelial","AFAP1L1"
4.38077591782328e-08,0.364852256968033,0.27,0.23,0.00107350913866259,"PROX1_endothelial","MRPL19"
7.04624123461045e-11,0.364583900032246,0.301,0.248,1.72668141454129e-06,"PROX1_endothelial","RAB11FIP5"
1.98293919254562e-09,0.364490268031124,0.261,0.216,4.85919249133305e-05,"PROX1_endothelial","STX17"
6.34262038842027e-12,0.364162545200402,0.269,0.216,1.55425912618239e-07,"PROX1_endothelial","CPT1A"
5.11541365967689e-11,0.364123228609582,0.291,0.24,1.25353211730382e-06,"PROX1_endothelial","TRIM22"
2.81061324558567e-24,0.364066885687364,0.554,0.469,6.88740775830769e-20,"PROX1_endothelial","SHANK3"
1.11656395978671e-35,0.36389100563271,0.679,0.596,2.73613998345734e-31,"PROX1_endothelial","PURA"
1.94284127628581e-14,0.363643659184451,0.318,0.256,4.76093254753837e-10,"PROX1_endothelial","AK4"
3.00963118997304e-18,0.36342510026291,0.497,0.435,7.37510123102894e-14,"PROX1_endothelial","ADAM10"
2.64701974729647e-16,0.363123447507182,0.366,0.298,6.48652189075001e-12,"PROX1_endothelial","IRF2"
9.35963971169767e-28,0.362876426255829,0.592,0.515,2.29357971135151e-23,"PROX1_endothelial","MCFD2"
6.8955577542024e-93,0.362756885353346,0.941,0.899,1.6897564276673e-88,"PROX1_endothelial","SON"
8.04968808727644e-19,0.362514509213931,0.462,0.392,1.97257606578709e-14,"PROX1_endothelial","CREG1"
4.02241175005937e-13,0.361025725857516,0.439,0.386,9.85691999352049e-09,"PROX1_endothelial","ZFR"
8.39090979087412e-15,0.360518667929621,0.334,0.271,2.0561924442537e-10,"PROX1_endothelial","HMGXB4"
7.9741939463317e-11,0.359919940306594,0.319,0.27,1.95407622654858e-06,"PROX1_endothelial","EIF1AY"
1.33192315430718e-34,0.358747403052703,0.728,0.665,3.26387768962973e-30,"PROX1_endothelial","AKAP9"
3.15636546311152e-13,0.358416519290081,0.353,0.293,7.73467356735479e-09,"PROX1_endothelial","PLK3"
6.71112976173115e-18,0.358353879130567,0.461,0.393,1.64456234811222e-13,"PROX1_endothelial","SECISBP2L"
4.00976759874612e-13,0.358272973078684,0.316,0.256,9.82593550072736e-09,"PROX1_endothelial","MRPS31"
3.8256676505781e-12,0.358203700074983,0.273,0.219,9.37479857774163e-08,"PROX1_endothelial","CLOCK"
2.80241731484847e-42,0.35719186214603,0.783,0.707,6.86732363003617e-38,"PROX1_endothelial","DUT"
3.00800950297748e-09,0.356965676297742,0.264,0.219,7.37112728704631e-05,"PROX1_endothelial","MORC3"
3.53623791524304e-12,0.356948519524404,0.315,0.257,8.66555101130306e-08,"PROX1_endothelial","SRGAP2C"
1.43520358816929e-07,0.356405616477035,0.259,0.22,0.00351696639280886,"PROX1_endothelial","ARAP3"
4.15680039036541e-78,0.356212933140297,0.943,0.901,1.01862393565904e-73,"PROX1_endothelial","SEC62"
1.68826995577121e-11,0.355128532310598,0.292,0.239,4.13710552661736e-07,"PROX1_endothelial","YAF2"
5.77975183925867e-34,0.354947349971562,0.712,0.634,1.41632818821034e-29,"PROX1_endothelial","PCM1"
1.20879264214355e-24,0.354667410749725,0.544,0.455,2.96214636957278e-20,"PROX1_endothelial","MRPL51"
4.66249926224527e-22,0.354223070472036,0.524,0.446,1.1425454442132e-17,"PROX1_endothelial","COL4A3BP"
4.33275041312272e-35,0.354183796423711,0.697,0.595,1.06174048873572e-30,"PROX1_endothelial","PPP1CB"
2.31368358590894e-17,0.353946656385556,0.369,0.298,5.66968162726986e-13,"PROX1_endothelial","NOC3L"
3.71026279936729e-69,0.353644902658725,0.919,0.865,9.09199898984955e-65,"PROX1_endothelial","PALMD"
3.6815899124958e-23,0.353629982286348,0.482,0.397,9.02173608057095e-19,"PROX1_endothelial","ST6GAL1"
3.40173699454659e-10,0.352553246169082,0.257,0.21,8.33595650513643e-06,"PROX1_endothelial","THUMPD3-AS1"
1.29153431116671e-23,0.352139846610656,0.549,0.468,3.16490482951402e-19,"PROX1_endothelial","GLO1"
7.79039394089332e-16,0.351901439022594,0.369,0.3,1.90903603521591e-11,"PROX1_endothelial","ITPR1"
2.36670811801105e-12,0.351445887910317,0.369,0.314,5.79961824318608e-08,"PROX1_endothelial","SDF2"
1.01698815161396e-24,0.351249663904375,0.612,0.538,2.49212946553e-20,"PROX1_endothelial","TNS2"
9.52977629903789e-08,0.350634129281095,0.288,0.247,0.00233527168207923,"PROX1_endothelial","TMCC3"
9.96446707741064e-16,0.350590261111815,0.397,0.331,2.44179265731948e-11,"PROX1_endothelial","GOSR1"
3.60242442818466e-14,0.350317262733751,0.398,0.33,8.8277410612665e-10,"PROX1_endothelial","PIK3R1"
6.62607804580446e-12,0.350262146899567,0.288,0.233,1.62372042512438e-07,"PROX1_endothelial","ECHDC2"
2.91735964646089e-11,0.350213998218357,0.277,0.221,7.14898981365242e-07,"PROX1_endothelial","ARHGAP20"
2.28583271031735e-26,0.349947896083473,0.672,0.601,5.60143305663268e-22,"PROX1_endothelial","SELK"
3.42151858294084e-17,0.348725029818775,0.435,0.368,8.38443128749652e-13,"PROX1_endothelial","FAM210B"
2.00749730554456e-10,0.348294581679345,0.365,0.313,4.91937214723695e-06,"PROX1_endothelial","PEAK1"
5.08748563707184e-18,0.348069887855172,0.44,0.364,1.24668835536445e-13,"PROX1_endothelial","PCYOX1"
9.93984854318856e-13,0.347973925150494,0.414,0.359,2.43575988550836e-08,"PROX1_endothelial","MIS18BP1"
6.55164892301654e-11,0.347884985941268,0.322,0.271,1.6054815685852e-06,"PROX1_endothelial","CKLF"
1.45805946181815e-10,0.347884878929566,0.263,0.213,3.57297471118537e-06,"PROX1_endothelial","LMBR1"
3.56522526974894e-10,0.347788327139094,0.311,0.26,8.73658452351979e-06,"PROX1_endothelial","CCM2L"
3.19782186096112e-13,0.347402077985286,0.268,0.208,7.83626247028522e-09,"PROX1_endothelial","PRRG1"
3.20978280465181e-14,0.347385114933886,0.393,0.331,7.86557276279927e-10,"PROX1_endothelial","MECP2"
2.95731304906944e-22,0.347179195486072,0.507,0.423,7.24689562674466e-18,"PROX1_endothelial","PRMT2"
1.04749802024965e-11,0.346858631056339,0.256,0.202,2.56689389862176e-07,"PROX1_endothelial","SYNRG"
1.60861403429067e-19,0.346733282172237,0.404,0.324,3.94190869102929e-15,"PROX1_endothelial","MAPRE2"
2.52451217193157e-18,0.345580329328756,0.536,0.472,6.18631707731832e-14,"PROX1_endothelial","ZNF292"
4.58783815690991e-48,0.345181702966613,0.778,0.697,1.12424974035077e-43,"PROX1_endothelial","LDB2"
4.65484595319569e-73,0.344242494740335,0.92,0.871,1.1406700008306e-68,"PROX1_endothelial","TACC1"
7.2712886962692e-15,0.343623134855123,0.412,0.347,1.78182929502077e-10,"PROX1_endothelial","BCAR1"
2.43301374845019e-06,0.343126815095856,0.284,0.25,0.0596210019057718,"PROX1_endothelial","GNPTG"
9.27706012351676e-14,0.343061249114722,0.363,0.302,2.27334358326778e-09,"PROX1_endothelial","POGZ"
3.00080938815101e-11,0.34300111861707,0.348,0.297,7.35348340566404e-07,"PROX1_endothelial","USP48"
7.40814802060836e-07,0.34189151430949,0.256,0.219,0.0181536667245008,"PROX1_endothelial","KIF2A"
1.67478046066429e-28,0.341764440379455,0.653,0.575,4.10404951885783e-24,"PROX1_endothelial","DHRS7"
1.41107924303351e-20,0.340937443958616,0.544,0.47,3.45784968505362e-16,"PROX1_endothelial","SUGT1"
2.29202641176105e-14,0.340833060591265,0.395,0.333,5.61661072202045e-10,"PROX1_endothelial","SHOC2"
3.43661060346526e-20,0.34069928598028,0.558,0.49,8.42141428379161e-16,"PROX1_endothelial","SNRPN"
6.06130253468037e-15,0.340301111688937,0.435,0.371,1.48532218612342e-10,"PROX1_endothelial","GNA11"
1.1312576724896e-08,0.340032223983022,0.293,0.249,0.000277214692643577,"PROX1_endothelial","ITPRIP"
5.13104682552877e-19,0.339682210362493,0.493,0.421,1.25736302459583e-14,"PROX1_endothelial","CEBPZ"
1.97560640602261e-19,0.339140938294049,0.458,0.382,4.84122349795841e-15,"PROX1_endothelial","CBX5"
8.41201345231841e-09,0.339029662199104,0.275,0.232,0.000206136389649063,"PROX1_endothelial","SFT2D1"
6.64970099205375e-08,0.338678955403063,0.252,0.211,0.00162950922810277,"PROX1_endothelial","ARMC1"
7.75144214961368e-11,0.3386126873683,0.303,0.252,1.89949089876283e-06,"PROX1_endothelial","DDX50"
4.8941818136489e-20,0.338540464179014,0.516,0.441,1.19931925343466e-15,"PROX1_endothelial","TECR"
1.80815688352475e-20,0.338319206942743,0.56,0.486,4.4308884430774e-16,"PROX1_endothelial","IDS"
1.48526801398034e-16,0.33828747268537,0.497,0.439,3.63964926825882e-12,"PROX1_endothelial","ADAR"
5.01825403270342e-13,0.337191730205326,0.291,0.232,1.22972315071397e-08,"PROX1_endothelial","SHPRH"
3.67795194643419e-53,0.337182895056372,0.859,0.8,9.01282124473699e-49,"PROX1_endothelial","PSME1"
5.3358733215673e-13,0.336755912553579,0.376,0.319,1.30755575745007e-08,"PROX1_endothelial","UNC50"
9.18728389788279e-10,0.335840820556671,0.283,0.236,2.25134391917618e-05,"PROX1_endothelial","PUS7L"
2.31245954333571e-08,0.335533750766441,0.254,0.211,0.000566668211094415,"PROX1_endothelial","UBN2"
8.97465194153879e-12,0.33507056854053,0.35,0.296,2.19923845827408e-07,"PROX1_endothelial","C14orf119"
1.52811356752758e-15,0.333973562810296,0.382,0.314,3.74464229722635e-11,"PROX1_endothelial","TOR1AIP1"
1.08479862345875e-08,0.333737496731032,0.264,0.219,0.000265829902678565,"PROX1_endothelial","C1orf27"
1.26601556975578e-19,0.333656583976,0.673,0.632,3.10237115368654e-15,"PROX1_endothelial","GOLGB1"
8.79580703085802e-09,0.333381590711243,0.305,0.261,0.000215541251291176,"PROX1_endothelial","ZSWIM7"
2.16594298861765e-06,0.333064294975588,0.251,0.218,0.0530764329360755,"PROX1_endothelial","KIF13A"
1.02087568141112e-15,0.333040995927037,0.422,0.354,2.50165585729794e-11,"PROX1_endothelial","PDCD7"
2.71568001295479e-25,0.3324673156643,0.658,0.584,6.65477387174572e-21,"PROX1_endothelial","PRKAR1A"
2.702136042339e-15,0.332190044705813,0.364,0.296,6.62158437175171e-11,"PROX1_endothelial","CCDC82"
2.27021482577933e-10,0.332106679310927,0.397,0.351,5.56316143057226e-06,"PROX1_endothelial","PSMD12"
2.9301390905898e-11,0.331353973069833,0.27,0.216,7.1803058414903e-07,"PROX1_endothelial","CSAD"
1.75869547357886e-16,0.331260928839925,0.392,0.321,4.30968325800501e-12,"PROX1_endothelial","SCARF1"
3.21501660115625e-11,0.330705218195153,0.266,0.215,7.8783981811334e-07,"PROX1_endothelial","IDI1"
1.26041175124424e-26,0.329839533077027,0.577,0.485,3.088638996424e-22,"PROX1_endothelial","PRPF4B"
1.4446850352409e-15,0.329392268914178,0.391,0.317,3.54020067885783e-11,"PROX1_endothelial","DDR2"
2.24854918673857e-15,0.329199035175509,0.446,0.383,5.51006978210286e-11,"PROX1_endothelial","TCEAL8"
9.64501132057713e-15,0.32882938009103,0.354,0.289,2.36351002410743e-10,"PROX1_endothelial","POLK"
7.60704057477314e-05,0.328814012590897,0.29,0.263,1,"PROX1_endothelial","BCL10"
9.7175206265549e-18,0.328405789163709,0.547,0.486,2.38127842953728e-13,"PROX1_endothelial","SHISA5"
7.09944280917997e-28,0.328062938293745,0.632,0.55,1.73971846038955e-23,"PROX1_endothelial","BNIP3L"
4.78286628714005e-12,0.327889255489553,0.365,0.309,1.17204138366367e-07,"PROX1_endothelial","COPB2"
5.89935016892578e-38,0.327649871665897,0.746,0.662,1.44563575889526e-33,"PROX1_endothelial","EFNB2"
1.72495299028151e-15,0.327574963818683,0.473,0.407,4.22699730268485e-11,"PROX1_endothelial","DNAJB14"
1.03346020008946e-10,0.327519834579888,0.325,0.274,2.53249422031922e-06,"PROX1_endothelial","EPS15"
3.68234376536231e-07,0.327501691925685,0.284,0.247,0.00902358339702035,"PROX1_endothelial","SPIN1"
6.70345310893769e-17,0.327289342598251,0.428,0.356,1.64268118434518e-12,"PROX1_endothelial","PIAS1"
1.53351018054086e-23,0.327186186331626,0.611,0.536,3.75786669741537e-19,"PROX1_endothelial","PHF3"
7.57339198076193e-20,0.32699625220902,0.58,0.522,1.85585970488571e-15,"PROX1_endothelial","IFNGR1"
8.90126311076454e-10,0.326884043554149,0.359,0.311,2.18125452529285e-05,"PROX1_endothelial","MAP3K13"
4.58497009319572e-22,0.326694445894464,0.591,0.517,1.12354692133761e-17,"PROX1_endothelial","DHX36"
7.82690652646708e-14,0.323804580449755,0.29,0.228,1.91798344431076e-09,"PROX1_endothelial","SERPINE1"
4.60962080112797e-07,0.323433637899429,0.269,0.232,0.0112958757731641,"PROX1_endothelial","CWC27"
2.05901492681382e-10,0.323228380522689,0.365,0.316,5.04561607815726e-06,"PROX1_endothelial","KRIT1"
5.18937355161076e-09,0.322943120553141,0.264,0.218,0.000127165598882222,"PROX1_endothelial","CARD10"
4.61809235368043e-10,0.322133858889976,0.384,0.337,1.13166353126939e-05,"PROX1_endothelial","MFSD10"
6.33947206164539e-16,0.321571321554022,0.44,0.371,1.5534876287062e-11,"PROX1_endothelial","ERICH1"
1.21690870084804e-09,0.32149461248362,0.289,0.239,2.98203477142813e-05,"PROX1_endothelial","SPTY2D1"
1.68148451658069e-24,0.321357818443446,0.542,0.447,4.12047780788097e-20,"PROX1_endothelial","SCARA3"
8.1706330094354e-28,0.321228127841492,0.543,0.444,2.00221361896214e-23,"PROX1_endothelial","PLSCR4"
1.48317501484104e-10,0.321191142010756,0.293,0.242,3.63452037386797e-06,"PROX1_endothelial","SMIM4"
8.67919560435896e-37,0.320792680409146,0.631,0.508,2.12683688284816e-32,"PROX1_endothelial","GALNT1"
2.63455347044934e-10,0.319829456046936,0.418,0.37,6.45597327933612e-06,"PROX1_endothelial","CGGBP1"
5.23128380727301e-10,0.319817956899503,0.322,0.272,1.28192609697225e-05,"PROX1_endothelial","POR"
3.08239565873265e-26,0.319433019514418,0.547,0.444,7.55341056172436e-22,"PROX1_endothelial","PGM5"
1.2001438778797e-08,0.319294231250094,0.291,0.248,0.000294095257274422,"PROX1_endothelial","IBTK"
6.25452095520644e-26,0.31926000520851,0.7,0.647,1.53267036007334e-21,"PROX1_endothelial","BPTF"
4.77024405585683e-83,0.318810368282815,0.987,0.971,1.16894830588772e-78,"PROX1_endothelial","IGFBP4"
3.58451437213887e-10,0.318717059568795,0.34,0.292,8.78385246892631e-06,"PROX1_endothelial","STIM2"
6.54445269086745e-10,0.318609830685083,0.258,0.209,1.60371813189707e-05,"PROX1_endothelial","THAP5"
4.11881809277948e-17,0.318307609526858,0.545,0.476,1.00931637363561e-12,"PROX1_endothelial","VPS35"
1.64835085858129e-17,0.31802566207119,0.542,0.476,4.03928377895345e-13,"PROX1_endothelial","COX17"
2.1710696559573e-08,0.318010241311677,0.344,0.301,0.000532020619192337,"PROX1_endothelial","GRINA"
1.43420369076182e-47,0.317677765889687,0.992,0.984,3.51451614421184e-43,"PROX1_endothelial","RPS29"
2.10971280167603e-18,0.317053725567335,0.511,0.439,5.16985122050712e-14,"PROX1_endothelial","HOOK3"
1.01781359487825e-104,0.316767754980919,0.993,0.983,2.49415221424916e-100,"PROX1_endothelial","ACTB"
1.91814764437858e-13,0.315613785176798,0.345,0.28,4.70042080254971e-09,"PROX1_endothelial","NEDD4"
2.56651068164557e-14,0.315543144487333,0.397,0.332,6.28923442537247e-10,"PROX1_endothelial","XRN1"
4.85861003336892e-09,0.315390613155868,0.273,0.227,0.000119060238867705,"PROX1_endothelial","ZNF770"
3.44944507723796e-15,0.315389120071763,0.429,0.364,8.45286516177161e-11,"PROX1_endothelial","RBM26"
1.8181713549811e-07,0.315296755156153,0.313,0.273,0.0044554289053812,"PROX1_endothelial","CEP290"
3.10240562805666e-14,0.315138080134461,0.353,0.288,7.60244499155285e-10,"PROX1_endothelial","LINC00969"
9.05954743023262e-11,0.315090904689106,0.412,0.361,2.2200420977785e-06,"PROX1_endothelial","PHF20L1"
1.0014155971559e-06,0.314746207344073,0.268,0.232,0.0245396892083054,"PROX1_endothelial","DHRS4L2"
3.53181060681681e-07,0.31465681355304,0.259,0.221,0.00865470189200458,"PROX1_endothelial","RBM43"
1.36449974696336e-15,0.313453607185013,0.471,0.405,3.34370662993372e-11,"PROX1_endothelial","ATXN7L3B"
1.11035529385499e-09,0.313412128783919,0.306,0.257,2.72092564759164e-05,"PROX1_endothelial","EBLN3"
6.66750360763152e-12,0.313083515006287,0.263,0.208,1.6338717590501e-07,"PROX1_endothelial","FAM84B"
1.07418164228962e-17,0.312052234867913,0.549,0.49,2.6322821144307e-13,"PROX1_endothelial","NIPBL"
9.45028769160863e-10,0.311502306748917,0.309,0.26,2.3157929988287e-05,"PROX1_endothelial","FAT4"
1.77695557213569e-06,0.31145880155811,0.284,0.249,0.0435442962951852,"PROX1_endothelial","PPP1R11"
4.59307990631236e-13,0.310754007619609,0.409,0.352,1.12553423104184e-08,"PROX1_endothelial","SREK1IP1"
3.05796295011214e-26,0.310284061404841,0.727,0.66,7.49353820924979e-22,"PROX1_endothelial","NAA38"
3.16586393097992e-14,0.310142514520285,0.377,0.313,7.7579495628663e-10,"PROX1_endothelial","PHAX"
7.30795316261461e-21,0.309743406044628,0.57,0.486,1.79081392249871e-16,"PROX1_endothelial","FAM213A"
2.21923114839794e-17,0.309509424689188,0.432,0.357,5.43822592914916e-13,"PROX1_endothelial","LTC4S"
2.27373536828387e-12,0.309105972678047,0.371,0.314,5.57178851997963e-08,"PROX1_endothelial","HPCAL1"
1.61010417878496e-06,0.30847769444461,0.267,0.231,0.0394556029011255,"PROX1_endothelial","SMG6"
1.590061794782e-17,0.308052052513397,0.494,0.423,3.8964464281133e-13,"PROX1_endothelial","RYBP"
5.7016311877186e-15,0.308047215294256,0.416,0.35,1.39718472255044e-10,"PROX1_endothelial","RNF114"
4.21680372414119e-08,0.307859079424071,0.263,0.222,0.0010333277526008,"PROX1_endothelial","KIN"
1.58531676863682e-08,0.307591096325212,0.35,0.309,0.000388481874154453,"PROX1_endothelial","DNAJC4"
3.41152019284326e-06,0.307341154380512,0.257,0.222,0.0835993023256242,"PROX1_endothelial","RAD50"
2.95913712284604e-08,0.307325094079361,0.282,0.238,0.000725136551953421,"PROX1_endothelial","CYLD"
1.9854698292603e-08,0.307324265078905,0.34,0.298,0.000486539381660236,"PROX1_endothelial","AMOTL1"
5.62674194623506e-48,0.307058934066498,0.84,0.722,1.3788331139249e-43,"PROX1_endothelial","MMRN1"
1.82097738751393e-48,0.306989252679491,0.867,0.785,4.46230508810288e-44,"PROX1_endothelial","DDX17"
1.36446759839189e-28,0.306176475336946,0.859,0.821,3.34362784985933e-24,"PROX1_endothelial","SRSF7"
7.88676081999413e-17,0.306130539104913,0.489,0.423,1.93265073893956e-12,"PROX1_endothelial","SNX5"
3.91307984805923e-07,0.306108495406363,0.307,0.268,0.00958900216766915,"PROX1_endothelial","TMEM159"
1.78571645377592e-06,0.305470084969421,0.267,0.232,0.043758981699779,"PROX1_endothelial","SIRT2"
3.30749942338067e-16,0.305135561585866,0.479,0.406,8.10502733699434e-12,"PROX1_endothelial","GALNT15"
3.07132399049318e-11,0.304695379899212,0.343,0.288,7.52627943870354e-07,"PROX1_endothelial","DENR"
7.84105436501751e-13,0.304632285904911,0.458,0.402,1.92145037214754e-08,"PROX1_endothelial","REEP3"
9.842328751368e-08,0.304627314871864,0.292,0.251,0.00241186266052273,"PROX1_endothelial","WAPL"
3.16325804255853e-17,0.304616032290056,0.402,0.326,7.75156383328967e-13,"PROX1_endothelial","SHE"
2.15175269841726e-06,0.304542604443955,0.251,0.216,0.052728699874715,"PROX1_endothelial","VAPB"
6.88726615547534e-15,0.304457145319131,0.403,0.336,1.68772457139923e-10,"PROX1_endothelial","YIPF4"
2.61749222876492e-29,0.304441704965428,0.702,0.627,6.41416470658844e-25,"PROX1_endothelial","CHD9"
3.58901305634143e-06,0.304418386806781,0.264,0.23,0.0879487649456467,"PROX1_endothelial","PHF11"
3.3908941834232e-08,0.303756573236999,0.278,0.234,0.000830938619647855,"PROX1_endothelial","SH2D3C"
6.86780698719547e-09,0.303446760809893,0.336,0.289,0.000168295610221225,"PROX1_endothelial","NCBP3"
2.80260889016682e-11,0.303173582610148,0.372,0.318,6.86779308535379e-07,"PROX1_endothelial","IFNAR1"
6.70744619750472e-09,0.303167428857128,0.252,0.206,0.000164365969069853,"PROX1_endothelial","MYSM1"
5.01112371419745e-06,0.303072156251761,0.257,0.222,0.122797586616408,"PROX1_endothelial","LPCAT4"
3.16613891301428e-08,0.302863241469496,0.281,0.238,0.000775862340634149,"PROX1_endothelial","YIPF6"
1.48579596317009e-11,0.302662280690501,0.389,0.334,3.64094300774831e-07,"PROX1_endothelial","TUG1"
3.77574396392458e-07,0.302471584808397,0.287,0.247,0.00925246058359719,"PROX1_endothelial","NSMCE3"
1.6828858535524e-11,0.301916938539531,0.459,0.41,4.12391178413015e-07,"PROX1_endothelial","NEMF"
6.95304713595973e-17,0.301500534827004,0.501,0.431,1.70384420066693e-12,"PROX1_endothelial","SETX"
8.44671980046304e-13,0.301433736045562,0.296,0.234,2.06986868710347e-08,"PROX1_endothelial","FMNL2"
7.32008680454197e-12,0.301340512831001,0.335,0.279,1.79378727145301e-07,"PROX1_endothelial","ATXN2"
2.01269588750149e-29,0.30128034131612,0.707,0.629,4.93211127232239e-25,"PROX1_endothelial","CCPG1"
2.69657813068197e-109,0.300443630512427,0.997,0.975,6.60796470923617e-105,"PROX1_endothelial","CD9"
6.30888449294126e-13,0.299492255084933,0.438,0.381,1.54599214499525e-08,"PROX1_endothelial","SPG20"
5.53702102529537e-12,0.299276652658752,0.338,0.279,1.35684700224863e-07,"PROX1_endothelial","CCDC88A"
2.17414525866798e-14,0.298940940881415,0.441,0.379,5.32774295636589e-10,"PROX1_endothelial","ORMDL1"
1.84597544169636e-15,0.298845298057529,0.473,0.406,4.52356281987693e-11,"PROX1_endothelial","OAZ2"
5.62871367686896e-06,0.298458835730478,0.272,0.237,0.137931628651674,"PROX1_endothelial","C10orf11"
5.59123360940385e-19,0.298432627378931,0.58,0.514,1.37013179598441e-14,"PROX1_endothelial","YTHDC1"
5.58276356886938e-10,0.298191230661454,0.346,0.295,1.36805621255144e-05,"PROX1_endothelial","EML4"
1.97228429767558e-06,0.297703454868679,0.266,0.23,0.0483308267145402,"PROX1_endothelial","TP53TG1"
3.73836480077188e-07,0.297524685790312,0.272,0.234,0.00916086294429149,"PROX1_endothelial","MRPS22"
7.24208260414822e-05,0.297280489772848,0.25,0.221,1,"PROX1_endothelial","SLC22A17"
4.84512040726836e-08,0.296176348303492,0.268,0.225,0.00118729675580111,"PROX1_endothelial","DLG1"
5.13361067171802e-15,0.295096091186877,0.296,0.227,1.2579912951045e-10,"PROX1_endothelial","GAB1"
4.55270128759798e-13,0.29504722515273,0.426,0.367,1.11563945052588e-08,"PROX1_endothelial","NUMB"
1.02350792745203e-09,0.294588682341038,0.351,0.302,2.50810617622121e-05,"PROX1_endothelial","SF3A1"
3.4945288062821e-08,0.293976545876781,0.293,0.251,0.000856334283979427,"PROX1_endothelial","TTC14"
2.96905755890601e-10,0.293734873264489,0.419,0.371,7.27567554809918e-06,"PROX1_endothelial","RNF19A"
1.64331950624065e-26,0.293697196226578,0.742,0.685,4.02695445004272e-22,"PROX1_endothelial","SERINC3"
2.49128658500182e-10,0.292940100672403,0.289,0.237,6.10489777654696e-06,"PROX1_endothelial","FCHSD2"
1.63974346194489e-06,0.292759234388868,0.261,0.225,0.0401819135349596,"PROX1_endothelial","TINF2"
4.48572826016876e-13,0.292621409319827,0.463,0.405,1.09922771015435e-08,"PROX1_endothelial","PREX2"
1.68350939826323e-10,0.292573574807357,0.33,0.275,4.12543978044404e-06,"PROX1_endothelial","UTP23"
7.83908872506517e-20,0.292406585607473,0.521,0.44,1.92096869207722e-15,"PROX1_endothelial","RUNX1T1"
2.13120534381697e-15,0.291843599118721,0.515,0.451,5.2225186950235e-11,"PROX1_endothelial","MRPS18C"
1.14737429510218e-10,0.291577480703924,0.427,0.375,2.8116407101479e-06,"PROX1_endothelial","A4GALT"
1.19660076005845e-10,0.291542123547092,0.318,0.264,2.93227016252322e-06,"PROX1_endothelial","ZNF33A"
2.69370497843751e-12,0.29137993135357,0.472,0.418,6.60092404966111e-08,"PROX1_endothelial","SRSF8"
3.90210195955361e-12,0.290374817600794,0.461,0.408,9.56210085188613e-08,"PROX1_endothelial","MKNK2"
2.84821334841369e-17,0.290198678288708,0.622,0.561,6.97954681028775e-13,"PROX1_endothelial","CHMP5"
6.53822992446976e-08,0.290157033499496,0.287,0.244,0.00160219324299132,"PROX1_endothelial","EXOC5"
2.79556142290828e-07,0.289662336332243,0.283,0.244,0.00685052326683674,"PROX1_endothelial","PIK3CA"
6.03839963541757e-23,0.28950596195385,0.63,0.559,1.47970983065907e-18,"PROX1_endothelial","BCAP29"
4.56689426784178e-06,0.289170219969716,0.266,0.231,0.111911744033463,"PROX1_endothelial","CEP112"
3.2097931563385e-12,0.289114087650616,0.504,0.452,7.86559812960749e-08,"PROX1_endothelial","CIR1"
6.2676090544983e-23,0.289094656541721,0.663,0.589,1.53587759880481e-18,"PROX1_endothelial","PJA2"
1.06140618420549e-21,0.288471451741683,0.523,0.431,2.60097585439555e-17,"PROX1_endothelial","SESN3"
1.99005435125221e-12,0.288298585820619,0.413,0.355,4.87662818774354e-08,"PROX1_endothelial","PPP2R5A"
5.3375204463377e-06,0.28812798370384,0.273,0.24,0.130795938537505,"PROX1_endothelial","SWI5"
1.29531229322432e-06,0.287996192685769,0.273,0.235,0.0317416277454621,"PROX1_endothelial","ZNRD1"
2.1964710571073e-17,0.287307302864812,0.623,0.579,5.38245232544144e-13,"PROX1_endothelial","RSF1"
1.71202235789782e-17,0.28681627408876,0.429,0.35,4.1953107880286e-13,"PROX1_endothelial","FAM107B"
2.41213680621862e-12,0.28644712937801,0.423,0.366,5.91094124363873e-08,"PROX1_endothelial","GBP4"
6.0966488967381e-13,0.286273408107144,0.403,0.341,1.49398381214567e-08,"PROX1_endothelial","FZD4"
9.5875593952387e-15,0.285737144534739,0.571,0.51,2.34943142980324e-10,"PROX1_endothelial","PNPLA2"
3.73327680395437e-11,0.285731155331072,0.466,0.418,9.1483948080902e-07,"PROX1_endothelial","RNF213"
1.54129571339297e-07,0.285544762143743,0.259,0.218,0.00377694514566946,"PROX1_endothelial","WIPF2"
9.01808794262427e-19,0.285356756753232,0.551,0.474,2.20988245034008e-14,"PROX1_endothelial","TRIM56"
3.58339931795572e-14,0.285210192059412,0.476,0.418,8.78112002865048e-10,"PROX1_endothelial","AFF4"
3.15244197571523e-10,0.28498488814541,0.338,0.286,7.72505906149018e-06,"PROX1_endothelial","VEZT"
2.06271067843546e-13,0.284768377531067,0.425,0.364,5.05467251750611e-09,"PROX1_endothelial","PHF20"
7.45954956502585e-17,0.284534564522524,0.577,0.517,1.82796262090958e-12,"PROX1_endothelial","FXR1"
9.20472094438117e-16,0.283985389499941,0.546,0.483,2.25561686742061e-11,"PROX1_endothelial","PHIP"
2.07431671596787e-30,0.283179634324865,0.689,0.582,5.08311311247927e-26,"PROX1_endothelial","GPM6A"
2.56762584865028e-06,0.283178147212319,0.333,0.3,0.0629196714211751,"PROX1_endothelial","MESDC1"
1.56891660779116e-11,0.282759216467521,0.481,0.43,3.84463014739225e-07,"PROX1_endothelial","WASL"
4.5170542372549e-12,0.28166365511093,0.544,0.496,1.10690414083931e-07,"PROX1_endothelial","VIMP"
5.11683507511886e-06,0.281336235870362,0.262,0.229,0.125388043515788,"PROX1_endothelial","RPF2"
3.94768370769351e-08,0.28123040981459,0.266,0.223,0.000967379892570295,"PROX1_endothelial","CCDC174"
6.99945868614316e-14,0.281154637773104,0.581,0.526,1.71521735103938e-09,"PROX1_endothelial","ATP1B3"
8.49697845636766e-12,0.280865202582004,0.359,0.299,2.08218457073289e-07,"PROX1_endothelial","PLEKHG1"
2.35066265458141e-07,0.280666171570837,0.3,0.26,0.00576029883505175,"PROX1_endothelial","MALSU1"
2.3486436365505e-28,0.280451141804142,0.789,0.728,5.755351231367e-24,"PROX1_endothelial","KMT2E"
2.45827680606002e-15,0.280343880682372,0.477,0.412,6.02400731325009e-11,"PROX1_endothelial","SMCHD1"
8.14692004751783e-11,0.280085504096012,0.437,0.388,1.99640275764424e-06,"PROX1_endothelial","RIF1"
1.10623649405115e-12,0.279949312038044,0.321,0.26,2.71083252867235e-08,"PROX1_endothelial","NEURL1B"
1.4021814242277e-10,0.279148247332715,0.359,0.304,3.43604558006998e-06,"PROX1_endothelial","LINC01116"
1.23279702228278e-12,0.278902110364732,0.47,0.413,3.02096910310395e-08,"PROX1_endothelial","WWP1"
1.68275452671833e-20,0.278891324743038,0.649,0.575,4.12358996772327e-16,"PROX1_endothelial","BBX"
5.78990582413771e-32,0.278889212413272,0.741,0.651,1.41881642220494e-27,"PROX1_endothelial","LIMCH1"
1.49058201779011e-21,0.278883208113503,0.663,0.596,3.65267123459467e-17,"PROX1_endothelial","NUCB2"
1.25338514318322e-08,0.27872072035684,0.294,0.247,0.000307142029337047,"PROX1_endothelial","HELZ"
4.44060096067062e-13,0.278648549837532,0.561,0.508,1.08816926541234e-08,"PROX1_endothelial","ROMO1"
2.25021466149874e-06,0.278539433290238,0.266,0.228,0.0551415102800267,"PROX1_endothelial","BRD9"
1.44379255572234e-09,0.278474709704286,0.349,0.3,3.5380136577976e-05,"PROX1_endothelial","FAM208A"
1.34341165727149e-11,0.278297165937716,0.339,0.279,3.29203026614379e-07,"PROX1_endothelial","HLF"
5.51949056145708e-14,0.278295522817406,0.488,0.428,1.35255116208506e-09,"PROX1_endothelial","MESDC2"
6.11830173334991e-20,0.278191049175053,0.575,0.502,1.4992898397574e-15,"PROX1_endothelial","PPP1R12A"
7.74638661536972e-10,0.27809036913477,0.416,0.367,1.89825204009635e-05,"PROX1_endothelial","MOCS2"
2.76739201658744e-30,0.278002230991327,0.755,0.681,6.78149413664751e-26,"PROX1_endothelial","SYPL1"
6.83428638746255e-14,0.277786011223818,0.474,0.412,1.6747418792477e-09,"PROX1_endothelial","THUMPD1"
5.79291621121779e-09,0.277656240583391,0.404,0.359,0.000141955411755892,"PROX1_endothelial","MXD4"
4.69463996365653e-08,0.277523363906396,0.334,0.289,0.00115042152309403,"PROX1_endothelial","PIGP"
7.81414092631364e-08,0.276326663387998,0.314,0.271,0.00191485523399316,"PROX1_endothelial","STARD3"
1.22517841350425e-16,0.276000968986575,0.551,0.484,3.00229970229217e-12,"PROX1_endothelial","SMARCA5"
6.95510532417697e-26,0.275578536596214,0.753,0.703,1.70434855968957e-21,"PROX1_endothelial","PPIG"
2.58791597864576e-06,0.275471749392018,0.346,0.311,0.0634168810567143,"PROX1_endothelial","USP15"
1.18637088656203e-07,0.275436821840385,0.346,0.303,0.00290720185752024,"PROX1_endothelial","HDAC1"
2.0577051089177e-06,0.27443204920779,0.317,0.282,0.0504240636940281,"PROX1_endothelial","MTR"
2.52508404251764e-12,0.274404889983441,0.374,0.314,6.18771844618947e-08,"PROX1_endothelial","CEP57"
1.49429681175878e-08,0.273933621384273,0.337,0.29,0.00036617743372149,"PROX1_endothelial","TTC17"
6.43173564596448e-30,0.27392259684268,0.77,0.698,1.57609682004359e-25,"PROX1_endothelial","MPHOSPH8"
8.23710964453504e-21,0.273832283853164,0.624,0.551,2.01850371839331e-16,"PROX1_endothelial","KRTCAP2"
4.8215390815029e-09,0.273692705606096,0.379,0.33,0.000118151815192229,"PROX1_endothelial","NME4"
2.64575588940192e-47,0.273072821942189,0.914,0.863,6.48342480697942e-43,"PROX1_endothelial","TMBIM6"
3.94273930754791e-21,0.272438638435868,0.671,0.603,9.66168267314615e-17,"PROX1_endothelial","CD46"
1.76785176788117e-15,0.272298853005732,0.433,0.365,4.33212075719282e-11,"PROX1_endothelial","CARD8"
7.10487431436838e-05,0.272228594292958,0.262,0.234,1,"PROX1_endothelial","ZNF32"
6.87076437720832e-08,0.271803899904608,0.283,0.241,0.0016836808106349,"PROX1_endothelial","RB1"
9.09303486835215e-12,0.271536597134255,0.438,0.383,2.22824819448969e-07,"PROX1_endothelial","KIAA2026"
3.49825714568654e-08,0.271412778537943,0.264,0.22,0.000857247913550486,"PROX1_endothelial","QSER1"
6.69096028686010e-09,0.271324588287452,0.357,0.309,0.000163961981829507,"PROX1_endothelial","PDS5B"
7.04040007504287e-32,0.271307505624302,0.832,0.773,1.72525003838926e-27,"PROX1_endothelial","DEK"
4.41055621817195e-15,0.271268937934127,0.559,0.495,1.08080680126304e-10,"PROX1_endothelial","MIER1"
2.51962164913277e-07,0.270964562790277,0.268,0.229,0.00617433285119984,"PROX1_endothelial","NAGK"
1.45504091437411e-08,0.270283976481459,0.279,0.232,0.000356557776067375,"PROX1_endothelial","ZNF131"
7.7821788571236e-07,0.270209399264784,0.351,0.314,0.0190702292893814,"PROX1_endothelial","KATNBL1"
1.73543121684525e-06,0.268910832106976,0.318,0.282,0.0425267419687928,"PROX1_endothelial","TUSC2"
2.71032482283713e-22,0.268617808694708,0.696,0.632,6.64165097836239e-18,"PROX1_endothelial","KMT2A"
1.0187226005063e-07,0.26834738617882,0.375,0.334,0.0024963797325407,"PROX1_endothelial","NRDC"
1.11147882282573e-31,0.267991621587013,0.83,0.762,2.72367885533446e-27,"PROX1_endothelial","MMRN2"
7.46623288681078e-29,0.26792565903441,0.828,0.763,1.82960036891298e-24,"PROX1_endothelial","TRMT112"
1.35872222339344e-13,0.267819337334558,0.497,0.435,3.32954880842563e-09,"PROX1_endothelial","NR1H2"
2.5841331304045e-09,0.267549393332471,0.372,0.326,6.33241823605623e-05,"PROX1_endothelial","CALHM2"
5.44047009397061e-14,0.267513319432949,0.534,0.474,1.3331871965275e-09,"PROX1_endothelial","FGFR1OP2"
2.22427686271071e-12,0.2675022269024,0.414,0.35,5.4505904520726e-08,"PROX1_endothelial","PLCXD3"
5.07022380442236e-05,0.267465187076181,0.301,0.272,1,"PROX1_endothelial","MAGEH1"
1.84074785179319e-11,0.267457911175272,0.45,0.395,4.51075261081922e-07,"PROX1_endothelial","BAZ1B"
1.64755250384308e-13,0.267391184504403,0.357,0.29,4.03732741066746e-09,"PROX1_endothelial","FARP1"
2.62635011222123e-07,0.26689183417935,0.281,0.24,0.00643587094999813,"PROX1_endothelial","KMT5B"
4.747144819151e-24,0.266441861350754,0.759,0.699,1.16328783793295e-19,"PROX1_endothelial","TMEM219"
2.45416563749883e-14,0.266331640070397,0.588,0.547,6.01393289469089e-10,"PROX1_endothelial","SP100"
1.05821434026936e-17,0.266275627039753,0.67,0.604,2.59315424083008e-13,"PROX1_endothelial","HNRNPH3"
8.41624622052141e-10,0.266195427488349,0.407,0.356,2.06240113633877e-05,"PROX1_endothelial","HOXB7"
4.38553859202733e-07,0.266161269027033,0.327,0.289,0.010746762319763,"PROX1_endothelial","TIPRL"
3.40686700451289e-09,0.265864062888517,0.345,0.297,8.34852759455883e-05,"PROX1_endothelial","MED13"
4.83611504293029e-08,0.265368079105717,0.379,0.336,0.00118508999127007,"PROX1_endothelial","USP47"
1.07120659235216e-10,0.263808742235455,0.463,0.411,2.62499175455896e-06,"PROX1_endothelial","KLF13"
6.35813837971384e-06,0.263520193457064,0.309,0.272,0.155806180994888,"PROX1_endothelial","LRRC1"
4.18087020232142e-08,0.263452551292815,0.346,0.302,0.00102452224307886,"PROX1_endothelial","CSNK2A1"
9.08712857376716e-10,0.263290758215375,0.35,0.299,2.22680085700164e-05,"PROX1_endothelial","STX16"
8.52725975654453e-07,0.263109717320819,0.37,0.33,0.0208960500334124,"PROX1_endothelial","ARF5"
2.87451245796105e-07,0.263109220135702,0.371,0.332,0.00704399277823355,"PROX1_endothelial","CCDC186"
4.30117340016971e-06,0.262851002298618,0.272,0.237,0.105400254171159,"PROX1_endothelial","GRSF1"
7.11053937362373e-11,0.262720652728221,0.432,0.379,1.7424376735065e-06,"PROX1_endothelial","KDM5A"
6.25429407757783e-19,0.26256375164406,0.651,0.595,1.53261476371045e-14,"PROX1_endothelial","PSME2"
3.8973564547708e-07,0.262507601679998,0.295,0.256,0.00955047199241585,"PROX1_endothelial","AKAP11"
1.27512757392736e-11,0.262469553919771,0.484,0.429,3.12470011990899e-07,"PROX1_endothelial","SMAD5"
3.6159318090275e-08,0.26242489977259,0.356,0.308,0.000886084089802188,"PROX1_endothelial","MANSC1"
1.80300126709e-34,0.262081572584882,0.885,0.814,4.41825460500404e-30,"PROX1_endothelial","SPARC"
2.89020862446108e-11,0.261656273510453,0.358,0.302,7.08245623424187e-07,"PROX1_endothelial","TRIM38"
1.63198570737692e-06,0.261614366934831,0.331,0.295,0.0399918097592715,"PROX1_endothelial","PNPLA8"
1.02003184317626e-10,0.261382116369662,0.389,0.335,2.49958803170343e-06,"PROX1_endothelial","ODC1"
1.97314233426159e-17,0.261141286377673,0.542,0.477,4.83518529010804e-13,"PROX1_endothelial","USP8"
8.38715672419252e-11,0.260680475916586,0.401,0.347,2.05527275526338e-06,"PROX1_endothelial","FCHO2"
4.39288779117685e-08,0.260061994283051,0.298,0.253,0.00107647715322789,"PROX1_endothelial","DCP1A"
5.51383687872605e-14,0.25995292925114,0.404,0.334,1.35116572713182e-09,"PROX1_endothelial","KDM6B"
9.16855841573479e-07,0.259210220140797,0.301,0.263,0.0224675523977581,"PROX1_endothelial","TMCO3"
5.03485523833222e-13,0.258889065260571,0.575,0.52,1.23379127615331e-08,"PROX1_endothelial","RBM17"
1.94149293274632e-10,0.258879007360745,0.432,0.379,4.75762843169486e-06,"PROX1_endothelial","AIG1"
2.01639629978499e-29,0.258507434035152,0.796,0.706,4.94117913262313e-25,"PROX1_endothelial","PERP"
6.1470413918656e-11,0.25849854264067,0.276,0.22,1.50633249307667e-06,"PROX1_endothelial","DIP2A"
7.54825907723194e-05,0.258484413331044,0.25,0.22,1,"PROX1_endothelial","TYMP"
5.20239032108898e-05,0.258473279984405,0.267,0.239,1,"PROX1_endothelial","NGDN"
1.76173346097341e-07,0.258333474255802,0.297,0.254,0.00431712784611534,"PROX1_endothelial","APOL6"
2.93809304570536e-21,0.257659991714043,0.737,0.682,7.19979700850099e-17,"PROX1_endothelial","TMEM109"
2.13511318438337e-07,0.257587362862305,0.356,0.314,0.00523209485833144,"PROX1_endothelial","RBM6"
4.84920899824864e-08,0.256622433250074,0.316,0.268,0.00118829866502083,"PROX1_endothelial","FAM111A"
1.80305843571291e-12,0.256587131200585,0.577,0.525,4.41839469671449e-08,"PROX1_endothelial","NDUFB1"
7.23811829472978e-07,0.256394332702071,0.289,0.25,0.0177370088812353,"PROX1_endothelial","ATM"
5.10606428181408e-06,0.256308345518981,0.254,0.22,0.125124105225854,"PROX1_endothelial","ARFIP1"
7.42978106067637e-07,0.256209153303209,0.294,0.257,0.0182066784891874,"PROX1_endothelial","MRPL2"
7.62094444258866e-07,0.256026838236049,0.268,0.229,0.0186751243565635,"PROX1_endothelial","RC3H2"
1.65445160594804e-10,0.255765377949196,0.463,0.413,4.05423366037566e-06,"PROX1_endothelial","SLC25A36"
3.25233394368119e-11,0.255691872132064,0.487,0.434,7.96984432899076e-07,"PROX1_endothelial","CCDC59"
0.000468981494767047,0.255058669907057,0.27,0.246,1,"PROX1_endothelial","SVBP"
5.72000393372326e-10,0.25503390393622,0.282,0.231,1.40168696395888e-05,"PROX1_endothelial","ZNF518A"
4.52972947212817e-10,0.254854345391997,0.363,0.307,1.11001020714501e-05,"PROX1_endothelial","SDHA"
7.25113861920097e-12,0.254486175215959,0.427,0.369,1.7768915186352e-07,"PROX1_endothelial","CTDSP1"
1.30530384002368e-13,0.254344903519046,0.593,0.532,3.19864705997803e-09,"PROX1_endothelial","PTPN12"
4.82664416598903e-39,0.254234021432559,0.856,0.791,1.18276915287561e-34,"PROX1_endothelial","WSB1"
7.01001675606551e-32,0.254160890469316,0.811,0.737,1.71780460607385e-27,"PROX1_endothelial","SEPP1"
1.29026598951522e-06,0.253934289481513,0.262,0.223,0.0316179680730704,"PROX1_endothelial","TPD52"
3.01147464506927e-06,0.253733129985139,0.413,0.382,0.0737961861774224,"PROX1_endothelial","SIGIRR"
0.000126081162429749,0.253452065094613,0.305,0.277,1,"PROX1_endothelial","RNF5"
6.69392445647388e-05,0.253280603585218,0.268,0.239,1,"PROX1_endothelial","COMMD2"
9.58666720966087e-27,0.25273462977163,0.769,0.703,2.3492127997274e-22,"PROX1_endothelial","RRBP1"
4.88675210722291e-22,0.252649977766737,0.575,0.485,1.19749860387497e-17,"PROX1_endothelial","JAG1"
3.9508252949343e-11,0.252265787518366,0.512,0.461,9.6814973852365e-07,"PROX1_endothelial","C6orf62"
2.33259010808386e-05,0.251400341568837,0.32,0.29,0.57160120598595,"PROX1_endothelial","BIRC2"
9.08848619613899e-09,0.251187523962331,0.353,0.303,0.000222713354236386,"PROX1_endothelial","NOTCH1"
1.54469023097619e-07,0.251131853569105,0.338,0.298,0.00378526341100716,"PROX1_endothelial","PROSC"
1.27034925983109e-06,0.251085404724812,0.297,0.259,0.0311299086121608,"PROX1_endothelial","MRPS10"
2.08018962900717e-11,0.250681706290984,0.506,0.453,5.09750468588207e-07,"PROX1_endothelial","ZBTB20"
7.91785877945943e-08,0.250386014836878,0.364,0.321,0.00194027129390653,"PROX1_endothelial","DDX1"
2.15869577366512e-06,0.250315482768747,0.334,0.299,0.0528988399336637,"PROX1_endothelial","OSTF1"
0.000218101375292265,0.250215214934058,0.265,0.239,1,"PROX1_endothelial","DPH3"
1.14197193417162e-09,0.250154872882282,0.439,0.39,2.79840222468756e-05,"PROX1_endothelial","ARID4A"
1.25003122031313e-06,0.250140393704741,0.316,0.277,0.0306320150537732,"PROX1_endothelial","NAPG"
1.01013764569493e-07,0.250061670113001,0.363,0.322,0.00247534230077542,"PROX1_endothelial","CYB5R1"
0,4.53174908424574,0.813,0.184,0,"Activated_endothelial_SELE","MT1E"
0,4.315503038144,0.363,0.032,0,"Activated_endothelial_SELE","MT1A"
0,4.24890640115861,0.984,0.578,0,"Activated_endothelial_SELE","MT2A"
0,4.07876912200173,0.705,0.101,0,"Activated_endothelial_SELE","MT1M"
0,3.90966678319218,0.472,0.053,0,"Activated_endothelial_SELE","ADAMTS4"
0,3.81616772615939,0.846,0.29,0,"Activated_endothelial_SELE","MT1X"
0,3.55884702760248,0.407,0.073,0,"Activated_endothelial_SELE","SELE"
0,3.33292908357766,0.448,0.069,0,"Activated_endothelial_SELE","B3GNT5"
0,3.11582894710015,0.302,0.041,0,"Activated_endothelial_SELE","RP4-549L20.3"
0,2.9111822600853,0.768,0.232,0,"Activated_endothelial_SELE","RHOU"
0,2.88500110760311,0.64,0.148,0,"Activated_endothelial_SELE","ITPKC"
0,2.86671539176242,0.283,0.046,0,"Activated_endothelial_SELE","STX11"
0,2.76915716877771,0.714,0.176,0,"Activated_endothelial_SELE","NFIL3"
0,2.68330211652782,0.458,0.082,0,"Activated_endothelial_SELE","FOSL1"
0,2.64671089367627,0.414,0.083,0,"Activated_endothelial_SELE","PIM1"
0,2.63401625560063,0.803,0.223,0,"Activated_endothelial_SELE","SLC25A25"
0,2.6190080391788,0.54,0.172,0,"Activated_endothelial_SELE","SOX17"
0,2.60900740209887,0.748,0.25,0,"Activated_endothelial_SELE","FAM110D"
0,2.54431196477789,0.79,0.266,0,"Activated_endothelial_SELE","PNP"
0,2.53277927523669,0.82,0.271,0,"Activated_endothelial_SELE","MIR22HG"
0,2.49177660447412,0.399,0.1,0,"Activated_endothelial_SELE","C2CD4B"
0,2.48061933600325,0.871,0.337,0,"Activated_endothelial_SELE","MAFF"
0,2.39176885572869,0.4,0.092,0,"Activated_endothelial_SELE","RND1"
0,2.35758713147118,0.753,0.304,0,"Activated_endothelial_SELE","NFKBIZ"
0,2.29472535985724,0.538,0.163,0,"Activated_endothelial_SELE","MAP3K8"
0,2.2819103065365,0.635,0.19,0,"Activated_endothelial_SELE","TRIB1"
8.86784989134887e-317,2.24882240951842,0.333,0.085,2.17306661587504e-312,"Activated_endothelial_SELE","RP11-138A9.2"
5.81315936780315e-259,2.23576702040901,0.298,0.081,1.42451470308016e-254,"Activated_endothelial_SELE","CTA-29F11.1"
3.60341030955978e-300,2.18846087377612,0.456,0.173,8.83015696357624e-296,"Activated_endothelial_SELE","PLAUR"
0,2.17822261337145,0.678,0.29,0,"Activated_endothelial_SELE","UPP1"
0,2.15878472844283,0.992,0.667,0,"Activated_endothelial_SELE","SOCS3"
0,2.14190065461724,0.955,0.552,0,"Activated_endothelial_SELE","MIDN"
0,2.13774447998091,0.516,0.192,0,"Activated_endothelial_SELE","TMEM70"
0,2.12291818905284,0.453,0.13,0,"Activated_endothelial_SELE","LDLR"
0,2.10970844436197,0.619,0.193,0,"Activated_endothelial_SELE","CCL2"
2.20924089122645e-220,2.05818909128058,0.279,0.082,5.41374480395041e-216,"Activated_endothelial_SELE","MSX1"
8.7635707299832e-293,2.03723602551511,0.332,0.09,2.14751300738238e-288,"Activated_endothelial_SELE","RFX2"
0,2.03678320498877,0.53,0.182,0,"Activated_endothelial_SELE","IRF2BPL"
0,1.98217461277479,0.966,0.554,0,"Activated_endothelial_SELE","CDKN1A"
0,1.96723522153715,0.968,0.668,0,"Activated_endothelial_SELE","KLF9"
0,1.96623078626653,0.592,0.205,0,"Activated_endothelial_SELE","BAG3"
0,1.95120130151918,0.887,0.445,0,"Activated_endothelial_SELE","DLC1"
0,1.94417730572786,0.818,0.378,0,"Activated_endothelial_SELE","TIPARP"
0,1.9250693236382,0.712,0.234,0,"Activated_endothelial_SELE","TNFRSF10D"
2.07458934263837e-210,1.92349415925584,0.477,0.227,5.08378118413533e-206,"Activated_endothelial_SELE","CD14"
0,1.90613036850395,0.919,0.493,0,"Activated_endothelial_SELE","BHLHE40"
2.83218816826242e-200,1.88498417240676,0.309,0.102,6.94027710632706e-196,"Activated_endothelial_SELE","CSF3"
0,1.85808553644747,0.483,0.173,0,"Activated_endothelial_SELE","PELO"
0,1.85513115129722,0.793,0.328,0,"Activated_endothelial_SELE","IRF1"
0,1.84848598345361,0.634,0.271,0,"Activated_endothelial_SELE","MYC"
0,1.81838593076362,0.967,0.598,0,"Activated_endothelial_SELE","GADD45B"
0,1.75616792591575,0.513,0.194,0,"Activated_endothelial_SELE","ICAM1"
1.16528077503777e-205,1.75589178426515,0.386,0.155,2.85552053923007e-201,"Activated_endothelial_SELE","CDKN2D"
6.31723023435384e-259,1.74956761061933,0.416,0.153,1.54803726892841e-254,"Activated_endothelial_SELE","RRAGC"
0,1.72584795129557,0.536,0.21,0,"Activated_endothelial_SELE","MLF1"
4.58755431434416e-246,1.72463257945066,0.441,0.178,1.12418018473004e-241,"Activated_endothelial_SELE","KIAA0040"
0,1.72341152089195,0.974,0.628,0,"Activated_endothelial_SELE","SLC2A3"
0,1.71290830704732,0.842,0.526,0,"Activated_endothelial_SELE","TCEB1"
6.64356595408235e-312,1.69676377803809,0.519,0.205,1.62800583704788e-307,"Activated_endothelial_SELE","INSIG1"
3.9456209296163e-233,1.69590200053055,0.424,0.17,9.66874408802474e-229,"Activated_endothelial_SELE","DNAJB9"
2.47130667681126e-316,1.68096281967792,0.545,0.224,6.05593701152598e-312,"Activated_endothelial_SELE","GJA1"
2.00026662319461e-290,1.67760783538507,0.469,0.174,4.9016533601384e-286,"Activated_endothelial_SELE","SNHG9"
0,1.67383281304103,0.828,0.549,0,"Activated_endothelial_SELE","AKAP12"
1.17412615438482e-301,1.64241019486037,0.442,0.15,2.87719614132e-297,"Activated_endothelial_SELE","BCL3"
8.03898305182522e-215,1.63705925918333,0.312,0.099,1.96995279684977e-210,"Activated_endothelial_SELE","SNAI1"
0,1.6316568079391,0.998,0.835,0,"Activated_endothelial_SELE","EMP1"
0,1.61888906514529,0.849,0.484,0,"Activated_endothelial_SELE","KLF10"
0,1.59536553404913,0.68,0.321,0,"Activated_endothelial_SELE","RALGDS"
5.55631645160537e-24,1.59498654857119,0.288,0.232,1.3615753464659e-19,"Activated_endothelial_SELE","SPRY1"
7.77696730482327e-189,1.57766513805219,0.355,0.138,1.90574583804694e-184,"Activated_endothelial_SELE","IRF7"
2.07279248239366e-253,1.54816948533584,0.486,0.204,5.07937797810567e-249,"Activated_endothelial_SELE","SLC1A5"
0,1.54305341088509,0.967,0.702,0,"Activated_endothelial_SELE","CCNL1"
1.1313806850377e-318,1.50790939080017,0.602,0.271,2.77244836868489e-314,"Activated_endothelial_SELE","AKIRIN1"
2.3099554941567e-254,1.50750872633508,0.64,0.362,5.66054593843098e-250,"Activated_endothelial_SELE","CDC42EP3"
0,1.49058716494558,0.785,0.422,0,"Activated_endothelial_SELE","NFATC2"
1.16904061507854e-149,1.47925314749163,0.277,0.102,2.86473402724995e-145,"Activated_endothelial_SELE","ZC3H12A"
0,1.46755010982406,0.826,0.52,0,"Activated_endothelial_SELE","DDX21"
8.86103120448038e-232,1.46654533195142,0.482,0.208,2.17139569665792e-227,"Activated_endothelial_SELE","ADAMTS9"
2.57990545706266e-277,1.46271628443065,0.559,0.256,6.32205832253205e-273,"Activated_endothelial_SELE","NXT1"
2.72925431398982e-218,1.4575887553271,0.579,0.302,6.68803769643206e-214,"Activated_endothelial_SELE","ODC1"
0,1.45395193108627,0.901,0.657,0,"Activated_endothelial_SELE","C11orf96"
8.85486671477653e-197,1.45101767739278,0.415,0.177,2.16988508845599e-192,"Activated_endothelial_SELE","SSH1"
0,1.45100949376982,0.698,0.365,0,"Activated_endothelial_SELE","IER5"
6.91721962754209e-246,1.43957352157838,0.505,0.22,1.69506466972919e-241,"Activated_endothelial_SELE","CDC42EP4"
0,1.41664213269005,1,0.944,0,"Activated_endothelial_SELE","JUND"
1.10464101893503e-136,1.41320884586906,0.272,0.104,2.7069228169003e-132,"Activated_endothelial_SELE","GNG4"
1.12225880732084e-188,1.40932794219502,0.335,0.123,2.75009520733972e-184,"Activated_endothelial_SELE","C1orf56"
1.54078510094296e-207,1.40926822295344,0.47,0.214,3.77569388986072e-203,"Activated_endothelial_SELE","TUSC1"
0,1.39231771849201,0.964,0.724,0,"Activated_endothelial_SELE","PPP1R15A"
0,1.38714769438925,0.721,0.365,0,"Activated_endothelial_SELE","HSPA1B"
3.18228016273052e-139,1.38438593424663,0.321,0.137,7.79817753877114e-135,"Activated_endothelial_SELE","RP11-138A9.1"
0,1.38392364496447,0.845,0.555,0,"Activated_endothelial_SELE","ZFAND5"
1.31663478862625e-223,1.37606109877651,0.565,0.297,3.22641354952862e-219,"Activated_endothelial_SELE","TSSC4"
5.31508599261517e-149,1.3679469639155,0.34,0.145,1.30246182249035e-144,"Activated_endothelial_SELE","ING1"
8.9510910929904e-224,1.35517400687572,0.464,0.197,2.1934648723373e-219,"Activated_endothelial_SELE","CDC42SE1"
3.56036543301371e-282,1.35132659139081,0.649,0.341,8.72467549360011e-278,"Activated_endothelial_SELE","TOPORS"
6.90876842538737e-207,1.33993548715342,0.488,0.227,1.69299370264118e-202,"Activated_endothelial_SELE","BTG3"
5.45575917614864e-298,1.33505058094227,0.794,0.517,1.33693378611523e-293,"Activated_endothelial_SELE","SOD2"
0,1.32852000869545,0.733,0.408,0,"Activated_endothelial_SELE","DNTTIP2"
5.00893958575296e-299,1.32532901254535,0.808,0.536,1.22744064548876e-294,"Activated_endothelial_SELE","NCOA7"
3.93817215481406e-298,1.31670227380846,0.687,0.365,9.65049086537185e-294,"Activated_endothelial_SELE","FKBP5"
1.22500874833693e-202,1.30510087177125,0.499,0.238,3.00188393779966e-198,"Activated_endothelial_SELE","MTRF1L"
3.63572785225078e-280,1.30101853590761,0.724,0.421,8.90935110194052e-276,"Activated_endothelial_SELE","PXDC1"
2.3125958145705e-276,1.29923581373466,0.667,0.35,5.66701604360502e-272,"Activated_endothelial_SELE","NAMPT"
0,1.28871081278998,0.98,0.787,0,"Activated_endothelial_SELE","KLF4"
1.03047549580631e-148,1.28323011033759,0.35,0.151,2.52518020247336e-144,"Activated_endothelial_SELE","IRF9"
0,1.28171111928087,0.849,0.558,0,"Activated_endothelial_SELE","MAP1LC3B"
1.52363951286938e-309,1.27797448075187,0.76,0.462,3.73367862628642e-305,"Activated_endothelial_SELE","SOCS2"
5.37926490435357e-195,1.26665440886619,0.555,0.302,1.31818886481184e-190,"Activated_endothelial_SELE","DIS3"
3.70339763465835e-110,1.26411645016023,0.257,0.107,9.07517590373028e-106,"Activated_endothelial_SELE","DEDD"
1.5956180316813e-191,1.26330152226653,0.54,0.282,3.91006198663502e-187,"Activated_endothelial_SELE","ELMSAN1"
2.03433896277355e-216,1.24456537095633,0.595,0.322,4.98514762827659e-212,"Activated_endothelial_SELE","MAT2A"
9.86463325746745e-238,1.23357506522694,0.598,0.301,2.4173283797424e-233,"Activated_endothelial_SELE","KDM6B"
4.52364994486714e-311,1.22540923520209,0.73,0.416,1.10852041898969e-306,"Activated_endothelial_SELE","ARF6"
1.09474163534674e-226,1.22500660497986,0.578,0.284,2.68266437741719e-222,"Activated_endothelial_SELE","ARID5A"
2.23245506344351e-276,1.22170093441268,0.687,0.376,5.47063113296833e-272,"Activated_endothelial_SELE","AMD1"
9.22807540859026e-159,1.21897282411159,0.433,0.204,2.26133987887504e-154,"Activated_endothelial_SELE","SGK1"
0,1.21469206613437,0.967,0.661,0,"Activated_endothelial_SELE","APOLD1"
0,1.20600704946036,0.929,0.696,0,"Activated_endothelial_SELE","EIF5"
0,1.19762344647699,0.888,0.521,0,"Activated_endothelial_SELE","CSRNP1"
4.9122895200766e-193,1.19188306326839,0.494,0.234,1.20375654689477e-188,"Activated_endothelial_SELE","TSC22D2"
0,1.18340298147491,0.898,0.675,0,"Activated_endothelial_SELE","JMJD1C"
8.16252664850091e-112,1.18100481838303,0.312,0.144,2.00022715521515e-107,"Activated_endothelial_SELE","YRDC"
2.52144290637393e-89,1.15542269215418,0.266,0.124,6.1787958420693e-85,"Activated_endothelial_SELE","RUNDC3B"
4.78623665021352e-169,1.15382976435745,0.439,0.202,1.17286729113482e-164,"Activated_endothelial_SELE","RGS16"
5.62317874343632e-86,1.15031611883338,0.256,0.12,1.37795995107907e-81,"Activated_endothelial_SELE","HELZ2"
0,1.14553497385659,0.898,0.54,0,"Activated_endothelial_SELE","ATF3"
0,1.13112320247252,0.938,0.703,0,"Activated_endothelial_SELE","THBD"
6.54341558337033e-132,1.13091231743549,0.455,0.247,1.6034639887049e-127,"Activated_endothelial_SELE","GRPEL1"
1.30724693932118e-187,1.13036647365871,0.553,0.293,3.20340862480655e-183,"Activated_endothelial_SELE","ZBTB16"
0,1.12608771259016,0.908,0.679,0,"Activated_endothelial_SELE","UBE2D3"
5.05031646217158e-141,1.11703479616949,0.61,0.397,1.23758004905515e-136,"Activated_endothelial_SELE","POSTN"
3.6918539670062e-157,1.11136854080907,0.455,0.221,9.04688814614868e-153,"Activated_endothelial_SELE","ITPRIP"
6.90910228936447e-164,1.09957466427671,0.491,0.252,1.69307551600876e-159,"Activated_endothelial_SELE","RBM7"
0,1.09641691653278,0.87,0.496,0,"Activated_endothelial_SELE","SERTAD1"
5.89256219346996e-199,1.09514804041749,0.62,0.356,1.44397236550981e-194,"Activated_endothelial_SELE","FOXO3"
0,1.08238556236372,0.999,0.866,0,"Activated_endothelial_SELE","ZFP36"
2.62082276766005e-136,1.07894825205811,0.643,0.419,6.42232619215096e-132,"Activated_endothelial_SELE","IER3"
1.97393907918907e-216,1.06527661134251,0.705,0.435,4.83713771355283e-212,"Activated_endothelial_SELE","EHD4"
0,1.05815429468095,0.964,0.831,0,"Activated_endothelial_SELE","SRSF5"
7.18326724287904e-133,1.0552925831278,0.372,0.171,1.76025963786751e-128,"Activated_endothelial_SELE","SPHK1"
4.03818052746533e-162,1.04800967878928,0.523,0.28,9.8955613825538e-158,"Activated_endothelial_SELE","PPP1R15B"
2.03016097065629e-110,1.04654079098562,0.32,0.147,4.97490945859324e-106,"Activated_endothelial_SELE","TTN"
3.52755334585556e-302,1.04532858026143,0.858,0.58,8.64426947401904e-298,"Activated_endothelial_SELE","FAM107A"
0,1.04396425924073,0.994,0.952,0,"Activated_endothelial_SELE","DDX5"
3.71794719054135e-263,1.03961337123728,0.926,0.79,9.11082959042158e-259,"Activated_endothelial_SELE","TXN"
2.00917093296949e-115,1.03650894685551,0.41,0.216,4.92347337124173e-111,"Activated_endothelial_SELE","LINC-PINT"
1.18658524514007e-261,1.03280804814224,0.818,0.581,2.90772714321573e-257,"Activated_endothelial_SELE","ELF1"
8.08248466252099e-102,1.02794626054192,0.484,0.301,1.98061286655077e-97,"Activated_endothelial_SELE","CREB5"
1.03547530645874e-61,1.02609038208368,0.291,0.166,2.53743223847715e-57,"Activated_endothelial_SELE","TGIF1"
0,1.02587615165981,0.909,0.68,0,"Activated_endothelial_SELE","SFPQ"
0,1.02306922503027,1,0.997,0,"Activated_endothelial_SELE","EIF1"
8.89006798548773e-305,1.01451723806349,0.866,0.626,2.17851115984377e-300,"Activated_endothelial_SELE","IFI16"
4.21177561540271e-128,1.01109500947288,0.491,0.277,1.03209561455443e-123,"Activated_endothelial_SELE","HIF1A"
1.04516210847205e-110,1.00675891412955,0.502,0.304,2.56116974681075e-106,"Activated_endothelial_SELE","TLE4"
7.75918745369064e-154,1.00114275164858,0.549,0.304,1.90138888552689e-149,"Activated_endothelial_SELE","BAIAP2"
9.43891104176041e-96,0.994249638315759,0.343,0.177,2.31300515078339e-91,"Activated_endothelial_SELE","SRGAP2B"
0,0.990488034887595,0.97,0.814,0,"Activated_endothelial_SELE","ITM2A"
2.333884990547e-305,0.984390733233074,0.882,0.65,5.71918516933543e-301,"Activated_endothelial_SELE","NASP"
6.67044467543114e-225,0.980757932909022,0.73,0.433,1.6345924677144e-220,"Activated_endothelial_SELE","STXBP6"
1.99754106864635e-67,0.972266785096547,0.255,0.13,4.89497438871787e-63,"Activated_endothelial_SELE","SPRY4"
1.86619949837428e-144,0.971746928739253,0.762,0.562,4.57312187076617e-140,"Activated_endothelial_SELE","STC1"
2.05370234641534e-73,0.964931001598795,0.277,0.143,5.0325975998908e-69,"Activated_endothelial_SELE","MARCH5"
9.0226168339397e-94,0.963410581832899,0.461,0.287,2.21099225515692e-89,"Activated_endothelial_SELE","ARPC5L"
1.56362349059934e-94,0.962772646687511,0.397,0.222,3.83165936371368e-90,"Activated_endothelial_SELE","ABCB1"
3.22856568113999e-100,0.961543376213839,0.393,0.213,7.91160020163356e-96,"Activated_endothelial_SELE","SOCS5"
2.75557687693867e-138,0.960230668915115,0.481,0.255,6.75254113693822e-134,"Activated_endothelial_SELE","INSR"
2.37922627265348e-86,0.955625480242284,0.349,0.188,5.83029398113735e-82,"Activated_endothelial_SELE","SCML1"
4.38328047028781e-188,0.95506948165917,0.902,0.795,1.07412287924403e-183,"Activated_endothelial_SELE","NFKBIA"
1.69442192461002e-58,0.953468756852883,0.276,0.154,4.15218092625686e-54,"Activated_endothelial_SELE","AP000769.1"
4.89852787049201e-82,0.949750087031304,0.312,0.163,1.20038425466407e-77,"Activated_endothelial_SELE","ZNF787"
3.81916665797688e-140,0.948609815093175,0.686,0.47,9.35886789537235e-136,"Activated_endothelial_SELE","LIFR"
2.63149393935847e-67,0.936026828537405,0.262,0.136,6.44847589839794e-63,"Activated_endothelial_SELE","BCL6"
1.64831011551297e-246,0.933648807195229,0.832,0.563,4.03918393806454e-242,"Activated_endothelial_SELE","TRA2B"
1.98551792912174e-97,0.927092761971448,0.385,0.207,4.86551168531283e-93,"Activated_endothelial_SELE","SERTAD3"
1.85468076206799e-109,0.926427633083932,0.419,0.227,4.54489520744761e-105,"Activated_endothelial_SELE","HNRNPL"
7.4010038683265e-100,0.925418835233361,0.411,0.228,1.81361599793341e-95,"Activated_endothelial_SELE","MAPKAPK2"
5.44068631987487e-160,0.924619508032028,0.536,0.282,1.33324018268534e-155,"Activated_endothelial_SELE","FOSL2"
1.8204404714666e-98,0.91852723937789,0.402,0.22,4.46098937532891e-94,"Activated_endothelial_SELE","PELI1"
0,0.917356455653903,0.843,0.366,0,"Activated_endothelial_SELE","HLA-DRB5"
1.72662033082863e-88,0.9167480332272,0.614,0.43,4.23108312069556e-84,"Activated_endothelial_SELE","PTGS2"
1.53265864970877e-160,0.911706447327496,0.714,0.477,3.75578002111135e-156,"Activated_endothelial_SELE","FNIP2"
1.32983722903533e-130,0.91170319037188,0.495,0.271,3.25876612975108e-126,"Activated_endothelial_SELE","C12orf75"
6.54138681280567e-189,0.911595221908762,0.742,0.489,1.60296683847803e-184,"Activated_endothelial_SELE","PVRL2"
4.22241270944044e-40,0.911343327001296,0.261,0.162,1.03470223444838e-35,"Activated_endothelial_SELE","LGALSL"
4.30677750748515e-186,0.910383560343708,0.803,0.567,1.05537582820923e-181,"Activated_endothelial_SELE","AKR1C1"
0,0.906772708322217,0.999,0.947,0,"Activated_endothelial_SELE","YBX3"
1.75203707320364e-72,0.902440587895404,0.412,0.255,4.29336684788553e-68,"Activated_endothelial_SELE","JDP2"
8.30811748645321e-316,0.889646195875232,0.956,0.749,2.03590419005536e-311,"Activated_endothelial_SELE","CEBPD"
7.18736026011287e-75,0.888576134598282,0.381,0.227,1.76126263174066e-70,"Activated_endothelial_SELE","UGCG"
2.73210542636931e-68,0.887585444672695,0.251,0.126,6.69502434731799e-64,"Activated_endothelial_SELE","SLC41A1"
1.88578757832701e-150,0.886578305151605,0.595,0.342,4.62112246069033e-146,"Activated_endothelial_SELE","PER1"
2.6181348079894e-82,0.883708576966319,0.327,0.173,6.41573934697802e-78,"Activated_endothelial_SELE","RBM4"
3.17117628483421e-66,0.882438407995571,0.262,0.135,7.77096748598623e-62,"Activated_endothelial_SELE","ZNF608"
1.22677122797992e-158,0.881880469093238,0.624,0.371,3.00620289416479e-154,"Activated_endothelial_SELE","WTAP"
4.47959362678758e-305,0.879150858924673,0.982,0.927,1.0977244182443e-300,"Activated_endothelial_SELE","TM4SF1"
3.94276378719989e-88,0.876952785801255,0.389,0.219,9.66174266053332e-84,"Activated_endothelial_SELE","ASXL1"
8.02188109431354e-90,0.876274923696267,0.388,0.216,1.96576196216153e-85,"Activated_endothelial_SELE","COQ10B"
6.19334939838794e-118,0.869521854348112,0.544,0.333,1.51768027007496e-113,"Activated_endothelial_SELE","ZC3HAV1"
3.90442193596549e-108,0.868170307392993,0.452,0.255,9.56778595408344e-104,"Activated_endothelial_SELE","ETF1"
2.91965475381873e-266,0.867424444213867,0.956,0.859,7.15461397423281e-262,"Activated_endothelial_SELE","ANXA1"
6.83687936474227e-92,0.867322395285532,0.515,0.331,1.67537728833009e-87,"Activated_endothelial_SELE","YPEL2"
2.79461646697376e-87,0.864312540263282,0.352,0.187,6.84820765231921e-83,"Activated_endothelial_SELE","ARL5B"
5.51930051001069e-65,0.864206731835415,0.307,0.174,1.35250458997812e-60,"Activated_endothelial_SELE","GTF2B"
1.08141012327958e-108,0.86285424875574,0.513,0.306,2.6499955070966e-104,"Activated_endothelial_SELE","RGCC"
2.85125006320111e-42,0.860628794920401,0.354,0.244,6.98698827987433e-38,"Activated_endothelial_SELE","IFIT1"
2.42760960856407e-67,0.859994054975333,0.283,0.152,5.94885734578626e-63,"Activated_endothelial_SELE","ZNF394"
9.20057495763932e-265,0.859643144542498,0.887,0.659,2.25460089336951e-260,"Activated_endothelial_SELE","BZW1"
0,0.858701801591233,0.968,0.85,0,"Activated_endothelial_SELE","TPM3"
8.63041801973252e-62,0.854271618602151,0.255,0.134,2.11488393573545e-57,"Activated_endothelial_SELE","FEM1C"
5.03196210612127e-84,0.850868315048215,0.52,0.341,1.23308231410502e-79,"Activated_endothelial_SELE","GADD45A"
2.42078053674715e-80,0.842351019669071,0.41,0.245,5.93212270529889e-76,"Activated_endothelial_SELE","ZNFX1"
2.25839462335147e-111,0.84123348720444,0.499,0.291,5.53419602452278e-107,"Activated_endothelial_SELE","TRA2A"
1.54365298464198e-145,0.841118451552749,0.882,0.741,3.78272163886518e-141,"Activated_endothelial_SELE","KLF6"
1.71534222218314e-74,0.838915432179992,0.381,0.223,4.20344611545978e-70,"Activated_endothelial_SELE","SPTY2D1"
0,0.837512298663465,0.997,0.982,0,"Activated_endothelial_SELE","UBC"
7.87981946071696e-61,0.834384648424149,0.285,0.158,1.93094975884869e-56,"Activated_endothelial_SELE","PER2"
0,0.832401561214667,1,0.993,0,"Activated_endothelial_SELE","H3F3B"
1.71959816394616e-74,0.824991952185643,0.381,0.225,4.21387530075007e-70,"Activated_endothelial_SELE","USP12"
7.44645757135535e-89,0.819818306918354,0.445,0.264,1.82475442786063e-84,"Activated_endothelial_SELE","TUBA1C"
2.77712589682764e-312,0.819447543498295,0.946,0.775,6.80534701017613e-308,"Activated_endothelial_SELE","DNAJA1"
2.1060490519713e-101,0.815852332503184,0.485,0.287,5.16087320185568e-97,"Activated_endothelial_SELE","RAB5A"
1.12654880925041e-136,0.812145971692355,0.719,0.517,2.76060785706814e-132,"Activated_endothelial_SELE","TAF7"
4.89365815917112e-60,0.805947449028895,0.321,0.188,1.19919093190488e-55,"Activated_endothelial_SELE","EOGT"
1.42959337992615e-152,0.804072729385587,0.742,0.522,3.50321857750904e-148,"Activated_endothelial_SELE","LUZP1"
8.75782789972026e-170,0.803868493597,0.781,0.556,2.14610572682645e-165,"Activated_endothelial_SELE","DDX3Y"
5.01319393475701e-106,0.801352901827724,0.6,0.407,1.2284831737122e-101,"Activated_endothelial_SELE","ACBD3"
2.23879464750061e-74,0.795336246724468,0.487,0.323,5.48616628370026e-70,"Activated_endothelial_SELE","CFAP20"
4.47251002083744e-255,0.789307691591041,0.913,0.715,1.09598858060622e-250,"Activated_endothelial_SELE","ARGLU1"
4.92106556810352e-70,0.788204172164353,0.374,0.223,1.20590711746377e-65,"Activated_endothelial_SELE","PPP1R18"
5.26537167284556e-59,0.78709800630744,0.317,0.186,1.2902793284308e-54,"Activated_endothelial_SELE","OTUD4"
1.2191648456672e-111,0.783522448729255,0.502,0.287,2.98756345430747e-107,"Activated_endothelial_SELE","CTHRC1"
2.38577558820164e-70,0.782350603558666,0.448,0.291,5.84634307888813e-66,"Activated_endothelial_SELE","IFIT3"
2.52874536917003e-134,0.780285269501946,0.638,0.401,6.19669052715116e-130,"Activated_endothelial_SELE","RBBP6"
7.1419783013423e-109,0.777350897276884,0.734,0.541,1.75014178274393e-104,"Activated_endothelial_SELE","FMO2"
3.07932742223145e-46,0.774292827216127,0.285,0.173,7.54589184817816e-42,"Activated_endothelial_SELE","PDGFA"
2.51289316499846e-66,0.771168197340355,0.394,0.246,6.15784470082874e-62,"Activated_endothelial_SELE","UTP3"
2.17001118920369e-222,0.770875102868986,0.981,0.794,5.31761241914364e-218,"Activated_endothelial_SELE","EGR1"
1.352804447236e-54,0.770073510844822,0.298,0.175,3.31504729795182e-50,"Activated_endothelial_SELE","PTP4A1"
1.14036322086969e-56,0.765970106638549,0.356,0.222,2.79446007274117e-52,"Activated_endothelial_SELE","ZNF593"
2.16665949613587e-89,0.762385648184382,0.539,0.356,5.30939909528094e-85,"Activated_endothelial_SELE","UBE2J1"
5.41732611113197e-91,0.758117196945389,0.535,0.355,1.32751576353289e-86,"Activated_endothelial_SELE","YTHDF2"
3.06947621141141e-53,0.756802029383643,0.285,0.165,7.52175145606367e-49,"Activated_endothelial_SELE","HOTAIRM1"
1.20851553648177e-83,0.750345945902133,0.482,0.303,2.96146732214858e-79,"Activated_endothelial_SELE","ZNF791"
4.55164989933078e-130,0.750269198927102,0.719,0.514,1.11538180783101e-125,"Activated_endothelial_SELE","PFDN2"
1.42751381997549e-70,0.74609277997614,0.421,0.263,3.49812261584993e-66,"Activated_endothelial_SELE","NOLC1"
2.30419031982639e-60,0.741314475242813,0.435,0.287,5.64641837873456e-56,"Activated_endothelial_SELE","REL"
1.1942554246341e-71,0.740200110432905,0.398,0.238,2.92652291806586e-67,"Activated_endothelial_SELE","CDC42EP2"
9.95009073944529e-171,0.73933363718357,0.821,0.615,2.43826973570107e-166,"Activated_endothelial_SELE","HNRNPM"
2.41162558204288e-52,0.737632632067354,0.332,0.206,5.90968848879607e-48,"Activated_endothelial_SELE","CPEB4"
1.17239875537955e-48,0.733284825288216,0.288,0.173,2.87296315005759e-44,"Activated_endothelial_SELE","LRRC59"
6.02235401123056e-65,0.726373639218446,0.357,0.211,1.47577785045205e-60,"Activated_endothelial_SELE","CYTH1"
0,0.719948614129183,0.991,0.936,0,"Activated_endothelial_SELE","HSP90AA1"
1.46166020881756e-35,0.717833192403482,0.252,0.159,3.58179834170744e-31,"Activated_endothelial_SELE","IFIT5"
6.20138398400528e-77,0.716175221523176,0.463,0.291,1.51964914528049e-72,"Activated_endothelial_SELE","KLF7"
5.00180545289909e-130,0.714535828068491,0.824,0.637,1.22569242623292e-125,"Activated_endothelial_SELE","LIMCH1"
1.88623879117622e-71,0.709524266538121,0.413,0.249,4.62222815777732e-67,"Activated_endothelial_SELE","PLEKHO2"
2.24317063760803e-77,0.709244215255675,0.409,0.241,5.49688964745847e-73,"Activated_endothelial_SELE","SRGAP2C"
2.48047024291032e-91,0.706883229361417,0.597,0.407,6.07839233025175e-87,"Activated_endothelial_SELE","TUBB6"
1.74831084360543e-67,0.704868833335255,0.435,0.276,4.28423572225511e-63,"Activated_endothelial_SELE","C16orf72"
9.92261470976765e-73,0.704427619031328,0.467,0.299,2.43153673462856e-68,"Activated_endothelial_SELE","CWC25"
1.95046334791295e-103,0.696167163299127,0.617,0.404,4.7796104340607e-99,"Activated_endothelial_SELE","RAB21"
1.9936606687832e-88,0.691323414236521,0.824,0.667,4.88546546885322e-84,"Activated_endothelial_SELE","DUSP6"
6.91018584106497e-134,0.690335245904032,0.832,0.661,1.69334104035297e-129,"Activated_endothelial_SELE","BCLAF1"
1.75234295089059e-77,0.688030503353421,0.543,0.372,4.2941164011574e-73,"Activated_endothelial_SELE","TMEM165"
1.23138832086944e-273,0.681367843006064,0.996,0.898,3.01751708029056e-269,"Activated_endothelial_SELE","JUNB"
1.91326577214525e-141,0.678953921348902,0.768,0.542,4.68845777464193e-137,"Activated_endothelial_SELE","PSMB4"
1.4000569800284e-96,0.678649118364606,0.626,0.418,3.4308396295596e-92,"Activated_endothelial_SELE","TSHZ2"
4.51837217624416e-82,0.67724221827214,0.512,0.328,1.10722710178863e-77,"Activated_endothelial_SELE","GNAI3"
1.26777590249436e-308,0.671817740038355,0.977,0.879,3.10668484906242e-304,"Activated_endothelial_SELE","SEPW1"
2.25186879330473e-115,0.671626718147344,0.758,0.571,5.51820447799324e-111,"Activated_endothelial_SELE","EIF3I"
4.21649738092931e-74,0.671160764814514,0.576,0.405,1.03325268319673e-69,"Activated_endothelial_SELE","TLE1"
6.04431088100068e-75,0.668368618176442,0.546,0.374,1.48115838138922e-70,"Activated_endothelial_SELE","YPEL5"
5.67157963313186e-49,0.666430365974299,0.365,0.237,1.38982058909896e-44,"Activated_endothelial_SELE","PTPN1"
3.76856661620195e-40,0.665677022687338,0.296,0.188,9.23487249300287e-36,"Activated_endothelial_SELE","SLC20A1"
1.41271234017996e-41,0.665016726561965,0.262,0.158,3.46185158961099e-37,"Activated_endothelial_SELE","ZNF281"
6.61416431305438e-101,0.663717233166149,0.527,0.318,1.62080096491398e-96,"Activated_endothelial_SELE","HBEGF"
1.32880383202792e-54,0.662593100208517,0.344,0.211,3.25623379038441e-50,"Activated_endothelial_SELE","RLIM"
7.49859926304613e-54,0.658792542954565,0.319,0.192,1.83753174940945e-49,"Activated_endothelial_SELE","CNOT1"
1.39116589895895e-65,0.657546964819085,0.4,0.243,3.40905203539891e-61,"Activated_endothelial_SELE","GOLM1"
4.93779735496217e-64,0.656324903629479,0.388,0.235,1.21000724183348e-59,"Activated_endothelial_SELE","KLF11"
1.05313676953458e-49,0.65392418451044,0.313,0.19,2.58071165374449e-45,"Activated_endothelial_SELE","AKAP17A"
3.41654833891016e-53,0.648564856199472,0.52,0.366,8.37225170449935e-49,"Activated_endothelial_SELE","ID2"
1.27953798585395e-117,0.647487653857512,0.762,0.569,3.1355078343351e-113,"Activated_endothelial_SELE","SLC25A5"
2.13422682704572e-72,0.646001045416157,0.575,0.408,5.22992283967553e-68,"Activated_endothelial_SELE","WBP5"
1.80044746386748e-143,0.644300084076062,0.867,0.69,4.41199651020727e-139,"Activated_endothelial_SELE","VAPA"
4.3305651051776e-48,0.642097274849998,0.318,0.196,1.06120497902377e-43,"Activated_endothelial_SELE","RLF"
1.98558677859166e-78,0.641213973242149,0.558,0.373,4.86568040093885e-74,"Activated_endothelial_SELE","CHSY1"
6.52883118190475e-39,0.638034665641443,0.386,0.271,1.59989008112576e-34,"Activated_endothelial_SELE","SOX7"
3.45485488320315e-83,0.637633856780577,0.61,0.42,8.46612189128933e-79,"Activated_endothelial_SELE","PRNP"
1.47294277642601e-56,0.635104547470994,0.46,0.314,3.60944627363194e-52,"Activated_endothelial_SELE","UBALD2"
1.27791614519751e-179,0.633680337933753,0.93,0.749,3.13153351380651e-175,"Activated_endothelial_SELE","SRGN"
9.51526986582613e-65,0.6316339728095,0.442,0.282,2.33171688062069e-60,"Activated_endothelial_SELE","KBTBD2"
8.23163737189194e-52,0.631276377067706,0.311,0.185,2.01716273798212e-47,"Activated_endothelial_SELE","GPCPD1"
1.97543375697237e-79,0.631166939910001,0.584,0.4,4.8408004214608e-75,"Activated_endothelial_SELE","AFF4"
1.03661197177681e-292,0.630595721001607,0.977,0.903,2.54021763683907e-288,"Activated_endothelial_SELE","HNRNPA1"
6.27940103527655e-47,0.626182919722814,0.379,0.252,1.53876722369452e-42,"Activated_endothelial_SELE","SNRNP27"
6.50650950273512e-93,0.625689333997413,0.613,0.406,1.59442015364524e-88,"Activated_endothelial_SELE","TPST2"
1.12524028900143e-47,0.623588036725094,0.328,0.205,2.75740132819801e-43,"Activated_endothelial_SELE","IDI1"
5.40330413198166e-147,0.619087053787087,0.857,0.673,1.32407967754211e-142,"Activated_endothelial_SELE","SARAF"
1.37349167793352e-123,0.618027865283883,0.806,0.605,3.3657413567761e-119,"Activated_endothelial_SELE","HNRNPH1"
1.40005324759625e-44,0.617696287237658,0.708,0.591,3.43083048323461e-40,"Activated_endothelial_SELE","TUBA1A"
1.73632783332055e-37,0.617438313760904,0.29,0.187,4.25487135555202e-33,"Activated_endothelial_SELE","SLC25A28"
4.557153455541e-34,0.617281950021643,0.543,0.455,1.11673045428032e-29,"Activated_endothelial_SELE","LITAF"
7.76754017288104e-79,0.61607066715702,0.56,0.378,1.9034357193645e-74,"Activated_endothelial_SELE","PCF11"
1.48802968173167e-57,0.614664469845386,0.467,0.315,3.64641673508345e-53,"Activated_endothelial_SELE","PCDH17"
3.48247238568776e-104,0.613465147001589,0.707,0.502,8.53379858112785e-100,"Activated_endothelial_SELE","SEC14L1"
4.01451027989979e-76,0.607630906969063,0.3,0.151,9.83755744089443e-72,"Activated_endothelial_SELE","TNFRSF12A"
4.97147021603694e-45,0.607493175202266,0.285,0.172,1.21825877643985e-40,"Activated_endothelial_SELE","TNFRSF10B"
1.49902037655504e-37,0.606637275827928,0.3,0.195,3.67334943274812e-33,"Activated_endothelial_SELE","TRIP10"
2.57977059293872e-47,0.603891630535934,0.355,0.228,6.32172783799634e-43,"Activated_endothelial_SELE","MFSD14A"
3.57629349783868e-54,0.603599962232273,0.5,0.358,8.76370721645368e-50,"Activated_endothelial_SELE","SERPINH1"
4.22220895287201e-219,0.603272199051452,0.99,0.857,1.03465230390129e-214,"Activated_endothelial_SELE","FOSB"
3.0894962447108e-44,0.600890656711084,0.386,0.26,7.57081054766381e-40,"Activated_endothelial_SELE","ZNF451"
7.65620549188348e-34,0.600010841907635,0.3,0.199,1.87615315578605e-29,"Activated_endothelial_SELE","MAP2K3"
5.99550520380209e-41,0.599930439260485,0.256,0.153,1.4691985501917e-36,"Activated_endothelial_SELE","SPRY2"
2.29695448832582e-62,0.599390479095458,0.419,0.261,5.62868697364241e-58,"Activated_endothelial_SELE","RASAL2"
1.32976698859496e-68,0.598961013641223,0.572,0.397,3.25859400555195e-64,"Activated_endothelial_SELE","HSPA2"
1.97658212626614e-75,0.597753710780247,0.563,0.382,4.84361450041518e-71,"Activated_endothelial_SELE","MAPK1IP1L"
2.8639896132364e-63,0.597532967586462,0.542,0.378,7.01820654723579e-59,"Activated_endothelial_SELE","HOXD8"
1.52346315782416e-199,0.596420578896856,0.95,0.806,3.73324646824809e-195,"Activated_endothelial_SELE","CDC42"
2.2651717769706e-41,0.595307135113469,0.432,0.308,5.55080343946646e-37,"Activated_endothelial_SELE","SAP30"
8.13340221248595e-259,0.588710004835175,0.983,0.921,1.99309021216968e-254,"Activated_endothelial_SELE","CFL1"
5.46931922084635e-91,0.588061042151564,0.758,0.572,1.3402566750684e-86,"Activated_endothelial_SELE","RP11-382A20.3"
5.3752214670776e-139,0.588041479386036,0.849,0.618,1.31719802050737e-134,"Activated_endothelial_SELE","ABCG2"
1.04790445459402e-70,0.587763115173295,0.433,0.262,2.56788986598265e-66,"Activated_endothelial_SELE","HLF"
1.23937818495076e-196,0.587362159811597,0.956,0.786,3.03709624222183e-192,"Activated_endothelial_SELE","IER2"
1.50857677186734e-33,0.586955042720337,0.324,0.221,3.69676737946091e-29,"Activated_endothelial_SELE","FAM101B"
9.59213338302823e-124,0.581806651309789,0.842,0.669,2.35055228551107e-119,"Activated_endothelial_SELE","ARL6IP1"
1.27063439335532e-45,0.581339290397417,0.405,0.277,3.11368958091722e-41,"Activated_endothelial_SELE","CFL2"
1.53626417990415e-54,0.578539482221131,0.476,0.321,3.76461537285513e-50,"Activated_endothelial_SELE","COTL1"
6.39705613588388e-55,0.57800326783067,0.422,0.276,1.56759860609835e-50,"Activated_endothelial_SELE","PML"
5.34484315046647e-53,0.577230053839975,0.42,0.276,1.30975381402181e-48,"Activated_endothelial_SELE","ALYREF"
4.51180517055357e-104,0.576769082059151,0.784,0.591,1.10561785704415e-99,"Activated_endothelial_SELE","AP1S2"
1.31534798676996e-40,0.575082731352965,0.333,0.218,3.22326024157978e-36,"Activated_endothelial_SELE","NRIP1"
5.11737272054271e-65,0.574822015930621,0.515,0.349,1.25401218516899e-60,"Activated_endothelial_SELE","PON2"
5.34351626591051e-34,0.574748483447888,0.397,0.283,1.30942866096137e-29,"Activated_endothelial_SELE","ACKR3"
3.70769957187768e-36,0.572861165855111,0.312,0.207,9.08571780088626e-32,"Activated_endothelial_SELE","MED31"
8.81227326836609e-46,0.572205677865221,0.416,0.282,2.15944756441311e-41,"Activated_endothelial_SELE","PLK3"
1.44877796163323e-45,0.566997273296473,0.361,0.236,3.55023039498224e-41,"Activated_endothelial_SELE","DPM1"
5.38925702668987e-101,0.564885121986247,0.755,0.555,1.32063743439035e-96,"Activated_endothelial_SELE","CTNNB1"
1.54701276048439e-16,0.56380796221425,0.261,0.195,3.790954769567e-12,"Activated_endothelial_SELE","VEGFA"
4.29406431284307e-53,0.563471432539393,0.385,0.244,1.05226045986219e-48,"Activated_endothelial_SELE","ZBED6"
5.13802704139241e-169,0.560607245595498,0.957,0.763,1.25907352649321e-164,"Activated_endothelial_SELE","MCL1"
2.68039127561601e-50,0.560017738371241,0.421,0.281,6.56829882089703e-46,"Activated_endothelial_SELE","ARRDC3"
1.15969436963209e-71,0.557643797253688,0.547,0.37,2.84183105278344e-67,"Activated_endothelial_SELE","CSNK1E"
3.39135509303521e-49,0.557248388387213,0.438,0.296,8.31051565548277e-45,"Activated_endothelial_SELE","ARIH1"
2.02909200298173e-72,0.555816471513955,0.764,0.613,4.97228995330673e-68,"Activated_endothelial_SELE","NET1"
6.1374114724947e-43,0.555764126915158,0.376,0.251,1.50397268133483e-38,"Activated_endothelial_SELE","RAPGEF2"
1.88969475777129e-42,0.555521319011755,0.342,0.223,4.63069700391856e-38,"Activated_endothelial_SELE","ZNF462"
1.5043567865832e-42,0.552655797822002,0.345,0.225,3.68642630552213e-38,"Activated_endothelial_SELE","DPH3"
5.48439831524458e-53,0.551796212412629,0.514,0.364,1.34395180715068e-48,"Activated_endothelial_SELE","UBL3"
3.91323093091591e-31,0.55090590822313,0.338,0.238,9.58937239620944e-27,"Activated_endothelial_SELE","ZBTB10"
8.37209545575919e-45,0.550681162221794,0.315,0.195,2.05158199143379e-40,"Activated_endothelial_SELE","ANKS1A"
9.92387076342026e-27,0.549227614400472,0.372,0.285,2.43184453057614e-22,"Activated_endothelial_SELE","SGCE"
3.37076783559475e-38,0.5407511561521,0.274,0.169,8.26006658112493e-34,"Activated_endothelial_SELE","PPP3R1"
2.02576871482821e-51,0.539355353338397,0.425,0.28,4.96414623568654e-47,"Activated_endothelial_SELE","SH3BGRL2"
5.19837387403435e-96,0.538541518580844,0.776,0.599,1.27386151783212e-91,"Activated_endothelial_SELE","RSL24D1"
3.45435000382754e-56,0.537833651667629,0.438,0.286,8.46488468437938e-52,"Activated_endothelial_SELE","PLEKHG1"
1.33150186160222e-43,0.537204088179872,0.437,0.306,3.26284531185624e-39,"Activated_endothelial_SELE","BAZ1A"
1.2962585263168e-40,0.537037428191136,0.379,0.256,3.17648151873932e-36,"Activated_endothelial_SELE","GLTP"
1.41471043892605e-48,0.536255266106233,0.41,0.275,3.46674793058828e-44,"Activated_endothelial_SELE","WDR45B"
1.78386892818939e-69,0.53392603826395,0.645,0.475,4.3713708085281e-65,"Activated_endothelial_SELE","SHC1"
7.74892177063069e-43,0.533801902028196,0.392,0.267,1.89887327989305e-38,"Activated_endothelial_SELE","CCNH"
4.36584444296573e-285,0.533478206681349,0.995,0.957,1.06985018074875e-280,"Activated_endothelial_SELE","RPL23"
4.1468031781042e-83,0.53195924382469,0.727,0.55,1.01617411879443e-78,"Activated_endothelial_SELE","HNRNPF"
4.29210100690751e-62,0.529822601410381,0.572,0.41,1.05177935174269e-57,"Activated_endothelial_SELE","RYBP"
5.92228864778784e-34,0.528396169727428,0.341,0.234,1.45125683314041e-29,"Activated_endothelial_SELE","LSR"
8.88475844261717e-41,0.524801229430732,0.366,0.246,2.17721005636334e-36,"Activated_endothelial_SELE","CDK9"
4.49780772164227e-55,0.524372097590176,0.521,0.366,1.10218778218844e-50,"Activated_endothelial_SELE","TOX4"
7.59247459803434e-48,0.523611367811359,0.41,0.275,1.86053590024831e-43,"Activated_endothelial_SELE","ISCA1"
1.2283357678924e-59,0.52350144802157,0.634,0.483,3.01003679922034e-55,"Activated_endothelial_SELE","SRSF4"
1.62099370238313e-103,0.522552009003745,0.87,0.705,3.97224506768987e-99,"Activated_endothelial_SELE","DDX3X"
2.9857821579519e-36,0.521851584913625,0.398,0.283,7.31665917806113e-32,"Activated_endothelial_SELE","TCEAL2"
3.15988113814602e-158,0.520469161628453,0.968,0.889,7.74328872902682e-154,"Activated_endothelial_SELE","TUBA1B"
1.63581315766986e-27,0.520186413838805,0.301,0.209,4.00856014286999e-23,"Activated_endothelial_SELE","B3GNT2"
2.46379218625157e-39,0.520150403952364,0.362,0.243,6.03752275240946e-35,"Activated_endothelial_SELE","RARA"
0,0.520090780949997,0.996,0.989,0,"Activated_endothelial_SELE","RPL39"
5.62699494549615e-111,0.519425749415271,0.828,0.645,1.37889511139383e-106,"Activated_endothelial_SELE","GRASP"
4.12216826490949e-32,0.519267000764242,0.327,0.224,1.01013733331607e-27,"Activated_endothelial_SELE","GCNT2"
5.49335589479718e-32,0.519130496421871,0.405,0.293,1.34614686202005e-27,"Activated_endothelial_SELE","IFRD1"
1.34655528723013e-44,0.518411400685851,0.334,0.209,3.29973373135742e-40,"Activated_endothelial_SELE","COL15A1"
4.49919451989043e-101,0.518190314923844,0.917,0.782,1.10252761709915e-96,"Activated_endothelial_SELE","FUS"
1.2586942734334e-38,0.517545223158082,0.352,0.236,3.08443031704854e-34,"Activated_endothelial_SELE","RING1"
1.5858056574368e-95,0.517340505710719,0.805,0.632,3.88601676354887e-91,"Activated_endothelial_SELE","RBM8A"
3.58172715497784e-49,0.516633619807128,0.441,0.298,8.7770223932732e-45,"Activated_endothelial_SELE","ST6GALNAC3"
8.08675788130132e-40,0.515115157429797,0.329,0.215,1.98166001881289e-35,"Activated_endothelial_SELE","AGAP3"
1.3994264997501e-54,0.514370465675034,0.455,0.3,3.42929463763763e-50,"Activated_endothelial_SELE","ADGRL2"
1.12282265141018e-36,0.514369281109489,0.422,0.3,2.75147690728065e-32,"Activated_endothelial_SELE","XBP1"
1.40872961627505e-60,0.513281387009764,0.625,0.46,3.45209192468201e-56,"Activated_endothelial_SELE","CYCS"
1.14201366608471e-116,0.511616265974374,0.893,0.741,2.79850448874059e-112,"Activated_endothelial_SELE","SBDS"
8.94962919136377e-127,0.510772856366613,0.908,0.765,2.19310663334369e-122,"Activated_endothelial_SELE","CNN3"
2.75803962950765e-46,0.509320131898833,0.573,0.426,6.75857611210849e-42,"Activated_endothelial_SELE","RB1CC1"
2.72035128372568e-49,0.507958774505435,0.495,0.354,6.66622082076978e-45,"Activated_endothelial_SELE","TFG"
4.20797732359477e-35,0.505495851566429,0.265,0.165,1.0311648431469e-30,"Activated_endothelial_SELE","CACHD1"
6.37449066856597e-19,0.504974257576832,0.257,0.186,1.56206893833209e-14,"Activated_endothelial_SELE","CBR3"
4.65303870523998e-48,0.503116977985691,0.393,0.255,1.14022713471906e-43,"Activated_endothelial_SELE","HS3ST1"
7.75526691306941e-36,0.501942070946959,0.379,0.267,1.90042815704766e-31,"Activated_endothelial_SELE","CHMP4B"
3.11877652652461e-42,0.501770504964191,0.4,0.273,7.64256187824856e-38,"Activated_endothelial_SELE","PPP2CA"
1.01055226574781e-46,0.501341201968941,0.667,0.533,2.47635832721501e-42,"Activated_endothelial_SELE","FOXC2"
1.33476510049693e-270,0.499915285396497,0.996,0.977,3.27084187876774e-266,"Activated_endothelial_SELE","HSP90AB1"
2.41806949598478e-68,0.498758123844807,0.604,0.426,5.9254792999107e-64,"Activated_endothelial_SELE","RCN2"
4.99164150790825e-53,0.495212240023372,0.635,0.477,1.22320175151292e-48,"Activated_endothelial_SELE","CTSL"
7.17231972384065e-48,0.494186036833314,0.429,0.288,1.75757694832715e-43,"Activated_endothelial_SELE","ICA1"
1.35051769442214e-52,0.49229741231441,0.496,0.345,3.30944361018144e-48,"Activated_endothelial_SELE","UBE2N"
3.07960781692282e-100,0.490399180158747,0.863,0.714,7.54657895536938e-96,"Activated_endothelial_SELE","PRCP"
1.65174143524954e-36,0.489453393593157,0.344,0.23,4.047592387079e-32,"Activated_endothelial_SELE","SLC25A29"
1.09675045138355e-35,0.488780875063985,0.356,0.244,2.68758698111539e-31,"Activated_endothelial_SELE","ALG13"
9.66523255941866e-77,0.488139009948949,0.836,0.695,2.36846523868554e-72,"Activated_endothelial_SELE","CDC37"
5.3669551807532e-66,0.48648537831747,0.662,0.486,1.31517236704357e-61,"Activated_endothelial_SELE","ENAH"
1.71191291583864e-52,0.485682515796783,0.553,0.399,4.1950426002626e-48,"Activated_endothelial_SELE","CMTM6"
1.92719386098562e-28,0.485262360651751,0.276,0.186,4.72258855634526e-24,"Activated_endothelial_SELE","SIN3A"
2.829500492053e-97,0.484344721570733,0.869,0.718,6.93369095577587e-93,"Activated_endothelial_SELE","MARCKS"
1.74525869276543e-86,0.484317403157756,0.871,0.75,4.27675642662169e-82,"Activated_endothelial_SELE","PRDX6"
3.08008157514203e-95,0.480499109530333,0.884,0.743,7.54773989988555e-91,"Activated_endothelial_SELE","RBM3"
5.76272644913952e-163,0.479606384902973,0.961,0.867,1.41215611636164e-158,"Activated_endothelial_SELE","CIRBP"
1.55779292989465e-70,0.477972806548546,0.746,0.583,3.81737157470684e-66,"Activated_endothelial_SELE","PGK1"
1.6808109519315e-51,0.475202220234205,0.533,0.379,4.11882723770813e-47,"Activated_endothelial_SELE","STRAP"
3.92239102866006e-62,0.47404256652701,0.621,0.457,9.61181921573148e-58,"Activated_endothelial_SELE","RAB1A"
4.88185360716254e-61,0.472495592621743,0.609,0.443,1.19629822643518e-56,"Activated_endothelial_SELE","LPAR6"
5.49170917211329e-55,0.472325990029469,0.625,0.466,1.34574333262636e-50,"Activated_endothelial_SELE","DNAJB6"
7.97735020781832e-31,0.471993761174572,0.403,0.294,1.95484966842588e-26,"Activated_endothelial_SELE","VMP1"
6.16000544655312e-66,0.470979132735953,0.689,0.516,1.50950933467784e-61,"Activated_endothelial_SELE","PTPN12"
9.24665445677355e-25,0.470657261228784,0.261,0.178,2.26589267463236e-20,"Activated_endothelial_SELE","KMT2B"
3.58822513526416e-26,0.470557069536747,0.454,0.349,8.79294569396482e-22,"Activated_endothelial_SELE","GABARAPL1"
1.03835060386816e-43,0.468498925472771,0.558,0.417,2.54447815477892e-39,"Activated_endothelial_SELE","YME1L1"
1.18250550833526e-12,0.466394162386587,0.372,0.314,2.89772974817554e-08,"Activated_endothelial_SELE","MEDAG"
1.55951306846499e-57,0.465796641206718,0.734,0.575,3.82158677427345e-53,"Activated_endothelial_SELE","RBMS3"
1.94408755901437e-62,0.465303267512077,0.729,0.572,4.76398656336471e-58,"Activated_endothelial_SELE","ARID4B"
3.19426418803531e-35,0.460582699599072,0.344,0.231,7.82754439278052e-31,"Activated_endothelial_SELE","PTPRK"
1.16140370903353e-128,0.459527795423773,0.983,0.895,2.84601978898667e-124,"Activated_endothelial_SELE","IL6ST"
1.74359896420241e-44,0.45898432422253,0.55,0.405,4.27268926177801e-40,"Activated_endothelial_SELE","MIF"
6.15448161490226e-37,0.45869940139621,0.349,0.232,1.5081557197318e-32,"Activated_endothelial_SELE","CRACR2B"
9.22059948228433e-30,0.45844551445787,0.38,0.276,2.25950790313377e-25,"Activated_endothelial_SELE","DYNLL2"
5.83465188234064e-36,0.457771083292353,0.31,0.202,1.42978144376757e-31,"Activated_endothelial_SELE","AMFR"
1.91936788514893e-42,0.457496681299549,0.507,0.366,4.70341100255746e-38,"Activated_endothelial_SELE","YES1"
5.72537906398649e-47,0.456546931390038,0.472,0.326,1.40300413962989e-42,"Activated_endothelial_SELE","IRAK3"
1.07162273993913e-70,0.456510880548662,0.767,0.594,2.62601152422083e-66,"Activated_endothelial_SELE","HNRNPA0"
1.38342447511045e-58,0.455836194422537,0.694,0.534,3.39008167625816e-54,"Activated_endothelial_SELE","YWHAQ"
4.77822233253913e-98,0.454941193758067,0.876,0.697,1.17090338258871e-93,"Activated_endothelial_SELE","TUBB4B"
3.24307243306796e-53,0.454702254103603,0.598,0.44,7.94714899723303e-49,"Activated_endothelial_SELE","MAGOH"
3.17455096153299e-40,0.453469840881808,0.734,0.617,7.7792371312366e-36,"Activated_endothelial_SELE","NUDT4"
8.18101716478606e-42,0.447653024977291,0.507,0.369,2.00475825623082e-37,"Activated_endothelial_SELE","BAG5"
3.89457590331206e-44,0.443035891944149,0.46,0.317,9.54365825106621e-40,"Activated_endothelial_SELE","ITGA9"
7.72886561098185e-51,0.442907925928984,0.585,0.433,1.8939585179711e-46,"Activated_endothelial_SELE","ILF2"
4.88776044253817e-33,0.442052571883412,0.479,0.358,1.19774569644398e-28,"Activated_endothelial_SELE","PIM3"
9.37046573000157e-25,0.441374769442039,0.261,0.178,2.29623262713689e-20,"Activated_endothelial_SELE","LINC00936"
6.0287241114487e-35,0.44093279167888,0.334,0.224,1.4773388435105e-30,"Activated_endothelial_SELE","TAF11"
1.4153706758472e-38,0.440550314630502,0.523,0.389,3.46836584116356e-34,"Activated_endothelial_SELE","VEZF1"
4.52105339789863e-103,0.436456353411681,0.968,0.916,1.10788413515506e-98,"Activated_endothelial_SELE","EMCN"
8.71796709947832e-61,0.432678550285252,0.821,0.651,2.13633783772716e-56,"Activated_endothelial_SELE","MYADM"
1.68785187820126e-35,0.431642212462676,0.445,0.324,4.13608102753218e-31,"Activated_endothelial_SELE","SAV1"
7.09751113719039e-82,0.431581082926815,0.855,0.7,1.73924510416851e-77,"Activated_endothelial_SELE","VAMP2"
2.83959112193233e-30,0.431312484668199,0.329,0.227,6.95841804429517e-26,"Activated_endothelial_SELE","IFI44"
2.60865078957985e-74,0.427627191311687,0.844,0.711,6.39249875986542e-70,"Activated_endothelial_SELE","DDX24"
8.62501500814615e-63,0.427014582217755,0.665,0.481,2.11355992774621e-58,"Activated_endothelial_SELE","NEDD9"
2.1428824202709e-82,0.426692196070479,0.899,0.769,5.25113337087384e-78,"Activated_endothelial_SELE","SET"
2.45919284801695e-41,0.426543576117588,0.492,0.352,6.02625207406555e-37,"Activated_endothelial_SELE","SAR1A"
6.23825266781746e-23,0.426247190128769,0.263,0.182,1.52868381624867e-18,"Activated_endothelial_SELE","HERPUD2"
8.0417242870108e-50,0.426234386644588,0.471,0.316,1.970624536532e-45,"Activated_endothelial_SELE","FAM13C"
2.72734228979164e-33,0.425687278777744,0.362,0.251,6.68335228113441e-29,"Activated_endothelial_SELE","BCL7B"
6.55941068010571e-25,0.423674840016092,0.3,0.211,1.6073835871599e-20,"Activated_endothelial_SELE","GRAMD1A"
5.67309265812561e-35,0.421877742539197,0.346,0.231,1.39019135587368e-30,"Activated_endothelial_SELE","NRARP"
2.03082270351268e-23,0.421702654942836,0.282,0.197,4.97653103495782e-19,"Activated_endothelial_SELE","BACH1"
8.61460303090245e-45,0.418931802364819,0.934,0.853,2.11100847272265e-40,"Activated_endothelial_SELE","ZFP36L2"
9.71303019296762e-60,0.418841199549763,0.806,0.671,2.38017804878671e-55,"Activated_endothelial_SELE","YWHAZ"
1.68204075828976e-85,0.416322777558159,0.884,0.74,4.12184087818906e-81,"Activated_endothelial_SELE","HNRNPDL"
1.06371946334856e-53,0.415627131327395,0.815,0.688,2.60664454493564e-49,"Activated_endothelial_SELE","RBM25"
3.95725432125028e-19,0.414571222927225,0.339,0.259,9.69725171422382e-15,"Activated_endothelial_SELE","NINJ1"
3.80584832512149e-29,0.414338413683992,0.307,0.209,9.32623132071022e-25,"Activated_endothelial_SELE","RFTN2"
7.33686962703592e-39,0.412773201996817,0.523,0.387,1.79789990210515e-34,"Activated_endothelial_SELE","FOXN3"
4.70453181915338e-48,0.409546611797888,0.607,0.458,1.15284552228354e-43,"Activated_endothelial_SELE","GLO1"
8.0726443198499e-35,0.409011254469087,0.469,0.34,1.97820149057922e-30,"Activated_endothelial_SELE","PLCXD3"
2.3712127766722e-23,0.406886126480151,0.306,0.22,5.81065690923523e-19,"Activated_endothelial_SELE","CDK2AP1"
5.28506352683191e-24,0.405808607256208,0.326,0.232,1.29510481725016e-19,"Activated_endothelial_SELE","NMRK1"
2.7567720975276e-39,0.40516596223736,0.572,0.437,6.75547002499137e-35,"Activated_endothelial_SELE","COL4A3BP"
1.76317393011458e-91,0.403174821485234,0.911,0.795,4.32065771574579e-87,"Activated_endothelial_SELE","PCBP2"
1.56284584916926e-33,0.403101578250491,0.461,0.342,3.82975375338928e-29,"Activated_endothelial_SELE","RNF114"
6.22208004856912e-30,0.402691296094611,0.303,0.201,1.52472071590186e-25,"Activated_endothelial_SELE","FAM84B"
2.07078643136952e-22,0.401320294710489,0.261,0.181,5.074462150071e-18,"Activated_endothelial_SELE","PPP5C"
2.47015306766827e-42,0.401106473260684,0.604,0.472,6.05311009232109e-38,"Activated_endothelial_SELE","KRR1"
5.07214167308001e-23,0.400387724665772,0.267,0.184,1.24292831698826e-18,"Activated_endothelial_SELE","HAPLN3"
3.02208829324981e-46,0.400250863158614,0.498,0.346,7.40562736260865e-42,"Activated_endothelial_SELE","GMFG"
1.20183533757027e-37,0.397272349353988,0.436,0.301,2.94509749471596e-33,"Activated_endothelial_SELE","CASKIN2"
1.24352224937391e-22,0.397229890933819,0.291,0.207,3.04725127209078e-18,"Activated_endothelial_SELE","PLEKHB2"
2.55281534788054e-40,0.397070925998941,0.507,0.368,6.25567400998127e-36,"Activated_endothelial_SELE","COPS2"
5.75142438919304e-23,0.395774759647053,0.258,0.177,1.40938654657175e-18,"Activated_endothelial_SELE","ARHGEF1"
1.11535772335223e-30,0.393600915886866,0.369,0.262,2.73318410107463e-26,"Activated_endothelial_SELE","TAP1"
1.22790964513705e-10,0.39246678282108,0.317,0.262,3.00899258540833e-06,"Activated_endothelial_SELE","FAM43A"
4.89549443976562e-48,0.390404288794119,0.753,0.618,1.19964091246456e-43,"Activated_endothelial_SELE","COX7A1"
5.85752223817046e-35,0.390136935227733,0.562,0.436,1.43538582446367e-30,"Activated_endothelial_SELE","NUFIP2"
4.42526492329386e-38,0.3898019651348,0.527,0.391,1.08441116945316e-33,"Activated_endothelial_SELE","KPNA4"
5.2399947790603e-97,0.387255997663528,0.966,0.883,1.28406072060873e-92,"Activated_endothelial_SELE","BTG1"
8.73029188635237e-53,0.385366634014107,0.742,0.592,2.13935802675065e-48,"Activated_endothelial_SELE","EIF4A1"
1.51091741153248e-46,0.383061934754105,0.678,0.527,3.70250311696035e-42,"Activated_endothelial_SELE","RAP1A"
1.17406315781782e-58,0.38234898619421,0.873,0.752,2.87704176823257e-54,"Activated_endothelial_SELE","ETS2"
2.66251560947918e-20,0.381757313779023,0.303,0.223,6.52449450102872e-16,"Activated_endothelial_SELE","SRP19"
3.27676256893727e-65,0.381701088791518,0.846,0.718,8.02970667518077e-61,"Activated_endothelial_SELE","PNISR"
4.69755962017452e-31,0.381204365406679,0.367,0.259,1.15113698492377e-26,"Activated_endothelial_SELE","HEXIM1"
5.33093804448779e-23,0.380599736908779,0.286,0.199,1.30634636780173e-18,"Activated_endothelial_SELE","DLL1"
6.99982607027962e-26,0.380095679808354,0.306,0.214,1.71530737852202e-21,"Activated_endothelial_SELE","ACVR1"
8.36027803796365e-14,0.37968573159797,0.339,0.269,2.04868613320299e-09,"Activated_endothelial_SELE","GLRX"
2.66343422513557e-32,0.378200112333126,0.753,0.647,6.52674556869471e-28,"Activated_endothelial_SELE","ARID5B"
1.92773135561887e-16,0.378167664042586,0.294,0.224,4.72390568694403e-12,"Activated_endothelial_SELE","RP11-553L6.5"
2.72772765519235e-28,0.377512061619869,0.38,0.272,6.68429661904887e-24,"Activated_endothelial_SELE","SMNDC1"
2.1148763544709e-21,0.37689837312097,0.262,0.183,5.18250450663094e-17,"Activated_endothelial_SELE","BMP2K"
1.74852157936377e-31,0.376869166484083,0.411,0.296,4.28475213023093e-27,"Activated_endothelial_SELE","PPHLN1"
1.43936892905635e-29,0.376653438769514,0.41,0.299,3.52717356065259e-25,"Activated_endothelial_SELE","EVA1C"
2.0243971273051e-36,0.376114424026981,0.565,0.431,4.96078516046114e-32,"Activated_endothelial_SELE","KDSR"
3.06563372613097e-40,0.375955826548027,0.636,0.497,7.51233544588393e-36,"Activated_endothelial_SELE","HIPK3"
4.93889261142298e-30,0.375874994694487,0.353,0.246,1.2102756344292e-25,"Activated_endothelial_SELE","ANKRD10"
6.90829958313518e-22,0.375831595613733,0.316,0.231,1.69287881284728e-17,"Activated_endothelial_SELE","CHRAC1"
2.9812167921264e-31,0.374941206168407,0.452,0.335,7.30547174910574e-27,"Activated_endothelial_SELE","MXI1"
7.31538881073577e-31,0.374472092439353,0.445,0.327,1.7926360280708e-26,"Activated_endothelial_SELE","PURB"
4.88648014000997e-33,0.373383631944583,0.399,0.282,1.19743195830944e-28,"Activated_endothelial_SELE","B4GALT5"
3.95331453794512e-29,0.369833775317633,0.43,0.316,9.68759727523453e-25,"Activated_endothelial_SELE","AAED1"
3.44805162418162e-25,0.368983580632849,0.39,0.289,8.44945050505707e-21,"Activated_endothelial_SELE","ZNF800"
5.04620999253227e-25,0.367494980516248,0.26,0.174,1.23657375867003e-20,"Activated_endothelial_SELE","CRHBP"
3.67241449177153e-16,0.36733352174603,0.256,0.19,8.99925171208613e-12,"Activated_endothelial_SELE","TMED5"
6.83455040285533e-22,0.367150965968937,0.358,0.269,1.6748065762197e-17,"Activated_endothelial_SELE","NANS"
3.05289940377164e-24,0.366611390008023,0.283,0.193,7.4811299889424e-20,"Activated_endothelial_SELE","CPLX1"
1.12119733147214e-25,0.366130152032525,0.421,0.319,2.74749406077248e-21,"Activated_endothelial_SELE","RELA"
9.70141944017231e-83,0.364448327016661,0.931,0.846,2.37733283381422e-78,"Activated_endothelial_SELE","EIF3E"
4.30744903084858e-25,0.364412940422547,0.39,0.291,1.05554038500945e-20,"Activated_endothelial_SELE","TOR1AIP2"
8.71621621562896e-29,0.363791854984865,0.461,0.348,2.13590878363988e-24,"Activated_endothelial_SELE","EGLN2"
6.9804457832353e-17,0.362343153942222,0.398,0.318,1.71055823918181e-12,"Activated_endothelial_SELE","BTBD7"
9.64260440847417e-28,0.361477737491296,0.409,0.299,2.3629202102966e-23,"Activated_endothelial_SELE","TMEM88"
2.65726779881717e-32,0.361469766451601,0.46,0.337,6.51163474100148e-28,"Activated_endothelial_SELE","WBP11"
4.70963090303296e-102,0.361342278322428,0.981,0.88,1.15409505278823e-97,"Activated_endothelial_SELE","RPL36A"
7.79542840980732e-26,0.360825681221919,0.394,0.29,1.91026973182328e-21,"Activated_endothelial_SELE","BCAS2"
5.16235835822813e-44,0.360692656890347,0.648,0.497,1.2650359156838e-39,"Activated_endothelial_SELE","PNPLA2"
5.26731452775172e-38,0.36036445363816,0.566,0.425,1.29075542502556e-33,"Activated_endothelial_SELE","FOXO1"
3.84510253017087e-43,0.36006702543703,0.602,0.452,9.42242375018372e-39,"Activated_endothelial_SELE","CCND3"
7.66911253207137e-38,0.359492221468866,0.723,0.596,1.87931602598409e-33,"Activated_endothelial_SELE","SERPINB1"
1.35069015053971e-26,0.35899280187621,0.383,0.279,3.30986621389756e-22,"Activated_endothelial_SELE","BIRC2"
8.48787179099461e-37,0.358309090273286,0.627,0.495,2.07995298238323e-32,"Activated_endothelial_SELE","CAMLG"
1.66060696562927e-23,0.35720043226921,0.363,0.269,4.06931736927452e-19,"Activated_endothelial_SELE","TAF3"
1.61818697654604e-34,0.356598150006633,0.539,0.408,3.96536718602607e-30,"Activated_endothelial_SELE","UQCRFS1"
4.65537317080064e-59,0.354856240407281,0.88,0.778,1.1407991955047e-54,"Activated_endothelial_SELE","RDX"
2.10345076780762e-70,0.3547672052977,0.893,0.766,5.15450610651258e-66,"Activated_endothelial_SELE","YWHAE"
6.42842716837027e-25,0.352946508760673,0.348,0.249,1.57528607760913e-20,"Activated_endothelial_SELE","LY96"
8.76750007066012e-43,0.352901945569332,0.692,0.545,2.14847589231526e-38,"Activated_endothelial_SELE","EIF1B"
9.6821742488901e-18,0.351145366279773,0.267,0.195,2.37261679969052e-13,"Activated_endothelial_SELE","OSMR"
4.424110216642e-70,0.350964523446502,0.895,0.777,1.08412820858812e-65,"Activated_endothelial_SELE","STOM"
2.26630060325252e-31,0.348664398202871,0.527,0.41,5.55356962827031e-27,"Activated_endothelial_SELE","RBP1"
2.10719316299417e-21,0.346920281231817,0.411,0.321,5.16367684591721e-17,"Activated_endothelial_SELE","SAFB2"
1.10779705829472e-27,0.346854541127485,0.454,0.344,2.71465669135121e-23,"Activated_endothelial_SELE","PHACTR4"
6.5384889447755e-22,0.346791839920105,0.343,0.254,1.60225671591724e-17,"Activated_endothelial_SELE","SUPT5H"
4.26152763974348e-42,0.346442432310017,0.676,0.532,1.04428734811914e-37,"Activated_endothelial_SELE","GNAQ"
1.30104497462342e-55,0.345804146270879,0.833,0.667,3.18821071031469e-51,"Activated_endothelial_SELE","RPL17"
5.86762597213429e-25,0.345106230501068,0.344,0.248,1.43786174447151e-20,"Activated_endothelial_SELE","RAPH1"
2.80435721362794e-192,0.345004461552567,1,0.997,6.87207735199527e-188,"Activated_endothelial_SELE","RPL41"
1.11697970392775e-21,0.342709337727804,0.312,0.226,2.73715876447496e-17,"Activated_endothelial_SELE","STARD3NL"
2.76205696699995e-39,0.341844904267992,0.755,0.621,6.76842059763338e-35,"Activated_endothelial_SELE","EIF1AX"
1.69730057527811e-17,0.341831090949692,0.531,0.446,4.15923505971901e-13,"Activated_endothelial_SELE","HERPUD1"
1.56046147265543e-119,0.34058744319802,0.98,0.958,3.82391083874214e-115,"Activated_endothelial_SELE","H3F3A"
1.7623314834199e-66,0.340465130035687,0.917,0.82,4.31859330012046e-62,"Activated_endothelial_SELE","PRRC2C"
9.76705667669824e-25,0.340125644310726,0.55,0.445,2.3934172386249e-20,"Activated_endothelial_SELE","GGNBP2"
3.04526855777967e-18,0.33958637823667,0.337,0.257,7.46243060083909e-14,"Activated_endothelial_SELE","TPBG"
9.88513010985082e-22,0.339263733047391,0.29,0.206,2.42235113341894e-17,"Activated_endothelial_SELE","N4BP2L1"
7.75896490132862e-25,0.339165710560077,0.469,0.362,1.90133434907058e-20,"Activated_endothelial_SELE","C21orf59"
5.18169364627407e-33,0.337871195854936,0.965,0.93,1.26977402801946e-28,"Activated_endothelial_SELE","NEAT1"
1.70228622044252e-70,0.337147856539177,0.987,0.951,4.1714523831944e-66,"Activated_endothelial_SELE","SDPR"
1.24901303629345e-25,0.335765968105245,0.403,0.301,3.06070644543709e-21,"Activated_endothelial_SELE","KDM2A"
1.54565640152041e-25,0.334871823916817,0.561,0.456,3.78763101192576e-21,"Activated_endothelial_SELE","FAM133B"
2.41747806556844e-17,0.334834708699929,0.297,0.222,5.92402999967547e-13,"Activated_endothelial_SELE","FAM174A"
3.99389617522129e-23,0.334256503007534,0.476,0.371,9.78704257737976e-19,"Activated_endothelial_SELE","SPEN"
3.76027671727713e-35,0.334136927449149,0.628,0.494,9.21455809568761e-31,"Activated_endothelial_SELE","PTP4A2"
1.83112912130547e-54,0.332983810426291,0.584,0.41,4.48718191175906e-50,"Activated_endothelial_SELE","TMEM2"
1.59163760252501e-16,0.33294610955339,0.258,0.189,3.90030794498755e-12,"Activated_endothelial_SELE","CHIC2"
3.02130107476013e-33,0.332030697221399,0.491,0.364,7.40369828369969e-29,"Activated_endothelial_SELE","FRY"
1.53870452781458e-18,0.331901998679898,0.349,0.266,3.77059544540962e-14,"Activated_endothelial_SELE","MRPL47"
3.3282305898647e-35,0.330918842425851,0.48,0.346,8.15582906046346e-31,"Activated_endothelial_SELE","RALGAPA2"
7.94263247631354e-32,0.330684661550322,0.58,0.449,1.94634208832063e-27,"Activated_endothelial_SELE","RRAGA"
1.13018095827166e-31,0.329539458641429,0.518,0.397,2.7695084382447e-27,"Activated_endothelial_SELE","EIF2A"
9.27889031877061e-18,0.329006094902659,0.282,0.207,2.27379207261474e-13,"Activated_endothelial_SELE","DAZAP1"
6.96540098337518e-131,0.32820133974894,0.996,0.981,1.70687151097609e-126,"Activated_endothelial_SELE","RPL7"
1.10442992413087e-23,0.328161149386078,0.285,0.196,2.7064055290827e-19,"Activated_endothelial_SELE","MCF2L"
2.45559444211555e-41,0.327970661611811,0.767,0.629,6.01743418040415e-37,"Activated_endothelial_SELE","KHDRBS1"
9.5626981724854e-27,0.327949890324391,0.368,0.263,2.34333918716755e-22,"Activated_endothelial_SELE","LRCH1"
1.73704560520414e-20,0.327344233838353,0.336,0.248,4.25663025555275e-16,"Activated_endothelial_SELE","DOC2B"
1.60984688425033e-43,0.326431159920629,0.735,0.596,3.94492978985544e-39,"Activated_endothelial_SELE","PDCD4"
3.0894957263532e-27,0.325178475572951,0.458,0.346,7.57080927742851e-23,"Activated_endothelial_SELE","RGL2"
8.47504678927458e-22,0.324996576703781,0.331,0.241,2.07681021571173e-17,"Activated_endothelial_SELE","R3HDM2"
1.50064797997219e-17,0.324939978805213,0.266,0.194,3.67733787492186e-13,"Activated_endothelial_SELE","TEAD2"
3.23962192073465e-25,0.324649972420629,0.468,0.359,7.93869351676025e-21,"Activated_endothelial_SELE","TSPYL2"
3.82128566271259e-15,0.324545906270424,0.257,0.192,9.36406051647721e-11,"Activated_endothelial_SELE","BLOC1S2"
9.98865037197012e-43,0.324417485583601,0.822,0.705,2.44771877365128e-38,"Activated_endothelial_SELE","MRFAP1"
7.56243226145016e-15,0.323949449117806,0.438,0.365,1.85317402566836e-10,"Activated_endothelial_SELE","LMCD1"
6.04406748403104e-17,0.323444723145123,0.297,0.222,1.48109873696181e-12,"Activated_endothelial_SELE","FAM60A"
1.58709909340101e-32,0.322852101032606,0.644,0.51,3.88918632837918e-28,"Activated_endothelial_SELE","SNTB2"
5.89443138631243e-31,0.322673482314154,0.591,0.463,1.44443041121586e-26,"Activated_endothelial_SELE","MORF4L2"
9.56347419764118e-84,0.322580497784062,0.605,0.371,2.34352935213197e-79,"Activated_endothelial_SELE","DUSP5"
1.52731678279982e-19,0.322056747334258,0.316,0.236,3.74268977625095e-15,"Activated_endothelial_SELE","ARID1B"
5.42365144902942e-20,0.321543032150234,0.325,0.241,1.32906578758466e-15,"Activated_endothelial_SELE","UBE2E1"
2.29112644533459e-25,0.321105853853084,0.505,0.392,5.61440535429242e-21,"Activated_endothelial_SELE","ELF2"
2.68477914611521e-65,0.320281417922631,0.937,0.847,6.57905129755532e-61,"Activated_endothelial_SELE","RBM39"
2.99541189474362e-57,0.320245378402471,0.935,0.844,7.34025684806925e-53,"Activated_endothelial_SELE","PNRC1"
1.64379204178494e-185,0.320136252569152,0.998,0.996,4.02811239839399e-181,"Activated_endothelial_SELE","RPS3A"
8.41873546296112e-19,0.318521691696342,0.365,0.282,2.06301112519862e-14,"Activated_endothelial_SELE","TSPYL1"
4.13711481914435e-20,0.318472719140358,0.33,0.245,1.01379998643132e-15,"Activated_endothelial_SELE","GAS2L1"
1.85419458273114e-48,0.317831131115265,0.87,0.742,4.54370382498267e-44,"Activated_endothelial_SELE","NFIA"
2.63404795927676e-49,0.317527998424036,0.824,0.689,6.45473452420769e-45,"Activated_endothelial_SELE","LDB2"
5.78917733234698e-23,0.315386188944682,0.739,0.641,1.41863790529163e-18,"Activated_endothelial_SELE","IRF2BP2"
7.34296781011376e-17,0.314628570426942,0.262,0.192,1.79939426186838e-12,"Activated_endothelial_SELE","PTS"
2.62359480982262e-28,0.312632353478307,0.722,0.591,6.42911908147033e-24,"Activated_endothelial_SELE","PPP1CB"
9.25067438849742e-17,0.312194934953607,0.312,0.237,2.26687775890129e-12,"Activated_endothelial_SELE","SRA1"
1.31560470702611e-19,0.311523295980425,0.273,0.193,3.22388933456748e-15,"Activated_endothelial_SELE","YBEY"
1.00528916658027e-16,0.311445442944369,0.314,0.24,2.46346110270494e-12,"Activated_endothelial_SELE","GOLPH3"
8.16277776001786e-38,0.310525536989641,0.606,0.457,2.00028869009238e-33,"Activated_endothelial_SELE","MAOA"
2.62099972212607e-62,0.309880071032645,0.928,0.824,6.42275981906994e-58,"Activated_endothelial_SELE","MORF4L1"
1.64345561079652e-22,0.309815315640719,0.454,0.357,4.02728797425687e-18,"Activated_endothelial_SELE","TPRKB"
8.5795836700121e-20,0.309420764402675,0.288,0.207,2.10242697833646e-15,"Activated_endothelial_SELE","LGALS8"
8.0145551213505e-10,0.308051996642642,0.263,0.21,1.96396673248694e-05,"Activated_endothelial_SELE","BEX5"
1.17814362301638e-16,0.307280032512877,0.326,0.248,2.88704094820164e-12,"Activated_endothelial_SELE","ZFC3H1"
1.52743119069912e-42,0.307122455284258,0.844,0.722,3.74297013280818e-38,"Activated_endothelial_SELE","HNRNPU"
5.92209915207134e-17,0.306344841184108,0.276,0.203,1.45121039721508e-12,"Activated_endothelial_SELE","AKIRIN2"
1.74667478434669e-26,0.306101342656038,0.526,0.408,4.28022655904156e-22,"Activated_endothelial_SELE","PRKCH"
1.92617560865998e-23,0.305915617410672,0.294,0.203,4.72009332902127e-19,"Activated_endothelial_SELE","RAPGEF4"
2.70601151325369e-16,0.303941575219921,0.279,0.207,6.63108121322816e-12,"Activated_endothelial_SELE","KIF22"
7.35565615519691e-30,0.303604743375226,0.879,0.783,1.802503540831e-25,"Activated_endothelial_SELE","SAT1"
2.1280545608566e-71,0.303294466149969,0.5,0.32,5.21479770137911e-67,"Activated_endothelial_SELE","DNAJB1"
1.13501597493999e-25,0.301519936008943,0.626,0.515,2.78135664659043e-21,"Activated_endothelial_SELE","EIF5A"
2.99790580945433e-29,0.301152021964437,0.53,0.404,7.34636818606783e-25,"Activated_endothelial_SELE","EPC1"
8.96922949543542e-19,0.300763970077526,0.339,0.255,2.19790968785645e-14,"Activated_endothelial_SELE","BCL10"
2.68573908522259e-30,0.300715411032916,0.61,0.487,6.58140362833796e-26,"Activated_endothelial_SELE","METAP2"
3.63583869491736e-21,0.29922126569168,0.337,0.247,8.909622721895e-17,"Activated_endothelial_SELE","NR1D2"
2.21528354342009e-19,0.299094984986545,0.353,0.265,5.42855232315094e-15,"Activated_endothelial_SELE","CKLF"
3.19561112305472e-28,0.298898792919505,0.532,0.41,7.83084505704559e-24,"Activated_endothelial_SELE","HSPA9"
2.75150034309483e-23,0.298321441506659,0.457,0.353,6.74255159075389e-19,"Activated_endothelial_SELE","SRSF6"
1.50166507131433e-28,0.297411728860594,0.593,0.463,3.67983025725578e-24,"Activated_endothelial_SELE","FGFR1OP2"
2.24727293328877e-29,0.295669325350454,0.57,0.449,5.50694232302412e-25,"Activated_endothelial_SELE","XRN2"
1.7439697327079e-12,0.291763004014301,0.265,0.205,4.27359783000072e-08,"Activated_endothelial_SELE","CTC-444N24.11"
7.61876354267989e-42,0.291184624677587,0.849,0.734,1.86697800613371e-37,"Activated_endothelial_SELE","HNRNPC"
2.01860100504012e-20,0.291150239448642,0.474,0.375,4.94658176285081e-16,"Activated_endothelial_SELE","CHD1"
2.52458915512347e-20,0.290259558716298,0.293,0.21,6.18650572463005e-16,"Activated_endothelial_SELE","SHROOM1"
5.29531818867012e-36,0.290076630573109,0.608,0.462,1.29761772213361e-31,"Activated_endothelial_SELE","CCDC68"
1.1096066801831e-20,0.289157276105994,0.396,0.302,2.71909116978868e-16,"Activated_endothelial_SELE","RBM22"
3.8192173410796e-23,0.288752371350583,0.675,0.568,9.35899209431556e-19,"Activated_endothelial_SELE","CRIM1"
1.4512927257358e-40,0.287441695941209,0.829,0.697,3.55639282441558e-36,"Activated_endothelial_SELE","SRRM1"
2.16398189799686e-33,0.287122876063955,0.868,0.776,5.30283764104131e-29,"Activated_endothelial_SELE","LRRFIP1"
1.18662909273067e-38,0.286881355225445,0.791,0.656,2.9078345917365e-34,"Activated_endothelial_SELE","HMGN2"
9.7436315946282e-17,0.285639899798771,0.299,0.224,2.38767692226364e-12,"Activated_endothelial_SELE","DCXR"
9.74954094841626e-35,0.28476914427185,0.694,0.549,2.3891250094094e-30,"Activated_endothelial_SELE","CHMP5"
7.93874228938209e-20,0.283761299046809,0.368,0.276,1.94538879801308e-15,"Activated_endothelial_SELE","LYRM1"
1.30305479405035e-24,0.281873189544432,0.66,0.547,3.19313577282038e-20,"Activated_endothelial_SELE","ANKRD11"
1.24296986516048e-14,0.281170930537367,0.362,0.289,3.04589765457577e-10,"Activated_endothelial_SELE","TRMT10C"
3.45090199360933e-20,0.280853305732602,0.35,0.261,8.45643533533966e-16,"Activated_endothelial_SELE","TMEM170A"
6.97063470935495e-18,0.280797692657996,0.274,0.198,1.70815403552743e-13,"Activated_endothelial_SELE","RASSF3"
5.28460458174587e-131,0.279877974229692,1,0.997,1.29499235275682e-126,"Activated_endothelial_SELE","RPS28"
3.01232389863429e-24,0.279534645727068,0.725,0.621,7.38169971360333e-20,"Activated_endothelial_SELE","NFE2L2"
3.84488873580272e-16,0.279347194025187,0.349,0.271,9.42189984708456e-12,"Activated_endothelial_SELE","YLPM1"
2.18815038096409e-27,0.278083318715637,0.74,0.617,5.36206250855251e-23,"Activated_endothelial_SELE","TMEM123"
5.47858985732153e-18,0.27790559908413,0.681,0.613,1.34252844453664e-13,"Activated_endothelial_SELE","CYP1B1"
2.75576425920591e-15,0.277871425581513,0.278,0.208,6.75300031718407e-11,"Activated_endothelial_SELE","ADAM17"
1.39555546679849e-20,0.277630398842944,0.378,0.285,3.41980867138971e-16,"Activated_endothelial_SELE","STIM2"
2.57105160652605e-24,0.276194912935865,0.678,0.563,6.30036196179209e-20,"Activated_endothelial_SELE","FOXC1"
8.68220992422378e-24,0.274803061478595,0.479,0.369,2.12757554193104e-19,"Activated_endothelial_SELE","CCNY"
2.34473397101641e-17,0.274123369585066,0.282,0.205,5.74577059597571e-13,"Activated_endothelial_SELE","YTHDF3"
6.52316309055958e-52,0.273320584200921,0.919,0.827,1.59850111534162e-47,"Activated_endothelial_SELE","HNRNPK"
1.40217871071359e-33,0.272680694426916,0.816,0.697,3.43603893060365e-29,"Activated_endothelial_SELE","SUB1"
3.53288623748662e-119,0.272101399252755,0.99,0.94,8.65733772496096e-115,"Activated_endothelial_SELE","LMNA"
2.51135449161212e-96,0.271990811670092,0.995,0.972,6.15407418169551e-92,"Activated_endothelial_SELE","GAPDH"
2.53985311179983e-18,0.270488370481684,0.393,0.306,6.22391005046549e-14,"Activated_endothelial_SELE","AGO2"
2.03695480651166e-26,0.268875416265754,0.617,0.493,4.99155775335683e-22,"Activated_endothelial_SELE","RAP1B"
1.24112137149673e-19,0.268298979053227,0.403,0.309,3.04136792085274e-15,"Activated_endothelial_SELE","ALDH9A1"
1.62802276573936e-17,0.268134374462409,0.46,0.372,3.98946978744431e-13,"Activated_endothelial_SELE","TMF1"
9.7897305545195e-22,0.267925905583662,0.341,0.249,2.398973472385e-17,"Activated_endothelial_SELE","BNIP3"
7.43816571156754e-08,0.267473415776322,0.285,0.236,0.00182272250761963,"Activated_endothelial_SELE","TAF9"
2.23724048073337e-22,0.267070287443676,0.486,0.379,5.48235779803712e-18,"Activated_endothelial_SELE","TMEM256"
3.65889282810551e-23,0.266812670288481,0.309,0.217,8.96611687527255e-19,"Activated_endothelial_SELE","ZNF385D"
9.04893549852695e-16,0.26647337716819,0.291,0.218,2.21744164391403e-11,"Activated_endothelial_SELE","TPD52"
1.2211368740494e-61,0.266062649913073,0.966,0.885,2.99239590985806e-57,"Activated_endothelial_SELE","SDCBP"
1.38400719706836e-22,0.265341958408349,0.616,0.507,3.39150963641602e-18,"Activated_endothelial_SELE","YTHDC1"
5.93719483358203e-15,0.265127827827703,0.357,0.28,1.45490959396928e-10,"Activated_endothelial_SELE","CD302"
6.59151751479585e-29,0.264735701685178,0.617,0.486,1.61525136700072e-24,"Activated_endothelial_SELE","ETS1"
1.28163250634502e-18,0.262259469676537,0.367,0.281,3.14064045679846e-14,"Activated_endothelial_SELE","USF2"
1.80788401153091e-14,0.258470957571915,0.254,0.188,4.43021977025649e-10,"Activated_endothelial_SELE","EBF3"
4.9234017113435e-12,0.258006881320175,0.276,0.213,1.20647958936472e-07,"Activated_endothelial_SELE","TES"
3.0328606806322e-22,0.257961110407762,0.947,0.902,7.43202509788922e-18,"Activated_endothelial_SELE","ZFP36L1"
1.46344788432487e-15,0.257497612401648,0.345,0.267,3.5861790405381e-11,"Activated_endothelial_SELE","RNF145"
1.86262054900716e-14,0.257440194617357,0.288,0.218,4.56435165534204e-10,"Activated_endothelial_SELE","CCNG2"
1.34710451285868e-08,0.257072798929192,0.622,0.554,0.00033010796087602,"Activated_endothelial_SELE","PDK4"
1.36664515576734e-22,0.256999399674202,0.485,0.375,3.34896395420787e-18,"Activated_endothelial_SELE","AFF1"
7.62839767341205e-12,0.256733674329193,0.926,0.898,1.86933884986962e-07,"Activated_endothelial_SELE","TSC22D1"
8.43188475004279e-40,0.256061290045964,0.932,0.841,2.06623335799799e-35,"Activated_endothelial_SELE","NCL"
2.78421102552062e-19,0.25595061062731,0.453,0.356,6.82270911803828e-15,"Activated_endothelial_SELE","BAZ2A"
5.78443482681699e-13,0.254840765331688,0.343,0.275,1.4174757543115e-08,"Activated_endothelial_SELE","DDX27"
7.68017217390802e-30,0.254779917011196,0.723,0.586,1.88202619121616e-25,"Activated_endothelial_SELE","SRSF9"
6.20880898810527e-22,0.254433029914935,0.688,0.586,1.5214686425352e-17,"Activated_endothelial_SELE","SYNCRIP"
8.81783059264292e-42,0.252501976461724,0.989,0.967,2.16080938672715e-37,"Activated_endothelial_SELE","KLF2"
1.92579854296245e-32,0.251274048418291,0.877,0.784,4.71916932952948e-28,"Activated_endothelial_SELE","NAP1L1"
0,6.17604461442606,0.839,0.022,0,"Angiogenic_endothelial","MTRNR2L8"
0,5.74664175553685,0.882,0.042,0,"Angiogenic_endothelial","MTRNR2L12"
0,3.75655554162526,0.635,0.157,0,"Angiogenic_endothelial","PLCG2"
5.93299230859847e-159,2.27001071833466,0.51,0.327,1.45387976522206e-154,"Angiogenic_endothelial","DNAJB1"
2.45288184330371e-128,2.08742089189875,0.304,0.125,6.01078695701574e-124,"Angiogenic_endothelial","HLA-DQA1"
2.60287073962974e-136,2.06511039160082,0.454,0.232,6.37833474746268e-132,"Angiogenic_endothelial","CCL2"
0,1.99698585499975,0.685,0.149,0,"Angiogenic_endothelial","DES"
0,1.96240001277591,0.911,0.65,0,"Angiogenic_endothelial","ID1"
2.00226806831744e-87,1.9397990202781,0.341,0.193,4.90655790141189e-83,"Angiogenic_endothelial","IER5L"
0,1.86229195039651,0.893,0.641,0,"Angiogenic_endothelial","ID3"
2.26519960577471e-79,1.85373024616795,0.359,0.225,5.55087163395092e-75,"Angiogenic_endothelial","UBE2S"
3.37143286186352e-295,1.75304849815632,0.818,0.619,8.26169622799654e-291,"Angiogenic_endothelial","HES1"
1.67977657230086e-109,1.65270426614836,0.406,0.229,4.11629249042326e-105,"Angiogenic_endothelial","NRARP"
2.17954184095315e-55,1.63932146628547,0.303,0.187,5.3409672812557e-51,"Angiogenic_endothelial","MME"
1.24920474141391e-60,1.61698617528565,0.598,0.587,3.0611762188348e-56,"Angiogenic_endothelial","HSPA1A"
0,1.54458603268608,0.991,0.947,0,"Angiogenic_endothelial","MT-ATP6"
0,1.51474511532969,0.486,0.127,0,"Angiogenic_endothelial","ACTG2"
1.33737235016307e-121,1.48407675487861,0.295,0.12,3.27723094407459e-117,"Angiogenic_endothelial","CKB"
6.9639392763142e-56,1.47635022724215,0.329,0.199,1.70651331966079e-51,"Angiogenic_endothelial","CXCL2"
3.41440517623742e-129,1.45997749333566,0.566,0.377,8.36699988436979e-125,"Angiogenic_endothelial","IRF1"
1.45690262745127e-197,1.44776808998918,0.715,0.499,3.57013988856935e-193,"Angiogenic_endothelial","NR4A2"
1.99555582648749e-108,1.44735894983039,0.592,0.436,4.89010955280759e-104,"Angiogenic_endothelial","IER3"
0,1.440355603739,0.993,0.98,0,"Angiogenic_endothelial","MT-CO3"
0,1.40969398414495,0.99,0.988,0,"Angiogenic_endothelial","MT-CO1"
9.04308426655153e-99,1.3860673949544,0.524,0.373,2.21600779951845e-94,"Angiogenic_endothelial","ID2"
3.67869897831881e-39,1.38224512011386,0.38,0.296,9.01465184637023e-35,"Angiogenic_endothelial","TNFRSF10D"
0,1.35735846372957,0.99,0.985,0,"Angiogenic_endothelial","MT-CO2"
2.67081531572426e-72,1.35554104953529,0.369,0.221,6.54483293118231e-68,"Angiogenic_endothelial","NFKBID"
1.84847968264286e-53,1.34826450215133,0.374,0.266,4.52969946231634e-49,"Angiogenic_endothelial","H2AFX"
9.89642805555219e-100,1.32510791038108,0.632,0.541,2.42511969501306e-95,"Angiogenic_endothelial","SERTAD1"
7.06510076131423e-80,1.31334739030588,0.473,0.349,1.73130294156005e-75,"Angiogenic_endothelial","PCAT19"
4.29675760706574e-22,1.27422931303326,0.359,0.311,1.05292045161146e-17,"Angiogenic_endothelial","INTS6"
1.63724161394196e-81,1.2656939433986,0.501,0.372,4.01206057496477e-77,"Angiogenic_endothelial","HLA-DQB1"
2.39885664502503e-31,1.22349903363073,0.458,0.412,5.87839820863384e-27,"Angiogenic_endothelial","HSPA1B"
4.72865677932197e-144,1.22213121229178,0.378,0.165,1.15875734377285e-139,"Angiogenic_endothelial","MYLK"
1.16007977602478e-134,1.22206358803518,0.753,0.64,2.84277549114872e-130,"Angiogenic_endothelial","GADD45B"
6.0491845092608e-26,1.22119292939688,0.265,0.189,1.48235266399436e-21,"Angiogenic_endothelial","CTD-3252C9.4"
0,1.21671785141924,0.949,0.902,0,"Angiogenic_endothelial","RPS26"
8.47644105016088e-160,1.21280373144851,0.346,0.13,2.07715187934192e-155,"Angiogenic_endothelial","CNN1"
0,1.19029751560763,0.979,0.945,0,"Angiogenic_endothelial","MT-ND2"
4.16359023438222e-29,1.18375249349283,0.311,0.233,1.02028778693536e-24,"Angiogenic_endothelial","ICAM1"
3.70387983955545e-61,1.18109559291044,0.526,0.447,9.07635754683062e-57,"Angiogenic_endothelial","SLC38A2"
1.42261352167791e-74,1.17356413776949,0.547,0.404,3.48611443487171e-70,"Angiogenic_endothelial","DNASE1L3"
0,1.16431660372791,0.674,0.285,0,"Angiogenic_endothelial","MYH11"
0,1.15951711691354,0.84,0.44,0,"Angiogenic_endothelial","TPM2"
2.71516492310815e-242,1.0946021500573,0.855,0.588,6.65351164407653e-238,"Angiogenic_endothelial","NR4A1"
6.16357383525383e-30,1.03375255484352,0.41,0.353,1.51038376832895e-25,"Angiogenic_endothelial","PPP1R10"
0,1.02593109844661,0.984,0.949,0,"Angiogenic_endothelial","MT-ND1"
3.91439462705514e-42,1.02060399945141,0.421,0.329,9.59222403359862e-38,"Angiogenic_endothelial","FAM13C"
1.92577175906288e-11,0.995986332795429,0.299,0.269,4.7191036955836e-07,"Angiogenic_endothelial","TSC22D2"
4.23309804098587e-102,0.988099481378871,0.789,0.802,1.03732067494359e-97,"Angiogenic_endothelial","DNAJA1"
1.21780995328545e-223,0.98514125105744,0.937,0.846,2.98424329052599e-219,"Angiogenic_endothelial","HLA-DRA"
1.64604658183394e-22,0.969610562183364,0.396,0.343,4.03363714878408e-18,"Angiogenic_endothelial","HBEGF"
1.34893927415573e-12,0.955279789231197,0.373,0.363,3.30557569131862e-08,"Angiogenic_endothelial","ZC3HAV1"
3.86019628960451e-32,0.934508687930984,0.504,0.495,9.45941100767585e-28,"Angiogenic_endothelial","BRD2"
9.10329796520679e-90,0.932676702546696,0.661,0.543,2.23076316637392e-85,"Angiogenic_endothelial","BHLHE40"
0,0.931645578559914,0.99,0.99,0,"Angiogenic_endothelial","MT-CYB"
2.56498421865287e-111,0.92908845365879,0.838,0.808,6.28549382780885e-107,"Angiogenic_endothelial","NFKBIA"
9.55080244629442e-27,0.92328706773921,0.378,0.313,2.34042413946445e-22,"Angiogenic_endothelial","SORBS1"
1.2303565682405e-10,0.921804718807345,0.276,0.232,3.01498877047333e-06,"Angiogenic_endothelial","RGS16"
4.08621489350288e-51,0.920990975762756,0.5,0.394,1.00132695965288e-46,"Angiogenic_endothelial","DUSP5"
1.38343560367328e-18,0.920385304156723,0.331,0.279,3.39010894680136e-14,"Angiogenic_endothelial","CTTNBP2"
1.67272527113995e-06,0.910040802940153,0.289,0.282,0.0409901327692845,"Angiogenic_endothelial","HSPH1"
4.32995815038024e-103,0.903558597417231,0.661,0.523,1.06105624475068e-98,"Angiogenic_endothelial","KLF10"
4.90712887881545e-13,0.903304906944372,0.335,0.306,1.20249193175373e-08,"Angiogenic_endothelial","IFRD1"
2.48636755211224e-09,0.901883788926409,0.263,0.235,6.09284368645105e-05,"Angiogenic_endothelial","GAB1"
2.37836282875291e-214,0.900615229731493,0.941,0.88,5.828178111859e-210,"Angiogenic_endothelial","HLA-DRB1"
3.61940610697548e-16,0.87691311947218,0.332,0.282,8.86935466514341e-12,"Angiogenic_endothelial","PLK2"
7.30023832558035e-54,0.862089416265069,0.553,0.475,1.78892340168346e-49,"Angiogenic_endothelial","CCDC68"
2.99325015462245e-67,0.860165175082269,0.678,0.582,7.33495950390232e-63,"Angiogenic_endothelial","ATF3"
1.2677637619219e-67,0.853294338836725,0.653,0.58,3.10665509858961e-63,"Angiogenic_endothelial","MT-ND4L"
2.47396923988515e-14,0.850614981609069,0.33,0.296,6.06246162233856e-10,"Angiogenic_endothelial","FARP1"
5.60619168107134e-43,0.846891095761449,0.616,0.546,1.37379727144653e-38,"Angiogenic_endothelial","ADAMTS1"
1.97360444938006e-125,0.845334457224657,0.921,0.872,4.83631770320585e-121,"Angiogenic_endothelial","FOSB"
5.47174730688625e-28,0.831242653556465,0.655,0.619,1.34085167755248e-23,"Angiogenic_endothelial","CYP1B1"
0,0.830068742046572,0.985,0.981,0,"Angiogenic_endothelial","MT-ND4"
2.14110960266699e-181,0.825727978453182,0.991,0.953,5.24678908133545e-177,"Angiogenic_endothelial","FOS"
4.88310103930701e-83,0.80709757927594,0.723,0.687,1.19660390968218e-78,"Angiogenic_endothelial","HLA-F"
1.55024790058076e-34,0.804153697580647,0.552,0.527,3.79888248037315e-30,"Angiogenic_endothelial","HIST1H4C"
9.60079798684884e-09,0.799793902122797,0.296,0.271,0.000235267554667731,"Angiogenic_endothelial","PROX1"
2.40541740182382e-23,0.798662271430105,0.474,0.431,5.89447534316928e-19,"Angiogenic_endothelial","TMEM2"
3.09023595363315e-148,0.791525795552949,0.791,0.662,7.57262320437805e-144,"Angiogenic_endothelial","TPM1"
5.6438705559584e-116,0.78582412205006,0.922,0.89,1.38303047973761e-111,"Angiogenic_endothelial","JUN"
1.15918797831163e-165,0.785821542434056,0.97,0.906,2.84059014085265e-161,"Angiogenic_endothelial","JUNB"
7.41477822681402e-62,0.766734041276365,0.725,0.674,1.81699140448078e-57,"Angiogenic_endothelial","SLC2A3"
7.62226374469171e-26,0.761479993707726,0.431,0.361,1.8678357306367e-21,"Angiogenic_endothelial","TNFAIP3"
7.48619898772278e-32,0.755618897248242,0.639,0.612,1.83449306194147e-27,"Angiogenic_endothelial","CDKN1A"
1.34586821418127e-06,0.751390094418722,0.266,0.245,0.0329805005885121,"Angiogenic_endothelial","ADRB2"
7.07814047693817e-18,0.73008813199629,0.466,0.449,1.7344983238737e-13,"Angiogenic_endothelial","RSRP1"
2.12724903624699e-09,0.7300050880305,0.358,0.343,5.21282376332325e-05,"Angiogenic_endothelial","KDM6B"
4.79308133675781e-09,0.729732777044654,0.321,0.304,0.00011745445815725,"Angiogenic_endothelial","KBTBD2"
2.01333591909865e-86,0.728663745279895,0.863,0.862,4.93367966975124e-82,"Angiogenic_endothelial","EGFL7"
1.97162225662369e-08,0.727315518034084,0.368,0.367,0.000483146033985635,"Angiogenic_endothelial","CLK1"
0.000146940331944253,0.724211298272566,0.305,0.309,1,"Angiogenic_endothelial","NOC3L"
1.65513154932748e-103,0.721220330085722,0.862,0.81,4.05589986162699e-99,"Angiogenic_endothelial","KLF4"
1.65014307351351e-17,0.720416516537259,0.433,0.4,4.04367560164485e-13,"Angiogenic_endothelial","TSPAN5"
5.31600817044029e-21,0.719333819772231,0.501,0.483,1.30268780216639e-16,"Angiogenic_endothelial","CDKN1C"
5.23835629212025e-64,0.716813164029885,0.845,0.877,1.28365920938407e-59,"Angiogenic_endothelial","HSPA8"
1.57650322834298e-07,0.715951454357554,0.315,0.3,0.00386322116105448,"Angiogenic_endothelial","CHCHD10"
6.73809342043442e-38,0.713693639705858,0.593,0.568,1.65116979267746e-33,"Angiogenic_endothelial","TLN1"
4.75804225416892e-76,0.703387343820727,0.76,0.667,1.16595825438409e-71,"Angiogenic_endothelial","MYADM"
5.17913143580852e-09,0.696277609156762,0.378,0.372,0.000126914615834488,"Angiogenic_endothelial","HHEX"
0.00118918433440476,0.689251233847981,0.277,0.278,1,"Angiogenic_endothelial","JDP2"
8.23813440991707e-35,0.68780599302973,0.628,0.624,2.01875483715018e-30,"Angiogenic_endothelial","FLT1"
1.62220460193076e-14,0.682680022172211,0.478,0.479,3.97521237703133e-10,"Angiogenic_endothelial","SNRK"
1.14949816911089e-48,0.680712772501487,0.693,0.669,2.81684526340623e-44,"Angiogenic_endothelial","GRASP"
2.3792080940745e-20,0.677639315744434,0.502,0.451,5.83024943452956e-16,"Angiogenic_endothelial","PTGS2"
1.67389256781714e-45,0.677376608542498,0.605,0.536,4.1018737374359e-41,"Angiogenic_endothelial","TM4SF18"
2.41674995138017e-08,0.665490466807812,0.369,0.361,0.00059222457558571,"Angiogenic_endothelial","FAM107B"
6.07908233254265e-123,0.663844331191668,0.891,0.878,1.48967912558958e-118,"Angiogenic_endothelial","TGFBR2"
7.01184987608967e-69,0.662744902897071,0.821,0.796,1.71825381213577e-64,"Angiogenic_endothelial","BTG2"
2.12508333748756e-22,0.661853010197481,0.58,0.563,5.20751671851326e-18,"Angiogenic_endothelial","SOX18"
2.01358395082935e-25,0.660456951227531,0.474,0.415,4.93428747150733e-21,"Angiogenic_endothelial","GUCY1A3"
2.91590097925421e-307,0.656908972838838,0.733,0.373,7.14541534966244e-303,"Angiogenic_endothelial","ACTA2"
1.38190661098269e-30,0.652399673407685,0.427,0.335,3.38636215021308e-26,"Angiogenic_endothelial","EGR3"
1.71570654073679e-07,0.650457631274507,0.432,0.457,0.0042043388780755,"Angiogenic_endothelial","NUFIP2"
1.20043891410604e-132,0.650032397683314,0.928,0.893,2.94167555901684e-128,"Angiogenic_endothelial","MT-ND5"
0,0.648826942517507,0.998,0.995,0,"Angiogenic_endothelial","HLA-E"
1.00722302598567e-17,0.641723410210583,0.486,0.466,2.46820002517788e-13,"Angiogenic_endothelial","LITAF"
0.000755982860251094,0.64069623780485,0.303,0.311,1,"Angiogenic_endothelial","ITPR1"
9.58260096888092e-107,0.635338911661134,0.883,0.802,2.34821636742427e-102,"Angiogenic_endothelial","IER2"
0.000387370302823806,0.634182015218165,0.327,0.332,1,"Angiogenic_endothelial","SKIL"
8.61628125025202e-68,0.624686567641881,0.767,0.697,2.11141972037426e-63,"Angiogenic_endothelial","CCND1"
3.07834819005128e-49,0.62205769384491,0.7,0.66,7.54349223972065e-45,"Angiogenic_endothelial","LIMCH1"
0.00989098369699162,0.621897981676837,0.284,0.294,1,"Angiogenic_endothelial","MYO10"
4.59315973743464e-59,0.616907514729918,0.694,0.578,1.12555379365836e-54,"Angiogenic_endothelial","AKAP12"
2.3097314294528e-276,0.61139162676456,0.985,0.981,5.65999686787409e-272,"Angiogenic_endothelial","RPL27A"
1.20665566059248e-14,0.603062329478509,0.502,0.509,2.95690969628187e-10,"Angiogenic_endothelial","NEDD9"
3.02567538631558e-53,0.595844917470599,0.673,0.604,7.41441753416634e-49,"Angiogenic_endothelial","MIDN"
2.76759971449084e-73,0.586753210807402,0.833,0.777,6.78200310035981e-69,"Angiogenic_endothelial","RAMP3"
1.90291369431117e-05,0.584944279407196,0.341,0.334,0.466309000790953,"Angiogenic_endothelial","C7"
7.02539243345978e-07,0.58253767733871,0.434,0.449,0.0172157241581932,"Angiogenic_endothelial","CD55"
5.2277992783153e-08,0.57641242560884,0.414,0.414,0.00128107221315116,"Angiogenic_endothelial","IER5"
0.00615907524869946,0.574575004679278,0.297,0.301,1,"Angiogenic_endothelial","TCEAL2"
1.69360771022607e-68,0.574203483250124,0.789,0.755,4.15018569390899e-64,"Angiogenic_endothelial","PPP1R15A"
0,0.573752617158908,0.921,0.584,0,"Angiogenic_endothelial","TAGLN"
3.09630516108826e-16,0.570429681310958,0.511,0.505,7.58749579724677e-12,"Angiogenic_endothelial","HLA-DMA"
1.92391881400062e-32,0.570345725303313,0.615,0.552,4.71456305370853e-28,"Angiogenic_endothelial","FILIP1L"
6.75677070197403e-23,0.568358455632618,0.519,0.472,1.65574666051874e-18,"Angiogenic_endothelial","STXBP6"
9.31425626197371e-20,0.567818928559001,0.546,0.526,2.28245849699666e-15,"Angiogenic_endothelial","CDH11"
3.25063611461848e-117,0.56716449767276,0.929,0.941,7.9656837988726e-113,"Angiogenic_endothelial","RPS17"
1.24274715497355e-05,0.566951549340998,0.306,0.291,0.304535190326268,"Angiogenic_endothelial","ADGRG6"
5.27115827729006e-12,0.564070978850179,0.524,0.558,1.29169733584993e-07,"Angiogenic_endothelial","SRSF2"
7.55656835175994e-17,0.561131748689438,0.506,0.506,1.85173707459877e-12,"Angiogenic_endothelial","TSPAN18"
0.000382438240915638,0.560092023037093,0.351,0.364,1,"Angiogenic_endothelial","HMBOX1"
6.66223856367524e-10,0.559492150764443,0.48,0.465,1.63258156002862e-05,"Angiogenic_endothelial","CYR61"
2.7460890794078e-88,0.556552694272644,0.878,0.872,6.7292912890888e-84,"Angiogenic_endothelial","PALMD"
1.1689957887228e-21,0.552071562874303,0.534,0.515,2.86462418026523e-17,"Angiogenic_endothelial","HIPK2"
3.02072366699278e-185,0.549854801614378,0.994,0.991,7.40228334596581e-181,"Angiogenic_endothelial","ADIRF"
6.26357301849729e-178,0.547646203997065,0.976,0.969,1.53488856818276e-173,"Angiogenic_endothelial","RPS20"
0.00556376360203543,0.546236851830648,0.382,0.419,1,"Angiogenic_endothelial","INPP1"
3.58394797036788e-05,0.543564605183217,0.407,0.438,0.878246450138648,"Angiogenic_endothelial","FERMT2"
6.35565924994607e-29,0.542894107552403,0.642,0.63,1.55745429919928e-24,"Angiogenic_endothelial","NOSTRIN"
2.77807485439082e-12,0.542137704243341,0.46,0.454,6.80767243068471e-08,"Angiogenic_endothelial","SPINT2"
5.2774783185704e-09,0.538266190312226,0.467,0.48,0.000129324606196568,"Angiogenic_endothelial","MAOA"
3.10973495185194e-13,0.53415022386353,0.471,0.465,7.62040549951318e-09,"Angiogenic_endothelial","PXDC1"
1.53169255117851e-227,0.522240856387612,0.839,0.62,3.75341259666293e-223,"Angiogenic_endothelial","MYL9"
8.04812406867234e-36,0.514726576449418,0.776,0.797,1.97219280302816e-31,"Angiogenic_endothelial","HYAL2"
0.000576634433287815,0.510741493917819,0.337,0.343,1,"Angiogenic_endothelial","ODC1"
1.13939286622224e-05,0.510477725881366,0.408,0.423,0.27920822186776,"Angiogenic_endothelial","AMD1"
2.55743970556652e-31,0.509938391600317,0.696,0.709,6.26700599849075e-27,"Angiogenic_endothelial","TJP1"
1.29776301294067e-18,0.50887336979352,0.627,0.651,3.18016826321112e-14,"Angiogenic_endothelial","HLA-DPB1"
1.60309159976406e-18,0.50224484774029,0.699,0.777,3.92837596522184e-14,"Angiogenic_endothelial","SQSTM1"
5.61400740155956e-65,0.50116259054649,0.882,0.907,1.37571251375217e-60,"Angiogenic_endothelial","SPTBN1"
0.00265062954936133,0.499535510466494,0.339,0.352,1,"Angiogenic_endothelial","TOB1"
3.00314143404466e-39,0.499217719371617,0.769,0.774,7.35919808412644e-35,"Angiogenic_endothelial","SNCG"
4.57856805624697e-42,0.497867594892924,0.626,0.576,1.12197810218332e-37,"Angiogenic_endothelial","FLNA"
3.29691070538163e-81,0.49226195046955,0.929,0.914,8.07907968353767e-77,"Angiogenic_endothelial","CLEC14A"
2.38843306784435e-07,0.487167620627051,0.481,0.51,0.00585285523275259,"Angiogenic_endothelial","LAMA4"
5.00170688850447e-14,0.483737093431762,0.519,0.496,1.22566827302802e-09,"Angiogenic_endothelial","THSD4"
0.000116936601397348,0.482562276435199,0.443,0.489,1,"Angiogenic_endothelial","CYCS"
1.96497592319086e-35,0.482306482170516,0.781,0.808,4.81517349977921e-31,"Angiogenic_endothelial","NDRG1"
1.15864417078848e-38,0.481500855610374,0.773,0.736,2.83925754051717e-34,"Angiogenic_endothelial","MMRN1"
1.84165242873467e-09,0.479479789464097,0.565,0.617,4.5129692766143e-05,"Angiogenic_endothelial","SELK"
1.00229638708453e-34,0.476256309051989,0.706,0.665,2.45612729655065e-30,"Angiogenic_endothelial","RAPGEF5"
7.36527901697647e-05,0.472728092907693,0.409,0.437,1,"Angiogenic_endothelial","RYBP"
0.00140919502290054,0.471262126029375,0.451,0.503,1,"Angiogenic_endothelial","TOP1"
1.39819992479963e-07,0.469565517748877,0.456,0.465,0.0034262889157215,"Angiogenic_endothelial","CD200"
1.11999735005824e-42,0.46072429090754,0.932,0.946,2.74455350631772e-38,"Angiogenic_endothelial","HSP90AA1"
2.27080355929375e-25,0.459676623720893,0.672,0.65,5.56460412204932e-21,"Angiogenic_endothelial","ABCG2"
0.000986709910685761,0.457227530133845,0.383,0.402,1,"Angiogenic_endothelial","AR"
2.01484159732103e-08,0.455189160229099,0.542,0.594,0.000493736933423519,"Angiogenic_endothelial","MDK"
1.32765866396634e-16,0.454186358259501,0.589,0.599,3.25342755604951e-12,"Angiogenic_endothelial","GPM6A"
1.51181322837651e-10,0.445562425966809,0.583,0.643,3.70469831613664e-06,"Angiogenic_endothelial","NFE2L2"
1.58730845592401e-08,0.445404542520758,0.546,0.588,0.000388969937124179,"Angiogenic_endothelial","CRIM1"
8.6705873204482e-07,0.444270361232794,0.384,0.37,0.0212472742287583,"Angiogenic_endothelial","SYNM"
9.10268502615742e-247,0.442200313358375,1,1,2.23061296565988e-242,"Angiogenic_endothelial","B2M"
1.63230684309548e-22,0.440441060759904,0.705,0.725,3.99996791900547e-18,"Angiogenic_endothelial","TUBB4B"
9.57751758644393e-57,0.432184943265595,0.882,0.895,2.34697068455809e-52,"Angiogenic_endothelial","DYNLL1"
0.00755547000552027,0.42447590252438,0.262,0.254,1,"Angiogenic_endothelial","TRIB1"
6.2379455513795e-16,0.424182016620397,0.646,0.696,1.52860855736555e-11,"Angiogenic_endothelial","YWHAZ"
0.000167010454092704,0.418090445012946,0.458,0.503,1,"Angiogenic_endothelial","FAM213A"
8.98337870358877e-82,0.417300121908411,0.989,0.971,2.20137695131443e-77,"Angiogenic_endothelial","CD74"
0.00120988617386813,0.417121180326568,0.548,0.643,1,"Angiogenic_endothelial","H2AFZ"
7.55344067477805e-80,0.416938311988442,0.964,0.957,1.85097063735436e-75,"Angiogenic_endothelial","DDX5"
0.0022127828724229,0.416462237240758,0.482,0.551,1,"Angiogenic_endothelial","GLS"
0.000331776195774672,0.410650908490355,0.478,0.539,1,"Angiogenic_endothelial","MTPN"
0.00231895169933086,0.407290255135035,0.194,0.25,1,"Angiogenic_endothelial","LINC-PINT"
2.19466232666563e-21,0.402460328011447,0.649,0.585,5.37802003149413e-17,"Angiogenic_endothelial","STC1"
1.88856704167187e-77,0.400965625509317,0.956,0.963,4.62793353561693e-73,"Angiogenic_endothelial","RPL23"
0.000937728517286648,0.396851357307081,0.427,0.462,1,"Angiogenic_endothelial","PLSCR4"
0.00864960565564133,0.39288726714869,0.411,0.459,1,"Angiogenic_endothelial","MXRA7"
5.89302355765566e-06,0.39081813705518,0.528,0.577,0.144408542280352,"Angiogenic_endothelial","MDFIC"
3.0745098816208e-09,0.389271903153789,0.58,0.625,7.53408646491177e-05,"Angiogenic_endothelial","FAM198B"
2.19595331211315e-25,0.385117993046801,0.632,0.562,5.38118359133327e-21,"Angiogenic_endothelial","FMO2"
1.64486830901925e-13,0.384803198965049,0.449,0.411,4.03074979125167e-09,"Angiogenic_endothelial","MAFF"
0.0054514006390973,0.382587383754563,0.454,0.505,1,"Angiogenic_endothelial","HSPA5"
1.99868743165774e-05,0.37926500621414,0.54,0.603,0.489778355127729,"Angiogenic_endothelial","PLXND1"
1.9500134397919e-07,0.370982875265868,0.533,0.591,0.00477850793421006,"Angiogenic_endothelial","C6orf48"
1.32026723652652e-17,0.369148618030251,0.758,0.807,3.23531486310823e-13,"Angiogenic_endothelial","FUS"
0.00500013628476891,0.366631286707332,0.208,0.265,1,"Angiogenic_endothelial","LRPPRC"
2.12326571216834e-42,0.365428584082689,0.895,0.909,5.20306262766851e-38,"Angiogenic_endothelial","IL6ST"
1.31962848898049e-05,0.364185057332263,0.568,0.635,0.323374961224668,"Angiogenic_endothelial","SPTAN1"
6.46676897246849e-07,0.363708848338367,0.733,0.82,0.015846817367034,"Angiogenic_endothelial","TXN"
9.30735728430303e-09,0.362632015362489,0.605,0.656,0.000228076790251846,"Angiogenic_endothelial","PPFIBP1"
1.35010693233193e-99,0.361970900510496,0.987,0.987,3.3084370376794e-95,"Angiogenic_endothelial","RPS11"
1.8373741598375e-58,0.361391966355279,0.927,0.944,4.50248537868179e-54,"Angiogenic_endothelial","RPL31"
1.34553528356968e-29,0.358311490716538,0.853,0.907,3.2972342123875e-25,"Angiogenic_endothelial","UBB"
1.19301838549137e-95,0.352334249680135,0.996,0.994,2.92349155364659e-91,"Angiogenic_endothelial","HLA-C"
1.15323623479721e-17,0.352275380270758,0.724,0.768,2.82600539337057e-13,"Angiogenic_endothelial","SBDS"
0.000268431446655334,0.349232760026172,0.544,0.621,1,"Angiogenic_endothelial","NME3"
0.00686565485331069,0.347824896414107,0.451,0.49,1,"Angiogenic_endothelial","ARHGAP26"
7.09328472982287e-16,0.347482251083503,0.72,0.779,1.73820942304309e-11,"Angiogenic_endothelial","SRSF3"
0.000435099144496284,0.340266437620253,0.204,0.266,1,"Angiogenic_endothelial","DDX50"
0.00857559730942702,0.33890608584107,0.257,0.323,1,"Angiogenic_endothelial","ZSCAN18"
4.7115183997357e-12,0.335412153412883,0.571,0.543,1.15455758385523e-07,"Angiogenic_endothelial","FAM84A"
0.00459389529836683,0.33494357144903,0.202,0.254,1,"Angiogenic_endothelial","CSNK1D"
1.76836580201092e-05,0.334307057138115,0.561,0.61,0.433338039782775,"Angiogenic_endothelial","TEK"
2.25818157765379e-71,0.332743430220984,0.956,0.971,5.53367395604061e-67,"Angiogenic_endothelial","CALM1"
0.00186382590787209,0.331382949528655,0.243,0.314,1,"Angiogenic_endothelial","CCDC82"
0.000487819200038058,0.330606342626493,0.552,0.633,1,"Angiogenic_endothelial","PSMB9"
0.000575436101888306,0.327411373624802,0.572,0.658,1,"Angiogenic_endothelial","SF1"
1.0498689362463e-14,0.327001032195223,0.727,0.787,2.57270382827155e-10,"Angiogenic_endothelial","TPM4"
0.00370158363322639,0.325744299691055,0.276,0.357,1,"Angiogenic_endothelial","AAMDC"
0.00366289586656305,0.325625760103936,0.211,0.267,1,"Angiogenic_endothelial","ZNF721"
2.14537579431252e-11,0.325163146406117,0.645,0.681,5.25724338396283e-07,"Angiogenic_endothelial","TGFBR3"
0.00885569535044337,0.324006634493281,0.281,0.359,1,"Angiogenic_endothelial","MRPL32"
0.000244447976357054,0.323923587589013,0.234,0.302,1,"Angiogenic_endothelial","SOX4"
0.00130986878021181,0.322839105500919,0.537,0.602,1,"Angiogenic_endothelial","CCDC47"
1.56712507533274e-23,0.322690284623873,0.758,0.764,3.84023999710288e-19,"Angiogenic_endothelial","SELM"
1.21768295085694e-05,0.321664039239768,0.657,0.737,0.298393207107493,"Angiogenic_endothelial","DDX3X"
0.00273386092572522,0.320514696484647,0.198,0.252,1,"Angiogenic_endothelial","KIF9"
0.00571817554653537,0.319691962276688,0.2,0.252,1,"Angiogenic_endothelial","CAMKK2"
5.26216999217842e-23,0.317843704472876,0.822,0.865,1.28949475658332e-18,"Angiogenic_endothelial","NDUFA4"
5.77651278322926e-14,0.315709895393484,0.696,0.734,1.41553445753033e-09,"Angiogenic_endothelial","EIF5"
0.000591328173370708,0.315687887078522,0.195,0.253,1,"Angiogenic_endothelial","MED29"
0.00313513099703222,0.312882538471842,0.242,0.311,1,"Angiogenic_endothelial","POLR2H"
0.000184906174680601,0.312620428205859,0.189,0.25,1,"Angiogenic_endothelial","CHRAC1"
1.43920093679422e-06,0.312542191739307,0.182,0.254,0.0352676189561423,"Angiogenic_endothelial","NSUN6"
0.000511476489634227,0.312264862024938,0.58,0.668,1,"Angiogenic_endothelial","PDIA3"
0.000328048735271664,0.310596636164397,0.26,0.342,1,"Angiogenic_endothelial","TMED4"
0.000933689478466771,0.309295189726249,0.271,0.351,1,"Angiogenic_endothelial","MKLN1"
0.000597698183627744,0.307484448736359,0.21,0.272,1,"Angiogenic_endothelial","DNAJB11"
0.00680519289084989,0.307270143984282,0.535,0.604,1,"Angiogenic_endothelial","ASAP1"
0.00571402104154376,0.306665840729324,0.254,0.324,1,"Angiogenic_endothelial","RAB5A"
3.03626600489084e-35,0.305210658753996,0.915,0.927,7.440369844985e-31,"Angiogenic_endothelial","MYL12B"
0.00165517223466167,0.304875484799591,0.202,0.258,1,"Angiogenic_endothelial","RRP15"
1.97704881256327e-06,0.303443994182984,0.193,0.269,0.0484475811518629,"Angiogenic_endothelial","EXOSC8"
9.19883648425694e-41,0.302173520376924,0.915,0.811,2.25417488046716e-36,"Angiogenic_endothelial","EGR1"
0.00460053111656416,0.302140571146555,0.256,0.326,1,"Angiogenic_endothelial","MRPS36"
0.00861535033205987,0.301683803686109,0.214,0.267,1,"Angiogenic_endothelial","FNBP1"
3.59229947824764e-05,0.301492630311193,0.205,0.278,0.880292987144585,"Angiogenic_endothelial","MANF"
0.00369335435608349,0.298414717556648,0.264,0.339,1,"Angiogenic_endothelial","LYRM5"
0.00257329184267717,0.295929975483009,0.198,0.25,1,"Angiogenic_endothelial","ZMYND8"
0.00478535411761285,0.294753320546845,0.222,0.282,1,"Angiogenic_endothelial","PRKRIR"
0.00355237251843458,0.29132408980449,0.269,0.344,1,"Angiogenic_endothelial","MGAT4A"
0.00177947853270738,0.289700047855725,0.259,0.333,1,"Angiogenic_endothelial","COPB1"
0.000673170772363478,0.289468336292406,0.218,0.282,1,"Angiogenic_endothelial","FAM111A"
1.47649594694256e-19,0.289275945455331,0.812,0.79,3.61815331798275e-15,"Angiogenic_endothelial","MCL1"
0.00621247248517584,0.288582411790032,0.249,0.312,1,"Angiogenic_endothelial","UBTF"
6.45070658835624e-11,0.288101438750014,0.722,0.795,1.5807456494767e-06,"Angiogenic_endothelial","EIF4G2"
0.00856206846426991,0.288095282769312,0.289,0.367,1,"Angiogenic_endothelial","ILF3"
1.80844850353783e-32,0.287826179327953,0.895,0.854,4.43160305791946e-28,"Angiogenic_endothelial","EMP1"
0.003432453250639,0.287310192279766,0.22,0.28,1,"Angiogenic_endothelial","CDK17"
0.000684622823173736,0.285553544377002,0.25,0.325,1,"Angiogenic_endothelial","ARIH1"
1.59981850706947e-76,0.285299903423113,0.995,0.994,3.92035525157375e-72,"Angiogenic_endothelial","HLA-A"
6.80044640451372e-26,0.282376456963307,0.904,0.927,1.66644939142609e-21,"Angiogenic_endothelial","NUCKS1"
9.87778849258255e-13,0.281102190193651,0.858,0.9,2.42055207010736e-08,"Angiogenic_endothelial","BTG1"
5.19053518748186e-60,0.281037273328958,0.992,0.994,1.27194064769243e-55,"Angiogenic_endothelial","H3F3B"
0.00205729408296774,0.280832935347574,0.236,0.296,1,"Angiogenic_endothelial","ZC3H6"
1.35684064329555e-06,0.280733442740856,0.194,0.269,0.0332493799639574,"Angiogenic_endothelial","ALG13"
0.00481789335158551,0.27826263923618,0.267,0.342,1,"Angiogenic_endothelial","PLEKHA3"
0.000502896840555054,0.277641545193523,0.633,0.725,1,"Angiogenic_endothelial","STAT3"
0.00221167873724921,0.276614120438023,0.226,0.29,1,"Angiogenic_endothelial","NAPG"
0.0090951128343628,0.275259441511018,0.258,0.325,1,"Angiogenic_endothelial","TOB2"
0.00249939730396857,0.275196206024794,0.232,0.296,1,"Angiogenic_endothelial","GANAB"
7.01280118783654e-10,0.272995170859214,0.574,0.587,1.71848693107934e-05,"Angiogenic_endothelial","PLPP3"
0.000101426906790329,0.272013238092606,0.221,0.293,1,"Angiogenic_endothelial","FAM200B"
3.04569384710227e-53,0.271398749138189,0.96,0.963,7.46347277232412e-49,"Angiogenic_endothelial","DSTN"
0.000138307877713788,0.268586355788925,0.266,0.354,1,"Angiogenic_endothelial","CNOT4"
5.65865517036516e-06,0.26854109066284,0.207,0.283,0.138665344949798,"Angiogenic_endothelial","COX11"
0.002451948013311,0.267952987031803,0.246,0.316,1,"Angiogenic_endothelial","IRF2"
3.75835918337561e-05,0.266240367757629,0.236,0.317,0.920985917886193,"Angiogenic_endothelial","ARCN1"
5.1373956210312e-06,0.265659653829616,0.239,0.33,0.12589187969337,"Angiogenic_endothelial","MPC1"
0.000446045733012423,0.264653827050893,0.256,0.336,1,"Angiogenic_endothelial","UNC50"
0.00714837546054366,0.264568957796427,0.309,0.394,1,"Angiogenic_endothelial","IKBIP"
0.000156167893524387,0.264143566866385,0.226,0.297,1,"Angiogenic_endothelial","CUL3"
1.67331798270804e-05,0.263851579078455,0.2,0.273,0.410046571662606,"Angiogenic_endothelial","EMC2"
0.00292492541026814,0.263762096528857,0.225,0.284,1,"Angiogenic_endothelial","LRRC1"
3.55138330295987e-05,0.263393442385969,0.205,0.276,0.870266478390316,"Angiogenic_endothelial","TMEM126B"
0.000996566427197429,0.262051961518139,0.234,0.303,1,"Angiogenic_endothelial","SFT2D2"
0.00333918474295451,0.261258463501435,0.339,0.439,1,"Angiogenic_endothelial","HSPA9"
0.000298080587695531,0.260895456442373,0.232,0.304,1,"Angiogenic_endothelial","MBTPS1"
0.000276574808442001,0.260668867320175,0.289,0.381,1,"Angiogenic_endothelial","SNRNP70"
0.00677239013927208,0.260419616731543,0.239,0.298,1,"Angiogenic_endothelial","KAT6B"
1.02084630070411e-69,0.259403086708086,0.995,0.998,2.50158385987541e-65,"Angiogenic_endothelial","EIF1"
0.000585651552517064,0.257177958635936,0.293,0.382,1,"Angiogenic_endothelial","PHF20"
0.000208288697278099,0.25584236640831,0.218,0.288,1,"Angiogenic_endothelial","CLCN3"
0.000161849701056476,0.254697082404462,0.23,0.301,1,"Angiogenic_endothelial","NDUFAF2"
0.000838817289452815,0.254442545303252,0.259,0.332,1,"Angiogenic_endothelial","TOR1AIP1"
0.000907099579241255,0.253600377971672,0.228,0.294,1,"Angiogenic_endothelial","GRB10"
0.00146857737573437,0.253435873450317,0.587,0.67,1,"Angiogenic_endothelial","FLNB"
0.0049734700097243,0.253374365033611,0.288,0.365,1,"Angiogenic_endothelial","SEC11C"
0.00131891096026825,0.252576553031952,0.286,0.371,1,"Angiogenic_endothelial","PTPRA"
0.00105253162547454,0.25153875742564,0.228,0.294,1,"Angiogenic_endothelial","SURF1"
