"p_val","avg_log2FC","pct.1","pct.2","p_val_adj","gene"
1.64392103009555e-05,2.02379967842918,0.02,0.058,0.52853705038602,"KIF26B"
2.28151415432377e-06,1.79570188226173,0.022,0.067,0.0733529615756636,"CNIH3"
1.74847605043993e-06,1.77884418137442,0.031,0.081,0.056215253497694,"AL117190.1"
9.39440345272411e-07,1.7529964294723,0.019,0.063,0.0302039465408533,"STEAP2-AS1"
3.6979186214469e-07,1.74366390932195,0.02,0.068,0.0118891781598139,"RETREG1"
4.04356121605596e-05,1.73740449573165,0.025,0.063,1,"ZNF345"
0.00297394665034033,1.68420744869442,0.026,0.052,1,"AC011495.3"
1.12236010572313e-05,1.67469397890894,0.022,0.063,0.360849997591045,"PAQR8"
0.000175904457287786,1.67423629606109,0.051,0.097,1,"CASC15"
0.000160864443139139,1.65656235614276,0.028,0.064,1,"MEGF6"
1.48205572113539e-08,1.63743442703788,0.033,0.098,0.00047649573490224,"KIAA1217"
5.40601561406936e-07,1.62746482271607,0.012,0.054,0.0173808808007944,"ADCK2"
2.95011431858309e-07,1.61651642325231,0.036,0.094,0.00948491254567651,"RAPGEF4"
1.1478411527142e-08,1.60778007305348,0.072,0.161,0.000369042409009141,"AC008481.3"
2.20376049372877e-08,1.59531044691786,0.011,0.059,0.000708531036338736,"HK3"
1.40543026485161e-05,1.59152517971128,0.019,0.056,0.451859884452441,"MIPOL1"
3.64980903771606e-06,1.59068174951651,0.016,0.056,0.117345010371609,"SYK"
1.50870292879098e-05,1.58600696671328,0.016,0.052,0.485063078635588,"C4orf48"
1.21268541337718e-05,1.58570945841081,0.025,0.066,0.389890487254897,"BTBD19"
2.64784728210274e-05,1.58138915877862,0.017,0.052,0.851309379668853,"OR2A9P"
4.03095005106381e-09,1.57360107910524,0.041,0.114,0.000129599075091752,"DLG2"
4.48401068504262e-10,1.56588412052409,0.075,0.177,1.44165427534805e-05,"SPAG5-AS1"
8.2281236844716e-07,1.5415859166636,0.025,0.074,0.0264542404579446,"KAZN"
2.11127442360657e-06,1.53876865372938,0.016,0.057,0.0678795839933748,"ADGRL3"
1.33665001834722e-05,1.52135298393992,0.02,0.058,0.429746347398815,"GLI3"
0.000532078083959455,1.50269538413065,0.022,0.052,1,"MT-TS2"
9.57051194867224e-05,1.49259317890877,0.031,0.07,1,"DHCR24"
2.27997694770818e-06,1.48225417772085,0.033,0.084,0.0733035388457658,"NDUFA4L2"
5.82898704769472e-05,1.4782645522387,0.025,0.062,1,"EIF1B-AS1"
2.39791294016389e-06,1.47582826896765,0.032,0.083,0.0770952989392092,"C1orf115"
2.9030501157033e-07,1.44569606618639,0.023,0.074,0.00933359642699767,"AL117190.2"
1.18132236251413e-07,1.43386155019801,0.017,0.066,0.00379806952771919,"ACTR5"
1.18028253445101e-08,1.43229733228724,0.019,0.074,0.000379472637651343,"PKNOX2"
2.26633452565109e-10,1.42752220711023,0.052,0.14,7.28649213342083e-06,"MEG3"
6.09684461706977e-07,1.42457215478823,0.038,0.096,0.019601965128341,"DIP2B"
7.71492551779395e-07,1.4226663204054,0.027,0.078,0.0248042570322593,"AL078459.1"
6.22647940464263e-07,1.41696362405494,0.019,0.064,0.0200187539338665,"TTC41P"
6.75843362477416e-07,1.40538133004626,0.025,0.074,0.0217290399470114,"DNAH11"
4.9538949667161e-18,1.38893765193345,0.093,0.258,1.59272677074889e-13,"MDK"
4.15273526746402e-08,1.37580076376862,0.03,0.09,0.00133514591584236,"CHI3L2"
2.43421163247441e-13,1.3712095780487,0.047,0.15,7.82623381956848e-09,"DIPK2B"
1.23287890234743e-08,1.37079716611189,0.023,0.083,0.000396382895893722,"ZNF260"
0.000107568784267098,1.37028284864012,0.019,0.051,1,"TEX14"
9.27294280652296e-07,1.36564246310485,0.02,0.065,0.029813438417252,"MRGBP"
1.30485074684359e-06,1.36247022877342,0.016,0.058,0.0419522563617684,"AC015813.6"
1.37832675151557e-05,1.35370122587287,0.015,0.05,0.443145833879771,"SCD"
4.70917539257482e-05,1.34491228693183,0.02,0.055,1,"CRACR2B"
0.000117078119323349,1.34233961778578,0.019,0.05,1,"AL355581.1"
8.86511141095416e-05,1.33276428718476,0.019,0.051,1,"SRPK1"
4.614710643667e-11,1.32924625189242,0.019,0.087,1.48367561904538e-06,"ETV5"
5.53616040537161e-08,1.32469138411231,0.012,0.059,0.00177993093193103,"ABHD17B"
7.12792572820158e-06,1.32333123581224,0.023,0.066,0.229169940087409,"LIMK1"
4.55414732721338e-07,1.32285839059964,0.023,0.073,0.0146420390717237,"PDCD11"
1.07727068255961e-07,1.32262092131748,0.021,0.073,0.0034635329714974,"SHROOM2"
1.00760979177424e-13,1.32259710703424,0.041,0.141,3.23956624153335e-09,"LRCH1"
1.51438510923519e-13,1.31768349749169,0.028,0.119,4.86889956470206e-09,"DUSP7"
2.2385415964636e-07,1.31575137464049,0.025,0.077,0.00719713508679013,"MLLT3"
2.02440975106409e-12,1.31392776844467,0.033,0.121,6.50867979064614e-08,"BDP1"
1.15125572159384e-07,1.31283642832765,0.025,0.079,0.00370140227049636,"MYRIP"
1.71678703174684e-07,1.31185650303757,0.025,0.078,0.00551964198576927,"AC091042.1"
1.2648349243051e-05,1.30875267450586,0.021,0.06,0.406657076513333,"CELSR1"
5.07016514639823e-12,1.3046942935249,0.074,0.188,1.63010879621849e-07,"RIOK3"
3.61584154485546e-10,1.30350649206581,0.057,0.147,1.16252921508648e-05,"BASP1"
5.09423113291493e-07,1.30325368547872,0.015,0.058,0.0163784625154348,"AC245452.1"
5.57419561918923e-09,1.30127383290147,0.033,0.101,0.000179215963352553,"ARL6IP6"
2.72358382849875e-06,1.29567785515726,0.032,0.082,0.0875659436700633,"TBC1D17"
9.08671047517727e-09,1.29189808071414,0.025,0.085,0.000292146828487425,"NLK"
1.68182746466162e-07,1.28940116825346,0.023,0.076,0.00540724348163356,"FBXW7"
5.2144149515359e-09,1.27688623935178,0.011,0.063,0.000167648655106831,"KCNN1"
3.23167181860262e-06,1.27658267493248,0.014,0.052,0.103901480639893,"ARHGAP32"
1.47839810411448e-05,1.27599826504162,0.02,0.058,0.475319774453846,"GPR89A"
2.53729242969485e-08,1.27239482998337,0.01,0.057,0.000815764889071192,"MED9"
5.94980618117152e-06,1.27200724489336,0.027,0.072,0.191292218530846,"PRKN"
2.42630773767991e-05,1.27068174165745,0.016,0.051,0.780082200741469,"HYDIN2"
7.16998382820797e-06,1.26930114231203,0.021,0.062,0.230522150060715,"ACSL5"
7.84113493481312e-14,1.26670373879965,0.062,0.179,2.52100329289176e-09,"IQCN"
3.33840063612207e-06,1.26483621427695,0.014,0.052,0.107332918851961,"EIF4EBP3"
4.46369622508612e-12,1.26333606369155,0.036,0.124,1.43512297332744e-07,"SMIM41"
3.22346529326342e-07,1.26217194214779,0.022,0.072,0.0103637632643712,"SPATA6"
7.64149257387497e-06,1.2619959863662,0.014,0.05,0.245681627742654,"ZFYVE28"
8.65271538566083e-14,1.25664288927853,0.043,0.146,2.78193452364381e-09,"SCFD1"
4.00838681708475e-16,1.25070378805775,0.033,0.142,1.28873644556092e-11,"ZFAND1"
3.79801550294207e-07,1.24692732535175,0.011,0.053,0.0122109996435091,"AC004967.2"
4.30026639653519e-09,1.24431626940074,0.028,0.094,0.000138257864915003,"TNPO3"
2.18188571047312e-06,1.24395686669318,0.025,0.071,0.0701498074774213,"FNBP1L"
2.34407114344412e-08,1.24124386476137,0.009,0.055,0.000753642313328718,"AL035416.1"
2.43329553658134e-07,1.23805969766653,0.021,0.071,0.00782328847966266,"EP400P1"
5.62772533314409e-09,1.23318861939179,0.021,0.08,0.000180936997185915,"PPFIBP2"
8.23942553797591e-15,1.23072647448412,0.099,0.249,2.64905770471463e-10,"ZNF653"
1.03478150193769e-17,1.22758986565814,0.064,0.206,3.32692600687985e-13,"REV3L"
2.40189156199431e-07,1.22729161847658,0.02,0.069,0.00772232156096791,"NSDHL"
7.28331558908785e-08,1.22586728662369,0.014,0.061,0.00234165879504764,"SLC39A10"
3.17269415397522e-08,1.22367904493416,0.032,0.094,0.00102005289744457,"KDM6A"
1.60271115500222e-06,1.22164933827043,0.014,0.053,0.0515287663444764,"ATF5"
6.70485305760212e-10,1.22065647895808,0.043,0.123,2.15567730654966e-05,"AC078883.1"
5.83937868644107e-13,1.21960757795808,0.04,0.135,1.87741864147767e-08,"PTPRD"
3.36457151200157e-10,1.21960120705508,0.036,0.113,1.08174338682362e-05,"XYLT1"
1.15861050002965e-11,1.21862308163979,0.022,0.097,3.72504861864532e-07,"DGKQ"
1.68216836371811e-07,1.21714614384915,0.016,0.063,0.0054083395061901,"MPP2"
7.70593963565846e-07,1.21586914766246,0.03,0.082,0.0247753665226055,"EBF3"
3.25546668746225e-12,1.21368978184162,0.012,0.082,1.04666509468599e-07,"OSMR-AS1"
7.20561143069957e-09,1.20243163932322,0.03,0.094,0.000231667613108422,"RPS19P3"
1.47331050420972e-13,1.19942972961693,0.026,0.114,4.73684060208466e-09,"RNF20"
3.70650229090891e-08,1.19666166821037,0.019,0.071,0.00119167755155012,"TMTC4"
9.44958374003944e-07,1.19530077886962,0.017,0.061,0.0303813566826008,"AC007192.2"
2.64177422865671e-10,1.19289291302067,0.035,0.111,8.49356832255418e-06,"EID2"
2.73557887991404e-12,1.19192955305254,0.041,0.133,8.79515965681164e-08,"ZC3H7A"
1.42311442945192e-13,1.18973898829505,0.04,0.139,4.57545520213086e-09,"NSMCE2"
3.2885074986009e-17,1.18888117344809,0.037,0.154,1.05728804587517e-12,"RABEPK"
3.76692260611169e-12,1.18082786957571,0.026,0.107,1.21110328709097e-07,"LRMDA"
1.07722990225818e-11,1.17899564976833,0.038,0.126,3.46340185875029e-07,"SYCE1L"
1.79021494686705e-06,1.17777186687489,0.025,0.072,0.0575572007567225,"ANKRD18CP"
5.20065972722563e-05,1.17576965211133,0.017,0.051,1,"SEMA4F"
6.69346859503799e-08,1.16811718856895,0.015,0.063,0.00215201708799067,"ZNF430"
4.80447838571514e-13,1.16414461861244,0.057,0.166,1.54468784579128e-08,"RMC1"
2.15970972610211e-10,1.16355853307163,0.019,0.084,6.94368274039089e-06,"PYROXD2"
1.75381917250302e-07,1.16117482870346,0.027,0.082,0.00563870402151445,"SPC25"
2.32997838710771e-08,1.16055636501487,0.017,0.07,0.000749111351239,"CSRNP3"
6.14862575855949e-07,1.15709942571915,0.014,0.056,0.0197684466763446,"RPS12P23"
2.60651741052127e-09,1.15496277582159,0.03,0.097,8.38021412656694e-05,"COQ8B"
3.38388339411903e-06,1.150084403987,0.02,0.062,0.108795235004321,"AC006547.2"
2.04492373408082e-05,1.1499405380791,0.021,0.059,0.657463429744324,"AL133500.1"
5.13930607450621e-13,1.14719558191798,0.031,0.12,1.65233829601449e-08,"TUBGCP3"
7.81182909825442e-09,1.14691944273198,0.015,0.069,0.000251158117337978,"AC091959.3"
1.04739966244511e-06,1.14326263686908,0.014,0.054,0.0336749465472727,"ABCA9"
1.14377544107491e-06,1.1404577159923,0.012,0.052,0.0367735242059995,"TRMT44"
3.04835598335213e-08,1.13997087940076,0.011,0.059,0.000980076932207542,"GABRB3"
3.53562799276264e-10,1.13703406385917,0.017,0.08,1.13673975595312e-05,"AC020978.5"
3.06137264935637e-09,1.13512138795655,0.016,0.073,9.84261920494566e-05,"METTL4"
6.60096377468202e-09,1.13435061542536,0.022,0.082,0.000212227586319802,"C17orf75"
2.45565157103881e-07,1.1340381457359,0.016,0.062,0.00789516536604688,"APAF1"
3.75922819757763e-12,1.13353988530502,0.028,0.111,1.20862945780318e-07,"PRKD1"
6.81839305697903e-17,1.13299411041669,0.053,0.181,2.19218155174933e-12,"MYO9A"
2.92964505053837e-08,1.12992221374416,0.02,0.074,0.00094191018019859,"SNX25"
3.28620127456789e-09,1.12856880651755,0.019,0.077,0.000105654657178632,"EHD3"
1.20911211492341e-08,1.12739831554964,0.02,0.076,0.000388741636069026,"FAM214A"
3.35284912290225e-07,1.12586927381247,0.02,0.068,0.010779745215043,"CHAF1A"
7.559174682593e-08,1.12445043623155,0.025,0.08,0.00243035025220047,"ZBTB16"
1.07893302966755e-10,1.12319817546515,0.051,0.14,3.46887758368416e-06,"LDLR"
5.55578534016605e-06,1.1175365476615,0.014,0.05,0.178624054471679,"DHTKD1"
5.37346181399672e-14,1.1148409952052,0.054,0.167,1.72762170781808e-09,"RORA"
1.27827712245784e-06,1.11383232505963,0.017,0.06,0.0410978877641419,"GPATCH3"
4.89892242671213e-17,1.11166676596865,0.051,0.178,1.57505254941222e-12,"CDK13"
4.64199970101914e-13,1.11131288406584,0.038,0.134,1.49244932387466e-08,"PKP4"
1.43198752907692e-06,1.11073369722431,0.016,0.058,0.0460398310473521,"KBTBD11"
1.04313028203058e-11,1.11041179871674,0.03,0.111,3.35376816975651e-07,"UBA3"
2.44408379824577e-10,1.11002287511058,0.022,0.09,7.85797381973999e-06,"TMEM44"
6.01233765497793e-05,1.10972172641228,0.019,0.052,1,"PCGF6"
2.02272856422833e-05,1.10623739429855,0.019,0.055,0.650327460685052,"NPAT"
1.31228646011475e-07,1.10322110990827,0.021,0.072,0.00421913219791494,"SYTL4"
4.96674984520617e-09,1.10318009839892,0.026,0.089,0.000159685974273223,"LINC-PINT"
1.67911849594943e-08,1.10275780892124,0.009,0.056,0.0005398533876327,"PLXNC1"
4.97430849168963e-10,1.1016712583108,0.027,0.097,1.59928992316313e-05,"ANKRD44"
1.43965993858435e-09,1.10131569915707,0.021,0.084,4.62865066854255e-05,"ZBTB46"
7.60920685302136e-07,1.10021315804317,0.014,0.055,0.024464360953149,"PATL1"
5.75136266033108e-09,1.09945849809628,0.02,0.078,0.000184912060892305,"AL359317.1"
2.41948353252904e-06,1.09898592455747,0.014,0.052,0.0777888150543412,"AL590560.1"
2.14389787494355e-09,1.09853512320736,0.01,0.063,6.89284605773101e-05,"COA7"
2.36408819568179e-09,1.09824948014851,0.019,0.078,7.60077995793653e-05,"PGM5P2"
3.68106714382393e-06,1.0977480771873,0.015,0.053,0.118349989741083,"AC008481.1"
1.02311296661266e-06,1.09532550787829,0.02,0.065,0.0328941049895637,"TEN1-CDK3"
6.70649035092388e-15,1.09484710538434,0.063,0.186,2.15620371272554e-10,"STEAP4"
2.69712520867643e-12,1.09470507617485,0.017,0.092,8.6715272584156e-08,"NAPEPLD"
8.04280375953434e-09,1.09447491025929,0.027,0.09,0.000258584183672788,"AC012358.3"
2.36961030891452e-07,1.09418425474385,0.014,0.058,0.00761853410419106,"UBE2S"
0.000143731293732449,1.09401820202821,0.02,0.052,1,"HAUS5"
3.45489442046343e-12,1.0901889608733,0.033,0.12,1.1107831051232e-07,"KIAA0895L"
4.76611582318807e-06,1.08678585845436,0.017,0.057,0.15323538983132,"ARHGEF19"
8.34395124137493e-07,1.08641748105647,0.014,0.055,0.0268266376361445,"ITPR2"
1.07080945723949e-08,1.08380400841224,0.012,0.063,0.000344275948597068,"PLOD2"
1.76219828802622e-25,1.08374113455098,0.229,0.57,5.66564371583309e-21,"MMP14"
2.2629924972406e-20,1.08352559575675,0.059,0.212,7.27574717787826e-16,"RPLP0P2"
2.66868966745542e-07,1.08347207189203,0.021,0.07,0.00858010414983593,"STK36"
5.57935383382133e-07,1.08201447329364,0.015,0.058,0.0179381805111189,"Z94721.2"
6.02858800964482e-08,1.0819647894341,0.025,0.08,0.00193825133098091,"HID1"
1.05873956414831e-22,1.08156410876808,0.121,0.338,3.40395357269322e-18,"SPON2"
3.41876462830504e-08,1.08151365288735,0.019,0.072,0.00109916701564635,"KIF13B"
5.51296440119424e-17,1.0808738594166,0.035,0.149,1.77247318462796e-12,"CSAD"
3.65487472163702e-12,1.08031112816208,0.011,0.08,1.17507877175352e-07,"FAM49B"
7.86770659840799e-07,1.07952043180587,0.025,0.074,0.0252954634845415,"ABCC3"
8.53914094940384e-08,1.07713804879775,0.016,0.065,0.00274541920664283,"SLC2A9"
6.42045391566155e-11,1.07594310615166,0.025,0.098,2.06424013842434e-06,"INPP5F"
1.70288012663259e-13,1.07033867983879,0.025,0.112,5.47492989513643e-09,"LRRC37A16P"
1.5966772259584e-06,1.07010853414065,0.015,0.056,0.0513347694917887,"RBM15"
6.75245987935531e-21,1.06936415379542,0.069,0.232,2.17098337581153e-16,"PHLDA1"
2.96110315332434e-12,1.06908711443151,0.04,0.131,9.52024274825308e-08,"MSI2"
1.05180969260197e-14,1.0688793717855,0.031,0.129,3.3816733426846e-10,"ASPSCR1"
2.9118705397671e-10,1.0683525788778,0.017,0.081,9.3619549724052e-06,"ZNF468"
5.02301795113321e-06,1.06796743521338,0.014,0.051,0.161495050146884,"AC016876.3"
2.6100114261414e-14,1.06691188055281,0.044,0.151,8.39144773618721e-10,"GOSR1"
1.50015261974671e-08,1.06615974991777,0.009,0.056,0.000482314068774766,"AC135586.2"
1.65695469613376e-10,1.06486726219179,0.02,0.087,5.32727504353964e-06,"AC009034.1"
7.32533474239938e-10,1.06453402013435,0.016,0.076,2.35516837302883e-05,"AC006378.1"
2.28800395497461e-09,1.06432019362297,0.026,0.091,7.35616151563888e-05,"GPHN"
1.54467058337096e-12,1.06381338370529,0.025,0.107,4.96627039259597e-08,"MZT1"
2.9089481556249e-06,1.06258833063849,0.016,0.056,0.0935255921514962,"TMEM120B"
7.26083149448324e-06,1.05945750508665,0.017,0.056,0.233442993379131,"AC093001.1"
3.2172356167513e-06,1.05941958304519,0.017,0.058,0.103437342314171,"PDE7B"
5.14364412936602e-11,1.0593908325311,0.031,0.109,1.65373302403247e-06,"SLC38A6"
7.05036642065286e-15,1.05850442002012,0.022,0.115,2.2667633079041e-10,"PPP1R16B"
1.68356258652167e-11,1.05829669135398,0.023,0.099,5.41282207192583e-07,"AC244669.2"
2.36233974578088e-13,1.05610836113746,0.03,0.12,7.59515851666011e-09,"TAF5L"
2.45637237946177e-09,1.05542789681887,0.02,0.08,7.89748283720753e-05,"TRIT1"
2.50474011662358e-05,1.05449813295144,0.019,0.054,0.805298994895649,"UBBP1"
5.00635476836239e-10,1.05430048684687,0.03,0.101,1.60959312157619e-05,"ZNF232"
1.66840545902431e-09,1.05335233640245,0.011,0.065,5.36409039130905e-05,"NRXN3"
3.082421612515e-07,1.04952233894734,0.025,0.076,0.00991029372639698,"AC115223.1"
1.08048520684068e-08,1.04876252715697,0.015,0.068,0.000347386798851345,"HIST2H2BF"
1.10340488638528e-11,1.04789793659899,0.014,0.082,3.54755705021732e-07,"EIPR1"
2.28211505271573e-08,1.04711580407464,0.016,0.068,0.000733722810598634,"HAGLR"
8.20605616189022e-10,1.04706542184736,0.028,0.098,2.63832911660932e-05,"SRR"
2.18973635319616e-09,1.04700749217816,0.02,0.08,7.04022134916098e-05,"TRIM13"
3.90573558419567e-16,1.04687847510732,0.043,0.16,1.25573304767475e-11,"MT-TH"
3.80231361033026e-13,1.04634250077811,0.027,0.114,1.22248184885728e-08,"EFS"
9.37506044844409e-12,1.04515182075475,0.025,0.102,3.01417568477926e-07,"GCC2"
1.05067316755605e-13,1.04511023741659,0.032,0.126,3.37801930100947e-09,"TCF20"
3.1244688472043e-05,1.04409551101789,0.017,0.052,1,"AC132872.1"
4.10412304651928e-16,1.04216723995852,0.052,0.174,1.31951660068641e-11,"RTCA"
8.26740815299902e-12,1.04185726164916,0.031,0.113,2.65805439527071e-07,"DNAJC18"
1.48161948356626e-09,1.04034652614015,0.022,0.086,4.76355480161387e-05,"BTN2A2"
4.62368638523388e-10,1.03950266784302,0.027,0.097,1.48656140971654e-05,"RFX3"
8.78367038182318e-08,1.03941500374446,0.02,0.071,0.00282403786445997,"LLGL1"
2.01073892832789e-14,1.0386700766207,0.064,0.186,6.464726728467e-10,"CDK19"
6.95331560581328e-09,1.03768423152955,0.015,0.069,0.000223556050042503,"AC074386.1"
7.4708507604688e-07,1.03708351725175,0.012,0.053,0.0240195322799832,"MSTO2P"
1.48281109599486e-08,1.03683838624796,0.015,0.067,0.000476738595473308,"INTS13"
9.57112181757798e-18,1.03625275585328,0.047,0.175,3.0772113755695e-13,"LRRC74A"
1.78078159456918e-06,1.03509962552886,0.015,0.055,0.0572539090469938,"RRP9"
1.16927561445707e-11,1.03114978660381,0.022,0.097,3.75933802804093e-07,"ITPRIPL2"
1.28551870056386e-06,1.02922263373767,0.017,0.06,0.0413307117418286,"ZNF143"
9.2065958190581e-14,1.0281267491778,0.03,0.122,2.96001262178537e-09,"RANGAP1"
1.89050520995555e-09,1.0254400330118,0.031,0.1,6.07816330052808e-05,"MBIP"
9.93073710477028e-15,1.02533128155764,0.026,0.121,3.19283128655469e-10,"AC136632.1"
8.31794700957048e-08,1.02513308656733,0.015,0.063,0.00267430314304701,"DIO3"
8.02366151053203e-16,1.02463590607277,0.062,0.19,2.57968741225115e-11,"SNTB2"
4.9491087437375e-08,1.02462199883624,0.009,0.053,0.00159118795219904,"WDR4"
2.96067660642525e-16,1.02232074000062,0.056,0.182,9.51887135731781e-12,"ANPEP"
8.03098305738996e-09,1.02000421603034,0.027,0.09,0.000258204136278145,"SRGAP2C"
2.83470623348816e-13,1.01899744729111,0.033,0.126,9.11386401128780e-09,"JCAD"
1.08948150310743e-11,1.01843553774521,0.021,0.095,3.50279198064069e-07,"WDR75"
2.53129999835774e-13,1.01606143153168,0.044,0.146,8.13838262471998e-09,"MAGI1"
5.69037360379582e-08,1.0158820539958,0.014,0.062,0.00182951201735639,"TMEM164"
1.28052242484548e-11,1.0156408885648,0.042,0.131,4.11700764812072e-07,"NPIPB3"
1.15630044269028e-13,1.01513130267046,0.028,0.119,3.71762155329353e-09,"UFL1"
1.73890697728759e-15,1.01504126463633,0.052,0.171,5.59075982267735e-11,"AC010468.1"
1.50246292567295e-08,1.01203632853769,0.021,0.078,0.000483056855233111,"CDK5"
5.5976731751757e-10,1.0119268265397,0.048,0.132,1.79970790255074e-05,"LPCAT2"
3.97746581186154e-10,1.0091320471772,0.025,0.093,1.2787950331716e-05,"AGBL4"
1.61828455433662e-13,1.00840968921701,0.032,0.125,5.20294667064767e-09,"THADA"
6.80978322810615e-10,1.00828134341712,0.026,0.094,2.18941340566841e-05,"ST3GAL3"
2.00662376473313e-08,1.00591380929479,0.032,0.096,0.000645149606599347,"PCDH17"
1.57343859677523e-21,1.00472418445723,0.061,0.219,5.05876243249204e-17,"SOGA1"
6.79706648080982e-14,1.00209880197188,0.033,0.13,2.18532484424517e-09,"RUNX1T1"
1.22490595365138e-05,1.0018571436322,0.016,0.052,0.393819513158457,"AIF1L"
1.79929332844542e-08,0.998363361903664,0.019,0.073,0.000578490798028488,"COX10"
1.40148858521381e-05,0.997538799296373,0.019,0.056,0.450592595032093,"CADM3"
1.18579815726774e-08,0.997354763219453,0.035,0.101,0.00038124596554315,"ST8SIA6"
9.72258531539626e-10,0.996076548104196,0.015,0.074,3.12590840475305e-05,"AL359706.1"
2.84164124264767e-08,0.995683381621445,0.015,0.065,0.000913616075923654,"AC004980.1"
1.67521015870329e-06,0.99566230442655,0.017,0.059,0.0538596818124695,"EGFL6"
6.21350133429079e-10,0.99329320524266,0.011,0.068,1.99770281398783e-05,"AC005082.2"
5.07831722176908e-09,0.993242903994946,0.02,0.078,0.000163272976997098,"VEGFC"
4.156525853028e-30,0.993021680608366,0.061,0.263,1.33636462700703e-25,"SGK1"
2.24875027969816e-23,0.988634162702546,0.068,0.243,7.22995702425755e-19,"EEA1"
1.92014119611125e-11,0.984859104773344,0.019,0.09,6.17344595961727e-07,"CPNE5"
5.5788273829054e-14,0.982575104310712,0.03,0.123,1.79364879187791e-09,"AIFM1"
1.04158589040224e-08,0.981341035764344,0.022,0.081,0.000334880279623224,"MIS12"
1.11730108357608e-09,0.979502177459965,0.035,0.107,3.59223471380547e-05,"SPIRE1"
3.13234331565386e-09,0.978488475527505,0.025,0.088,0.000100707969941587,"CTNNBIP1"
7.59326407776582e-18,0.978150696732779,0.043,0.169,2.44131033364249e-13,"TBX1"
4.00577245783387e-26,0.976530687109147,0.079,0.278,1.28789590291817e-21,"JMY"
1.65260216866938e-08,0.974779433640193,0.022,0.08,0.000531328123248892,"BRCA1"
1.06171749584429e-14,0.973299502800619,0.038,0.143,3.41352792088899e-10,"TRIM26"
3.72072713302522e-12,0.973126969875718,0.016,0.089,1.19625098053894e-07,"APBB3"
2.13643393602482e-05,0.972326569235282,0.017,0.053,0.686884874771339,"PCDHGB2"
1.53246100533679e-21,0.971998041642927,0.057,0.213,4.92701537825832e-17,"SWAP70"
2.00331342414908e-07,0.971723279825895,0.02,0.069,0.0064408529899817,"AC020898.1"
1.52311877847171e-19,0.971720160614234,0.049,0.189,4.8969791846644e-15,"AUTS2"
6.1041718514726e-06,0.970387991974146,0.014,0.05,0.196255229196696,"CCDC112"
1.59357534294734e-06,0.968390136972006,0.015,0.056,0.0512350408510999,"TRAF2"
3.95657035628584e-06,0.968374278658195,0.017,0.057,0.127207693524946,"CASD1"
3.02387544298953e-08,0.967219810343474,0.017,0.07,0.000972206193675565,"AC025580.2"
2.97849169872326e-11,0.964630845867182,0.036,0.119,9.57614866056515e-07,"LINC00475"
6.40201106172082e-19,0.963789821193365,0.059,0.203,2.05831057645386e-14,"FAM167B"
2.19805476435702e-06,0.963789283111645,0.015,0.055,0.0706696587288426,"ZNF383"
1.83193549495689e-10,0.963366071198491,0.032,0.108,5.8898558098359e-06,"GRIN3B"
8.88035758699511e-10,0.963308429427264,0.023,0.089,2.8551237677948e-05,"PDE4A"
1.09780298727582e-05,0.96270432867309,0.016,0.053,0.352954638439049,"MORN1"
1.2696575138431e-06,0.962252609811098,0.012,0.052,0.0408207587275695,"SEMA3E"
2.03808483884385e-07,0.961709092008784,0.012,0.056,0.00655264656536686,"ABCE1"
1.04489210405899e-06,0.961587425847893,0.014,0.054,0.0335943260376007,"ZNF26"
3.68690331769254e-22,0.960278698392943,0.044,0.194,1.18537628567133e-17,"EXOSC8"
7.77904961720591e-09,0.960144737445947,0.015,0.069,0.000250104224242787,"DOK5"
2.40655394905872e-05,0.95907610783916,0.614,0.926,0.77373116016187,"FOSB"
1.41406927487266e-07,0.957064951003991,0.011,0.055,0.00454637412564308,"TPTE2P5"
4.13200637105469e-07,0.956038505908248,0.017,0.063,0.0132848136835779,"AL136418.1"
8.20829293081724e-11,0.955894683166491,0.022,0.093,2.63904826018705e-06,"FUT8"
1.6970579567159e-05,0.952997602160409,0.02,0.057,0.54562110366373,"IGHA1"
2.51745936282331e-34,0.952207856111429,0.122,0.403,8.09388359741321e-30,"NFKBIZ"
1.45086475637074e-22,0.951965598923178,0.099,0.295,4.66467527820757e-18,"LPAR1"
1.22761643734967e-06,0.95108695684155,0.011,0.05,0.0394690960772293,"AP000944.1"
1.49166053178183e-10,0.950978170167167,0.014,0.076,4.79583777573175e-06,"DUBR"
4.52067075517002e-06,0.948155530184506,0.015,0.053,0.145344085449471,"TCF19"
7.18588038061129e-08,0.946785868413844,0.021,0.074,0.00231033240117034,"TMEM161B"
1.06286114225681e-13,0.946747966433862,0.021,0.106,3.41720485846985e-09,"ARHGAP27"
1.66710955426722e-16,0.946075235763542,0.044,0.164,5.35992392792453e-12,"RBM22"
5.5470908254204e-06,0.945605542094595,0.015,0.052,0.178344517128091,"AL136038.5"
1.4366921077268e-09,0.944529283209578,0.02,0.081,4.61910879555242e-05,"ZCCHC9"
6.80573765697987e-06,0.94395849173415,0.017,0.056,0.21881127140956,"SUPT3H"
2.72814722856384e-15,0.943093093370383,0.03,0.13,8.7712661545556e-11,"UIMC1"
1.17218549478466e-06,0.943032726243509,0.017,0.061,0.0376869358428216,"KCNK2"
3.57331627124019e-15,0.942687135942647,0.037,0.143,1.14885691436643e-10,"BNC2"
2.94017037149647e-15,0.942294703233995,0.028,0.128,9.45294176139831e-11,"EYA1"
9.18738325826595e-11,0.940793128941285,0.022,0.092,2.95383559136509e-06,"TYMS"
2.86870160471753e-10,0.939670050865422,0.026,0.096,9.22316252932734e-06,"ZNF529"
2.92491303078029e-09,0.937898176167243,0.019,0.078,9.40388788526172e-05,"ZNF558"
5.55092613875952e-18,0.937840829073707,0.048,0.178,1.78467826287257e-13,"GOLGA8A"
2.26470346167197e-18,0.935020034107807,0.027,0.142,7.28124809962155e-14,"DCAF16"
1.5832830012749e-21,0.934853463303886,0.056,0.211,5.09041317739894e-17,"MLLT10"
4.8651805853849e-10,0.934656797232827,0.027,0.097,1.5642042100071e-05,"TIMM21"
1.72622429963738e-16,0.934317140848313,0.037,0.15,5.54998374576415e-12,"ASAP3"
5.29415611983049e-13,0.932909212707649,0.027,0.114,1.7021241340867e-08,"IDE"
2.91755419948055e-26,0.930638850967043,0.079,0.278,9.38022850674991e-22,"EIF4G3"
3.58247812112429e-19,0.929567298857289,0.041,0.171,1.15180254072267e-14,"PMPCA"
1.24171028725809e-10,0.929159627429214,0.021,0.09,3.9922227445635e-06,"DIMT1"
2.12035446949751e-09,0.928686245255827,0.019,0.078,6.81715165488145e-05,"C15orf41"
9.21518681377582e-08,0.928117146264024,0.011,0.056,0.00296277471249706,"ZHX1"
1.32233126501285e-09,0.927771900290519,0.012,0.068,4.2514272501428e-05,"EYS"
4.49332182172152e-15,0.925664115367181,0.032,0.134,1.44464789890169e-10,"ATXN7L3"
2.94353043957992e-07,0.925229813730922,0.014,0.058,0.00946374471629341,"HMGCS1"
2.93335499151694e-19,0.921344547312924,0.046,0.181,9.43102963322612e-15,"PLEKHA3"
2.29728778986531e-06,0.921315416055212,0.019,0.061,0.0738600997319595,"PLEKHA8"
6.11999244977664e-07,0.921145414575018,0.015,0.058,0.0196763877252769,"FOXN2"
4.98018198907426e-17,0.918533678749227,0.026,0.133,1.60117831130727e-12,"CLOCK"
2.72343826537764e-08,0.917127376865435,0.021,0.076,0.000875612636701566,"HCCS"
1.08071865426371e-08,0.916614347074398,0.023,0.083,0.000347461854532326,"RP2"
2.11818303124677e-17,0.915113689901857,0.033,0.148,6.8101702637615e-13,"CIR1"
5.73972615812378e-10,0.914828326610158,0.023,0.09,1.84537935709838e-05,"TMEM135"
2.04264157139227e-12,0.91319967312801,0.023,0.104,6.56729691618328e-08,"CBLL1"
7.29730692140404e-18,0.912845196327899,0.038,0.16,2.34615714830061e-13,"WIPF2"
2.46976629912542e-29,0.91254482595251,0.11,0.353,7.94054562831815e-25,"PLXDC2"
2.20407900730937e-10,0.911646009052939,0.016,0.079,7.08633441640036e-06,"CCDC88A"
1.90965115913791e-26,0.911524246203855,0.058,0.24,6.13971944174429e-22,"KCTD3"
0.000286361061445488,0.910763340746819,0.606,0.932,1,"ERCC1"
1.68979866706018e-12,0.910356731408946,0.043,0.139,5.43287169446517e-08,"TRIM33"
9.13119707158773e-07,0.907629384039916,0.02,0.065,0.0293577117048617,"U52111.1"
2.15266457116252e-06,0.906782789124696,0.012,0.051,0.0692103186274463,"AL356056.3"
3.7657407634852e-09,0.906541967321898,0.017,0.075,0.000121072331286813,"ARID4A"
8.56894833519267e-09,0.90623369022802,0.019,0.075,0.000275500257924779,"RPL10P3"
5.01022815832988e-14,0.90621361207297,0.035,0.132,1.61083845518464e-09,"FAM13A"
6.41146958878801e-06,0.904676953115596,0.017,0.056,0.206135158749123,"LZTS1"
6.37641267091334e-08,0.90309935965211,0.02,0.072,0.00205008043782535,"FAM184B"
6.85115525754159e-13,0.902055932201576,0.032,0.122,2.2027149268522e-08,"EML4"
3.6807761308603e-08,0.901812363196213,0.009,0.054,0.0011834063338329,"SLC16A9"
8.69453276485037e-17,0.901642616417754,0.022,0.125,2.79537922922704e-12,"PHF5A"
2.74412769941758e-17,0.900816314865671,0.052,0.181,8.82264496639747e-13,"KAT7"
2.40661058803524e-08,0.898670019984655,0.028,0.089,0.000773749370159211,"STAG3L1"
2.28897194931135e-08,0.89735646415194,0.022,0.079,0.000735927371423092,"AP1AR"
8.99283532224927e-12,0.897326088618998,0.028,0.109,2.89128648445636e-07,"POLR1A"
1.76719115335551e-14,0.897320220903507,0.062,0.182,5.6816962771533e-10,"CLIC2"
4.12131603033756e-17,0.895351704696183,0.047,0.171,1.32504431691383e-12,"AC010619.1"
5.88620917140748e-09,0.89493967755029,0.035,0.103,0.000189247511069922,"TAPT1-AS1"
3.63392953415151e-17,0.893730891053318,0.043,0.165,1.16834468452505e-12,"AGAP1"
2.07286041456521e-14,0.893531613906652,0.027,0.121,6.6644535188686e-10,"RAB2B"
2.20524076935572e-14,0.893264590074633,0.026,0.119,7.09006959755557e-10,"AC117834.1"
1.78316230857975e-07,0.893101070914492,0.017,0.065,0.00573304513831474,"GHR"
1.88170820212779e-36,0.892530085682504,0.241,0.65,6.04988004066106e-32,"MT-TV"
1.62039502153979e-11,0.892103067397834,0.026,0.103,5.20973203375259e-07,"INPP5D"
1.83307673199971e-12,0.890558667581763,0.026,0.108,5.89352500105228e-08,"CHKA"
1.58061663549098e-06,0.890381889971781,0.014,0.053,0.0508184054476706,"MTX1"
2.86981841227259e-10,0.890317809241626,0.026,0.096,9.22675317729761e-06,"NFATC3"
2.55906975472899e-11,0.888849886776419,0.022,0.096,8.22766516842917e-07,"ACAD9"
7.11357219752315e-18,0.888611961449674,0.051,0.183,2.28708459722567e-13,"MTCO2P2"
4.33286541161035e-09,0.888549282268896,0.007,0.056,0.000139305955848684,"RPL23AP87"
2.73727270339942e-08,0.888360908431981,0.011,0.059,0.000880060546869948,"ZNF702P"
1.57170874592315e-06,0.888133093212858,0.012,0.051,0.0505320078901752,"ERF"
1.72987802399281e-07,0.887959268958903,0.022,0.074,0.00556173083493929,"CLYBL"
3.01698879086004e-13,0.887842834028185,0.019,0.099,9.69992066149411e-09,"EVI5L"
3.41988414208294e-17,0.887776832893375,0.044,0.167,1.09952695052109e-12,"ACBD3"
1.58551956852761e-07,0.887659976999204,0.015,0.061,0.00509760396477312,"AL391069.1"
8.88372184823222e-06,0.886935827565031,0.015,0.051,0.285620541142514,"TENM4"
2.39651668606263e-12,0.885942984034536,0.019,0.094,7.70504079735997e-08,"GMDS-DT"
1.08848753931412e-14,0.885004310016269,0.023,0.116,3.49959628764882e-10,"SIRT6"
1.02004464049529e-08,0.884359368103028,0.017,0.072,0.000327954552365641,"GLCCI1"
2.40266676995831e-12,0.884273157951078,0.017,0.092,7.72481393209296e-08,"PID1"
1.22105453197507e-13,0.884168787687278,0.019,0.101,3.92581242575303e-09,"INE2"
1.07057299502413e-05,0.884115284195599,0.017,0.055,0.344199923630207,"MT-TM"
1.12731389425147e-07,0.883630955947389,0.011,0.056,0.00362442690140791,"TXNDC16"
4.67694652458709e-14,0.883625682369218,0.027,0.119,1.50368507712e-09,"ATF7"
0.000107769324994421,0.883535446688102,0.478,0.871,1,"MMP2"
3.33557145759985e-12,0.883398382123648,0.017,0.091,1.07241957933293e-07,"TLN2"
1.53759877692395e-19,0.883005108705126,0.046,0.182,4.94353382768818e-15,"CDK17"
1.90385140979882e-08,0.882697513911598,0.014,0.064,0.000612107266764419,"FAM241B"
1.58657411747436e-07,0.882433710049133,0.011,0.055,0.00510099444509182,"ACAP1"
4.19883895437623e-08,0.881639238562569,0.02,0.073,0.0013499687122215,"PLCB1"
2.99976864539309e-17,0.881565452690624,0.026,0.134,9.64455617180332e-13,"IMPACT"
1.66971029962372e-08,0.881010715558434,0.012,0.062,0.000536828558432024,"TRMT9B"
4.75542513728568e-07,0.880361156201515,0.022,0.071,0.0152891673588872,"PPRC1"
1.16289385999906e-28,0.879693230338791,0.061,0.256,3.73882004928297e-24,"TRPC4AP"
1.11342822275512e-16,0.879422986437291,0.04,0.156,3.57978307897999e-12,"AC104123.1"
3.96362457757022e-13,0.875150361873112,0.037,0.131,1.2743449379346e-08,"EVI5"
1.10605489246844e-12,0.874890559676194,0.027,0.112,3.55607708477527e-08,"AC012309.1"
6.65801071183014e-09,0.874752641214888,0.031,0.096,0.000214061702396051,"CPEB3"
2.9538301566226e-12,0.874655800301791,0.028,0.112,9.49685933655733e-08,"BTRC"
3.00192515121295e-07,0.87375144170051,0.011,0.053,0.00965148955366476,"TSHZ2"
8.50896965808574e-13,0.873543133100416,0.026,0.11,2.73571883477115e-08,"NECAB3"
3.98813238904128e-14,0.873184351700833,0.025,0.115,1.28222444440066e-09,"ATP2B1"
4.1406881207976e-11,0.872644275485136,0.016,0.083,1.33127263771764e-06,"CCDC32"
6.40224386903119e-08,0.872081784249819,0.009,0.052,0.00205838542633222,"COX10-AS1"
1.97269748949344e-06,0.872027429163982,0.014,0.053,0.0634241969847034,"AP000442.2"
1.58235485515381e-16,0.869323142402551,0.044,0.164,5.08742909480503e-12,"SPG11"
1.11959883413194e-09,0.869141429678889,0.021,0.084,3.59962221161759e-05,"HLCS"
6.45709710563122e-11,0.868010195527902,0.021,0.091,2.07602129043149e-06,"MT-TD"
1.40477882348895e-10,0.867898835794795,0.028,0.102,4.51650439539933e-06,"AC093278.2"
1.2732228968919e-07,0.866681288938974,0.016,0.064,0.00409353893579714,"TUBE1"
2.13167089872615e-14,0.866623591161094,0.052,0.165,6.85353510649445e-10,"NFX1"
3.36097096605778e-08,0.865500411143501,0.017,0.069,0.00108058577529724,"RAB43"
2.45033665421011e-20,0.865482299681679,0.085,0.258,7.87807737695091e-16,"ADM"
6.8060655237242e-07,0.865308477311001,0.014,0.056,0.0218821812653257,"FIZ1"
4.6508180389033e-15,0.865181440460934,0.031,0.131,1.4952845076878e-10,"CNOT9"
3.32352557915196e-07,0.865014452922715,0.015,0.059,0.0106854670895315,"BPHL"
7.87239698493444e-14,0.864756118363563,0.049,0.157,2.53105435462627e-09,"TERF1"
6.20109543965011e-16,0.863154853232234,0.032,0.138,1.99371419480191e-11,"USP9Y"
6.47673049771904e-08,0.862671306521852,0.027,0.084,0.00208233362232165,"TRMT11"
2.98606672410646e-12,0.862247069250616,0.023,0.103,9.60050312467469e-08,"AL122020.1"
2.45496261702264e-17,0.861349233020483,0.04,0.159,7.89295030998949e-13,"KLHDC10"
2.47121532609799e-05,0.860943980952858,0.016,0.051,0.794520439493766,"TSBP1-AS1"
1.33215354595727e-09,0.860606057452458,0.023,0.088,4.28300686560721e-05,"PLCG1-AS1"
5.65138055837987e-07,0.860392024218356,0.017,0.062,0.0181697536332471,"LGR4"
8.33048267503231e-22,0.85965724155765,0.038,0.18,2.67833348484964e-17,"RPRD2"
4.53735083604442e-06,0.859303140017065,0.014,0.051,0.145880366729664,"STK26"
1.49942887897736e-06,0.858686128430409,0.017,0.06,0.0482081378880011,"PIGZ"
1.1601029170576e-11,0.858265073695929,0.026,0.104,3.72984688863188e-07,"STK10"
3.19383028959203e-10,0.85677711666951,0.02,0.085,1.02684837640673e-05,"AC010883.1"
2.87159560491203e-09,0.856750067763696,0.015,0.071,9.23246702935268e-05,"BRPF1"
2.66984332121025e-12,0.856686602725268,0.017,0.092,8.58381326202308e-08,"CCT6P3"
1.81182669205509e-07,0.856659737201076,0.02,0.069,0.00582520399762634,"MRPL23"
9.79942748094769e-35,0.856313472692846,0.061,0.285,3.15061392939949e-30,"ALYREF"
2.32715120005418e-16,0.856110684855963,0.026,0.129,7.4820238232942e-12,"AL450405.1"
4.98845828616702e-09,0.855994022316569,0.016,0.072,0.000160383922358556,"SLC37A1"
1.42507109223837e-11,0.855588011197259,0.028,0.108,4.58174606865557e-07,"DNMBP"
3.2007073333894e-06,0.85513139709372,0.021,0.064,0.102905941475803,"BAZ1A"
2.19584714617747e-07,0.854222213121132,0.016,0.063,0.00705986815967518,"STOX2"
1.78078157597351e-06,0.853505157511774,0.015,0.055,0.0572539084491243,"SRGAP1"
7.72933862522248e-14,0.853405753950702,0.028,0.12,2.48505966139528e-09,"AC004951.4"
7.68637845248194e-16,0.853150476392695,0.043,0.158,2.47124753625747e-11,"RAP2A"
1.19039809380516e-07,0.852570330527985,0.019,0.068,0.00382724891139296,"RAD54L2"
9.60347001697444e-13,0.85181443758265,0.021,0.101,3.08761164515745e-08,"TSPAN12"
9.49426562332191e-12,0.851012667646247,0.022,0.098,3.05250134055423e-07,"AC087343.1"
1.5237051099971e-19,0.850911528516382,0.019,0.131,4.89886429915167e-15,"NCAPH2"
3.19944162558203e-06,0.848263930796477,0.017,0.058,0.102865247704088,"EFCAB13"
5.54845488146576e-13,0.847311490162455,0.01,0.081,1.78388372894006e-08,"AVEN"
1.67631497388796e-09,0.845278789305067,0.028,0.096,5.38952027254718e-05,"MIOS"
3.35075924361433e-08,0.844909634203808,0.02,0.074,0.00107730260441444,"CHSY3"
1.02944255010268e-06,0.842183179956058,0.012,0.052,0.0330976074283513,"VPS33B"
2.20065216723759e-25,0.842157652142968,0.096,0.306,7.07531678288558e-21,"ARHGAP26"
1.4578074401523e-15,0.841779848821867,0.03,0.132,4.68699670083367e-11,"MYO7A"
3.16186289572268e-20,0.841615789996575,0.041,0.176,1.0165705396038e-15,"MGAT5"
4.41014263885312e-11,0.840859300513744,0.023,0.096,1.41790495981767e-06,"TMEM198B"
4.83823840619387e-08,0.839623835558255,0.015,0.064,0.00155554202997539,"SRL"
2.14527641182638e-17,0.839512658686207,0.017,0.118,6.89727819166299e-13,"GOT1"
6.89530139511221e-07,0.839122435841206,0.015,0.058,0.0221690835154253,"METTL2A"
3.21419827610481e-11,0.838056165168687,0.012,0.077,1.03339688775046e-06,"PPP1R3G"
2.4697516620679e-09,0.837937043375527,0.021,0.082,7.94049856871452e-05,"NECTIN3"
2.41040373416592e-16,0.837872661755539,0.032,0.141,7.74968904571686e-12,"EEF1B2P3"
2.34486865020317e-13,0.836999240871842,0.026,0.113,7.53898719726821e-09,"STAG3L5P-PVRIG2P-PILRB"
1.36580176517338e-11,0.836812862570366,0.01,0.074,4.39118925520894e-07,"ZNF701"
2.33704623636656e-09,0.836648028236061,0.021,0.082,7.51383735454212e-05,"TCEAL2"
8.58285972466203e-08,0.83633967869654,0.01,0.054,0.00275947523007609,"FBXO16"
1.4631952388118e-13,0.83614436696237,0.037,0.134,4.7043190123038e-09,"AC016831.7"
3.14990373994786e-06,0.834844954434431,0.019,0.06,0.101272555143064,"CNTRL"
7.43764092108112e-08,0.834807924522385,0.015,0.063,0.00239127593253679,"WDR7"
1.0280170319962e-12,0.834344225044813,0.022,0.103,3.30517755957098e-08,"WDFY2"
1.18574242327863e-10,0.833746773943866,0.017,0.083,3.81228046508313e-06,"LIN54"
7.23228617021742e-09,0.833466719416824,0.011,0.062,0.00023252523265866,"NUDT19"
8.06448067620685e-11,0.833290591440361,0.019,0.086,2.59281118220727e-06,"WDR74"
5.63764467488467e-13,0.831819842763042,0.03,0.118,1.81255913942217e-08,"AC013271.1"
1.42850056573542e-06,0.830786701350647,0.022,0.068,0.0459277216889596,"RPS6KA5"
2.7116263721742e-08,0.830359899816433,0.017,0.07,0.000871814994917726,"DOT1L"
6.88798209988274e-10,0.829014461910788,0.042,0.121,2.2145551249333e-05,"ITGA6"
7.41840453696815e-11,0.828379150343553,0.032,0.11,2.38509124268063e-06,"DIO2"
1.79291082438074e-08,0.827889333490851,0.01,0.058,0.000576438759146651,"TRMT6"
5.68378205428139e-15,0.825522992287312,0.037,0.142,1.82739276827201e-10,"MAP4K3"
2.75052481008799e-12,0.825101139417461,0.04,0.131,8.84321231691388e-08,"SPRY1"
2.19288752821483e-13,0.82446999416774,0.037,0.133,7.05035269196351e-09,"ZNF160"
3.33917456127986e-16,0.824000486087844,0.028,0.133,1.07357801319709e-11,"SMC5"
6.40248757359863e-11,0.823946484961285,0.025,0.098,2.0584637797877e-06,"MYO1B"
3.4068079466504e-19,0.823898022210975,0.061,0.207,1.09532282292757e-14,"ZNF521"
9.86676120149927e-09,0.823655287943398,0.016,0.07,0.000317226239389403,"MSH2"
6.83207256141322e-13,0.822947938020758,0.023,0.106,2.19657964921996e-08,"AL161665.1"
1.23981139769305e-18,0.821586750432728,0.335,0.727,3.98611762472294e-14,"CHI3L1"
3.03020753876419e-33,0.821494012675062,0.292,0.747,9.74242025788076e-29,"FP236383.1"
2.12229616477161e-07,0.821388665570757,0.014,0.058,0.0068233943993572,"ZSWIM4"
7.29079010644123e-10,0.821063121836057,0.014,0.072,2.34406192712192e-05,"IMPA1"
5.24394123547502e-09,0.820768111265899,0.016,0.072,0.000168597954661757,"TTI2"
5.69651377609869e-27,0.819256285760838,0.064,0.255,1.83148614415349e-22,"CLASP1"
6.94851916832606e-10,0.819157822604295,0.021,0.085,2.23401839780851e-05,"GNG2"
1.41764831553966e-15,0.818910750345944,0.035,0.141,4.55788109929157e-11,"TRMU"
8.39100476111644e-09,0.818446639137817,0.01,0.059,0.000269779194074655,"AC002075.2"
1.52402636326293e-14,0.818358805263927,0.026,0.12,4.89989716052665e-10,"MED27"
9.61895435415288e-14,0.818351857181753,0.037,0.135,3.09259001440369e-09,"LDHAL6A"
1.0236593265825e-07,0.818118177989906,0.011,0.056,0.00329116710089538,"CELSR2"
3.43913967372368e-16,0.818102172885917,0.022,0.122,1.1057177964989e-11,"PITPNA-AS1"
2.27753805148893e-09,0.818100064105454,0.023,0.087,7.32251258934204e-05,"UBXN7"
8.10778840546322e-12,0.817807668997482,0.028,0.109,2.60673505024048e-07,"ZDHHC9"
7.04950965126386e-12,0.817607154714306,0.017,0.09,2.26648784797784e-07,"SCAPER"
8.10364920686731e-20,0.817362706647943,0.046,0.184,2.60540425649991e-15,"DTNA"
1.73766044661926e-20,0.81601182329571,0.073,0.237,5.58675210192558e-16,"USP34"
6.26977056717088e-09,0.814649813255457,0.022,0.082,0.000201579393505111,"HELLS"
2.67567918020641e-18,0.813496404143805,0.041,0.167,8.60257613228162e-14,"KDM4C"
2.72516173799402e-16,0.81341920020235,0.025,0.127,8.76166750382457e-12,"ZNF621"
1.92019359934708e-16,0.812926244232887,0.033,0.143,6.1736144412608e-12,"SGCD"
3.81769625546553e-10,0.812852018355069,0.012,0.071,1.22742752309472e-05,"HLA-DOA"
2.54879762894962e-17,0.812726955549956,0.031,0.144,8.19463925683593e-13,"BORCS7-ASMT"
6.06643371725941e-12,0.811668625191185,0.015,0.085,1.95041910443607e-07,"SMARCAL1"
1.66385683963243e-22,0.811542394333016,0.041,0.189,5.34946612510224e-18,"FCHO2"
9.46532343768315e-08,0.811412085572051,0.019,0.069,0.00304319613844951,"INTS7"
1.18032990247012e-14,0.809860269644975,0.037,0.14,3.79487866943167e-10,"USE1"
3.83008356065846e-08,0.809847661945594,0.02,0.073,0.0012314101655873,"PSTPIP2"
2.3358092027213e-13,0.809237746124469,0.027,0.116,7.50986016766924e-09,"CTTNBP2NL"
6.81457089842192e-23,0.808718822159714,0.082,0.265,2.19095268955163e-18,"CDH5"
1.11356177894148e-09,0.808460755786331,0.019,0.08,3.58021247547477e-05,"ICA1"
1.28396978539388e-09,0.808252028259242,0.016,0.075,4.12809125701986e-05,"WBP2NL"
3.58808202843431e-30,0.808007963731432,0.069,0.279,1.15360425296192e-25,"LIMA1"
1.60116982625552e-13,0.807851668630311,0.026,0.114,5.14792110839413e-09,"STK11"
1.24356873188754e-14,0.807543481037991,0.027,0.122,3.99819782989164e-10,"CCDC59"
2.03245058602618e-13,0.807357895438668,0.023,0.109,6.53453187913277e-09,"WIPI1"
2.36947131605465e-08,0.807052527343924,0.016,0.068,0.000761808722824729,"AC105020.2"
1.21839179731176e-11,0.806570618602956,0.036,0.121,3.91725146753703e-07,"ALKAL2"
6.94463844277858e-08,0.806362455395314,0.012,0.059,0.00223277070573774,"RIN1"
2.78837307333201e-14,0.80608232140378,0.026,0.118,8.96489826806976e-10,"ITPRIP"
9.52076385299308e-12,0.805217327550496,0.026,0.105,3.0610207863758e-07,"MEIS2"
2.08289501163529e-11,0.804858540029021,0.023,0.098,6.69671575190861e-07,"PLEKHH2"
1.61709157254172e-18,0.802569766568555,0.044,0.174,5.19911111487888e-14,"SLC25A25"
4.94076300152302e-06,0.802423969686874,0.015,0.053,0.158850471261967,"TRIM68"
5.84231558070666e-07,0.801919968490258,0.011,0.052,0.01878362882353,"PWP2"
1.65195857943384e-12,0.800891473976264,0.03,0.115,5.31121202873775e-08,"KIAA2026"
2.37480850085305e-11,0.800481803071114,0.036,0.119,7.63524681109265e-07,"AL954705.1"
2.55142510027741e-23,0.800241136770428,0.054,0.218,8.2030868399019e-19,"SLC22A3"
3.14180788336148e-11,0.79997199306439,0.017,0.086,1.01012265257955e-06,"BRMS1"
6.74183776890982e-26,0.79655787370572,0.066,0.251,2.1675682610822e-21,"GGA1"
8.3538962122298e-12,0.796397299168027,0.042,0.133,2.685861171194e-07,"SOX5"
4.46054419409327e-15,0.795586891220745,0.03,0.129,1.43410956384293e-10,"AC138894.1"
8.52781044378962e-08,0.795044564766646,0.012,0.058,0.0027417763357828,"AF127577.4"
2.70573949005262e-13,0.794518792105959,0.022,0.106,8.69922303446819e-09,"GSDME"
4.94825744710869e-11,0.794178726347529,0.027,0.103,1.59091425181991e-06,"DENND4B"
2.53467281506865e-15,0.793574861519271,0.022,0.117,8.14922656772723e-11,"CDH12"
5.77864033414852e-07,0.792946524876561,0.021,0.068,0.0185789065383209,"LINC00662"
3.66273593377177e-11,0.792494834469069,0.026,0.101,1.17760623006696e-06,"ANKS1B"
1.07963538311304e-10,0.79225185924342,0.021,0.09,3.47113572024672e-06,"C8orf76"
1.79544257241428e-10,0.792198357696468,0.015,0.078,5.77252741456914e-06,"THAP9-AS1"
1.65058451715123e-24,0.792188210700717,0.037,0.191,5.30679428109292e-20,"FAM192A"
3.7026357933006e-08,0.7909188961717,0.017,0.069,0.00119043443390408,"FAM117B"
1.57157669970921e-12,0.789551844429697,0.026,0.109,5.05277624723509e-08,"KDM6B"
6.31706690459226e-07,0.789551388232163,0.016,0.06,0.0203100018049546,"GOLGA6L4"
8.41872315219148e-10,0.789191787658266,0.02,0.083,2.70670368066108e-05,"CMAS"
4.56052805028824e-22,0.78895911294569,0.051,0.204,1.46625537344817e-17,"ECM1"
7.56816840063324e-11,0.788479090459456,0.021,0.091,2.43324182248759e-06,"AL450384.2"
7.79064850098881e-15,0.787999017416446,0.016,0.103,2.50477139955291e-10,"SYNJ2BP"
3.30719673733862e-06,0.786717479148527,0.014,0.052,0.106329682302174,"AC009563.1"
7.24238827423555e-11,0.78654043310069,0.021,0.091,2.32850025404947e-06,"MCCC1"
3.1204070729187e-12,0.786242608407446,0.015,0.087,1.00324207801409e-07,"CTNS"
2.46765951517329e-09,0.784834312485709,0.016,0.074,7.93377210723365e-05,"PSPC1-AS2"
1.48851694576346e-08,0.784665877023583,0.009,0.056,0.000478573083232409,"STEAP1"
2.46680273385244e-16,0.784239744226095,0.032,0.141,7.93101746960899e-12,"RPSAP54"
2.61634000069159e-15,0.783728853032014,0.041,0.15,8.41179473622353e-11,"ARHGAP27P1-BPTFP1-KPNA2P3"
4.27292651739837e-06,0.783406990234589,0.019,0.059,0.137378860460875,"LIN52"
2.54499057406727e-12,0.783180218713137,0.022,0.101,8.18239919468367e-08,"AC025283.3"
3.24336620773173e-08,0.782723927246343,0.012,0.061,0.00104277466944783,"TOP3B"
6.42711888051553e-10,0.781621794011645,0.022,0.088,2.06638299127455e-05,"CRLF3"
3.91318787776714e-11,0.781554605897242,0.037,0.12,1.25812903458091e-06,"CEMIP"
5.15865828096697e-16,0.780101803705459,0.032,0.139,1.65856022391369e-11,"SCRIB"
2.51515526997411e-36,0.779927682641457,0.094,0.356,8.08647570849375e-32,"FPGS"
3.16013665298543e-13,0.77984218641515,0.016,0.095,1.01601553530134e-08,"AC027097.1"
2.01843829803145e-13,0.779305803950926,0.026,0.114,6.48948097200093e-09,"MALL"
1.73732727446977e-09,0.778811501612513,0.01,0.063,5.58568092014775e-05,"RNF157"
4.96906739792865e-07,0.778451823587147,0.016,0.061,0.0159760485910804,"PSMG3-AS1"
1.2051873151531e-09,0.777198707395264,0.011,0.066,3.87479773694872e-05,"TIPIN"
8.30191490717157e-12,0.777195030714219,0.02,0.094,2.66914866180473e-07,"MCM9"
3.36836725161862e-08,0.776817578290968,0.02,0.074,0.0010829637550679,"SEH1L"
8.71054105090701e-18,0.77550901345141,0.031,0.146,2.80052605327711e-13,"LAGE3"
3.53537714444355e-17,0.775392539106274,0.049,0.176,1.13665910571005e-12,"CACNB2"
3.44181289145683e-09,0.774889142709382,0.014,0.068,0.000110657726273229,"AL391422.3"
3.95237872353281e-06,0.774787653146654,0.016,0.055,0.127072928340303,"ZFP62"
1.42375925224281e-07,0.774422200890324,0.015,0.062,0.00457752837188587,"XKR8"
3.28974009276773e-13,0.774386798576476,0.031,0.121,1.05768433722575e-08,"JADE1"
3.28357664008782e-17,0.7743551842156,0.059,0.194,1.05570272555463e-12,"ABI2"
2.33353205743163e-07,0.774249437942523,0.01,0.052,0.00750253891784843,"F8A1"
3.04993140953269e-17,0.774006743528514,0.023,0.129,9.80583447478854e-13,"GPR183"
1.43924562889707e-06,0.773940566921949,0.014,0.054,0.0462731862146696,"AL355315.1"
3.67384956018876e-06,0.773939582740303,0.014,0.051,0.118117937209629,"SYCE2"
5.57518824376473e-19,0.773685303755701,0.04,0.168,1.7924787722528e-14,"SELENOO"
1.20558251053036e-11,0.773546386440414,0.015,0.084,3.87606832960617e-07,"PPIL3"
3.21010668693842e-06,0.773530147610141,0.017,0.058,0.103208140091757,"CLIC5"
3.51712168045951e-25,0.773457063672661,0.057,0.232,1.13078979148454e-20,"TAOK2"
2.80008180391013e-14,0.771987369777096,0.014,0.095,9.00254300775147e-10,"RBM47"
8.68855358384161e-10,0.771614336398018,0.017,0.078,2.79345686274091e-05,"H3F3C"
4.96934811765837e-10,0.771412825563423,0.026,0.095,1.59769511330834e-05,"AL451062.3"
1.75059476912173e-19,0.771132474508047,0.057,0.202,5.62833724220326e-15,"NPIPB12"
2.91995482053242e-22,0.770947890626881,0.028,0.164,9.38794674349377e-18,"DTL"
1.55343745359373e-11,0.770757494727948,0.03,0.11,4.99445675704919e-07,"TRMT1L"
5.66620959316256e-10,0.769564944487962,0.019,0.081,1.8217430462977e-05,"DUS2"
2.81340063538863e-14,0.767350480878424,0.021,0.109,9.04536438283799e-10,"BMX"
2.66801997754788e-09,0.767284544576265,0.02,0.08,8.57795102981419e-05,"MBTD1"
2.2057388234136e-14,0.766605200272998,0.033,0.132,7.09167089115705e-10,"AL049844.1"
1.0965473541108e-17,0.766555423390639,0.04,0.161,3.52550939820163e-13,"ZC3H14"
4.07674106739208e-10,0.765954404710759,0.026,0.095,1.31071302057723e-05,"TMEM91"
3.1255825518749e-26,0.765704241170613,0.058,0.239,1.0049060462533e-21,"UCKL1"
8.17222090299065e-12,0.765620862927841,0.017,0.089,2.62745074252052e-07,"ZNF12"
1.91602421343338e-11,0.765516245885516,0.019,0.09,6.16020944860965e-07,"MSTO1"
1.41532217909115e-11,0.765308148438934,0.025,0.101,4.55040233799596e-07,"CTBS"
3.74058102660221e-20,0.764269740095476,0.052,0.197,1.20263420586288e-15,"SHC2"
5.64771919390177e-21,0.764009904027101,0.049,0.197,1.81579819803136e-16,"ST3GAL1"
1.68231447037001e-14,0.763720023608916,0.025,0.117,5.40880925368663e-10,"CNOT3"
4.92393773438147e-06,0.76356102845285,0.02,0.061,0.158309522098099,"PRKCE"
1.48080938315143e-20,0.763206119025769,0.043,0.183,4.76095024777017e-16,"GATAD2B"
9.09983852927754e-09,0.763195765759039,0.011,0.062,0.000292568908554802,"MALT1"
1.7853414924119e-12,0.763166693735319,0.036,0.126,5.7400514322535e-08,"NR2C1"
3.84559059732369e-10,0.763070718895485,0.011,0.069,1.23639583294554e-05,"PRDM8"
1.36055080164868e-12,0.76306487645257,0.026,0.109,4.37430688238066e-08,"AL049829.2"
1.77728458073377e-29,0.762803480321589,0.08,0.298,5.71414765551715e-25,"RPL35P5"
5.47317824066382e-08,0.762718420198544,0.031,0.091,0.00175968153615582,"ISOC1"
1.01399553293321e-12,0.762538948702765,0.037,0.129,3.26009703793356e-08,"MGRN1"
1.67911190972038e-12,0.762229364868218,0.049,0.149,5.39851270094201e-08,"NPIPB5"
5.25169856782709e-10,0.761833743169686,0.016,0.077,1.68847360654209e-05,"ANKRD65"
4.78713269660734e-06,0.76085108144994,0.017,0.057,0.153911103328623,"LINC00342"
1.75454106284101e-07,0.760654109557476,0.02,0.069,0.00564102497114012,"APEX2"
2.23026284655221e-15,0.760336774395877,0.026,0.124,7.17051807795002e-11,"ITPR3"
1.59091050562672e-35,0.75842453492192,0.051,0.269,5.11493636664047e-31,"AC012640.4"
3.87449763073673e-25,0.758182119423692,0.082,0.278,1.24568973325817e-20,"RUNX1"
3.82474011369695e-22,0.758169849561361,0.037,0.179,1.22969219395471e-17,"MTR"
5.40322421139952e-14,0.756923404154466,0.031,0.126,1.73719061620706e-09,"EPC1"
4.99100482568421e-25,0.755703441472438,0.035,0.189,1.60465796150573e-20,"FITM2"
1.22043479653521e-05,0.75564468644893,0.016,0.052,0.392381991434034,"COL23A1"
3.88909985557456e-17,0.755610146816382,0.036,0.151,1.25038449456578e-12,"NR4A3"
1.02865987236552e-07,0.755308862607118,0.015,0.062,0.00330724435564239,"AC026786.1"
5.57299769341099e-13,0.755298634376566,0.041,0.137,1.79177448840857e-08,"AKNA"
2.22764027713306e-14,0.755099444199938,0.037,0.139,7.16208625501051e-10,"STX3"
2.72649646957341e-09,0.754848694707788,0.014,0.069,8.76595879932546e-05,"AC004223.3"
4.31671784676094e-20,0.754524356021911,0.036,0.167,1.38786795491211e-15,"MAN2A1"
1.25309593378492e-07,0.754228549872233,0.009,0.051,0.00402882873671189,"IL10RB-DT"
8.09053277259881e-17,0.754011350108248,0.04,0.156,2.60118719171824e-12,"TTC23"
1.35134689662931e-14,0.753819678156456,0.03,0.127,4.34471540735288e-10,"API5"
3.22261092346584e-08,0.753389442590378,0.012,0.061,0.0010361016380035,"GALK2"
3.00929509793453e-24,0.753331533013738,0.056,0.224,9.6751846693693e-20,"ARMCX2"
1.26990770943831e-13,0.752543666417402,0.035,0.13,4.0828802766151e-09,"AC007040.2"
4.08593503123196e-07,0.752399753282779,0.016,0.061,0.0131366897189139,"CWF19L1"
3.00999426707669e-08,0.752234461622949,0.031,0.092,0.000967743256807826,"PCDH1"
2.15474435544324e-19,0.752006858948712,0.051,0.19,6.92771857718556e-15,"TRIM22"
1.75562220050995e-11,0.750837945529198,0.025,0.101,5.64450093685954e-07,"RPL12P50"
1.24417955384639e-11,0.749893024644591,0.012,0.079,4.00016168357153e-07,"NDP"
2.40322233519556e-12,0.749831597359587,0.007,0.073,7.72660012988723e-08,"CEP290"
2.28297999967794e-12,0.749523598999467,0.036,0.125,7.34000899696455e-08,"EIF2B3"
1.38224386666869e-06,0.748421871987621,0.011,0.05,0.0444405225572652,"CDK11A"
1.51010064682455e-27,0.747932487985314,0.049,0.23,4.85512458960561e-23,"MECP2"
6.19429837273109e-24,0.747317886411374,0.053,0.219,1.99152886981677e-19,"KANSL1"
1.582363281267e-42,0.747311868164242,0.178,0.553,5.08745618560155e-38,"AC020916.1"
3.86719798000856e-12,0.747078773534764,0.033,0.12,1.24334282255255e-07,"JARID2"
2.72178829081241e-18,0.747063031494768,0.031,0.149,8.750821533791e-14,"C20orf27"
2.33359962613159e-19,0.746694612556561,0.042,0.174,7.50275615797568e-15,"PRG4"
8.51719972016189e-21,0.746692348206335,0.048,0.194,2.73836488202925e-16,"AP001107.1"
1.31787794432689e-11,0.745724544220238,0.022,0.097,4.2371093788054e-07,"GALNT10"
1.58391158201914e-14,0.745688646004484,0.033,0.133,5.09243412734974e-10,"NRBP2"
1.08912078392062e-28,0.745351929055425,0.038,0.214,3.50163223238319e-24,"VPS35L"
1.72535588167119e-09,0.745123863726336,0.031,0.1,5.54719169516106e-05,"NAALADL2"
2.40752719008648e-10,0.744560865967212,0.025,0.094,7.74044066884705e-06,"EEF1E1"
1.79274717247221e-20,0.744510902756086,0.053,0.2,5.7638614342154e-16,"ERC1"
2.98868253880318e-10,0.744388547020654,0.014,0.074,9.6089132305061e-06,"PDXDC2P-NPIPB14P"
1.23437791513414e-16,0.744089209417751,0.035,0.147,3.96864843494779e-12,"DGKH"
1.6733485539016e-17,0.743840020624099,0.028,0.14,5.37998293564903e-13,"TRIQK"
3.99482541335547e-08,0.743455723447858,0.01,0.056,0.00128437631864792,"SPATA2"
5.77951651140887e-09,0.74341949638398,0.023,0.084,0.000185817235358306,"SLC35D1"
4.85494287351682e-09,0.74310185487377,0.009,0.058,0.000156091268326439,"MTRF1L"
7.63710039564283e-08,0.743016396039712,0.019,0.069,0.00245540414820313,"ZC3H3"
2.95241229822987e-09,0.742790399703752,0.019,0.078,9.49230078003886e-05,"AC009139.2"
1.16736121916496e-24,0.742262825812551,0.074,0.261,3.75318305573727e-20,"TRAK1"
2.84122774889271e-07,0.74216197361322,0.012,0.056,0.00913483133546495,"DNAJC19P9"
4.21438753680643e-10,0.741971301616911,0.02,0.084,1.35496773695863e-05,"POLR2J3"
1.06891127450656e-27,0.741734265650385,0.062,0.253,3.43665663866603e-23,"NPLOC4"
1.40003491402267e-25,0.741642564398794,0.044,0.211,4.5012522520743e-21,"PUM3"
1.52788019535309e-14,0.74068773953688,0.023,0.115,4.91228761607973e-10,"MIRLET7A1HG"
2.82238390863485e-26,0.740330280990124,0.054,0.233,9.07424650465189e-22,"NFATC2"
2.38100499146897e-18,0.740311511787357,0.026,0.14,7.65516914807188e-14,"PIKFYVE"
1.03666288854134e-11,0.740253118266174,0.017,0.089,3.33297485294928e-07,"TERF2"
6.49143618694278e-11,0.740054618801827,0.022,0.093,2.08706164846397e-06,"FRMD4A"
5.36953141723936e-20,0.739919962742834,0.037,0.168,1.72635804595663e-15,"ME2"
1.21315198951046e-12,0.738711497208692,0.021,0.101,3.90040496147508e-08,"AL354989.1"
3.04569577234612e-08,0.73817069930379,0.011,0.059,0.000979221647766999,"TRIM24"
1.47766414722381e-23,0.738030512813406,0.033,0.179,4.75083799973928e-19,"FKBP15"
5.17623567469733e-22,0.737707293633708,0.056,0.213,1.66421153177194e-17,"ZNF335"
5.68437148837961e-13,0.736634342426479,0.023,0.107,1.82758227722893e-08,"AP003465.1"
4.69892789710383e-07,0.735958039749435,0.011,0.052,0.0151075230819785,"PXMP2"
5.32739249051977e-13,0.735630292408632,0.023,0.107,1.71280995962701e-08,"CRYZ"
6.59274040736578e-26,0.735526892417965,0.074,0.268,2.11963196837217e-21,"AC124319.2"
1.23716807473399e-11,0.73472884435607,0.021,0.095,3.97761907707726e-07,"PRKY"
2.28783723978294e-13,0.733854747779551,0.014,0.091,7.35562550962613e-09,"ZDHHC11B"
7.7196982798641e-10,0.733197439376411,0.015,0.074,2.48196019395911e-05,"AC003002.1"
8.89751028232459e-10,0.733144213603016,0.009,0.062,2.86063853087018e-05,"AC005288.1"
9.20101751688545e-40,0.732975911212727,0.085,0.355,2.95821914185384e-35,"TBC1D9B"
4.77612094362281e-13,0.732963230564466,0.026,0.112,1.53557064458417e-08,"DACH1"
1.92548197366989e-07,0.732705279510757,0.02,0.069,0.00619061709354607,"INTS6L"
6.0394821443923e-07,0.732702205340626,0.012,0.054,0.0194175390424357,"CASTOR3"
4.47800301046924e-13,0.732657875349982,0.025,0.109,1.43972274789596e-08,"MAP6"
1.69866735702974e-10,0.73230116063508,0.022,0.091,5.46138541958633e-06,"AC068831.4"
5.28263862109995e-19,0.732109453542493,0.023,0.138,1.69842114306984e-14,"EDEM1"
2.0318238591455e-09,0.731890333353333,0.017,0.076,6.53251688953871e-05,"DSN1"
2.97463281872234e-08,0.731059484113635,0.017,0.07,0.00095637419754742,"C3orf14"
1.88980275174354e-11,0.73073398803948,0.027,0.105,6.07590482713065e-07,"LINC00623"
1.25253446109913e-07,0.730479863187796,0.009,0.051,0.0040270235458798,"SLC31A2"
1.3344671746657e-14,0.730314208605362,0.028,0.124,4.2904454132677e-10,"ULK3"
1.48873411395312e-20,0.729908814049279,0.04,0.176,4.78642904977067e-16,"AC233992.1"
1.98220812649455e-22,0.729802114846008,0.042,0.19,6.37299734749263e-18,"HOOK3"
2.2916177573752e-16,0.729397802512694,0.042,0.158,7.36778025173699e-12,"AC118549.1"
8.53229550133305e-10,0.729332732181691,0.015,0.074,2.74321832663359e-05,"GAS1RR"
7.74419212753379e-26,0.729324646793869,0.047,0.217,2.48983521092339e-21,"CCDC73"
2.64384134528055e-07,0.727789273624365,0.015,0.06,0.00850021430921148,"MAPK11"
4.40071712470817e-11,0.727158044789557,0.028,0.105,1.41487456276492e-06,"ATM"
8.33389839501536e-06,0.726464375085419,0.015,0.051,0.267943167298139,"METTL8"
1.11570597238888e-16,0.72583563987781,0.026,0.131,3.58710627182749e-12,"NAALADL1"
3.28576544480774e-13,0.725589510113896,0.031,0.121,1.05640644816014e-08,"TSNAXIP1"
5.9953270016578e-07,0.725523197441696,0.015,0.058,0.01927557584303,"GALE"
4.06161334691467e-10,0.725264840150884,0.021,0.087,1.30584930716654e-05,"AP000757.1"
8.7296283333318e-24,0.725199281570818,0.058,0.227,2.80666280544951e-19,"AC008537.1"
4.52781117656614e-32,0.725048272097965,0.077,0.303,1.45573657137778e-27,"CELF2"
7.0442857692536e-08,0.724670651114358,0.022,0.076,0.00226480831767272,"IRF1"
1.92792112740329e-11,0.724503933337592,0.025,0.101,6.19845921671431e-07,"CLEC16A"
1.33249598302406e-13,0.723655365759692,0.03,0.121,4.28410783502065e-09,"ODR4"
5.52950403761464e-25,0.723581140046657,0.059,0.235,1.77779084313348e-20,"RALGAPA2"
3.63575953477893e-07,0.723143700208163,0.014,0.057,0.0116893304802677,"AC134043.2"
2.0546891761833e-09,0.722607980381657,0.017,0.076,6.60603117034691e-05,"RPS26P11"
1.81566557380605e-22,0.722600233866775,0.051,0.206,5.83754638634385e-18,"MOGS"
1.3624154127018e-16,0.722528515296526,0.023,0.126,4.38030179337754e-12,"EP400"
6.38897275315791e-14,0.722380307285364,0.027,0.119,2.0541186298678e-09,"USP40"
4.68591235850014e-15,0.721179388876467,0.023,0.118,1.50656768238138e-10,"CTPS2"
7.71523144061136e-37,0.721162216805911,0.292,0.765,2.48052406047096e-32,"FP671120.1"
4.76766650524177e-08,0.720996099225549,0.011,0.058,0.00153285245810028,"SHF"
7.07143376147869e-09,0.720542602442549,0.016,0.071,0.000227353666865301,"THEM4"
5.87159390469543e-20,0.719628448728189,0.037,0.169,1.88777615629863e-15,"MAMDC4"
3.55811240227752e-10,0.719414011598092,0.017,0.08,1.14396871845625e-05,"SLC25A43"
1.02132412086212e-22,0.719357225538636,0.04,0.187,3.2836591809838e-18,"STAG1"
5.69153791231916e-15,0.719231105156206,0.014,0.099,1.82988635418973e-10,"REXO4"
2.12285022045308e-12,0.718511523434424,0.031,0.117,6.82517574377869e-08,"PPIL2"
9.44470688318462e-08,0.718331982441943,0.021,0.073,0.00303656771001269,"AC025627.1"
1.62871564128067e-10,0.718321432008301,0.015,0.078,5.23648365828149e-06,"LANCL2"
2.39118218113931e-15,0.717607199794615,0.035,0.14,7.687889830581e-11,"BCL6B"
1.74210998887918e-13,0.717395413475419,0.027,0.116,5.60105782524546e-09,"LINC02603"
8.95914207853342e-08,0.717120361305387,0.014,0.061,0.00288045376966928,"CYP2C23P"
3.57475592364462e-12,0.717084150536655,0.012,0.082,1.14931977701098e-07,"PMS1"
1.05737910713341e-07,0.715796298258271,0.017,0.067,0.00339957956734464,"UMAD1"
2.02360325226005e-10,0.715668431675102,0.02,0.086,6.50608681634127e-06,"AC103591.3"
2.32546341139917e-08,0.71471677021025,0.012,0.062,0.000747659741398949,"CEP97"
6.04744290586462e-34,0.714346001741249,0.08,0.318,1.94431336866453e-29,"PRKAA1"
6.59621118770997e-14,0.714142326746057,0.028,0.121,2.12074785896063e-09,"PPIL4"
1.38161982533323e-09,0.714010505186155,0.019,0.079,4.44204590042887e-05,"UAP1L1"
1.38600528501674e-37,0.713935368053321,0.148,0.468,4.45614559185731e-33,"MT-TL1"
3.68390897876393e-13,0.713312536439237,0.022,0.106,1.18441357576239e-08,"AACS"
8.79024699880831e-16,0.712170374228505,0.022,0.119,2.82615231258686e-11,"NR1D2"
7.44145996912256e-18,0.712039097404892,0.028,0.142,2.3925037946726e-13,"TRPS1"
2.17520823643061e-07,0.710764276405335,0.015,0.061,0.00699351200094807,"RHPN1"
2.59246519498096e-15,0.710468601319224,0.026,0.124,8.33503484838329e-11,"C18orf25"
1.04385313019387e-30,0.71025345709021,0.043,0.232,3.3560921988863e-26,"CFDP1"
2.24945372592848e-21,0.710177690669825,0.042,0.185,7.23221867423267e-17,"ABCC5"
3.8114971457226e-09,0.709974382374251,0.022,0.083,0.000122543444732127,"KRBOX4"
6.38166219222203e-36,0.709696628754899,0.082,0.33,2.0517682114213e-31,"CRISPLD2"
1.45049677414723e-18,0.709316152504154,0.026,0.141,4.66349217856077e-14,"TPP2"
3.78230262947709e-08,0.709283244075533,0.011,0.058,0.00121604811840318,"FAM27C"
3.17202238389435e-07,0.708600219298191,0.012,0.055,0.0101983691664587,"AL355987.1"
1.02674665711164e-07,0.708310166567277,0.011,0.056,0.00330109317727964,"MOSPD1"
1.08897754423104e-16,0.708304609449946,0.027,0.133,3.50117170245722e-12,"INPP4B"
1.56025811564097e-10,0.708235920910801,0.016,0.08,5.01638586759728e-06,"SSPN"
4.34518798963272e-28,0.708144166212021,0.054,0.241,1.39702139054682e-23,"MITF"
2.37635260811739e-08,0.707802823195372,0.007,0.052,0.000764021127035823,"AL365203.2"
2.99859927513127e-27,0.70779185111832,0.066,0.258,9.64079652947454e-23,"TRIB1"
1.42679131821692e-15,0.707777719658125,0.03,0.132,4.58727676719922e-11,"TOMM40"
5.1455967136332e-08,0.707646652759959,0.009,0.053,0.00165436079940021,"RPS6KL1"
2.43321493768609e-11,0.707267762188546,0.022,0.096,7.82302934615455e-07,"FAM122B"
1.51287161964154e-21,0.707171086948748,0.049,0.2,4.86403354430953e-17,"CCDC14"
2.93521599510793e-06,0.706986507588555,0.012,0.05,0.0943701294587152,"FASTKD1"
6.39217284780832e-30,0.706619780337536,0.043,0.229,2.05514749229885e-25,"GSE1"
8.02907482094803e-13,0.706541578171987,0.032,0.121,2.581427845683e-08,"MACROD2"
2.91902264394572e-18,0.706365175842612,0.033,0.152,9.38494970254988e-14,"SIN3A"
3.23776528094093e-14,0.7060342638869,0.027,0.12,1.04097391547532e-09,"AC126773.2"
5.07294407113479e-11,0.705450000611911,0.04,0.124,1.63100224831055e-06,"ZNF317"
2.66441412116151e-12,0.705272495676137,0.033,0.12,8.56635784094637e-08,"NABP1"
9.91736649966283e-08,0.70505579503384,0.009,0.051,0.0031885325033066,"MIR193BHG"
7.69385055170229e-10,0.704668525295653,0.021,0.085,2.4736498908778e-05,"KLHL26"
2.24758282714632e-05,0.704317326884949,0.019,0.055,0.722620354755814,"ATAD2B"
2.11662531859181e-16,0.703893623523418,0.031,0.139,6.80516206180453e-12,"ARHGEF15"
4.52879692576216e-14,0.703875978595533,0.027,0.119,1.45605349960179e-09,"NOVA1"
3.1739661099286e-07,0.703615918160966,0.01,0.051,0.0102046184400314,"SPTY2D1"
1.11360416083365e-08,0.702629871550998,0.016,0.07,0.000358034873749627,"C9orf64"
2.40280774789454e-19,0.702290060175261,0.038,0.168,7.72526719025573e-15,"EXOC1"
4.99080426684722e-27,0.702229695552647,0.049,0.227,1.60459347983405e-22,"NPIPB4"
3.08014530850192e-28,0.701997063621411,0.046,0.226,9.90297518136454e-24,"BRF1"
1.38969374665334e-10,0.701407143430096,0.021,0.089,4.46800436486516e-06,"CCDC74BP1"
8.95361252715743e-10,0.700330761012533,0.019,0.08,2.87867596360638e-05,"AC120057.3"
5.73438678427023e-26,0.700211116999612,0.069,0.259,1.84366269501072e-21,"CSGALNACT1"
2.36808275495979e-06,0.699664727790518,0.017,0.059,0.0761362286547121,"NPAS2"
2.65834115143458e-17,0.699427385884332,0.021,0.125,8.54683263597731e-13,"ZNF518A"
8.27667038727768e-12,0.699289614298509,0.017,0.089,2.66103229621365e-07,"CLIC6"
7.73646009844039e-08,0.699056512370214,0.01,0.054,0.00248734928624957,"AP001922.5"
3.86942633406007e-09,0.697954312392925,0.017,0.075,0.000124405926066365,"PAXBP1"
4.77537712463199e-09,0.697711145462035,0.022,0.083,0.000153533149934043,"AL356481.1"
1.6928462211862e-19,0.697200273471682,0.043,0.177,5.44266988573574e-15,"SPSB1"
8.01094111938821e-13,0.696787778074364,0.031,0.119,2.5755976792945e-08,"PHF20L1"
7.37034510694467e-08,0.695022265364614,0.011,0.057,0.00236963965533378,"BMPR1B"
8.24129135836429e-07,0.694967296963699,0.016,0.059,0.026496575846277,"MACROD1"
6.23871929618119e-19,0.694936356397657,0.042,0.172,2.00581064091521e-14,"AL021026.1"
6.93090189821533e-08,0.694754898501816,0.017,0.068,0.00222835426929521,"AL359736.1"
3.84897803059715e-15,0.694605717813378,0.023,0.118,1.23748492661729e-10,"FAM89A"
4.93671672129393e-25,0.693922087997077,0.061,0.238,1.58720379306321e-20,"CCDC39"
1.46243664110158e-22,0.693693682309118,0.042,0.191,4.7018800448057e-18,"ARHGAP21"
5.61242702682857e-14,0.693582799340562,0.014,0.094,1.80445141339565e-09,"TARSL2"
1.92514464319081e-07,0.693392668986028,0.009,0.05,0.00618953254232277,"IPMK"
3.07224144179038e-14,0.693269424165736,0.04,0.142,9.87756345950024e-10,"MBD4"
4.56352669245444e-18,0.693241913591457,0.028,0.143,1.46721946689103e-13,"TAF12"
3.27411424467146e-19,0.6928841928486,0.037,0.164,1.05266047080432e-14,"CEP89"
1.79925348747597e-10,0.692404380452108,0.025,0.095,5.78477988758399e-06,"PLPP5"
4.2417791267593e-09,0.69231040671464,0.021,0.081,0.000136377440704438,"PDE3B"
9.58117398124743e-20,0.691257371961174,0.036,0.165,3.08044324671086e-15,"XPNPEP1"
3.75976816453333e-11,0.691060207391585,0.027,0.103,1.20880306257911e-06,"FANCC"
2.6890358130495e-11,0.690713826859531,0.033,0.115,8.64551904253544e-07,"SERPINF2"
1.65655142394239e-13,0.69062463789697,0.027,0.116,5.32597848311718e-09,"C5orf51"
1.36607251700358e-14,0.69001807996291,0.023,0.116,4.39205974941821e-10,"TKTL1"
7.26078174276714e-25,0.689554434687693,0.062,0.239,2.33441393811706e-20,"UBR4"
8.57137219118184e-29,0.688657129069332,0.042,0.222,2.75578187318687e-24,"ITGA5"
1.8023839161184e-22,0.688183491471491,0.064,0.231,5.79484452871226e-18,"RGS16"
9.00962183867163e-17,0.688077002499988,0.033,0.145,2.89668351735132e-12,"PAICS"
1.80942076855688e-09,0.687651470002614,0.023,0.087,5.81746871298721e-05,"AC009052.1"
8.26912199620581e-18,0.687461582592917,0.026,0.137,2.65860541300013e-13,"AC104825.1"
9.73545706851789e-15,0.686681537697886,0.04,0.145,3.13004680209919e-10,"SMG1"
2.71794876324329e-09,0.686121269256415,0.021,0.082,8.73847706870351e-05,"USP35"
6.46234175473959e-29,0.685945698727266,0.085,0.303,2.07770749756633e-24,"JMJD1C"
3.67709973488491e-14,0.685606881632421,0.026,0.118,1.18222433576285e-09,"NAF1"
2.75581346523158e-17,0.685420861252913,0.026,0.134,8.86021587206607e-13,"PARP4"
9.78165605988569e-14,0.685298421167459,0.022,0.109,3.14490023981385e-09,"MAPKAPK5-AS1"
1.14222390458823e-11,0.684048799431705,0.03,0.111,3.6723640756416e-07,"CPSF3"
9.22656947313783e-28,0.68329576294737,0.048,0.228,2.96643435130855e-23,"BDH2"
1.25980235232693e-37,0.682954668598422,0.161,0.492,4.05039054296632e-33,"FTX"
5.66740408878863e-10,0.682518441194464,0.022,0.088,1.82212708858643e-05,"NHS"
2.85554068347112e-30,0.682370064778981,0.066,0.273,9.18084885142799e-26,"ADGRL2"
2.55902592543423e-09,0.682272912842923,0.012,0.067,8.22752425286361e-05,"RBBP5"
8.48371601886011e-10,0.681981119505579,0.017,0.078,2.72759953722371e-05,"RPS6KB1"
7.55415302382563e-16,0.681900571278142,0.032,0.138,2.42873573869018e-11,"MYO6"
6.50018795138194e-08,0.681855729074173,0.014,0.061,0.00208987542824881,"RPL24P4"
7.44414885257234e-13,0.681781475672184,0.032,0.122,2.39336829759053e-08,"SDHAP1"
1.26787015480308e-12,0.681497904350741,0.028,0.114,4.07632933470738e-08,"SCAF4"
3.05226564476686e-26,0.681432244214968,0.054,0.232,9.81333927448993e-22,"RREB1"
3.30068883235907e-24,0.681349148448426,0.035,0.185,1.06120446649177e-19,"RNF4"
2.08558017944398e-24,0.681077127389673,0.049,0.214,6.70534883493033e-20,"NOL9"
5.39288003692809e-17,0.68082084312314,0.021,0.123,1.73386486067275e-12,"KIF3C"
5.85829453814185e-07,0.680544693643568,0.011,0.052,0.0188350027695799,"AC025917.1"
1.11778576572181e-07,0.680284365950675,0.014,0.06,0.00359379301537219,"MRPL30"
7.587720293372e-08,0.680235039566896,0.016,0.065,0.00243952795152203,"DGCR8"
3.51551738438368e-09,0.680162744824842,0.012,0.066,0.00011302739942532,"CKMT2"
2.27482095324354e-09,0.679866736337211,0.012,0.067,7.31377684677332e-05,"ATG4A"
2.88251672145702e-23,0.678978031591477,0.038,0.187,9.26757951115647e-19,"ZNF853"
4.50580183583398e-08,0.67842685832052,0.022,0.077,0.00144866034823898,"KPNA5"
4.73439387464882e-11,0.678240860853371,0.026,0.101,1.52215497463834e-06,"VRK2"
2.37698290202248e-36,0.678089777177738,0.109,0.384,7.64223772829247e-32,"EBF1"
1.81225526809056e-41,0.677148987027495,0.252,0.706,5.82658191243795e-37,"FAM177B"
3.48264375604551e-15,0.676737019414583,0.021,0.114,1.11970479400619e-10,"VIT"
6.84083736928566e-22,0.67651088684039,0.033,0.171,2.19939762259903e-17,"ZC3H15"
6.01127651455502e-12,0.676329263581508,0.02,0.095,1.93268551219459e-07,"STK35"
7.61220037821094e-15,0.676279340315755,0.027,0.124,2.4473985435986e-10,"ZNF333"
1.65652162201012e-07,0.676114985917328,0.012,0.057,0.00532588266692473,"FKBP11"
6.07736796700347e-09,0.675933007896394,0.012,0.065,0.000195393457507129,"AC012184.1"
3.51097031407655e-13,0.675700496797721,0.026,0.112,1.12881206567875e-08,"RPS6KB2"
8.05340164283049e-09,0.674808200609782,0.016,0.071,0.000258924916218643,"AC018630.2"
3.99303403003646e-14,0.674222186054503,0.033,0.131,1.28380037099702e-09,"CUTALP"
4.56185427225598e-11,0.673657426642935,0.016,0.083,1.46668176707302e-06,"CHCHD6"
9.65176179991788e-11,0.673055518885501,0.011,0.072,3.1031379362916e-06,"TMC8"
3.89953207338062e-11,0.672966386302611,0.017,0.086,1.2537385569126e-06,"BCKDHA"
1.14498978882852e-22,0.672787906342153,0.028,0.166,3.68125667006256e-18,"USP15"
1.22988270593377e-15,0.672673864215258,0.03,0.132,3.95419588784767e-11,"STXBP1"
1.62434658425753e-08,0.672653053361856,0.019,0.073,0.000522243670304638,"SLC36A4"
1.52672380568883e-09,0.67263522940105,0.028,0.096,4.90856970767015e-05,"DNM3"
1.36544107433826e-15,0.672573902747634,0.022,0.118,4.39002959810494e-11,"FAM98B"
2.51344107718109e-15,0.672446284971339,0.025,0.122,8.08096440724491e-11,"VPS8"
1.43531598061687e-23,0.672398032265439,0.062,0.233,4.61468440928129e-19,"ABCD4"
1.85937737646682e-17,0.672303441209946,0.038,0.158,5.97808420307847e-13,"ITGB3BP"
2.93774283250995e-09,0.672253349466389,0.011,0.064,9.44513698080274e-05,"SOX6"
7.57147468863188e-24,0.672033005147711,0.043,0.2,2.43430482714204e-19,"GALM"
4.61993802864071e-44,0.671934974360591,0.151,0.505,1.48535627558828e-39,"RND3"
6.1946544515752e-16,0.671834876226054,0.031,0.136,1.99164335272594e-11,"HES4"
1.05719873413177e-23,0.671151855625486,0.031,0.175,3.39899965010705e-19,"PPM1K"
1.06160440843405e-10,0.67107742930791,0.025,0.096,3.41316433355632e-06,"ANKS3"
6.74251811631392e-14,0.670647522018918,0.019,0.103,2.16778699957609e-09,"WDR76"
9.25434933938391e-18,0.670283207381363,0.04,0.162,2.97536585610532e-13,"AC090114.3"
6.69619763401023e-06,0.67024731959255,0.015,0.052,0.215289450131063,"AC123768.3"
2.74133883075332e-08,0.669532685791724,0.022,0.078,0.000881367847475501,"SNHG11"
1.37414658558799e-23,0.669141023200863,0.042,0.196,4.41801868732394e-19,"EXT1"
2.1004921718868e-17,0.668711176481255,0.023,0.13,6.75329238183326e-13,"IFT122"
1.09023943996858e-17,0.668226157389598,0.035,0.152,3.50522882344298e-13,"STARD9"
1.2680213564032e-16,0.667815095268591,0.033,0.144,4.07681546297193e-12,"POLA1"
1.8680522889703e-47,0.667635236213682,0.166,0.55,6.00597491426841e-43,"CDC37"
2.29166789509042e-25,0.666846224571578,0.047,0.214,7.3679414495052e-21,"SYNC"
1.33956241310208e-08,0.666344377533506,0.009,0.056,0.000430682711436451,"CLN6"
9.47758590907726e-14,0.665721199191565,0.019,0.102,3.04713864562743e-09,"MRPL45"
1.45449414761652e-07,0.66557021241473,0.017,0.066,0.00467634413400189,"MOSMO"
1.25375642916565e-09,0.665536772804034,0.021,0.084,4.03095229541047e-05,"ZNF121"
5.16381002596977e-12,0.665045947643029,0.011,0.079,1.66021656144954e-07,"AC087164.2"
7.10427946684771e-15,0.664266029904387,0.032,0.133,2.28409689138621e-10,"RAB3IL1"
1.43200820227459e-25,0.663185197598266,0.048,0.218,4.60404957113303e-21,"AC058822.1"
1.10421514905676e-26,0.662766753622942,0.053,0.233,3.55016212573239e-22,"FAM217A"
3.7878494015394e-34,0.662532920206251,0.094,0.347,1.21783146108893e-29,"AC064799.2"
3.2542042590374e-42,0.662279137805638,0.169,0.534,1.04625921132312e-37,"AKR1C1"
2.98888904984254e-07,0.662114200309994,0.02,0.068,0.00960957718414874,"AL732372.2"
7.94149657187222e-21,0.660851562057053,0.042,0.182,2.55327056282264e-16,"RPS15AP38"
1.49931713227352e-33,0.660767163780567,0.079,0.314,4.82045451197261e-29,"COL5A2"
5.40082531096843e-24,0.660597039655243,0.046,0.205,1.73641934572946e-19,"FRG1HP"
5.29241700495499e-16,0.659958690633335,0.027,0.13,1.70156499126308e-11,"TCERG1"
2.56251648286721e-09,0.659869958704468,0.019,0.078,8.23874674406638e-05,"RTKN"
2.00473549898669e-15,0.659667175522054,0.026,0.124,6.4454251027921e-11,"SNAP29"
1.4248561008788e-08,0.659658158264561,0.014,0.065,0.000458105484993542,"RNF216P1"
2.28386076370961e-09,0.659506711714422,0.012,0.067,7.34284074140278e-05,"GARNL3"
2.68252629002514e-06,0.658536219756345,0.012,0.05,0.0862459027505982,"GSTT2"
1.90754138693022e-14,0.658366540927645,0.023,0.115,6.13293631311936e-10,"SLC5A2"
1.13284606564212e-09,0.657715841441989,0.017,0.078,3.64221338564599e-05,"LINC02035"
1.58000450648739e-06,0.657283575812283,0.012,0.051,0.0507987248880761,"LRFN4"
1.90677611208581e-19,0.656742437358175,0.048,0.186,6.13047587796709e-15,"AC010531.1"
1.11002011991775e-16,0.656321855558971,0.031,0.14,3.56882568754754e-12,"NSD1"
6.35586753618121e-28,0.65599409222226,0.058,0.248,2.04347497155762e-23,"MAGI2"
1.0364084105157e-07,0.655103123004948,0.01,0.053,0.00333215668064902,"ZNF680"
7.7574169965515e-18,0.654934696472953,0.016,0.118,2.49408713856127e-13,"RANBP10"
1.49393623025851e-14,0.654926533241621,0.019,0.106,4.80315437390412e-10,"ALS2"
8.82822198562117e-09,0.654604360547613,0.016,0.07,0.000283836165059706,"SLC25A40"
1.09577689315315e-21,0.654494740215929,0.043,0.189,3.52303228917668e-17,"PTPRK"
5.42565225523414e-07,0.654430610634763,0.014,0.056,0.0174440145658033,"HSPBAP1"
2.86537492630506e-16,0.654405245290558,0.038,0.151,9.2124669255634e-12,"ZNF131"
7.04940622088585e-14,0.654141809555001,0.012,0.091,2.26645459407701e-09,"C6orf136"
1.9084887028972e-22,0.654127776073613,0.053,0.211,6.13598202868479e-18,"GADD45A"
1.43566738964141e-10,0.654124024069894,0.023,0.094,4.61581422443609e-06,"INTS6"
1.22986147767817e-14,0.653882884155905,0.026,0.12,3.95412763688307e-10,"LRRC17"
4.63350712874489e-30,0.653725918491962,0.187,0.501,1.48971887696277e-25,"CLDN5"
5.36347048389333e-10,0.653684523970491,0.02,0.084,1.72440939527654e-05,"AC098820.1"
7.87112349735962e-08,0.653160941319058,0.009,0.052,0.00253064491563609,"MRAP2"
1.98417867015527e-39,0.652906892892919,0.064,0.313,6.37933284241621e-35,"CLPP"
1.18250969499879e-15,0.652596818307159,0.017,0.109,3.80188692039062e-11,"SLC35B4"
3.26851936116579e-30,0.65257759477654,0.07,0.282,1.05086165980841e-25,"FLI1"
5.98809474986595e-43,0.652565247623083,0.106,0.411,1.9252323430294e-38,"ERGIC1"
1.19372452405931e-08,0.652535974377292,0.022,0.08,0.00038379437173031,"SDE2"
1.02530477621211e-12,0.652377903922229,0.033,0.123,3.29645738599954e-08,"NAT10"
1.47269832207062e-06,0.652258562542364,0.02,0.064,0.0473487237528926,"GMNN"
9.62017662540499e-17,0.652163729866087,0.017,0.115,3.09298298683396e-12,"ARMC2"
5.90140260909299e-17,0.652023230117883,0.025,0.13,1.89735995284949e-12,"TCAIM"
2.26426256927938e-41,0.651727217698923,0.195,0.581,7.27983058649013e-37,"CTSK"
9.52367349195349e-09,0.650674821161835,0.02,0.077,0.000306195626439797,"FANCA"
5.41489871974454e-16,0.649962512360627,0.028,0.132,1.74094408738507e-11,"NBPF20"
3.70899882308022e-07,0.649940461703015,0.016,0.061,0.0119248021160852,"STXBP6"
2.06984258414033e-10,0.649880160197534,0.027,0.099,6.65475089226958e-06,"NSD2"
1.50546534343933e-14,0.649642817562886,0.027,0.122,4.84022162569179e-10,"STYX"
1.15522428719496e-10,0.649606193819344,0.017,0.083,3.71416160576051e-06,"SHQ1"
1.84756476877342e-09,0.649588810471759,0.025,0.089,5.94010548808341e-05,"ZDHHC15"
9.79331826979219e-14,0.64901629593847,0.033,0.129,3.14864975692089e-09,"ZBTB44"
3.92984490904259e-21,0.649002887227768,0.036,0.172,1.26348443670628e-16,"LHFPL2"
1.11168889640957e-19,0.648908837722666,0.052,0.194,3.57419097084641e-15,"AC068587.4"
6.91497391071728e-10,0.648871249828109,0.021,0.085,2.22323326203471e-05,"AC004241.1"
3.58323860195179e-07,0.648688699653799,0.016,0.061,0.0115204704291352,"HOXD3"
2.66118490213404e-20,0.648556727436406,0.054,0.202,8.55597557885117e-16,"PLEKHM2"
4.77428944581937e-15,0.648541323898265,0.016,0.104,1.53498179972538e-10,"KCTD18"
2.93888092168348e-13,0.648532694006218,0.019,0.099,9.44879605130455e-09,"SETMAR"
2.37045176574036e-14,0.648029490184832,0.028,0.123,7.62123947203183e-10,"ALG9"
7.17298080815791e-08,0.647890079214538,0.009,0.052,0.00230618505963085,"HOXB2"
1.58732092425772e-11,0.647886250705077,0.014,0.081,5.10339550358101e-07,"DZIP3"
5.35445809548777e-12,0.647802732563662,0.03,0.112,1.72151182228027e-07,"PFKFB2"
1.30704857974416e-19,0.647059090342368,0.381,0.859,4.20229188873544e-15,"MT-TQ"
2.92856773734267e-29,0.646977053568375,0.053,0.245,9.41563813233042e-25,"IP6K2"
4.25613699973353e-16,0.646890852517537,0.042,0.157,1.36839060678433e-11,"AC015802.6"
3.53865483589637e-11,0.646489921500182,0.014,0.079,1.13771291628904e-06,"MTHFS"
4.36652911951671e-08,0.646454316428429,0.016,0.067,0.00140388277721582,"PTGFR"
8.03803037562171e-19,0.646321474003364,0.037,0.163,2.58430714606613e-14,"CNGB3"
7.82235883005474e-13,0.646115992023455,0.02,0.099,2.5149665874509e-08,"OPA3"
3.04032488146547e-43,0.645920719123226,0.1,0.397,9.77494852639962e-39,"DYNC1I2"
5.1621673207607e-16,0.645721873305455,0.025,0.125,1.65968841529777e-11,"RASA1"
1.36000627833554e-17,0.6454325534976,0.041,0.163,4.37255618547659e-13,"ANKDD1A"
2.43763650553334e-10,0.645146906752363,0.016,0.079,7.83724512894025e-06,"PAXIP1"
2.67002994579306e-15,0.644048235193715,0.031,0.133,8.58441327871926e-11,"PIAS3"
1.6692802325059e-09,0.643993154533957,0.019,0.079,5.36690287552971e-05,"ERCC2"
1.86564071802406e-24,0.643677660741898,0.07,0.253,5.99822147251915e-20,"BAHCC1"
6.02316170451755e-25,0.64353001561593,0.051,0.219,1.93650671961944e-20,"FAM13B"
8.87018901908495e-19,0.643152457318006,0.028,0.146,2.851854471526e-14,"ERICH1"
8.565919849165e-26,0.643107347361703,0.051,0.223,2.75402889070504e-21,"SERPINA3"
4.00131759619525e-20,0.643049973081586,0.037,0.169,1.28646362035273e-15,"MDN1"
1.32115350065641e-13,0.642616337428813,0.026,0.114,4.24764061996043e-09,"FHOD1"
8.02508269349339e-08,0.642598194717588,0.009,0.052,0.00258014433678506,"OCLN"
6.26568307614839e-13,0.641931671443518,0.016,0.093,2.01447976581247e-08,"ASL"
5.43230209919038e-24,0.641216395602695,0.043,0.2,1.7465394479107e-19,"GRIPAP1"
2.0139638442393e-16,0.64093474069154,0.021,0.12,6.47509515561378e-12,"RWDD4"
5.7285987433489e-05,0.640728269175296,0.017,0.05,1,"NR1I3"
8.44439747444342e-24,0.640635121295426,0.059,0.229,2.7149582320083e-19,"RAB23"
2.16046383870366e-21,0.640160711967984,0.022,0.148,6.94610728781615e-17,"NCOA5"
9.70095181534136e-09,0.639267635841115,0.023,0.083,0.00031189530181504,"SMC6"
1.98862020903473e-14,0.639199424954595,0.015,0.098,6.39361283406756e-10,"CENPC"
9.71789513694855e-19,0.639145251158398,0.03,0.149,3.12440046548033e-14,"PDIA5"
3.46557098837708e-20,0.639123292621524,0.041,0.177,1.11421572847311e-15,"WEE1"
2.95888377192767e-13,0.639071439681921,0.022,0.106,9.51310721512466e-09,"RBAK-RBAKDN"
7.26422189066198e-11,0.637010013326779,0.022,0.093,2.33551998006673e-06,"C12orf75"
8.82464163629166e-12,0.637008563803904,0.023,0.1,2.83721053248413e-07,"ZNF507"
1.98163461010893e-51,0.63667174397691,0.163,0.565,6.37115343496122e-47,"AP002954.1"
3.94365013876168e-19,0.636289330650754,0.058,0.202,1.26792295611327e-14,"PCED1A"
5.31293094353873e-17,0.635892140039003,0.038,0.155,1.70816042765714e-12,"INAFM1"
1.22003157621219e-13,0.635503176588842,0.021,0.106,3.92252352067982e-09,"GARS-DT"
7.34954864341274e-25,0.635447805658591,0.052,0.221,2.36295338434363e-20,"WDR38"
3.1601284031927e-24,0.635128935554752,0.082,0.272,1.01601288291048e-19,"CDC25B"
3.86205170652015e-16,0.634963345781004,0.019,0.114,1.24168824416329e-11,"ACP6"
3.51520626930665e-17,0.633956442182926,0.048,0.174,1.13017396764478e-12,"CLK2"
4.6294439590392e-13,0.633630092713257,0.027,0.114,1.48841252727069e-08,"PDCL3"
4.12762514907016e-16,0.63361035693418,0.025,0.126,1.32707276167755e-11,"MYO15B"
8.01063883505812e-08,0.633539096685247,0.009,0.052,0.00257550049185953,"ATXN7L1"
1.08423594536018e-17,0.632839227755335,0.043,0.168,3.4859269879275e-13,"ZNF384"
9.54196743624818e-09,0.63276197887741,0.022,0.081,0.000306783795042815,"DNAJC11"
3.10892056656592e-13,0.632679574115922,0.032,0.124,9.99549051356609e-09,"NTMT1"
8.08798713035449e-14,0.632549892617611,0.023,0.111,2.60036874228027e-09,"TRPM4"
5.05793961488774e-26,0.632455692496148,0.054,0.232,1.62617816558256e-21,"IRF7"
2.29884732984853e-19,0.631882703994529,0.031,0.154,7.391024050196e-15,"TMEM204"
1.94862590524249e-12,0.631661947743923,0.022,0.102,6.26502714794514e-08,"SLC4A1AP"
2.39569136757139e-13,0.631559321058482,0.027,0.116,7.70238731587878e-09,"AC022098.1"
1.42760623118067e-32,0.631444264424267,0.087,0.325,4.58989679386896e-28,"NBPF15"
1.33079772934794e-25,0.631397492072129,0.043,0.208,4.27864777962655e-21,"AL354740.1"
2.83161265629329e-18,0.631371498448689,0.035,0.155,9.10391785124855e-14,"STC1"
8.48850287036813e-11,0.630620865346837,0.017,0.084,2.72913855785206e-06,"MEN1"
1.32082097785726e-15,0.630296878789563,0.027,0.128,4.24657152590887e-11,"AGTPBP1"
1.07840875759068e-24,0.63002288282003,0.052,0.22,3.46719199652981e-20,"TMX3"
1.80100240832071e-20,0.630007197222204,0.037,0.171,5.7904028429919e-16,"ZNF496"
3.52550179710007e-09,0.6299855969906,0.017,0.075,0.000113348408278564,"AC027612.1"
1.14368519024055e-13,0.629848403167344,0.023,0.111,3.67706225514239e-09,"TESK2"
1.38142028649043e-13,0.629688368009056,0.033,0.128,4.44140436309538e-09,"PREP"
2.06019041527997e-12,0.629535547593795,0.017,0.092,6.62371820416665e-08,"AC005562.1"
8.36232198051917e-21,0.629419012296033,0.041,0.179,2.68857013995672e-16,"NMRK1"
9.51022629810311e-31,0.629240792607709,0.079,0.301,3.05763285710313e-26,"PEAK1"
9.72153184034973e-19,0.629092594690407,0.04,0.167,3.12556970199084e-14,"C8orf33"
1.28817913704583e-18,0.628221134835483,0.036,0.159,4.14162474351604e-14,"PLK3"
5.61574949641963e-17,0.628108486679454,0.037,0.153,1.80551962059387e-12,"WDFY1"
2.26647899483507e-20,0.628064106162464,0.036,0.168,7.28695661629424e-16,"CACHD1"
1.29418161336229e-14,0.627893227420031,0.033,0.133,4.1609233051211e-10,"DNAJC7"
2.75380055327734e-15,0.627738382490948,0.026,0.124,8.85374415884199e-11,"RCOR1"
8.56186243548318e-11,0.627689801190263,0.023,0.095,2.7527243916322e-06,"Z83844.1"
3.72616719820624e-12,0.627473601784759,0.035,0.122,1.19800001589529e-07,"NHLRC3"
1.28885768774526e-18,0.627356472088463,0.058,0.199,4.14380635186979e-14,"LYST"
2.80268985096414e-23,0.627154859066495,0.031,0.173,9.0109281398348e-19,"IMPDH1"
1.6754083009767e-10,0.626993307292496,0.014,0.075,5.3866052284702e-06,"CCL23"
9.09972664157913e-41,0.626981065746961,0.095,0.379,2.92565311253411e-36,"AFF4"
3.21844868553515e-37,0.6267888659731,0.087,0.347,1.03476343688641e-32,"AC010149.1"
2.67914751856612e-07,0.626485444448591,0.017,0.064,0.00861372718694194,"ZNF846"
9.64223313968639e-17,0.626419520459946,0.035,0.147,3.10007437674057e-12,"DCP1A"
3.81001940662279e-35,0.626120148318614,0.058,0.281,1.22495933942329e-30,"BAP1"
2.93683851183705e-09,0.626008226645486,0.019,0.078,9.44222949940729e-05,"ATF7IP2"
6.89646512351074e-32,0.625735720875004,0.059,0.268,2.21728250185994e-27,"GOLGA7B"
3.92859384809512e-14,0.625661572241181,0.028,0.122,1.26308220810106e-09,"LSMEM2"
1.30210729834108e-11,0.625654736015699,0.02,0.093,4.1864051748964e-07,"MICU3"
3.02604658165305e-26,0.625360118627752,0.044,0.213,9.72904236467274e-22,"BIRC6"
2.78204110810089e-20,0.625182825318774,0.043,0.182,8.94454036665518e-16,"UNK"
8.50614271657247e-27,0.624848813256643,0.059,0.244,2.73480994480521e-22,"UBE2E3"
1.05066798282338e-13,0.624141734680703,0.02,0.104,3.37800263157545e-09,"C12orf29"
2.24185022278145e-18,0.623499201921546,0.023,0.135,7.20777265126463e-14,"CNOT6L"
3.40046053240553e-07,0.623368337869173,0.011,0.053,0.010932820657737,"SLC37A4"
6.03722515331469e-21,0.622479116004455,0.042,0.183,1.94102825904221e-16,"SH3D21"
4.8318031377603e-26,0.622330751385084,0.035,0.194,1.55347302682131e-21,"CP"
1.00397853658472e-16,0.622100719229586,0.019,0.117,3.22789139297353e-12,"PEX11B"
1.29926802836612e-14,0.622045725206905,0.027,0.122,4.17727663799991e-10,"TMPRSS9"
2.63988199220906e-35,0.621893845752439,0.126,0.412,8.48748459315135e-31,"AGT"
9.84560975002216e-13,0.621482385139476,0.035,0.125,3.16546199072963e-08,"CDKAL1"
3.62287211138454e-12,0.621351965909633,0.025,0.105,1.16478961253124e-07,"SLC43A2"
3.8050520749688e-27,0.621014594720946,0.061,0.249,1.22336229262322e-22,"RPS15AP17"
3.85608647282326e-13,0.620220856872578,0.027,0.114,1.23977036187741e-08,"AP000879.1"
5.86494047147764e-10,0.619602894851454,0.016,0.077,1.88563701098478e-05,"DHODH"
5.5588814518574e-17,0.619426810795126,0.02,0.121,1.78723597558667e-12,"TRIM38"
7.92747676869159e-15,0.619378308056895,0.026,0.121,2.54876305590203e-10,"CCDC7"
8.50991157155956e-07,0.619365911833187,0.016,0.059,0.0273602166937211,"NCKAP5L"
3.66483516755269e-09,0.619240368307508,0.019,0.077,0.000117828115471986,"FRAS1"
2.4684335223233e-09,0.618616487641159,0.017,0.076,7.93626061762166e-05,"CEPT1"
1.06767271595853e-08,0.618022148408339,0.02,0.076,0.000343267454907829,"FADS1"
3.58243478566488e-15,0.617777636811894,0.026,0.123,1.15178860793912e-10,"AC004824.1"
3.26049672524514e-16,0.617693190102687,0.028,0.133,1.04828230213357e-11,"ALG6"
1.41205011696711e-06,0.61754984924857,0.014,0.054,0.0453988233106095,"TTC13"
1.76371712994977e-19,0.617505021721183,0.046,0.182,5.67052694450149e-15,"NKIRAS2"
7.2448920310635e-12,0.617019350633644,0.025,0.103,2.32930523690722e-07,"CASP3"
1.69732337818247e-14,0.616856662234694,0.036,0.137,5.45706439319447e-10,"TUBG2"
3.29010272447097e-20,0.616671930407113,0.043,0.181,1.05780092694466e-15,"SNRK-AS1"
1.34149492865551e-17,0.616633256666684,0.046,0.172,4.31304034512035e-13,"FMNL2"
1.59739360009611e-13,0.616319762694395,0.014,0.091,5.13578016366901e-09,"PDE10A"
5.68987299552411e-21,0.616201768536846,0.03,0.16,1.82935106679096e-16,"ZFYVE16"
5.07413797491983e-14,0.616162654152197,0.025,0.115,1.63138610031648e-09,"DDAH1"
2.30237011039177e-17,0.616123500749239,0.015,0.113,7.40235014192058e-13,"AL391422.2"
1.58557917321483e-11,0.615664805449747,0.026,0.103,5.097795599803e-07,"AMT"
2.56382251419672e-13,0.615320026971144,0.032,0.124,8.24294576539389e-09,"DLEC1"
2.3825042721215e-13,0.615238215493221,0.023,0.109,7.65998948529785e-09,"SP110"
6.75230409722225e-34,0.614880174255532,0.072,0.301,2.17093329029793e-29,"PMEPA1"
2.73742009674166e-09,0.614535713327911,0.021,0.082,8.80107935303411e-05,"PAXBP1-AS1"
9.05001211274111e-15,0.614296331798446,0.032,0.132,2.90966939436739e-10,"ISCA2"
6.08222813231872e-15,0.614280227818222,0.015,0.101,1.95549716682179e-10,"TUBB2B"
5.88094386010685e-19,0.613487111049577,0.042,0.172,1.89078226046295e-14,"AC018521.4"
4.03494560956916e-10,0.61340683520495,0.022,0.089,1.29727536293258e-05,"PPME1"
0.319562446767528,0.613284595703192,0.612,0.986,1,"NEAT1"
1.39117015160515e-16,0.613078334417422,0.035,0.146,4.47275115442571e-12,"CAAP1"
6.01182314463786e-15,0.612934598601491,0.017,0.106,1.93286125923252e-10,"ADA2"
1.00454264325494e-06,0.612756197891384,0.011,0.05,0.0322970505232896,"TOMM40L"
3.59572648684767e-17,0.612753681827095,0.031,0.143,1.1560620227864e-12,"MYO18A"
3.36508747413419e-08,0.612702350390179,0.011,0.058,0.00108190927380888,"FKBP14"
2.84477492741822e-07,0.612594282586607,0.012,0.056,0.00914623586914232,"AL355032.1"
2.99882920125428e-20,0.612460933788536,0.037,0.17,9.64153576495263e-16,"AL139807.1"
7.61520820315266e-11,0.612129076043021,0.017,0.084,2.44836558939561e-06,"LIF"
3.84101571599288e-11,0.612096825053842,0.017,0.086,1.23492496284887e-06,"RNF113A"
6.58549810885741e-16,0.611915610557714,0.037,0.147,2.11730349697875e-11,"CCNC"
1.05144074163236e-11,0.611527928991353,0.033,0.117,3.3804871284222e-07,"EP300"
2.73882343061557e-24,0.611400889370092,0.064,0.24,8.80559121177213e-20,"SKAP2"
9.60611008671933e-14,0.611125698013424,0.026,0.116,3.08846045398113e-09,"CPNE2"
5.53474677907203e-09,0.610833095056594,0.012,0.065,0.000177947643693945,"Z74021.1"
2.09812787602497e-16,0.610718629123634,0.023,0.125,6.74569093420788e-12,"PCSK1"
1.15595927341432e-05,0.610664881085511,0.017,0.054,0.371652465995437,"MIB2"
7.02134173881925e-20,0.610615434526592,0.046,0.184,2.25743158244778e-15,"LENG1"
2.04268769533182e-28,0.610604767944367,0.062,0.257,6.56744520926134e-24,"SOS1"
6.41687368916196e-36,0.610506014444544,0.096,0.36,2.06308905980246e-31,"AFF1"
7.77200042721629e-08,0.610321598960739,0.012,0.059,0.00249877585735431,"FPGT-TNNI3K"
5.9504706647812e-22,0.610217867880464,0.047,0.197,1.91313582343381e-17,"PRAL"
6.15026772290229e-18,0.610198254712231,0.04,0.162,1.97737257559032e-13,"PGGHG"
6.56870325199118e-17,0.610070522057351,0.031,0.141,2.11190378254768e-12,"TATDN1"
1.30854525577367e-23,0.609895843209584,0.043,0.199,4.20710385183793e-19,"FCHSD2"
3.60197887557474e-10,0.609690188191936,0.017,0.08,1.15807222828603e-05,"CEP164P1"
2.95031775165738e-06,0.609426328142277,0.015,0.054,0.0948556660335363,"ZNF583"
1.55423753269962e-09,0.609353887104047,0.026,0.092,4.99702909138256e-05,"WDR43"
2.56226887409777e-10,0.608468058193651,0.025,0.094,8.23795065711173e-06,"TOP1"
9.41814353346437e-19,0.608159814769444,0.043,0.174,3.02802732744413e-14,"TULP3"
1.14527569574787e-14,0.608022641846699,0.026,0.12,3.68217588939897e-10,"HYOU1"
9.84289176254356e-19,0.607924362449362,0.021,0.132,3.16458813057538e-14,"RPSAP58"
2.93244929967751e-19,0.607852195023391,0.032,0.156,9.42811774339316e-15,"MTHFR"
2.79601728218443e-18,0.607079973085587,0.042,0.169,8.98947516395117e-14,"TMEM184C"
3.73229660797989e-09,0.606174911020006,0.011,0.064,0.000119997068243161,"ZKSCAN5"
5.72163069648103e-10,0.605834256363656,0.023,0.09,1.83956148522562e-05,"GPC6"
2.11598089899391e-14,0.605570633331297,0.019,0.105,6.80309018835534e-10,"ATXN1L"
8.50346540235714e-29,0.605430705748147,0.048,0.233,2.73394916151184e-24,"MGMT"
2.65744640780547e-24,0.605018312448881,0.054,0.222,8.54395594573538e-20,"BABAM2"
6.85178760743915e-12,0.604963619653183,0.019,0.092,2.20291823366776e-07,"AC109460.2"
1.11255653574097e-16,0.604892915006312,0.02,0.119,3.5769805180608e-12,"AC068137.1"
2.94808671396615e-18,0.604749497115844,0.027,0.141,9.47839359407258e-14,"PRKCA"
2.74265935843625e-16,0.604242072711999,0.035,0.145,8.81792410330839e-12,"DDX10"
3.99695723769176e-07,0.604045430929246,0.014,0.057,0.0128506172149028,"TTI1"
2.32697976251179e-14,0.603710228654183,0.037,0.138,7.48147263445166e-10,"NR2C2AP"
2.70462325738043e-10,0.603580047958772,0.022,0.09,8.69563423480382e-06,"NT5C3A"
7.51750813763654e-26,0.603555194861886,0.044,0.212,2.41695404133153e-21,"TMEM131"
5.33826985907543e-12,0.603308110745974,0.022,0.099,1.71630714239134e-07,"AGPAT5"
1.88871162486564e-11,0.603249956381627,0.016,0.085,6.07239674510551e-07,"AGFG2"
1.26332432830923e-09,0.603174792943556,0.012,0.068,4.06171404794701e-05,"ZNF554"
2.07255543103896e-16,0.602914369654283,0.028,0.134,6.66347296633337e-12,"MLX"
1.30883300016311e-08,0.602310939565072,0.01,0.058,0.000420802897882442,"PGM5-AS1"
1.72431267531748e-21,0.601842721484953,0.027,0.158,5.54383768241322e-17,"UBL4A"
2.33967257286801e-30,0.601583404436132,0.069,0.281,7.52228128902792e-26,"WWP1"
1.31366546697658e-16,0.600882355919101,0.028,0.135,4.2235658428764e-12,"REX1BD"
4.19050523252455e-15,0.600811783716395,0.027,0.125,1.34728933730897e-10,"THNSL2"
4.19229533846985e-20,0.600810110168736,0.032,0.16,1.34786487427144e-15,"GPRC5A"
1.32124549452239e-27,0.600788085475181,0.066,0.259,4.24793638943895e-23,"MRFAP1L1"
3.95247659297946e-08,0.600720596009937,0.01,0.056,0.00127076074940883,"KLF15"
3.41090096576185e-16,0.600409180699168,0.038,0.151,1.09663876950209e-11,"ARMCX1"
1.61099534773412e-18,0.60035810809718,0.025,0.138,5.17951114249998e-14,"PLA2G4C"
6.04969679578257e-16,0.600313217648724,0.025,0.125,1.94503801681206e-11,"ISL2"
1.44624379935141e-12,0.600153531892046,0.017,0.093,4.64981843929471e-08,"ADAP2"
3.58133168794426e-11,0.59971161663909,0.021,0.092,1.15143395099096e-06,"MED23"
4.33505903733839e-12,0.599455675961461,0.02,0.095,1.39376483109467e-07,"TVP23B"
2.60552258229744e-09,0.599203160571461,0.015,0.071,8.37701565434451e-05,"ACSF2"
2.1606219764778e-11,0.599201619586744,0.031,0.111,6.94661571657376e-07,"AC007679.1"
1.91756287312869e-06,0.598991845278992,0.012,0.051,0.0616515639339606,"RPUSD2"
3.60486283721106e-07,0.598511179149178,0.014,0.057,0.0115899945079173,"CHST2"
4.16703583591956e-26,0.598157398843782,0.048,0.22,1.3397436916065e-21,"ADGRL3-AS1"
1.65890296390916e-09,0.597983923739744,0.015,0.072,5.33353891926433e-05,"ZNF394"
6.14669699189362e-09,0.597678451240334,0.012,0.065,0.000197622454986372,"DLL1"
6.06782256068777e-15,0.597447571309793,0.042,0.151,1.95086563148672e-10,"SCARF1"
2.17068143942767e-24,0.597247546069443,0.037,0.191,6.9789578959039e-20,"GPATCH8"
1.46149819983447e-23,0.59724677552642,0.031,0.175,4.6988628622878e-19,"UBE2O"
1.06945844447962e-18,0.59724575010212,0.037,0.162,3.43841584484642e-14,"MARK1"
6.02550094409662e-22,0.597051119438412,0.043,0.19,1.9372588085365e-17,"RPL7AP50"
1.20815269986195e-20,0.596809536868892,0.036,0.17,3.88433174532616e-16,"GOLM1"
1.40014165547129e-15,0.596753707430736,0.022,0.118,4.50159543650575e-11,"AL121845.3"
7.66589238515939e-12,0.596435880100302,0.016,0.087,2.4646610607526e-07,"RGS19"
1.94032754916305e-36,0.596427935513125,0.073,0.316,6.23834710331411e-32,"SH3PXD2A"
6.62988808086815e-17,0.59638156609251,0.032,0.143,2.13157531687992e-12,"MAML3"
8.27661868585602e-23,0.596332164713018,0.046,0.199,2.66101567368957e-18,"LARP4B"
2.55216463919664e-13,0.596115488812483,0.014,0.09,8.20546453148112e-09,"H2AFX"
2.4107777328935e-13,0.596037073090596,0.028,0.118,7.75089148902589e-09,"DPH1"
1.18876206663764e-20,0.595904186681562,0.033,0.165,3.82198892044668e-16,"LMBR1L"
3.74172918675015e-23,0.595804134957941,0.379,0.867,1.20300335083204e-18,"SLC35F1"
1.58284721443094e-16,0.59574878415578,0.038,0.152,5.08901207911692e-12,"SNHG15"
1.24212905743938e-16,0.595677894525912,0.019,0.117,3.99356913257335e-12,"FSCN1"
6.7122138230108e-19,0.595492393401738,0.026,0.142,2.1580438662362e-14,"TRIM23"
6.39693749763689e-48,0.595192801341924,0.197,0.612,2.05667937486524e-43,"ATF3"
5.5402797871158e-22,0.59491030856603,0.047,0.197,1.7812553543556e-17,"MYCBP2-AS1"
1.66141615248883e-45,0.594457796819461,0.062,0.333,5.34161907186683e-41,"FDFT1"
1.35133279103295e-25,0.59424579155629,0.058,0.236,4.34467005645003e-21,"FBXL7"
3.18450730323318e-16,0.594194347885411,0.015,0.108,1.0238509430625e-11,"MXRA5"
7.01530807179033e-15,0.5938777713168,0.026,0.122,2.25549169816131e-10,"SRCAP"
9.78470181258834e-25,0.593758685858735,0.042,0.202,3.14587947976528e-20,"ASH2L"
4.41838037012494e-25,0.593732203100597,0.041,0.201,1.42055347279887e-20,"CLSTN3"
3.52818235405254e-15,0.593173532459581,0.03,0.13,1.13434590865143e-10,"RYR2"
4.95392306318456e-16,0.59280537997072,0.023,0.123,1.59273580404447e-11,"RIOX2"
1.59571435831598e-10,0.592411741130697,0.026,0.097,5.13038123342171e-06,"LRRC49"
5.0862838024086e-18,0.592088607276911,0.04,0.163,1.63529110531239e-13,"CNKSR3"
1.01948345861017e-18,0.59180365683752,0.038,0.164,3.27774126777756e-14,"EEF1A1P25"
6.02434763931864e-29,0.591790826521999,0.069,0.274,1.93688800951734e-24,"RGPD5"
4.1096968961869e-13,0.591762295363241,0.031,0.12,1.32130864909305e-08,"ARMH3"
2.95942016496819e-12,0.591291310595369,0.027,0.109,9.51483177238923e-08,"SGF29"
9.0526051084413e-26,0.591229334318098,0.067,0.253,2.91050306841496e-21,"MUC1"
5.33443506299367e-46,0.591167694245616,0.13,0.471,1.71507421710309e-41,"AKR1C2"
1.45684684403156e-12,0.590887359007029,0.012,0.084,4.68390828824588e-08,"MFAP2"
8.3922277473193e-32,0.590789023439394,0.049,0.25,2.69818514304063e-27,"TLE1"
6.91592058238218e-30,0.58997635723314,0.083,0.303,2.2235376264417e-25,"HERC2P2"
2.66940392451223e-07,0.589870791331473,0.015,0.06,0.00858240055769928,"AL139260.1"
6.4543192278602e-08,0.589616786069843,0.014,0.061,0.00207512817494933,"KIAA0825"
3.55845088798075e-14,0.589126216154245,0.021,0.109,1.14407754499469e-09,"SV2A"
1.39145965520125e-08,0.589016130858997,0.016,0.069,0.000447368193743753,"ZSCAN26"
9.68147786015368e-25,0.588708579306715,0.061,0.236,3.11269194681801e-20,"LUC7L"
2.29963584421674e-45,0.588465257667604,0.156,0.522,7.39355920274123e-41,"AC068724.3"
1.35230995627341e-20,0.587753918830046,0.051,0.197,4.34781174041465e-16,"CDH13"
3.3674905230147e-09,0.587688217613777,0.025,0.088,0.000108268187805445,"MYO10"
6.0499263666146e-21,0.587619126606665,0.032,0.164,1.94511182613026e-16,"RUSC2"
3.60154110773223e-19,0.587530155912037,0.041,0.171,1.15793148154699e-14,"ATG14"
4.64509630135422e-09,0.587429228476719,0.005,0.051,0.00014934449118484,"ZNF614"
1.38712294383561e-20,0.5873655950632,0.023,0.146,4.45973897672587e-16,"ANKRD9"
3.08019807274733e-10,0.586878419257823,0.026,0.096,9.90314482368993e-06,"ZNF81"
4.33575967644033e-10,0.586661717554309,0.017,0.08,1.39399009357233e-05,"MAD1L1"
1.20594079562772e-25,0.586478686069888,0.056,0.232,3.87722025202268e-21,"WBP11"
6.81426296760545e-10,0.586200205017179,0.015,0.074,2.19085368671483e-05,"AL157838.1"
2.07992692987115e-10,0.586042072790391,0.021,0.088,6.68717307222875e-06,"AC010601.1"
2.91320956696279e-30,0.586021407314202,0.08,0.301,9.36626007874208e-26,"AKAP2"
1.14425038433976e-43,0.585999633051697,0.11,0.422,3.67887941069078e-39,"UHRF2"
8.39837361692666e-24,0.585980063230214,0.04,0.192,2.70016110157809e-19,"RMDN3"
5.77845685379205e-14,0.58490874737863,0.021,0.108,1.85783166306268e-09,"WBP4"
1.03106084174596e-06,0.584781794134649,0.017,0.061,0.0331496371229743,"ADAMTS7"
2.33692771776802e-06,0.584548054807392,0.015,0.054,0.0751345630539597,"AVPR1A"
7.67772131894472e-11,0.584423923352431,0.014,0.077,2.46846418125392e-06,"ATG9B"
6.18686602750431e-15,0.584117953010451,0.023,0.117,1.98913929650291e-10,"NUDT17"
2.77230421995068e-13,0.583786453016142,0.023,0.108,8.91323529756343e-09,"TAF4"
6.3277782329697e-32,0.583402853582927,0.057,0.265,2.03444397968209e-27,"BICRAL"
6.64778718365931e-13,0.583040967692755,0.022,0.104,2.1373300574183e-08,"FBXL4"
2.72931162621205e-09,0.58292480335508,0.022,0.084,8.77500980943437e-05,"STMN1"
2.10162525094681e-11,0.582608215749759,0.025,0.1,6.75693534431909e-07,"DGKD"
7.23029133284595e-11,0.582520982828777,0.025,0.097,2.3246109664233e-06,"TMSB4XP8"
2.38149943267828e-47,0.582390049675288,0.098,0.413,7.65675882600393e-43,"TPST2"
3.71192904207828e-19,0.582245286046525,0.033,0.157,1.19342230631859e-14,"PTBP3"
2.05126598645109e-08,0.581906122758744,0.01,0.057,0.000659502527303889,"METTL6"
2.50555755393733e-21,0.581814632641101,0.044,0.189,8.05561809166391e-17,"RYBP"
3.93486081569865e-11,0.581323422736841,0.025,0.099,1.26509710085527e-06,"DPY19L3"
6.71745974879519e-22,0.581271056932941,0.04,0.183,2.15973048383514e-17,"AC012213.5"
2.10813306224971e-11,0.581269899729338,0.021,0.094,6.77785860843904e-07,"CCDC57"
3.05895101969925e-13,0.58103502656747,0.025,0.111,9.83483342343507e-09,"KLF5"
1.02953858428566e-10,0.579882486364917,0.025,0.096,3.31006950233681e-06,"ATP9B"
5.89225448736653e-24,0.579618255931251,0.035,0.184,1.89441874023321e-19,"PFKFB3"
8.28803428744556e-15,0.579405870573623,0.017,0.105,2.66468590375662e-10,"AC130456.5"
3.34659371756615e-26,0.57910316979952,0.077,0.273,1.07596334613469e-21,"HDAC9"
4.46014488193986e-07,0.579077616441085,0.014,0.057,0.0143398118099248,"KIF26A"
1.97722406888749e-24,0.578883572187816,0.036,0.189,6.35697310388018e-20,"BRWD1"
2.23510375550616e-16,0.57858452850608,0.038,0.152,7.18608208432786e-12,"SYNJ1"
1.13475018459927e-17,0.57850559795078,0.044,0.17,3.64833531850511e-13,"FNBP4"
1.05865833050879e-11,0.578213847734495,0.026,0.104,3.40369239841882e-07,"AC098829.1"
1.07191973707825e-08,0.578128734380183,0.015,0.068,0.00034463291466803,"RPL23P8"
1.69823168380671e-12,0.57715726118892,0.016,0.091,5.45998468660696e-08,"THOC6"
6.34171475242388e-26,0.576855249411333,0.042,0.208,2.0389247100518e-21,"PSMB8-AS1"
3.95968357221613e-18,0.576828647439444,0.031,0.148,1.27307786530321e-13,"RARS2"
1.57404336617455e-21,0.576730607636038,0.052,0.204,5.06070682658781e-17,"NIN"
1.25205663101318e-24,0.576485904794938,0.032,0.183,4.02548727437048e-20,"KYAT3"
4.88794831516204e-15,0.575658514805212,0.03,0.129,1.57152426280775e-10,"RPS2P7"
8.82923182974959e-14,0.57530499779387,0.027,0.118,2.83868632558279e-09,"CYLD"
1.43673560721289e-19,0.57519718789048,0.047,0.184,4.61924865075018e-15,"RNF185"
3.90397863859364e-16,0.574721679149429,0.036,0.146,1.25516817209424e-11,"CAMK1D"
1.88486063117574e-46,0.574661876795412,0.079,0.372,6.06001541529311e-42,"TMEM259"
4.25440786986032e-09,0.574547324896027,0.014,0.068,0.000136783467423879,"NAGPA"
2.3681615497567e-08,0.574516752353517,0.006,0.05,0.000761387619862275,"AC008105.2"
1.72350229771873e-14,0.574399676100601,0.035,0.135,5.5412322373955e-10,"MYCBP2"
8.94574102760396e-28,0.574215898617248,0.054,0.24,2.87614519778495e-23,"SLC25A37"
8.67994132557606e-09,0.573951181470743,0.012,0.064,0.000279068793558596,"AC008738.3"
1.10719698987402e-08,0.573690065917583,0.016,0.07,0.000355974904214396,"AC009133.4"
1.53872352936692e-08,0.572508851222913,0.019,0.073,0.000494715001926758,"MOB3B"
1.90583527989362e-20,0.572223415445991,0.037,0.171,6.12745100838597e-16,"IMMP2L"
2.06703330649676e-12,0.571945457178758,0.021,0.099,6.64571878371775e-08,"MLF1"
1.03273793767491e-30,0.571214168124992,0.087,0.315,3.3203557434186e-26,"MAGI2-AS3"
5.46122348717649e-07,0.57094552328881,0.015,0.058,0.0175583796336211,"TSPAN11"
3.09572086767606e-14,0.570795121087508,0.036,0.136,9.95305216166531e-10,"TRPM7"
2.31337653028637e-14,0.570500832169238,0.022,0.112,7.43773688252372e-10,"MCOLN1"
1.36499403237777e-34,0.570292561574045,0.09,0.34,4.38859231349777e-30,"AC098614.1"
2.01859572301008e-13,0.569822831675412,0.023,0.109,6.48998710904969e-09,"RFTN2"
6.47701436877713e-07,0.569504453226672,0.021,0.068,0.0208242488970554,"SLC6A16"
1.03365435701036e-23,0.569395325357412,0.036,0.185,3.323302123224e-19,"DNM1L"
5.62196622967499e-10,0.569153577625632,0.01,0.066,1.80751836250281e-05,"MARCO"
2.28248785388357e-10,0.56885181928151,0.017,0.081,7.33842669902107e-06,"AP001029.2"
2.73713053267734e-09,0.568607630442381,0.014,0.069,8.80014837561093e-05,"F8A3"
4.35162831304104e-07,0.568595758401333,0.012,0.054,0.0139909201892582,"SMO"
2.93235368560972e-13,0.568298668801321,0.019,0.099,9.4278103346038e-09,"C3orf62"
1.73047378791983e-14,0.568181292778435,0.023,0.115,5.56364627554104e-10,"BORCS7"
4.7392121657002e-15,0.568062890274974,0.031,0.131,1.52370410339427e-10,"FES"
7.49507033329128e-48,0.567885078322601,0.103,0.425,2.40974006285648e-43,"ATP6V1B2"
1.23851686524022e-30,0.567850701606856,0.041,0.228,3.98195557343382e-26,"AL138785.1"
5.56610276027139e-07,0.567817280734426,0.01,0.05,0.0178955769845485,"AC104365.1"
1.26533901138011e-28,0.567646915537749,0.077,0.286,4.06819145548818e-24,"ASXL1"
1.36539883925457e-08,0.567473748696722,0.016,0.069,0.000438989380808738,"SLC29A3"
6.26058579903692e-19,0.567095768143248,0.03,0.149,2.01284094024836e-14,"CKAP5"
1.07827468376052e-38,0.56671162719306,0.069,0.319,3.46676093575844e-34,"HSD17B4"
4.86050253740121e-07,0.566478060197593,0.012,0.054,0.0156270017079986,"AL445426.1"
1.41904001300578e-21,0.566416661148867,0.028,0.161,4.56235554581489e-17,"ZRANB1"
4.43056955567507e-19,0.566156331414148,0.042,0.173,1.42447241784509e-14,"ISY1-RAB43"
3.94437578612413e-38,0.566089756240688,0.062,0.302,1.26815625899677e-33,"RHOU"
7.66490633471196e-16,0.566009114706107,0.033,0.14,2.46434403567324e-11,"AC017116.2"
9.04965453631192e-47,0.565989241667715,0.09,0.395,2.90955442996964e-42,"MAX"
5.44505405359483e-09,0.565480916995879,0.009,0.058,0.000175063932877127,"KIAA1328"
9.82466450548534e-26,0.565388190065679,0.037,0.197,3.15872788515859e-21,"SLC52A2"
3.51741499541738e-21,0.565236288780344,0.036,0.172,1.13088409517664e-16,"PPP6R1"
1.71743339386623e-08,0.565191201934141,0.016,0.069,0.00055217201046193,"DHCR7"
3.06635960211577e-15,0.564900233176943,0.047,0.161,9.85865275676241e-11,"HAUS7"
9.89177101999204e-27,0.564605072040441,0.053,0.233,3.18030330063764e-22,"PRPF4B"
1.61181394471162e-11,0.56457282932885,0.01,0.074,5.18214301364233e-07,"MANEA"
1.38109770387633e-06,0.56456759388044,0.011,0.05,0.0444036722773279,"TIMM8A"
5.70886728679165e-19,0.564224926671741,0.026,0.143,1.83545792137638e-14,"VARS2"
5.78713840430771e-16,0.563938213649229,0.026,0.127,1.86062286836897e-11,"PLA2R1"
8.21022883272873e-15,0.563760971429519,0.025,0.119,2.63967067201062e-10,"MKNK1-AS1"
9.7691136749771e-50,0.56338360922601,0.115,0.459,3.14086773764189e-45,"PXN"
1.21580603038287e-15,0.563195174604167,0.022,0.119,3.90893796828395e-11,"HINT2"
1.75502074435392e-09,0.563168832887727,0.014,0.07,5.64256719517228e-05,"C6orf47"
3.56114190273039e-08,0.562760973691608,0.01,0.056,0.00114494273314685,"WISP3"
3.40461460643565e-18,0.562544424795837,0.046,0.175,1.09461764211512e-13,"ATE1"
1.62749421029529e-09,0.562436067845853,0.017,0.077,5.23255663552037e-05,"IL16"
4.25340184224057e-30,0.562434148542019,0.048,0.239,1.36751122629877e-25,"PLEKHA2"
4.30187358473433e-24,0.562394266300074,0.056,0.224,1.38309537622794e-19,"PPFIBP1"
5.53519420735303e-30,0.561694898850945,0.064,0.269,1.77962028960607e-25,"TNRC6A"
2.43395612268786e-40,0.561578997784623,0.085,0.358,7.82541233005375e-36,"WDR13"
5.49556228303666e-16,0.561578603125051,0.012,0.102,1.76687822961912e-11,"EYA4"
3.04056849506169e-10,0.561517289604988,0.016,0.079,9.77573176847284e-06,"CEP70"
1.53466331143112e-09,0.561475935314109,0.019,0.079,4.93409601258219e-05,"AC005899.4"
1.25678248732434e-13,0.561229627325226,0.011,0.087,4.04068137499647e-09,"ZRANB2-AS2"
1.46653485672828e-29,0.561200207113126,0.08,0.298,4.7150562178671e-25,"ADCY4"
2.14001125946707e-08,0.561038245768394,0.014,0.064,0.000688035020031256,"RBMXL1"
2.7033621623295e-17,0.560988198910095,0.03,0.141,8.69157968810556e-13,"AC104389.4"
5.782464333086e-07,0.560983490298854,0.011,0.052,0.0185912010773048,"RF00006.1"
1.78380046950308e-19,0.560591729673705,0.036,0.164,5.73509688949936e-15,"PIGX"
5.6157729977031e-09,0.560171275873258,0.019,0.076,0.000180552717649152,"AL162742.2"
1.08584148826263e-28,0.559309291914433,0.058,0.251,3.49108896891317e-24,"MPZL2"
8.62395765371772e-29,0.558624910750762,0.35,0.844,2.77268862524678e-24,"RPL13P12"
5.71455400386223e-16,0.558093819183314,0.036,0.145,1.83728625778175e-11,"MCU"
4.52087619363843e-10,0.557125923627853,0.014,0.073,1.45350690501669e-05,"DHX57"
1.86415921051862e-15,0.556940629795737,0.016,0.106,5.99345827773841e-11,"TTC8"
1.75804389857504e-25,0.556813813264583,0.04,0.201,5.65228693830862e-21,"AP002807.1"
4.660570368578e-09,0.556795266812323,0.011,0.063,0.000149841997920151,"AC069257.3"
2.38158456874902e-21,0.556620370715829,0.042,0.185,7.65703254698497e-17,"AP1G1"
3.21634808702509e-23,0.556256856703092,0.042,0.194,1.03408807345944e-18,"SATB2"
2.86697987920724e-12,0.555787751605124,0.014,0.085,9.2176270096392e-08,"ORAI2"
2.15252627435338e-18,0.555536180286528,0.041,0.167,6.92058722467357e-14,"SH3BP2"
3.20104453479284e-07,0.555451742262524,0.014,0.057,0.0102916782838125,"FKTN"
1.76675201443066e-08,0.554907957706112,0.011,0.06,0.000568028440159601,"HOXA-AS3"
3.38468580832947e-09,0.55441810021662,0.022,0.084,0.000108821033423601,"TRPV2"
1.45825143276719e-11,0.554358022098918,0.016,0.086,4.68842418148978e-07,"ARHGEF28"
9.36484882234377e-22,0.553948108658632,0.037,0.178,3.01089254487175e-17,"ZDHHC17"
2.70478233410179e-24,0.553850111482323,0.048,0.211,8.69614568237067e-20,"PALM"
7.04933030515748e-25,0.553768144357768,0.038,0.195,2.26643018641118e-20,"NEK6"
1.93945781680883e-06,0.553195354887102,0.014,0.053,0.0623555082682205,"AL731567.1"
1.73448590834275e-23,0.553184303555836,0.021,0.156,5.57654564391276e-19,"HAVCR2"
3.52069215139495e-34,0.553179317237224,0.061,0.282,1.13193773359499e-29,"SAMD4B"
5.21254225196394e-40,0.552841600295606,0.099,0.383,1.67588445942893e-35,"EPB41L4A-AS1"
2.7801120438331e-24,0.552689135613269,0.054,0.222,8.9383382321278e-20,"RHOT1"
3.35588922575158e-16,0.552454161803253,0.023,0.124,1.07895194497139e-11,"SETDB2"
1.0941475972987e-25,0.551770804423497,0.044,0.211,3.51779394007506e-21,"MT-TI"
1.43146939883264e-15,0.551599621569504,0.026,0.125,4.60231726418682e-11,"NATD1"
1.4989836025996e-08,0.551309998216215,0.015,0.067,0.000481938218071799,"DOCK10"
4.71648037431788e-37,0.550693214711431,0.103,0.374,1.51639560514694e-32,"SNRNP70"
2.68491303145494e-07,0.550661243098363,0.016,0.062,0.00863226388743076,"RBBP8"
7.36079813150302e-27,0.550613256142875,0.053,0.233,2.36657020725954e-22,"PRKRA-AS1"
8.06123969176857e-18,0.550594762298048,0.033,0.151,2.59176917330051e-13,"AC084337.2"
1.08590718481123e-26,0.550552161143349,0.043,0.213,3.49130018988658e-22,"RGL2"
4.81771408343197e-17,0.550404203043064,0.028,0.138,1.54894325496421e-12,"MIR762HG"
6.13257629824697e-13,0.55019859128981,0.009,0.079,1.97168460564938e-08,"AC107884.1"
8.5633246348136e-18,0.549835613256313,0.032,0.148,2.75319450333892e-13,"AP003501.1"
1.17181103997254e-09,0.549555799990092,0.012,0.069,3.76748967461572e-05,"TIGD5"
3.40897444247088e-15,0.549555658606608,0.027,0.125,1.09601937299881e-10,"RAB33B"
6.52947831791643e-13,0.549526994119892,0.022,0.104,2.09929257399331e-08,"DENND4A"
3.4100759374255e-13,0.549463910397038,0.017,0.097,1.09637351464167e-08,"GCC2-AS1"
4.12644133302285e-09,0.549439744733253,0.011,0.063,0.000132669215298018,"USP6NL"
1.50035952717951e-07,0.549378412240334,0.01,0.053,0.00482380591583484,"TRIM45"
3.02457257999809e-08,0.549284317618913,0.014,0.063,0.000972430330195187,"IPP"
1.17429855421286e-24,0.549215852217489,0.051,0.217,3.77548728164978e-20,"TWIST1"
3.56715128532974e-37,0.549185439003946,0.069,0.312,1.14687480974636e-32,"SRP72"
7.14169303861215e-28,0.548921793431941,0.052,0.236,2.29612572884419e-23,"C22orf39"
7.57680908861295e-14,0.54813427068025,0.031,0.125,2.43601989007995e-09,"ISL1"
5.30135199979068e-14,0.548079609677947,0.023,0.112,1.7044376814527e-09,"AC007750.1"
5.44997094376635e-31,0.54756104240165,0.069,0.283,1.75222015813032e-26,"FAM160B2"
2.02754243411054e-30,0.547513021007181,0.066,0.274,6.51875167990879e-26,"NF1"
6.60562018430436e-15,0.547414388712538,0.022,0.115,2.1237729454557e-10,"P3H2"
7.0195449025711e-06,0.547288102637228,0.017,0.056,0.225685388162563,"AGBL3"
4.38798187243038e-09,0.546962792993777,0.015,0.07,0.000141078005180509,"ARL17A"
9.22378195739685e-16,0.546631645395462,0.019,0.112,2.96553813712266e-11,"CLIP2"
1.0631060560532e-50,0.546595807212708,0.251,0.737,3.41799228081663e-46,"MXRA8"
5.45574569673976e-27,0.546509155263698,0.046,0.219,1.7540767989588e-22,"MPV17"
3.40642342653179e-08,0.546073562071713,0.011,0.058,0.00109519919586424,"AL355816.2"
4.70580229286453e-17,0.546051045368248,0.028,0.138,1.51296249517888e-12,"METTL7B"
1.6792637776617e-17,0.546049117753919,0.047,0.173,5.39900097156014e-13,"LCAT"
1.05611831957366e-15,0.545984768933696,0.043,0.157,3.39552600926128e-11,"LENG9"
3.029922185159e-09,0.545918690606749,0.014,0.069,9.74150281750472e-05,"AGK"
2.45586194705964e-07,0.545877659625313,0.011,0.054,0.00789584174599144,"IPO4"
6.22954682726047e-17,0.545857742457155,0.025,0.13,2.00286160043251e-12,"KIF9"
6.9163571946729e-29,0.545515715101396,0.048,0.233,2.22367800165928e-24,"EXOC6B"
7.7194112395864e-45,0.545161860224947,0.111,0.427,2.48186790763942e-40,"ITIH5"
2.89095370968966e-17,0.544825710445451,0.038,0.157,9.29470527202322e-13,"AHCTF1"
3.58968405347128e-07,0.543598476679474,0.017,0.063,0.0115411932003155,"IL17RD"
1.14710208153282e-28,0.543522324258649,0.048,0.233,3.68804790233618e-24,"TTC7B"
4.59594459084249e-08,0.543377814147426,0.009,0.053,0.00147764214540177,"CU634019.1"
3.706027686581e-38,0.543277553029972,0.09,0.358,1.19152496151266e-33,"MIR99AHG"
4.59222869822443e-08,0.543204175208609,0.017,0.069,0.00147644744876614,"NACA2"
1.06785734728868e-10,0.54296522437957,0.014,0.076,3.43326815726783e-06,"ELP4"
2.02166500388189e-21,0.542231510636966,0.051,0.201,6.49985515398066e-17,"EHD4"
1.75554311455128e-07,0.542018114553062,0.015,0.061,0.00564424666759381,"AL132989.1"
4.3018190818819e-23,0.541991708677507,0.037,0.184,1.38307785301585e-18,"AC116366.3"
2.6511647514247e-11,0.541794116978639,0.016,0.084,8.52375979230557e-07,"AC006153.1"
4.98328342204799e-42,0.541490477922884,0.085,0.364,1.60217545302265e-37,"STAT5B"
3.19546140310651e-36,0.541463020618467,0.057,0.284,1.02737279571277e-31,"MAP3K5"
2.30327223443282e-18,0.541390442343874,0.032,0.151,7.40525056092497e-14,"TRIM14"
2.39283227184522e-17,0.541356882896831,0.031,0.143,7.69319503720957e-13,"P3H4"
7.25658717250759e-08,0.540719399695931,0.011,0.057,0.00233306534183292,"AC008267.3"
1.7517159408971e-12,0.540683569304771,0.02,0.097,5.63194192157826e-08,"TLR4"
3.20047816717975e-11,0.540450606436365,0.021,0.093,1.02898573552996e-06,"ZBTB21"
1.57961923049187e-25,0.540406557716876,0.021,0.165,5.07863378795441e-21,"CXCR4"
1.45019402942613e-08,0.540380141407536,0.01,0.058,0.000466251882400795,"KATNB1"
1.88971255588371e-15,0.540161704975668,0.023,0.12,6.07561483842171e-11,"DEDD2"
7.95256554335162e-11,0.539504512182865,0.019,0.086,2.55682934784298e-06,"CYP7B1"
6.10896008460422e-13,0.539242025825055,0.021,0.102,1.9640917568011e-08,"UBOX5-AS1"
6.93450450867323e-31,0.539125702304132,0.056,0.257,2.22951254458353e-26,"SAP30L"
1.38375619334964e-19,0.538934173062676,0.021,0.136,4.44891453723841e-15,"MAP2K5"
2.77954205173065e-18,0.538845849784308,0.041,0.167,8.93650565051921e-14,"VAMP2"
4.10657855085114e-15,0.538819914834524,0.028,0.127,1.32030606988415e-10,"ZKSCAN7-AS1"
2.11046515413667e-13,0.538542410188436,0.025,0.111,6.78535651706479e-09,"TRAPPC10"
3.07261076845442e-19,0.538414476987867,0.035,0.16,9.8787508816578e-15,"MCM3AP"
5.45565445276884e-08,0.538263530914308,0.022,0.076,0.00175404746310971,"GUSBP11"
1.19826314631743e-20,0.538259581967296,0.032,0.163,3.85253584172518e-16,"ADCY6"
4.97680465046098e-19,0.538080743821779,0.038,0.166,1.60009246316971e-14,"ANKRD28"
6.22853068496503e-08,0.537321108421466,0.012,0.059,0.00200253490052311,"AL158801.5"
4.77847132328527e-17,0.536847977043908,0.017,0.117,1.53632631514945e-12,"ZNF672"
5.18981339987856e-07,0.536747432829789,0.011,0.052,0.0166857690619496,"FGFR1OP"
4.09936091955055e-27,0.536541496626028,0.053,0.235,1.3179855292447e-22,"POM121C"
1.80139110220829e-10,0.536207715361061,0.025,0.095,5.79165253270986e-06,"EHBP1"
1.10216027246188e-09,0.535004547912479,0.019,0.08,3.54355549199218e-05,"SPATA13"
6.9465564422061e-17,0.534910597259456,0.028,0.136,2.23338736173368e-12,"STAG3L4"
2.36372633272254e-10,0.534755911665035,0.023,0.092,7.59961653233624e-06,"CPNE8"
1.02855431515958e-12,0.534632458197763,0.026,0.11,3.30690497866958e-08,"KLHL22"
1.27344648497197e-38,0.534468469074606,0.058,0.298,4.09425779383337e-34,"DGCR6L"
1.250429721735e-12,0.53436454577869,0.015,0.089,4.02025659835019e-08,"RADIL"
8.52631504669709e-12,0.534222976559462,0.019,0.091,2.74129555066358e-07,"AC025259.1"
1.9002015401109e-12,0.534112031963509,0.023,0.104,6.10933797161055e-08,"HECA"
3.97835032733612e-39,0.534088930005676,0.078,0.337,1.27907941374184e-34,"CNST"
1.83710480416179e-12,0.53402134314911,0.019,0.095,5.90647565586058e-08,"HPRT1"
3.62200648771041e-14,0.533227672116107,0.027,0.12,1.16451130586378e-09,"RPS6KB2-AS1"
7.73649508429066e-25,0.532761218537539,0.033,0.186,2.48736053455029e-20,"NAPG"
2.3601043824835e-19,0.531579953726515,0.036,0.163,7.5879716001227e-15,"SHLD2P3"
1.95979086169054e-19,0.531489146680667,0.035,0.161,6.30092359942125e-15,"EDEM2"
1.41915214380102e-14,0.53144437629591,0.028,0.124,4.56271605753465e-10,"DNMT3A"
3.50093227715101e-11,0.531069885589838,0.022,0.095,1.12558473642682e-06,"SUZ12P1"
1.48499004866174e-18,0.530976704646938,0.031,0.15,4.77439150545237e-14,"RGS12"
6.69746650471443e-26,0.530964446201688,0.046,0.215,2.15330245593074e-21,"GPM6A"
1.89318697333237e-18,0.53069688637518,0.021,0.131,6.08678543796089e-14,"B3GALT6"
2.8182268455071e-10,0.530569625801907,0.015,0.076,9.06088113098988e-06,"CXCL13"
5.40894680459814e-16,0.530361225138218,0.031,0.136,1.73903048714635e-11,"CDK11B"
8.58733604040924e-10,0.530063522541245,0.017,0.078,2.76091441035197e-05,"ZCCHC7"
1.27132038893023e-18,0.529832630097288,0.032,0.152,4.08742218244959e-14,"CSGALNACT2"
6.82629529238122e-06,0.529548956967299,0.014,0.05,0.219472219945349,"ADM5"
1.66802017259711e-28,0.529448275817946,0.07,0.273,5.36285165691698e-24,"FNDC3B"
3.60959708816688e-08,0.529300643402573,0.009,0.054,0.00116052155981653,"CAMKMT"
1.91167137769479e-16,0.528862601456167,0.042,0.159,6.14621464642653e-12,"AC093668.2"
7.35224435372068e-27,0.528736960216583,0.047,0.222,2.36382008216474e-22,"NSUN5P2"
1.58615446016904e-06,0.528674178175011,0.015,0.056,0.0509964520488949,"C5orf17"
1.74285993625094e-08,0.528617362234633,0.011,0.06,0.000560346898104038,"MTERF2"
7.65036093055843e-12,0.528106443199222,0.027,0.107,2.45966754278384e-07,"FNDC1"
1.08699766264101e-09,0.527949423299656,0.015,0.073,3.49480618515711e-05,"PPIAP31"
4.40073288356496e-11,0.527931251186838,0.007,0.067,1.41487962939497e-06,"AC078889.1"
4.87678329804498e-14,0.527749461896486,0.012,0.092,1.56793459815444e-09,"ZNF319"
4.51484363823119e-45,0.527629340194621,0.137,0.48,1.45156737812771e-40,"CD34"
2.46626813177744e-13,0.527243991721484,0.027,0.116,7.92929867047766e-09,"AC005832.4"
2.91572744536755e-37,0.526765150771011,0.072,0.318,9.3743553096012e-33,"SBNO2"
2.93240809387777e-14,0.526614835703691,0.042,0.147,9.42798526262642e-10,"PLCXD3"
6.63928994764003e-07,0.52631771850632,0.012,0.053,0.0213459811106575,"HLX"
9.95415618883516e-10,0.526299415532415,0.014,0.071,3.20036075627239e-05,"CDPF1"
3.90627495144111e-11,0.526143712454958,0.017,0.086,1.25590645963783e-06,"ZNF43"
3.90072425534349e-12,0.52608494804329,0.026,0.107,1.25412185533548e-07,"CYYR1-AS1"
1.23776769758883e-15,0.525935009364812,0.043,0.157,3.97954692451784e-11,"PPARD"
4.85536451084942e-14,0.525918159506133,0.026,0.117,1.5610482438832e-09,"ATP10D"
2.41118069522246e-18,0.525644098399121,0.02,0.128,7.75218705320972e-14,"EML3"
3.07764722533317e-17,0.525615626005753,0.035,0.15,9.89494359416867e-13,"CACNB3"
1.66373257717484e-09,0.52544140325389,0.017,0.077,5.34906660887482e-05,"NR2F2-AS1"
1.39110262742348e-20,0.525351475656241,0.03,0.158,4.47253405742924e-16,"LINC02147"
3.30886239025434e-11,0.525245987670024,0.019,0.088,1.06383234709067e-06,"GPR27"
8.64419539870452e-08,0.52519095533589,0.019,0.069,0.00277919526263749,"RNA5-8SN3"
6.72563454586523e-14,0.524325685843059,0.025,0.114,2.16235876284113e-09,"HLTF"
3.110218846976e-12,0.524112139923179,0.033,0.12,9.99966461491254e-08,"AC022858.1"
1.51395795407139e-10,0.524016116568375,0.026,0.098,4.86752621813492e-06,"RASA4B"
2.73143562099803e-10,0.523877401783147,0.025,0.094,8.78183866507076e-06,"COQ7"
2.38747321872391e-18,0.523696199270319,0.022,0.133,7.67596514551926e-14,"GABPA"
1.45782255620608e-21,0.523603635005589,0.036,0.174,4.68704530045817e-17,"TCHP"
3.30719677239012e-06,0.523511481327265,0.014,0.052,0.106329683429115,"TPPP"
2.65264646149035e-08,0.523366500243058,0.007,0.052,0.000852852363833762,"SLC2A12"
7.32071951729396e-24,0.522629799130565,0.051,0.213,2.35368453200518e-19,"SPHK1"
1.52558657878534e-13,0.522627447538177,0.025,0.112,4.90491340945275e-09,"ADGRL1"
1.22661062835089e-13,0.522588013454282,0.03,0.122,3.94367583121096e-09,"APBB2"
1.57580614205672e-11,0.522585165857269,0.02,0.092,5.06637432732657e-07,"AL162231.1"
5.61930514794286e-31,0.52171988860674,0.059,0.265,1.80666279811511e-26,"DTX3"
4.53219581122067e-13,0.521480529654951,0.015,0.091,1.45714627526556e-08,"RPL23AP7"
6.12809516931453e-26,0.521406377005339,0.051,0.224,1.97024387788631e-21,"SMC1A"
3.25908882589815e-07,0.521095297088365,0.015,0.059,0.0104782964841451,"AL354696.2"
1.15403727823997e-19,0.521001200789366,0.041,0.173,3.71034525326932e-15,"FAM43A"
1.4788047608909e-35,0.520553684015389,0.075,0.316,4.75450518674032e-31,"NSF"
6.27821908948939e-08,0.520458160445703,0.019,0.07,0.00201851021946173,"RABEP2"
3.67320838142811e-15,0.520366437409038,0.036,0.141,1.18097322671295e-10,"IFT88"
1.81739905538477e-17,0.520136406770572,0.033,0.149,5.84311970296757e-13,"DLAT"
3.52371042411596e-20,0.51987130065463,0.042,0.179,1.13290813845752e-15,"NCOA3"
8.39235189629759e-55,0.519805481250739,0.142,0.532,2.69822505817864e-50,"CHD9"
1.94406339849432e-06,0.519749122005281,0.014,0.053,0.0625035823249908,"TLL1"
3.38147937044855e-17,0.519395944692977,0.04,0.159,1.08717943239291e-12,"DLEU2"
1.4196653161083e-13,0.519077200208529,0.027,0.117,4.56436595781978e-09,"AC005785.1"
5.10021974935925e-12,0.519027780751335,0.03,0.112,1.63977165161649e-07,"YRDC"
1.12282492587948e-20,0.519017653735516,0.037,0.172,3.6099944191951e-16,"KIAA0513"
3.1776786444075e-16,0.518944932810327,0.021,0.119,1.02165546096346e-11,"AC106886.4"
5.50282116990824e-24,0.518305975956153,0.056,0.223,1.7692120343372e-19,"TLK1"
1.26604548490112e-34,0.518226295743742,0.059,0.281,4.07046283850558e-30,"PFKM"
1.22771571774038e-09,0.518089454366108,0.02,0.082,3.94722880410709e-05,"EXOSC2"
8.30954994977906e-08,0.517989243884509,0.02,0.071,0.00267160340435347,"NDRG4"
2.18640537930421e-21,0.517966498301974,0.041,0.183,7.02951193500096e-17,"TTC28"
3.57065344109067e-08,0.517593698379824,0.01,0.056,0.00114800078784506,"MTERF1"
2.3762164809784e-14,0.517123272905784,0.022,0.112,7.63977360799367e-10,"ADRA1D"
6.06425740253006e-27,0.517108993445368,0.038,0.206,1.94971939748744e-22,"SARNP"
1.54376099139877e-40,0.517053843857039,0.085,0.358,4.96334596344618e-36,"PTOV1"
4.73902980597298e-21,0.517012392637011,0.027,0.156,1.52364547291837e-16,"MICU2"
1.23001198903777e-09,0.516734804226299,0.019,0.08,3.95461154595533e-05,"IDUA"
2.72677937633574e-39,0.516722913903297,0.068,0.32,8.76686837285703e-35,"ARHGAP4"
1.37823627366192e-06,0.516452932681756,0.011,0.05,0.0443116744345043,"GSAP"
6.52658878379925e-07,0.516414539642373,0.011,0.051,0.020983635598793,"PCDHGB3"
8.78605506969348e-28,0.516196825517992,0.054,0.24,2.82480456545715e-23,"AC022387.1"
7.61867226975254e-50,0.516150104583428,0.125,0.474,2.44947932144814e-45,"AL109659.1"
6.95586625482687e-09,0.515910130000905,0.02,0.078,0.000223638055958939,"ZNF33B"
4.87796527196654e-17,0.515625779006856,0.031,0.142,1.56831461458996e-12,"GOLT1B"
2.63348121086921e-11,0.515559430389046,0.015,0.082,8.46690544106561e-07,"NUP155"
3.54465506315221e-11,0.515397026983201,0.023,0.097,1.13964204935407e-06,"ZFHX2-AS1"
2.78279788057525e-45,0.515246822566777,0.058,0.326,8.9469734658375e-41,"EXT2"
9.89577837578579e-07,0.514930718465287,0.011,0.05,0.0318159170559889,"NUP35"
6.04105490355889e-27,0.514723746990609,0.063,0.252,1.94225956204322e-22,"CDC34"
1.66719789983276e-10,0.514571778661499,0.017,0.082,5.36020796775231e-06,"MME"
1.00644126766659e-15,0.51446097357104,0.025,0.124,3.23580931967485e-11,"ATP8B1"
4.33169945212794e-36,0.514321853354041,0.079,0.326,1.39268469085365e-31,"HUWE1"
7.47689140753228e-14,0.514173871148622,0.019,0.102,2.4038953564357e-09,"HEATR5A"
2.1784175344847e-20,0.514102031567982,0.03,0.157,7.00383021512176e-16,"ZSWIM6"
6.29976960968965e-27,0.513356811249449,0.042,0.213,2.02543892721132e-22,"AL137127.1"
7.90949484167568e-12,0.513153763251031,0.019,0.092,2.54298168654715e-07,"ERAP2"
6.25446508195607e-35,0.513017822083427,0.069,0.302,2.0108730684997e-30,"MAFB"
6.17741371645805e-08,0.51277157405285,0.01,0.055,0.00198610028397843,"PGBD1"
1.89824275339113e-18,0.512621573782966,0.027,0.142,6.10304027642782e-14,"FBXO42"
4.76205416996434e-19,0.512599400387515,0.405,0.907,1.53104803618524e-14,"MT-TS1"
2.05903525327436e-15,0.51258468313688,0.025,0.122,6.6200042428024e-11,"C11orf95"
8.23714251916783e-16,0.512488314724439,0.025,0.124,2.64832369133765e-11,"SACS"
4.33940687044485e-21,0.512444113454245,0.042,0.184,1.39516270291672e-16,"PDPN"
1.72763266387007e-16,0.512302907279532,0.025,0.128,5.55451177760865e-12,"ST6GALNAC4"
3.20501289647484e-09,0.512143142751076,0.012,0.066,0.000103044369634562,"AC015813.1"
4.23714918204643e-14,0.511962494967105,0.019,0.104,1.36228583351975e-09,"CXorf40B"
6.04469953115063e-21,0.511858780638115,0.037,0.174,1.94343134626024e-16,"EVA1B"
5.04813067684145e-14,0.511820620882305,0.025,0.115,1.6230244939113e-09,"DENND5B"
5.99369945979133e-08,0.511772577438776,0.015,0.064,0.00192703431331751,"GTF2H3"
2.83011377771659e-12,0.511473152779845,0.015,0.087,9.0990988067366e-08,"CBWD3"
9.12641614854413e-12,0.511188089104212,0.01,0.075,2.93423405591842e-07,"BORCS5"
1.12045530187652e-10,0.51099353061351,0.012,0.074,3.6023758410632e-06,"AC011481.3"
6.08679315862315e-09,0.510833742673739,0.009,0.058,0.000195696486842893,"OPN3"
4.77020628455617e-11,0.510459435421946,0.02,0.09,1.53366902254766e-06,"DNAJC17"
5.89670141521235e-20,0.51044541717981,0.032,0.159,1.89584847200492e-15,"COG4"
3.00097002220623e-38,0.509926447370535,0.059,0.299,9.64841871839527e-34,"SMAD3"
8.37803861867116e-42,0.509699881627236,0.268,0.744,2.69362319628896e-37,"FTH1P10"
6.08931282980455e-14,0.509516874740995,0.03,0.123,1.95777496791046e-09,"AC132008.2"
3.57380227783363e-17,0.509360894131054,0.041,0.161,1.14901317034629e-12,"TREX2"
4.96693953730733e-07,0.509343878898653,0.01,0.05,0.0159692073063968,"OGFOD2"
1.58118567072673e-19,0.509211416543003,0.037,0.166,5.0836700499535e-15,"RCAN1"
1.4155807607874e-26,0.509050640192123,0.049,0.225,4.55123370400755e-22,"PRKAG2"
9.93850382715438e-08,0.508982019436667,0.014,0.06,0.0031953283654684,"DGKE"
1.66216219151455e-19,0.50894889608476,0.025,0.143,5.34401766193842e-15,"RDH11"
4.4856606977829e-09,0.50892256926296,0.015,0.07,0.000144218477094418,"HLA-F-AS1"
5.4617342961822e-37,0.508881592507467,0.067,0.306,1.75600219356554e-32,"CRELD1"
1.14988782101383e-09,0.508784153360851,0.016,0.075,3.69700433334156e-05,"TTC4"
1.28347598953814e-12,0.508594476086237,0.021,0.1,4.12650365396407e-08,"ZGPAT"
1.23305790409872e-32,0.508509882145638,0.084,0.319,3.9644044674678e-28,"ERG"
6.9588501762712e-11,0.508498769912936,0.016,0.082,2.23733992017295e-06,"ANKRD27"
3.2207933416698e-11,0.508392406882057,0.011,0.075,1.03551726728026e-06,"AC010422.6"
3.21893331056419e-26,0.508281476340174,0.037,0.2,1.03491924867949e-21,"SDR39U1"
1.38239292774002e-10,0.508255329185801,0.019,0.085,4.44453150197694e-06,"APOBEC3C"
2.82658389984634e-09,0.508136560629724,0.019,0.078,9.08774989639596e-05,"ZNF337-AS1"
2.35730787549948e-19,0.508034925752538,0.03,0.152,7.57898055051837e-15,"ARHGAP31"
3.86314610108747e-15,0.507993580476565,0.015,0.102,1.24204010296063e-10,"KCTD17"
2.75769410055419e-23,0.507992889242436,0.042,0.195,8.86626230269179e-19,"AC024940.2"
2.26564266159039e-47,0.507667858242246,0.145,0.507,7.28426772127926e-43,"ANTXR1"
1.44843490763321e-15,0.507569305459459,0.019,0.111,4.65686307153153e-11,"ZNF282"
1.98296611029786e-16,0.507285929930459,0.026,0.13,6.37543434121865e-12,"GPR176"
1.68434962553671e-39,0.507249622731405,0.088,0.359,5.41535248106309e-35,"ELK3"
3.13298428485912e-18,0.507048307468863,0.022,0.132,1.00728577742506e-13,"CHM"
1.70116352525965e-10,0.506988309202735,0.016,0.08,5.46941085006231e-06,"IFT46"
2.31120453462848e-20,0.506961675657561,0.04,0.175,7.43075369928401e-16,"ZXDC"
9.84471801925595e-16,0.506916269872581,0.033,0.14,3.16517529037098e-11,"KANTR"
1.64842471058147e-29,0.506875339086298,0.044,0.23,5.29985028699048e-25,"SOCS4"
8.65494953892229e-08,0.506667689970796,0.01,0.054,0.00278265282625891,"5-Sep"
1.04442069366705e-13,0.506408974520079,0.017,0.099,3.35791697220894e-09,"PATJ"
1.37479310816691e-17,0.506353827410464,0.019,0.122,4.42009732206743e-13,"PROSER1"
8.08775204439778e-18,0.506346172016776,0.022,0.13,2.60029315979433e-13,"ASCC2"
2.71499951275325e-12,0.506034348076867,0.026,0.107,8.72899493345297e-08,"ST6GAL2"
4.84376713238052e-19,0.505450981561107,0.031,0.152,1.55731957073166e-14,"ASCC3"
2.37896638125643e-28,0.504956593909816,0.052,0.238,7.64861481237755e-24,"FBRSL1"
1.48662852759174e-30,0.50488908991793,0.047,0.239,4.7796593790602e-26,"U2SURP"
5.22928895575379e-07,0.504816209448912,0.011,0.052,0.016812686921644,"ESCO1"
7.87229351998142e-40,0.504656136547852,0.089,0.362,2.53102108960923e-35,"UBE2H"
1.7137822925868e-11,0.504632623958284,0.019,0.09,5.50998144889581e-07,"VILL"
1.78735320798241e-11,0.503750581225159,0.012,0.078,5.74651929898426e-07,"SPAST"
2.46062726012267e-22,0.503680017055359,0.037,0.181,7.91116270402038e-18,"DLG5"
4.31775441835852e-11,0.503322673266703,0.015,0.081,1.38820122304645e-06,"NCK1"
1.3717996764719e-08,0.503292791013724,0.011,0.061,0.000441047313982481,"SAMSN1"
9.86668329764742e-12,0.502795961898753,0.022,0.098,3.17223734702662e-07,"SLC33A1"
3.62575429029061e-13,0.502280540600029,0.012,0.087,1.16571626187133e-08,"TTC5"
3.27856570961634e-17,0.50197893400676,0.032,0.145,1.05409166129875e-12,"ACADS"
6.26994032702705e-09,0.501873334549952,0.015,0.069,0.000201584851454247,"PHKA2-AS1"
3.66585477281447e-20,0.501749148520267,0.044,0.183,1.17860896800758e-15,"DNASE1"
5.59971086692176e-07,0.501635776517992,0.01,0.05,0.0180036304082401,"EIF1P5"
2.49136126524708e-30,0.501635572607182,0.059,0.262,8.00997560389589e-26,"ZNF491"
2.89556288228402e-16,0.501203475242697,0.047,0.167,9.30952422283134e-12,"ZRANB2"
5.52312010181399e-10,0.501058824840728,0.017,0.079,1.77573834393422e-05,"AC022509.1"
2.03580227763661e-25,0.501020458571118,0.038,0.198,6.54530790282948e-21,"TRMT1"
6.05418908522816e-15,0.500636786002428,0.022,0.115,1.9464823327917e-10,"ABHD17C"
3.34715308906869e-43,0.500594323111065,0.089,0.376,1.07614318966648e-38,"FAM107A"
3.62879442072978e-16,0.50057326184013,0.025,0.126,1.16669369420883e-11,"FBXO8"
1.44862954710075e-28,0.500539389065803,0.059,0.253,4.65748885688362e-24,"AC004542.2"
4.07647361857802e-10,0.50052915572865,0.021,0.087,1.31062703310902e-05,"AC022384.1"
6.23911612286548e-08,0.500405003604197,0.012,0.059,0.00200593822466248,"AC068152.1"
3.08096201993243e-10,0.500292622913882,0.017,0.081,9.90560099028474e-06,"CLEC7A"
6.08398309747874e-09,0.499963574079765,0.009,0.058,0.000195606140567039,"ATF4P3"
1.04693026540638e-15,0.499833343774399,0.031,0.135,3.36598549630804e-11,"ZBTB10"
4.99267745323389e-07,0.499635654174451,0.01,0.05,0.0160519572798923,"EIF4A1P10"
1.22094118778275e-09,0.499596757822308,0.019,0.08,3.92544801284032e-05,"FAM57A"
0.00531929197058787,0.499541216791657,0.574,0.972,1,"MALAT1"
1.59361119027798e-08,0.499391317717553,0.019,0.073,0.000512361933786275,"DHX33"
7.01987175090986e-10,0.499348928424819,0.022,0.087,2.25695896663503e-05,"AC006511.5"
6.52658319894795e-17,0.499195518607575,0.02,0.12,2.09836176429376e-12,"ZNF618"
9.49451163519196e-35,0.499044822871707,0.056,0.275,3.05258043583057e-30,"KBTBD2"
1.48773819530884e-19,0.49897819809601,0.035,0.162,4.78322707173746e-15,"SNHG3"
1.64990329455274e-30,0.498933359441502,0.079,0.3,5.3046040823165e-26,"ELP2"
3.83431336276568e-25,0.498637166965064,0.051,0.22,1.23277008926279e-20,"ZDHHC14"
1.44529896976045e-16,0.49825279829544,0.025,0.128,4.64678071767684e-12,"PLAGL1"
1.13594183171544e-15,0.497966349368909,0.025,0.123,3.65216658314831e-11,"MRPL1"
4.62527541656277e-25,0.497887407358778,0.041,0.201,1.4870722991791e-20,"TM9SF4"
4.17696940444529e-25,0.49760928125546,0.025,0.171,1.3429374332232e-20,"CPVL"
1.3925527491408e-08,0.497575667475405,0.014,0.065,0.00044771963437626,"JMJD4"
5.22449685130726e-20,0.497412903980347,0.02,0.136,1.6797279826638e-15,"AL591684.1"
1.36813656751265e-20,0.497395219741769,0.033,0.165,4.39869587820992e-16,"AC010327.5"
1.61317174770566e-22,0.497252786023123,0.038,0.184,5.18650848604847e-18,"FTSJ3"
2.73074715588771e-32,0.496939651764385,0.083,0.315,8.77962518089457e-28,"MRTFB"
6.15208361029235e-09,0.496873931347782,0.015,0.069,0.000197795640154509,"FAM135A"
6.52180955097479e-27,0.496851930867191,0.04,0.207,2.0968269887339e-22,"ARHGAP35"
6.70074919360478e-10,0.496781325894947,0.021,0.085,2.15435787323587e-05,"YES1"
3.18351256012478e-10,0.496580594329349,0.009,0.065,1.02353112320572e-05,"AC107021.1"
2.68612264770196e-45,0.495926613986528,0.093,0.394,8.63615292462657e-41,"KPNB1"
3.60283763092091e-25,0.495861360075399,0.038,0.197,1.15834832671738e-20,"MFSD6"
1.53296797785972e-25,0.495773694546253,0.032,0.187,4.92864534561679e-21,"CDC27"
5.51480978855287e-22,0.495679772916771,0.038,0.181,1.77306649511763e-17,"PIK3R3"
1.87170682137652e-21,0.49503422608154,0.047,0.194,6.01772460140764e-17,"ARL4A"
7.65626252776519e-29,0.494511239610916,0.048,0.233,2.46156496530178e-24,"FOXK1"
1.94673268653035e-07,0.494451804562974,0.009,0.05,0.00625894026046373,"TMEM132A"
3.05784206763933e-09,0.494327947189997,0.031,0.098,9.8312680316672e-05,"AC098650.1"
4.34430666929442e-13,0.494255461278756,0.017,0.096,1.39673803724485e-08,"AC027290.1"
3.51331509080598e-60,0.494223911953401,0.151,0.575,1.12956593484503e-55,"ATP6V1F"
7.40488696776354e-20,0.494173918957491,0.022,0.14,2.38074520900566e-15,"ELP3"
4.02526023577662e-37,0.494080950678923,0.057,0.288,1.29416141840454e-32,"GINM1"
3.92073070157718e-09,0.493959056463328,0.012,0.066,0.000126055412786408,"SLC25A27"
1.22731908020372e-23,0.493805175555346,0.03,0.173,3.945953574763e-19,"SCRN2"
6.67131480068677e-18,0.493700464085399,0.049,0.18,2.1448944215688e-13,"AC003991.1"
1.18272622448383e-10,0.493303067312776,0.02,0.087,3.80258308433797e-06,"AGGF1"
2.15569735429742e-06,0.492774262166108,0.014,0.053,0.0693078256380163,"ABRA"
5.31139104783601e-21,0.492293330871438,0.026,0.153,1.70766533578976e-16,"AL355075.3"
4.43780898838122e-45,0.492232370331139,0.114,0.433,1.42679996785445e-40,"DLC1"
1.91399765742295e-23,0.492114437083626,0.04,0.191,6.15369386838053e-19,"KANSL1L"
1.23506475768752e-08,0.492045500359246,0.017,0.072,0.000397085670244114,"CNTROB"
5.62425344772019e-17,0.491951527231384,0.025,0.13,1.80825372597652e-12,"AC025171.1"
6.80191075814011e-19,0.491938583048441,0.023,0.138,2.18688232784963e-14,"CEP128"
1.8662258138373e-29,0.491742516825783,0.044,0.229,6.0001026140683e-25,"MYO1E"
9.83770942666514e-11,0.4916077564194,0.023,0.094,3.16292195776711e-06,"POLR3C"
3.75636119364032e-32,0.491457801519375,0.054,0.261,1.2077076873673e-27,"SNAPC3"
5.48285086855485e-27,0.491346925206813,0.041,0.211,1.76279138274907e-22,"AL020996.2"
7.18837138182699e-20,0.491307020921533,0.04,0.173,2.31113328297119e-15,"ZDHHC24"
1.45428379251765e-28,0.490811460030512,0.054,0.243,4.6756678213235e-24,"ATP6V0A1"
2.36119600148811e-27,0.490701690260809,0.057,0.242,7.59148126438444e-23,"CC2D2A"
6.73646603767828e-22,0.490579968930428,0.042,0.188,2.16584119577394e-17,"CBLB"
5.69837975154418e-41,0.490279382764492,0.064,0.32,1.83208607391897e-36,"RAB4B-EGLN2"
4.29709028368664e-16,0.489986867708678,0.022,0.121,1.38155749710809e-11,"RCBTB1"
2.42552969574319e-28,0.489976209296526,0.04,0.215,7.79832052478391e-24,"DPYD"
1.71353849019856e-32,0.489652310106361,0.056,0.265,5.50919759983739e-28,"POPDC2"
2.39034452357182e-12,0.489624143107755,0.016,0.09,7.68519667773576e-08,"ORAI1"
1.51490470096081e-32,0.489041482285598,0.052,0.258,4.8705701040591e-28,"CSNK1G2"
3.89142480581681e-11,0.488703096219032,0.014,0.079,1.25113198931816e-06,"FAM210A"
1.74362632897702e-13,0.488370727959452,0.021,0.105,5.60593301029402e-09,"PDPR"
9.71307939297475e-15,0.488310694708868,0.023,0.116,3.12285215563531e-10,"HELZ2"
4.12097549374975e-16,0.487926725025741,0.03,0.135,1.32493483099548e-11,"LPIN2"
1.26996988676694e-07,0.487793417225995,0.011,0.055,0.00408308018294439,"FBXO27"
3.65261203311485e-15,0.48773794654071,0.021,0.114,1.17435129476676e-10,"IKBIP"
1.59726953244212e-55,0.487617505710048,0.161,0.572,5.13538127375465e-51,"7-Sep"
4.3034906813676e-14,0.48752540259857,0.036,0.135,1.3836152889665e-09,"ADAMTS9-AS2"
6.39003616251329e-42,0.487514485480094,0.074,0.343,2.05446052660965e-37,"CTBP1-AS"
1.78142018693221e-28,0.487414997389496,0.041,0.217,5.72744404300574e-24,"TWF1"
4.62150164055469e-16,0.487306771661564,0.026,0.128,1.48585899245474e-11,"GPR62"
7.33432568833299e-35,0.487223142993483,0.087,0.335,2.35805905205594e-30,"ADGRF5"
4.21173554144188e-19,0.487064047254215,0.022,0.136,1.35411509392898e-14,"HACD2"
5.00628911813735e-25,0.487021413768059,0.054,0.226,1.60957201437234e-20,"NUDT16"
1.76404375672738e-15,0.486798816431444,0.03,0.131,5.67157708225421e-11,"OSBPL10"
1.23552566811377e-08,0.48651150243387,0.011,0.061,0.000397233857555257,"TGIF2"
2.77002389864556e-49,0.48645230416722,0.169,0.567,8.90590383653534e-45,"RPS27AP16"
1.04308460809382e-36,0.486271197110013,0.054,0.281,3.35362132348244e-32,"STX12"
9.25191285350535e-21,0.485553730265861,0.037,0.173,2.97458250153051e-16,"CSKMT"
6.10791598502151e-16,0.485498959837339,0.022,0.12,1.96375606834427e-11,"DLST"
1.4136670226394e-16,0.485195853264895,0.03,0.137,4.54508084448794e-12,"REV1"
5.49154651761723e-15,0.48517550335736,0.032,0.133,1.76558712087912e-10,"TDRP"
9.00867914787835e-07,0.485167787013443,0.011,0.051,0.0289638043283437,"Z82195.2"
2.84080630950836e-12,0.485160399059389,0.035,0.122,9.13347636570034e-08,"MIEF1"
1.88670939841564e-10,0.485069391930806,0.02,0.086,6.06595938684612e-06,"AC011447.3"
1.45913999996942e-23,0.485044770573586,0.028,0.17,4.69128101390167e-19,"AC108488.2"
4.99868645974968e-09,0.484953307456296,0.012,0.065,0.000160712768367412,"AC104461.1"
2.61913570268025e-14,0.484823886615573,0.019,0.105,8.42078319768727e-10,"FAM45A"
6.10655485025511e-11,0.484729108149278,0.017,0.085,1.96331844990552e-06,"RPS27AP11"
6.51777891781542e-12,0.484685273267488,0.022,0.099,2.09553109986684e-07,"ARRDC1"
9.11026183246431e-13,0.484653542407133,0.022,0.103,2.9290402817556e-08,"AC006547.1"
4.50583347780618e-10,0.48447667641087,0.019,0.082,1.44867052144947e-05,"POGLUT1"
6.76211472442636e-30,0.484435197429874,0.054,0.25,2.17408750505032e-25,"TBC1D5"
9.90196192730462e-50,0.484073513169728,0.12,0.466,3.18357977924771e-45,"ELL2"
6.28395594997956e-16,0.48403933985626,0.012,0.101,2.02035467747793e-11,"RNF214"
1.5848240541712e-42,0.483975507739585,0.111,0.416,5.09536781656584e-38,"FMOD"
2.64048736585455e-25,0.48374497102791,0.051,0.221,8.48943092995895e-21,"ARHGAP6"
6.48548047071003e-51,0.483738753692515,0.094,0.421,2.08514682613798e-46,"G3BP1"
8.08494345450765e-07,0.483702359663902,0.011,0.051,0.0259939017005876,"AL137230.2"
3.12856420979773e-19,0.483694302818747,0.03,0.151,1.00586467909207e-14,"TTC39B"
7.00020567933448e-15,0.483608284550659,0.026,0.122,2.25063612796283e-10,"EEF1DP1"
1.11698891924584e-26,0.483299376475253,0.04,0.207,3.5912310742673e-22,"DNMT1"
4.82091021727554e-10,0.483268938485091,0.02,0.084,1.54997084395626e-05,"ZFP64"
5.4906906916168e-10,0.482820337306258,0.017,0.079,1.76531196426172e-05,"RAPGEF3"
1.75554307469457e-07,0.482633646928973,0.015,0.061,0.00564424653945052,"CCT6B"
1.28366504238185e-10,0.482555718990968,0.015,0.078,4.12711147776188e-06,"MSANTD4"
3.61060453977862e-29,0.482457545371828,0.056,0.249,1.16084546558423e-24,"LINC02456"
6.80468461791756e-39,0.482220594139642,0.088,0.356,2.18777415150667e-34,"SNHG14"
1.23594633654433e-14,0.481997468610169,0.02,0.109,3.97369106662368e-10,"DCUN1D2"
5.02432323843684e-09,0.48141578790749,0.015,0.07,0.000161537016438983,"TOMM34"
9.84226793622805e-07,0.481246177641464,0.011,0.05,0.0316438756417668,"AC005682.1"
8.64733355744446e-08,0.481238051104627,0.01,0.054,0.00278020421205397,"KIF24"
5.55415334350055e-36,0.48100586609868,0.088,0.343,1.78571584146886e-31,"PALM2-AKAP2"
5.66048207755426e-13,0.480990690459265,0.03,0.118,1.81990159275447e-08,"COG1"
3.37288099094257e-14,0.480936709355374,0.016,0.1,1.08441496739795e-09,"CACNA2D3"
7.0708252303921e-20,0.480619720866303,0.037,0.168,2.27334101982336e-15,"SAMD9L"
1.70292199394199e-30,0.48056006194002,0.083,0.306,5.4750645027229e-26,"GEM"
8.67579103587084e-27,0.480552334680454,0.049,0.226,2.78935357594283e-22,"ZNF331"
2.00992351080758e-15,0.479997518885311,0.02,0.113,6.46210507959745e-11,"MIA2"
4.74170557038073e-42,0.479587755043228,0.073,0.341,1.52450575793311e-37,"SLC41A3"
8.20472375559956e-27,0.47957902577434,0.043,0.214,2.63790073466281e-22,"BECN1"
4.81676616831686e-18,0.479510038096564,0.036,0.156,1.54863849077555e-13,"TP53INP1"
1.85747434890177e-22,0.479417720752638,0.043,0.193,5.97196577915407e-18,"RPSAP9"
5.65115373174249e-16,0.479288960891686,0.021,0.118,1.81690243629253e-11,"NOD1"
2.87083392940012e-15,0.479101706334574,0.022,0.117,9.23001816641433e-11,"SCAND1"
1.53409643643902e-12,0.479080852053817,0.016,0.091,4.93227345279509e-08,"TWISTNB"
2.46777704872714e-10,0.478915984233695,0.023,0.092,7.93414998936264e-06,"POLR2D"
4.19368861712512e-09,0.478568463974472,0.02,0.079,0.00013483128272919,"RPS3AP49"
1.44839879246406e-11,0.47830476163291,0.02,0.092,4.65674695765119e-07,"ERN1"
3.23409294656389e-21,0.478275176240611,0.033,0.168,1.03979322324976e-16,"AC125807.1"
7.99973483969621e-19,0.478204588945309,0.047,0.181,2.57199474831073e-14,"MYBBP1A"
6.27817540067717e-27,0.47809344348694,0.041,0.21,2.01849617307172e-22,"CDYL"
3.30427869706599e-15,0.478045787637412,0.02,0.112,1.06235864389369e-10,"TNRC6C"
9.27248065236815e-15,0.477735884508284,0.023,0.116,2.98119525454288e-10,"NOL8"
2.3914168837809e-26,0.477711218406134,0.04,0.205,7.68864442304399e-22,"MAP2K1"
3.35080768267487e-18,0.477541515478378,0.046,0.175,1.0773181780568e-13,"SIPA1L1"
2.71267820659936e-11,0.47717371647334,0.012,0.077,8.72153170203759e-07,"IQCH-AS1"
1.91029592276229e-32,0.477161470032483,0.066,0.283,6.14179242127305e-28,"CUL1"
6.6585054646649e-12,0.477145360170575,0.017,0.09,2.14077609194441e-07,"TTBK2"
1.50041213195686e-30,0.477086013887678,0.048,0.242,4.82397504545449e-26,"SMIM7"
9.06990324183214e-16,0.47708155074021,0.035,0.142,2.91606459128145e-11,"ZNF37BP"
2.86455697958192e-12,0.476709041665993,0.019,0.094,9.20983714505384e-08,"TUT7"
1.39580116027676e-10,0.476666545417292,0.026,0.098,4.48764031040581e-06,"HSD11B1-AS1"
3.96042735043703e-13,0.475899873715537,0.023,0.108,1.27331699743901e-08,"TTC39C"
1.40658919246263e-14,0.475768975567644,0.02,0.108,4.52232491268659e-10,"ELMO1"
2.44337710330887e-32,0.475678434256136,0.064,0.281,7.85570172484836e-28,"ZMYM4"
1.56883952691124e-25,0.475639716779523,0.044,0.21,5.04397596297233e-21,"ZNF44"
6.66605628759921e-09,0.475500315337433,0.01,0.06,0.000214320375702602,"AC019257.7"
7.2474453408755e-24,0.475245228161971,0.031,0.176,2.33012615154488e-19,"APH1B"
1.59864237463651e-25,0.475223745406114,0.042,0.206,5.13979509869385e-21,"AC000089.1"
7.1586556257511e-07,0.475065090788207,0.011,0.051,0.0230157937023524,"MPP3"
9.25118410776817e-07,0.47477057923412,0.017,0.061,0.0297434820248854,"ANO2"
1.48521998393252e-18,0.474488568318325,0.037,0.161,4.77513077034143e-14,"ZNF252P"
1.31691142422419e-54,0.474194193637916,0.124,0.492,4.23400192002318e-50,"PCAT19"
5.28001701055105e-11,0.474140597117927,0.019,0.087,1.69757826906227e-06,"FAS"
1.28325529594849e-30,0.473936241907291,0.052,0.249,4.12579410200399e-26,"MCMDC2"
7.72678036846892e-17,0.473859681045372,0.031,0.141,2.48423715626644e-12,"CRNKL1"
3.22619026428631e-09,0.473762942904667,0.012,0.066,0.000103725243187069,"PIM2"
2.99293486801755e-09,0.473658896826214,0.016,0.073,9.62258489416321e-05,"ABI3"
9.04341964915232e-33,0.473401446467661,0.067,0.287,2.90754985139896e-28,"CCNY"
3.18156002346609e-26,0.473335870396306,0.04,0.204,1.02290336314458e-21,"HDAC4"
1.47532954718908e-30,0.473323296327672,0.046,0.236,4.7433320271676e-26,"EPHB4"
9.29809338014571e-34,0.473256494141898,0.051,0.261,2.98943000265065e-29,"ACVRL1"
8.80888268818784e-23,0.473167490288479,0.025,0.159,2.83214387307927e-18,"GNL2"
3.31183377359339e-30,0.473158610704714,0.051,0.245,1.06478767654801e-25,"TMX1"
2.8918078673497e-36,0.47314579303861,0.069,0.308,9.29745147431603e-32,"GNAI3"
8.23975632362212e-17,0.473049033583917,0.025,0.129,2.64916405560775e-12,"GET4"
1.53707757004006e-16,0.472913159806262,0.03,0.137,4.94185809543579e-12,"DHRS4-AS1"
3.52626480393121e-14,0.472884229391719,0.03,0.124,1.13372939711192e-09,"NCKIPSD"
6.06623631200758e-29,0.472743064617355,0.07,0.276,1.95035563667356e-24,"CDK4"
1.03418150457999e-11,0.472731856313089,0.025,0.102,3.32499695537513e-07,"HERC6"
8.03101992211019e-07,0.472562090125892,0.011,0.051,0.0258205321515765,"AC051619.6"
2.82256231796258e-11,0.472304966639173,0.025,0.1,9.07482010848149e-07,"C1GALT1"
3.27904267186026e-06,0.472215401011269,0.012,0.05,0.105424500942979,"NRSN2-AS1"
8.0109269152813e-13,0.472194511873345,0.022,0.104,2.57559311253209e-08,"RANBP6"
5.52344653074338e-32,0.472010218673158,0.339,0.821,1.7758432940993e-27,"SOCS3"
7.05231951462703e-11,0.471867526505373,0.012,0.075,2.26739124714774e-06,"RNASE6"
9.83458376111142e-23,0.471533307488254,0.043,0.194,3.16191702503493e-18,"AP2B1"
3.91841186101128e-14,0.47136008028294,0.021,0.108,1.25980859743374e-09,"TTC27"
8.53688351527086e-15,0.471341219579226,0.021,0.112,2.74469341899473e-10,"LCOR"
6.70056944305123e-38,0.471303144062394,0.094,0.362,2.1543000816354e-33,"NASP"
1.56801008857246e-22,0.471243493703861,0.042,0.191,5.0413092357693e-18,"DCP2"
6.56546714847048e-33,0.470814031002886,0.063,0.281,2.11086334290474e-28,"MAPK14"
3.35199055468259e-23,0.470745528516471,0.041,0.192,1.077698483236e-18,"RTF2"
4.57069780749468e-12,0.470616078792486,0.023,0.102,1.46952505208762e-07,"AC104938.1"
4.69042936454988e-16,0.470613069446972,0.025,0.125,1.50801994499643e-11,"GPER1"
5.15861065662871e-08,0.470351705342801,0.014,0.062,0.0016585449122127,"KRT18"
2.03490262983239e-24,0.470271152189044,0.046,0.207,6.54241544517413e-20,"ARFGEF1"
8.6934739412545e-21,0.470139768997136,0.031,0.161,2.79503880685274e-16,"MRPS12"
9.04992029256562e-08,0.46999222550301,0.011,0.056,0.00290963987326277,"CEMP1"
1.76773056295464e-31,0.469682786245249,0.053,0.255,5.68343053295546e-27,"PDS5A"
3.96374702428313e-25,0.469600062131145,0.04,0.199,1.27438430577727e-20,"ACAT2"
6.25493146566242e-10,0.469525646226582,0.017,0.079,2.01102301552512e-05,"CIDEB"
3.07611308836216e-42,0.469497287581456,0.083,0.361,9.89001119039318e-38,"TRAF5"
5.89741901948192e-12,0.469392391547312,0.016,0.088,1.89607918895363e-07,"MTPAP"
1.18892507647245e-12,0.46934937185903,0.023,0.105,3.82251301336656e-08,"ZNF783"
1.04523211718056e-18,0.469339496408864,0.017,0.125,3.36052577994722e-14,"ADNP2"
1.31146456774512e-13,0.469130036306908,0.025,0.112,4.21648973175734e-09,"TET2"
6.15919668998331e-56,0.468998143379214,0.13,0.512,1.98024332779653e-51,"RBM6"
1.41388643681217e-09,0.468862648401126,0.014,0.07,4.54578628299481e-05,"DHX29"
7.34775150327397e-27,0.468845342968748,0.048,0.224,2.36237558581762e-22,"TMEM79"
8.05296372720882e-13,0.468686121998642,0.032,0.121,2.58910836793491e-08,"1-Dec"
2.6983350777977e-09,0.468632423852154,0.014,0.069,8.6754171086274e-05,"TMEM199"
5.53632357257024e-07,0.468468954977995,0.014,0.056,0.0177998339181706,"TMEM231"
1.21828243519004e-09,0.468453178806506,0.02,0.082,3.9168998573795e-05,"B9D1"
1.47382218597137e-19,0.468451024953687,0.04,0.171,4.73848571011657e-15,"ATG2B"
1.33873490851186e-43,0.468350194570879,0.075,0.352,4.30416660435649e-39,"CCT2"
7.4329985799068e-19,0.468212179466869,0.027,0.144,2.38978337342583e-14,"PCNX3"
2.59551564420925e-21,0.468189282302189,0.027,0.157,8.34484234769716e-17,"BBS7"
6.31493487864554e-22,0.468115219285079,0.033,0.171,2.03031471283333e-17,"HMOX2"
3.08601165176317e-15,0.468059433257,0.021,0.114,9.92183606158377e-11,"MAML2"
2.66055380506162e-10,0.46769187775871,0.019,0.083,8.5539465386536e-06,"DGKA"
1.22734665662229e-51,0.467656473744215,0.103,0.441,3.94604223570633e-47,"MYOF"
2.70163484388144e-08,0.467595707798524,0.015,0.065,0.000868602618656322,"VWA8"
1.32501505596378e-16,0.467404428775129,0.04,0.155,4.26005590642914e-12,"PSPC1"
7.66971646158419e-23,0.467380724598174,0.048,0.204,2.46589053956393e-18,"GBA2"
1.64196599568368e-17,0.46729634412035,0.023,0.131,5.27908487272259e-13,"CD4"
1.2791190850055e-08,0.467238020385595,0.014,0.065,0.000411249577020119,"AC090771.2"
3.58453723383807e-41,0.466544142812759,0.122,0.432,1.15246456605128e-36,"SRSF11"
9.71422116247161e-10,0.466223450297298,0.015,0.074,3.12321924594625e-05,"DPY19L2"
1.01032780085984e-08,0.466213685254982,0.01,0.059,0.000324830491254446,"LINC00641"
3.2388959488114e-11,0.46618328748032,0.01,0.072,1.04133743650235e-06,"AC084756.1"
8.1523104829685e-26,0.465729435873149,0.048,0.219,2.6210493433792e-21,"MRPL10"
2.49133649718292e-23,0.465601682762548,0.048,0.206,8.00989597209282e-19,"FAM208A"
2.39543968031788e-13,0.46544158631114,0.022,0.107,7.70157811619002e-09,"CEP170"
2.15453310469122e-50,0.465308510846926,0.105,0.441,6.92703938489275e-46,"AL807752.6"
7.18269491006562e-07,0.465183974581906,0.011,0.051,0.023093082405352,"ZNF770"
1.70884485185747e-36,0.465080054372191,0.078,0.327,5.49410708320696e-32,"VPS51"
4.60874439477665e-13,0.465063761724519,0.02,0.101,1.48175741036464e-08,"SNORD104"
9.21688482529973e-51,0.464812875049114,0.106,0.444,2.96332064018212e-46,"AC091167.2"
5.65480636813745e-24,0.464476648995705,0.044,0.202,1.81807679541987e-19,"PARP6"
9.13633083534787e-19,0.46430308598674,0.028,0.146,2.93742172687269e-14,"RUBCN"
1.43482263588812e-14,0.463838359981505,0.025,0.117,4.61309825664388e-10,"MVB12B"
9.09063451316226e-11,0.4636172337186,0.019,0.086,2.9227299023268e-06,"ZBTB41"
2.67500125934843e-35,0.463584152992603,0.095,0.353,8.60039654893112e-31,"SHANK3"
1.37476433983752e-35,0.463403727010167,0.063,0.292,4.42000482901163e-31,"EIF2S1"
8.01066759554932e-34,0.463153570012336,0.058,0.276,2.57550973864506e-29,"AC034102.4"
5.04941755499349e-11,0.462773031098521,0.019,0.087,1.62343823810596e-06,"NSUN4"
2.07350014885246e-44,0.462729938631499,0.063,0.331,6.66651032857554e-40,"CCNH"
3.17024699255744e-18,0.4622756228162,0.038,0.162,1.01926611057714e-13,"FAM120B"
9.76058887105415e-40,0.461927693881068,0.08,0.345,3.13812692793262e-35,"SLC16A3"
4.38861162222125e-23,0.461774953935902,0.028,0.168,1.41098252266035e-18,"TOR3A"
2.90193146674759e-07,0.461654408070619,0.01,0.051,0.00932999985874017,"FLCN"
1.50719314400251e-23,0.461636617773373,0.04,0.191,4.84577667728247e-19,"RCC1"
2.46770624345913e-50,0.461344668155636,0.129,0.485,7.93392234334544e-46,"FOXP1"
2.78373128676517e-26,0.460978534553538,0.038,0.202,8.9499744600787e-22,"NT5DC1"
1.36509929971018e-13,0.460918018410956,0.03,0.121,4.38893075849821e-09,"BLOC1S4"
4.14328974698495e-14,0.460904991716757,0.03,0.124,1.33210908655313e-09,"AC138969.1"
2.50169218715513e-14,0.460771586902128,0.032,0.129,8.04319055092246e-10,"AC139795.2"
6.28245866842865e-18,0.460733620559765,0.031,0.147,2.01987328648649e-13,"FBXO31"
6.33336538809952e-32,0.460727969771656,0.061,0.271,2.03624030592788e-27,"USP33"
2.35982107240938e-08,0.46043251976102,0.016,0.068,0.000758706072990341,"DENND4C"
8.95635584087222e-15,0.460420881556862,0.028,0.125,2.87955796639883e-10,"RPS7P10"
1.36157610471218e-38,0.460381871372098,0.073,0.325,4.37760333426012e-34,"PTPN12"
1.3076568334464e-13,0.460271018350845,0.009,0.082,4.20424748521351e-09,"TBC1D25"
2.18929572930813e-19,0.460217019204421,0.031,0.154,7.03880469929858e-15,"CCNT2"
9.77584890232639e-18,0.459983130475195,0.026,0.136,3.14303318058696e-13,"LEMD2"
6.65483802504405e-15,0.459976415487461,0.023,0.117,2.13959697343191e-10,"SGK3"
5.58572611613035e-09,0.459543213669511,0.012,0.065,0.000179586680359707,"GLDN"
1.46778802097924e-11,0.459329606458259,0.025,0.101,4.71908526625036e-07,"ABCB7"
4.47569426642466e-15,0.458886276087633,0.019,0.109,1.43898046359819e-10,"DOC2B"
6.58812192619185e-09,0.4586186549644,0.01,0.06,0.000211814708048994,"UTP15"
4.13606852475601e-56,0.458562011052025,0.119,0.492,1.32978739139431e-51,"LRCH3"
1.00875812927376e-12,0.458432511552731,0.026,0.11,3.24325826142807e-08,"ATAD3B"
6.62619647212243e-42,0.458283632269158,0.078,0.35,2.13038842775208e-37,"LEPROTL1"
1.50934971297043e-12,0.458252519940558,0.023,0.105,4.85271026217123e-08,"PPIF"
1.00028159378497e-35,0.457961001956771,0.082,0.329,3.21600535217804e-31,"MT-TY"
1.32205738634831e-21,0.45773166347156,0.021,0.146,4.25054670284844e-17,"AC005162.3"
2.50695901663887e-21,0.457508639079082,0.03,0.162,8.06012393439564e-17,"MICAL3"
8.74065038574484e-20,0.457506008477792,0.035,0.163,2.81020650552082e-15,"ANG"
2.99165599920741e-08,0.457462672166352,0.011,0.059,0.000961847320305174,"AC093423.3"
9.37656708301621e-37,0.457254895533556,0.078,0.327,3.01466008286054e-32,"EME2"
6.12750273112915e-10,0.457232911227454,0.017,0.079,1.97005340308533e-05,"DYRK3"
1.32038939964311e-14,0.457178786704841,0.03,0.127,4.24518395879257e-10,"FGD4"
3.60614565553261e-07,0.457093293559885,0.01,0.051,0.0115941188971029,"PRIM2"
3.17370458396278e-23,0.45693099741268,0.048,0.206,1.02037776078987e-18,"BAX"
6.44480038882041e-13,0.456928406203874,0.028,0.115,2.07206777300965e-08,"APPL2"
3.61649967334447e-23,0.456651233613319,0.048,0.206,1.16274080997698e-18,"VTI1A"
8.00909015377306e-30,0.456596380646034,0.047,0.236,2.57500257533958e-25,"SHOC2"
1.05762831418038e-15,0.456569565125973,0.01,0.095,3.40038079292135e-11,"VMO1"
3.02901634532373e-12,0.456549624113693,0.016,0.089,9.73859045185031e-08,"HSPA14.1"
2.98254504437011e-19,0.456395372635609,0.031,0.153,9.58918057215434e-15,"FAM156A"
7.54346623594152e-11,0.456251183293062,0.023,0.095,2.42529982951756e-06,"FAM84B"
3.80710219393373e-20,0.456024517791522,0.043,0.18,1.22402142637163e-15,"TYK2"
2.18344530543288e-09,0.455907720181238,0.01,0.063,7.01999500149725e-05,"AL080276.2"
4.53691256787288e-24,0.455660020447707,0.057,0.226,1.45866275969681e-19,"STXBP3"
2.33593324410195e-15,0.45557091542904,0.027,0.126,7.51025897311219e-11,"RPTOR"
7.55688728617382e-20,0.455559919825613,0.043,0.179,2.42961483137775e-15,"AC027097.2"
2.37937257485847e-08,0.45553172265408,0.019,0.072,0.000764992076542746,"ZNF273"
3.5366262538186e-12,0.455271602198251,0.015,0.087,1.13706070686522e-07,"ISY1"
1.95151717269005e-12,0.455269194670409,0.022,0.102,6.27432286191579e-08,"ACER3"
2.91986249238112e-47,0.455244794194692,0.064,0.346,9.38764989925455e-43,"NOP56"
3.90203728020555e-14,0.455204019469734,0.03,0.124,1.25454400595889e-09,"SCARB1"
1.27040167691163e-22,0.455203718843056,0.028,0.166,4.08446843143858e-18,"ACCS"
2.79277117464404e-26,0.454890328167831,0.048,0.221,8.97903860359806e-22,"NDUFAF8"
1.89223179139031e-18,0.454507796168719,0.036,0.158,6.08371443249897e-14,"MTA3"
5.06668190777659e-16,0.454495055471511,0.02,0.116,1.62898890016925e-11,"MTRR"
2.79902350900150e-12,0.454282384076345,0.019,0.094,8.99914048379074e-08,"RPH3AL"
5.20751215280091e-30,0.454014846728775,0.051,0.243,1.67426723224702e-25,"RBM10"
1.56071152004115e-23,0.453880539162307,0.054,0.219,5.01784360808431e-19,"ABL2"
1.62855342990853e-24,0.45377965063703,0.027,0.172,5.23596213249891e-20,"MTMR9LP"
2.80893032724474e-08,0.453700172060511,0.016,0.068,0.000903099189512456,"ICA1L"
2.00131374033619e-15,0.453639172144454,0.032,0.136,6.4344238065549e-11,"MTCO1P40"
2.02688246944797e-16,0.45358802513592,0.017,0.113,6.51662982752218e-12,"RPL35P2"
2.0049879005043e-17,0.45358608012933,0.032,0.146,6.44623659891138e-13,"LLPH"
6.47377461142872e-15,0.453430666681645,0.021,0.113,2.08138327532045e-10,"SLC50A1"
1.71417441316861e-20,0.45333111217351,0.052,0.198,5.5112421557784e-16,"GABBR1"
7.53787736191833e-52,0.452835614570085,0.094,0.423,2.42350295063036e-47,"ARHGEF7"
1.77718086198629e-13,0.452807040299652,0.015,0.094,5.7138141893721e-09,"RAB40C"
3.95495675999859e-17,0.452725112050022,0.026,0.133,1.27155814790715e-12,"ROBO1"
3.82736902592281e-15,0.452530585906339,0.025,0.12,1.23053741552444e-10,"NAA16"
2.15071686230725e-19,0.452473377301077,0.03,0.152,6.91476978400405e-15,"AL139300.1"
3.48660348085007e-15,0.452447959431265,0.02,0.112,1.12097788512811e-10,"HACE1"
1.31053845540183e-15,0.452408511275987,0.025,0.123,4.21351218796243e-11,"MCTP1"
2.56957027902571e-28,0.452193882819439,0.067,0.266,8.26142540409556e-24,"KIZ"
2.6239554186948e-07,0.452041297392075,0.014,0.058,0.00843627906664565,"HOXA11-AS"
2.77801802101134e-18,0.451810693503944,0.433,0.905,8.93160573935356e-14,"AC025259.3"
5.4133594614267e-18,0.451700912059172,0.038,0.16,1.7404492004433e-13,"IFIT3"
5.26410853568453e-22,0.451657948388556,0.026,0.158,1.69246353530793e-17,"DTD1"
7.03387886957899e-37,0.451547990182856,0.079,0.329,2.26146239535834e-32,"RIN2"
8.87050366884658e-14,0.451485837540492,0.021,0.107,2.85195563457086e-09,"NPIPB13"
1.03653302129729e-20,0.451453752835315,0.038,0.175,3.33255731677293e-16,"RBM33"
7.13610096887333e-22,0.451446406220241,0.025,0.155,2.29432782250246e-17,"ALDH1A1"
2.48970553817487e-30,0.451357193493381,0.042,0.228,8.00465227578603e-26,"ERI3"
2.75528074854584e-32,0.451071233545885,0.068,0.287,8.85850313464974e-28,"NTRK3"
2.62785598140462e-30,0.450971396625817,0.042,0.228,8.44881976581399e-26,"IPO11"
3.97988401463342e-19,0.450874890171651,0.036,0.162,1.27957250954479e-14,"GPRC5B"
4.19793970098331e-27,0.450181502828275,0.044,0.218,1.34967959326314e-22,"PLEKHA4"
4.12753508225833e-53,0.450107686432839,0.13,0.501,1.32704380429688e-48,"ENAH"
1.64957494174493e-14,0.449764095264113,0.033,0.133,5.30354839520413e-10,"RUFY3"
3.3202569844602e-18,0.449421853340273,0.027,0.141,1.0674958230738e-13,"ORC5"
1.0913496938934e-24,0.449081408867805,0.042,0.201,3.50879840083668e-20,"CAPG"
5.04109347020072e-08,0.449014671050222,0.012,0.06,0.00162076196160423,"PRR12"
6.32937435080244e-22,0.448988389140121,0.046,0.195,2.03495714752649e-17,"ITPKC"
2.91542588055547e-50,0.448815195934586,0.115,0.46,9.37338574857388e-46,"RSF1"
2.66686022259959e-29,0.448740660286672,0.052,0.243,8.57422230167996e-25,"KIF22"
1.22873254255866e-14,0.448374257490356,0.017,0.104,3.95049799758035e-10,"IL10RB"
1.24091885625065e-28,0.448323818760304,0.046,0.227,3.98967821473146e-24,"KDM3A"
2.55632817175088e-15,0.44826993626171,0.032,0.135,8.21885070499625e-11,"SOX7"
5.69404082425066e-36,0.448166568838854,0.058,0.286,1.83069106540483e-31,"TRANK1"
1.54977019574149e-21,0.448027306079581,0.031,0.165,4.98266615632845e-17,"MCM3AP-AS1"
2.90819371788518e-18,0.448002855885594,0.04,0.164,9.35013362237265e-14,"KIF2A"
6.21384681348668e-17,0.44792652909924,0.026,0.132,1.9978138890041e-12,"PPARG"
2.91692960679941e-53,0.447830156445884,0.096,0.434,9.3782203788208e-49,"PABPN1"
7.91294848580401e-08,0.44770069747864,0.014,0.061,0.00254409206767085,"ITIH4"
1.56143113351862e-54,0.446944115026617,0.119,0.481,5.02015723737572e-50,"RNPS1"
2.98181658981832e-16,0.446800221400819,0.033,0.142,9.58683851792487e-12,"NSMCE3"
2.76275208766083e-22,0.446716611041822,0.036,0.178,8.88252423703835e-18,"ZACN"
6.97982138428944e-15,0.446687193400732,0.027,0.124,2.2440823732629e-10,"TARBP1"
1.24055646808242e-15,0.446638563270034,0.026,0.125,3.98851310053177e-11,"FUK"
1.82386560809259e-24,0.4464462369049,0.043,0.203,5.86391031657848e-20,"SKIL"
4.51622045739099e-06,0.446381471691441,0.014,0.051,0.145201003925578,"KIAA1211L"
2.56117792794918e-08,0.446119302784724,0.01,0.057,0.000823444315614942,"DHRS4"
1.79783853779173e-13,0.446053938912232,0.015,0.094,5.7802306828542e-09,"ORC3"
2.18399810008054e-13,0.445993448767035,0.028,0.118,7.02177229156896e-09,"TSPYL4"
8.35730091749621e-29,0.445684528963586,0.047,0.231,2.68695581798421e-24,"TRIB2"
4.60431806458106e-28,0.445545007161922,0.046,0.224,1.48033430094346e-23,"C11orf24"
2.1490612804551e-12,0.445418577261158,0.016,0.09,6.90944692279121e-08,"RNF170"
4.1883246066689e-21,0.445142581729882,0.033,0.168,1.34658824429012e-16,"LINC01118"
1.3315603850229e-08,0.445115644871195,0.006,0.051,0.000428109979388712,"ZNF250"
5.09280868984284e-13,0.444235776770491,0.019,0.098,1.63738892187137e-08,"AC115284.1"
2.12483844657554e-17,0.443661464045569,0.037,0.155,6.83156808958503e-13,"SPATA7"
4.51695923967832e-39,0.443534761017559,0.068,0.318,1.45224756514898e-34,"REST"
1.49976265959315e-13,0.443250557863768,0.027,0.117,4.82188692685793e-09,"ZFX"
5.43335952154164e-16,0.443144977098128,0.028,0.132,1.74687941977085e-11,"LIPE-AS1"
1.7656390482573e-09,0.443113514737076,0.012,0.068,5.67670610405206e-05,"STK32C"
3.2949226101125e-06,0.443050299325053,0.014,0.052,0.105935056837727,"GTPBP10"
1.02588775464069e-30,0.443037599161081,0.052,0.249,3.29833171994528e-26,"MCTS1"
1.80715858801641e-26,0.442816866592819,0.036,0.198,5.81019557633156e-22,"MMP19"
9.25837743101379e-22,0.442669842280076,0.025,0.154,2.97666092784524e-17,"MEIS3"
5.13930692399658e-23,0.442636277072974,0.046,0.2,1.65233856913414e-18,"IL3RA"
1.20589802591299e-16,0.442529770454756,0.022,0.124,3.87708274311285e-12,"COMMD9"
8.00359035086325e-34,0.442462809232063,0.069,0.297,2.57323433370604e-29,"MT-TE"
3.44723158760247e-27,0.442261209239202,0.038,0.207,1.10831942773007e-22,"RIMKLB"
8.22637709808751e-60,0.442188352346756,0.13,0.526,2.64486250080612e-55,"GSDMD"
5.75738844517596e-11,0.44218644199942,0.019,0.087,1.85105795900852e-06,"ATG4D"
6.89360190388942e-15,0.442112474873799,0.028,0.126,2.21636194811949e-10,"ZNF768"
4.76780695004627e-10,0.442026769064728,0.02,0.084,1.53289761250938e-05,"SNX8"
3.56882179227332e-24,0.442024253458185,0.037,0.19,1.1474118944338e-19,"AC093668.1"
5.64126127991808e-14,0.441661275270296,0.025,0.114,1.81372191410646e-09,"SMN1"
2.85326526499455e-18,0.441306823977387,0.028,0.144,9.17353315348397e-14,"ODF2L"
2.68010227887173e-15,0.441162978677877,0.028,0.128,8.61679683680051e-11,"ZKSCAN8"
1.159096694143e-09,0.440862196479253,0.015,0.073,3.72661178133917e-05,"TRIM21"
2.08460898793066e-17,0.440541298979365,0.021,0.125,6.70222635709586e-13,"MAP1S"
5.26763317477629e-39,0.440509124393374,0.051,0.284,1.69359674202233e-34,"EXOC4"
1.61592835015289e-18,0.440277059979562,0.041,0.168,5.19537123857655e-14,"HSPA13"
1.59960597428582e-11,0.440214499086439,0.017,0.088,5.14289316792635e-07,"SLC26A3"
1.63127648753914e-24,0.440151924298831,0.03,0.177,5.2447170350871e-20,"AC020915.1"
8.14174397372958e-24,0.440121572185505,0.031,0.176,2.6176521049938e-19,"SLC37A3"
7.13529623975418e-13,0.440092298576124,0.012,0.086,2.29406909404337e-08,"TATDN3"
3.96167633838643e-37,0.439980552812093,0.066,0.305,1.27371855955462e-32,"KALRN"
6.43989418432768e-13,0.439953881604782,0.019,0.097,2.07049037920319e-08,"EPS15L1"
2.14045061003493e-52,0.439810504585681,0.103,0.441,6.8817627563233e-48,"PRRC2C"
4.58558405373222e-12,0.439679018078908,0.019,0.093,1.47431112911545e-07,"AC005746.2"
3.53806731757266e-07,0.439613078480328,0.014,0.057,0.0113752402327279,"RNASEL"
2.41052499293576e-10,0.439582274150101,0.016,0.079,7.75007890478777e-06,"CCDC200"
2.94345105756444e-35,0.439550021145903,0.046,0.258,9.46348949517544e-31,"GPCPD1"
2.23089195345507e-12,0.439480442851869,0.02,0.097,7.17254071955341e-08,"GRAMD2B"
9.71536342885124e-34,0.439173204705968,0.072,0.301,3.12358649600996e-29,"BOP1"
2.47405054320049e-27,0.4390830103768,0.051,0.231,7.95431990144391e-23,"ETS1"
2.93279901335978e-12,0.438574649682005,0.021,0.098,9.42924210785303e-08,"B4GALT3"
1.34286458870792e-09,0.438521352607612,0.011,0.066,4.31744393915485e-05,"MMP28"
1.45926400875785e-35,0.438503733003469,0.073,0.313,4.69167971455738e-31,"AL592114.1"
6.69875149808528e-44,0.438474246685065,0.099,0.4,2.1537155941494e-39,"PACSIN2"
7.99918036149531e-19,0.438273349988407,0.031,0.151,2.57181647802436e-14,"TAZ"
4.9384891402749e-13,0.437981644744287,0.025,0.109,1.58777364348978e-08,"AQP3"
2.00629568540701e-23,0.437958392402879,0.032,0.177,6.45044125815209e-19,"C20orf194"
7.10567746309894e-12,0.437915477262409,0.009,0.073,2.28454636116094e-07,"XPC"
1.12978911942423e-15,0.437855575838349,0.02,0.114,3.63238499786084e-11,"TDG"
6.44381903885601e-18,0.437847618407398,0.047,0.175,2.0717522591826e-13,"GATAD2A"
3.36186403036061e-21,0.437827730083545,0.057,0.211,1.08087290440124e-16,"RAD21"
3.92468413469358e-28,0.437781252901849,0.042,0.218,1.26182519614533e-23,"STIP1"
1.00897384593048e-27,0.437747193685162,0.033,0.199,3.24395181205107e-23,"NES"
5.49322236005103e-15,0.437428922060036,0.025,0.12,1.76612592098e-10,"TYMP"
3.86965760917049e-09,0.437384217953143,0.009,0.059,0.00012441336179244,"AC078881.1"
2.37595031291701e-16,0.437347428036494,0.025,0.127,7.63891785105947e-12,"ABCB10"
8.62378986083016e-46,0.437314348204173,0.103,0.417,2.77263467815551e-41,"PTPRS"
1.07254156427108e-07,0.436994110557596,0.01,0.053,0.00344832838328796,"ZNF445"
4.13371360664501e-47,0.436867995069972,0.093,0.401,1.32903026167244e-42,"DDOST"
5.45051339259783e-21,0.436854995892499,0.026,0.153,1.75239456085413e-16,"AC092017.3"
2.0920915769541e-08,0.436607501554938,0.012,0.062,0.000672628362906513,"PGAP2"
3.79357499852193e-41,0.43642765328453,0.088,0.364,1.21967229777478e-36,"BACE2"
5.82774291945274e-18,0.436419337128911,0.032,0.149,1.87367762603325e-13,"RPS3AP5"
2.53591051358568e-38,0.436374292662163,0.056,0.291,8.15320589222931e-34,"MRTFA"
2.24745538140304e-42,0.436149374355528,0.077,0.349,7.22579379674892e-38,"SH3GL1"
3.8680814406178e-15,0.435984213098858,0.027,0.125,1.24362686397303e-10,"ADAMTS10"
6.95898065635002e-12,0.435796984014144,0.021,0.096,2.23738187082309e-07,"WDR35"
1.12738760173238e-31,0.435655859274363,0.07,0.289,3.62466387832976e-27,"DCLK1"
4.77501403425363e-19,0.435171503756197,0.023,0.138,1.53521476215288e-14,"BCS1L"
8.34245791657755e-38,0.434906951019884,0.062,0.3,2.68218364475885e-33,"BUD23"
1.74788422540817e-11,0.434873340952833,0.007,0.069,5.61962257310982e-07,"NOTCH2NLA"
2.45618657634118e-59,0.43460464231011,0.19,0.652,7.89688546159451e-55,"RPL13AP25"
2.02152952824099e-16,0.434577279323677,0.03,0.136,6.4994195862476e-12,"KIF28P"
1.38846714973612e-22,0.434388210141413,0.03,0.168,4.46406073311659e-18,"OSBPL1A"
2.41244653909003e-11,0.434376920854368,0.02,0.091,7.75625686782835e-07,"UVSSA"
3.07971745969536e-39,0.434359275488358,0.049,0.283,9.90159960466656e-35,"IPO9"
8.66638560183363e-08,0.434228259707418,0.01,0.054,0.00278632963484553,"SLC6A9"
1.08047036220252e-31,0.433626615493327,0.064,0.278,3.47382026151733e-27,"MT-TC"
5.6219988724625e-37,0.433566234635465,0.073,0.318,1.80752885748542e-32,"UBE2E1"
5.26197578388142e-13,0.433435842325568,0.032,0.122,1.69177783427571e-08,"PLK2"
1.03880054193708e-20,0.433234799649366,0.044,0.186,3.33984762238192e-16,"PLEKHG1"
1.03465244478127e-16,0.433116678483323,0.035,0.147,3.32651107521626e-12,"PAPSS1"
1.12332954431183e-12,0.432975216225223,0.015,0.089,3.61161681791696e-08,"PCDH15"
5.98444797202135e-21,0.432731710312858,0.042,0.183,1.92405986748458e-16,"NAV2"
1.36635627819862e-10,0.432665214635662,0.014,0.076,4.39297207003638e-06,"MEMO1"
1.71703784232012e-26,0.432440628157379,0.056,0.236,5.52044836684341e-22,"SGTA"
9.29315005915218e-21,0.432408041840268,0.019,0.138,2.98784067551802e-16,"AP3B1"
2.68996432878786e-08,0.432189883058276,0.017,0.07,0.000864850431348586,"HS3ST1"
2.16637528414999e-27,0.432086500051157,0.052,0.234,6.96511317607065e-23,"ARL8B"
1.37288949725929e-24,0.431791292455368,0.032,0.182,4.41397702263834e-20,"C12orf10"
2.52057312031486e-12,0.431602794199758,0.015,0.087,8.10389463912432e-08,"SNHG26"
4.71280180824272e-12,0.431589626054762,0.02,0.095,1.51521290936812e-07,"STRN"
9.15858027725252e-18,0.431525413184191,0.02,0.125,2.94457514493946e-13,"GABPB1"
8.21528384916672e-12,0.431447410251208,0.017,0.089,2.64129591034559e-07,"SFXN1"
1.99080688430888e-11,0.431024405059193,0.014,0.08,6.40064321374147e-07,"CFAP157"
8.1538996294446e-21,0.430593448829158,0.027,0.154,2.62156026986273e-16,"CCDC82"
1.48948107672213e-14,0.430573870272417,0.026,0.12,4.78883060976931e-10,"SLC2A10"
2.06938741571092e-18,0.430395851353744,0.036,0.158,6.65328748025219e-14,"ZNF518B"
9.84035030499312e-17,0.430278535075867,0.016,0.113,3.16377102655834e-12,"NIPA1"
4.26674103336052e-07,0.430033352421188,0.021,0.069,0.0137179990963574,"ZNF407"
1.23782720312531e-25,0.429342169791955,0.032,0.188,3.9797382407682e-21,"MTIF3"
1.30341291952019e-15,0.428981787578937,0.038,0.148,4.19060287754936e-11,"SPAG1"
6.52622962288089e-10,0.428915738550516,0.014,0.072,2.09824808605244e-05,"ZMYM6"
1.59658835431701e-17,0.428703412829381,0.03,0.142,5.13319121796463e-13,"EIF4EBP1"
6.56231623293344e-63,0.428694672142266,0.143,0.568,2.10985029205043e-58,"RCN1"
1.00909371605232e-12,0.428556289001634,0.015,0.09,3.24433720647981e-08,"SLC26A6"
3.98378974130387e-10,0.428480318411962,0.017,0.08,1.28082823972661e-05,"OPHN1"
3.32342018552575e-28,0.428369501780109,0.058,0.249,1.06851282384838e-23,"IL33"
3.36228705082756e-45,0.428183430794637,0.088,0.384,1.08100890971157e-40,"MAT2A"
5.62059737884812e-22,0.428144414938868,0.04,0.183,1.80707826327346e-17,"RRP36"
6.62450052023901e-11,0.42776118691094,0.015,0.08,2.12984316226205e-06,"AC073389.2"
1.44395435530062e-23,0.426770455483282,0.044,0.201,4.64245764772701e-19,"ARL2BP"
1.23194694215417e-10,0.426766575217036,0.012,0.074,3.96083261371986e-06,"TMEM192"
3.25917454460442e-15,0.426416995080229,0.025,0.121,1.04785720783577e-10,"NUP54"
5.756783413125e-47,0.426360984513727,0.089,0.394,1.85086343515382e-42,"RAB10"
8.39479149830563e-09,0.426188385864052,0.01,0.059,0.000269900941462024,"TMEM251"
7.34885010869754e-44,0.425964473789212,0.091,0.387,2.36272879844735e-39,"PARP10"
1.48520909567936e-21,0.425719674279429,0.022,0.149,4.7750957635187e-17,"LMNB2"
6.18556246712919e-08,0.42571376023422,0.017,0.068,0.00198872018880671,"PGF"
1.0119145967613e-15,0.425702303293944,0.015,0.105,3.25340662004724e-11,"DIS3L"
6.7527739398806e-17,0.425529781387324,0.031,0.141,2.17108434941101e-12,"TFCP2"
9.61448695154582e-52,0.425142088899993,0.114,0.461,3.09115369979149e-47,"CLK1"
1.01482091645501e-23,0.424953146773854,0.037,0.188,3.26275072849451e-19,"KLHL24"
6.97785411865554e-57,0.424741564331505,0.203,0.669,2.24344987768894e-52,"PTPRG"
3.6046942905962e-16,0.424668418443563,0.025,0.126,1.15894526136958e-11,"GLIS1"
1.34013927761318e-28,0.424340221266532,0.057,0.249,4.30868179145414e-24,"AP5Z1"
4.34656548549134e-18,0.423846841798851,0.042,0.167,1.39746426924032e-13,"KCTD9"
1.16594848673135e-20,0.423480300945572,0.026,0.151,3.74864097968996e-16,"ELP6"
1.24882236264022e-43,0.423464945312265,0.095,0.393,4.01508877812459e-39,"FKBP1A"
9.58207013463005e-24,0.423153847782482,0.037,0.187,3.08073136898491e-19,"KIAA0040"
2.69067396237154e-50,0.422905453649315,0.133,0.496,8.65078585642073e-46,"UTRN"
5.6574366389581e-43,0.422845796327226,0.072,0.343,1.81892245379142e-38,"TRA2A"
2.74955964055475e-20,0.422728903793168,0.032,0.161,8.84010920034757e-16,"AC092042.3"
1.27262272693857e-09,0.422577080347401,0.016,0.075,4.09160932938019e-05,"AC131235.1"
1.73111868184912e-17,0.422444057156347,0.036,0.153,5.56571967401312e-13,"SRP54"
1.59114805897364e-50,0.422115970974166,0.08,0.392,5.11570012440615e-46,"GALNT1"
4.47112452535569e-45,0.422048042397384,0.063,0.334,1.43751124614711e-40,"BIN1"
1.39507247375671e-16,0.42200367316449,0.04,0.155,4.48529751037521e-12,"SELENOI"
6.17372821512702e-18,0.421843061645812,0.026,0.138,1.98491535844549e-13,"TMCC1"
3.51435516748251e-18,0.421694863250162,0.032,0.15,1.1299003298973e-13,"PPP3CC"
2.23263816588692e-11,0.421591834691931,0.022,0.096,7.17815496714302e-07,"HOMER3"
3.62479997153569e-40,0.421577330239265,0.069,0.326,1.16540943884844e-35,"PRRC2A"
4.06924988921165e-12,0.421575658316022,0.019,0.093,1.30830453188044e-07,"FXYD6-FXYD2"
6.38783551708888e-66,0.421429582638981,0.131,0.552,2.05375299709924e-61,"PRDX5"
1.99865498055303e-33,0.421314550850216,0.059,0.276,6.42587562797606e-29,"MAT2B"
1.52883027595077e-12,0.420985117954058,0.021,0.1,4.91534222020933e-08,"HCG11"
1.5971457486039e-20,0.420794731849546,0.037,0.172,5.1349832963364e-16,"DMTF1"
2.90735204697449e-16,0.420729333874253,0.02,0.117,9.34742756622767e-12,"RPS26P15"
3.02322311859667e-24,0.420564616269088,0.052,0.218,9.71996464860014e-20,"USP53"
1.69173849800661e-12,0.420515429285118,0.021,0.1,5.43910844494105e-08,"NPIPB11"
1.63464083857147e-13,0.420504233665063,0.031,0.123,5.25553376009112e-09,"RBM28"
1.07908326867394e-09,0.420297498204779,0.015,0.073,3.46936061711359e-05,"HSBP1L1"
3.69643157182711e-19,0.420274229893051,0.022,0.137,1.18843971465813e-14,"KLHL5"
1.96859431601587e-24,0.420273760104387,0.062,0.237,6.32922758542264e-20,"TLK2"
2.26181393333593e-13,0.420234222425447,0.015,0.093,7.27195797706834e-09,"NOTCH4"
4.88321130196398e-12,0.420216336021332,0.016,0.088,1.57000126569444e-07,"SLF1"
5.69844195237787e-08,0.420069831401076,0.009,0.053,0.00183210607210901,"AC004408.1"
2.88003649424699e-25,0.420042096400174,0.028,0.178,9.25960533265351e-21,"ADIPOR2"
2.07499364587093e-07,0.419687656164996,0.014,0.058,0.00667131207083964,"ROBO2"
2.14346741435285e-09,0.419673249194657,0.02,0.08,6.89146208388585e-05,"USP30"
8.02733610299982e-30,0.419604629081678,0.035,0.212,2.58086883047547e-25,"TNK2"
7.2274676431975e-08,0.419553279946497,0.007,0.05,0.00232370312196443,"ZNF385C"
2.2635010128657e-18,0.419361193773513,0.036,0.158,7.2773821064645e-14,"TMEM184A"
1.37179906745146e-26,0.419304694858261,0.046,0.217,4.4104711817632e-22,"CA5B"
4.38145751243245e-17,0.419066349439026,0.033,0.147,1.40868240482216e-12,"SOX4"
7.82006343302951e-20,0.419060471838985,0.037,0.168,2.51422859435332e-15,"CNTNAP3B"
2.49101793418347e-12,0.418890829392358,0.015,0.087,8.00887176019328e-08,"FAM162B"
1.47651303087255e-38,0.418778248792486,0.08,0.34,4.74713704555835e-34,"XRCC3"
2.01275617527102e-15,0.418717178629283,0.022,0.118,6.47121237911387e-11,"ST3GAL6"
1.0090057192817e-20,0.418579968763785,0.037,0.172,3.24405428806259e-16,"MICAL2"
1.02147593147776e-30,0.418452949509497,0.068,0.279,3.28414726729413e-26,"DUS1L"
2.46688657548702e-13,0.418404845630853,0.015,0.093,7.93128702884832e-09,"ELL"
1.70434006968078e-16,0.418294676982665,0.027,0.132,5.47962375803068e-12,"UPF2"
1.16118166478029e-26,0.41829326108338,0.035,0.197,3.73331517043511e-22,"BST1"
4.14048315381627e-09,0.418131552081847,0.006,0.054,0.000133120673878347,"KDELC1"
6.09640581729867e-22,0.417964398658412,0.033,0.171,1.9600554343197e-17,"ATXN3"
1.64348069386606e-26,0.417948156751858,0.052,0.229,5.28395477884877e-22,"MTSS1"
3.84975004593038e-22,0.417886064180133,0.043,0.191,1.23773313726708e-17,"NCOR1"
1.55506582164685e-16,0.417814856127545,0.032,0.141,4.99969212317679e-12,"LRRC37B"
7.14329424186272e-18,0.41779059310883,0.027,0.139,2.29664053170128e-13,"MFSD14C"
2.59575129055872e-25,0.417496259013393,0.042,0.204,8.34559997427533e-21,"C11orf68"
7.87894747076636e-10,0.417474391777659,0.01,0.065,2.53316040132609e-05,"LYRM7"
3.35590148656455e-36,0.417267834501276,0.07,0.309,1.07895588694537e-31,"NUP85"
9.78025509108579e-53,0.417223547152279,0.159,0.557,3.14444981433499e-48,"DHRS3"
1.12152723449544e-23,0.417171072402359,0.044,0.201,3.6058222116263e-19,"DUSP12"
1.10219455841954e-11,0.417135729653633,0.025,0.102,3.54366572477468e-07,"CWC27"
1.52983003012398e-09,0.417120506843055,0.016,0.075,4.9185565298516e-05,"PRIMPOL"
3.65372170798556e-18,0.41704203268235,0.031,0.148,1.17470806633444e-13,"CDC20B"
1.20541458675852e-07,0.417018095252371,0.01,0.053,0.00387552843788732,"CCDC97"
1.28513026834984e-07,0.416910855743714,0.015,0.062,0.00413182232577157,"NPHP3"
1.68988343468089e-22,0.416898594933074,0.048,0.202,5.43314423084254e-18,"TBL1X"
5.1333734665299e-25,0.416844157965395,0.054,0.226,1.65043090322403e-20,"EMC9"
3.81990579839106e-09,0.416395983213764,0.007,0.057,0.000122813791324071,"NPHP4"
1.15680307353653e-35,0.41583492597978,0.08,0.327,3.71923756172728e-31,"LRRC20"
7.69911565314007e-60,0.415724411044579,0.188,0.647,2.47534267364106e-55,"VMP1"
7.32147723235814e-08,0.415629211346279,0.007,0.05,0.00235392814497547,"SYNGAP1"
1.31795134455828e-40,0.415183062644737,0.072,0.333,4.23734536788934e-36,"SRSF4"
3.94695546224659e-29,0.415057944271772,0.058,0.254,1.2689856506669e-24,"AL137129.1"
1.42151284477843e-22,0.415018741690419,0.043,0.193,4.57030594724713e-18,"NDST1"
2.72852784875527e-57,0.414785844608486,0.256,0.771,8.77248988653306e-53,"HTRA1"
2.1348402753169e-15,0.414779490135518,0.015,0.103,6.86372496917137e-11,"FERMT3"
2.89487786274027e-26,0.414609179425729,0.053,0.23,9.30732181649625e-22,"AKAP13"
2.0730341859681e-42,0.414560473591856,0.083,0.362,6.66501221130604e-38,"CSNK1D"
1.14675190188228e-54,0.414507159622861,0.167,0.581,3.68692203974173e-50,"NOP53"
1.20209055960143e-43,0.414345386290892,0.054,0.312,3.86484135817457e-39,"TMEM266"
2.44525776111127e-17,0.414001915706812,0.02,0.123,7.86174822774884e-13,"RBM14"
3.13557068047717e-43,0.413628570686812,0.091,0.382,1.00811732948021e-38,"FKBP5"
5.27372083402634e-13,0.413530307183542,0.028,0.116,1.69555398534781e-08,"RNF128"
1.62490195665524e-16,0.413435472762568,0.031,0.139,5.22422228084228e-12,"CBFA2T2"
4.18434964066792e-32,0.413384759579161,0.038,0.229,1.34531025297114e-27,"PLEKHJ1"
1.78614347769141e-37,0.413291834909358,0.054,0.285,5.74262989512565e-33,"LAMB1"
1.48608320727836e-50,0.413213976304718,0.08,0.39,4.77790611972066e-46,"SAP30BP"
7.93149406272322e-19,0.412923865010864,0.025,0.14,2.55005465610614e-14,"ETFDH"
6.78590042806255e-52,0.41289023664496,0.119,0.475,2.18173484662639e-47,"AC018616.1"
2.62751672284168e-09,0.412773121228319,0.022,0.084,8.44772901560828e-05,"ATG4C"
7.85101676519243e-46,0.412564258682593,0.319,0.852,2.52418040017702e-41,"MT-ND6"
6.58193981856816e-24,0.412508957455967,0.031,0.177,2.11615947106785e-19,"CCDC130"
1.68871334075678e-13,0.412261336649619,0.019,0.101,5.42938226186712e-09,"EEF1A1P9"
1.88860240845588e-15,0.412129483866365,0.019,0.111,6.0720456034265e-11,"FANCI"
9.19308456171435e-10,0.412082092163534,0.016,0.076,2.95566861743678e-05,"PHLPP2"
9.14583589414196e-10,0.412052808759726,0.015,0.074,2.94047769832558e-05,"GPN2"
1.42648280993675e-17,0.411648113654902,0.025,0.133,4.58628488222763e-13,"PDE1A"
3.61734686920204e-26,0.411479304137471,0.051,0.225,1.16301319191715e-21,"PHF14"
1.56664068513911e-19,0.411243088488973,0.032,0.157,5.03690646679076e-15,"AC117498.1"
5.52111612753075e-10,0.41084506812522,0.015,0.075,1.77509404616241e-05,"ARHGEF38"
1.05019954873053e-42,0.410738000013085,0.083,0.363,3.37649656912352e-38,"N4BP2L2"
1.26164441420845e-30,0.410708177306283,0.066,0.274,4.05631295612159e-26,"ECPAS"
1.65108673780768e-23,0.410420517714569,0.038,0.188,5.30840897072548e-19,"MTOR"
1.29914770657072e-26,0.410366312307188,0.052,0.229,4.17688979139553e-22,"USP25"
1.37195707871321e-14,0.410363233158022,0.031,0.129,4.41097920377084e-10,"NTN4"
2.04442882555247e-09,0.410346701329589,0.012,0.067,6.57304311703375e-05,"SHPRH"
1.61409234860261e-15,0.410198536848827,0.03,0.132,5.18946830999224e-11,"SPECC1L"
7.12924655179575e-32,0.410152035890364,0.075,0.3,2.29212405886785e-27,"TAF1D"
1.12366573835491e-11,0.409824719540134,0.022,0.097,3.61269771538488e-07,"ADK"
7.6684430075382e-37,0.409631316004944,0.064,0.301,2.46548111135361e-32,"ELF1"
1.10428239750534e-13,0.40946039687579,0.017,0.099,3.55037833621943e-09,"DDX51"
3.28249717751398e-56,0.409105590442412,0.138,0.532,1.05535566754252e-51,"AC005837.2"
7.84330697794091e-65,0.408647917697166,0.156,0.603,2.52170162647778e-60,"AC073861.1"
3.98582579774962e-15,0.40842307181764,0.026,0.123,1.28148285223448e-10,"CBWD6"
7.38200675491852e-12,0.408291346632366,0.016,0.087,2.37338899177385e-07,"ZFP90"
2.60401985742561e-23,0.407982279816782,0.037,0.185,8.37218424360907e-19,"MED13"
2.54554520353267e-09,0.407469160653136,0.012,0.067,8.1841823838779e-05,"SOX2-OT"
8.88577945657044e-11,0.407424032629384,0.021,0.09,2.85686695308196e-06,"RAD54L"
4.70770044510788e-19,0.407387874874935,0.026,0.143,1.51357277010664e-14,"GOSR2"
1.29225154353066e-15,0.407012854782562,0.02,0.114,4.15471793760543e-11,"MCPH1"
8.11591179202078e-14,0.406839766406827,0.026,0.116,2.6093468002526e-09,"RASGEF1B"
3.93467475635039e-24,0.406801447089836,0.035,0.185,1.26503728091421e-19,"ARMCX5-GPRASP2"
2.23635899884703e-19,0.405908280872349,0.033,0.159,7.1901178171931e-15,"HCLS1"
2.61215664204036e-12,0.405597385580741,0.025,0.105,8.39834481982396e-08,"WDR19"
1.82137949604671e-28,0.405216320396485,0.054,0.243,5.85591721773979e-24,"APPBP2"
2.81912852474246e-56,0.405174149322456,0.077,0.407,9.06378011989947e-52,"VEGFA"
1.39734303353368e-36,0.405160940773302,0.059,0.291,4.49259758711415e-32,"SNED1"
1.12185475501904e-07,0.405040860910902,0.009,0.051,0.00360687522286171,"PLEKHM3"
5.61790792411512e-15,0.404962520522844,0.025,0.12,1.80621357668225e-10,"RAPGEF2"
1.67317550192987e-10,0.404821247594022,0.014,0.075,5.37942655625473e-06,"C9orf72"
2.94548688081594e-11,0.404700974462947,0.017,0.086,9.47003487051132e-07,"GTDC1"
1.53145305465046e-11,0.404433269141994,0.019,0.09,4.92377471600671e-07,"ZNF544"
7.3659070305263e-64,0.404268754329213,0.213,0.723,2.36821276938451e-59,"MTND1P23"
6.51155383605186e-15,0.403800966869196,0.021,0.113,2.09352967382903e-10,"AL022328.4"
1.62710781861312e-24,0.403742925400466,0.04,0.196,5.23131434762306e-20,"AP000781.2"
3.57809846699774e-10,0.403683076879532,0.021,0.087,1.15039443812444e-05,"BTBD9"
7.53430858394439e-13,0.403089990207135,0.019,0.097,2.42235555282396e-08,"AC137590.1"
1.00999802625801e-11,0.403044226367148,0.022,0.098,3.24724465422212e-07,"DYRK1B"
6.99973928421807e-08,0.403022232453753,0.022,0.076,0.00225048617726895,"AC024075.3"
2.57066492502571e-21,0.402936051056498,0.032,0.166,8.26494480045014e-17,"PFDN1"
3.8569884955691e-31,0.402728683192154,0.061,0.268,1.24006037121042e-26,"CAMKK2"
1.98821540353475e-15,0.402599619303835,0.028,0.129,6.39231134390457e-11,"INO80D"
9.8234061128273e-29,0.402479189486693,0.062,0.259,3.1583232993351e-24,"EXOC7"
1.10478969967699e-12,0.402450267191715,0.025,0.107,3.5520093634315e-08,"POT1"
9.1016154560875e-11,0.402418540346714,0.022,0.092,2.92626038528669e-06,"RGS14"
1.17009150915644e-08,0.402315942190582,0.01,0.059,0.000376196121108888,"ZNF717"
5.87453800926919e-15,0.402304203074188,0.017,0.106,1.88872271536014e-10,"BATF3"
4.5259920683768e-30,0.402111425584368,0.063,0.267,1.45515170990382e-25,"CHP1"
1.7694324416947e-23,0.402078657289988,0.04,0.191,5.68890224329264e-19,"GBE1"
1.39071378781959e-10,0.401865795690689,0.016,0.08,4.47128389921876e-06,"TCTEX1D1"
5.37801751110255e-09,0.401486469461147,0.006,0.053,0.000172908640999458,"PIK3R5"
5.73351903519702e-14,0.401244322421744,0.026,0.117,1.84338370500619e-09,"RECQL5"
7.96646002105891e-53,0.401064005809694,0.101,0.443,2.56129656137065e-48,"RPL13AP20"
7.81321065809996e-17,0.401013914740373,0.027,0.134,2.51202535868572e-12,"WDR86"
6.04904258274773e-11,0.40098937288594,0.017,0.085,1.94482768077922e-06,"DUSP8"
1.84717459545941e-26,0.400966456139322,0.042,0.21,5.93885104186154e-22,"LYPLA1"
2.75068413038685e-48,0.400692330260033,0.117,0.457,8.84372454760675e-44,"STAG2"
1.15860366313808e-17,0.400264220994883,0.03,0.143,3.72502663735523e-13,"ISM1"
3.38970992136061e-55,0.400195326756677,0.173,0.599,1.08982563681665e-50,"AC114956.3"
2.58415243610579e-14,0.399774553061516,0.021,0.109,8.30830849732373e-10,"MRPL9"
8.45217777297947e-51,0.399741898689322,0.162,0.551,2.71745967579063e-46,"KCTD12"
3.72066418973716e-16,0.399335556612117,0.023,0.124,1.19623074364239e-11,"PKNOX1"
5.01689902274544e-26,0.399307127845293,0.043,0.211,1.61298320480289e-21,"NIPBL"
7.36660219314337e-21,0.398905515148678,0.028,0.157,2.36843627111752e-16,"INSL6"
4.49463753872845e-41,0.398882210095907,0.058,0.309,1.44507091507659e-36,"ESRRA"
4.59586250210196e-31,0.398634665120707,0.058,0.262,1.4776157530508e-26,"FUBP3"
2.55100143617795e-53,0.398469006813034,0.138,0.517,8.20172471745574e-49,"PCOLCE"
3.21712231983367e-30,0.398411052193915,0.046,0.235,1.03433699704972e-25,"ENTPD1-AS1"
6.67423242039852e-18,0.398372142928794,0.019,0.123,2.14583246548233e-13,"TMEM209"
2.51792954368947e-09,0.398347316796233,0.017,0.076,8.09539527591602e-05,"PMEL"
1.23435019718499e-18,0.398333639985246,0.03,0.148,3.96855931896947e-14,"PAN2"
5.16297398111346e-20,0.398274890628349,0.021,0.139,1.65994776466779e-15,"SAYSD1"
2.86527859275626e-10,0.397895094645258,0.015,0.076,9.21215720357065e-06,"MZF1-AS1"
1.01968198549286e-17,0.397772483072765,0.03,0.143,3.2783795515581e-13,"RNF169"
3.6036168721269e-32,0.397511345446595,0.059,0.271,1.15859886055752e-27,"SUPT16H"
5.73437702439049e-18,0.397200209867567,0.028,0.142,1.84365955711179e-13,"FXYD6"
1.7116885761585e-18,0.397151886718551,0.047,0.178,5.5032499412072e-14,"PLEKHM1"
8.15151528089212e-11,0.397117105491093,0.022,0.093,2.62079367795963e-06,"SNX29"
3.4165526894118e-19,0.397108233237441,0.027,0.146,1.09845585517279e-14,"APTX"
6.58981312936235e-43,0.397100444882566,0.084,0.367,2.11869081922129e-38,"PHC2"
5.22197451350969e-11,0.397057118876757,0.019,0.087,1.6789170258385e-06,"AL158834.2"
7.35140109722743e-35,0.396934573786238,0.082,0.325,2.36354896676959e-30,"SRSF6"
8.76474761667144e-31,0.396807713631747,0.052,0.249,2.81795400623604e-26,"11-Sep"
4.3171185351638e-13,0.396655730652675,0.017,0.096,1.38799678024051e-08,"SGSM1"
7.39982435027719e-30,0.396615920921511,0.059,0.259,2.37911752685762e-25,"ARID1B"
1.01803302986159e-47,0.396210510626642,0.108,0.433,3.273077994308e-43,"ABL1"
2.29370291878766e-26,0.396201714749696,0.047,0.219,7.37448425419422e-22,"KIAA0232"
3.85149827205461e-20,0.396132135227645,0.048,0.19,1.23829520944828e-15,"FAR1"
1.71360648799918e-15,0.396080111418239,0.031,0.134,5.50941621956617e-11,"AC027309.1"
1.40667277106524e-08,0.395763887484202,0.011,0.061,0.000452259362625186,"AL033528.2"
4.0285622530051e-21,0.395627668540389,0.023,0.149,1.29522304996367e-16,"PPL"
1.68068953849724e-23,0.395607129288322,0.036,0.184,5.40358493522247e-19,"ERLIN2"
6.52454411527344e-46,0.395317171524343,0.093,0.398,2.09770617850156e-41,"MARK3"
1.00915174672113e-14,0.395298198397673,0.032,0.131,3.24452378088311e-10,"DHX38"
3.82245716288288e-10,0.395041646195663,0.006,0.059,1.22895820243847e-05,"ARSK"
1.75352132660592e-13,0.394971207372657,0.012,0.089,5.63774641717069e-09,"MTIF2"
3.78045986596309e-34,0.394583148717984,0.068,0.295,1.21545565150579e-29,"RB1CC1"
3.23626544396511e-46,0.39445834314717,0.188,0.58,1.04049170288922e-41,"TM4SF1"
1.01026156564985e-14,0.394402344212894,0.017,0.105,3.24809195972082e-10,"FAM76A"
3.28937751352237e-21,0.394162902054857,0.03,0.161,1.05756776437258e-16,"KAT6B"
1.0479076349753e-25,0.394098974001691,0.054,0.229,3.36912783720908e-21,"TEK"
3.88476935577229e-26,0.394067553712813,0.025,0.175,1.24899219557435e-21,"DLG1"
1.64533122349971e-10,0.394044616459288,0.017,0.082,5.28990441667391e-06,"NRIP1"
4.32121182241338e-19,0.394015056489642,0.035,0.159,1.38931281302413e-14,"P2RX4"
8.2109862926275e-11,0.393727808650453,0.017,0.084,2.63991420294267e-06,"RBM19"
4.4900356541867e-16,0.39355815138978,0.021,0.119,1.44359136317757e-11,"ELMO2"
5.95644181532734e-09,0.393431462364423,0.014,0.067,0.000191505560804589,"LYL1"
4.2694150755516e-55,0.39342781075258,0.104,0.455,1.37265964094059e-50,"BLCAP"
1.24973074669567e-07,0.393363558442779,0.009,0.051,0.00401800932370125,"AC130304.1"
9.98388285004138e-08,0.393352403637652,0.014,0.06,0.0032099181751168,"ZSCAN25"
2.23470519490235e-21,0.393247065670055,0.027,0.157,7.18480067213056e-17,"PLCL1"
3.17675357127053e-08,0.393197310153101,0.015,0.065,0.00102135804069919,"ZNF720"
6.76893853609619e-28,0.393170601565185,0.041,0.215,2.17628142874028e-23,"BCAS3"
6.43061392217107e-29,0.393100344676924,0.048,0.233,2.06750668211722e-24,"SESTD1"
2.34870417362031e-54,0.392951643677635,0.138,0.52,7.55131878860667e-50,"RGS3"
2.1825492453079e-22,0.392662390889191,0.035,0.176,7.01711407858942e-18,"HMBOX1"
2.75409774336582e-46,0.392605199357332,0.096,0.405,8.85469965469545e-42,"SMOC1"
5.97512651407047e-22,0.392426635049511,0.035,0.174,1.9210629255388e-17,"ATL1"
2.51705981755008e-24,0.392310753890113,0.033,0.183,8.09259901940526e-20,"CCNT1"
8.89038526133383e-36,0.392277342785145,0.079,0.325,2.85834776537144e-31,"BMP1"
1.9060710425825e-16,0.39221129396025,0.016,0.111,6.128209009007e-12,"RSPRY1"
7.76849462859848e-09,0.39210289687283,0.016,0.071,0.00024976487080407,"BRWD3"
5.36011988821673e-42,0.392032936331905,0.077,0.348,1.72333214526056e-37,"TFPI"
2.16336770916478e-31,0.391785715476413,0.037,0.224,6.95544352173569e-27,"CASP4"
1.36289025884786e-19,0.391763850219583,0.038,0.169,4.38182847122176e-15,"POMT1"
3.25360711870582e-07,0.391722567731295,0.014,0.057,0.0104606722473511,"NME2P1"
1.7144032176751e-13,0.391675754813958,0.017,0.098,5.51197778514722e-09,"KCNMB3"
9.3887280477482e-09,0.391405494989546,0.015,0.068,0.000301856995463152,"AL031772.1"
3.57356610332642e-16,0.391290662945188,0.03,0.135,1.14893723788048e-11,"GPSM3"
4.78204052070613e-19,0.391014541738722,0.04,0.168,1.53747384781223e-14,"TBX2"
1.83922929280275e-29,0.390962105443511,0.054,0.248,5.91330609929012e-25,"AL109811.3"
1.41481455536208e-48,0.390912359588706,0.269,0.759,4.54877027694463e-44,"KLF4"
2.96120831465104e-15,0.390785133343574,0.027,0.126,9.52058085243457e-11,"KMT2A"
1.17785440870623e-13,0.390565739921221,0.006,0.078,3.78691970943139e-09,"FMO4"
6.6611985314598e-20,0.390513056640016,0.032,0.159,2.14164193984964e-15,"AC009690.1"
1.86921595690969e-30,0.390450762607764,0.053,0.25,6.00971622306036e-26,"CERS4"
3.13096599981384e-29,0.390409116613359,0.048,0.235,1.00663687860015e-24,"MON2"
4.97694957724914e-08,0.389969555501968,0.016,0.066,0.00160013905858137,"SH3BP4"
3.51624342729219e-26,0.389783039083639,0.053,0.23,1.13050742430871e-21,"FAM76B"
5.91571180188069e-09,0.389691639110676,0.014,0.067,0.000190196050142266,"ZNF585A"
9.91402680377396e-29,0.389538325823868,0.046,0.228,3.18745875768136e-24,"MDC1"
3.04569450749256e-20,0.389438197746501,0.033,0.163,9.79221241103934e-16,"ALG3"
1.12247859315156e-07,0.3894366702688,0.011,0.056,0.00360888092484158,"GALNT7"
3.45764175378271e-09,0.389357523567228,0.009,0.059,0.000111166640025868,"TDRD10"
3.61333981229986e-13,0.389330234191789,0.022,0.106,1.16172488305253e-08,"AC109460.4"
4.92822828553067e-33,0.389306678130978,0.049,0.255,1.58447467608096e-28,"AGAP3"
1.53906679288556e-24,0.389017913004379,0.031,0.18,4.94825364580636e-20,"TMEM101"
4.42058582160311e-28,0.388927505216793,0.051,0.234,1.42126254750362e-23,"UBR5"
4.71843823554226e-47,0.388886213263533,0.09,0.398,1.51702507710919e-42,"ECSCR"
5.85562373717822e-41,0.388651518387626,0.056,0.303,1.88264158774017e-36,"SYNJ2BP-COX16"
5.54750958913805e-07,0.388585424749494,0.014,0.056,0.0178357980800377,"RGPD3"
2.51434324462757e-27,0.388295372961746,0.037,0.205,8.08386496580212e-23,"CNIH2"
1.26519578224473e-10,0.388254579438471,0.015,0.078,4.06773095949504e-06,"STAG3L3"
7.70243440457937e-08,0.388155396675997,0.01,0.054,0.00247640968541631,"CSPG4P10"
8.36677834903006e-47,0.388032678409757,0.085,0.386,2.69000290699665e-42,"SLC3A2"
1.53243916528426e-19,0.387371367807368,0.033,0.16,4.92694516030544e-15,"AC023509.3"
5.4758580804694e-07,0.387231867501228,0.01,0.05,0.0176054313145172,"ZNF620"
5.27927880430704e-15,0.387228211583128,0.017,0.106,1.69734092837276e-10,"EBAG9"
1.60561468729395e-18,0.387131032955571,0.032,0.152,5.16221178111878e-14,"TPBG"
8.51009271507593e-29,0.386822137558176,0.031,0.2,2.73607990882406e-24,"RNF14"
1.13122002966536e-08,0.386726289527432,0.014,0.065,0.00036369855173771,"CERS6"
2.65438105429997e-20,0.386709887341327,0.028,0.154,8.53410052767983e-16,"SPECC1L-ADORA2A"
1.96181565458532e-06,0.386291798402874,0.014,0.053,0.0630743351105726,"SERINC5"
2.59012925731233e-61,0.386287783951156,0.209,0.701,8.32752457518486e-57,"RPL18AP3"
3.3259500196206e-20,0.386247275813681,0.032,0.161,1.06932619080822e-15,"MAPK9"
3.07232894999258e-49,0.386219556767025,0.121,0.468,9.87784480712113e-45,"PRKG1"
1.76749249844426e-20,0.386070282177079,0.012,0.124,5.68266513174815e-16,"LYZ"
2.42252825026233e-08,0.386034950665888,0.014,0.064,0.000778867057741842,"AC113383.1"
1.18722700477323e-17,0.385981054471005,0.026,0.136,3.81705354304643e-13,"ATRIP"
3.38730212289163e-09,0.385669873156512,0.014,0.068,0.000108905150553089,"FKBP4"
2.54261421351649e-12,0.385623420018001,0.014,0.085,8.17475895787686e-08,"AL137002.2"
7.67601772820686e-19,0.385558453073284,0.431,0.918,2.46791645979579e-14,"MCL1"
4.00595408612124e-14,0.385284423672231,0.021,0.108,1.28795429822884e-09,"WWC2"
7.21509325870808e-26,0.385124555843563,0.044,0.212,2.31972463360723e-21,"AL117348.2"
1.06670255974554e-57,0.384809871396699,0.268,0.812,3.42955539983788e-53,"DTWD2"
6.26822743223512e-12,0.3847029852123,0.014,0.083,2.01529780173791e-07,"HSD17B14"
1.24730397246767e-23,0.384285055377768,0.036,0.185,4.01020700188079e-19,"ITM2A"
8.59580085294761e-66,0.384107106802729,0.163,0.618,2.76363593223119e-61,"UBE2B"
8.54663740968878e-09,0.383828885552272,0.009,0.057,0.000274782939358904,"NPHP1"
3.61622155940144e-18,0.383828361829964,0.028,0.143,1.16265139356316e-13,"CCDC91"
1.43789787440599e-36,0.383828117795394,0.088,0.346,4.6229854560027e-32,"EIF4B"
2.72286521211291e-47,0.383561431150789,0.124,0.463,8.7542839434642e-43,"TPK1"
6.2236280735342e-15,0.383533639813925,0.026,0.122,2.00095866192198e-10,"RAE1"
2.20821187711312e-31,0.383437388860155,0.046,0.24,7.0996220061064e-27,"TRIM69"
1.03322456532011e-18,0.383355451904134,0.026,0.141,3.32192029996069e-14,"TMEM138"
1.85709590029279e-19,0.383266937971244,0.037,0.166,5.97074902903135e-15,"DMAP1"
3.9220488221149e-21,0.383017266663159,0.038,0.177,1.26097791679816e-16,"COQ10B"
8.79581062181462e-45,0.382911712397983,0.084,0.375,2.82794107301962e-40,"MMADHC"
1.12023861202985e-13,0.382898941481287,0.016,0.097,3.60167916153717e-09,"AL031729.1"
1.23445186658251e-16,0.382845031356901,0.026,0.131,3.96888619624941e-12,"FARSA"
2.92252598778408e-18,0.382764831248308,0.038,0.162,9.39621330332458e-14,"TMEM255B"
3.6962769995493e-17,0.38265037996413,0.022,0.127,1.18839001812509e-12,"HECTD3"
3.44137200841338e-08,0.382360862405077,0.015,0.065,0.00110643551442498,"AC011466.1"
1.58445363046594e-09,0.382206663655837,0.012,0.068,5.09417686731104e-05,"RBM45"
6.92590909918218e-07,0.382164672636681,0.017,0.062,0.0222674903447806,"CDK2"
8.289311971595e-07,0.382131160211941,0.012,0.053,0.0266509669198751,"FMO1"
3.89683880252101e-17,0.381902461082328,0.023,0.129,1.25287264339853e-12,"TRAPPC13"
1.37561165033884e-09,0.381898156841438,0.014,0.07,4.42272901700439e-05,"FOXO4"
5.75892210910633e-12,0.381798796723562,0.02,0.095,1.85155104729878e-07,"ZNF524"
6.42398929066469e-21,0.381659900578242,0.046,0.189,2.0653767968416e-16,"PBRM1"
2.46180997712483e-09,0.381498611820323,0.014,0.069,7.91496525745403e-05,"AC090984.1"
6.48766707002662e-17,0.381409584658564,0.027,0.134,2.08584983968426e-12,"PSEN2"
1.45389690270807e-21,0.381400074900338,0.036,0.174,4.67442393189671e-17,"RPS2P5"
4.05961303142516e-27,0.381336954451524,0.036,0.202,1.3052061857335e-22,"AL353807.3"
2.7423897902205e-14,0.381324002338909,0.017,0.102,8.81705741453794e-10,"AP5B1"
2.24890124010399e-09,0.381171721704899,0.012,0.067,7.23044237705833e-05,"RN7SL1"
1.32604567154203e-08,0.381146578962695,0.021,0.078,0.000426336943857478,"USP45"
5.50202744720739e-10,0.381136459648783,0.015,0.075,1.76895684455165e-05,"AC005921.2"
4.81720208324973e-55,0.381097048682212,0.1,0.448,1.54877864178562e-50,"DPM3"
5.80131197583213e-15,0.381048524938905,0.04,0.146,1.86517981334979e-10,"KIF3B"
1.15305405007486e-46,0.381018494364767,0.085,0.385,3.70718407639568e-42,"AAK1"
4.093573752798e-08,0.380820095659742,0.009,0.053,0.00131612489726208,"SATL1"
1.34498178669975e-51,0.380515246548925,0.2,0.631,4.32425094241838e-47,"ETS2"
2.31964495842592e-39,0.380384519591073,0.074,0.331,7.45789050583518e-35,"TNFRSF14"
1.2904157422941e-19,0.380154041378846,0.035,0.162,4.14881565304976e-15,"EFCAB10"
1.57965072494702e-08,0.380114596449578,0.011,0.06,0.000507873504577716,"FAM53B"
1.60607294807525e-24,0.380055638083938,0.062,0.238,5.16368513535672e-20,"HEXA"
6.65729598070553e-22,0.379997089677343,0.037,0.178,2.14038723075664e-17,"POLR2C"
4.88163013735454e-15,0.379799749486981,0.025,0.12,1.56949290546086e-10,"WDR36"
4.43446157817862e-23,0.379754099220437,0.038,0.186,1.42572374200021e-18,"FKBP1C"
1.82798904649068e-54,0.379662035766481,0.106,0.458,5.87716758337218e-50,"IFRD1"
1.09334689357387e-22,0.379617902588573,0.04,0.187,3.51521959752934e-18,"FBXO3"
4.69263303073607e-20,0.379589702142511,0.031,0.157,1.50872844571196e-15,"TRPC1"
1.46374989872296e-08,0.379372872837315,0.015,0.067,0.000470610229938419,"EHMT2"
1.44384474384481e-23,0.379268337589505,0.037,0.187,4.64210523593545e-19,"AL365273.2"
1.45146267517857e-17,0.379201466539008,0.031,0.145,4.66659764696661e-13,"RSRC1"
2.53654955419493e-25,0.379099184531281,0.036,0.193,8.1552604716921e-21,"RUSC1"
6.66720896634692e-27,0.379042063526301,0.047,0.222,2.1435743547702e-22,"EVL"
9.83987883639556e-20,0.378962254362232,0.031,0.156,3.16361944468954e-15,"STEAP2"
2.00703466562005e-10,0.378863273175156,0.015,0.077,6.45281715343501e-06,"DEPDC4"
4.72080901975329e-16,0.378863018309385,0.021,0.118,1.51778730794088e-11,"WDR20"
1.40401393071939e-12,0.378613516980217,0.019,0.096,4.51404518865591e-08,"PITX1"
8.59658997732447e-36,0.378585800891533,0.085,0.336,2.76388964360959e-31,"IPO5"
6.03002453047395e-14,0.378580101841992,0.022,0.11,1.93871318679268e-09,"EPHA5"
2.66524447690094e-18,0.378517680197766,0.032,0.151,8.56902751768421e-14,"ROBO4"
4.64946332238166e-11,0.378172397072022,0.023,0.096,1.49484895277893e-06,"NPTXR"
1.81911195559708e-12,0.377912348928962,0.023,0.104,5.84862684844017e-08,"LONRF2"
2.19032537989699e-41,0.377904851908327,0.078,0.348,7.04211512890681e-37,"KIZ-AS1"
4.68015842248828e-10,0.377730375671922,0.016,0.078,1.50471773441421e-05,"GBP3"
4.26143614596552e-13,0.377635329495928,0.019,0.098,1.37009433528937e-08,"ALDH16A1"
1.65444029909472e-07,0.377465733931704,0.012,0.057,0.00531919100561943,"LRP11"
6.64507609881807e-21,0.377407613831221,0.038,0.176,2.136458416531e-16,"GBAP1"
1.79482199063763e-20,0.377220301591826,0.025,0.148,5.77053218209904e-16,"C19orf25"
3.46881338162742e-15,0.377140725307699,0.032,0.134,1.11525819032703e-10,"FAM241A"
5.08619760921216e-15,0.37707420443531,0.031,0.131,1.6352633933378e-10,"AC244197.3"
7.66970925446695e-23,0.376886357755279,0.037,0.183,2.46588822240367e-18,"CCAR1"
5.74908003095451e-10,0.376773738731804,0.019,0.081,1.84838672075219e-05,"KIF5C"
9.66641918731255e-22,0.376691026382345,0.035,0.173,3.10785043291286e-17,"MTMR11"
6.3079659569789e-13,0.376668056404828,0.011,0.084,2.02807413482829e-08,"ABHD17A"
4.68841069625488e-54,0.376658381664091,0.079,0.402,1.5073709229529e-49,"ITPA"
2.62592702794156e-09,0.376546245397112,0.011,0.064,8.4426179875349e-05,"SP140L"
4.48276318671371e-33,0.376520838521924,0.061,0.277,1.44125319216033e-28,"PAWR"
1.31236579278556e-31,0.376519440207277,0.053,0.256,4.21938726038486e-27,"GRB10"
4.6700944776738e-09,0.376213762109183,0.016,0.072,0.00015014820755169,"TMUB1"
1.99208719388877e-14,0.376203409305578,0.016,0.101,6.40475953707178e-10,"SLC8A1-AS1"
4.84024602207456e-23,0.376099490544924,0.033,0.177,1.55618749855719e-18,"PCF11"
4.66686716552807e-08,0.375959357180454,0.007,0.051,0.00150044446238893,"CPSF4L"
2.49688890505389e-34,0.375911724438237,0.063,0.287,8.02774751863876e-30,"YTHDC1"
1.71431321434148e-17,0.37589583911312,0.031,0.144,5.5116884154293e-13,"FRG1CP"
1.01013181418736e-22,0.375777338492573,0.03,0.168,3.24767479579378e-18,"LYRM2"
1.49882343522075e-14,0.375600699712465,0.023,0.115,4.81886722657825e-10,"STRN3"
9.43459836593501e-34,0.375304759323764,0.044,0.249,3.03331772063176e-29,"TEAD2"
1.28368898198335e-39,0.375302889926685,0.095,0.372,4.12718844597467e-35,"CD276"
1.37463086159893e-30,0.375150213571673,0.041,0.227,4.41957568312673e-26,"NMT1"
3.86416698806783e-10,0.375145240426096,0.012,0.071,1.24236832833369e-05,"RAVER1"
1.00074330567828e-08,0.374780825357409,0.011,0.061,0.000321748980208625,"MT1JP"
4.1364245764276e-29,0.374763041716841,0.056,0.249,1.32990186556724e-24,"GPRC5C"
1.57507551403979e-07,0.374315742411995,0.011,0.055,0.00506402528518934,"AC018362.1"
5.58155192808503e-36,0.374269317277899,0.084,0.336,1.79452476039862e-31,"LMBRD1"
1.55014975344341e-52,0.374268396810337,0.111,0.46,4.98388647229591e-48,"TJP1"
1.88992559374277e-09,0.373603338663066,0.025,0.089,6.07629977644238e-05,"G0S2"
7.15873603402665e-24,0.373144216023855,0.043,0.2,2.30160522229991e-19,"UBR2"
1.77892128037589e-40,0.373113318777031,0.098,0.382,5.71940980853652e-36,"AC246787.1"
9.68139611781205e-16,0.372988946591637,0.011,0.098,3.11266566583775e-11,"DUSP14"
1.20648335589862e-19,0.372864693867629,0.043,0.178,3.87896463754965e-15,"GAB1"
4.22673950080851e-22,0.372553499580985,0.023,0.153,1.35893901690495e-17,"LMBR1"
1.72242423123262e-13,0.372472087746636,0.021,0.105,5.53776614583601e-09,"AC140134.1"
1.25841745117969e-11,0.372368066978192,0.011,0.077,4.04593794728781e-07,"ELP5"
3.84644842459367e-19,0.372145943656795,0.041,0.171,1.23667163299111e-14,"RNF217"
4.62059793419062e-15,0.372143602311068,0.017,0.106,1.48556844182163e-10,"ATG2A"
1.01001532498952e-10,0.371931176782871,0.01,0.07,3.24730027137382e-06,"OXSM"
2.20557895514077e-18,0.371642031617811,0.02,0.128,7.09115689867308e-14,"ERCC5"
1.41835137512592e-25,0.371531196697699,0.043,0.208,4.56014150616734e-21,"PRCC"
4.14192727518195e-19,0.371444931232167,0.035,0.16,1.33167103824375e-14,"SOCS5"
4.94934629816596e-48,0.371352436358485,0.09,0.4,1.59126432832334e-43,"NSMF"
1.00371526185771e-13,0.371250700890548,0.021,0.106,3.22704493839872e-09,"AC068533.3"
2.22102486430019e-15,0.371021787437088,0.021,0.115,7.14081704121154e-11,"AD000671.2"
3.12858708026736e-28,0.370949676517448,0.044,0.224,1.00587203217676e-23,"TTC14"
6.73513131907095e-26,0.370822576294733,0.041,0.205,2.1654120703945e-21,"SNX27"
3.67539114715337e-10,0.370655109719932,0.014,0.074,1.18167500772128e-05,"SLC36A1"
1.65836813095603e-18,0.370601125039456,0.022,0.133,5.33181937783673e-14,"RNMT"
5.360462737369e-20,0.370502253227392,0.04,0.173,1.72344237469151e-15,"CHST15"
6.4842304071272e-06,0.370122743216209,0.015,0.052,0.208474491819546,"WDR25"
1.8224812033277e-09,0.370122145166657,0.016,0.074,5.85945931681889e-05,"KLHL17"
4.55041207369119e-28,0.370092719160942,0.038,0.211,1.46300298581245e-23,"ZNF516"
2.97491905268696e-30,0.369549179632961,0.048,0.24,9.56466224629385e-26,"EIF2AK2"
2.89364074295528e-16,0.369545478207622,0.03,0.136,9.30334435267553e-12,"ACSM3"
5.39886967215493e-26,0.369544504828025,0.063,0.247,1.73579058829453e-21,"SEC16A"
4.56174828362468e-32,0.36932828056664,0.058,0.267,1.46664769066817e-27,"SYNE1"
9.81212820426205e-26,0.369174235306747,0.041,0.204,3.15469733895229e-21,"IFI27L1"
2.07382024547742e-23,0.368815540038656,0.038,0.188,6.66753947123447e-19,"DOCK1"
1.4218780411255e-13,0.368730572352049,0.021,0.106,4.57148009002259e-09,"AL157392.3"
5.73356084177763e-13,0.368603543564677,0.014,0.089,1.84339714623993e-08,"GLE1"
1.05352671797133e-22,0.368332813798978,0.027,0.164,3.38719375094962e-18,"FUZ"
3.01858595969045e-16,0.367942219171689,0.023,0.124,9.70505571900077e-12,"ZNF503"
3.08973794012691e-57,0.367636035574881,0.084,0.426,9.93381645130204e-53,"C1RL"
4.04953713752039e-20,0.367407296228391,0.036,0.167,1.30196668508418e-15,"TRAFD1"
5.44339981287734e-12,0.367027599533058,0.014,0.083,1.75010747383819e-07,"CPLANE1"
7.38860836984604e-07,0.366979195653034,0.012,0.053,0.023755114769892,"TCAF2"
1.72909026832397e-15,0.366838931690616,0.023,0.12,5.55919812168839e-11,"AC022826.2"
7.7959361371546e-52,0.366761235088335,0.117,0.468,2.50647142745658e-47,"PODXL"
9.11998906588045e-23,0.366736468786931,0.04,0.187,2.93216768457122e-18,"RALGDS"
3.41047984856308e-09,0.366705086519226,0.006,0.054,0.000109650337611152,"AL357140.1"
3.78952136506693e-14,0.366667631961665,0.025,0.115,1.21836901408267e-09,"YPEL1"
4.13500659978628e-08,0.366453137729599,0.021,0.075,0.00132944597189729,"AC005261.3"
1.12693024846749e-13,0.366368451205111,0.016,0.097,3.62319344184783e-09,"AC091045.1"
6.33546811682824e-17,0.366245012543644,0.028,0.137,2.03691635424145e-12,"RNF40"
1.76179240943302e-07,0.366068241148457,0.011,0.054,0.0056643387755681,"ZBTB42"
1.35622524072137e-14,0.366033401621148,0.025,0.118,4.36039977144329e-10,"GTF2IRD2"
1.7942267880662e-41,0.36589666856275,0.094,0.38,5.76861854631164e-37,"PCNX1"
1.96405533210634e-55,0.365816593193996,0.109,0.469,6.31463429825509e-51,"NEURL1B"
6.47286566141161e-12,0.365804152971081,0.027,0.108,2.08109103880045e-07,"ITCH"
1.28390321998397e-30,0.365754148262407,0.042,0.23,4.12787724257047e-26,"RPL35P1"
2.40824477451602e-18,0.365651572825608,0.038,0.162,7.74274777454646e-14,"ARMCX4"
8.34457997123848e-40,0.365394470616235,0.069,0.323,2.68286590655289e-35,"NEMF"
4.24085703822963e-13,0.365151669992085,0.028,0.116,1.36347794636121e-08,"GIGYF2"
6.40519511904572e-62,0.365151580898364,0.138,0.553,2.05933428272439e-57,"PTMAP5"
4.68927287505429e-19,0.365020178866457,0.022,0.136,1.50764812205871e-14,"AC013489.3"
4.76442563545791e-51,0.364869237124731,0.279,0.791,1.53181048605607e-46,"SNHG8"
7.51322469679647e-17,0.364851142887865,0.023,0.127,2.41557687226703e-12,"MRE11"
2.21804156724309e-18,0.364794556374199,0.033,0.153,7.13122544284327e-14,"LINC00869"
7.02655220488249e-21,0.364769375683461,0.043,0.184,2.25910679939177e-16,"CNOT4"
5.56731908401379e-39,0.36471597322528,0.053,0.289,1.78994875870127e-34,"KPNA4"
6.40760825505131e-34,0.364704112949423,0.052,0.264,2.06011013008155e-29,"AL355309.1"
2.44455620149766e-38,0.364579363323513,0.078,0.334,7.85949264343513e-34,"A2MP1"
7.26668475125066e-22,0.364519808728517,0.027,0.16,2.3363118143746e-17,"AC073107.1"
7.00218699223311e-13,0.364484625393151,0.016,0.093,2.25127313987287e-08,"HIVEP2"
3.8497189160113e-36,0.364455415138044,0.073,0.315,1.23772312868679e-31,"PRRC2B"
1.72063515270482e-53,0.364403317163646,0.109,0.461,5.53201407946126e-49,"ARHGEF12"
6.48954391166301e-17,0.364177831260555,0.025,0.13,2.08645326303878e-12,"AC011479.1"
4.79970457458927e-15,0.364076789852857,0.028,0.127,1.5431530177762e-10,"ITGA2"
2.31968611834878e-21,0.364014927957673,0.038,0.178,7.45802283910318e-17,"FAM104A"
4.15481562094711e-22,0.363942884676957,0.033,0.172,1.3358147702907e-17,"IGIP"
3.20288360161551e-11,0.363831473247146,0.011,0.075,1.0297591067554e-06,"SERAC1"
4.90077422819002e-24,0.36353846562753,0.043,0.2,1.57564792210537e-19,"ARL15"
4.83670533183439e-26,0.363482042156718,0.048,0.22,1.55504913123807e-21,"JDP2"
2.97913622661404e-06,0.363389931645423,0.014,0.052,0.0957822088218679,"PLEKHH1"
1.99383218138668e-16,0.363365772698926,0.028,0.134,6.41036984637631e-12,"FARP2"
4.25230119044249e-20,0.36334110585767,0.021,0.139,1.36715735573916e-15,"OVCA2"
1.94191654743401e-10,0.363308954356091,0.016,0.08,6.2434558916551e-06,"AC000093.1"
2.6752698591945e-17,0.363190299108808,0.041,0.161,8.60126012429623e-13,"ADAMTS4"
3.33324385124335e-31,0.363171353671742,0.043,0.234,1.07167123061325e-26,"DNAJA2"
2.48356567371101e-25,0.362863874542783,0.043,0.207,7.98491199754826e-21,"MT-TW"
4.85023838620391e-10,0.362641584574717,0.011,0.068,1.55940014354842e-05,"AC073111.4"
1.03452260998626e-47,0.362579132378635,0.068,0.355,3.32609364336683e-43,"SEC13"
2.03039034882658e-27,0.362407637449381,0.036,0.203,6.52790801051235e-23,"SLC2A1"
1.44954653557053e-19,0.362366643968,0.031,0.155,4.66043706651282e-15,"PARD3B"
7.5971069145384e-10,0.362317098959041,0.01,0.065,2.44254584409324e-05,"CEP83"
4.22441291676777e-24,0.362247197746656,0.028,0.173,1.35819099687001e-19,"RSPH9"
2.04315676728065e-08,0.362225710314612,0.012,0.062,0.000656895332248403,"SPATA5L1"
5.18204527351769e-09,0.361924395800291,0.011,0.063,0.000166607937588867,"AP4S1"
9.96651267343144e-08,0.361763577785437,0.009,0.051,0.00320433348963494,"AC090114.2"
2.49036289442218e-13,0.361694144302967,0.026,0.113,8.00676574185676e-09,"HECTD2"
5.19417722813587e-16,0.361596763170659,0.027,0.13,1.66997992061797e-11,"MANBA"
5.82843059703234e-14,0.361271302980883,0.028,0.121,1.87389872125187e-09,"GULP1"
3.49156434146165e-32,0.361207577623252,0.058,0.268,1.12257285142334e-27,"AC005261.1"
7.47553865168872e-22,0.361182012230367,0.041,0.185,2.40346043190444e-17,"TRAP1"
2.3741906977285e-10,0.361123998672412,0.019,0.084,7.63326051226691e-06,"NAA15"
8.62631610848588e-21,0.360993471896609,0.031,0.161,2.7734468920393e-16,"RASA2"
9.21017843202007e-21,0.360687743518513,0.035,0.168,2.96116446767877e-16,"LIMD1"
3.40563625932941e-23,0.360273502731973,0.033,0.178,1.094946113737e-18,"FARSB"
1.06205155023274e-09,0.36021370510735,0.015,0.073,3.41460193915327e-05,"PHKA2"
2.56666115203778e-15,0.360160641254736,0.025,0.121,8.25207226991666e-11,"ARHGEF6"
1.7895445427289e-10,0.360063743887387,0.009,0.066,5.7535646593277e-06,"PCP4L1"
7.22729729969827e-22,0.359809590514026,0.036,0.176,2.32364835482599e-17,"PRKRIP1"
1.84161045453155e-18,0.359685199409556,0.025,0.138,5.92096177236437e-14,"ACTL6A"
2.56102974480401e-29,0.359652576110908,0.036,0.212,8.23396673251937e-25,"ATG5"
1.40374078972434e-10,0.359566751518855,0.012,0.074,4.51316701304272e-06,"MORC2"
3.61722310412725e-41,0.359544715721428,0.075,0.343,1.16297340020795e-36,"GTF2IP4"
1.77181521869842e-30,0.359480441702275,0.03,0.205,5.69656310963729e-26,"TPRA1"
2.34354209428172e-43,0.359477151241596,0.062,0.325,7.53472218732515e-39,"SLC35F5"
3.57493518299285e-11,0.359458474488338,0.012,0.077,1.14937741068403e-06,"PC"
3.5590050880777e-10,0.359366486396022,0.01,0.067,1.14425572586786e-05,"CXorf38"
4.5395381512599e-23,0.359350381843354,0.046,0.2,1.45950691101157e-18,"ZNF106"
1.18382442975549e-09,0.359028418990547,0.012,0.069,3.80611392410688e-05,"TREX1"
9.56984706851023e-31,0.358975052458393,0.033,0.213,3.07680153099672e-26,"CPED1"
6.31120442631673e-32,0.358939377279033,0.064,0.278,2.02911533510509e-27,"ELAVL1"
2.74252175194289e-07,0.358938851404009,0.011,0.053,0.0088174816846716,"DOCK3"
7.10476614911223e-36,0.358790121656506,0.056,0.28,2.28425336460107e-31,"C14orf119"
2.76461159130368e-28,0.3586329172258,0.04,0.214,8.88850272720046e-24,"TTC28-AS1"
2.31282557713628e-64,0.358507952468217,0.114,0.513,7.43596551305086e-60,"IQGAP1"
5.52503916142531e-18,0.358385230884717,0.03,0.145,1.77635534078985e-13,"PDZD8"
6.73857982374844e-25,0.358328013240118,0.033,0.186,2.16652079913336e-20,"DYNLT3"
8.06728574038015e-31,0.357861282523556,0.062,0.268,2.59371303838962e-26,"PPOX"
1.33300675487174e-30,0.35774323380837,0.047,0.239,4.28575001758815e-26,"HCRTR1"
4.21572811475122e-32,0.357524680375009,0.044,0.242,1.35539874617367e-27,"PRKRA"
8.20630983898834e-07,0.357168689991068,0.016,0.059,0.0263841067633314,"C20orf96"
4.93901046590606e-14,0.357162499500328,0.017,0.101,1.58794125489346e-09,"UHRF1BP1L"
4.85994610891682e-21,0.357028279407765,0.038,0.176,1.56252127347785e-16,"IMP3"
2.04448760302871e-21,0.356985579833562,0.028,0.16,6.5732320924976e-17,"CORO7"
1.49397346403308e-07,0.356930767947488,0.014,0.059,0.00480327408421276,"CD99P1"
2.80196870963333e-42,0.356804451404169,0.073,0.342,9.00860959834212e-38,"CDK2AP1"
8.3747755843383e-49,0.356577356331037,0.099,0.421,2.69257409812061e-44,"PNKP"
2.43794657220577e-20,0.356492241143362,0.028,0.154,7.83824202429878e-16,"NSRP1"
1.35382160492939e-55,0.356305355008464,0.169,0.589,4.35267184200847e-51,"PIM3"
7.60687025971974e-49,0.356261068049674,0.104,0.43,2.44568485720249e-44,"UBXN1"
6.11846873457875e-32,0.356256808812077,0.066,0.281,1.96714888285441e-27,"SUCLG2"
2.56224492668448e-10,0.356045617195721,0.02,0.086,8.23787366378328e-06,"AC007375.1"
1.71816543443352e-35,0.356035644177552,0.064,0.295,5.52407368824722e-31,"SHBG"
9.10381302987128e-43,0.355946635213788,0.067,0.332,2.92696692723392e-38,"ZNF598"
9.56956990000821e-27,0.355763675037979,0.044,0.216,3.07671241855164e-22,"SAMM50"
4.91635013196363e-22,0.355734834640394,0.043,0.19,1.58065573092763e-17,"LENG8"
3.17043961825275e-40,0.355577668995408,0.067,0.32,1.01932804166444e-35,"TMEM208"
5.53380678891722e-08,0.355553141107861,0.012,0.059,0.00177917422070478,"NHSL1"
3.92180140689525e-24,0.355282390429887,0.03,0.175,1.26089837033089e-19,"AMZ2"
1.37751089194439e-37,0.355238247591985,0.069,0.314,4.42883526869041e-33,"AKT2"
1.65039223644385e-60,0.354912260677993,0.126,0.523,5.30617607939061e-56,"MAN1C1"
3.59663202903185e-09,0.35487002168032,0.012,0.066,0.000115635316365403,"PCDHGC4"
3.84932385432886e-12,0.35480052929955,0.026,0.107,1.23759611240527e-07,"PIGL"
1.70472497701036e-17,0.354731212061114,0.028,0.14,5.48086127358602e-13,"CARHSP1"
3.95599802154233e-23,0.354595375540591,0.04,0.189,1.27189292390607e-18,"LHFPL3"
2.51399139941141e-10,0.354458807580879,0.015,0.077,8.08273374824762e-06,"BCKDHB"
1.11739206074624e-10,0.354292409297297,0.019,0.085,3.59252721450525e-06,"NOSTRIN"
8.93929335419518e-19,0.35418565275117,0.03,0.149,2.87407220630729e-14,"JPX"
7.85661946076629e-12,0.354107389475649,0.019,0.092,2.52598172283097e-07,"AC011511.2"
5.05478265409462e-20,0.354036729506248,0.044,0.183,1.62516317111796e-15,"AP2A1"
5.5230183767567e-11,0.353954950186868,0.007,0.066,1.77570563831105e-06,"CDKN2AIP"
2.22630012578952e-10,0.353870482429319,0.007,0.063,7.15777753442589e-06,"ZNF600"
3.8204699581225e-44,0.353778614562155,0.1,0.401,1.22831929623597e-39,"NFATC4"
9.46564991313679e-39,0.353771847118258,0.061,0.302,3.04330110357261e-34,"DNAJB12"
2.19047842338197e-22,0.353566529230284,0.026,0.16,7.04260717901536e-18,"DMGDH"
2.60544521942143e-33,0.353493609551614,0.054,0.266,8.37676692496185e-29,"NLRP1"
3.40904827745723e-20,0.353492787995389,0.032,0.16,1.09604311168527e-15,"DNAJC21"
1.29386498553882e-26,0.353394404997815,0.022,0.173,4.15990531500585e-22,"SBNO1"
3.64806209141659e-14,0.353388038165618,0.027,0.12,1.17288844301135e-09,"GMDS"
3.4192891287557e-15,0.353009815719839,0.017,0.107,1.09933564778624e-10,"POFUT2"
1.90775131679064e-35,0.352974390424281,0.053,0.273,6.13361125861358e-31,"AL137009.1"
2.6896043108036e-23,0.352935976017063,0.025,0.162,8.64734681966466e-19,"HACL1"
5.51600108532887e-71,0.352893594050469,0.163,0.631,1.77344950894409e-66,"LY6E"
7.24588993378057e-20,0.352883668376964,0.035,0.163,2.32962607260979e-15,"BIVM-ERCC5"
1.41256917013633e-53,0.35282522842382,0.111,0.464,4.5415511389053e-49,"PLAC9"
4.74759824230838e-09,0.352780096523294,0.01,0.061,0.000152640031088457,"SERP2"
4.62178008972333e-39,0.352706528519285,0.069,0.32,1.48594851664695e-34,"ARL16"
3.8858396619414e-46,0.352420248984684,0.124,0.458,1.24933630971078e-41,"ADAM15"
1.89204162054969e-11,0.352415359803656,0.016,0.085,6.0831030142293e-07,"AL139095.2"
2.45361867789529e-38,0.352336881089947,0.08,0.338,7.88862941130116e-34,"LUC7L3"
2.08032624474519e-08,0.352178093904822,0.009,0.055,0.000668845690948026,"REEP2"
1.1118772216056e-23,0.352110195150418,0.025,0.163,3.57479645518416e-19,"TUBGCP6"
2.52462159039577e-07,0.351881759717725,0.012,0.056,0.00811691087528145,"RPL10P14"
1.5016049856378e-22,0.351874989616435,0.031,0.17,4.82781018932409e-18,"TMEM25"
1.95778718583243e-52,0.351865421584488,0.095,0.429,6.29448158116986e-48,"KDELR1"
4.72340975164705e-17,0.351777502364394,0.028,0.138,1.51862346925204e-12,"AP001094.1"
4.11357047363754e-45,0.351608712204564,0.074,0.356,1.32255404297921e-40,"CDC14B"
7.78951745924791e-38,0.351557728032455,0.072,0.32,2.5044077583228e-33,"MTERF4"
1.3346093071266e-21,0.35138487779094,0.033,0.17,4.29090238334274e-17,"AC021739.2"
2.17709680037573e-15,0.351203051176708,0.027,0.127,6.99958392288801e-11,"LMCD1"
1.10168038731849e-23,0.351034087694704,0.027,0.168,3.54201261326769e-19,"8-Sep"
1.29317076503136e-42,0.350935148469845,0.087,0.37,4.15767332665233e-38,"EPHX1"
2.97479187119043e-14,0.350923745443289,0.023,0.114,9.56425334506434e-10,"SLC25A38"
8.97865846324994e-21,0.35085524367419,0.025,0.15,2.88672848251949e-16,"AC013643.2"
1.47423902783567e-35,0.350663980412277,0.059,0.286,4.73982589839448e-31,"CYHR1"
3.10197098481795e-27,0.350551019237334,0.057,0.241,9.9731469132882e-23,"CPSF1"
1.10588427987026e-14,0.350377095722016,0.015,0.1,3.55552854821088e-10,"AC244107.1"
1.05739191128976e-51,0.350262898001439,0.126,0.486,3.3996207339877e-47,"SPRYD3"
1.54594945530438e-16,0.349914552071173,0.01,0.1,4.97038209374911e-12,"GK5"
5.95265031507231e-55,0.349762397180703,0.117,0.481,1.9138366027989e-50,"CCNL2"
4.95411441458474e-21,0.349755354164887,0.02,0.141,1.59279732543314e-16,"PPP1R1A"
3.15034240505888e-09,0.349713115231059,0.017,0.075,0.000101286658665048,"ARSJ"
4.19904663529781e-18,0.349617309449179,0.027,0.14,1.3500354837146e-13,"VWA5A"
1.94033994818055e-11,0.349589777483877,0.027,0.105,6.23838696739528e-07,"RNF31"
1.20527469315619e-08,0.349557431862663,0.016,0.07,0.000387507866596648,"JAK3"
2.40907823255556e-23,0.349476483772836,0.048,0.206,7.74542742548938e-19,"FRMD6"
2.72795090108168e-28,0.349415324603117,0.049,0.233,8.77063494206771e-24,"MTPN"
4.02658932107714e-16,0.349145190541121,0.021,0.119,1.29458873261951e-11,"CLN3"
2.71080532258736e-11,0.349133348555434,0.015,0.082,8.71551019265063e-07,"FGGY"
1.11085382666447e-08,0.349003705967933,0.016,0.07,0.000357150613810893,"LRP12"
3.41822250186075e-22,0.348999890439292,0.051,0.204,1.09899271657325e-17,"ANKRD13D"
3.99182244955269e-07,0.348854145915857,0.01,0.05,0.0128341083575569,"AC104134.1"
1.93366509791675e-11,0.348839130063174,0.007,0.069,6.21692665631216e-07,"CTRL"
3.18869862819917e-14,0.348467010130435,0.028,0.122,1.02519849595232e-09,"SEPT7P2"
1.41322919026238e-11,0.34841563178887,0.016,0.086,4.54367316961258e-07,"PLCE1"
1.0253172238078e-15,0.348381152853073,0.017,0.11,3.29649740626445e-11,"VAV2"
5.92579914709584e-21,0.348035500533994,0.022,0.146,1.90520368378278e-16,"DNAJA3"
3.56624978567985e-18,0.34790537733485,0.021,0.129,1.14658496859393e-13,"BAZ2B"
5.87359004779561e-38,0.34781485567014,0.079,0.334,1.88841793626677e-33,"FNDC3A"
5.74817496483427e-52,0.34774979098842,0.272,0.791,1.84809573294387e-47,"AC116533.1"
5.02392000714849e-10,0.347704738270276,0.01,0.066,1.61524052149831e-05,"RPS27P29"
3.1393861832344e-22,0.347699628952429,0.032,0.171,1.00934405177169e-17,"SLC35C1"
2.35800775347415e-18,0.347360149216039,0.017,0.123,7.58123072819475e-14,"TMEM39B"
1.64868854992221e-16,0.347046599105176,0.036,0.148,5.30069855685491e-12,"A2ML1-AS1"
2.24171552140751e-42,0.346806232861402,0.056,0.308,7.2073395728773e-38,"UBE4A"
1.61444147493435e-15,0.34676691063438,0.03,0.131,5.19059078606144e-11,"TENT5A"
3.58475376400477e-11,0.346621715457373,0.012,0.077,1.15253418266517e-06,"AP001160.1"
6.9990212295969e-13,0.3463668554155,0.016,0.093,2.2502553155277e-08,"SNCA"
2.23038852468262e-22,0.34636403083564,0.028,0.164,7.17092214570709e-18,"BFAR"
1.50786927345354e-12,0.346348357828112,0.02,0.098,4.84795050108047e-08,"SECISBP2"
3.70334256406244e-12,0.346298040704104,0.022,0.1,1.19066166777171e-07,"SUSD5"
5.37023158641791e-09,0.346222905628419,0.006,0.053,0.000172658315734922,"PRCD"
1.9147368153463e-26,0.346074833093546,0.043,0.212,6.15607033501989e-22,"ASB6"
3.8375645083387e-17,0.346028721410129,0.02,0.122,1.23381536507598e-12,"TXNDC9"
4.10168555767421e-20,0.345939739755481,0.025,0.146,1.31873292364783e-15,"USHBP1"
2.89261087751282e-16,0.345836617974785,0.023,0.124,9.30003323229147e-12,"ARMT1"
7.14834522484391e-43,0.345526448608628,0.072,0.342,2.29826447323956e-38,"AC004551.1"
1.88750707125388e-25,0.345404468595708,0.047,0.214,6.06852398478836e-21,"PRKCH"
1.08164182597508e-66,0.345397813411033,0.1,0.494,3.47758663469249e-62,"TPM3"
2.72884718747418e-48,0.345389025950676,0.088,0.397,8.77351659244823e-44,"KIF13A"
1.50676858993272e-64,0.345339997772165,0.224,0.731,4.8444116934927e-60,"PLEC"
5.62686292904151e-18,0.345249857390239,0.022,0.131,1.80909270031614e-13,"NPIPA8"
6.08806532876407e-31,0.344996399677268,0.043,0.234,1.95737388385094e-26,"NAA10"
5.35578513755281e-10,0.344905092685348,0.02,0.084,1.7219384795746e-05,"KITLG"
9.48251021803122e-08,0.344895248455208,0.016,0.065,0.00304872186019922,"NOP16"
2.94068036064025e-10,0.344768546253321,0.017,0.081,9.45458142749446e-06,"PYGO1"
1.08390600025782e-17,0.344700954561034,0.023,0.131,3.48486618142893e-13,"ABCA5"
1.80734792837833e-15,0.34451757595347,0.02,0.113,5.81080432452917e-11,"TMEM39A"
4.60859767291969e-28,0.344339056286011,0.04,0.213,1.48171023782041e-23,"CREBRF"
2.86696191734994e-27,0.344337844257694,0.04,0.209,9.21756926047179e-23,"RHBDF1"
1.99152401099883e-19,0.344174681326391,0.032,0.157,6.40294884776235e-15,"WWOX"
2.57270733762268e-14,0.344132522498144,0.023,0.114,8.27151136119067e-10,"RGS4"
1.05183459571263e-48,0.344027883595165,0.093,0.408,3.38175340867568e-44,"PPP1R18"
2.0366070740624e-11,0.343665516794144,0.012,0.078,6.54789540381803e-07,"GSEC"
1.38461135594461e-07,0.343577797089088,0.014,0.059,0.00445166397049751,"AC026464.6"
2.46353216539284e-42,0.34355280312393,0.063,0.323,7.92050226495453e-38,"ARNT"
5.64097922580109e-12,0.343256284735952,0.021,0.097,1.81363123088731e-07,"CEP112"
2.32427514498437e-20,0.343096482050677,0.041,0.177,7.47277701863925e-16,"ACAP3"
3.46337555294848e-28,0.34298957652503,0.049,0.233,1.11350987402847e-23,"CD40"
1.22030355125126e-22,0.342966603654794,0.032,0.173,3.92339794762793e-18,"PPTC7"
1.84666169942808e-15,0.342742133204726,0.023,0.12,5.93720202983123e-11,"AL671710.1"
2.40506048189347e-13,0.342708624076789,0.017,0.097,7.73250995533569e-09,"CEP104"
1.49854439079598e-27,0.342676645353084,0.038,0.208,4.81797007084816e-23,"PPP1R9B"
1.48669977879326e-07,0.342673660610938,0.012,0.057,0.00477988845879822,"IFT172"
3.62316146049633e-09,0.342587101594458,0.016,0.073,0.000116488264116417,"LY75-CD302"
1.39761249028388e-15,0.342528638098273,0.023,0.121,4.49346391751169e-11,"RABEP1"
2.7312667711734e-57,0.342486537328742,0.09,0.437,8.78129579599959e-53,"NAP1L4"
5.44942484132836e-09,0.342239924469421,0.015,0.069,0.000175204458073548,"UBAP2"
2.3109795861792e-53,0.342201367831088,0.079,0.399,7.43003046752475e-49,"CIC"
4.66199949716187e-13,0.342062998898592,0.025,0.109,1.49887945833251e-08,"AC009060.1"
6.20466849529132e-21,0.342007981572711,0.032,0.164,1.99486296792111e-16,"DPP9"
8.54946059343549e-22,0.341920974114729,0.028,0.162,2.74873707539545e-17,"TKFC"
1.23396565537376e-33,0.341912245617375,0.062,0.281,3.96732297859218e-29,"AKR1C3"
3.35177649891617e-36,0.341813004331812,0.08,0.329,1.07762966216654e-31,"DAZAP1"
3.81914457875825e-55,0.341374184015186,0.114,0.475,1.22789317351657e-50,"SIRPA"
6.81479199479363e-52,0.341124281519417,0.096,0.43,2.1910237742461e-47,"FARP1"
2.43607334698804e-33,0.341074157354343,0.051,0.259,7.83221941790123e-29,"PPCS"
2.65549395360869e-11,0.340735588025677,0.021,0.093,8.5376786102473e-07,"CHRNE"
6.82892565887677e-09,0.340627993483187,0.009,0.058,0.000219556788858547,"MIR4647"
2.25030563275857e-19,0.340426087022873,0.03,0.152,7.23495763988208e-15,"CHTF8"
3.54038793050457e-19,0.340227318127299,0.033,0.157,1.13827012353652e-14,"ORC4"
3.42411084671671e-09,0.340153063069088,0.01,0.062,0.000110088587832789,"PIGO"
1.48261635571766e-36,0.340016947629967,0.041,0.254,4.76675984526786e-32,"MEAF6"
1.49643724021096e-16,0.33994074928487,0.037,0.15,4.81119537100224e-12,"GART"
1.65687615877703e-14,0.339902990415651,0.026,0.119,5.32702253808404e-10,"WDR46"
6.37727916218208e-15,0.339894932975772,0.036,0.139,2.05035902343316e-10,"ZZEF1"
1.0856136989836e-20,0.339746843698265,0.026,0.151,3.49035660360218e-16,"TVP23C-CDRT4"
1.42029444958204e-28,0.339568094034463,0.044,0.225,4.56638868485122e-24,"YARS2"
4.33412209196775e-16,0.339538722797585,0.022,0.121,1.39346359378855e-11,"ABCD3"
1.3580705611232e-74,0.339473987923732,0.179,0.676,4.36633266106721e-70,"KCNAB1"
3.05733185502953e-09,0.339450492535376,0.01,0.062,9.82962764710543e-05,"WNT2B"
1.70391386684487e-64,0.339443065358974,0.209,0.702,5.47825347329293e-60,"PLS3"
7.38948417985569e-45,0.339437647119219,0.07,0.349,2.3757930586654e-40,"SP100"
2.02153372878551e-17,0.339410700445007,0.031,0.144,6.49943309141829e-13,"SLFN5"
3.95950438895084e-08,0.339398633218061,0.01,0.056,0.00127302025609158,"AL136982.6"
6.03163779396166e-38,0.33936734770013,0.057,0.292,1.93923186713661e-33,"ATP13A3"
3.44656729341487e-27,0.339214168707475,0.049,0.228,1.10810585050581e-22,"MIA3"
7.80969258201417e-18,0.339148241690077,0.021,0.128,2.51089426204337e-13,"ASCC1"
7.19197843013154e-24,0.339050639247026,0.048,0.209,2.31229298507159e-19,"MEIS1"
1.17464165791372e-09,0.338712678967438,0.015,0.073,3.7765903943584e-05,"AC004987.3"
3.00568602855371e-23,0.33867784337991,0.036,0.182,9.66358115040304e-19,"OAF"
1.92957427019451e-37,0.338504469466752,0.059,0.294,6.20377423610237e-33,"COPS2"
7.16241314107926e-41,0.338388583337089,0.069,0.328,2.30278744898839e-36,"SPTLC2"
5.94186563297783e-17,0.338385037691233,0.035,0.148,1.9103692196587e-12,"AGO4"
5.18753566026424e-57,0.338033499827142,0.089,0.435,1.66784459013156e-52,"THRAP3"
1.42722705559358e-52,0.337903064910674,0.095,0.428,4.5886777064389e-48,"RFX2"
9.97861410222817e-22,0.337435994843522,0.031,0.166,3.20822422000738e-17,"AR"
5.26057313804549e-58,0.337434235932544,0.209,0.686,1.691326869613e-53,"AL033519.2"
1.14564000172004e-47,0.337416986827885,0.088,0.395,3.68334716953011e-43,"SMCO4"
1.59731554911625e-13,0.337362097188891,0.012,0.089,5.13552922196365e-09,"CASKIN1"
4.33367692744374e-07,0.337262660643233,0.012,0.054,0.0139332046894244,"COA6-AS1"
8.56874523870821e-11,0.337226780436241,0.021,0.09,2.75493728169708e-06,"C8orf58"
2.94819600164258e-35,0.337163698020072,0.049,0.266,9.47874496488105e-31,"RFC4"
1.58345553242083e-24,0.336640124040626,0.038,0.193,5.09096788228622e-20,"DNAJC13"
3.08101916419136e-09,0.33638307345466,0.015,0.071,9.90578471479165e-05,"UNC5D"
6.42502124987673e-24,0.336371484837477,0.038,0.191,2.06570858204787e-19,"AC109460.3"
1.62290479129819e-27,0.336310885460309,0.059,0.248,5.21780119450281e-23,"NNT"
2.90608795971631e-69,0.336269133822449,0.152,0.606,9.34336339928391e-65,"SRSF3"
1.56853624007381e-26,0.336158458305369,0.044,0.215,5.0430008654613e-22,"RYK"
1.58125686667279e-10,0.336099812402083,0.01,0.069,5.08389895203967e-06,"PGAP1"
1.90818372784148e-08,0.336010166383309,0.016,0.069,0.000613500150338313,"LEKR1"
8.31743200144267e-33,0.335995777266946,0.053,0.262,2.67413756278383e-28,"ETV6"
2.27151111059273e-38,0.335762177286792,0.067,0.313,7.30313537166668e-34,"UBE2E2"
9.19242807054859e-16,0.335695743107977,0.02,0.115,2.95545754896208e-11,"U2AF2"
1.8313149612231e-48,0.335430617206534,0.087,0.395,5.8878607318284e-44,"GALNT15"
3.00110996723959e-10,0.335381877952283,0.017,0.081,9.64886865567202e-06,"PKN3"
3.9728733715071e-13,0.335336459827096,0.016,0.094,1.27731851767325e-08,"ST3GAL2"
1.18253564455743e-54,0.33526488289777,0.108,0.462,3.80197035081658e-50,"IFNGR2"
6.71589983101575e-40,0.33519995405031,0.355,0.893,2.15922895466987e-35,"JUND"
2.62253896422541e-33,0.335140285283789,0.059,0.276,8.43172502388111e-29,"USP47"
4.84163630611755e-15,0.335080832651273,0.017,0.106,1.55663448877985e-10,"AC008894.2"
1.33706558342146e-26,0.335076200056854,0.028,0.185,4.29879955725832e-22,"GATD1"
1.42260394880812e-18,0.335052982755993,0.028,0.145,4.57381395581299e-14,"TRAF3IP2-AS1"
1.37530357228588e-14,0.335025310016443,0.016,0.102,4.42173851525634e-10,"RSBN1"
1.07549633689937e-30,0.334886851042156,0.061,0.265,3.45782827276516e-26,"CD109"
2.32217317328539e-33,0.334847946927654,0.066,0.287,7.46601896942987e-29,"PITPNM2"
2.97625163786397e-37,0.334795387139102,0.07,0.315,9.56894664089643e-33,"RAF1"
4.8895672307519e-25,0.334401456699035,0.036,0.191,1.57204476035904e-20,"GNG7"
1.59186243025844e-66,0.334378490310944,0.126,0.546,5.1179968995239e-62,"PAPOLA"
2.99465795715135e-23,0.334365108075746,0.04,0.19,9.6281247980373e-19,"PCGF2"
9.55829458712367e-36,0.334293612233078,0.063,0.293,3.07308729270613e-31,"CCDC124"
2.97956783099389e-13,0.334023742279202,0.023,0.108,9.57960853342844e-09,"PGAP3"
2.37225718555046e-15,0.333986117068071,0.025,0.122,7.62704407726327e-11,"FAP"
5.22320834982744e-15,0.333860604943177,0.036,0.14,1.67931371655302e-10,"MED12"
2.14945835699813e-16,0.333846965917364,0.016,0.111,6.91072356358469e-12,"MTG2"
2.371283989766e-17,0.333766686008599,0.027,0.137,7.62391515549668e-13,"ARAP3"
4.5159296547701e-12,0.333747716994764,0.014,0.084,1.45191654330513e-07,"TBCAP1"
2.97890326126802e-31,0.33356179885398,0.052,0.252,9.57747187530281e-27,"ARHGEF1"
2.39236050919736e-18,0.333495184666168,0.016,0.121,7.69167827312043e-14,"AC008761.1"
1.33413327895239e-50,0.333350724021851,0.109,0.449,4.28937190515982e-46,"PXN-AS1"
4.05799233023266e-12,0.333306722620494,0.01,0.077,1.3046851140931e-07,"SPOPL"
1.77558323167763e-12,0.333150082418782,0.026,0.108,5.70867764816674e-08,"LRRK2"
2.08301728187651e-12,0.333013815379516,0.021,0.099,6.69710886296116e-08,"SCO2.1"
5.34553122206504e-29,0.333008348100787,0.046,0.229,1.71864174320613e-24,"SNTA1"
1.68322043755364e-51,0.332917886242602,0.108,0.447,5.41172202877869e-47,"MPDZ"
2.25147636837507e-08,0.332796548401207,0.015,0.066,0.00072387216719627,"FGF7P6"
1.18419676224428e-40,0.332782680058409,0.068,0.325,3.80731101029158e-36,"CTDSPL"
4.61970238082406e-27,0.332678046723584,0.059,0.245,1.48528051245874e-22,"ARFGAP1"
1.42559265068606e-13,0.332663911932015,0.014,0.092,4.58342293122075e-09,"CLN8"
4.92580905368377e-10,0.332656359796187,0.011,0.068,1.58369686884987e-05,"SERPINB8"
1.00452795094927e-52,0.332465309003455,0.106,0.453,3.22965781509701e-48,"MTCO2P12"
1.03826055357521e-20,0.332447188151674,0.037,0.172,3.33811150579964e-16,"BTBD3"
1.10123405829462e-19,0.332405761754774,0.031,0.156,3.54057762082304e-15,"SGMS1"
6.49104086687888e-13,0.332250285534663,0.027,0.113,2.08693454911023e-08,"AKAP8L"
4.951418706116e-41,0.332240857535322,0.069,0.329,1.59193062820336e-36,"C1QBP"
1.72351658503779e-35,0.332132743201669,0.067,0.3,5.54127817255501e-31,"TNFAIP2"
1.13581172817602e-20,0.332075554765667,0.036,0.17,3.65174828725873e-16,"TNFRSF10D"
3.55033231364981e-36,0.331896202911786,0.072,0.311,1.14146734216155e-31,"YY1"
3.19596394040076e-19,0.331818589954581,0.04,0.169,1.02753436647825e-14,"MNT"
7.43640320316939e-61,0.331742150909519,0.136,0.543,2.39087799385099e-56,"RPL10P6"
2.02421394958312e-67,0.3316662202579,0.125,0.547,6.5080502693047e-63,"PI4KA"
4.47577935035643e-48,0.331458315072257,0.088,0.397,1.43900781893309e-43,"HLA-DQB1"
7.65444848412842e-27,0.331454530747445,0.027,0.183,2.46098173213213e-22,"SERTAD3"
2.574906773238e-40,0.331422853104561,0.066,0.319,8.27858276663751e-36,"SPATA21"
5.03225772610007e-11,0.331216530197196,0.019,0.087,1.61792118151843e-06,"TPTEP2-CSNK1E"
4.36174630147708e-21,0.331213434767767,0.036,0.172,1.40234505338789e-16,"QTRT1"
5.83374531855111e-33,0.330809349386265,0.043,0.243,1.87560745736737e-28,"URM1"
1.06712414902174e-26,0.330798327202982,0.048,0.223,3.43091085151979e-22,"DPF2"
1.91639429546163e-42,0.330754862241891,0.066,0.328,6.16139929933868e-38,"ATXN2"
2.10780974270363e-28,0.330675658972185,0.04,0.215,6.77681910376643e-24,"MAP3K2"
1.11047404510241e-35,0.330648037462123,0.067,0.3,3.57028510240876e-31,"WNK1"
8.42001468662023e-10,0.330413853938547,0.017,0.078,2.70711892189527e-05,"KIF21A"
1.64800410719689e-14,0.330387595350376,0.021,0.111,5.29849800504872e-10,"GPR37L1"
1.77593635170385e-26,0.330321466233654,0.04,0.206,5.70981296436306e-22,"AC010226.1"
1.15178512480092e-41,0.330283082616501,0.07,0.334,3.70310435474743e-37,"MARS"
4.72361461101575e-28,0.330101755605447,0.061,0.253,1.51868933358767e-23,"NAE1"
1.12832875119524e-13,0.33009872813511,0.014,0.092,3.62768976796781e-09,"NPL"
8.77319745409351e-49,0.329965951782034,0.072,0.367,2.82067071346561e-44,"ZFAND6"
9.81238221053837e-10,0.329941223011155,0.007,0.06,3.15477900451019e-05,"PLD1"
2.50977223439289e-42,0.329813739862044,0.037,0.272,8.06916871079658e-38,"RTF1"
8.26595015221507e-21,0.3296631280261,0.042,0.182,2.65758563343867e-16,"SETD1A"
1.16279126119067e-61,0.329648934212157,0.189,0.654,3.73849018385412e-57,"EHD1"
5.23230675504407e-46,0.329617883177566,0.299,0.793,1.68223894481422e-41,"SERPINF1"
1.96705489718101e-52,0.329600488627477,0.094,0.427,6.32427819992668e-48,"KANK3"
4.25194714026087e-26,0.329399804478819,0.043,0.211,1.36704352506527e-21,"CNPY2"
3.0848636572053e-24,0.329396615047343,0.038,0.193,9.91814514428075e-20,"ATF1"
4.48949940639551e-35,0.329221830160767,0.048,0.262,1.44341895415022e-30,"MRPS25"
1.68763468068534e-44,0.329184078590291,0.054,0.315,5.42591426187143e-40,"HABP4"
9.61137166754259e-48,0.329087326459827,0.083,0.385,3.09015210483162e-43,"CCM2"
2.05338934266509e-10,0.328867290718474,0.017,0.082,6.60185207560252e-06,"GFPT2"
4.60161795397711e-12,0.328855262693263,0.017,0.091,1.47946618838318e-07,"ZNF254"
1.4690689700951e-15,0.32879981068377,0.023,0.12,4.72320364575274e-11,"TDRD3"
1.67692776028897e-08,0.328741686938927,0.012,0.062,0.000539149044210506,"DUS3L"
6.28394564484626e-22,0.328568235452443,0.032,0.169,2.02035136427452e-17,"TRIM2"
4.19734905901328e-27,0.328353357890162,0.047,0.223,1.34948969596336e-22,"SNHG16"
5.13880529047047e-11,0.328085973741004,0.017,0.085,1.65217728893916e-06,"STS"
2.01131855407971e-15,0.328074574533837,0.028,0.129,6.46659028322167e-11,"SYNE3"
1.55545596333241e-07,0.328039363471235,0.009,0.05,0.00500094646771003,"LILRA5"
2.01170305044138e-13,0.328033246027182,0.023,0.109,6.46782647747408e-09,"TCEANC2"
8.45347846030666e-16,0.327641617789294,0.031,0.135,2.71787785977319e-11,"WRAP73"
4.57761723978611e-47,0.327432462143422,0.099,0.414,1.47174971876363e-42,"SLC20A1"
4.53773686938712e-60,0.327324895444343,0.245,0.768,1.45892778087665e-55,"COLEC11"
1.21426591434418e-30,0.32714197675943,0.049,0.244,3.90398634120798e-26,"FBXL17"
1.50384280622362e-23,0.327089764957392,0.043,0.198,4.83500500628957e-19,"AC026464.4"
4.69410815788209e-09,0.327058381707299,0.014,0.068,0.000150920271384067,"TARS2"
3.68205682780081e-26,0.326993757026582,0.059,0.24,1.18381809070624e-21,"CASKIN2"
1.15516292470634e-06,0.326965129814982,0.014,0.054,0.0371396431922335,"FAM122C"
4.05167576109893e-13,0.326946461195116,0.014,0.089,1.30265427395092e-08,"RPL7P26"
1.41902938060539e-54,0.32652652352513,0.174,0.594,4.56232136158438e-50,"GNG11"
7.08999360753951e-41,0.326489279413735,0.073,0.336,2.27950384476003e-36,"SIN3B"
1.14999027992559e-31,0.326306070245803,0.051,0.251,3.69733374898875e-27,"FLRT2"
5.92050319019917e-25,0.32585566252051,0.032,0.184,1.90350098068094e-20,"CBWD1"
2.49894149668135e-12,0.325793362948441,0.015,0.087,8.0343468059802e-08,"SULT1A3"
1.16729105041523e-61,0.325779156969882,0.143,0.561,3.75295745619002e-57,"LGI4"
2.55080689359159e-31,0.325539917826992,0.054,0.256,8.20109924358632e-27,"PLEKHG2"
2.93235356232025e-13,0.325491957744017,0.019,0.099,9.42780993821583e-09,"CDADC1"
5.07873731305128e-07,0.325485641127162,0.016,0.061,0.0163286483351912,"RRN3P1"
5.87622515709099e-23,0.325410554756323,0.032,0.174,1.88926515025633e-18,"DERL1"
3.00692879118302e-43,0.325309053766784,0.067,0.334,9.66757675653254e-39,"RETREG2"
3.60770564501089e-07,0.325062054728203,0.01,0.051,0.0115991344192745,"MGAT3"
3.97070874683158e-14,0.324845639948343,0.021,0.108,1.27662256919382e-09,"ATP6V0A2"
2.3573184425334e-40,0.324738093650754,0.094,0.374,7.57901452458914e-36,"AKTIP"
3.50327156970297e-20,0.324539234377909,0.035,0.165,1.1263368423752e-15,"BCAT2"
1.6514523360203e-28,0.324361233665536,0.046,0.227,5.30958440553887e-24,"R3HDM2"
2.65697606830117e-40,0.32435181326924,0.057,0.303,8.54244375719509e-36,"DALRD3"
1.71377534018647e-22,0.324309638614152,0.038,0.184,5.50995909623351e-18,"MAML1"
8.10937654345279e-48,0.324176888420506,0.052,0.324,2.60724565248551e-43,"ADIPOR1"
1.40704817753037e-19,0.324150938712371,0.042,0.176,4.5238005955779e-15,"AL133260.1"
5.2873369237728e-19,0.324077509250618,0.03,0.15,1.69993169436219e-14,"INPP5K"
9.1461642983441e-42,0.323953005326929,0.066,0.325,2.94058328356061e-37,"RAPGEF5"
3.40450531621014e-10,0.323891100999129,0.012,0.072,1.09458250421472e-05,"NEK4"
2.73247571742612e-20,0.323873046917832,0.026,0.149,8.78518267909673e-16,"KIAA0586"
2.9133062257263e-12,0.323814421750403,0.017,0.092,9.36657084633262e-08,"BRAF"
3.8433019630847e-15,0.323772681861118,0.03,0.13,1.23566001415136e-10,"DDX54"
1.46393148681296e-16,0.323661084516739,0.031,0.139,4.70668612325234e-12,"AGPAT4"
7.81170107473437e-29,0.323154395850683,0.066,0.265,2.51154001253785e-24,"LDB2"
3.39732165300726e-09,0.323086515399013,0.016,0.073,0.000109227288465836,"PCDHGA10"
4.16339523713144e-13,0.323045735510334,0.022,0.105,1.33857320269013e-08,"SUFU"
9.80944982469118e-13,0.322263240965486,0.022,0.103,3.15383621313646e-08,"NOX4"
3.55782231727598e-60,0.322012390389832,0.15,0.568,1.1438754532274e-55,"PSMB9"
3.74257583858245e-29,0.321774194639365,0.042,0.223,1.20327555786264e-24,"TOX"
9.23953910011754e-67,0.321668729808538,0.178,0.646,2.97060421607879e-62,"PSMB7"
1.79378550094904e-41,0.321600348196095,0.059,0.311,5.76719976410127e-37,"AMFR"
4.41995919723039e-21,0.321576088623492,0.028,0.158,1.42106108150154e-16,"CFAP97"
2.47334922425881e-43,0.321561139478557,0.075,0.351,7.9520650909145e-39,"INSR"
2.67797535270931e-26,0.321155921254719,0.047,0.218,8.6099585564957e-22,"MAST2"
3.10815806312645e-18,0.321146520126387,0.02,0.127,9.99303898875783e-14,"NPIPA7"
4.36828149911245e-14,0.320983441500958,0.021,0.108,1.40444618477964e-09,"SSH2"
1.17009148426638e-08,0.320808423153939,0.01,0.059,0.000376196113106483,"AL031727.1"
6.2075132855972e-08,0.320696064319302,0.01,0.055,0.00199577759645236,"AC008537.4"
3.47487197200372e-22,0.320607680881811,0.037,0.18,1.11720608771892e-17,"CDK10"
3.64340857472821e-09,0.31989661096148,0.011,0.064,0.000117139229086087,"ZC2HC1A"
6.19649602722064e-37,0.319819031693174,0.064,0.302,1.99223543771171e-32,"AL358781.1"
7.40489440739914e-30,0.319563833726939,0.041,0.224,2.3807476009229e-25,"PWP1"
9.09417107357145e-20,0.319411312133351,0.031,0.156,2.92386694186396e-15,"CSRNP2"
2.74531606413866e-36,0.319385007290558,0.054,0.279,8.82646567781221e-32,"AC097634.4"
5.48917000588755e-13,0.319369642382381,0.03,0.118,1.76482304859291e-08,"ZNF84"
2.94963907726236e-33,0.319168281001416,0.042,0.242,9.48338459730621e-29,"IER5"
1.8236845010316e-08,0.319164351888932,0.01,0.058,0.000586332803926671,"CNNM3"
1.77350619287719e-11,0.319163296556592,0.022,0.096,5.70199976071947e-07,"MCC"
3.47505333903826e-19,0.319111574679668,0.031,0.153,1.11726439903419e-14,"APOL2"
2.73122001158244e-25,0.318930179532225,0.027,0.176,8.78114545923869e-21,"ZRANB3"
7.07132613381833e-08,0.318728151542861,0.014,0.061,0.00227350206528393,"TTF1"
9.97995698603264e-08,0.318365784046438,0.009,0.051,0.00320865597057935,"ZNF235"
4.59964134074833e-37,0.318295479604534,0.07,0.314,1.47883068746399e-32,"PDHB"
1.19856205844597e-17,0.318177139167694,0.028,0.141,3.85349687410965e-13,"PPP1R8"
2.97082699688788e-10,0.318127298664777,0.015,0.076,9.55150587769423e-06,"AASDH"
3.94248604982641e-24,0.318058091643547,0.035,0.184,1.26754868987969e-19,"LINC00667"
1.02093646773361e-22,0.318038426548893,0.027,0.164,3.28241283741033e-18,"NREP"
3.70381465051662e-32,0.317941282802509,0.062,0.275,1.1908134482876e-27,"E2F4"
3.93958490144101e-10,0.317768518476178,0.011,0.069,1.2666159416623e-05,"TMEM67"
2.43063501451472e-30,0.317698308605169,0.072,0.285,7.81473463516629e-26,"GIMAP6"
3.58873035029308e-08,0.317631927437478,0.012,0.061,0.00115381269492273,"YDJC"
2.49478426532728e-18,0.317468584150924,0.028,0.144,8.02098089145374e-14,"VTA1"
3.2826481297714e-29,0.317434876079858,0.059,0.257,1.0554042002028e-24,"NBPF10"
2.81538648662679e-14,0.317306559367974,0.015,0.098,9.0517490931538e-10,"ZNF32"
1.48250352354791e-26,0.316969301911922,0.047,0.22,4.76639707855889e-22,"SCX"
1.97860450255007e-33,0.316931985166362,0.044,0.248,6.36141133614874e-29,"EFHD2"
6.91533398394257e-36,0.316887437291397,0.048,0.265,2.22334902917738e-31,"TMEM106B"
1.78379227495102e-15,0.316875843172954,0.028,0.129,5.73507054319502e-11,"CRTC1"
1.51061404826184e-13,0.316869598312177,0.019,0.101,4.85677522656664e-09,"AL031282.1"
3.58505338809507e-09,0.316861163980617,0.015,0.07,0.000115263051480645,"CEP44"
1.18662749432328e-14,0.316836306214419,0.012,0.095,3.81512605699877e-10,"C18orf21"
1.0258164142927e-41,0.316734130757973,0.075,0.345,3.29810235359248e-37,"RPL41P5"
1.3439537810409e-70,0.316686868805949,0.14,0.589,4.32094580142459e-66,"JMJD8"
4.65138459129991e-20,0.316628602231291,0.035,0.164,1.49546665994883e-15,"BCL7C"
4.84658295082322e-48,0.316545501131599,0.087,0.393,1.55822488451917e-43,"MDH1"
3.28542561759286e-23,0.316419998534891,0.037,0.185,1.05629719031228e-18,"GGA3"
9.45669306476864e-69,0.315892125583416,0.199,0.7,3.04042138725376e-64,"YWHAQ"
8.99450852752379e-08,0.315826070366182,0.014,0.061,0.00289182443668417,"AC005332.6"
8.56398556292484e-08,0.315727443428207,0.01,0.054,0.00275340699833597,"PTENP1"
1.53418469272139e-34,0.31568280831786,0.048,0.26,4.93255720556854e-30,"CNN2"
1.40138843675944e-19,0.31567928324295,0.438,0.894,4.50560396302527e-15,"FBLN1"
8.46343662759167e-41,0.315591163510389,0.074,0.338,2.721079510137e-36,"ZBTB20"
4.74831287190732e-10,0.315560250763582,0.012,0.071,1.52663007144692e-05,"RLF"
2.24016539616023e-14,0.315547395983128,0.022,0.112,7.20235576519476e-10,"MSANTD3"
8.96569082915356e-08,0.315533175004213,0.009,0.052,0.00288255925848116,"CACTIN-AS1"
1.26105945352383e-31,0.315439475097048,0.047,0.244,4.05443224902447e-27,"CHD3"
5.58316949142202e-15,0.315421725157621,0.022,0.115,1.79504482318709e-10,"ANKRD50"
1.89522565887278e-20,0.315352602864333,0.035,0.166,6.09334001584186e-16,"UVRAG"
1.01188553267222e-08,0.315350618689575,0.014,0.066,0.000325331317609445,"FBXO45"
1.02185545491415e-08,0.315318834499823,0.014,0.066,0.000328536747309449,"NBPF3"
1.36905905696416e-22,0.315283460542144,0.03,0.168,4.40166177404549e-18,"MRPL3"
1.6622813283341e-17,0.315151376471976,0.028,0.14,5.34440069872697e-13,"AC138305.3"
1.35322549065824e-18,0.315139754356762,0.021,0.131,4.3507552750153e-14,"PPP1R13L"
1.83255937661932e-08,0.31498547091146,0.02,0.075,0.000589186165176876,"MIR6723"
2.78768415042194e-10,0.314609388927265,0.015,0.076,8.96268331202158e-06,"FBXO6"
8.124435692216e-19,0.314568058643685,0.021,0.133,2.61208731940437e-14,"NAT9"
4.48901216073736e-21,0.314427062605944,0.031,0.163,1.44326229979867e-16,"EXOC6"
5.46337575840052e-18,0.314346678835715,0.035,0.153,1.75652994008335e-13,"CDK14"
8.98410613700524e-50,0.314279087108362,0.085,0.399,2.88847996410856e-45,"RBMX"
9.07764336919095e-19,0.314165647257131,0.033,0.155,2.91855311962858e-14,"MEGF8"
4.47569450070297e-49,0.31412236535333,0.085,0.394,1.43898053892101e-44,"HDGF"
1.37813488543865e-23,0.313862349304318,0.032,0.177,4.43084147017381e-19,"YY1AP1"
4.32133357194768e-10,0.3137871552892,0.02,0.084,1.3893519567169e-05,"JAK2"
4.89904527029294e-20,0.313491685504825,0.035,0.164,1.57509204485188e-15,"USP8"
1.11142183392142e-26,0.313464698287775,0.028,0.185,3.57333233824076e-22,"EGLN2"
4.96314550629808e-25,0.313440998332674,0.028,0.177,1.5957009117299e-20,"TRIP4"
1.18574877343906e-19,0.313292739765295,0.041,0.174,3.81230088148391e-15,"RBM26"
9.04682248551546e-49,0.313039928991708,0.07,0.365,2.90864389731807e-44,"PANK2"
9.3118887062183e-36,0.313002093302088,0.042,0.253,2.99386533793625e-31,"RNF44"
7.08356569204773e-17,0.312894838771546,0.02,0.12,2.27743720565026e-12,"COG7"
5.6601267738663e-27,0.312630310036513,0.042,0.212,1.81978735906575e-22,"HACD4"
1.03178152771124e-10,0.312556750662341,0.021,0.09,3.31728078974442e-06,"AC096887.1"
1.52213590983968e-25,0.312482935510518,0.038,0.198,4.89381916372556e-21,"RABGAP1L"
6.91293509981342e-13,0.312189393350441,0.017,0.095,2.22257776394101e-08,"GORAB"
3.49366348211304e-60,0.312052435716208,0.178,0.634,1.12324774613416e-55,"AL049873.1"
1.11620137823817e-16,0.311380439807538,0.026,0.131,3.58869905117355e-12,"FP700111.1"
1.87031876953885e-14,0.31134242390817,0.014,0.096,6.01326187594435e-10,"FMNL3"
8.62900133923689e-24,0.311148150545701,0.047,0.206,2.77431022057805e-19,"AKIRIN2"
3.33594112806224e-15,0.311139330960561,0.02,0.112,1.07253843208329e-10,"MYSM1"
5.81693068138752e-26,0.311079909881937,0.043,0.21,1.8702013833729e-21,"DENND6A"
4.36366775634807e-36,0.310998741972428,0.059,0.289,1.40296282034347e-31,"OR2S1P"
1.96272720345362e-22,0.310729593071414,0.032,0.172,6.31036423182373e-18,"GMPPB"
4.32485368132979e-13,0.310681272821013,0.021,0.103,1.39048370708434e-08,"CH17-340M24.3"
7.10882357454851e-37,0.310517669616262,0.063,0.299,2.28555786745309e-32,"CRK"
5.40994397894659e-26,0.310486778134593,0.037,0.199,1.73935108867112e-21,"CCSER2"
5.08047997515405e-11,0.310309671385344,0.009,0.069,1.63342511681178e-06,"TBXAS1"
2.82093795060433e-10,0.310293540338756,0.02,0.085,9.06959760498797e-06,"ALMS1"
7.81713064136353e-29,0.310056437274973,0.059,0.254,2.51328567250479e-24,"ABCF1"
1.87794188867872e-17,0.309890906801907,0.032,0.146,6.03777096629096e-13,"SRRM5"
1.87743170905024e-21,0.309708612605891,0.042,0.185,6.03613068776744e-17,"BCL2"
4.70251418787598e-19,0.309689830204217,0.022,0.136,1.51190533654401e-14,"TMEM19"
1.64679131283723e-22,0.309416567382516,0.041,0.188,5.29459874990298e-18,"RNF220"
9.3621431730844e-44,0.30930505084275,0.054,0.312,3.01002265157837e-39,"RBM5"
4.21192499465001e-13,0.309238395872195,0.022,0.105,1.35417600502993e-08,"CAPN15"
1.21066448335126e-20,0.309178465102637,0.035,0.167,3.89240738042264e-16,"GOLGA1"
1.85771444651771e-25,0.30873818544317,0.051,0.221,5.97273771699909e-21,"SMARCD2"
1.33349287917609e-18,0.308666831657139,0.037,0.161,4.28731295583906e-14,"KDM4B"
3.81745771191152e-26,0.308609544061602,0.042,0.208,1.22735082895667e-21,"RASIP1"
3.02533116179486e-38,0.308582931233402,0.047,0.274,9.72674221828666e-34,"VPS13B"
3.05824024746324e-53,0.308159250519285,0.094,0.428,9.83254821961906e-49,"PSMC3"
3.27566676987751e-42,0.308021070592444,0.077,0.348,1.05315962318332e-37,"CRLS1"
6.27323222751423e-13,0.30801245982749,0.025,0.109,2.0169068934681e-08,"LDLRAP1"
1.4135568649625e-17,0.307990962671401,0.017,0.119,4.54472667654093e-13,"DBP"
7.52008665108772e-30,0.307910002622776,0.069,0.277,2.41778305919121e-25,"FAM193B"
9.00233042870757e-13,0.30790693413001,0.015,0.09,2.89433925613377e-08,"ZNF677"
3.16018986268836e-07,0.307888878944977,0.012,0.055,0.0101603264275293,"ZNF189"
6.07677158941637e-25,0.307881115245508,0.046,0.21,1.95374283371326e-20,"ATF2"
3.47356626331768e-20,0.307467229167164,0.028,0.153,1.11678628931927e-15,"CHADL"
1.56219525029346e-25,0.307436811481497,0.038,0.199,5.0226139492185e-21,"HTATIP2"
3.85805568725481e-51,0.307410749217851,0.094,0.421,1.2404034840093e-46,"FOXK2"
2.4017231173936e-51,0.307174515197167,0.124,0.482,7.72177999473216e-47,"NBEAL1"
1.07191052022086e-49,0.306904047898785,0.125,0.475,3.44629951356209e-45,"PIP4P1"
1.99077654855014e-15,0.306896608834422,0.02,0.113,6.40054568124355e-11,"FMC1"
1.03249158748037e-10,0.306704809916384,0.015,0.079,3.31956370290815e-06,"AC015687.1"
1.30359790469381e-66,0.306602752954544,0.108,0.508,4.19119762338108e-62,"SEC23A"
2.04947336158139e-64,0.306144625737133,0.216,0.719,6.58926180482032e-60,"STAT2"
1.6198075981837e-12,0.306112885523072,0.012,0.084,5.20784340892041e-08,"RAD52"
5.3382669042719e-18,0.305657430208782,0.017,0.121,1.71630619239246e-13,"SLC26A11"
1.15401651698894e-30,0.305652989873447,0.057,0.258,3.71027850377114e-26,"CLK4"
3.6328673838593e-33,0.305434570208083,0.082,0.317,1.1680031925846e-28,"RHOJ"
2.53728402507058e-13,0.305429997956201,0.015,0.093,8.15762186900443e-09,"AC099518.5"
4.91869222222135e-23,0.305300913421414,0.044,0.198,1.58140873636639e-18,"SNAP23"
4.04589075158583e-11,0.304934150983881,0.023,0.097,1.30079433554236e-06,"FNIP2"
5.38274820279183e-50,0.304867697932417,0.089,0.405,1.7306073746796e-45,"KCND3"
3.57166814833256e-11,0.304842563391892,0.012,0.077,1.1483270263704e-06,"ACTR6"
1.02751488891688e-13,0.304683413664539,0.019,0.102,3.30356311935666e-09,"SMYD4"
1.06837791719115e-25,0.304658986572088,0.03,0.183,3.43494184156127e-21,"LETMD1"
1.88410749783003e-22,0.304643342413496,0.035,0.177,6.05759401627333e-18,"PLEKHO2"
2.96202293585564e-48,0.304542884742846,0.108,0.434,9.52319994106945e-44,"ATG4B"
1.34935721923534e-19,0.304379506087238,0.03,0.153,4.33831839556354e-15,"KLHL9"
1.3183829924637e-48,0.304096665960726,0.079,0.381,4.23873315907004e-44,"DDR2"
3.43182419050054e-28,0.304017914583272,0.037,0.209,1.10336579548783e-23,"AC011495.1"
4.49008123722426e-22,0.304001491379213,0.03,0.165,1.44360601857997e-17,"CMAHP"
2.54004187533439e-31,0.303970994902391,0.337,0.81,8.1664886333876e-27,"CADM3-AS1"
8.00093332370641e-09,0.303819133821316,0.017,0.073,0.000257238007290485,"RASSF8-AS1"
2.20563842114538e-77,0.303779179293245,0.151,0.638,7.0913480878245e-73,"ATP6V1E1"
7.66874199728779e-09,0.303757544981615,0.007,0.055,0.0002465577239548,"CXCL1"
1.76442603721163e-08,0.303728590910732,0.011,0.06,0.00056728061522391,"L3MBTL3"
5.63409211202302e-13,0.303562868758736,0.019,0.098,1.81141695493652e-08,"NME9"
5.54987013736556e-10,0.303521785560943,0.015,0.075,1.7843387478644e-05,"AP4B1"
4.23152990390967e-39,0.303326533382249,0.051,0.285,1.360479179406e-34,"DDX41"
6.15434185468855e-15,0.303292224255248,0.023,0.117,1.97868244970092e-10,"AC008443.1"
3.20625372027294e-26,0.303195914717218,0.042,0.209,1.03084263360495e-21,"CAMSAP2"
8.09694759820444e-08,0.303056882035762,0.015,0.063,0.00260324962229871,"PRR5L"
2.7617263522893e-19,0.303006952429895,0.02,0.133,8.87922639524533e-15,"RPS2P55"
4.13966195234137e-17,0.302675236524251,0.023,0.129,1.33094271429727e-12,"SH3BGR"
8.45284481427182e-35,0.302618727342435,0.061,0.285,2.71767413623653e-30,"MT-TG"
2.40984101608917e-12,0.302365556567572,0.015,0.087,7.7478798508283e-08,"MTX3"
5.38230367960495e-17,0.30226678581621,0.02,0.121,1.73046445602979e-12,"HSCB"
1.66888259484285e-27,0.302262955044428,0.035,0.201,5.36562443067924e-23,"GXYLT2"
5.82174882181477e-21,0.302029567437471,0.031,0.162,1.87175046370167e-16,"FAM91A1"
6.80704023774588e-28,0.301993512557645,0.037,0.208,2.18853150683768e-23,"MTMR6"
4.77874388627325e-44,0.301980216095976,0.054,0.313,1.53641394687571e-39,"NOMO3"
6.49744026190594e-16,0.301934248638919,0.03,0.134,2.08899201860538e-11,"TVP23C"
7.0624760348065e-40,0.301630545821148,0.057,0.3,2.27065666995064e-35,"SLC2A4RG"
1.01478365007253e-13,0.301600288675551,0.021,0.106,3.26263091334819e-09,"EXOSC9"
1.31715207983159e-16,0.301399122557396,0.027,0.133,4.23477565186654e-12,"HEATR5B"
3.61528375890966e-16,0.301154910331207,0.02,0.117,1.16234988132704e-11,"SRPX2"
1.53702817128822e-57,0.301088202873094,0.15,0.552,4.94169927350876e-53,"DUSP23"
1.02235301023898e-35,0.30089104909131,0.042,0.253,3.28696716321933e-31,"DGLUCY"
1.65115329878754e-31,0.300844312582125,0.054,0.257,5.30862297093182e-27,"TCN2"
1.79965186698757e-12,0.300679717375027,0.019,0.095,5.78606071755174e-08,"AL162231.4"
1.60585378895672e-10,0.300583581969563,0.017,0.082,5.16298051687476e-06,"DMKN"
3.64029981242194e-49,0.300276134298182,0.08,0.386,1.17039279269178e-44,"ANAPC5"
1.64771610815816e-46,0.300124107563589,0.078,0.37,5.2975720593393e-42,"PON2"
1.71193428164591e-13,0.300046096358586,0.02,0.103,5.50403990891975e-09,"KREMEN1"
4.84484532075117e-23,0.300026579966857,0.028,0.168,1.55766621907471e-18,"ZNF76"
1.35130894459324e-23,0.299562597048814,0.035,0.182,4.34459338776173e-19,"SPRYD7"
8.08337755407501e-11,0.299485243264316,0.017,0.084,2.59888671741066e-06,"APC"
1.39290594742475e-19,0.299330180521916,0.023,0.141,4.47833191156531e-15,"SRRD"
1.80249915588889e-08,0.299253103040637,0.015,0.067,0.000579521503609837,"MEOX1"
1.15263766103167e-09,0.299211418844429,0.015,0.073,3.70584534398293e-05,"PIAS4"
5.94806070563416e-23,0.298913445206207,0.041,0.191,1.91236099746844e-18,"PDZD2"
2.09011954652209e-32,0.298811328308014,0.054,0.262,6.71994335402318e-28,"RFLNA"
1.38949351430921e-30,0.298758938082945,0.044,0.234,4.46736059785554e-26,"MRPS16"
1.23137064647193e-16,0.298695700022001,0.027,0.133,3.9589797654719e-12,"POU2F1"
2.80852491229118e-50,0.298690680292171,0.288,0.823,9.02968844550737e-46,"PLEKHA7"
7.02046221377723e-19,0.298685184443102,0.035,0.158,2.25714880635152e-14,"FAM20A"
4.16058738954036e-25,0.298636923784277,0.036,0.192,1.33767045161112e-20,"CEMIP2"
1.02378734948251e-42,0.298436797534208,0.069,0.337,3.29157870732121e-38,"MTURN"
4.17436094076107e-26,0.298259910628687,0.035,0.194,1.34209878606409e-21,"CASP17P"
2.12156550609237e-30,0.298238239816607,0.058,0.259,6.82104525863758e-26,"MAN2B2"
2.65115114541747e-56,0.298075581503621,0.119,0.488,8.5237160476317e-52,"TGFBI"
2.0098303703319e-21,0.297998636021697,0.026,0.155,6.46180562365408e-17,"ZBTB43"
7.02413092120512e-34,0.29791388516953,0.381,0.89,2.25832833247666e-29,"S100A4"
1.17082469938895e-17,0.297883633281612,0.019,0.122,3.76431849100542e-13,"CLUAP1"
1.47753916830115e-59,0.297861878186408,0.111,0.49,4.75043618000502e-55,"AC026347.1"
4.87769781961817e-27,0.297852789425698,0.044,0.218,1.56822862598544e-22,"CHKB"
1.12540462246504e-15,0.297839345730946,0.02,0.114,3.61828840168734e-11,"ZNHIT6"
3.11113897479264e-16,0.297795698370362,0.019,0.115,1.00026229178558e-11,"MEX3C"
3.14605465949478e-30,0.29774608281622,0.052,0.247,1.01148803357417e-25,"CRTC3"
3.96320345409688e-19,0.297723125454062,0.02,0.132,1.27420954252669e-14,"FGF13"
5.55627811574714e-81,0.297329431420228,0.138,0.621,1.78639897699386e-76,"DNAJB6"
1.18588977860119e-24,0.297322132503025,0.027,0.173,3.81275422718069e-20,"GNA13"
6.14395875994959e-19,0.297275429217673,0.027,0.145,1.97534418091139e-14,"MFAP1"
2.0620084704876e-22,0.297194249109962,0.031,0.169,6.62956343346467e-18,"CNOT6"
5.10455983548454e-52,0.297003351960301,0.104,0.442,1.64116703270663e-47,"FAM50A"
8.45533355524224e-27,0.296974819059239,0.035,0.197,2.71847429134593e-22,"YIF1B"
1.32118797806685e-12,0.2969470091551,0.023,0.105,4.24775146828273e-08,"MPND"
7.38415057061268e-44,0.296598499368933,0.073,0.348,2.37407824995768e-39,"SLK"
4.88863904963373e-23,0.296516996075524,0.046,0.2,1.57174634084774e-18,"MX2"
2.56490469235855e-07,0.296503167931368,0.012,0.056,0.00824642507640198,"BDKRB2"
1.37987956124796e-22,0.296268154218965,0.036,0.179,4.4364507773683e-18,"TRMT112P6"
1.95694359878196e-08,0.296252576381462,0.014,0.064,0.000629176936444387,"AC020659.2"
2.07510010588812e-22,0.296165632664001,0.038,0.183,6.67165435044089e-18,"WASHC1"
1.34243912073335e-18,0.29615464096565,0.03,0.148,4.31607601706979e-14,"SEC61A2"
2.45019198539103e-12,0.295979938277782,0.02,0.097,7.8776122522307e-08,"CCDC61"
1.38562716986115e-09,0.295978111375833,0.514,0.953,4.45492991382057e-05,"SOD2.1"
3.0999532098372e-09,0.29597759906738,0.019,0.077,9.96665956494757e-05,"CSNK1G1"
7.93575662218851e-18,0.295898733960878,0.022,0.13,2.55142511159983e-13,"CLDN12"
1.82040208827288e-43,0.295567293688668,0.075,0.351,5.85277475400615e-39,"SNHG7"
3.21003321637223e-14,0.295543409478383,0.021,0.109,1.03205777939584e-09,"TST"
2.26444618134538e-10,0.295359380427479,0.01,0.068,7.28042091764353e-06,"SCYL3"
2.00600991762814e-26,0.295348606407643,0.037,0.2,6.44952248616623e-22,"ATP6V1A"
1.30996159820463e-15,0.295301533995245,0.025,0.123,4.21165753438772e-11,"LETM1"
5.79341052479635e-12,0.29529784601939,0.017,0.09,1.86263941782727e-07,"ITIH3"
8.33871368844722e-19,0.295267348570068,0.022,0.135,2.68097983797267e-14,"AC012485.1"
2.31446978935509e-29,0.295134055528961,0.047,0.234,7.44125181975554e-25,"AC011462.1"
6.58490994825675e-08,0.29502339038607,0.011,0.057,0.00211711439746403,"WASF1"
1.02186212777681e-27,0.295014164802111,0.063,0.255,3.28538892701523e-23,"RBMS3"
6.11430792633239e-07,0.295006302026051,0.016,0.06,0.0196581114139513,"AC037459.2"
1.25365763239966e-07,0.294972503619757,0.009,0.051,0.00403063465392815,"LRRN4CL"
5.5098069392694e-49,0.294931329269159,0.104,0.432,1.7714580290445e-44,"NPDC1"
6.5063306154328e-09,0.294825244922202,0.014,0.067,0.00020918503561678,"AL031708.1"
1.12340139471554e-16,0.294729900976001,0.016,0.112,3.61184782414993e-12,"COX7CP1"
5.89580095011093e-11,0.294681921693693,0.015,0.08,1.89555896347016e-06,"RTEL1-TNFRSF6B"
4.77409584041419e-27,0.294376392219142,0.033,0.196,1.53491955365157e-22,"AC135048.2"
5.30737477121422e-14,0.294329789485392,0.019,0.103,1.70637406269308e-09,"PPFIA1"
9.85767314026344e-11,0.294285819191094,0.021,0.09,3.1693404913261e-06,"CBWD5"
5.18451850235636e-35,0.294270426461453,0.062,0.287,1.66687454369259e-30,"TMEM18"
5.84790440126649e-20,0.294199462307353,0.022,0.141,1.88015974405119e-15,"CCDC88C"
1.4683094155337e-33,0.29410922988025,0.052,0.263,4.72076160188239e-29,"AL606489.1"
7.14821763547495e-65,0.294026544202745,0.156,0.602,2.29822345198155e-60,"PNRC1"
2.34932354595821e-24,0.293998256877269,0.035,0.186,7.55331013261025e-20,"AC025043.1"
3.37116712401153e-16,0.293930387826532,0.028,0.133,1.08386394204095e-11,"EPC2"
6.14519072819644e-50,0.29373887932777,0.083,0.395,1.97574027102244e-45,"AC079250.1"
2.42917300624959e-09,0.293714583880527,0.01,0.062,7.81003413239304e-05,"SAAL1"
4.28831302710252e-14,0.293674446594998,0.026,0.117,1.37873552134373e-09,"GP1BB"
2.03568161372809e-45,0.29357904285252,0.096,0.401,6.54491995629719e-41,"OSBPL5"
7.20630687754015e-26,0.293228990621186,0.04,0.202,2.31689972419794e-21,"THSD1"
9.9649974252789e-54,0.293180515842997,0.256,0.734,3.20384632220142e-49,"ENG"
1.07540242516925e-26,0.292945975017737,0.048,0.223,3.45752633716166e-22,"GTF3C3"
2.91713062375187e-32,0.292918184407235,0.372,0.896,9.37886666842463e-28,"SCHLAP1"
5.96370347030206e-22,0.292584609679271,0.041,0.186,1.91739030273682e-17,"AC022167.2"
1.20544178975522e-13,0.292565820201265,0.017,0.099,3.875615898242e-09,"PPP1R3D"
3.78008980384547e-11,0.292496059896293,0.017,0.086,1.21533667283436e-06,"SNAPC1"
1.69257874197318e-19,0.29213221272815,0.032,0.157,5.44180991331797e-15,"AC008440.2"
3.31978433352328e-14,0.292083234226566,0.023,0.113,1.06734386107107e-09,"AC007780.1"
6.16439015560319e-36,0.29173128087927,0.057,0.282,1.98191307892798e-31,"HGSNAT"
1.57032427967723e-37,0.291656952377698,0.069,0.313,5.04874959159026e-33,"CNOT2"
1.36505153774868e-16,0.291427793776196,0.026,0.13,4.38877719901577e-12,"PDHX"
2.35509467779075e-25,0.291334347993254,0.033,0.188,7.57186489856503e-21,"YLPM1"
2.91284841323133e-12,0.291107842747734,0.021,0.098,9.36509893338005e-08,"TMEM175"
9.08623734824364e-09,0.291007247813752,0.017,0.073,0.000292131616983381,"TRIM41"
3.62615134970368e-60,0.290992738906393,0.169,0.612,1.16584392044323e-55,"MBNL1"
1.40840473663099e-15,0.290913562955064,0.025,0.123,4.52816206874231e-11,"AC021733.1"
7.25023500739598e-16,0.290906289798192,0.027,0.129,2.33102305722788e-11,"MRM2"
6.5430155593106e-20,0.290892137617393,0.031,0.157,2.10364493247395e-15,"ICAM2"
1.04302878554345e-27,0.290683897805452,0.043,0.218,3.35344184840074e-23,"RPRD1A"
3.33603227176551e-33,0.290631868842149,0.056,0.267,1.07256773569533e-28,"DCAF8"
1.60188634248219e-26,0.290168358073425,0.042,0.211,5.1502247797145e-22,"RPSAP12"
7.56402155097109e-26,0.290062746954482,0.031,0.186,2.43190856885272e-21,"AC008763.3"
1.61197818722598e-19,0.289986316128529,0.032,0.157,5.18267106975025e-15,"SENP7"
7.55713262460071e-75,0.289939366385749,0.189,0.701,2.42969371013537e-70,"AXL"
2.52486742497356e-08,0.289841704179906,0.01,0.057,0.000811770125803249,"CBX4"
3.14666211872825e-32,0.289717929511206,0.053,0.259,1.01168333779232e-27,"EFCAB14"
1.98803327662396e-58,0.289603703516305,0.271,0.807,6.39172578767371e-54,"AP001324.1"
2.48469557200686e-12,0.289595190598532,0.012,0.083,7.98854473355926e-08,"DPH5"
2.33413570131604e-49,0.289440285146961,0.079,0.383,7.50447969330121e-45,"KCNT2"
5.89711901285634e-25,0.289432754922814,0.044,0.208,1.89598273382344e-20,"C5orf56"
9.9659578524458e-26,0.289396010251173,0.038,0.2,3.20415510913985e-21,"DVL2"
2.9563027107111e-11,0.289379938297467,0.016,0.084,9.50480884520726e-07,"CNTLN"
1.09166417008824e-30,0.289114475889622,0.062,0.268,3.50980947325071e-26,"ANKLE2"
3.23878926275204e-15,0.288941650531729,0.04,0.147,1.04130313586741e-10,"WDR90"
2.46287609333922e-09,0.288922008136369,0.014,0.069,7.91839292769492e-05,"ITGBL1"
1.59479597495015e-43,0.288781531577971,0.061,0.323,5.12742853906223e-39,"RNF149"
7.99703764706928e-10,0.288770637053691,0.017,0.078,2.57112757390924e-05,"TMEM267"
6.69057298575107e-38,0.288755676102127,0.084,0.344,2.15108612064883e-33,"SRSF10"
5.56819216306306e-27,0.288546786033793,0.049,0.227,1.7902294623464e-22,"FAF1"
1.39078502027619e-11,0.288484549281344,0.014,0.081,4.47151291868999e-07,"ZNF423"
1.41337640011093e-18,0.288380196754925,0.021,0.131,4.54414646399666e-14,"TMEM131L"
9.60429889905478e-32,0.288198678649169,0.048,0.247,3.0878781390351e-27,"ICAM1"
2.97518789036336e-36,0.288103729270179,0.084,0.335,9.56552658630724e-32,"COQ8A"
4.34332920262301e-51,0.288028280768221,0.072,0.376,1.39642377193533e-46,"DNAJC10"
8.39056937168959e-17,0.288027679940785,0.022,0.125,2.69765195869192e-12,"ZNF397"
3.16761710875611e-15,0.287989814105746,0.021,0.114,1.01842057663618e-10,"MYO5A"
1.57968874246946e-53,0.287936849123652,0.087,0.416,5.07885727591357e-49,"7-Mar"
2.58023881363526e-11,0.287933895837698,0.011,0.075,8.29572580971873e-07,"AC099789.1"
7.71612322241158e-09,0.287509054626375,0.012,0.064,0.000248081077723755,"ZNF268"
1.60696678115666e-45,0.287493938133311,0.088,0.385,5.16655889809678e-41,"AC092073.1"
1.85800022998763e-23,0.28747948710682,0.032,0.177,5.97365653943321e-19,"MSRA"
5.9412936171815e-21,0.287461165880699,0.036,0.171,1.91018531086002e-16,"AC110275.1"
3.29839523364885e-07,0.287257632725457,0.015,0.059,0.0106046705157044,"SYCP1"
5.59816983967236e-41,0.287233373522321,0.07,0.332,1.79986758515306e-36,"PCM1"
1.79522094658679e-36,0.287213334856205,0.061,0.292,5.7718148653712e-32,"FAM198B"
2.33763681712037e-37,0.28711712696601,0.049,0.274,7.51573613072369e-33,"COA5"
9.40480244366942e-55,0.287037321598895,0.112,0.47,3.02373803366416e-50,"IMPDH2"
5.06243190670128e-67,0.286949786478466,0.241,0.775,1.62762248232353e-62,"CD46"
3.60828870714769e-31,0.286946317814192,0.041,0.23,1.16010090223505e-26,"HERPUD2"
1.92373258292867e-15,0.286918569345447,0.03,0.131,6.18499262737397e-11,"EPG5"
5.99863640463709e-21,0.286829520503045,0.027,0.155,1.92862159045487e-16,"HIBCH"
4.65224996979693e-29,0.286688092060477,0.032,0.204,1.49574488778941e-24,"KDM5B"
1.22819108547974e-31,0.286417892031759,0.049,0.249,3.94875715892591e-27,"CHKB-CPT1B"
2.29818211106616e-53,0.286120904352116,0.088,0.417,7.38888530528882e-49,"PPP3CA"
7.14392926509237e-08,0.285700854308862,0.009,0.052,0.00229684469801985,"HYAL3"
1.36129530488396e-15,0.285579422426989,0.03,0.132,4.37670053473243e-11,"ATP11A"
6.44369591366164e-10,0.285518293688474,0.014,0.072,2.07171267320136e-05,"ALKBH3-AS1"
3.3142987253405e-39,0.285317326914539,0.063,0.309,1.06558018318422e-34,"SGSM2"
4.83246106966612e-52,0.285289484244037,0.075,0.388,1.55368455850836e-47,"CAMLG"
1.69199762594223e-19,0.285187641124983,0.03,0.152,5.43994156716685e-15,"KMT2B"
1.05221623817324e-44,0.284751896255557,0.067,0.341,3.38298042735078e-40,"POLR3H"
2.61029076894126e-06,0.284690764036663,0.012,0.05,0.0839234585122303,"RASGRF2"
1.22398079808626e-16,0.284639566977349,0.037,0.151,3.93522066392712e-12,"WHAMM"
8.13927260190109e-12,0.284587075436612,0.032,0.116,2.61685753423722e-07,"AC111194.2"
5.9030477136221e-31,0.284566403140717,0.056,0.257,1.89788887040664e-26,"SUPT7L"
1.48258634356718e-15,0.284435912370034,0.02,0.113,4.76666335320285e-11,"FBXO33"
1.02296638748485e-33,0.284424793970595,0.043,0.246,3.28893923240253e-29,"AFG3L2"
1.16717617492163e-26,0.284409439985011,0.033,0.195,3.75258811999052e-22,"SMARCAD1"
4.40227247732435e-49,0.284390118306456,0.075,0.376,1.41537462418455e-44,"CGGBP1"
3.22472898684773e-34,0.284196269351046,0.053,0.268,1.03678261656141e-29,"ARHGEF40"
9.04366899277501e-09,0.284161337473171,0.011,0.062,0.000290763001786709,"AP003469.4"
6.47696014460209e-60,0.284014964243805,0.293,0.858,2.08240745609102e-55,"SRRM2"
7.5208777262626e-22,0.283925905198334,0.022,0.15,2.41803739777069e-17,"MINDY2"
6.66605638327079e-09,0.283758350785199,0.01,0.06,0.000214320378778539,"TCTEX1D2"
2.99325471971451e-55,0.283733372051542,0.075,0.4,9.62361324935412e-51,"CSF1"
1.84350197612965e-11,0.283642889116579,0.016,0.085,5.92704320345443e-07,"RRP15"
9.18996424920019e-28,0.283575638431399,0.052,0.235,2.95466540576035e-23,"OLA1"
2.84795747888464e-23,0.283498673589249,0.035,0.181,9.15646809036201e-19,"PDLIM4"
1.44074141865667e-16,0.283476145286924,0.019,0.117,4.63212773512307e-12,"AP001267.3"
8.18955977947172e-46,0.283320300761825,0.068,0.348,2.63302536469795e-41,"NSD3"
5.9741754998477e-15,0.283291597931562,0.016,0.103,1.92075716495603e-10,"SLC25A51"
1.96423910706579e-25,0.283208827195943,0.028,0.179,6.31522515312722e-21,"MCRS1"
9.22461406484505e-26,0.282969216535707,0.04,0.202,2.96580566798833e-21,"ZNF274"
2.30856244581942e-39,0.282886187735262,0.048,0.281,7.42225911955402e-35,"NPRL3"
3.94359608998141e-33,0.282692609485097,0.059,0.275,1.26790557888992e-28,"AC004453.1"
2.10070898299081e-14,0.282440274777353,0.02,0.108,6.75398945121376e-10,"ABHD14B"
3.45535031175149e-12,0.282314048369231,0.016,0.089,1.11092967873122e-07,"LRRK1"
3.69969965326115e-66,0.282279462846389,0.194,0.685,1.18949043551999e-61,"SIK3"
1.6760250722267e-67,0.282261665745816,0.221,0.745,5.38858820971605e-63,"TIMP3"
1.38314149338037e-16,0.282095468839512,0.038,0.153,4.44693821536722e-12,"GBP1"
2.1015082982653e-31,0.282038231960563,0.051,0.25,6.75655932975276e-27,"C2CD5"
8.90463180563467e-42,0.281926406837774,0.068,0.33,2.8629281718296e-37,"RBMS1"
2.87221267957826e-23,0.281879589469974,0.038,0.188,9.23445098611206e-19,"NDRG3"
8.11343602434897e-25,0.281865190386794,0.063,0.241,2.60855081618844e-20,"NUAK1"
2.50624676766362e-27,0.281800715447165,0.043,0.217,8.05783398271529e-23,"CTCF"
2.66971721439232e-53,0.281743690843768,0.094,0.429,8.58340781599276e-49,"SYNGR2"
8.58814890362524e-16,0.281742619030483,0.03,0.133,2.76117575400455e-11,"TIMM9"
2.84732758434308e-55,0.281630404635338,0.109,0.466,9.15444291642142e-51,"AURKAIP1"
5.45230331657796e-12,0.281597330632779,0.02,0.095,1.75297003931298e-07,"PARP16"
3.00523702070748e-31,0.281596751335986,0.048,0.244,9.66213754527663e-27,"INTS3"
3.52825143571591e-19,0.281533510723789,0.031,0.153,1.13436811909702e-14,"DNTTIP2"
5.5261680994131e-22,0.281466775394546,0.022,0.151,1.77671830564231e-17,"RNF19B"
2.68174075293838e-18,0.281403112393475,0.026,0.139,8.62206469477219e-14,"AC007998.2"
3.05422726494061e-15,0.281306852427407,0.021,0.114,9.81964607951055e-11,"RPL4P5"
3.77548567553676e-16,0.281232707617487,0.022,0.121,1.21385639954182e-11,"PEX13"
1.79108571146672e-40,0.28119563968486,0.077,0.341,5.75851967093666e-36,"UBE2G2"
3.44054466033341e-42,0.281147181956015,0.336,0.876,1.10616951374379e-37,"MIR4300HG"
5.59366732687404e-69,0.281058921609795,0.109,0.519,1.79841998226327e-64,"BTG1"
1.73471344150709e-45,0.281033507751158,0.043,0.297,5.57727718578945e-41,"MRPS7"
6.34042005587036e-11,0.280905114155409,0.01,0.071,2.03850845216288e-06,"PSRC1"
6.66312810212007e-27,0.280768056881387,0.051,0.228,2.14226231611262e-22,"CREBL2"
1.41150693692637e-28,0.280756223372914,0.03,0.196,4.53813595291196e-24,"PPP2R2D"
4.12758196910646e-43,0.280627400218529,0.066,0.331,1.32705887888742e-38,"EPS15"
8.08459858651476e-53,0.280565693381344,0.132,0.503,2.59927929155036e-48,"PPP1R15A"
3.78076695378775e-19,0.280475976407151,0.026,0.144,1.2155543833123e-14,"RPP25"
7.3925855137266e-19,0.280460056731592,0.033,0.156,2.37679016851824e-14,"SETD2"
1.03837575238865e-42,0.280414251039785,0.059,0.317,3.33848188150476e-38,"CCDC12"
1.51549083358798e-18,0.280331174721458,0.019,0.127,4.87245457906872e-14,"PCCA"
8.9908054783879e-32,0.280319919505947,0.031,0.213,2.89063386935649e-27,"PIP5K1A"
1.23423074609069e-27,0.280012887009575,0.042,0.216,3.96817527175619e-23,"AC034206.1"
1.95131598127849e-20,0.279848024405181,0.03,0.157,6.27367601140846e-16,"SERPINB9"
2.55248767121403e-07,0.279840062490722,0.871,0.998,0.00820650311172024,"AL669831.3"
1.79829870370782e-07,0.279624345694084,0.012,0.057,0.005781710162291,"C9orf40"
9.42771897957734e-42,0.279606370488144,0.066,0.326,3.03110592912391e-37,"HCP5"
6.774413450536e-12,0.279600673594845,0.023,0.101,2.17804166848183e-07,"GIMAP1"
2.43340223326282e-25,0.27952293007298,0.028,0.179,7.82363152016328e-21,"HAS3"
6.65251603553149e-08,0.279482906552324,0.015,0.063,0.00213885043058373,"FAM71D"
2.32313283254906e-46,0.279312303846162,0.077,0.368,7.4691043699285e-42,"WDR26"
2.73157766361173e-10,0.278970240698477,0.019,0.083,8.78229534627806e-06,"DCP1B"
2.96684238817591e-22,0.278895652422315,0.021,0.15,9.53869496222437e-18,"B3GLCT"
3.28518005365029e-25,0.278895074610487,0.049,0.218,1.0562182390491e-20,"AC025682.1"
9.3861196843461e-09,0.278894055231913,0.009,0.057,0.000301773133971411,"CDKN2B-AS1"
2.74174811094938e-37,0.278707895043701,0.061,0.296,8.81499435151335e-33,"CIITA"
4.35251611426485e-52,0.278659825948061,0.295,0.837,1.39937745589729e-47,"NME1-NME2"
2.09448426675898e-46,0.278649223835477,0.083,0.379,6.73397636605679e-42,"MAP3K12"
5.04347215530186e-09,0.278606035501633,0.015,0.07,0.00016215267326511,"AC090907.2"
4.65392114558623e-72,0.278499882286606,0.124,0.56,1.49628218751743e-67,"SVIL"
1.11934056122812e-07,0.278454977701108,0.009,0.051,0.00359879183840453,"SP2"
1.29950944887477e-10,0.278004356737374,0.017,0.083,4.17805282907726e-06,"UCHL5"
1.03527458149361e-09,0.277866882816947,0.017,0.078,3.32851130696011e-05,"CETN3"
1.21837779887476e-12,0.277811200443113,0.021,0.101,3.91720646116223e-08,"FMO5"
1.14647618650356e-12,0.277469194821546,0.019,0.096,3.68603558722759e-08,"GMPPA"
5.56489781482354e-34,0.27743162970903,0.053,0.267,1.78917029644392e-29,"DELE1"
4.16892487580804e-39,0.277419897479013,0.095,0.372,1.34035103682104e-34,"DDHD2"
7.77916424186024e-55,0.277374358044831,0.11,0.465,2.50107909540049e-50,"FOXJ3"
7.12995666001909e-17,0.277331892826274,0.035,0.148,2.29235236576274e-12,"SNAP47"
2.45357580141518e-22,0.277317850006047,0.03,0.167,7.88849155912993e-18,"HLA-DMA"
3.17269683206733e-16,0.276662635420975,0.031,0.138,1.02005375847797e-11,"MAPK8"
7.23549318318757e-09,0.276638800659804,0.011,0.062,0.000232628341332664,"ZNF398"
5.06371014264657e-13,0.276444693164927,0.012,0.086,1.6280334479623e-08,"WDYHV1"
2.22468516922204e-36,0.276288362768473,0.073,0.315,7.15258528756579e-32,"MIR29B2CHG"
7.48805443935312e-07,0.276263781755228,0.015,0.057,0.0240748438279642,"DCAF17"
1.15271763681447e-08,0.276054047663453,0.007,0.054,0.000370610247412219,"DPEP2"
7.3389070412838e-21,0.276009628173641,0.03,0.159,2.35953200284316e-16,"DCUN1D1"
6.98076130380934e-19,0.275995221994368,0.033,0.156,2.24438456678774e-14,"SLF2"
1.15030065394276e-26,0.275989989643732,0.041,0.209,3.69833163249135e-22,"DBN1"
3.29932798692999e-22,0.275981003031878,0.026,0.159,1.06076694107786e-17,"FOXC2"
0.0150060534870293,0.275671642836544,0.832,0.999,1,"MT-ND4"
3.44563791403495e-08,0.275567475817953,0.015,0.065,0.00110780704574138,"PDK3"
1.68231407086209e-08,0.275482513700232,0.006,0.051,0.00054088079692287,"AL139353.2"
8.55457809133761e-59,0.275309004931412,0.197,0.665,2.75038240214595e-54,"HERC2"
5.37303337275145e-13,0.27528046414248,0.019,0.098,1.72748395967332e-08,"AC087289.3"
4.01250757555054e-23,0.275243086525576,0.042,0.194,1.29006131061526e-18,"BCL2L2-PABPN1"
2.02826448762251e-27,0.275222089651993,0.033,0.198,6.52107315415512e-23,"NME7"
4.5674539806197e-21,0.275173481358211,0.041,0.181,1.46848212930904e-16,"SHE"
1.8274622139513e-28,0.275043295639161,0.051,0.236,5.87547376407483e-24,"F11R"
2.59603658444506e-17,0.274991590905728,0.023,0.13,8.3465172226493e-13,"FAM174A"
5.37788559028564e-15,0.274836944361951,0.015,0.101,1.72904399613274e-10,"CBR3-AS1"
2.95556235704636e-21,0.274752747989328,0.027,0.157,9.50242853413977e-17,"FAM156B"
8.54902950004971e-18,0.274682463030495,0.03,0.144,2.74859847456098e-13,"POU6F1"
1.03174724308084e-13,0.274631414722755,0.02,0.104,3.31717056122922e-09,"AC126755.6"
2.07412433243996e-52,0.273876747500765,0.276,0.798,6.66851714122771e-48,"SNHG25"
8.34626948733071e-38,0.273596700580837,0.066,0.308,2.6834091028717e-33,"ZBTB38"
1.62569422683082e-20,0.27355278482651,0.026,0.15,5.22676950868376e-16,"ABCC4"
4.14387494153195e-47,0.273550776564572,0.18,0.565,1.33229723245194e-42,"GREM1"
6.61859755662393e-18,0.273265379075577,0.026,0.137,2.12794530043016e-13,"SYNE2"
1.24155119336041e-09,0.273255060229505,0.01,0.064,3.99171124177307e-05,"SLC24A5"
1.44294908702155e-58,0.273220962350128,0.251,0.764,4.639225609683e-54,"NISCH"
1.11834354859132e-30,0.273185474773816,0.041,0.228,3.59558634307594e-26,"COG8"
7.16765894016056e-13,0.273089875573771,0.019,0.097,2.30447402585102e-08,"ATPAF2"
7.41263647727156e-19,0.272883592844573,0.042,0.171,2.38323675380758e-14,"TAPT1"
1.5692778322656e-10,0.272650961699267,0.012,0.073,5.04538515851713e-06,"C8orf82"
1.80404760748521e-14,0.272644826864498,0.023,0.115,5.80019346282571e-10,"SYNJ2"
1.44537146326312e-23,0.272523534250424,0.025,0.163,4.64701379153725e-19,"PHYHIP"
5.27581226429609e-33,0.272517075643781,0.059,0.274,1.69622640109384e-28,"EPN1"
1.26968601608742e-44,0.272509750075591,0.058,0.322,4.08216751032267e-40,"GMFB"
2.59814334377684e-11,0.272462991196553,0.016,0.084,8.35329066457693e-07,"AC139256.1"
2.10297718702698e-57,0.272210385056821,0.126,0.509,6.76128195401043e-53,"TUBB2A"
2.62511420161247e-08,0.272204338369272,0.02,0.074,0.000844000466960424,"MTMR1"
1.28272743097865e-53,0.272182948997619,0.116,0.473,4.12409696333945e-49,"CCND3"
5.0113353782426e-12,0.271974432558346,0.022,0.099,1.61119443745878e-07,"ABCG2"
2.48223229492884e-56,0.271962998164037,0.095,0.443,7.98062505142573e-52,"TRA2B"
4.15025410478574e-28,0.271929526384784,0.04,0.213,1.33434819722966e-23,"DDX18"
2.08263540850645e-24,0.271826015622933,0.032,0.182,6.69588110188909e-20,"PHACTR2"
1.57090798805896e-67,0.271783752302183,0.135,0.564,5.05062627240835e-63,"FGD5-AS1"
1.99377838917393e-36,0.27172030640442,0.062,0.295,6.41019689903311e-32,"RUFY1"
4.59178265632397e-08,0.271690815410951,0.009,0.053,0.00147630404183472,"PEX7"
1.3242254130659e-15,0.271498989805871,0.019,0.112,4.25751712554816e-11,"AC090772.3"
4.94461902034467e-40,0.2714603892058,0.064,0.315,1.58974446123102e-35,"C6orf62"
2.747368333017e-66,0.271389183687946,0.168,0.636,8.83306392748296e-62,"AC089983.1"
5.51433909155807e-64,0.271382612732224,0.108,0.499,1.77291516132683e-59,"TAF15"
2.21024022337247e-15,0.271367439742512,0.032,0.135,7.10614334216484e-11,"TRAPPC9"
6.31197509316098e-32,0.271329324192425,0.059,0.27,2.02936311220219e-27,"WASH3P"
4.19816468496181e-27,0.271246426235197,0.037,0.204,1.34975192786207e-22,"FO704657.1"
2.67338640960812e-12,0.271131600054637,0.017,0.092,8.59520464553105e-08,"TOPBP1"
2.88810321728635e-14,0.271052624944454,0.02,0.107,9.28554065389734e-10,"C12orf49"
4.60523619420581e-11,0.270904136764724,0.015,0.081,1.48062948879911e-06,"PAPLN"
4.29209038221917e-12,0.270827409745446,0.014,0.084,1.37994997878729e-07,"RTN4IP1"
4.04988309964615e-22,0.270736052563386,0.03,0.166,1.30207791536723e-17,"ZNF577"
1.1675500095182e-29,0.270596611215085,0.031,0.204,3.75379003560198e-25,"SIL1"
1.0041548470599e-13,0.27055843947325,0.016,0.097,3.2284582487823e-09,"EAF1-AS1"
1.0157593430743e-27,0.269954129566573,0.041,0.214,3.26576786391817e-23,"JAGN1"
6.04613119039185e-40,0.26991222373383,0.082,0.348,1.94389163902288e-35,"CISD3"
2.42627167604172e-30,0.269748838329553,0.047,0.238,7.80070606564174e-26,"SSH1"
3.0478369919976e-14,0.269598389401124,0.028,0.123,9.79910071297147e-10,"AC025419.1"
1.76646801215074e-22,0.269594140393604,0.04,0.185,5.67937130586586e-18,"IL17RA"
5.95701680450076e-09,0.269543448430185,0.01,0.06,0.000191524047281504,"PPFIA2"
1.18611400484016e-12,0.269294205953319,0.017,0.094,3.8134751369616e-08,"ST8SIA4"
1.447821160142e-48,0.269132081900087,0.061,0.343,4.65488981197253e-44,"GNAQ"
1.88666360212297e-10,0.269102805585242,0.014,0.075,6.06581214718556e-06,"ERO1B"
4.07387826526584e-22,0.268971789687325,0.041,0.186,1.30979260106562e-17,"MAVS"
3.54217159977433e-12,0.268903919807107,0.014,0.084,1.13884359104344e-07,"EML5"
3.28135385529608e-20,0.268583746392092,0.032,0.161,1.05498807801624e-15,"AP001011.1"
1.20236611339112e-19,0.26857384843458,0.02,0.134,3.86572729116379e-15,"NAB1"
1.09861248549719e-24,0.268570072045801,0.043,0.204,3.53214900212202e-20,"HEXIM1"
6.9600236982337e-10,0.268555060005164,0.015,0.074,2.23771721921912e-05,"AP001781.2"
3.62468147474119e-37,0.268440866615423,0.051,0.277,1.16537134094404e-32,"CNOT1"
3.11163279096532e-17,0.268383591069639,0.028,0.138,1.00042105862326e-12,"ARNT2"
0.000195258980785193,0.268344448905797,0.583,0.983,1,"AC138811.2"
4.15233799023566e-43,0.268155803013051,0.073,0.347,1.33501818724067e-38,"TJP2"
1.16116940140812e-48,0.268127256063287,0.085,0.393,3.73327574246725e-44,"ARHGDIB"
4.66930550028649e-07,0.267796064338247,0.011,0.052,0.0150122841139711,"ADSSL1"
2.76774211611463e-13,0.26768648146585,0.017,0.097,8.89856767752016e-09,"ERICH6B"
3.11053258441001e-14,0.267212102286694,0.015,0.097,1.00006733121366e-09,"GPANK1"
1.5810887921453e-24,0.267194732001423,0.043,0.203,5.08335857562635e-20,"LARP4"
4.44075516154564e-42,0.266828912417968,0.075,0.346,1.42774719198854e-37,"CTBP1"
2.01250111009298e-13,0.266796030595791,0.016,0.096,6.47039231905995e-09,"EIF5AL1"
6.9620289421665e-38,0.266732428288765,0.066,0.308,2.23836192519595e-33,"FOXP4"
2.73851589247456e-52,0.266272254721926,0.077,0.391,8.80460244589497e-48,"PEMT"
3.86306359030744e-47,0.265878509162724,0.078,0.371,1.24201357491975e-42,"ILF2"
2.09908462665858e-14,0.265805913225627,0.025,0.117,6.74876698317001e-10,"AL590627.2"
4.99198771631571e-28,0.265772496633836,0.048,0.229,1.60497397067267e-23,"AGFG1"
3.30716606061584e-50,0.265697317298069,0.095,0.419,1.0632869601486e-45,"IFI16"
2.88051601684694e-11,0.265694378052565,0.01,0.073,9.26114704576459e-07,"MIS18BP1"
6.33017049171542e-25,0.265677593555678,0.038,0.195,2.03521311479142e-20,"PPP2R2A"
3.25574476095028e-50,0.265603045606488,0.077,0.383,1.04675449809313e-45,"PINK1-AS"
7.83176915436734e-10,0.265561190639714,0.016,0.076,2.51799210082064e-05,"HMGA1"
1.45796545599145e-31,0.26553419074623,0.067,0.282,4.6875047375581e-27,"CRTAC1"
9.34036187561948e-19,0.265441494388793,0.021,0.132,3.00301974663042e-14,"VPS50"
1.03713389666221e-17,0.265190493260657,0.017,0.12,3.33448919115868e-13,"SLC51A"
2.36961401793315e-07,0.26515690098012,0.011,0.054,0.00761854602905686,"CPT1C"
3.24189083858341e-11,0.265112691230251,0.016,0.084,1.04230032351295e-06,"UBQLN4"
8.97985845747587e-12,0.264998800614273,0.017,0.089,2.88711429266307e-07,"TMEM185B"
3.9865110314014e-29,0.264930062928178,0.047,0.232,1.28170316170587e-24,"RASSF8"
1.25473666091258e-42,0.264925708949615,0.062,0.321,4.03410383850005e-38,"TMED3"
2.02211102641235e-16,0.264898857332887,0.017,0.113,6.50128916101833e-12,"TTC38"
3.04962912120301e-44,0.264750989095361,0.053,0.312,9.80486258757979e-40,"EMD"
9.87012793448981e-10,0.264304564302596,0.01,0.064,3.17334483221782e-05,"DHX37"
3.60744027780912e-14,0.264299954137747,0.037,0.138,1.15982812371841e-09,"ARHGAP5"
4.86268843755165e-15,0.264164050727492,0.022,0.115,1.56340295955723e-10,"TMEM161A"
2.94982535828477e-11,0.264141634330435,0.016,0.084,9.48398350942137e-07,"LNX1"
9.12222734644557e-12,0.264071329009179,0.011,0.078,2.93288731415571e-07,"PHF6"
2.50179761031687e-50,0.263869754668029,0.098,0.422,8.04352949692976e-46,"DHX30"
1.98466681775824e-50,0.263757654143825,0.096,0.423,6.38090228577453e-46,"EPB41L4A"
1.60221415394739e-29,0.263731460840967,0.043,0.227,5.15127872635624e-25,"STX10"
2.25026827340675e-24,0.263673546083267,0.027,0.172,7.23483752583004e-20,"DYM"
2.43507133513001e-33,0.263528032546795,0.057,0.271,7.82899784957651e-29,"PEPD"
2.46914776801188e-28,0.263491066365577,0.041,0.217,7.93855698893499e-24,"C6orf106"
4.43650624727572e-24,0.263417192792478,0.036,0.187,1.42638112356162e-19,"ZER1"
1.11034766594846e-22,0.263408154403181,0.036,0.18,3.5698787807909e-18,"PPP4R2"
7.85965311483177e-26,0.263072274223593,0.038,0.2,2.52695707294956e-21,"NECAB1"
1.28586253372813e-16,0.262673684524336,0.033,0.144,4.13417663218932e-12,"KIAA0355"
8.1088788295467e-33,0.262645252101475,0.051,0.256,2.60708563248756e-28,"TSKU"
3.74211477281062e-11,0.262597339218282,0.019,0.088,1.20312732060634e-06,"IQCB1"
1.58069216155213e-29,0.26257567908194,0.046,0.232,5.08208336860625e-25,"PPIE"
5.91669194555897e-11,0.26255515930981,0.015,0.08,1.90227562741667e-06,"PRR5"
9.62232112739062e-32,0.262532046424452,0.051,0.251,3.09367246566736e-27,"FAM20B"
1.77992295019303e-48,0.26251205334705,0.115,0.451,5.72263027716562e-44,"HDAC1"
8.92603264848579e-10,0.262452525269118,0.017,0.078,2.86980875681467e-05,"PRMT7"
9.8417525107988e-38,0.262010549633733,0.069,0.315,3.16422184974692e-33,"AP000936.3"
5.28530262508772e-41,0.2619857431584,0.068,0.327,1.69927764699195e-36,"AKT3"
1.00351485795519e-08,0.26189180858699,0.016,0.07,0.000322640061981172,"BCAM"
3.28184507807711e-13,0.261749646964203,0.022,0.106,1.05514601105257e-08,"FAHD2CP"
2.42359825929882e-48,0.261556721307998,0.083,0.387,7.79211076347163e-44,"FBXO9"
9.22827061648191e-13,0.261412000981609,0.023,0.106,2.9669812859051e-08,"SCAF8"
1.88519161719498e-30,0.261328262212749,0.061,0.265,6.06107956844358e-26,"PHLDB1"
3.89818310470559e-09,0.261304920870867,0.017,0.075,0.000125330484999389,"DNAL1"
3.50444221840281e-10,0.261271659812228,0.011,0.069,1.12671321763869e-05,"GID4"
1.57633610926854e-20,0.261197970734788,0.022,0.144,5.06807822490929e-16,"NID2"
1.53208886756139e-13,0.261158575778155,0.022,0.107,4.92581891809662e-09,"UEVLD"
4.21515898663811e-14,0.261150517631626,0.02,0.106,1.35521576579402e-09,"AC114728.1"
1.52093346429699e-18,0.260823030917135,0.028,0.145,4.88995318106124e-14,"ARHGAP18"
1.98222629453192e-10,0.260765693673208,0.011,0.07,6.37305575954957e-06,"AC104984.4"
1.23983180190211e-31,0.260466577874734,0.036,0.223,3.98618322629548e-27,"OSBPL8"
1.77082353272524e-58,0.260346834547679,0.112,0.487,5.69337474006493e-54,"SNX9"
1.3606680685381e-47,0.260230705740564,0.068,0.356,4.37468390715683e-43,"RDX"
5.75257788434666e-21,0.260214658939675,0.02,0.141,1.84951131559629e-16,"PCDHGC5"
3.19662578024473e-62,0.260197152955411,0.129,0.534,1.02774715460648e-57,"ZSCAN18"
6.22492406146912e-55,0.260184297524849,0.298,0.854,2.00137533500294e-50,"RPL6P27"
4.36784592476468e-07,0.259994144514398,0.012,0.054,0.0140430614327109,"RAD51D"
5.86517647279555e-40,0.259871610000038,0.053,0.292,1.8857128877685e-35,"MKRN1"
1.76462075438652e-12,0.259794086816091,0.015,0.088,5.67343218742811e-08,"ALKBH2"
3.8683604559527e-31,0.259666225272764,0.033,0.215,1.24371657019335e-26,"PTK2B"
1.1966208394478e-44,0.259236218713279,0.351,0.872,3.84725566090862e-40,"COL6A3"
2.82937675153414e-26,0.259203251193784,0.038,0.202,9.09672919385743e-22,"CIZ1"
4.85222955995177e-13,0.258888263550092,0.021,0.103,1.5600403258201e-08,"PGAM5"
2.975215998335e-50,0.258855042428457,0.096,0.422,9.56561695624687e-46,"PROS1"
6.53977930333646e-12,0.258793565814355,0.02,0.094,2.10260444381571e-07,"AP000487.1"
4.20808386309471e-10,0.258784380361357,0.016,0.078,1.35294104282358e-05,"KDM2B"
2.53754677917199e-30,0.258723495951692,0.041,0.226,8.15846664971585e-26,"GRAMD1A"
5.82604084986775e-37,0.258659607401366,0.077,0.325,1.87313039364098e-32,"NEK7"
2.7228233664646e-25,0.258398623325094,0.036,0.193,8.75414940552034e-21,"BTN2A1"
1.9468911492853e-28,0.258284901080312,0.048,0.232,6.25944973406717e-24,"BCL2L1"
1.57156663180145e-11,0.258175637460927,0.014,0.081,5.05274387790484e-07,"PCDH12"
1.56704902882621e-07,0.25794472154243,0.015,0.061,0.00503821933257915,"PANX1"
2.23323468832991e-32,0.25792746519282,0.062,0.275,7.18007284644949e-28,"GIMAP4"
1.28410125806145e-24,0.257889387767488,0.035,0.187,4.12851395479335e-20,"CRY1"
3.07722169678546e-34,0.257885737057401,0.378,0.91,9.89357547733495e-30,"AC090498.1"
3.74409729899781e-20,0.257883682984841,0.023,0.144,1.20376472260079e-15,"NKAP"
3.09492479998373e-19,0.257882037189129,0.026,0.144,9.95049272442768e-15,"TMEM134"
1.90862015845272e-39,0.257750503081508,0.064,0.312,6.13640467144134e-35,"CHCHD5"
1.20747723286709e-37,0.2577028938891,0.056,0.288,3.88216005139097e-33,"MEDAG"
7.09396573062913e-53,0.257511269668892,0.297,0.817,2.28078092205457e-48,"ANXA1"
2.02675173775365e-28,0.257401758752161,0.049,0.233,6.51620951205176e-24,"WDFY3"
1.66329796498236e-34,0.257272315515803,0.066,0.293,5.34766928721479e-30,"TBX3"
2.06559081386686e-22,0.257233440755444,0.021,0.15,6.64108102566333e-18,"RRM1"
0.317832578088725,0.25722098149534,0.63,0.988,1,"DAPK1"
1.52441480040211e-37,0.257124624805868,0.051,0.278,4.90114602477282e-33,"PSMD7"
9.98622705569393e-55,0.257074668194054,0.112,0.474,3.21067186067615e-50,"NT5DC2"
4.47134246977053e-31,0.256961559534963,0.043,0.234,1.43758131745592e-26,"ELMSAN1"
5.43978761598379e-37,0.256830331664541,0.077,0.326,1.74894611641495e-32,"TNFRSF1B"
2.48346134914899e-10,0.2568200078845,0.015,0.077,7.98457658364891e-06,"USP28"
3.92882109872029e-25,0.25666601011177,0.033,0.187,1.26315527144956e-20,"RRP7A"
9.63675147517302e-10,0.256587946996695,0.01,0.064,3.09831196678288e-05,"C1orf159"
6.95582060973899e-11,0.256564869356982,0.016,0.082,2.23636588423718e-06,"PPP2R3A"
1.80222412057386e-64,0.25634727082351,0.125,0.535,5.79433077005701e-60,"CHMP4B"
3.5314585664117e-08,0.256162503353529,0.016,0.067,0.00113539924368703,"BCLAF3"
1.69383177696549e-31,0.256143067574852,0.056,0.26,5.44583854612175e-27,"D2HGDH"
7.62208499676517e-08,0.256074959047568,0.012,0.059,0.00245057654730997,"AC023906.5"
2.46123293594081e-24,0.256029795045923,0.026,0.169,7.91311001234329e-20,"PDS5B"
8.71188396950463e-24,0.256020269039675,0.028,0.171,2.80095781503543e-19,"ICE1"
6.20158008533142e-09,0.255767118888564,0.015,0.069,0.00019938700132349,"GABPB1-IT1"
1.17388680480632e-46,0.255698102706799,0.073,0.361,3.77416346613279e-42,"HLA-DMB"
2.619330289437e-30,0.255619466598928,0.042,0.228,8.42140881356889e-26,"KAT8"
7.3315097728656e-21,0.255585813478123,0.035,0.168,2.35715370707402e-16,"FOPNL"
1.63210458729397e-14,0.255284157155735,0.03,0.126,5.24737945860884e-10,"CWC25"
1.69653408889818e-60,0.255268254910657,0.183,0.636,5.45452674921655e-56,"FCGRT"
1.52266677367757e-16,0.255113331919974,0.025,0.128,4.89552594405077e-12,"LRP6"
1.99484077805397e-61,0.255102367243349,0.253,0.791,6.4136125855213e-57,"SUN1"
6.08092097736412e-42,0.255034765946367,0.069,0.332,1.95507690343234e-37,"CENPB"
5.89054037651684e-14,0.25501328596613,0.016,0.098,1.89386763645393e-09,"OCEL1"
7.60748642434362e-42,0.254888176100434,0.073,0.34,2.44588296029072e-37,"SOS2"
3.72840003108911e-38,0.254746274603986,0.064,0.307,1.19871789399546e-33,"DNAJB4"
3.68673894066949e-15,0.254675393322924,0.017,0.107,1.18532343681465e-10,"NCDN"
0.375012718422466,0.25455520629544,0.76,0.997,1,"EGR1"
1.79375135249451e-12,0.254451474378332,0.015,0.088,5.76708997340511e-08,"ARSG"
2.68464069333699e-20,0.254397306093451,0.03,0.156,8.63138829314774e-16,"EPM2AIP1"
5.04252242534246e-05,0.254261900529412,0.952,1,1,"MT-CO2"
3.59487195544011e-08,0.254223605658379,0.012,0.061,0.00115578728239355,"TTLL4"
6.0055726466186e-56,0.254197298829087,0.088,0.426,1.93085166161435e-51,"QARS"
4.97369968899422e-16,0.254097145877706,0.016,0.109,1.59909418700853e-11,"CHD1"
6.52953465850346e-14,0.253951952473188,0.02,0.105,2.09931068805545e-09,"SGIP1"
4.73187517733778e-20,0.253907097454705,0.035,0.164,1.52134518826587e-15,"LOXL3"
1.00969502805274e-39,0.253899577349173,0.07,0.326,3.24627048469238e-35,"BCAR1"
5.33794265825326e-75,0.253873165775074,0.127,0.58,1.71620194405501e-70,"TMBIM1"
1.34765150086294e-19,0.253779606337844,0.038,0.169,4.33283434042444e-15,"SART1"
9.15104941590663e-24,0.253663780334738,0.033,0.181,2.94215389770814e-19,"SFSWAP"
7.38022833079356e-09,0.253629573223636,0.009,0.057,0.000237281721063344,"RETN"
1.58199712333266e-23,0.253428038315211,0.041,0.194,5.08627895122682e-19,"FMR1"
1.80185031615845e-36,0.25340226290038,0.069,0.309,5.79312895148103e-32,"KIFC3"
2.08705335159791e-17,0.253346120511333,0.019,0.121,6.71008523072243e-13,"NUP62"
6.10831170503339e-29,0.253274315380823,0.036,0.21,1.96388329628529e-24,"ERVK3-1"
3.67956062225798e-46,0.253182530590614,0.066,0.344,1.18301553566216e-41,"TRIM47"
1.20132719782246e-49,0.25312264852757,0.072,0.37,3.86238707371899e-45,"TKT"
1.26588058952224e-62,0.253097664912052,0.183,0.648,4.06993268337295e-58,"ANK2"
2.62656898879098e-50,0.252863733536095,0.061,0.351,8.44468195586186e-46,"LRIG1"
2.61521358851524e-33,0.252816083982894,0.056,0.268,8.40817320843536e-29,"PLCG1"
1.85564073265614e-54,0.252408896188006,0.109,0.465,5.96607051956276e-50,"RAB14"
1.21040284467279e-67,0.252312822285807,0.143,0.582,3.89156618590748e-63,"TAPBP"
1.83240368645935e-08,0.252295497852355,0.012,0.062,0.000589136109233545,"AL136982.2"
2.15596320598273e-55,0.252235266946751,0.1,0.448,6.93163730355509e-51,"MSL1"
1.35182317019244e-30,0.252184420729527,0.047,0.239,4.34624667448572e-26,"CERS2"
7.04050084188449e-12,0.25213744655552,0.559,0.978,2.26359142567428e-07,"ANXA2"
6.53028223620547e-51,0.251877831030926,0.146,0.521,2.09955104176242e-46,"GIMAP8"
7.3089110099283e-30,0.251826047896023,0.057,0.255,2.34988797880205e-25,"SLC25A36"
9.00569772617381e-20,0.25153959357648,0.026,0.147,2.89542187594214e-15,"AC068790.8"
4.66217355221511e-21,0.251504993446069,0.027,0.156,1.49893541877268e-16,"KDM5A"
4.19153278328654e-38,0.251453573743899,0.075,0.328,1.34761970515445e-33,"CSNK1E"
7.75352735668557e-08,0.251374398625208,0.01,0.054,0.00249283658044798,"ZNF780A"
3.5522891731771e-23,0.251344756421388,0.04,0.189,1.14209649206817e-18,"RUVBL2"
7.91281755216733e-28,0.251342827360918,0.046,0.224,2.54404997119732e-23,"MIR497HG"
1.38203531379679e-11,0.251318032810708,0.019,0.09,4.44338173738805e-07,"CCDC159"
6.96894565073457e-09,0.251300049021518,0.019,0.075,0.000224058571616767,"AL021997.3"
1.2686426741409e-08,0.25120538971407,0.011,0.061,0.000407881306163042,"BHLHB9"
2.61562247778849e-32,0.250474766406358,0.074,0.3,8.40948782833776e-28,"AC091167.6"
1.1107047903204e-13,0.250362619885433,0.027,0.117,3.57102697135913e-09,"DLGAP5"
9.55779957725685e-09,0.250297644347474,0.012,0.064,0.000307292814208385,"AC004112.1"
1.24816507352572e-14,0.25013911880303,0.016,0.102,4.01297552789253e-10,"PNPT1"
0.000308294076325174,0.250016763203964,0.909,0.999,1,"RPS29"
1.07263366859519e-10,0.249993078752672,0.014,0.076,3.44862450790041e-06,"ZNF429"
4.88208642292069e-33,0.249948022345118,0.049,0.255,1.56963960583323e-28,"GFM1"
2.5422584445031e-23,0.249938092984112,0.028,0.169,8.17361512492193e-19,"AP001024.1"
2.98164356857273e-25,0.249859101504907,0.044,0.209,9.58628223731818e-21,"AC139530.1"
9.07114753524841e-16,0.24978286839627,0.02,0.115,2.91646464405772e-11,"ZNF710-AS1"
3.83273245548265e-34,0.24942298505895,0.052,0.264,1.23226181176223e-29,"POLD2"
1.12090727648252e-19,0.249366232464849,0.026,0.146,3.60382898461895e-15,"SMARCB1"
1.68748751694501e-33,0.24916238878541,0.062,0.281,5.4254411157299e-29,"SOX18"
6.87504923813648e-12,0.249038279087313,0.007,0.071,2.21039708055326e-07,"SLC25A30"
3.82419307088045e-09,0.248881660215488,0.01,0.061,0.000122951631421877,"ABCD1"
8.59537915260067e-44,0.248794605571876,0.061,0.325,2.76350035135264e-39,"EPB41"
4.65656226432349e-35,0.248763854101935,0.053,0.272,1.49713133360265e-30,"AMZ1"
1.1293116830961e-23,0.248745826436789,0.037,0.187,3.63084999232227e-19,"PI4KAP1"
2.71873527619276e-34,0.248446829867517,0.062,0.284,8.74100578648736e-30,"GNB4"
8.9439765623338e-11,0.248322311263414,0.016,0.081,2.87557790455594e-06,"TMEM246-AS1"
1.41761527965097e-08,0.248216830526394,0.014,0.065,0.000455777488560583,"B4GALT4"
3.75205318601823e-56,0.248050689413187,0.129,0.512,1.20632261983672e-51,"CFB"
9.06484236442282e-66,0.248048638355525,0.108,0.504,2.91443746858558e-61,"ACTR2"
1.53731621673764e-16,0.24793941525669,0.026,0.13,4.94262536843317e-12,"GNB5"
1.02398309325148e-47,0.247842365333353,0.309,0.833,3.29220804311283e-43,"WSB1"
2.132431396968e-35,0.24771261469496,0.053,0.273,6.85598018439181e-31,"GNL1"
3.7383806854343e-42,0.247471399027256,0.058,0.311,1.20192677417398e-37,"PML"
1.85427214029222e-34,0.247307695034231,0.043,0.25,5.96167035825352e-30,"UBXN4"
3.04059019022727e-10,0.247087657739689,0.012,0.072,9.7758015205997e-06,"ITGB1BP2"
2.6674709608049e-09,0.246829581452484,0.016,0.073,8.57618588608383e-05,"TTC21B"
2.15161119817645e-09,0.246727233734026,0.006,0.056,6.91764516325709e-05,"AP001972.1"
5.27241488117169e-18,0.246423471491519,0.025,0.135,1.69513410844551e-13,"RFTN1"
9.91911713212468e-24,0.246346663506789,0.03,0.173,3.18909534914941e-19,"KAT6A"
8.70848685491734e-34,0.246177581526453,0.056,0.27,2.79986560872447e-29,"PAK2"
3.22653850166766e-57,0.245972641143307,0.297,0.843,1.03736439367117e-52,"PER1"
1.87181959285932e-08,0.245796245392744,0.016,0.069,0.000601808717300201,"DISP1"
4.39715117203159e-42,0.245771267493712,0.088,0.37,1.41372807331988e-37,"PTK2"
0.0532607849971579,0.245750242497445,0.79,0.996,1,"TMSB10"
7.90831990712666e-25,0.245220436699171,0.032,0.183,2.54260393334029e-20,"ZNF148"
5.72681555508167e-07,0.244983099031369,0.011,0.052,0.0184122846911431,"CBWD4P"
1.35605562982284e-23,0.244974432410817,0.025,0.163,4.35985445544341e-19,"PHF3"
8.4193820750438e-10,0.244880034862244,0.012,0.069,2.70691553094733e-05,"PRMT6"
1.39675488673118e-34,0.244691611188385,0.048,0.26,4.49070663632943e-30,"WSB2"
1.10019046471681e-23,0.244162225213758,0.04,0.192,3.53722236311101e-19,"ZKSCAN1"
2.00593904185715e-26,0.244079092749403,0.044,0.215,6.44929461347494e-22,"ARRDC2"
1.0731009823846e-51,0.243955648294369,0.09,0.416,3.45012696846471e-47,"C17orf49"
1.0028022248917e-09,0.243839771533765,0.02,0.082,3.2241094332493e-05,"LVRN"
7.70249172600428e-21,0.243818424004732,0.037,0.173,2.47642811482764e-16,"ASTN2"
6.45711280637033e-67,0.243779034609213,0.145,0.586,2.07602633837613e-62,"C5orf34"
9.98805224135401e-27,0.24376517883122,0.046,0.219,3.21125867611773e-22,"AC004691.2"
4.1288707426197e-49,0.243758659080405,0.094,0.413,1.32747323245966e-44,"LAMTOR1"
7.26556790292682e-70,0.24362964467001,0.145,0.594,2.33595273647e-65,"VEGFB"
1.07200170312186e-24,0.243545426234123,0.051,0.218,3.44659267570709e-20,"ATP13A1"
1.36579546450701e-72,0.243445487101377,0.129,0.572,4.39116899793649e-68,"FAM129B"
1.89695593895996e-57,0.243436277329649,0.096,0.451,6.09890303935018e-53,"SUMF2"
9.30494189676661e-65,0.243390659812877,0.239,0.764,2.99163186922943e-60,"PABPC1"
1.31274767603751e-22,0.24334976693168,0.036,0.179,4.22061505322818e-18,"AGPAT3"
8.52056132946546e-34,0.243295431724905,0.054,0.268,2.73944567303644e-29,"HPS1"
1.00897878203686e-20,0.243284679464604,0.04,0.177,3.24396768212671e-16,"NXPE3"
4.57530650726292e-61,0.243157950472779,0.148,0.572,1.4710067951501e-56,"RPS3AP26"
1.97255738708713e-16,0.242983646115775,0.015,0.109,6.34196925522382e-12,"AL136164.2"
4.13714306446692e-19,0.242834626988633,0.022,0.136,1.33013286665676e-14,"ADAMTS2"
6.13429802211754e-70,0.24270730366384,0.204,0.715,1.97223815709101e-65,"FLNC"
1.81354420210334e-32,0.242517983302579,0.052,0.257,5.83072596418245e-28,"GCN1"
4.56539969631503e-12,0.242458148859584,0.012,0.081,1.46782165636224e-07,"AP000873.2"
7.20969157155955e-08,0.242373459117258,0.011,0.057,0.00231798793717211,"GRK3"
2.2262674485098e-60,0.24212123426535,0.271,0.805,7.15767247370387e-56,"GAS5"
4.4287412749919e-32,0.241878331716108,0.036,0.224,1.42388460732265e-27,"CRAT"
4.96704527053667e-27,0.24181060246431,0.031,0.191,1.59695472493024e-22,"TMEM158"
4.26023958025901e-58,0.241738301501656,0.133,0.525,1.36970962744907e-53,"SORBS3"
2.50025836765506e-24,0.241736273578854,0.027,0.172,8.03858067784779e-20,"DNAJB14"
4.33476032697265e-37,0.241682084286732,0.041,0.257,1.39366879272498e-32,"RABGGTB"
3.73592662941326e-66,0.241602208209284,0.125,0.537,1.20113777062266e-61,"PHPT1"
1.51419526737395e-23,0.24156049405359,0.022,0.158,4.86828920413399e-19,"PPP1R10"
3.18223004702437e-07,0.24150545946817,0.01,0.051,0.0102311878241881,"TDP1"
4.44425491406542e-21,0.241493321542641,0.037,0.174,1.42887239742117e-16,"E4F1"
2.56791789351367e-31,0.24142497755473,0.043,0.236,8.25611281943581e-27,"NBPF12"
3.96682496019324e-10,0.241395765083156,0.01,0.067,1.27537389295173e-05,"KIF7"
3.99113175051145e-29,0.241295828356738,0.027,0.194,1.28318876910694e-24,"ANKRD37"
8.13000511110099e-30,0.241062416725486,0.043,0.229,2.61387794327008e-25,"WASH2P"
4.34159557944298e-31,0.240993435215822,0.053,0.253,1.39586639474671e-26,"FBXW11"
5.22952448192108e-49,0.240961709894121,0.098,0.42,1.68134441618245e-44,"ATP6V0C"
2.74317817404833e-27,0.240822313966458,0.038,0.207,8.81959214738279e-23,"N4BP2L1"
1.03794336452581e-27,0.240809701564322,0.036,0.204,3.33709171128692e-23,"AL450998.2"
4.23066567602182e-09,0.240802217319307,0.014,0.068,0.000136020132149777,"ZNF195"
7.47926029797846e-57,0.240760907807213,0.095,0.446,2.40465697840305e-52,"REEP5"
1.87872943546159e-41,0.24073982207314,0.096,0.384,6.04030300795256e-37,"VCAM1"
2.57179921854434e-11,0.240624783567547,0.022,0.095,8.26859166754191e-07,"ZNF692"
1.03801751257119e-27,0.240613413135945,0.043,0.219,3.33733010466764e-23,"AC016727.1"
3.02345268329527e-24,0.240168170489004,0.031,0.178,9.72070272206261e-20,"ITSN1"
5.62351123751705e-45,0.23987724713231,0.058,0.325,1.80801509797411e-40,"NT5E"
1.7652836733984e-25,0.239814025542842,0.041,0.203,5.6755635383432e-21,"DFFA"
8.63101217149325e-32,0.239569079935509,0.054,0.259,2.7749567232568e-27,"DDX23"
1.395920460104e-33,0.239487220689204,0.058,0.274,4.48802387128036e-29,"SYAP1"
1.791677710618e-12,0.239462175001807,0.014,0.086,5.76042300740794e-08,"MCAT"
1.22337952858769e-70,0.239132731518451,0.109,0.524,3.93328752236229e-66,"ATP1A2"
1.86717010634184e-26,0.239084353742578,0.04,0.206,6.00313860889966e-22,"INO80B-WBP1"
6.94640916874529e-14,0.239050682979693,0.016,0.098,2.2333400118433e-09,"IQCK"
1.11738880462529e-20,0.238871130693202,0.023,0.146,3.59251674575078e-16,"RPS6KC1"
8.23498526340384e-27,0.238785661001546,0.049,0.226,2.64763011203697e-22,"CTDNEP1"
1.11065439541002e-09,0.238738409793811,0.016,0.075,3.57086494668275e-05,"GEMIN5"
5.40256299456809e-10,0.238737781391829,0.012,0.07,1.73697802838359e-05,"ZHX1-C8orf76"
3.96709414160218e-31,0.238638018457352,0.048,0.244,1.27546043746652e-26,"CELF1"
5.25919156339247e-29,0.238566171626655,0.042,0.222,1.69088267954631e-24,"SLC1A5"
1.54717683230068e-41,0.238501700648424,0.07,0.334,4.97432823352993e-37,"CCDC69"
1.77395772756264e-25,0.238469697631494,0.028,0.179,5.70345148988665e-21,"EBLN3P"
1.13515713933891e-44,0.238275661330052,0.054,0.314,3.64964371868853e-40,"SSNA1"
2.37691781285021e-13,0.23820662543876,0.022,0.107,7.64202846009472e-09,"THUMPD1"
8.77693785602723e-25,0.238171638284126,0.048,0.213,2.82187329009131e-20,"NIT2"
1.23346326697134e-18,0.238127500401541,0.025,0.139,3.96570774963954e-14,"RHCE"
3.68303910047731e-53,0.238087693005446,0.094,0.426,1.18413390119446e-48,"FHL2"
4.07622305217556e-36,0.237952530639913,0.052,0.274,1.31054647350497e-31,"APOL3"
5.25046744654062e-27,0.23785830276112,0.04,0.208,1.68807778873727e-22,"TRPT1"
8.16905672774111e-28,0.237856854191693,0.043,0.218,2.62643342853605e-23,"SLC27A3"
1.03697684026103e-19,0.237596588212168,0.028,0.151,3.33398423912325e-15,"CLMP"
2.15452466513635e-46,0.237500365236751,0.206,0.623,6.92701225087987e-42,"AC244100.2"
4.58607417641e-17,0.237445714634482,0.03,0.14,1.47446870845758e-12,"AC135048.1"
1.85567704181706e-11,0.237386717855361,0.023,0.098,5.96618725714604e-07,"CASP2"
1.63631658458466e-16,0.237385001839955,0.033,0.144,5.26092145109813e-12,"MED22"
4.50155338808598e-33,0.23729349727294,0.068,0.291,1.44729442980352e-28,"H1F0"
2.20476901993486e-13,0.237220649718717,0.016,0.095,7.08855287599256e-09,"ALOX5AP"
4.59745631709654e-32,0.237117917075533,0.054,0.26,1.47812818050971e-27,"AC005020.2"
1.75004238946125e-10,0.236966331339498,0.009,0.066,5.62656128635687e-06,"AC005786.3"
3.76579595523646e-18,0.236946581244759,0.017,0.122,1.21074105756808e-13,"HIST2H2AA3"
4.71096609331156e-39,0.236676003736476,0.057,0.296,1.5146227086606e-34,"MUC20-OT1"
2.18354234385076e-10,0.23665868814427,0.023,0.092,7.02030698971459e-06,"MLKL"
4.65878065137703e-16,0.236242940352408,0.02,0.116,1.49784456722423e-11,"AC087276.2"
4.20562509137006e-15,0.236209719217105,0.014,0.1,1.35215052312639e-10,"RPL22P2"
8.42118131594011e-20,0.236112444639805,0.022,0.14,2.7074940048879e-15,"SSH3"
2.63143488094529e-08,0.235968697498101,0.009,0.054,0.000846032628572721,"AL035658.1"
6.80635253124267e-28,0.235872267676663,0.038,0.21,2.18831040231983e-23,"STAMBP"
1.0745575711781e-15,0.235700162098733,0.023,0.121,3.45481004709472e-11,"SLC30A7"
1.739973947179e-40,0.235509267040057,0.049,0.288,5.59419023757519e-36,"SUPT5H"
6.28123547017926e-41,0.235454491623617,0.073,0.336,2.01948001601733e-36,"CDH11"
6.35962894475477e-30,0.235243798042101,0.046,0.233,2.04468430202811e-25,"JAZF1"
1.61729972969348e-16,0.235147015191342,0.02,0.119,5.19978036093751e-12,"AC104452.1"
1.5687187149862e-11,0.235135671279524,0.014,0.081,5.04358754055213e-07,"AL928654.2"
5.60190642134042e-65,0.234973190404686,0.138,0.565,1.80106893352516e-60,"NME3"
1.69344445943137e-29,0.234750902287264,0.051,0.241,5.44459328151779e-25,"SMC5-AS1"
1.55562018308056e-15,0.234639782115092,0.023,0.12,5.00147445062231e-11,"SLX1A-SULT1A3"
2.54557836715908e-21,0.234595562090406,0.025,0.152,8.18428900825317e-17,"TASP1"
2.08311054651517e-08,0.234568823368955,0.012,0.062,0.000669740871810093,"STXBP4"
5.7048891123045e-11,0.234552059253414,0.01,0.071,1.83417889849702e-06,"AC104116.1"
7.16634682582924e-26,0.234547863642184,0.048,0.219,2.30405216797236e-21,"GIMAP7"
3.0374703037996e-14,0.234444642294048,0.028,0.122,9.76577077374609e-10,"EEPD1"
4.83283277224552e-35,0.234440746000181,0.093,0.347,1.55380406460466e-30,"PXDN"
1.62613105405066e-38,0.234393095023461,0.046,0.272,5.22817395187827e-34,"AC005253.2"
3.64570801950823e-19,0.234267745837903,0.026,0.144,1.17213158535209e-14,"TAF6"
1.13622621987319e-11,0.234067875534143,0.012,0.079,3.65308091951429e-07,"DIRC2"
7.26119326840151e-16,0.233924592203508,0.025,0.124,2.33454624772377e-11,"AC116353.4"
1.96585176989163e-16,0.233865372341579,0.028,0.134,6.32041002537857e-12,"KDM7A"
7.05554939709223e-11,0.233766814345571,0.015,0.08,2.26842968665912e-06,"VPS9D1"
4.5966705117947e-09,0.23367729568879,0.011,0.063,0.000147787553624711,"HORMAD2-AS1"
1.40504834443717e-67,0.23367284141451,0.148,0.596,4.51737093219994e-63,"KLF9"
1.83591258186996e-37,0.233655893072113,0.07,0.315,5.90264254197011e-33,"TFG"
8.10565934103636e-18,0.233652917061249,0.028,0.141,2.6060505347366e-13,"GSK3A"
7.22926402292468e-23,0.233427413144373,0.04,0.188,2.32428067601051e-18,"GSK3B"
3.17026595634123e-38,0.233324905899746,0.079,0.336,1.01927220762327e-33,"C2orf42"
1.81628143709961e-09,0.233205689161527,0.012,0.068,5.83952644841897e-05,"CHST7"
7.08736915956791e-16,0.233018782782845,0.025,0.124,2.27866005849268e-11,"PRKAR1B"
1.09319628817133e-66,0.232946589589453,0.131,0.553,3.51473538609965e-62,"LAMTOR2"
2.19068940927646e-50,0.232871533251619,0.096,0.423,7.04328551976476e-46,"NID1"
0.925161155101026,0.232668453472414,0.802,0.998,1,"MT-ND3"
3.17039879194378e-65,0.232498664381991,0.245,0.776,1.01931491559785e-60,"SLC39A14"
4.02031542449736e-22,0.232488745139217,0.027,0.161,1.29257161213015e-17,"XPOT"
2.64730698012876e-19,0.232324675889556,0.027,0.146,8.51135667181196e-15,"ATP10A"
7.64957332328638e-43,0.231801153968001,0.07,0.339,2.4594143191698e-38,"LIMS1"
2.17341786519986e-11,0.231716344193582,0.015,0.083,6.98775577840406e-07,"LARP1B"
6.07179596889025e-20,0.231600650756837,0.038,0.171,1.9521431219579e-15,"KPNA6"
9.1210332660884e-14,0.231453614062885,0.02,0.104,2.93250340538008e-09,"ZNF565"
1.92606475904732e-13,0.231323726947077,0.021,0.105,6.19249080681303e-09,"TRIM37"
2.79652468768852e-22,0.230984860961586,0.038,0.183,8.99110652338735e-18,"TAMM41"
1.37721168439305e-23,0.230944002351108,0.022,0.158,4.42787328649209e-19,"AC079781.5"
5.04958113680196e-21,0.230790652200028,0.042,0.183,1.6234908312932e-16,"DEGS2"
1.83830658889248e-74,0.23074624268606,0.146,0.61,5.91033951394822e-70,"CHMP2A"
2.75422182943952e-22,0.230736318764718,0.035,0.176,8.855098603831e-18,"AL157935.1"
7.88548595553598e-22,0.230702224980995,0.025,0.155,2.53526258956437e-17,"KIAA1143"
1.39446187176608e-56,0.230578130807609,0.101,0.456,4.48333436391512e-52,"DBNL"
1.11372848012411e-14,0.230423119722686,0.021,0.111,3.58074843644704e-10,"SIX2"
1.34916693530076e-15,0.230416711743842,0.025,0.123,4.33770661368548e-11,"VDAC1P8"
8.13496831425661e-16,0.230350154588552,0.02,0.115,2.61547366271664e-11,"TBKBP1"
2.76536566621116e-11,0.230343149885639,0.02,0.091,8.89092715343549e-07,"TTC7A"
2.12416242332373e-09,0.230278195351445,0.011,0.065,6.82939460722812e-05,"DPP3"
1.40028636935434e-11,0.230236949908781,0.014,0.081,4.50206070611114e-07,"NEPRO"
2.94308322036206e-08,0.230228965091861,0.009,0.054,0.000946230686178605,"C12orf65"
1.14212791020215e-09,0.230041661672622,0.016,0.075,3.67205544409093e-05,"AC012613.1"
5.16202653376757e-17,0.229945685884114,0.036,0.151,1.65964315087161e-12,"AL031600.3"
2.64362375629706e-23,0.229898861503039,0.046,0.201,8.49951473887066e-19,"KDELR3"
2.22444030017899e-12,0.229865237978645,0.015,0.088,7.15179800910548e-08,"AC007881.1"
2.93753191091887e-27,0.229794457997172,0.046,0.221,9.44445884679526e-23,"NPEPPS"
2.95647892266321e-50,0.229566391611457,0.079,0.387,9.50537538425449e-46,"PIP4K2A"
3.65821648272523e-12,0.22955615596521,0.021,0.098,1.17615318136099e-07,"AC068631.2"
4.15593846439604e-16,0.229338177686476,0.026,0.128,1.33617577568797e-11,"AMZ2P1"
1.38026546656881e-25,0.229150100591228,0.038,0.199,4.43769150156539e-21,"SMIM14"
8.50737131128662e-53,0.22897530207509,0.068,0.375,2.73520495029176e-48,"UBXN6"
1.24158600932063e-31,0.228958622517495,0.043,0.237,3.99182317856674e-27,"MDM4"
1.3495575870528e-42,0.2289507854082,0.064,0.327,4.33896259813346e-38,"SRPK2"
1.75615093494866e-67,0.228765334223929,0.21,0.722,5.64620087095345e-63,"MT-ND5"
8.2873095773699e-37,0.228735228882013,0.058,0.289,2.6644529022202e-32,"ZNF638"
7.42410963766191e-39,0.228676970837052,0.062,0.306,2.38692548960468e-34,"EFHC1"
1.23724436567764e-12,0.228634639046132,0.009,0.077,3.97786436009018e-08,"WAC-AS1"
1.28274932666194e-23,0.228601883620031,0.033,0.18,4.1241673601508e-19,"FAM217B"
3.27439922204029e-15,0.228425702190284,0.02,0.112,1.05275209387817e-10,"DNAJC4"
3.16582472125422e-77,0.228410797594752,0.222,0.775,1.01784430613044e-72,"TMEM258"
2.12376848139924e-66,0.228388084438511,0.115,0.522,6.82812804454668e-62,"MTND4P12"
9.44223039418567e-27,0.228380566853197,0.042,0.212,3.03577149403463e-22,"FRMD8"
8.67698538536877e-44,0.228368163873541,0.056,0.315,2.78973757124991e-39,"RUSC1-AS1"
6.62874443441233e-35,0.228155330663161,0.042,0.249,2.13120762310791e-30,"PPP6R2"
2.72504497220249e-17,0.227977011010527,0.031,0.143,8.76129209012824e-13,"GIT1"
1.06321868936321e-11,0.227924535058408,0.016,0.086,3.41835440817165e-07,"RF01684.1"
2.14043132791908e-69,0.227828398469639,0.108,0.518,6.88170076239263e-65,"CCDC149"
9.8208021282843e-48,0.227798391679958,0.334,0.887,3.15748609226468e-43,"CD44"
1.13420691638752e-17,0.227782226923742,0.022,0.129,3.64658865687752e-13,"ABCC9"
1.58936899183935e-33,0.227724292777991,0.061,0.279,5.1099802456627e-29,"P4HA2"
8.93567284139163e-24,0.227712401579969,0.032,0.178,2.87290817523582e-19,"KIAA1522"
1.01392263443058e-60,0.227644617197193,0.271,0.818,3.25986266195777e-56,"RPL13AP7"
7.31599417465185e-10,0.227443313813196,0.016,0.076,2.35216528709232e-05,"ZNF687"
1.12459376912755e-44,0.227418710889438,0.357,0.891,3.61568142712198e-40,"SNHG5"
1.38764260571212e-10,0.22738751870704,0.019,0.085,4.46140974162503e-06,"ARRB1"
9.05881028988305e-12,0.227352819369237,0.017,0.089,2.9124980963003e-07,"TTC12"
2.04669610450716e-11,0.22731314091284,0.01,0.073,6.58033264560096e-07,"AC008575.1"
1.32805506481984e-11,0.227303408708939,0.019,0.09,4.26982983890226e-07,"REEP4"
1.56496508605715e-16,0.22713617549693,0.021,0.121,5.03151924818235e-12,"BABAM1"
2.52171671811679e-12,0.227046919864087,0.015,0.087,8.10757142041728e-08,"TECRP1"
1.65031779304203e-36,0.22695547597042,0.053,0.277,5.30593673640944e-32,"MAGEH1"
2.28890675896624e-13,0.226905135898823,0.014,0.091,7.35906412075235e-09,"USP3"
9.22283512723107e-21,0.226650389354479,0.027,0.154,2.96523372175606e-16,"BCCIP"
7.55574836115645e-53,0.22662054775275,0.129,0.497,2.42924865559541e-48,"INMT"
2.6692298130292e-60,0.226578752529385,0.103,0.471,8.58184077187019e-56,"UBE2L3"
2.93159163851466e-14,0.226553066351985,0.027,0.12,9.42536027698849e-10,"SPATA6L"
5.87628113299409e-11,0.226290774218729,0.015,0.08,1.88928314706893e-06,"ZMYM1"
1.38041533697162e-09,0.226270669864897,0.014,0.07,4.43817334989745e-05,"PIDD1"
1.04175919634318e-12,0.226254112034067,0.021,0.101,3.34935999216297e-08,"HS3ST2"
6.43024621644539e-20,0.226004975397516,0.03,0.155,2.06738846104936e-15,"PCNX2"
2.09403881820695e-20,0.225970152971712,0.04,0.175,6.73254420441718e-16,"MAP4K4"
6.83509946407106e-48,0.225937869432747,0.052,0.324,2.19755282869349e-43,"OGG1"
1.1623921400683e-41,0.225894455414268,0.07,0.335,3.73720696953358e-37,"PLAT"
8.8526353729362e-26,0.225618419988669,0.036,0.195,2.84621079875272e-21,"POLR2M"
6.78539024797465e-34,0.225454713943467,0.059,0.277,2.18157081862633e-29,"SPG7"
4.24640754493694e-20,0.225427769963283,0.031,0.158,1.36526248977267e-15,"CACUL1"
3.20025017936223e-42,0.22540905126981,0.064,0.325,1.02891243516675e-37,"AC068946.2"
1.33836535643981e-16,0.22537495227974,0.022,0.124,4.30297845748963e-12,"PGAM1P5"
1.2740817992243e-56,0.225365627536573,0.103,0.459,4.09630039268604e-52,"HEBP2"
8.19314407756485e-42,0.225305422559738,0.068,0.33,2.63417775237788e-37,"AC006064.6"
1.39867418042426e-29,0.225180635188444,0.033,0.208,4.49687735748204e-25,"SH3BP5"
2.29454560079608e-12,0.225094848171764,0.014,0.085,7.37719356111947e-08,"CMC4"
1.1594843709217e-23,0.225067145076829,0.026,0.166,3.72785820095036e-19,"AQR"
1.40782852571712e-32,0.224886226384159,0.047,0.248,4.5263094930331e-28,"ATG3"
5.83848421015545e-55,0.224841915493228,0.286,0.832,1.87713105840708e-50,"RPL10P16"
2.67867316273906e-69,0.224830254077997,0.109,0.519,8.61220208552236e-65,"SAR1A"
3.35176637109789e-17,0.224658061352046,0.025,0.131,1.07762640597168e-12,"MVD"
5.09154885932679e-13,0.224570158224316,0.015,0.091,1.63698387376216e-08,"UPK3BL1"
1.07432159524123e-15,0.224394710799835,0.031,0.135,3.45405136086007e-11,"TMEM41B"
2.09399724818897e-52,0.224332939694047,0.119,0.474,6.73241055265236e-48,"OGT"
1.89044331485656e-18,0.224201410320116,0.493,0.958,6.07796430159533e-14,"JUN"
4.64948630057248e-15,0.224196043989779,0.488,0.963,1.49485634049706e-10,"SQSTM1"
9.69733630183139e-51,0.223961528271603,0.326,0.884,3.11779059440181e-46,"OOEP-AS1"
4.02078841745626e-39,0.223857802364867,0.072,0.326,1.29272368409636e-34,"MARCKSL1"
4.73149206457146e-34,0.223784517450757,0.049,0.259,1.52122201368037e-29,"PQLC1"
9.27490878135628e-13,0.223729257842805,0.015,0.09,2.98197592229386e-08,"CRYGS"
5.80669494944676e-67,0.22359476170212,0.131,0.556,1.86691049319663e-62,"QSOX1"
5.2344539519212e-30,0.223555907082563,0.048,0.238,1.68292929008219e-25,"HTT"
3.43429825084619e-73,0.223438765808538,0.164,0.644,1.10416123062956e-68,"OGA"
6.43024334144173e-23,0.223411180476507,0.025,0.16,2.06738753670693e-18,"CDK5RAP2"
2.36564283725643e-13,0.223358935525122,0.019,0.1,7.60577828606313e-09,"GPATCH2"
1.96296240708063e-09,0.223357529230184,0.007,0.058,6.31112043500493e-05,"MTND6P4"
6.64621472999195e-14,0.223198215952974,0.019,0.103,2.13682449783971e-09,"AC244517.2"
1.20613466220781e-15,0.223188078522702,0.481,0.954,3.87784355246434e-11,"OOEP"
2.22342618267635e-14,0.22315991587532,0.015,0.098,7.14853751992272e-10,"C3orf18"
9.49140603700161e-59,0.223115573745525,0.119,0.499,3.05158195495639e-54,"FXYD5"
6.74484550128634e-72,0.223083847505034,0.197,0.709,2.16853527711857e-67,"ESYT2"
5.62164742435359e-18,0.223039920175633,0.022,0.131,1.80741586340392e-13,"GIT2"
3.31326281838593e-11,0.22296802190468,0.015,0.081,1.06524712873926e-06,"DKK1"
0.527938133330865,0.222713971479945,0.703,0.995,1,"AL161787.1"
5.29787222608309e-09,0.222713277321225,0.017,0.074,0.000170331889940798,"BRICD5"
2.14613529451705e-13,0.22259544502835,0.011,0.086,6.90003958540175e-09,"CLEC10A"
4.51623357450762e-73,0.222529986209194,0.204,0.723,1.45201425653994e-68,"NAP1L1"
6.81953614971395e-19,0.222526986590406,0.016,0.123,2.19254906749453e-14,"OAS1"
1.58617871834556e-36,0.222322871688423,0.11,0.386,5.0997231973528e-32,"TSPAN7"
5.49461416992132e-12,0.222300775193866,0.016,0.088,1.7665734017714e-07,"SLC47A1"
1.16761129996539e-54,0.222274725794774,0.07,0.388,3.75398709051872e-50,"PODN"
3.99272380072341e-24,0.222133255741148,0.041,0.196,1.28370062917058e-19,"KMT5B"
2.54564768929819e-66,0.222000388458334,0.125,0.541,8.18451188586262e-62,"ITGB1BP1"
1.14696123058297e-20,0.221879826577737,0.033,0.165,3.68759505244731e-16,"ADGRG1"
9.14135345588146e-24,0.221790170104034,0.038,0.19,2.93903654960045e-19,"MTRNR2L12"
5.84878188365708e-69,0.221608997830956,0.119,0.537,1.88044186341459e-64,"KIAA1671"
2.14972954264172e-20,0.221415911571985,0.026,0.15,6.91159545254739e-16,"LOXL2"
3.8367989841739e-19,0.221311269285302,0.026,0.144,1.23356924140175e-14,"Z84488.2"
1.00484872406116e-18,0.221242217658788,0.023,0.137,3.23068913272903e-14,"ZMYM3"
1.7433044848316e-07,0.22110336757373,0.009,0.05,0.00560489824918208,"PTN"
2.83628901007726e-15,0.221078784246973,0.026,0.124,9.11895279629938e-11,"DDX55"
1.89589317592698e-34,0.221004758223152,0.038,0.24,6.09548614992284e-30,"SERTAD2"
1.46260759016994e-31,0.220855522394743,0.043,0.236,4.70242966315537e-27,"DDX50"
3.77094615889094e-18,0.220820353647875,0.019,0.124,1.21239689954503e-13,"TIMM10B"
3.22246601235906e-07,0.220803055901513,0.01,0.051,0.0103605504763356,"MAP3K15"
2.34850500929919e-56,0.220753068649002,0.309,0.864,7.55067845539781e-52,"TPM4"
2.38119487099977e-33,0.220676696375054,0.407,0.906,7.65577962975135e-29,"IFI27"
1.52180714725689e-26,0.220644227983344,0.042,0.211,4.89276215914561e-22,"HYI"
3.74611287480972e-25,0.220587537656094,0.049,0.218,1.20441275038007e-20,"ARFGAP3"
6.25789546484817e-10,0.220573037268418,0.007,0.061,2.01197597090334e-05,"AC114947.2"
3.08359596085508e-29,0.220517673698658,0.042,0.223,9.91406937374518e-25,"ITFG1-AS1"
2.63079427046873e-36,0.22046506037452,0.054,0.279,8.45826665898403e-32,"SPATA20"
3.44654692059925e-10,0.220418135257622,0.015,0.076,1.10809930044187e-05,"DOCK5"
4.49294100958316e-15,0.220377245214526,0.025,0.12,1.44452546399108e-10,"FBXO10"
3.0945006242737e-22,0.220311304051627,0.027,0.161,9.94912895710238e-18,"PI4KAP2"
1.85295893486001e-19,0.220292277974094,0.033,0.159,5.95744827146842e-15,"FAN1"
1.34100025137132e-34,0.22024584332669,0.054,0.271,4.31144990818395e-30,"MRPS5"
6.57476627235844e-26,0.220011626512428,0.053,0.228,2.11385310422596e-21,"HRH1"
5.2355209847593e-15,0.219973578314154,0.017,0.106,1.68327235180996e-10,"WDR60"
6.70422293821669e-19,0.219908247132037,0.021,0.133,2.15547471686605e-14,"ENTPD1"
2.62860768176248e-13,0.219831301965573,0.019,0.1,8.45123655763454e-09,"AC007283.1"
2.32315317159785e-37,0.219618240090891,0.067,0.308,7.46916976200426e-33,"KRR1"
1.13243383534884e-35,0.219434187588685,0.056,0.279,3.64088802403004e-31,"LCMT1"
2.9273086019898e-16,0.219399541500202,0.019,0.115,9.4115898862574e-12,"FAHD2A"
1.55047812405412e-36,0.219347709986449,0.049,0.27,4.98494221664639e-32,"UFM1"
1.46721394884095e-08,0.219343203753558,0.01,0.058,0.000471723956691852,"EP300-AS1"
5.57695604636152e-66,0.219332258176258,0.125,0.541,1.79304713846569e-61,"ZNF135"
6.91828903295002e-56,0.219146091877169,0.124,0.5,2.22429910698376e-51,"SPTBN1"
3.30892320484812e-67,0.219138040297537,0.148,0.591,1.06385189959072e-62,"FUS"
6.39276038207472e-08,0.219122418173626,0.014,0.061,0.00205533639044084,"ZNF275"
4.32086174895389e-16,0.218912641310738,0.025,0.125,1.38920026090617e-11,"AC107072.1"
2.52152349941373e-22,0.218876363136613,0.031,0.169,8.10695020296507e-18,"THOC5"
8.76484201775676e-18,0.218786330713646,0.026,0.137,2.81798435712897e-13,"CYTOR"
3.70401704781097e-36,0.218761790315784,0.057,0.284,1.1908785210417e-31,"NR3C1"
1.446153384819e-57,0.218697205999608,0.108,0.475,4.64952774753157e-53,"RPL37P2"
2.05357020216632e-53,0.218678104608353,0.084,0.41,6.60243355698495e-49,"RNF10"
1.25308904613119e-17,0.218661542506493,0.031,0.145,4.02880659221638e-13,"ZNF622"
2.64286045966235e-54,0.218608254337917,0.091,0.429,8.49706066386042e-50,"AC079922.1"
3.37965892861482e-19,0.21858194429366,0.033,0.158,1.08659414213895e-14,"ERMARD"
1.70669270465676e-34,0.218566589600599,0.054,0.271,5.48718771474194e-30,"LYSMD4"
2.87648662125234e-09,0.218486961469588,0.015,0.071,9.24819213598839e-05,"AL021920.2"
1.97272562909284e-11,0.218447438041775,0.022,0.096,6.3425101700964e-07,"AC009126.1"
5.75355603319643e-23,0.218331078837449,0.031,0.172,1.84982580023298e-18,"FAR2"
1.58782690144461e-59,0.218292292646912,0.094,0.453,5.10502227083456e-55,"TIMMDC1"
6.65956804901807e-15,0.218128500576836,0.012,0.096,2.1411177234398e-10,"AC104472.3"
1.17743210534282e-50,0.21811309318492,0.104,0.439,3.78556196188771e-46,"E2F5"
2.72532161624724e-11,0.217967081729003,0.015,0.082,8.76218152839649e-07,"NDFIP2"
2.20573572817895e-11,0.21796224532859,0.014,0.08,7.09166093966814e-07,"NLGN4Y"
6.37821425193147e-12,0.217726350583014,0.017,0.09,2.05065966413849e-07,"AP001599.1"
2.65146137156769e-17,0.217607700935929,0.031,0.143,8.52471345572729e-13,"AL355916.2"
2.49652916135502e-33,0.217549878721641,0.057,0.271,8.02659090667251e-29,"NBPF19"
1.11972876745133e-24,0.217508543980476,0.046,0.208,3.60003996023278e-20,"NPC1"
1.58314992030478e-36,0.217352840674379,0.049,0.271,5.08998530877191e-32,"WDR45B"
4.97961145298566e-46,0.217302670051659,0.064,0.34,1.60099487824942e-41,"SASH1"
2.15519031873489e-33,0.21724984895775,0.053,0.264,6.92915239376455e-29,"DEXI"
1.05057196814479e-24,0.217184154899632,0.036,0.19,3.37769393478232e-20,"AL590133.2"
5.08913311190785e-15,0.217170681536607,0.021,0.113,1.63620718680949e-10,"LRCH2"
3.85995957148726e-21,0.217123188681214,0.032,0.165,1.24101560182887e-16,"CEP63"
6.85125377822908e-14,0.217065450872761,0.016,0.098,2.20274660223843e-09,"SNTB1"
2.12819772150908e-45,0.217034731757121,0.067,0.343,6.84236849442383e-41,"GRASP"
4.24160755938054e-09,0.216936725000621,0.014,0.068,0.000136371924641644,"ZNF300P1"
2.93846405800381e-60,0.216661951126783,0.09,0.448,9.44745579288804e-56,"NCOR2"
1.41078808193065e-51,0.216557691167581,0.09,0.415,4.53582476221524e-47,"FAM98A"
2.86109282333117e-42,0.216467328717291,0.067,0.33,9.19869953629205e-38,"AL136454.1"
1.74032588751604e-35,0.216445753374372,0.063,0.293,5.59532176095283e-31,"ILKAP"
6.2954888482313e-46,0.216341502292588,0.072,0.355,2.02406261959484e-41,"MYO9B"
1.71051254309226e-31,0.216236652268118,0.036,0.222,5.49946887729593e-27,"AMPD2"
7.25500538241097e-54,0.216204619887312,0.083,0.41,2.33255678049895e-49,"ANXA4"
2.18528849363921e-17,0.21619019456118,0.023,0.13,7.02592103589941e-13,"ARHGEF3"
4.85943771002223e-09,0.216180182023912,0.009,0.058,0.000156235781814925,"SYNDIG1"
2.69655741028111e-15,0.216102995169314,0.017,0.108,8.6697017297948e-11,"HSDL2"
1.96663519511384e-19,0.216051640321049,0.035,0.161,6.3229288158105e-15,"CENPA"
6.21142481704594e-23,0.215947395545684,0.04,0.188,1.99703519292844e-18,"PITPNC1"
2.2223429208841e-27,0.215892719586684,0.027,0.186,7.14505472493447e-23,"MRAS"
1.85384918611771e-08,0.215738430395032,0.012,0.062,0.000596031051828704,"GTF2IRD1P1"
1.9237419759042e-20,0.215575590169741,0.022,0.143,6.18502282672959e-16,"MDM2"
2.26182763715617e-56,0.215549889881255,0.084,0.423,7.27200203622082e-52,"AMOTL1"
3.70757423939654e-31,0.215523412975023,0.041,0.23,1.19202219370838e-26,"AC004552.1"
1.40503998729447e-35,0.215396268087735,0.066,0.298,4.51734406315046e-31,"AL022718.1"
1.8954982401668e-17,0.215153594620616,0.036,0.153,6.09421639196028e-13,"THOC1"
7.27327988428985e-23,0.215037342060198,0.035,0.178,2.33843221559803e-18,"MRPS22"
1.94589236684628e-11,0.214888438800193,0.02,0.092,6.25623854864746e-07,"ZNF561"
2.15030887531548e-22,0.214572887518504,0.033,0.174,6.9134580650268e-18,"SLC23A2"
3.01963321946664e-12,0.214496542711858,0.02,0.096,9.70842276390721e-08,"IGFLR1"
1.67522036275214e-09,0.214387618296177,0.023,0.087,5.3860009882844e-05,"KIAA1958"
9.6582684068896e-17,0.214328268072032,0.03,0.138,3.10522987549908e-12,"FBXO30"
6.09007717235666e-15,0.214153548172709,0.017,0.106,1.95802071168439e-10,"BTBD1"
8.01637360483631e-15,0.214087373005815,0.025,0.119,2.57734427769092e-10,"FAH"
5.25975725217998e-25,0.213940122597319,0.033,0.186,1.69106455414839e-20,"PQLC3"
3.65670559933017e-31,0.213783544159595,0.062,0.271,1.17566741724064e-26,"PPP1R14B"
4.72098561237186e-61,0.21376044113307,0.095,0.462,1.51784408423368e-56,"NUMA1"
9.13316831203424e-44,0.213751044449737,0.054,0.312,2.93640494400213e-39,"KLHDC2"
3.26861233345743e-19,0.213696570837471,0.025,0.142,1.0508915513299e-14,"MICALL1"
3.7209043393149e-39,0.21361926373731,0.04,0.262,1.19630795413313e-34,"ZSWIM7"
2.13819947938419e-65,0.213599153623038,0.164,0.624,6.87452514616811e-61,"AC018738.1"
7.94920011442445e-08,0.213545563465396,0.014,0.061,0.00255574732878861,"SLITRK4"
6.06691080348111e-76,0.21339063459232,0.148,0.627,1.95057249242721e-71,"SLC27A4"
3.85517560221699e-20,0.213315863341613,0.027,0.151,1.23947750786878e-15,"LPCAT3"
1.59506168046401e-47,0.213283165716969,0.096,0.409,5.12828280885985e-43,"NECTIN2"
3.5448498681213e-16,0.213240320150064,0.023,0.124,1.13970468109968e-11,"BTN3A3"
2.23925690342556e-13,0.213114272510714,0.02,0.102,7.19943487020353e-09,"CACFD1"
1.44458854648607e-64,0.212979329735497,0.087,0.458,4.64449663580735e-60,"SPPL2A"
5.22142127183537e-35,0.212858666260196,0.059,0.283,1.67873915310779e-30,"IP6K1"
9.43893817963374e-33,0.212782246276653,0.049,0.254,3.03471301413404e-28,"EIF5B"
0.666806238845325,0.212671425968878,0.869,0.999,1,"RPS21"
3.93531889386555e-10,0.212263681756448,0.017,0.08,1.26524437756671e-05,"GDPD5"
5.13456081115144e-29,0.212262670612876,0.036,0.211,1.6508126463933e-24,"SAMD14"
1.79861096429905e-42,0.212194451524956,0.078,0.353,5.78271411131789e-38,"MIR7705"
2.29949819733352e-14,0.212165861654085,0.03,0.125,7.39311665424701e-10,"PTCH1"
7.13039739512582e-37,0.212141092857598,0.052,0.277,2.2924940665069e-32,"HEG1"
3.10431193537252e-25,0.212133606155117,0.036,0.193,9.98067330341617e-21,"TMEM167B"
7.90896200010778e-25,0.212024611765026,0.03,0.179,2.54281037265465e-20,"C1D"
1.95297712315728e-40,0.21201566176545,0.077,0.342,6.27901674866298e-36,"MED13L"
6.56422207487723e-15,0.211948071315566,0.021,0.113,2.11046303929378e-10,"MTBP"
1.01290624331979e-11,0.211903808188437,0.014,0.082,3.25659486289745e-07,"AC127496.6"
7.23860521354365e-07,0.211901441310863,0.012,0.053,0.0232728396220642,"ZNF765"
8.61693464373858e-08,0.211610429840845,0.01,0.054,0.00277043065730839,"LINC01023"
2.04172498681714e-09,0.211598437396618,0.012,0.067,6.56435000511579e-05,"UPF3B"
2.89814091477728e-14,0.211517652189488,0.021,0.109,9.31781285510042e-10,"NFS1"
1.76812761229568e-56,0.211506406135208,0.11,0.472,5.68470708629185e-52,"UGCG"
0.917765580768442,0.211429657302943,0.831,0.999,1,"RPS28"
3.51144862495307e-28,0.211401707498999,0.066,0.262,1.12896584740866e-23,"RAB35"
5.93423123246573e-30,0.211373606505468,0.033,0.21,1.90791468355006e-25,"HOXA9"
1.63410131805908e-23,0.211192339841898,0.033,0.179,5.25379914769176e-19,"NQO1"
1.63325706542986e-29,0.210884794585738,0.048,0.236,5.25108479106353e-25,"USP11"
4.55677068190173e-10,0.210848184047213,0.012,0.071,1.46504734193822e-05,"JAML"
6.40459437210249e-15,0.210831190190577,0.021,0.113,2.05914113657467e-10,"ABHD13"
6.61207302680137e-07,0.210819056495088,0.012,0.053,0.0212584759884691,"ASB7"
2.43366882573243e-32,0.210790729234069,0.052,0.257,7.82448864161234e-28,"SIDT2"
1.5255596439374e-31,0.210700486445452,0.058,0.264,4.90482681122315e-27,"LATS2"
1.56166479081145e-12,0.210578990261768,0.009,0.077,5.0209084689379e-08,"RPUSD4"
1.735848543553e-42,0.210434086477165,0.345,0.895,5.58092665237724e-38,"RPL3P4"
1.45590375565692e-60,0.210393540566624,0.124,0.52,4.68087616481256e-56,"GTF2IP1"
8.51811305538733e-24,0.210279652342842,0.031,0.176,2.73865852843758e-19,"C19orf66"
6.38211583804897e-16,0.210273237633312,0.019,0.113,2.05191406309112e-11,"GPX1P1"
1.3991896044703e-11,0.210246250107102,0.009,0.072,4.49853449733246e-07,"GDPD3"
5.48888167125451e-68,0.210225142731764,0.173,0.649,1.76473034612504e-63,"ADGRA2"
6.36702282062509e-12,0.210137690046114,0.017,0.09,2.04706150705917e-07,"EYA2"
1.76219340009418e-29,0.210011627040471,0.044,0.229,5.6656280006428e-25,"SURF1"
1.14523434927854e-15,0.209780030928097,0.015,0.105,3.68204295636543e-11,"PDE12"
3.18554957231842e-65,0.20956858953109,0.176,0.641,1.02418604299609e-60,"HIPK3"
1.70773365988489e-10,0.209568578994458,0.014,0.075,5.49053448989591e-06,"NOP14-AS1"
1.11783465845854e-07,0.209489711894886,0.009,0.051,0.00359395021041005,"AC092683.1"
3.02855729338872e-56,0.209376847231204,0.105,0.464,9.73711455397407e-52,"AC007319.1"
8.75463351402929e-70,0.2093740009826,0.145,0.597,2.81470222109556e-65,"WWTR1"
1.94374848183291e-14,0.209148106410839,0.016,0.101,6.249345743941e-10,"TMEM161B-AS1"
2.27786749354485e-15,0.209112703517871,0.012,0.098,7.32357177849606e-11,"CCL13"
3.44970667513614e-23,0.209021910668088,0.037,0.185,1.10911519312302e-18,"RIPK1"
2.15034998734782e-16,0.208984729217711,0.025,0.127,6.91359024432196e-12,"SLC25A53"
2.12855893198954e-17,0.208951162518316,0.021,0.125,6.84352982223958e-13,"FAM149B1"
2.02315141024211e-13,0.2086338245709,0.014,0.091,6.50463409906939e-09,"FAM149A"
5.01651670968721e-53,0.208577505714532,0.094,0.43,1.61286028733154e-48,"AC112504.2"
0.365574440910754,0.20820340410845,0.77,0.996,1,"TRABD2A"
2.88781587648467e-31,0.208179705848055,0.041,0.23,9.28461682448586e-27,"RGL1"
1.22352784234257e-08,0.208176803566741,0.016,0.07,0.00039337643659156,"CEP192"
2.04248945683456e-50,0.208167097257205,0.083,0.395,6.56680785266879e-46,"FAM160B1"
5.50883799003149e-32,0.207982120343241,0.049,0.25,1.77114650217502e-27,"AC079313.1"
8.01980696071402e-64,0.207827368694537,0.114,0.508,2.57844813593916e-59,"TMEM123"
5.21740732530119e-08,0.207769263922111,0.007,0.051,0.00167744862915759,"PSMA8"
8.55796092787002e-36,0.207632468105315,0.048,0.265,2.75147001791949e-31,"NEU1"
9.52346325030784e-23,0.20752943120186,0.027,0.164,3.06188866960647e-18,"RGMA"
9.24156818386176e-23,0.207498661140143,0.033,0.175,2.97125658679339e-18,"CCL19"
1.14244267657576e-30,0.207477074491687,0.04,0.225,3.67306744945871e-26,"POP5"
1.17077202418249e-09,0.207464934771681,0.012,0.069,3.76414913494914e-05,"NIPSNAP1"
6.29963558791187e-23,0.207198457731057,0.026,0.162,2.02539583786955e-18,"VPS33A"
1.25192129598421e-60,0.207137992663237,0.158,0.583,4.02505215871882e-56,"HLA-F"
4.23292675164888e-15,0.207117170470439,0.019,0.109,1.36092827992263e-10,"DPY19L1P1"
1.62238547872811e-59,0.206969586846499,0.125,0.514,5.21613155265875e-55,"MIR100HG"
2.13996879503472e-09,0.206967905630392,0.009,0.06,6.88021367291612e-05,"CCP110"
1.94990951470876e-18,0.206952311202453,0.044,0.174,6.26915408074014e-14,"XPO7"
1.60948990860507e-13,0.20689466397085,0.012,0.089,5.17467100515618e-09,"NEURL4"
2.01396910349019e-14,0.206637544842603,0.02,0.108,6.47511206463132e-10,"UBE2W"
7.61827182736748e-80,0.206621778271918,0.192,0.718,2.44935057521692e-75,"HNRNPA3"
6.90966967944978e-09,0.206449135417408,0.012,0.064,0.00022215278986399,"LAT"
3.40648804080497e-38,0.206353093986692,0.066,0.31,1.09521996999921e-33,"OGFOD1"
3.83093698281224e-71,0.206352205075596,0.161,0.631,1.23168454934396e-66,"PTGES3"
5.08591284378697e-13,0.20617953474552,0.025,0.109,1.63517183840595e-08,"CREB5"
9.34046210597440e-11,0.205987747669276,0.017,0.084,3.00305197169183e-06,"DNASE1L3"
1.18546127079975e-48,0.205880082990171,0.101,0.425,3.81137653174826e-44,"DEK"
1.69343281476038e-54,0.205872666591478,0.305,0.865,5.44455584273611e-50,"RPL41P1"
8.60452539445148e-13,0.205678866632389,0.017,0.095,2.7664409595701e-08,"MED6"
1.45410461714656e-08,0.205674941291782,0.01,0.058,0.000467509175458791,"AC106886.2"
2.85689956384949e-39,0.205643666719563,0.049,0.283,9.18521778773249e-35,"QRICH1"
8.01485312456186e-49,0.205623782282866,0.072,0.366,2.57685542807788e-44,"COL5A1"
1.03720678666653e-15,0.205597930211282,0.016,0.107,3.33472353981155e-11,"EMC1"
3.75803043935484e-17,0.205442697911191,0.017,0.117,1.20824436655697e-12,"RAP1GDS1"
1.03298767900999e-34,0.205393936422092,0.062,0.287,3.32115868678501e-30,"CDK5RAP3"
1.40540252480312e-17,0.20535427777874,0.022,0.129,4.5185096574945e-13,"RNF144B"
2.25032606153304e-33,0.20526198801589,0.061,0.278,7.23502332043489e-29,"ARHGAP12"
3.23191433933798e-39,0.20523931644771,0.064,0.312,1.03909277924055e-34,"EFTUD2"
2.01414094430487e-73,0.205195128464863,0.201,0.723,6.47566455003458e-69,"PCBD2"
1.74822733914236e-08,0.204928475458884,0.011,0.06,0.000562072571807659,"AC009107.2"
3.20442776920034e-43,0.204857274140635,0.061,0.322,1.0302555720756e-38,"RALGAPA1"
2.85832586455241e-49,0.204614708843449,0.14,0.5,9.18980348712247e-45,"RAMP3"
1.59710701701629e-26,0.204534472563782,0.046,0.218,5.13485877040906e-22,"VASN"
4.26577289966757e-23,0.204415185500417,0.036,0.182,1.37148864497212e-18,"TRAPPC5"
6.57921824359966e-19,0.204280333754475,0.031,0.151,2.11528445749973e-14,"ABT1"
5.92208233666487e-46,0.204239608076391,0.087,0.385,1.90400869206112e-41,"TIMM22"
7.03427954173515e-22,0.204092957676999,0.017,0.14,2.26159121546327e-17,"CMBL"
1.04518066561641e-20,0.204036535765586,0.022,0.144,3.3603603580233e-16,"AL662899.1"
5.75992716572386e-23,0.203924551819223,0.025,0.16,1.85187418305188e-18,"TXNDC12"
5.51832588803702e-50,0.203892173928496,0.083,0.394,1.77419695626278e-45,"ATP6V1C2"
3.56262164267689e-26,0.203857893365675,0.044,0.213,1.14541848433705e-21,"TMEM94"
5.63296652807735e-23,0.203781897303631,0.038,0.186,1.81105506844215e-18,"DDX19A"
2.49155467174562e-08,0.203623075758833,0.015,0.066,0.000801059742512935,"SMG1P6"
2.22765687367527e-55,0.203448327791491,0.089,0.425,7.16213961455336e-51,"NAGK"
8.11485376794677e-20,0.203438663494005,0.025,0.145,2.60900663493257e-15,"CAPN10"
4.84212923639776e-17,0.203422911014059,0.021,0.124,1.55679297079424e-12,"TGFBRAP1"
1.6244829051252e-25,0.203368134782928,0.041,0.203,5.22287498826805e-21,"MAP4K5"
1.22812678961374e-06,0.203015954220618,0.011,0.05,0.0394855044128714,"HIP1R"
1.00614499170836e-37,0.20294804298112,0.062,0.3,3.23485676284153e-33,"CCDC90B"
1.30035067682716e-26,0.202876546399129,0.037,0.201,4.18075746106702e-22,"AP006621.1"
2.83429112767597e-26,0.202811660463114,0.048,0.221,9.11252940459102e-22,"PRPF3"
1.03568076221797e-57,0.202742732681222,0.132,0.524,3.32981721860699e-53,"ADD3"
1.61353862561457e-12,0.202734831964286,0.536,0.956,5.18768803521339e-08,"CD74"
1.49994262718368e-17,0.202726654188364,0.03,0.142,4.82246554065825e-13,"SCAMP4"
9.41305445708125e-39,0.20271022719487,0.051,0.283,3.02639113849619e-34,"BRD7"
4.53905157398337e-11,0.20258741943221,0.011,0.074,1.45935047155139e-06,"ALDH4A1"
6.23165765895935e-41,0.202364080778986,0.061,0.312,2.00354025393202e-36,"FKRP"
3.05198993252381e-39,0.202355690228356,0.053,0.29,9.8124528320573e-35,"CAPRIN1"
1.52600447249291e-23,0.202315219745181,0.043,0.198,4.90625697951196e-19,"OSGEP"
3.54437731702715e-22,0.202079490231258,0.032,0.17,1.1395527511974e-17,"GAB2"
6.20801920072112e-31,0.201791999112243,0.031,0.21,1.99594025322385e-26,"ANGPT1"
8.53040747082289e-41,0.201755726580398,0.058,0.307,2.74261130594427e-36,"ZMYND11"
1.1744922353646e-23,0.201710122429014,0.03,0.173,3.77610998592073e-19,"RIT1"
4.58866272493836e-38,0.201661953949874,0.061,0.299,1.47530095269493e-33,"TMEM106C"
1.41835644301432e-10,0.201605686761293,0.015,0.078,4.56015779993536e-06,"LSR"
9.48779424105559e-32,0.201593644632276,0.037,0.226,3.05042072644178e-27,"CTSO"
2.10354345161837e-12,0.201449908670656,0.015,0.088,6.76310255129824e-08,"C17orf51"
3.42383877585253e-16,0.20140320822887,0.012,0.103,1.10079840482435e-11,"TTC9C"
5.04664163608097e-09,0.201213925468961,0.011,0.063,0.000162254575241639,"PTGIR"
8.39359638814623e-19,0.201191677227998,0.022,0.135,2.69862517475289e-14,"RPP14"
1.35921802625499e-13,0.201159836198246,0.022,0.108,4.3700218762124e-09,"KCNJ8"
2.61064842499754e-13,0.200943989127591,0.02,0.102,8.39349575120960e-09,"SHMT1"
6.52188231482949e-08,0.200702671090639,0.014,0.061,0.00209685038304083,"SMG1P2"
2.61845209444773e-27,0.200630196657732,0.038,0.207,8.41858532885891e-23,"SRRT"
4.12838978745514e-57,0.200592912299062,0.094,0.442,1.3273186005647e-52,"MICAL1"
1.46948607635627e-39,0.200475909988931,0.059,0.304,4.72454468409304e-35,"PABPC4"
2.06660779248077e-33,0.200450017744215,0.044,0.248,6.64435071360493e-29,"BTBD2"
2.46443667256938e-09,0.200202921171553,0.007,0.058,7.92341034597782e-05,"PRR34"
3.23591246953401e-78,0.20010829903046,0.162,0.655,1.04037821807988e-73,"ZNF207"
7.42853129155655e-08,0.200105527828353,0.015,0.063,0.00238834709554835,"AC002066.1"
1.33582766933235e-25,0.200085677489943,0.036,0.194,4.29481953967045e-21,"UBE4B"
2.29982457808532e-25,0.200024870247936,0.031,0.184,7.39416600100211e-21,"PM20D2"
1.86499259034378e-35,0.199976458794849,0.033,0.235,5.99613767721427e-31,"PNPLA6"
3.77247465513493e-66,0.199969891292447,0.172,0.633,1.21288832637243e-61,"ANKRD10"
5.22143088783391e-39,0.199684307847901,0.067,0.316,1.67874224474748e-34,"CCDC144B"
2.60405092955073e-07,0.199660875587526,0.01,0.051,0.00837228414359855,"CCDC85A"
1.11467660680991e-74,0.199427331352019,0.127,0.576,3.58379675855454e-70,"HNRNPR"
3.45857288305331e-14,0.19941908490822,0.014,0.095,1.11196576763047e-09,"SLA2"
1.20663482360087e-47,0.199338147624505,0.085,0.388,3.87945162135915e-43,"TXNL1"
1.39948859728013e-23,0.199261239781297,0.041,0.194,4.49949578911534e-19,"USP36"
6.02760567230807e-19,0.199214903376676,0.03,0.15,1.93793549970377e-14,"HERC2P9"
4.27692767802624e-09,0.199118774939898,0.006,0.054,0.000137507501776222,"U47924.1"
1.31686636254924e-40,0.198992024268358,0.052,0.294,4.23385704223206e-36,"RNF213"
2.0049791322893e-17,0.198971319835298,0.023,0.13,6.44620840822332e-13,"CCDC18-AS1"
5.27495515510182e-11,0.198936926156296,0.02,0.089,1.69595083191679e-06,"HELQ"
1.90688052191327e-09,0.198716554760905,0.011,0.065,6.13081156600335e-05,"AC008878.3"
2.18286402830821e-51,0.198650081048688,0.059,0.352,7.01812613741374e-47,"INPPL1"
6.76925880179006e-13,0.198646112220386,0.017,0.095,2.17638439736352e-08,"HIVEP1"
1.21909992191368e-20,0.198614301636719,0.031,0.16,3.91952815894468e-16,"TUBD1"
1.1138143548348e-21,0.198597530889909,0.036,0.175,3.58102453222938e-17,"SLC3A1"
3.27856133992049e-71,0.198593339308415,0.12,0.551,1.05409025639784e-66,"RPS2P46"
1.52631930631749e-39,0.198579845327315,0.064,0.312,4.90726920174135e-35,"ARL1"
1.87588307680994e-08,0.198446661125827,0.009,0.055,0.000603115168025163,"KCTD1"
1.01724530837719e-56,0.198444989673456,0.108,0.471,3.27054539096349e-52,"IST1"
4.26688447526186e-09,0.198375421808138,0.01,0.061,0.000137184602764144,"RORA-AS1"
1.44682784752612e-05,0.198192499338052,0.016,0.052,0.465169621258121,"ZNF471"
7.21194405783386e-55,0.198043442588397,0.069,0.386,2.31871213403416e-50,"INTS11"
2.32250589218687e-25,0.197885793152846,0.035,0.191,7.46708869397e-21,"SLC30A6"
5.71397872241204e-12,0.197884878834798,0.019,0.092,1.8371012990427e-07,"KIAA0391"
1.66386113798311e-07,0.19758209075325,0.01,0.052,0.00534947994472949,"ADAMTSL5"
5.67027308255639e-54,0.197539672123409,0.093,0.43,1.8230494987727e-49,"USP22"
4.93942121802495e-21,0.197402588357775,0.028,0.158,1.5880733158072e-16,"ZNF292"
4.46727131322104e-17,0.197321317108957,0.027,0.135,1.4362723999137e-12,"GPSM1"
1.74860078862638e-23,0.1972634492142,0.035,0.182,5.62192639551269e-19,"GFPT1"
2.71536549552101e-19,0.197207014747275,0.03,0.151,8.73017160464961e-15,"HEMK1"
3.29593266312808e-69,0.196830964371719,0.26,0.825,1.05967531052231e-64,"NME2"
4.71949479316613e-08,0.19675946629668,0.014,0.062,0.00151736477095084,"MAPK6"
3.66819026844471e-32,0.19675078949979,0.043,0.239,1.17935985320766e-27,"OTUD4"
1.22317109515417e-14,0.196740737626406,0.015,0.1,3.93261738803016e-10,"GPR161"
4.00011186252788e-47,0.196236961701855,0.064,0.345,1.28607596492134e-42,"BCR"
1.89651160566742e-28,0.196071076869679,0.035,0.205,6.09747446338133e-24,"RHBDF2"
3.92799889166764e-30,0.196064479691891,0.046,0.234,1.26289092366006e-25,"ANAPC13"
1.74625951675269e-52,0.1960299062797,0.074,0.387,5.61439897231157e-48,"ROCK2"
1.55507499877155e-23,0.196004640398336,0.038,0.189,4.99972162855041e-19,"SLC43A3"
1.39398583774722e-56,0.195816741267645,0.135,0.524,4.48180386694107e-52,"GNG12"
3.46088935696008e-21,0.195721702815115,0.038,0.177,1.11271053715623e-16,"TOM1"
2.04897460766726e-25,0.195707645222106,0.035,0.191,6.58765826111101e-21,"DMAC2L"
1.36638028098689e-22,0.195695264284006,0.027,0.163,4.39304924140094e-18,"ZC3H4"
4.90177046897487e-28,0.195684868760195,0.046,0.224,1.57596822348011e-23,"ZNF609"
3.46230735217731e-19,0.195643079293039,0.022,0.137,1.11316643679853e-14,"AC096564.1"
4.83065660379146e-21,0.195589571904378,0.027,0.156,1.55310440468499e-16,"RMDN1"
5.37736585347652e-79,0.195372197668117,0.15,0.638,1.72887689555123e-74,"AC010422.8"
5.91128420128894e-50,0.19527883343859,0.07,0.37,1.90053698355641e-45,"AP001267.1"
5.69848419702147e-52,0.195253920859639,0.079,0.395,1.83211965418437e-47,"POLR1C"
2.6680672344685e-36,0.195186599631552,0.043,0.257,8.57810296553967e-32,"LINC00963"
4.28623929959968e-17,0.194876574571267,0.019,0.119,1.37806879721429e-12,"AC068896.1"
4.27684521856949e-70,0.194828656739917,0.093,0.488,1.37504850622228e-65,"TRIM28"
4.20412068855921e-21,0.194784645888943,0.032,0.165,1.35166684257867e-16,"PDE8A"
6.64950435924069e-46,0.194722116406022,0.042,0.296,2.13788214653947e-41,"TMEM9B"
6.75289048098677e-15,0.194594632390463,0.015,0.101,2.17112181854206e-10,"TMEM38B"
9.06061151843452e-21,0.194440419080192,0.031,0.161,2.91307720929188e-16,"TECPR2"
1.52735452867371e-20,0.194375055592313,0.021,0.141,4.91059754513884e-16,"PPP2R2B"
3.81271844452436e-69,0.194364822926571,0.194,0.691,1.22582710709903e-64,"RBX1"
5.8219508335102e-37,0.194332729974584,0.052,0.278,1.87181541248186e-32,"MBD2"
3.81972909947046e-40,0.194284066970526,0.047,0.282,1.22808110277075e-35,"PDP1"
2.95965265765154e-73,0.194208493703276,0.132,0.584,9.51557925961546e-69,"PDXDC1"
4.15966159000812e-32,0.194182610206199,0.048,0.249,1.33737279780351e-27,"AOX1"
7.9340203684417e-11,0.19393014213401,0.517,0.975,2.55086688865769e-06,"AC138123.1"
6.12584280943908e-34,0.193855790082315,0.046,0.252,1.96951972166276e-29,"TRIM5"
1.80188805126843e-16,0.19373732167553,0.031,0.139,5.79325027363314e-12,"ADRA2A"
4.90384729035687e-28,0.193637507593885,0.023,0.182,1.57663594232264e-23,"RNF141"
8.65560352949399e-26,0.193533406698031,0.031,0.186,2.78286309076761e-21,"MBD6"
2.24348374355767e-33,0.193498829355918,0.414,0.935,7.21302458391227e-29,"HLA-C"
3.35794074652749e-12,0.1931121679841,0.016,0.089,1.07961152941605e-07,"RNU6-6P"
9.07022471145847e-24,0.193021479761436,0.033,0.181,2.91616794698101e-19,"HPS4"
4.43690849303668e-25,0.192877714297308,0.037,0.194,1.42651044959622e-20,"RPA2"
2.15311922909904e-61,0.192363190144181,0.124,0.519,6.92249363347634e-57,"GBP2"
2.08812548510231e-34,0.192231556863196,0.056,0.273,6.71353224715243e-30,"GPAT4"
2.38877629073274e-48,0.19216737208934,0.079,0.38,7.68015465233484e-44,"H6PD"
5.59141156707148e-78,0.192086514696012,0.183,0.698,1.79769473292915e-73,"RNH1"
5.8175049339011e-67,0.192054221105522,0.14,0.573,1.87038601129854e-62,"AC010197.2"
4.02440916697982e-18,0.192026299026737,0.02,0.127,1.29388779127568e-13,"FUCA2"
3.24685719137443e-80,0.191908494366107,0.159,0.658,1.04389705559879e-75,"RALY"
5.25050537001115e-24,0.191842926159528,0.042,0.198,1.68808998151229e-19,"SLC35F2"
4.2793671003838e-56,0.191772668798665,0.072,0.396,1.3758593164444e-51,"PFKP"
1.52482589294279e-17,0.191713532958395,0.021,0.126,4.90246772840037e-13,"SIAH1"
0.00286192764595123,0.19124515545646,0.687,0.99,1,"AEBP1"
1.36059983054887e-09,0.19123913400017,0.01,0.064,4.37446451519767e-05,"EEF1AKMT2"
2.51813198339088e-27,0.191146346382062,0.032,0.195,8.09604613980003e-23,"SHKBP1"
8.94728722168462e-27,0.191115362424756,0.032,0.193,2.87664231464382e-22,"ICE2"
4.66503725681143e-15,0.191108716822208,0.499,0.963,1.49985612843744e-10,"MRNIP"
8.54809079921961e-23,0.191103626883646,0.035,0.178,2.7482966728571e-18,"AC009133.1"
1.07610468376132e-16,0.19095010607524,0.027,0.133,3.45978416876101e-12,"PHAX"
8.49981775478246e-26,0.190830922252897,0.028,0.181,2.73277640634011e-21,"PLEKHA1"
6.12925583614118e-23,0.190807406598184,0.041,0.19,1.97061704387775e-18,"RASAL2"
2.59814430973617e-27,0.190679402162722,0.04,0.209,8.35329377023275e-23,"CHD2"
8.01896993819927e-62,0.190611262978366,0.2,0.678,2.57817902483045e-57,"DDX3X"
4.03834358885139e-11,0.190534998754148,0.009,0.069,1.29836784725161e-06,"AC092620.2"
1.18189837401395e-12,0.190399364905912,0.017,0.094,3.79992146229225e-08,"MB21D2"
1.36041911182518e-17,0.19016156450421,0.022,0.129,4.37388348642914e-13,"MBP"
1.02304493344635e-32,0.18986352009095,0.037,0.23,3.28919176552337e-28,"CANT1"
5.59596869220502e-17,0.18985134476032,0.023,0.128,1.79915989423084e-12,"STX18"
8.24117650495526e-20,0.189762831230278,0.02,0.135,2.64962065810816e-15,"CPPED1"
5.64917316646974e-13,0.189595628299747,0.015,0.091,1.81626566475168e-08,"SIRT3"
5.60046440672476e-48,0.189385230342736,0.099,0.417,1.80060531140608e-43,"SPSB3"
1.53605764289545e-25,0.189351719725839,0.036,0.194,4.93857892767315e-21,"SDCCAG8"
2.3839068392863e-23,0.189259031564903,0.03,0.172,7.66449887898938e-19,"HEIH"
7.03893816141241e-31,0.189220999262674,0.049,0.245,2.2630890082757e-26,"DNAJC5"
1.19027525764084e-42,0.189115735527458,0.072,0.34,3.82685398084107e-38,"PSMD3"
7.20717981963001e-09,0.189115427443832,0.017,0.073,0.000231718038380925,"SSX2IP"
2.57572513209491e-47,0.18883187347838,0.068,0.353,8.28121387219834e-43,"KLHDC3"
2.81349599570115e-67,0.188550703520182,0.253,0.813,9.04567097577876e-63,"TSPAN9"
1.15424251352331e-40,0.188478954215353,0.087,0.361,3.71100510522879e-36,"RAD51B"
2.87015208552336e-11,0.188357337722366,0.011,0.075,9.22782597016615e-07,"TGFB2"
1.58499339727704e-25,0.188328737355326,0.03,0.182,5.0959122715854e-21,"STRIP1"
8.22334588808468e-34,0.18832323590178,0.047,0.254,2.6438879364781e-29,"BCL2L14"
1.12611725220305e-11,0.188302776273792,0.017,0.089,3.62057957755804e-07,"ANKRD42"
1.02905975230032e-23,0.188220596079507,0.037,0.187,3.30853000962075e-19,"UGGT2"
4.72784624903266e-28,0.188074820236072,0.038,0.211,1.52004984752649e-23,"TOX2"
6.51391129274747e-13,0.188065801236788,0.017,0.095,2.09428761973124e-08,"KCNN3"
6.98622587999505e-65,0.188000865039736,0.136,0.558,2.24614148267721e-60,"SULF2"
3.2201550748052e-14,0.187967443405554,0.02,0.107,1.03531205810062e-09,"SLC39A11"
1.03676882942159e-20,0.187898170177496,0.038,0.174,3.33331546347336e-16,"ZNF3"
1.14829768891561e-22,0.187727075519727,0.037,0.182,3.69189189963257e-18,"TROVE2"
4.9865257229602e-31,0.187692491298488,0.038,0.224,1.60321788518894e-26,"USP12"
4.48352991426221e-22,0.187666752500522,0.04,0.184,1.44149970273444e-17,"PTPN9"
1.88025216355229e-53,0.187602252178498,0.083,0.409,6.04519873103697e-49,"CS"
2.80055469888256e-21,0.187583678284805,0.036,0.173,9.00406341237731e-17,"CRBN"
4.04528522654365e-56,0.18757706684588,0.093,0.438,1.30059965318605e-51,"CCT6A"
1.73455828110666e-26,0.18751528537747,0.037,0.201,5.57677832958603e-22,"PIGP"
1.79458126379148e-28,0.187349661550904,0.038,0.213,5.76975822121597e-24,"UBR3"
3.48199229468082e-38,0.187336794744926,0.049,0.278,1.11949534266283e-33,"NSMCE4A"
3.22100181747983e-50,0.187221428859832,0.08,0.389,1.03558429433794e-45,"SLC12A4"
5.21060719100615e-61,0.187145884216013,0.206,0.677,1.67526231798039e-56,"CLEC14A"
1.3124645289963e-56,0.187093212254708,0.091,0.438,4.21970470717601e-52,"FAM177A1"
7.51088034212953e-19,0.187042084246977,0.025,0.14,2.41482313879806e-14,"AC131160.1"
1.38751348391548e-50,0.186752685086251,0.08,0.392,4.46099460213665e-46,"AC142391.1"
3.43239767389893e-31,0.18669457560645,0.054,0.256,1.10355017613524e-26,"SLCO2A1"
1.03104078958608e-11,0.186676675154109,0.011,0.077,3.31489924259822e-07,"AP004609.3"
5.9130596525777e-16,0.186605778175838,0.028,0.131,1.90110780890026e-11,"CCDC102A"
1.8911287172474e-46,0.186473322174828,0.062,0.338,6.0801679388221e-42,"AC008982.1"
3.108188234649e-33,0.186418324274548,0.062,0.279,9.99313599322e-29,"MPHOSPH8"
5.8401406252924e-39,0.186409394454175,0.062,0.305,1.87766361243776e-34,"SPRY2"
1.07966958709017e-20,0.186378333324664,0.03,0.158,3.4712456894536e-16,"BTBD10"
4.94733804271671e-72,0.186226505409382,0.159,0.628,1.59061865411385e-67,"SFPQ"
7.31472316193984e-08,0.185977710553932,0.007,0.05,0.00235175664379528,"LIMS4"
4.58505131049956e-10,0.185968326029069,0.014,0.073,1.47413984683871e-05,"CCHCR1"
4.87996687562012e-20,0.185909142729141,0.026,0.148,1.56895815018063e-15,"LONRF1"
6.53968729868779e-83,0.185778914783668,0.205,0.758,2.10257486340111e-78,"GLUL"
2.26761067753609e-10,0.18548746614506,0.01,0.068,7.29059508934628e-06,"SLC24A1"
1.41583122593753e-29,0.185331269325477,0.044,0.229,4.55203897451176e-25,"GGA2"
1.0898834280642e-26,0.185322537915942,0.036,0.199,3.5040842095692e-22,"HEBP1"
5.45977913150074e-21,0.185308017668361,0.038,0.176,1.7553735885688e-16,"ODF3B"
1.8044958557349e-20,0.185233426072593,0.032,0.162,5.80163462577328e-16,"AC008695.1"
3.08785036536315e-29,0.185203527063171,0.042,0.224,9.92774770967907e-25,"CRTC3-AS1"
3.95290092881608e-57,0.184970356914929,0.117,0.49,1.27089717762366e-52,"WBP2"
5.28833635755834e-32,0.184937234876697,0.054,0.26,1.70025302231858e-27,"UBE2V2"
2.2807199326914e-36,0.184908586435559,0.074,0.318,7.33274265559611e-32,"IARS2"
1.45333199446245e-12,0.184884155704277,0.017,0.093,4.67260769539624e-08,"WDR44"
1.08188302503449e-67,0.184765091350857,0.239,0.785,3.4783621137884e-63,"AC134772.1"
2.6991031614649e-27,0.184615042829965,0.407,0.927,8.6778865744258e-23,"MTCO1P12"
0.00723659777284764,0.18448608627624,0.731,0.995,1,"RPL18A"
6.00895651897194e-55,0.184293649115124,0.137,0.522,1.93193961041467e-50,"SFRP4"
3.16288445433791e-36,0.184189957006889,0.044,0.26,1.01689898091418e-31,"PSMA3-AS1"
2.36643772863987e-16,0.184055987424212,0.025,0.127,7.60833394135006e-12,"BTN3A1"
6.85329403974204e-21,0.184016547276029,0.033,0.166,2.20340256671746e-16,"BTBD7"
1.87702526094826e-76,0.184005106496981,0.14,0.606,6.03482391647475e-72,"STARD7"
2.92546207694797e-11,0.183988800862704,0.019,0.089,9.40565312359543e-07,"CUBN"
1.52960532966668e-15,0.183975158377952,0.025,0.123,4.91783409541135e-11,"DHPS"
1.97278221752007e-14,0.183846919340757,0.022,0.112,6.34269210754876e-10,"POLL"
2.42399971488578e-48,0.183830647406945,0.087,0.394,7.79340148332926e-44,"PRDX4"
5.73836502277105e-62,0.183822317867365,0.11,0.496,1.84494173847112e-57,"SDF4"
0.093142595203141,0.183809751884159,0.922,1,1,"RPS27A"
2.52292398778516e-18,0.183786365911496,0.021,0.13,8.11145291312807e-14,"MRPL19"
8.83583021847804e-39,0.183755160962191,0.049,0.281,2.84080777354288e-34,"CAT"
1.70471143781946e-10,0.183712546817384,0.02,0.086,5.48081774373334e-06,"KCTD5"
1.2305507035932e-17,0.183636116123339,0.031,0.145,3.9563435671225e-13,"PPM1B"
7.01004933438733e-71,0.183565105699645,0.088,0.48,2.25380096149887e-66,"CAMTA1"
2.69175654263108e-77,0.183186772907131,0.197,0.723,8.65426646021318e-73,"FLNC-AS1"
2.26154256750254e-58,0.183166943915579,0.112,0.486,7.27108550877743e-54,"EIF3G"
1.62767171629983e-31,0.183015048892412,0.052,0.253,5.23312733507558e-27,"CARS2"
2.16224805527889e-40,0.182790198706548,0.048,0.286,6.95184372252716e-36,"FRG1"
2.51150152502061e-60,0.182706536908314,0.089,0.446,8.07472855309375e-56,"HMGN1"
6.28920064767562e-35,0.182605215775802,0.059,0.283,2.02204090023419e-30,"DNAJC1"
1.68014656095794e-19,0.182450277618925,0.028,0.15,5.40183920813589e-15,"SRGAP2"
4.1953373989108e-26,0.18244224071097,0.037,0.199,1.34884292712381e-21,"JMJD6"
2.66935477380943e-23,0.182390899525876,0.031,0.174,8.58224253327469e-19,"MIR4697HG"
3.20072492483942e-77,0.182360453782944,0.182,0.696,1.02906507058512e-72,"EIF3H"
2.78346957672495e-43,0.182230427578389,0.058,0.317,8.94913303612839e-39,"VSIR"
1.51801322427404e-36,0.182144711279769,0.049,0.27,4.88056431736347e-32,"STAT5A"
9.04386534787369e-17,0.182072732627388,0.026,0.131,2.90769314799487e-12,"ZFYVE1"
1.1837419936581e-23,0.181971244107425,0.035,0.182,3.80584888381016e-19,"FRMD4B"
4.3551906998492e-57,0.181969162881939,0.096,0.449,1.40023736190851e-52,"SLC4A7"
1.02241224059721e-17,0.181914907879865,0.032,0.148,3.28715759474409e-13,"C12orf45"
6.16828282758149e-39,0.181879709147649,0.069,0.319,1.98316461189573e-34,"HAPLN3"
1.45980175411573e-25,0.181747689779357,0.032,0.187,4.6934086196575e-21,"CDKN1C"
1.08218792366874e-34,0.18174350519183,0.058,0.279,3.47934239338735e-30,"AC001226.2"
4.60176862181287e-64,0.181676915711622,0.124,0.529,1.47951462959906e-59,"METRNL"
4.7676033024603e-17,0.181626827477016,0.023,0.128,1.53283213777401e-12,"GPR108"
1.90004120174472e-09,0.181519177663326,0.011,0.065,6.10882246772944e-05,"AC098588.1"
7.02019898247121e-27,0.181137411502959,0.046,0.219,2.25706417485432e-22,"AC108516.2"
1.03879312782022e-23,0.181096568430501,0.037,0.187,3.3398237852548e-19,"HSPH1"
2.61223381529185e-51,0.181057554259628,0.084,0.402,8.39859293954483e-47,"PYGO2"
2.6699361024218e-53,0.181049519625836,0.078,0.398,8.58411156289634e-49,"HIRA"
4.75734446675883e-22,0.180966233965866,0.027,0.16,1.52953381950763e-17,"TBCE.1"
3.40681397386068e-35,0.180942173699267,0.058,0.281,1.09532476073595e-30,"SNX14"
7.76251673337118e-56,0.180779008073513,0.078,0.406,2.49572675494617e-51,"NFIA"
5.79793285603674e-12,0.180673329219229,0.023,0.101,1.86409339254437e-07,"COQ5"
1.26451382953106e-73,0.180595786783026,0.234,0.787,4.0655384133253e-69,"HP1BP3"
5.01363033180374e-37,0.180512272744647,0.043,0.261,1.61193228797822e-32,"MED29"
1.88593968148378e-26,0.180435598660853,0.038,0.203,6.0634846699385e-22,"AC139887.2"
1.05066238785205e-17,0.180355491060998,0.025,0.134,3.37798464318314e-13,"RCSD1"
1.09628357485154e-28,0.180333292693573,0.042,0.221,3.52466132150517e-24,"SLBP"
5.24106617312901e-25,0.18031803986489,0.036,0.191,1.68505518532271e-20,"BLOC1S6"
1.66664130542786e-11,0.180287581496787,0.016,0.085,5.35841846108113e-07,"AREL1"
2.88461146023225e-38,0.180237075305312,0.052,0.283,9.27431430579269e-34,"RAB22A"
6.0434933594274e-33,0.180195257476096,0.058,0.271,1.9430435499895e-28,"HECTD1"
2.12894693278306e-72,0.180193321631738,0.137,0.589,6.84477728359081e-68,"SF1"
5.48970363313366e-63,0.180186125382826,0.161,0.593,1.7649946150888e-58,"EGFL7"
1.90491440540662e-65,0.18011317209756,0.121,0.53,6.12449030482283e-61,"STAT1"
9.30914241087119e-55,0.180036302664056,0.115,0.475,2.9929823765192e-50,"RNPEPL1"
7.61861108117398e-13,0.180023267994124,0.017,0.095,2.44945964870825e-08,"TMEM115"
3.61563091630681e-12,0.180014395139023,0.021,0.098,1.1624614959018e-07,"EIF4ENIF1"
3.07451226315779e-53,0.179998363275,0.093,0.425,9.8848643772786e-49,"GBF1"
3.77852811335422e-46,0.179900128141376,0.095,0.404,1.21483457372452e-41,"IER3"
1.13613251041163e-24,0.179742475438888,0.026,0.171,3.65277963422444e-20,"COPS3"
6.53194201502804e-30,0.179561736131111,0.046,0.234,2.10008467725166e-25,"CNOT8"
2.87034317350084e-54,0.179542368059736,0.109,0.464,9.22844033712254e-50,"NBDY"
3.14011780116867e-25,0.179423711560747,0.028,0.178,1.00957927425374e-20,"FBH1"
4.58593971628914e-17,0.17928343448014,0.02,0.121,1.47442547818412e-12,"FASN"
5.22128486257717e-70,0.179276727416927,0.205,0.714,1.67869529616719e-65,"SRSF5"
3.76846261045194e-57,0.179263740934049,0.09,0.436,1.2115984138864e-52,"HNRNPD"
4.47449509714705e-11,0.179223588985653,0.012,0.076,1.43859491868375e-06,"COQ2"
2.92385151677033e-45,0.179212667017268,0.057,0.324,9.40047501156827e-41,"AC004448.2"
1.18730150459662e-11,0.179072387721246,0.016,0.086,3.81729306742861e-07,"ACVR2A"
4.04399018054068e-19,0.179021038556766,0.035,0.159,1.30018328294564e-14,"NUP214"
2.47696642449529e-10,0.178965883714433,0.015,0.077,7.96369475139481e-06,"ZNF562"
3.77177120265309e-10,0.178917278716243,0.012,0.071,1.212662159365e-05,"PEX1"
3.75076300623849e-11,0.17879559490118,0.015,0.081,1.20590781413574e-06,"AC135050.6"
1.30017581075107e-15,0.178452455597348,0.021,0.116,4.18019524914576e-11,"ECD"
1.95202088550872e-10,0.178447896459802,0.012,0.073,6.27594234899909e-06,"PTAFR"
2.70756543447713e-61,0.178343571333684,0.085,0.442,8.70509362838742e-57,"PTPA"
1.3099723652012e-40,0.178172189996441,0.069,0.327,4.21169215135837e-36,"CHSY1"
5.17643992884533e-25,0.17813842412425,0.031,0.182,1.66427720152306e-20,"RBSN"
4.27861242069944e-63,0.178119304022538,0.152,0.582,1.37561667937908e-58,"SFRP2"
9.31667116064953e-22,0.178114611034013,0.027,0.159,2.99540294486043e-17,"ANKHD1-EIF4EBP3"
1.44037748513868e-11,0.177994197305716,0.017,0.088,4.63095765246937e-07,"AL671277.1"
2.45493056208485e-49,0.177894972825477,0.067,0.36,7.89284725015901e-45,"MATR3"
6.39847680758173e-61,0.17787937476699,0.11,0.493,2.0571742784056e-56,"PLEKHA6"
3.37456421842671e-45,0.177878055056813,0.077,0.361,1.08495614186637e-40,"LBHD1"
6.537399116546e-27,0.177807021538001,0.047,0.222,2.1018391899607e-22,"ACADM"
3.46271654862178e-15,0.177803235524437,0.025,0.121,1.11329799754739e-10,"SPRED2"
8.42885100770455e-39,0.177728646050923,0.052,0.286,2.70995988748709e-34,"GSTM5"
3.01466885717506e-56,0.17767148804618,0.087,0.425,9.69246184270354e-52,"RIPOR1"
9.58976056486822e-17,0.177439999435995,0.022,0.124,3.08320391921078e-12,"AC007193.3"
7.82917438169208e-28,0.177360108063435,0.043,0.219,2.51715785545782e-23,"MIER1"
0.781230887776218,0.177214189573246,0.831,0.999,1,"RPL32"
1.75396571347301e-16,0.177140526879601,0.021,0.121,5.63917516538708e-12,"ZNF251"
9.70772796930752e-25,0.177077228435867,0.03,0.178,3.12113161941206e-20,"CARM1"
2.52135913253284e-13,0.17706473944557,0.014,0.09,8.10642174700634e-09,"ZNF146"
5.49807894709105e-20,0.177049505095186,0.032,0.159,1.76768736227924e-15,"C15orf38-AP3S2"
1.26016863339617e-15,0.17686380801872,0.025,0.123,4.05156817323204e-11,"L34079.1"
4.47270413357425e-63,0.176735573272673,0.116,0.512,1.43801910598546e-58,"MAP4"
6.94266607497807e-29,0.176686555327703,0.037,0.212,2.2321365697662e-24,"RAI14"
3.79816542514823e-13,0.176637462753644,0.016,0.094,1.22114816583941e-08,"AP001062.3"
5.56402293291078e-41,0.176614194542689,0.051,0.293,1.78888901316014e-36,"SNRPN"
7.35903738584155e-68,0.176612677309712,0.127,0.552,2.36600410992192e-63,"VAPA"
2.50814049351971e-14,0.176593440294912,0.025,0.116,8.06392250071521e-10,"SMAP1"
8.61980425233957e-09,0.176562688131597,0.012,0.064,0.00027713532651697,"AL591242.1"
3.31337607369421e-53,0.176345258064087,0.074,0.389,1.06528354145343e-48,"MRPS27"
2.54082360777102e-44,0.176226402856933,0.082,0.368,8.16900198134461e-40,"NHP2"
1.93145418978703e-66,0.176220216270599,0.197,0.685,6.20981836558428e-62,"TINAGL1"
1.20880252976415e-61,0.176053850055558,0.091,0.458,3.88642101344472e-57,"TMEM14B"
3.7414695461982e-17,0.175992280765989,0.022,0.127,1.20291987379818e-12,"EIF2A"
5.09949095843252e-19,0.175832639455989,0.023,0.138,1.63953733804564e-14,"ADAM19"
6.59737119778453e-38,0.175822016998108,0.067,0.31,2.1211208137997e-33,"ACSL4"
1.3573385903367e-63,0.175732245516432,0.114,0.509,4.36397930179154e-59,"RASD1"
1.02248704596443e-23,0.175668564148328,0.041,0.194,3.28739810148023e-19,"SWI5"
2.4046556240748e-11,0.17547581702541,0.019,0.089,7.73120829696289e-07,"TBL2"
1.10262678914013e-18,0.175407036008605,0.523,0.973,3.54505538976443e-14,"DDX17"
6.27162609240292e-69,0.175361450050817,0.114,0.53,2.01639050496846e-64,"JPT1"
1.18426951717926e-09,0.175098849506656,0.015,0.073,3.80754492468305e-05,"CEP41"
1.79197826153977e-29,0.175023454061938,0.023,0.188,5.76138930867652e-25,"SLC30A9"
6.19492738602417e-62,0.174967994348802,0.294,0.861,1.99173110388063e-57,"CTNNB1"
7.71195186580661e-12,0.174918371574085,0.015,0.085,2.47946964437548e-07,"ATP6V0E2-AS1"
1.70000063430028e-13,0.174809967990248,0.015,0.094,5.46567203933883e-09,"HAUS1"
1.04926435456446e-16,0.174762510619068,0.015,0.11,3.37348982636021e-12,"BMT2"
5.08302093779641e-70,0.174699785115712,0.237,0.777,1.63424206171093e-65,"GPNMB"
8.12995550870363e-36,0.17465278269807,0.046,0.261,2.61386199560331e-31,"FP671120.4"
2.65900372160914e-36,0.174619532538965,0.042,0.256,8.54896286534554e-32,"ARFGAP2"
5.87721893568082e-28,0.174571819270898,0.032,0.199,1.88958466001074e-23,"NUP93"
3.71480929533891e-60,0.174570710384876,0.106,0.481,1.19434833654441e-55,"LUC7L2"
7.34704557978435e-79,0.174546664890067,0.129,0.593,2.36214862435647e-74,"RAP1B"
1.7624310261251e-47,0.174489938870177,0.07,0.36,5.66639199209481e-43,"GLYR1"
2.00546162129526e-69,0.174265064130822,0.251,0.801,6.4477596586264e-65,"ARGLU1"
6.42994134653417e-43,0.174263654299462,0.077,0.35,2.0672904423242e-38,"SPIN1"
1.6374981655051e-11,0.174177416290549,0.016,0.085,5.26472035191544e-07,"PRPF40B"
1.57976642809872e-20,0.174171358197059,0.021,0.141,5.07910704298018e-16,"COG3"
1.53367288100732e-40,0.174038286325885,0.075,0.339,4.93091167972664e-36,"DEF8"
1.59088100879689e-29,0.174002550897287,0.048,0.237,5.11484153138286e-25,"TRIM25"
1.02568535304029e-30,0.17398996214718,0.051,0.247,3.29768097855985e-26,"TRIM56"
7.1418431313595e-43,0.17389907498506,0.059,0.318,2.29617398516339e-38,"RBM4"
9.52739271407009e-10,0.173628291122021,0.011,0.067,3.06315203150067e-05,"RAC1P2"
3.10961137806609e-63,0.173149974974502,0.122,0.526,9.9977115416203e-59,"EPDR1"
4.58433575368487e-35,0.173086865444424,0.053,0.271,1.47390978816722e-30,"RBM17"
2.76876342241532e-32,0.17307322888675,0.049,0.251,8.90185127940749e-28,"CBX5"
7.51506621418338e-15,0.173025261217359,0.017,0.105,2.4161689385221e-10,"CCDC175"
4.98604725948107e-67,0.173006826924735,0.085,0.465,1.60306405439576e-62,"PTP4A2"
5.22215749029905e-10,0.172941037063279,0.012,0.07,1.67897585470605e-05,"IL6R"
2.34904051295085e-31,0.172898569379932,0.047,0.243,7.55240015318827e-27,"PTPRE"
1.54833698315438e-07,0.17276397166074,0.011,0.055,0.00497805823453964,"CRCP"
9.56070606302457e-47,0.172531557395,0.064,0.344,3.07386260632303e-42,"MTFR1L"
5.62457455142055e-20,0.172495929667362,0.036,0.166,1.80835696402722e-15,"HEXD"
2.12169943958094e-36,0.17241137988582,0.057,0.284,6.82147586819666e-32,"PNISR"
3.99403874345593e-11,0.172341648182045,0.009,0.069,1.28412339640852e-06,"KMT2E-AS1"
1.12834961726426e-13,0.172127750483669,0.02,0.104,3.62775685446633e-09,"AL591846.1"
2.08759701941832e-30,0.171919578020907,0.03,0.205,6.71183317713185e-26,"B4GALNT1"
5.76186047130165e-33,0.171900599181414,0.051,0.257,1.85249576012819e-28,"PARD3"
2.52782953277551e-72,0.171821455387288,0.137,0.587,8.12722473082654e-68,"SNRPD3"
5.25925443318888e-34,0.171762992379319,0.041,0.243,1.69090289281456e-29,"SCRN1"
4.72165604469064e-43,0.171717108371822,0.057,0.314,1.51805963492849e-38,"PHTF2"
1.71364683031676e-12,0.17170744167277,0.017,0.093,5.5095459241514e-08,"AC138305.1"
3.60572310022576e-41,0.171688007751297,0.048,0.289,1.15927603395359e-36,"AL592429.2"
6.02759973311168e-45,0.171544777582257,0.074,0.356,1.93793359019274e-40,"AC023509.1"
3.1431712237042e-50,0.171319102654998,0.085,0.399,1.01056098013314e-45,"CTBP2"
4.48913398767559e-12,0.171193404020467,0.014,0.084,1.44330146837758e-07,"UBXN8"
4.98841839983775e-12,0.171003856287854,0.016,0.088,1.60382639973184e-07,"PARP2"
4.83851213348098e-14,0.170831874025395,0.025,0.115,1.55563003603547e-09,"DNAAF5"
8.97100965506921e-28,0.170701797467304,0.049,0.23,2.8842693142013e-23,"AC011558.1"
1.82142481600789e-22,0.170557124602681,0.035,0.177,5.85606292594696e-18,"RAI2"
1.72266517466257e-17,0.170543408758343,0.026,0.135,5.53854080305763e-13,"CCL8"
1.15022349501222e-26,0.170357351363257,0.04,0.207,3.69808355881379e-22,"AC004596.1"
6.12840182698027e-14,0.170238155315885,0.016,0.098,1.97034247139243e-09,"AL161452.1"
1.12992429107935e-14,0.170151028656219,0.015,0.1,3.63281958824922e-10,"CLMN"
2.9209549778356e-35,0.170098144525791,0.053,0.273,9.39116234923924e-31,"MAMDC2"
5.46139213045557e-28,0.170018738618536,0.054,0.241,1.75589218386277e-23,"AC015987.1"
2.77013809962986e-34,0.169883132523574,0.052,0.266,8.90627100411996e-30,"GPBP1L1"
1.0272426214903e-51,0.16986930092948,0.061,0.357,3.30268775235347e-47,"ITGAV"
4.6319441847083e-65,0.16979826489424,0.126,0.538,1.48921637482557e-60,"WASF2"
3.8160763509176e-44,0.169667655233971,0.078,0.358,1.22690670758352e-39,"CREBBP"
1.78135070870215e-10,0.169662736308266,0.015,0.078,5.72722066354828e-06,"RRP12"
7.63320883284163e-31,0.169452286177656,0.051,0.247,2.45415297184691e-26,"PEF1"
2.90053259056882e-08,0.169419475043482,0.009,0.054,0.000932550233193782,"AC009163.2"
5.66824734999048e-28,0.169394968542646,0.038,0.211,1.82239820549544e-23,"SLX1B-SULT1A4"
8.02383576770027e-66,0.169379752801766,0.119,0.524,2.57974343767331e-61,"EIF4EBP2"
2.60810068274887e-18,0.169239747843098,0.032,0.151,8.38530450510589e-14,"MROH1"
1.83471479392747e-29,0.169053822875144,0.052,0.243,5.89879153395621e-25,"AC026202.2"
2.87420882678683e-26,0.168971892545075,0.016,0.159,9.24086879900234e-22,"BVES"
1.66788490068252e-12,0.168716419445436,0.017,0.093,5.36241674418437e-08,"AVL9"
8.39627538678869e-45,0.168455788747612,0.068,0.343,2.69948649960643e-40,"EGLN3"
8.77018913730012e-10,0.168411948152529,0.01,0.065,2.81970350953336e-05,"SLC22A4"
4.79563908779182e-52,0.168410095850106,0.078,0.392,1.54184592311595e-47,"C6orf89"
2.20075291043738e-21,0.168256657655053,0.025,0.152,7.07564068234721e-17,"FDX1"
3.93195440944853e-37,0.168238985314167,0.073,0.319,1.2641626621818e-32,"BRD4"
4.64909413782238e-39,0.168170621430648,0.049,0.283,1.49473025625127e-34,"LSAMP"
0.0319042281958185,0.168069850479181,0.942,1,1,"RPS12"
3.70472257678521e-15,0.168065889648319,0.017,0.107,1.19110535566221e-10,"AFG3L1P"
1.87230111967492e-09,0.168053184167173,0.015,0.072,6.01963532986685e-05,"TSPAN5"
1.49481663110594e-13,0.168023626179669,0.025,0.112,4.80598495066872e-09,"EXOSC3"
2.7453939216682e-18,0.167932410700271,0.026,0.139,8.82671599755544e-14,"NRN1"
5.46777849167981e-72,0.167921943383605,0.159,0.633,1.75794546285998e-67,"CCDC84"
5.74437421580345e-17,0.167795451157807,0.025,0.13,1.84687375412297e-12,"ST3GAL5"
5.86460425466441e-34,0.167783194602509,0.053,0.266,1.88552891391716e-29,"COPS4"
2.67216887566509e-22,0.167747877764123,0.032,0.171,8.59129015215082e-18,"KAT2A"
1.6093867638747e-46,0.167578167706788,0.067,0.348,5.17433938453355e-42,"NCOA2"
2.47266800542702e-60,0.167346433894802,0.114,0.499,7.9498749042484e-56,"WTAP"
4.09961290501068e-37,0.16730702050859,0.046,0.266,1.31806654508998e-32,"CREM"
9.144153812032e-12,0.16717816668926,0.012,0.08,2.93993689210641e-07,"AC010636.2"
2.64834394078545e-15,0.167170333988635,0.027,0.126,8.51469060401929e-11,"SEMA3F"
1.68984267555139e-19,0.167112610950061,0.028,0.15,5.43301318616529e-15,"STAU2"
2.57248725800856e-17,0.166991293386995,0.023,0.13,8.27080378322333e-13,"GPD2"
1.47930150854207e-34,0.166790327593075,0.064,0.29,4.75610228011362e-30,"DCAF6"
1.25425691271051e-13,0.16670768815878,0.016,0.097,4.03256140005555e-09,"ZDHHC21"
4.84519062582773e-32,0.166705573304292,0.037,0.227,1.55777723810988e-27,"MAPKAP1"
7.20892914587727e-24,0.166408559283167,0.022,0.16,2.317742809691e-19,"DIP2A"
1.46006987690133e-60,0.166382282474072,0.121,0.513,4.69427066122548e-56,"RPS7P1"
4.33572831313181e-15,0.16630619280797,0.026,0.123,1.39398000995501e-10,"EFCAB2"
4.36681220817685e-72,0.166232218353817,0.161,0.634,1.40397379305094e-67,"MSN"
8.38443510266985e-63,0.16623009083304,0.111,0.499,2.69567972985938e-58,"FOXO3"
4.20212197138238e-15,0.166145341052007,0.02,0.111,1.35102423501915e-10,"DYRK4"
1.29079984768351e-11,0.166075777904897,0.015,0.084,4.15005059028725e-07,"CIDECP"
2.0927115233392e-08,0.166049723109401,0.009,0.055,0.000672827681868787,"KDM4A-AS1"
6.96679182113902e-19,0.165818514995413,0.019,0.128,2.2398932384144e-14,"BCL2L2"
1.18970321411666e-19,0.16576856171651,0.02,0.134,3.82501480370648e-15,"VRK3"
2.46533029826342e-64,0.165741890392735,0.108,0.501,7.92628344194671e-60,"ATG7"
4.52699785963944e-22,0.165659197051788,0.027,0.161,1.45547508185268e-17,"PPP2R3C"
1.19354849003148e-14,0.165645465638939,0.011,0.092,3.8373777503002e-10,"PPIH"
1.83735472811166e-65,0.165630609588142,0.09,0.468,5.90727918635179e-61,"AC010616.2"
2.96233371618713e-20,0.165583589918535,0.014,0.125,9.52419913091324e-16,"UBOX5"
2.1305747660733e-35,0.165569946465343,0.052,0.269,6.85001093040226e-31,"CXXC1"
4.22966430598481e-39,0.165566834936717,0.073,0.327,1.35987937101718e-34,"ZMAT2"
2.79312835809199e-45,0.165566504294493,0.104,0.415,8.98018698410156e-41,"RASA4"
3.18702041794745e-10,0.165415237351891,0.01,0.067,1.02465893457428e-05,"ZSWIM5"
4.54963912674396e-18,0.16517748224761,0.019,0.124,1.46275447563945e-13,"MSMO1"
1.17406758431616e-35,0.165131671597857,0.059,0.285,3.77474469033489e-31,"LSM2"
7.82982241941483e-50,0.165030716540533,0.077,0.381,2.51736620606606e-45,"PRMT1"
6.77665688441014e-23,0.16488118989547,0.041,0.19,2.1787629549067e-18,"CFAP20"
5.94838812064877e-11,0.16485114413992,0.017,0.085,1.91246626466979e-06,"AC010519.1"
2.95514023736112e-10,0.164745750836627,0.019,0.083,9.50107137713973e-06,"NDC80"
3.12580922935178e-32,0.164632291158186,0.056,0.263,1.00497892532889e-27,"CCDC71L"
6.74291104447065e-29,0.164607204472718,0.031,0.2,2.16791332990776e-24,"YEATS2"
5.20451560073304e-13,0.16446810288172,0.019,0.098,1.67330381079168e-08,"AL139260.2"
1.14708085047874e-45,0.16445549474713,0.063,0.336,3.68797964237419e-41,"RGCC"
8.35329058843413e-56,0.164453914773347,0.084,0.42,2.68566645708746e-51,"PTPRM"
3.57775302859515e-09,0.164338061402323,0.012,0.066,0.000115028337622363,"E2F3"
3.00537458975584e-53,0.164320985141547,0.09,0.422,9.66257984352401e-49,"C16orf45"
1.52009319639738e-13,0.164224835669025,0.019,0.101,4.88725163573722e-09,"TMED1"
9.18466471814721e-67,0.163976527619533,0.145,0.585,2.95296155353151e-62,"STUB1"
1.47681137145751e-12,0.163880147794606,0.026,0.109,4.74809624037304e-08,"ZNF451"
2.04769902045727e-22,0.163791795988996,0.025,0.157,6.58355712067216e-18,"SMARCC1"
3.61796665443463e-73,0.163782806692602,0.21,0.749,1.16321245906728e-68,"RPL41P2"
5.28318520922887e-29,0.163758178267055,0.053,0.243,1.69859687661917e-24,"MAGT1"
8.3383248443171e-08,0.16373334057003,0.015,0.063,0.00268085482069639,"AC012560.1"
2.95433145819832e-19,0.163692396592786,0.026,0.144,9.49847107125341e-15,"SLC30A5"
1.1996371898056e-08,0.16359062655052,0.007,0.054,0.0003856953528944,"HSD17B7P2"
1.0808690599272e-11,0.163301602363373,0.007,0.07,3.47510211457193e-07,"USP2"
3.22525893895325e-07,0.163288726275928,0.01,0.051,0.0103695300146286,"RXYLT1-AS1"
2.36590073417604e-08,0.163246938105017,0.006,0.05,0.00076066074504494,"BRSK2"
1.50663075429041e-20,0.163140549996404,0.023,0.146,4.84396853811908e-16,"VPS54"
2.58950691243001e-21,0.162918677410162,0.025,0.152,8.32552367415374e-17,"NACA4P"
6.85054111464206e-54,0.162749465810903,0.088,0.42,2.20251747376857e-49,"AL118558.1"
2.20001953424145e-28,0.162740166415294,0.03,0.195,7.07328280453969e-24,"TBRG4"
4.85261846177697e-40,0.162597820689607,0.371,0.914,1.56016536164591e-35,"PCBP1-AS1"
9.01712226611961e-42,0.162406734936974,0.067,0.327,2.89909497978012e-37,"AC005606.1"
3.70152622205296e-46,0.162381734148731,0.067,0.347,1.19007769565225e-41,"AC073896.1"
7.16369621472367e-25,0.162336454479764,0.043,0.204,2.30319996999581e-20,"ZFP91-CNTF"
1.33649597783167e-34,0.162295366234384,0.046,0.255,4.29696821832661e-30,"DIDO1"
4.39654827835921e-10,0.162210469203151,0.009,0.064,1.41353423697527e-05,"IFT74"
3.46245845126597e-09,0.162053758573044,0.009,0.059,0.000111321501666652,"AC244154.1"
5.95454161967741e-20,0.162028594354666,0.023,0.143,1.91444467614248e-15,"CBWD2"
8.88494528216682e-75,0.161995074743357,0.179,0.676,2.85659875766945e-70,"SLC25A5"
1.84276761392724e-33,0.161680600394541,0.051,0.26,5.92468215553748e-29,"SNRK"
2.13262574765026e-12,0.161646931280418,0.017,0.092,6.85660504127036e-08,"NPIPP1"
0.00785289447641977,0.161505689223443,0.754,0.995,1,"IQCG"
8.14118591008646e-42,0.161392469738783,0.061,0.315,2.6174726819519e-37,"ATPAF1"
2.10646061027506e-27,0.161372377737741,0.038,0.208,6.77248150809534e-23,"SLC25A33"
1.11948750450932e-12,0.161343643524191,0.014,0.087,3.59926427574791e-08,"KLHL23"
8.44853259883932e-42,0.161318484294125,0.053,0.301,2.71628771585283e-37,"FO393400.1"
9.77497266099385e-14,0.161240646292013,0.011,0.088,3.14275146023613e-09,"RDH10-AS1"
4.36190252630097e-79,0.161101803156892,0.129,0.595,1.40239528123103e-74,"KCP"
2.34808850814812e-39,0.161087612510877,0.046,0.277,7.54933936254702e-35,"RPS26P47"
1.82787916979381e-50,0.161071631708021,0.066,0.362,5.87681431880408e-46,"WIPI2"
1.04348812288074e-61,0.161066024466093,0.124,0.52,3.35491866387387e-57,"MAP1LC3B"
1.97991277122784e-14,0.161009375584496,0.02,0.108,6.36561755077462e-10,"NCKAP1L"
1.96739548087594e-15,0.161005574507003,0.027,0.127,6.32537321056424e-11,"PIAS2"
0.475862820311779,0.160988095322762,0.859,0.999,1,"MT-CYB"
1.22527336438519e-10,0.160885980225917,0.012,0.074,3.93937639383482e-06,"ROR1"
2.96672539193907e-27,0.160684563617078,0.049,0.228,9.5383188076233e-23,"VPS41"
6.66857559447957e-83,0.160684356492422,0.174,0.699,2.14401373938113e-78,"GAS6-AS1"
0.254587202142922,0.16063745522184,0.758,0.997,1,"RPL35A"
6.93796953619974e-62,0.160463733039112,0.293,0.853,2.23062658558358e-57,"RPS4Y1"
6.75995467229662e-09,0.160452046971623,0.007,0.055,0.000217339302669008,"C22orf34"
3.93823028365962e-35,0.160247676206747,0.059,0.284,1.26618041849941e-30,"RGPD6"
1.28945372902679e-15,0.160131695553096,0.017,0.109,4.14572268419404e-11,"RPE"
7.64266668846492e-31,0.160022761611972,0.032,0.212,2.45719376700836e-26,"MAGI3"
4.56497185945945e-30,0.159923570988316,0.043,0.23,1.46768410253481e-25,"DPP8"
3.7896984015374e-23,0.159835938126874,0.037,0.185,1.21842593307829e-18,"ZFHX4"
1.4375128909039e-17,0.159634663221018,0.027,0.138,4.62174769554513e-13,"ZNF644"
4.26443338058774e-35,0.159543844864436,0.057,0.278,1.37105797619276e-30,"PIK3C2A"
1.01313924096413e-10,0.159387206763265,0.015,0.079,3.25734397362377e-06,"GZF1"
2.78766925623926e-70,0.15937418153009,0.173,0.654,8.96263542573485e-66,"ITGB5"
0.355560088941313,0.159358307430333,0.86,0.999,1,"RPL38"
8.05372041785147e-25,0.159354840852589,0.026,0.172,2.58935165154343e-20,"AC006001.3"
2.57982519587015e-29,0.159340297800151,0.051,0.24,8.29439598724212e-25,"ZBED6"
1.42743806223155e-18,0.159099810918955,0.021,0.131,4.58935611388065e-14,"NPRL2"
9.31328872685716e-15,0.158928896879835,0.016,0.102,2.99431545857184e-10,"TDRD7"
3.00870700128886e-16,0.158678701286512,0.025,0.126,9.67329387984382e-12,"DYNC1I1"
1.68504871284084e-40,0.158622357259406,0.056,0.301,5.41760011665457e-36,"SLC39A6"
7.16588398166951e-16,0.158221211282197,0.026,0.127,2.30390335894657e-11,"ZNRF1"
5.88300708859112e-77,0.158215029721697,0.197,0.72,1.89144560905293e-72,"GNB2"
1.89802492061671e-54,0.158063496116957,0.088,0.422,6.10233992227478e-50,"AC068733.3"
4.21695803937219e-39,0.158045523242462,0.064,0.311,1.35579417923855e-34,"CDK9"
6.60518914053034e-46,0.157980699342921,0.07,0.353,2.12363436057191e-41,"CNRIP1"
1.82042118051418e-08,0.157980162892855,0.01,0.058,0.000585283613747115,"NAPB"
1.94703509316641e-25,0.157832473209295,0.03,0.181,6.25991252803931e-21,"TMEM218"
9.44353457170562e-41,0.157830116815893,0.047,0.284,3.03619080014907e-36,"RPP21"
1.74206851248079e-70,0.1575409907519,0.218,0.748,5.60092447447699e-66,"SYN3"
9.70328324231368e-29,0.157475747979616,0.037,0.211,3.11970259523627e-24,"AK4"
0.0369787937591376,0.157104558784565,0.807,0.998,1,"RPL13"
1.67331319081002e-31,0.157030755436236,0.035,0.22,5.37986923977329e-27,"AC018521.1"
7.45962522111143e-52,0.156923844627992,0.094,0.424,2.39834410483953e-47,"ZNF385D"
2.36900264455237e-46,0.156420566264113,0.07,0.354,7.61658040250031e-42,"DECR1"
0.539982701256929,0.156339278097369,0.858,0.999,1,"IGFBP4"
1.17552950842892e-30,0.156304196862955,0.053,0.251,3.77944492254981e-26,"MAP1LC3A"
2.06814882223342e-42,0.15624718246603,0.069,0.334,6.64930527836268e-38,"OBSL1"
6.35836989053773e-42,0.156200640999753,0.037,0.27,2.04427950350679e-37,"CREB3L2"
1.17876354811064e-28,0.156187119883032,0.044,0.225,3.78984268353051e-24,"RAB11FIP3"
1.14494906952245e-37,0.156171780450895,0.051,0.278,3.68112575342162e-33,"AK3"
2.22505590614908e-08,0.15615126909703,0.01,0.057,0.000715377724385992,"ZNF573"
7.10255436525247e-14,0.156144477730357,0.027,0.118,2.28354225397232e-09,"ALG8"
5.3218329283575e-74,0.156139017211607,0.147,0.61,1.71102250479622e-69,"POLE4"
9.69148940169794e-07,0.156113693448965,0.011,0.05,0.031159107575399,"NMNAT2"
3.26066072961079e-45,0.156038241140321,0.383,0.926,1.04833503117716e-40,"MYH9"
1.55310732749277e-13,0.156014760837441,0.017,0.098,4.99339536862202e-09,"AC245297.1"
2.3931837190292e-14,0.155991797411967,0.031,0.128,7.69432497505079e-10,"PPP2R1B"
1.87065780763452e-05,0.155970750638105,0.697,0.992,0.601435191732573,"FN1"
2.36897575325396e-77,0.155850301874944,0.119,0.565,7.61649394428679e-73,"PIGT"
0.317525842318573,0.155766725407104,0.843,0.999,1,"RPS15A"
8.27108744288173e-48,0.155761856249409,0.088,0.395,2.65923732376091e-43,"AP003396.5"
2.77249001502557e-43,0.155633676192604,0.062,0.325,8.91383264730872e-39,"LMF2"
1.40085414039362e-51,0.155586188959121,0.309,0.839,4.50388614677952e-47,"EMP1"
2.96280491617033e-49,0.155554221579236,0.093,0.409,9.52571408597923e-45,"KTN1"
1.34691148777883e-29,0.155424011996925,0.035,0.211,4.33045512435771e-25,"VPS4A"
8.84386729323891e-16,0.155349058363047,0.026,0.126,2.84339177344924e-11,"EIF2B2"
1.85467817456694e-12,0.155213723334855,0.016,0.09,5.96297579905018e-08,"PTPN2"
4.287566458574e-12,0.155075512318972,0.016,0.089,1.37849549209613e-07,"CRYBG3"
1.20742352285681e-54,0.154945797516539,0.083,0.411,3.88198736833693e-50,"CPAMD8"
2.93917109777149e-67,0.154920286643096,0.116,0.529,9.44972899644513e-63,"RAB3GAP2"
2.45779217133178e-46,0.154915302393548,0.061,0.334,7.90204761004881e-42,"RRAGC"
1.70291108344491e-35,0.154913933040889,0.052,0.271,5.47502942438372e-31,"TMEM98"
2.40652013659783e-24,0.154853661807557,0.049,0.213,7.73720289117568e-20,"LAMA3"
4.82673542871977e-16,0.154844496843761,0.022,0.121,1.55184370768769e-11,"PELO"
1.24305267472925e-24,0.154839579371586,0.04,0.196,3.996538654522e-20,"GNAZ"
9.76108089530344e-47,0.154719529646576,0.069,0.354,3.13828511864901e-42,"PRR13"
3.80924738341215e-14,0.154599352084537,0.022,0.111,1.22471112624084e-09,"DLGAP1-AS1"
3.1540739495315e-22,0.154587816570525,0.025,0.156,1.01406631551387e-17,"MN1"
4.75240352074933e-51,0.154412084796177,0.075,0.383,1.52794525595612e-46,"ERP44"
3.51294279186399e-38,0.154332015370722,0.043,0.266,1.12944623701219e-33,"CLCN6"
4.65554344810142e-07,0.154318403309151,0.011,0.052,0.0149680377399909,"ARL6"
0.0959092533938216,0.154310504249176,0.7,0.997,1,"IL6ST"
5.01937335132949e-45,0.154182369829585,0.083,0.374,1.61377872618594e-40,"MAF1"
3.97721961346013e-36,0.154094968416842,0.052,0.274,1.27871587792357e-31,"KHNYN"
3.78198374572048e-19,0.153940246723374,0.025,0.141,1.21594559408659e-14,"SMIM10"
6.14395794568282e-14,0.153925277550702,0.021,0.107,1.97534391911648e-09,"ZFYVE19"
3.0435341229558e-49,0.153819550743986,0.068,0.362,9.7852665587152e-45,"ANKUB1"
2.74683906286184e-67,0.153679100726593,0.184,0.665,8.83136227100709e-63,"GJA1"
4.19390747766608e-20,0.153626779696912,0.031,0.158,1.34838319314442e-15,"PSMD12"
3.33969272029975e-14,0.153403587361391,0.022,0.111,1.07374460650357e-09,"EXOG"
4.18365382479504e-12,0.153289159935623,0.016,0.089,1.34508654120985e-07,"N4BP2"
1.88003927889176e-33,0.153042529887955,0.044,0.248,6.0445142855649e-29,"FIBP"
6.58642210372653e-37,0.153038510325109,0.049,0.273,2.11760057056912e-32,"PSMC1"
9.58319614308822e-42,0.152958203296647,0.054,0.304,3.08109339196429e-37,"IL1R1-AS1"
9.26883605914836e-58,0.152870603826623,0.09,0.439,2.98002348137679e-53,"PSMA2"
1.58660670460079e-30,0.152848220732204,0.033,0.212,5.101099215962e-26,"CHFR"
4.97973668638038e-26,0.152837889505606,0.037,0.199,1.60103514203816e-21,"CAPRIN2"
0.605294267994229,0.152679562790548,0.913,1,1,"RPS14"
1.23909618494887e-43,0.152660068022451,0.344,0.888,3.98381814422911e-39,"RPS28P7"
6.82509225689057e-33,0.152655606007494,0.057,0.269,2.19433541151289e-28,"AC093516.1"
4.56848810993585e-36,0.15257277235722,0.066,0.3,1.46881461222548e-31,"ZNF266"
3.34632019619038e-22,0.152457528339729,0.02,0.147,1.07587540627717e-17,"HDHD2"
1.76109971883397e-16,0.152434256430563,0.015,0.109,5.66211170602311e-12,"AC093323.1"
1.0332575816837e-23,0.152432336869555,0.021,0.156,3.32202645087125e-19,"HMGCL"
5.0053853582558e-25,0.152160424269143,0.032,0.184,1.60928144653282e-20,"SH2B1"
5.16835699651987e-57,0.152155007250363,0.09,0.436,1.6616784579511e-52,"ZNF286B"
7.12539413488217e-44,0.15214035851082,0.059,0.322,2.29088546830597e-39,"AK6"
2.14756073092928e-32,0.152139658200025,0.056,0.264,6.90462250601072e-28,"MRPS14"
8.13827278803457e-46,0.152123268387579,0.074,0.359,2.61653608408099e-41,"DONSON"
6.48360955761207e-12,0.152047203057397,0.011,0.078,2.08454530886786e-07,"MED19"
5.22768320620337e-86,0.152011198961204,0.143,0.645,1.68075242762645e-81,"FOSL2"
5.53671632333462e-13,0.151865835729884,0.026,0.111,1.78010966511531e-08,"AC044860.1"
1.74894592798654e-41,0.151805175163358,0.058,0.309,5.62303605306954e-37,"HM13-AS1"
1.48701375952433e-85,0.151624759004116,0.111,0.579,4.78089793824667e-81,"SURF4"
2.3703244769556e-62,0.151567805254729,0.122,0.519,7.62083022585995e-58,"ARF6"
7.07980344950935e-21,0.151500203333642,0.033,0.166,2.27622760705175e-16,"AC009690.2"
4.92005201482627e-13,0.151497358640349,0.023,0.107,1.58184592328679e-08,"PILRB"
4.89885003923297e-77,0.151479049665467,0.11,0.548,1.57502927611379e-72,"UFC1"
4.78925861674902e-85,0.151295714297269,0.176,0.708,1.53979453787098e-80,"PDIA3"
3.0013381558709e-22,0.151288523449564,0.036,0.178,9.64960230494053e-18,"GIGYF1"
3.12586500824301e-49,0.151276042085716,0.082,0.389,1.00499685880021e-44,"RAB11B"
1.88092543579235e-19,0.151212208737893,0.023,0.14,6.047363368616e-15,"LIPG"
2.61596425425646e-56,0.151211685651681,0.085,0.424,8.41058667385994e-52,"RING1"
2.19873262395079e-32,0.15120641299336,0.043,0.241,7.06914525926419e-28,"AC008781.1"
2.62262790014798e-28,0.151176823779254,0.048,0.231,8.43201096176577e-24,"C7orf55-LUC7L2"
1.33295446611404e-19,0.150980518266753,0.033,0.16,4.28558190400326e-15,"SPAG8"
1.53272368237977e-78,0.150970199249117,0.189,0.722,4.92785991121919e-74,"AC016708.1"
1.2604960017329e-46,0.150688348045965,0.355,0.892,4.05262069517145e-42,"NR4A1"
2.21436195068248e-12,0.150672451692039,0.015,0.088,7.11939510763923e-08,"ZNF627"
2.55741177842543e-18,0.15063738722088,0.527,0.977,8.22233460881559e-14,"KLF6"
7.37576390684022e-74,0.150609416717448,0.208,0.744,2.3713818536882e-69,"TXNRD1"
1.44881742295696e-12,0.150567730701889,0.017,0.093,4.65809289654893e-08,"GEMIN4"
1.34017288340569e-65,0.15056522982524,0.148,0.587,4.30878983743763e-61,"AC005726.1"
3.63231610831484e-16,0.150560506066578,0.017,0.112,1.1678259519843e-11,"BRPF3"
1.0602836723446e-44,0.150508189613958,0.068,0.343,3.40891803495513e-40,"FAM3C"
6.1332644448219e-78,0.150483775467721,0.178,0.69,1.97190585165469e-73,"BRI3"
2.21067541955104e-35,0.150441058778404,0.042,0.251,7.10754254139855e-31,"SP3"
2.83702583762681e-65,0.150419874009506,0.105,0.499,9.12132177055396e-61,"FGF7"
3.4221261723309e-21,0.15040833732959,0.028,0.158,1.10024778566611e-16,"MAP7D3"
1.58603948476043e-60,0.150370793509647,0.094,0.459,5.09927554745327e-56,"LINC02613"
3.65203877010208e-53,0.150352832363446,0.099,0.437,1.17416698497552e-48,"IDH3B"
1.54206661469489e-47,0.150098010363273,0.073,0.366,4.95789837290555e-43,"RPL21P75"
3.84659130894159e-43,0.150080555508049,0.059,0.319,1.23671757173781e-38,"NELFE"
2.58450154468771e-23,0.15005638926701,0.033,0.178,8.30943091632544e-19,"SPPL2B"
3.44154370429897e-20,0.150049916561338,0.025,0.146,1.10649071636916e-15,"TUBG1"
1.1265036916562e-10,0.150019148345667,0.015,0.079,3.62182201904385e-06,"ZCCHC8"
4.9248792612694e-29,0.15001047982692,0.049,0.236,1.58339793129073e-24,"SSBP4"
0.00461103128042759,0.149936357066084,0.827,0.998,1,"RPL35"
1.65169708355603e-37,0.149851749741506,0.056,0.287,5.310371293341e-33,"ERBIN"
7.78555733705055e-14,0.149745065483157,0.012,0.091,2.50313453943512e-09,"AC097263.1"
9.91338951973989e-18,0.149718621209016,0.02,0.125,3.18725386449157e-13,"ZNF584"
2.51949046734595e-10,0.149671465831468,0.009,0.065,8.10041380156395e-06,"HOXA3"
3.9909819492955e-22,0.149573317683234,0.026,0.158,1.283140606518e-17,"CAMK1"
3.72796113296741e-57,0.149489461305774,0.1,0.456,1.19857678386035e-52,"PPM1F"
8.42390254742096e-56,0.149407657650468,0.074,0.401,2.70836890802131e-51,"CCND2"
5.12751282124785e-37,0.149295845859269,0.043,0.261,1.64854664715939e-32,"CYTH3"
1.37023414857611e-26,0.14921907514006,0.036,0.199,4.40543981108704e-22,"RSPH10B"
5.22708832468403e-07,0.149119761190851,0.011,0.052,0.0168056116726916,"AP000769.1"
5.97084738825402e-59,0.149101765746001,0.132,0.527,1.91968714379755e-54,"MIDN"
1.17970140319459e-35,0.149005067660515,0.048,0.265,3.79285798141093e-31,"POLDIP3"
4.74085431434735e-28,0.14900402390946,0.044,0.222,1.52423207060582e-23,"TMTC1"
1.35146427773339e-31,0.148952215146887,0.054,0.258,4.34509279934063e-27,"RBM23"
4.5550970700207e-42,0.148916697656637,0.068,0.331,1.46450925898235e-37,"RARA"
7.44318848644835e-73,0.148849897792772,0.22,0.756,2.39305953027801e-68,"HNRNPH1"
3.28639968144894e-24,0.148808242135214,0.45,0.954,1.05661036158265e-19,"RPL39"
2.74328587776564e-14,0.148582441252572,0.529,0.976,8.81993842560431e-10,"RPS4X"
3.59975011240363e-22,0.148470784361584,0.019,0.144,1.15735565863889e-17,"NAPA"
5.26369085086091e-43,0.148401691702064,0.066,0.33,1.69232924546029e-38,"RARS"
2.86035329041312e-12,0.148372973747182,0.027,0.109,9.19632186400722e-08,"MED14"
4.96693245635803e-20,0.148350128921329,0.036,0.167,1.59691845404367e-15,"ARHGEF9"
2.77659736682462e-30,0.148327847951854,0.038,0.221,8.92703819407782e-26,"UBA6"
4.97995426579472e-10,0.14826166305444,0.01,0.066,1.60110509599566e-05,"LRRC37A3"
1.3344628281339e-30,0.148201506414585,0.044,0.235,4.2904314387333e-26,"EIF1AY"
2.7453388688896e-36,0.14809823798447,0.049,0.269,8.82653899736695e-32,"TMUB2"
2.42017952421522e-28,0.147968086755339,0.035,0.205,7.78111918830436e-24,"SSRP1"
2.14709280627917e-23,0.147959592146755,0.027,0.167,6.90311808146816e-19,"LIFR"
1.18533488903472e-08,0.147933911520476,0.015,0.068,0.000381097020173553,"CERKL"
1.30550238688194e-29,0.147914914468187,0.053,0.247,4.19732072406411e-25,"AC068631.1"
2.01824539238068e-36,0.14789311487124,0.044,0.261,6.48886076104313e-32,"C18orf32"
2.68207975423653e-12,0.147854265956232,0.022,0.101,8.62315461784587e-08,"MTMR9"
6.58609787842773e-64,0.147818117197337,0.137,0.562,2.1174963288933e-59,"HSPA4L"
9.07075996286163e-75,0.147761650316877,0.161,0.646,2.91634003565964e-70,"ARID5B"
1.59812704772966e-54,0.147614556155806,0.078,0.402,5.13813827115564e-50,"MAP2K2"
1.04667991089651e-37,0.147606835407516,0.056,0.288,3.36518058152336e-33,"ABTB1"
6.04652397423275e-44,0.147565363702937,0.069,0.342,1.94401792295557e-39,"XRN2"
3.68439113535447e-41,0.14748842725831,0.066,0.323,1.18456859392782e-36,"RPS3AP47"
1.00235161243477e-29,0.147447883454565,0.03,0.202,3.22266066913904e-25,"HEATR4"
9.78130483932891e-20,0.147345445473113,0.028,0.151,3.14478731889264e-15,"SLC39A9"
1.63207713854969e-21,0.147297999721349,0.035,0.172,5.24729120815111e-17,"PHF21A"
7.16629812039181e-54,0.147231006626837,0.094,0.431,2.30403650868717e-49,"CCDC85B"
9.67827582706739e-31,0.147227467613946,0.07,0.284,3.11166246116044e-26,"GIMAP1-GIMAP5"
9.6557065607094e-34,0.147148897955296,0.053,0.265,3.10440621633368e-29,"SRRM1"
3.79385932416166e-22,0.147017211870444,0.037,0.179,1.21976371131122e-17,"ANKRD12"
1.29113874311921e-19,0.146961439103062,0.017,0.129,4.15114017300256e-15,"PARP8"
1.53852162748674e-73,0.146738373293479,0.131,0.581,4.94650088453262e-69,"HNRNPC"
1.56909683010816e-61,0.146734497995645,0.094,0.462,5.04480321848076e-57,"ATP1A1"
7.99049571540154e-67,0.146683405638651,0.082,0.456,2.56902427745875e-62,"MAEA"
2.87364673542909e-34,0.146652265879674,0.04,0.242,9.23906161907808e-30,"TMEM140"
1.00918933274291e-44,0.146336111137998,0.046,0.299,3.24464462370174e-40,"SLIT3"
1.34721707211004e-08,0.146257530066657,0.012,0.063,0.000433143760854099,"S100A1"
5.32526155127863e-25,0.146222548496479,0.025,0.17,1.71212484135159e-20,"AFTPH"
9.25851581115023e-13,0.145935775746648,0.016,0.092,2.97670541844291e-08,"ROGDI"
7.94393553861983e-35,0.145806282569248,0.046,0.256,2.55405471502166e-30,"IFT140"
3.09479028625345e-22,0.145771252400005,0.032,0.171,9.95006024933345e-18,"AC126283.2"
2.88965318557701e-15,0.145530638637537,0.025,0.121,9.29052395694866e-11,"RCC2"
5.97563067603722e-23,0.145415235757938,0.028,0.167,1.92122501865273e-18,"MT-ATP8"
6.73755021973142e-61,0.145400407960674,0.158,0.585,2.16618977114585e-56,"TMEM219"
1.44424445624013e-07,0.145399882542226,0.012,0.057,0.00464339035125765,"ZNF559"
1.5320675677533e-51,0.145390987882638,0.088,0.409,4.92575043708365e-47,"DAPK3"
5.72242787369338e-19,0.145371819519931,0.026,0.142,1.83981778567116e-14,"C16orf70"
1.74323560568962e-26,0.145316979121871,0.032,0.191,5.60467679585269e-22,"PALD1"
4.06677029394462e-27,0.145302435514174,0.031,0.192,1.30750731720614e-22,"FAXDC2"
1.96304541884581e-37,0.145179981038438,0.052,0.28,6.31138732613117e-33,"NR2C2"
1.07223155127103e-49,0.145085818277248,0.09,0.408,3.44733166049148e-45,"PPP2R5C"
3.61807656752879e-35,0.145042509611028,0.057,0.279,1.16324779722618e-30,"COX16"
8.57889199647554e-08,0.144900010788038,0.014,0.061,0.00275819956578685,"ZW10"
2.19568437590584e-34,0.144815415356497,0.046,0.254,7.05934483697486e-30,"GRWD1"
9.4886946670819e-44,0.144754104216518,0.064,0.332,3.0507102224135e-39,"PDE4D"
2.00956458461696e-63,0.144594866269383,0.132,0.545,6.460951096002e-59,"EIF3E"
2.09423718554656e-58,0.144484880433577,0.193,0.645,6.73318197525074e-54,"CCL14"
8.49269500560143e-32,0.144396046099017,0.041,0.233,2.73048637125091e-27,"IER3IP1"
2.97588612637321e-44,0.144287068133055,0.368,0.914,9.56777148490251e-40,"C12orf57"
1.46613684388925e-62,0.144187513241361,0.156,0.588,4.71377656678832e-58,"TGFBR3"
2.04102555552102e-23,0.144135364853901,0.019,0.15,6.56210126355562e-19,"LRBA"
6.52221062376881e-58,0.144013916656967,0.31,0.874,2.09695593764791e-53,"NORAD"
6.90211662826705e-17,0.143953737764162,0.011,0.104,2.21909951715414e-12,"RBM7"
5.32621408376099e-32,0.143952967089253,0.041,0.234,1.71243109007e-27,"MEF2C"
1.57610701169955e-12,0.143879097535877,0.014,0.086,5.06734165331523e-08,"MTF2"
1.80968927473553e-18,0.143838255251967,0.028,0.144,5.81833198720221e-14,"SLC27A5"
3.59279898707991e-38,0.143600778774835,0.378,0.907,1.15512080233606e-33,"IFITM1"
1.11299864934088e-06,0.143560155720476,0.603,0.989,0.0357840195749585,"RPS10"
9.20219691459879e-23,0.143559379416765,0.033,0.176,2.95859833001266e-18,"AP002812.5"
1.03201147243999e-54,0.143528432170307,0.084,0.414,3.31802008504181e-50,"RNF114"
2.32244240338638e-14,0.14339332344784,0.019,0.105,7.46688457112756e-10,"PHTF1"
1.69373628524765e-37,0.143312152887064,0.051,0.277,5.44553153069971e-33,"SCAMP2"
1.00234668951464e-26,0.143299537990902,0.033,0.195,3.22264484145851e-22,"OSBPL2"
1.04993067357331e-19,0.143281323812089,0.026,0.146,3.37563210860555e-15,"MRPL4"
0.000683049045560573,0.143272814585711,0.985,1,1,"RPS27"
6.83397527969101e-70,0.143265414533307,0.141,0.585,2.19719139217346e-65,"DDB1"
9.83198231004332e-32,0.143230079658981,0.052,0.254,3.16108063250203e-27,"BROX"
2.60545071567099e-18,0.14316766582534,0.026,0.139,8.3767845959538e-14,"IFT20"
1.55535127892042e-17,0.143079487583919,0.033,0.149,5.00060989685703e-13,"LMCD1-AS1"
1.06988134187482e-08,0.142901550584531,0.012,0.063,0.000343977550226175,"DDX31"
2.96229642120024e-21,0.142862047524845,0.03,0.161,9.52407922380089e-17,"TSPAN17"
1.5083638934857e-21,0.142571266810444,0.038,0.179,4.84954075394587e-17,"SYS1"
4.83661072522663e-19,0.142556603808003,0.027,0.145,1.55501871426761e-14,"RBP7"
3.01425138950814e-09,0.142506998558402,0.014,0.069,9.69111964240761e-05,"CHIC1"
4.44604721873612e-65,0.142463316449245,0.12,0.526,1.42944864129585e-60,"TAX1BP1"
4.78489971374259e-76,0.14244839034801,0.171,0.665,1.53839310696538e-71,"MACF1"
1.61009884031799e-35,0.142432179828308,0.407,0.939,5.17662878150637e-31,"RPL39P3"
1.22651568701774e-25,0.14241995096144,0.027,0.178,3.94337058533073e-21,"NGDN"
2.78468272385715e-45,0.142417497457425,0.365,0.908,8.95303342547313e-41,"STOM"
3.49102935982863e-12,0.142381758356784,0.016,0.089,1.1224008494785e-07,"AC239799.1"
1.1512895405773e-23,0.142352887899191,0.027,0.168,3.70151100191006e-19,"COA1"
2.96989253170446e-09,0.142268016201291,0.587,0.988,9.54850147868299e-05,"MT-ND2"
0.00148046577256193,0.142256237367338,0.977,1,1,"RPL37A"
8.16113032924215e-57,0.142255879039859,0.329,0.903,2.62388501215464e-52,"LPP"
2.22094611027352e-17,0.142045068609049,0.022,0.128,7.14056383914039e-13,"ENOPH1"
8.65347634470918e-14,0.141865590592449,0.022,0.109,2.78217917958745e-09,"FGF2"
1.13695375967599e-16,0.141748198669536,0.026,0.131,3.65542003273429e-12,"GABPB2"
4.49084505250867e-52,0.141642067206468,0.08,0.396,1.44385159283206e-47,"CPM"
8.82059774943976e-14,0.141627362133561,0.016,0.097,2.83591038242238e-09,"COG6"
2.82524844064922e-42,0.141618352798323,0.051,0.298,9.08345626153132e-38,"NUDC"
3.26731458029322e-17,0.14149631631706,0.021,0.124,1.05047431071007e-12,"ZNF844"
9.80522206478659e-42,0.141417288813972,0.387,0.929,3.15247694604954e-37,"SLC25A6"
0.974898425864777,0.141384745990467,0.907,0.999,1,"MT-CO3"
0.289261377633936,0.141366223625352,0.869,0.999,1,"RPS19"
2.51670802509383e-19,0.141360675882247,0.033,0.158,8.09146797147918e-15,"SMCHD1"
3.10392402250701e-14,0.141113471320223,0.017,0.102,9.9794261247623e-10,"ABTB2"
1.1214641651713e-21,0.140989400875182,0.028,0.161,3.60561943744226e-17,"TBC1D13"
1.34433376095156e-37,0.140967994644422,0.058,0.292,4.32216747483535e-33,"PRKACB"
1.11349427318878e-17,0.140931375101824,0.028,0.141,3.57999543772924e-13,"C4orf19"
2.13130017921673e-55,0.140904096124459,0.066,0.38,6.85234320619972e-51,"PDE4DIP"
1.21397133319792e-32,0.14082652264093,0.041,0.237,3.90303923336465e-28,"MAU2"
9.99349462020637e-50,0.140808134380533,0.091,0.41,3.21300845534255e-45,"LRRFIP2"
2.71587898544416e-20,0.140789306727561,0.028,0.154,8.73182252610151e-16,"PTPN1"
7.47435916614565e-26,0.140771245316242,0.035,0.193,2.40308121550749e-21,"ZNF141"
2.086986364635e-08,0.140706123543,0.009,0.055,0.000670986986093797,"SPRY4"
1.68691484350701e-27,0.140644751431913,0.052,0.234,5.42359991335938e-23,"NFAT5"
2.96425434839781e-66,0.140504573944698,0.089,0.47,9.5303741555338e-62,"TNXB"
1.11855433612658e-17,0.140460472490242,0.015,0.115,3.59626404608055e-13,"TUBAP2"
1.15137938117909e-58,0.140429748366624,0.11,0.48,3.7017998484289e-54,"TNS2"
2.14688188399667e-43,0.140315787463508,0.053,0.308,6.90243994523771e-39,"SIK1"
1.56973951661081e-12,0.140238669926629,0.015,0.089,5.04686951985542e-08,"ZNF721"
3.64695625405803e-12,0.140221511555479,0.012,0.082,1.1725329052422e-07,"EFNB1"
8.8634946133033e-13,0.140161999793725,0.015,0.09,2.84970215312314e-08,"AL139099.1"
1.11239220093479e-80,0.140151087093203,0.183,0.709,3.57645216522546e-76,"SERPINH1"
1.28503555373702e-44,0.140026740863721,0.063,0.333,4.13151780881991e-40,"GATC"
1.15886862116987e-13,0.139892159721339,0.017,0.099,3.72587850392325e-09,"ZNF117"
9.52729908177287e-69,0.139842103869933,0.15,0.603,3.0631219277808e-64,"TGOLN2"
1.53681418490368e-41,0.139838725865709,0.07,0.333,4.94101128588383e-37,"UNC50"
5.17355288457072e-46,0.139735333799039,0.056,0.323,1.66334898791833e-41,"NARS"
7.64147918287929e-08,0.139693777873869,0.012,0.059,0.00245681197208752,"ZNF283"
1.26541601423671e-27,0.139562086424775,0.043,0.218,4.06843902737245e-23,"PKD2L2"
0.0788061216303337,0.139428874032857,0.843,1,1,"CAND2"
1.27248740816981e-12,0.139416879310415,0.021,0.1,4.09117426600675e-08,"ROBO3"
6.34283934656353e-21,0.139385316473886,0.026,0.152,2.03928627831364e-16,"TCEA3"
1.45213745937e-30,0.139305817299405,0.057,0.257,4.66876714562048e-26,"ABHD15-AS1"
3.52587972243632e-28,0.139038737187864,0.044,0.223,1.1336055895605e-23,"DDN-AS1"
8.30336035551388e-24,0.13900289356887,0.031,0.176,2.66961338790127e-19,"IFIH1"
3.97045671536466e-22,0.13899826185017,0.044,0.193,1.27654153855689e-17,"TM9SF1"
2.69308519027271e-27,0.138948860639637,0.043,0.216,8.6585381952458e-23,"PARN"
1.71168053341888e-48,0.138944782201087,0.094,0.409,5.50322408299504e-44,"CRIM1"
1.39153292460604e-09,0.138875596743838,0.01,0.064,4.47391750590089e-05,"AL354751.2"
2.04623330369168e-09,0.138846111738161,0.012,0.067,6.57884469469911e-05,"CCDC18"
8.65313342576768e-13,0.138840054943401,0.016,0.092,2.78206892771857e-08,"DXO"
5.37127227855429e-22,0.138800742286646,0.032,0.169,1.72691775027799e-17,"RALA"
7.61770574318994e-19,0.138550259793231,0.027,0.144,2.449168573493e-14,"SLC16A7"
1.03245270807707e-37,0.138439486504663,0.044,0.267,3.31943870173859e-33,"AC010642.2"
1.84104581433489e-64,0.138350136175229,0.096,0.477,5.9191463976681e-60,"SLC20A2"
6.93052863872957e-22,0.138318758071172,0.03,0.164,2.22823426263794e-17,"PTP4A1"
0.0815884949465193,0.13824851889479,0.712,0.997,1,"RBFOX2"
1.25365763239966e-07,0.138215396698437,0.009,0.051,0.00403063465392815,"LINC01089"
5.45513011955007e-09,0.138122986173258,0.009,0.058,0.000175387888473654,"SPATA1"
4.22932250398025e-26,0.137754023964029,0.032,0.19,1.35976947825469e-21,"BOK"
5.58700169779597e-49,0.13767123489399,0.083,0.389,1.79627691585838e-44,"KARS"
1.83391602946072e-37,0.137652370341946,0.053,0.283,5.89622342631915e-33,"LRRC41"
1.22323407551776e-13,0.137583085112881,0.023,0.11,3.93281987619714e-09,"SURF2"
2.64905752508046e-23,0.137574288914703,0.032,0.176,8.51698484888619e-19,"MTRNR2L8"
4.99369399706332e-38,0.137415441705547,0.057,0.292,1.60552255699583e-33,"RANBP2"
8.72137994561148e-19,0.137370172305895,0.023,0.137,2.80401086631355e-14,"ATP8B4"
8.38845556238414e-13,0.137287102531475,0.017,0.095,2.69697234786213e-08,"XRCC1"
4.38722855282179e-28,0.137231738993,0.037,0.208,1.41053785201773e-23,"SCN1B"
6.42182098571913e-15,0.137173864233282,0.021,0.113,2.06467966511856e-10,"MGA"
4.24878573905454e-13,0.136989876445401,0.023,0.107,1.36602710296342e-08,"SECTM1"
3.73909694915779e-15,0.13690508744345,0.02,0.112,1.20215706012372e-10,"RPP38"
2.19755098538411e-29,0.13690015409585,0.412,0.926,7.06534617310846e-25,"APP"
6.33742531101222e-46,0.136744897080663,0.068,0.349,2.03754561174354e-41,"MT-TN"
1.38325999369524e-09,0.136743083447961,0.01,0.064,4.44731920572958e-05,"RPL34P27"
2.98436992009722e-11,0.136627528536702,0.015,0.082,9.59504773010459e-07,"AC073544.1"
3.14904420550529e-24,0.136617119351044,0.037,0.19,1.01244920251201e-19,"TGIF1"
2.117022409248e-77,0.136584915081219,0.156,0.642,6.80643874797325e-73,"PCBP2"
7.32516992322346e-50,0.136563994666846,0.079,0.385,2.35511538201557e-45,"AP2A2"
6.25768259445614e-08,0.136556941248206,0.012,0.059,0.00201190753094359,"SNX16"
5.17626070001895e-24,0.136505048428327,0.027,0.17,1.66421957766309e-19,"TRUB1"
4.7856058866742e-12,0.136468686434815,0.015,0.086,1.53862014862462e-07,"C11orf65"
4.48107278019252e-67,0.136438845820204,0.25,0.8,1.4407097095597e-62,"AC099560.2"
2.66931099987056e-29,0.136379650672898,0.032,0.204,8.58210179568385e-25,"MAP1A"
3.24415926796823e-20,0.136200114543221,0.023,0.144,1.04302964624447e-15,"PCDHGA4"
1.04476133084229e-46,0.136081116244975,0.063,0.341,3.35901215479104e-42,"INTS10"
1.96091007845605e-61,0.136074839743356,0.211,0.681,6.30452199324405e-57,"MMRN1"
3.46691215222481e-35,0.135640306427389,0.048,0.262,1.1146469260618e-30,"FAM107B"
3.77486986165722e-49,0.135509577367631,0.058,0.342,1.21365840922141e-44,"KIAA1191"
2.44163960590962e-09,0.135492636558382,0.014,0.069,7.85011549696004e-05,"AL139353.1"
1.33355590496079e-13,0.135143204026018,0.021,0.106,4.28751559003944e-09,"TTC31"
2.78651911215676e-32,0.134961849584683,0.403,0.938,8.9589375974952e-28,"AC245033.4"
9.78473255814985e-45,0.134931039754899,0.077,0.36,3.14588936477076e-40,"MT1L"
4.24898756819333e-10,0.134737805474222,0.023,0.091,1.36609199304984e-05,"SDHAF1"
8.75945467884723e-52,0.134644598976828,0.084,0.402,2.81625227379617e-47,"ASAP1"
2.76853269363944e-33,0.13450775519747,0.052,0.261,8.90110946332016e-29,"PSEN1"
3.64359365878463e-13,0.134047257098186,0.023,0.108,1.17145179723585e-08,"PART1"
1.10424541040918e-42,0.133971123478491,0.368,0.907,3.55025941900656e-38,"CRIP2"
4.40644894106376e-41,0.133865351122369,0.062,0.315,1.41671739904141e-36,"ZNFX1"
9.86712419590589e-10,0.133737375558115,0.009,0.062,3.1723791002257e-05,"BAK1"
7.8482095845174e-43,0.133704114388971,0.066,0.33,2.52327786351819e-38,"GAA"
4.16352216825724e-28,0.133700865396023,0.043,0.22,1.33861401231638e-23,"UGDH-AS1"
3.95962122098278e-28,0.133650413980977,0.028,0.192,1.27305781875817e-23,"RALBP1"
9.05139352498587e-60,0.133591984136032,0.087,0.439,2.91011353221821e-55,"PLCB4"
3.82899391362023e-25,0.133571883618218,0.03,0.18,1.23105983316804e-20,"ADPGK"
1.51994899184064e-26,0.133494844915494,0.035,0.196,4.88678800366684e-22,"HNRNPUL2"
7.60639488017093e-26,0.133460364659638,0.026,0.177,2.44553201792376e-21,"RPL37AP1"
1.40030958058618e-27,0.133430917030553,0.035,0.201,4.50213533254264e-23,"SOAT1"
2.52269594849109e-18,0.133425714655563,0.025,0.137,8.11071974399372e-14,"ENDOV"
8.15701398647358e-09,0.133371310105638,0.014,0.066,0.000262256156679112,"SH3RF1"
1.10328195746074e-14,0.133260832294153,0.026,0.12,3.54716182143204e-10,"ZNRD1ASP"
2.41952745272099e-29,0.133183631989984,0.04,0.219,7.77902271324324e-25,"ARAF"
3.61855636925944e-29,0.133130076016471,0.046,0.23,1.1634020582806e-24,"IFT27"
5.77901182414848e-27,0.133104576705139,0.051,0.229,1.85801009158198e-22,"TBCE"
2.39940323181858e-19,0.132949502828149,0.488,0.963,7.7143213306199e-15,"RPS23P8"
0.874872926412581,0.132729829567693,0.884,1,1,"RPL41"
1.76720411985681e-12,0.132729740598375,0.026,0.108,5.68173796575163e-08,"POGK"
9.00391853908504e-15,0.132718601258977,0.02,0.109,2.89484984950123e-10,"GFOD2"
1.57820101708961e-26,0.13269379928823,0.023,0.175,5.07407409004481e-22,"USP10"
9.0452312350156e-33,0.132613260310293,0.062,0.278,2.90813229436987e-28,"AC013394.1"
2.82681972762839e-16,0.132560309112378,0.019,0.115,9.08850810629803e-12,"ZCCHC2"
6.03881650639975e-33,0.132482863685799,0.038,0.233,1.94153989497258e-28,"AC002398.2"
1.03683749950056e-31,0.132465185757299,0.041,0.233,3.33353624464424e-27,"AC009554.1"
3.68101345617969e-09,0.132456128645182,0.011,0.064,0.000118348263629633,"DNM3OS"
1.28401021807628e-67,0.132401280755368,0.135,0.568,4.12822125213705e-63,"AC099336.2"
2.9069120479263e-53,0.132378952919674,0.062,0.365,9.34601292528783e-49,"PSMG2"
1.41534661682902e-28,0.132357453877183,0.041,0.218,4.55048090776697e-24,"AP4M1"
2.75669793901075e-53,0.132316775416111,0.124,0.486,8.86305954371345e-49,"BHLHE40"
2.42800020474567e-13,0.13227732071436,0.543,0.975,7.8062634582778e-09,"RPL36A"
7.06600131674932e-15,0.132083113719886,0.022,0.115,2.27179008334807e-10,"ST8SIA1"
8.97631613197159e-35,0.132064708221167,0.032,0.229,2.88597539959019e-30,"SVEP1"
0.199151842169253,0.132033921074097,0.786,0.998,1,"HLA-B"
1.22593682911017e-79,0.131992840657283,0.187,0.711,3.9415094992721e-75,"PAFAH1B2"
4.06246457056026e-43,0.131972464369645,0.047,0.294,1.30612298408083e-38,"BET1L"
3.11617210255093e-15,0.131916049148105,0.02,0.112,1.00188049269115e-10,"MINK1"
3.3152874381514e-67,0.131905838914035,0.158,0.611,1.06589806424006e-62,"GLS"
1.32513437596639e-27,0.131703314535565,0.037,0.206,4.26043953216954e-23,"TCTN3"
3.23326607659487e-80,0.131693985775908,0.15,0.643,1.03952737628602e-75,"ARL6IP4"
1.70063191483093e-17,0.131615177133368,0.031,0.144,5.46770166937294e-13,"STIM2"
3.97215435089316e-26,0.131608389854093,0.054,0.231,1.27708734535566e-21,"FLT1"
2.50061114353924e-71,0.131554213418812,0.21,0.727,8.039714887593e-67,"RBM39"
3.92817247640626e-67,0.131493341699815,0.176,0.645,1.26294673288938e-62,"CCT7"
8.19279235544027e-25,0.131408740793662,0.022,0.164,2.6340646701976e-20,"PIGQ"
2.09307677097971e-28,0.131333085484371,0.033,0.203,6.72945112637685e-24,"ANKRD13A"
2.62624700477185e-22,0.131221926132273,0.031,0.169,8.44364674504197e-18,"ZNF263"
1.69594864267209e-38,0.131218848978336,0.066,0.311,5.45264448105503e-34,"GPBP1"
1.17513626279049e-15,0.131134832034154,0.023,0.121,3.77818059849769e-11,"TBK1"
1.12074570887853e-30,0.131117342680759,0.042,0.23,3.60330952861537e-26,"IFT57"
2.10577493565754e-15,0.131093689132563,0.019,0.111,6.77027699563256e-11,"AC008124.1"
1.46309874794113e-32,0.131061051256653,0.052,0.257,4.70400878450552e-28,"CYP27A1"
8.77022785607951e-26,0.131033889451197,0.03,0.183,2.81971595800812e-21,"RPS20P14"
2.35153756559613e-33,0.130979817086704,0.054,0.266,7.5604284271481e-29,"DLGAP4"
8.5166898952177e-13,0.13092777359654,0.017,0.095,2.73820096821144e-08,"C2orf49"
5.13451464433297e-50,0.130789001343261,0.09,0.409,1.65079780329949e-45,"SEC62"
8.57359647588482e-12,0.13078342142162,0.016,0.087,2.75649700296173e-07,"CU633967.1"
3.51243339813007e-09,0.130765875049828,0.012,0.066,0.00011292824618328,"RASSF9"
4.10190007773957e-22,0.130759081137208,0.023,0.154,1.31880189399405e-17,"ABHD16A"
1.2788910467625e-47,0.130724524236155,0.127,0.465,4.1117626044461e-43,"IGFBP3"
6.40224386903119e-08,0.130526955652169,0.009,0.052,0.00205838542633222,"RGP1"
2.19350214048401e-11,0.13044259895967,0.016,0.085,7.05232873187013e-07,"TMC6"
5.17020261739729e-45,0.13042866392154,0.068,0.344,1.6622718435194e-40,"SMAD4"
3.90788541729846e-35,0.13033693113855,0.054,0.274,1.25642424051563e-30,"HSPA4"
9.86655941932983e-14,0.130258509201137,0.014,0.092,3.17219751890873e-09,"KLHL28"
1.46741461458603e-79,0.13025809051228,0.219,0.777,4.71788472735556e-75,"ATL3"
9.22025004652509e-39,0.130205560329396,0.057,0.296,2.96440259245828e-34,"ITPR1"
3.11229417671228e-30,0.130182086763738,0.037,0.218,1.00063370075477e-25,"MIRLET7BHG"
6.72104037577634e-63,0.130142019886986,0.304,0.872,2.16088169121585e-58,"HSP90AB1"
9.3894018800707e-42,0.13013943474773,0.058,0.31,3.01878659846153e-37,"MXD4"
3.55784187427778e-13,0.130125281181389,0.022,0.106,1.14388174099905e-08,"EDNRB"
8.73103111297438e-77,0.130009987500516,0.143,0.619,2.80711381313239e-72,"AC008914.1"
5.83442845458154e-49,0.129994077754543,0.077,0.376,1.87582709243251e-44,"BZW1"
9.61939091662884e-38,0.129945199555512,0.072,0.32,3.09273037360534e-33,"AC020907.2"
1.06026886354011e-20,0.129802493476981,0.031,0.161,3.4088704231678e-16,"ARHGAP45"
7.83009363464613e-19,0.129796196041312,0.03,0.149,2.51745340447508e-14,"ZMAT3"
2.15705542311165e-12,0.129725378782384,0.022,0.101,6.93514889084625e-08,"RFX1"
6.07624323176764e-23,0.129679668255078,0.032,0.174,1.95357296144561e-18,"PEAR1"
2.44513180168151e-27,0.129671827361748,0.047,0.224,7.86134325558623e-23,"CUL4A"
6.77099481371675e-78,0.129602593026859,0.142,0.619,2.17694254255807e-73,"TBCB"
1.56831842490854e-55,0.129576530173407,0.103,0.456,5.04230056792344e-51,"TCF4"
7.86685708644195e-27,0.129573353883057,0.037,0.202,2.52927322186195e-22,"B3GALT4"
2.06970906755111e-08,0.129571208537496,0.012,0.062,0.000665432162308357,"GLB1L"
8.50940958870698e-40,0.129485201459726,0.054,0.295,2.73586027686518e-35,"CUX1"
1.55653999973542e-15,0.129430852223441,0.036,0.142,5.00443175314936e-11,"CLEC2B"
3.04700451645076e-77,0.129365525562024,0.108,0.547,9.79642422084083e-73,"FEZ1"
6.58037971402794e-21,0.129364588576462,0.025,0.15,2.11565788185712e-16,"HSPBP1"
7.05684184359199e-12,0.129276257935287,0.549,0.982,2.26884522113326e-07,"UBA52"
1.62346513446664e-56,0.12923890557856,0.114,0.483,5.21960275382369e-52,"GGCX"
4.36287238469618e-12,0.129138668905142,0.015,0.086,1.40270710040367e-07,"DEPTOR"
1.41894922724737e-23,0.129132026803962,0.043,0.198,4.56206366052302e-19,"GOLGA8B"
0.436184107512511,0.129100091439516,0.886,0.999,1,"VIM"
2.6366720234243e-64,0.129093036635762,0.279,0.838,8.47716422251148e-60,"HNRNPA2B1"
2.93813665185627e-35,0.129066702750741,0.036,0.239,9.44640314938309e-31,"NFATC1"
1.10747892756551e-36,0.128909298264599,0.059,0.292,3.56065550001587e-32,"TEX13D"
8.7500188973902e-38,0.128723399907532,0.068,0.312,2.81321857569992e-33,"SLC25A11"
4.87371329768234e-68,0.128700985189471,0.103,0.502,1.56694756233785e-63,"ZSCAN16-AS1"
4.27038219180728e-54,0.128645658839449,0.108,0.458,1.37297057848796e-49,"WDR33"
1.85175655908069e-27,0.128622635002621,0.038,0.207,5.95358251310032e-23,"MINDY4"
3.52301290058982e-70,0.12857245561763,0.189,0.679,1.13268387766863e-65,"STAB1"
3.38070705469821e-14,0.128492699344869,0.015,0.097,1.08693112515602e-09,"SERPINA1"
1.34928247814676e-21,0.128484265454332,0.032,0.168,4.33807809548966e-17,"AC040162.3"
2.27094815917166e-38,0.128414886211186,0.419,0.935,7.3013254265528e-34,"UQCRQ"
3.04462554743511e-42,0.128286386230975,0.056,0.307,9.78877559755861e-38,"SAE1"
2.19434193206443e-42,0.128259525301245,0.058,0.314,7.05502874578034e-38,"NAA20"
5.50101315383526e-30,0.128241137843469,0.052,0.245,1.76863073908957e-25,"PRAF2"
1.28012531697315e-25,0.128080829385148,0.033,0.189,4.11573090660036e-21,"USP48"
1.07515892337828e-13,0.128038770875874,0.017,0.099,3.45674345455352e-09,"KLHL20"
8.09667192988369e-09,0.127761472807045,0.011,0.062,0.000260316099217691,"HOXA11"
6.79252382536022e-46,0.127739247441961,0.078,0.365,2.18386433509156e-41,"NRBP1"
7.37399203119587e-77,0.127731145306578,0.158,0.643,2.37081217794978e-72,"CPE"
2.69127526065462e-18,0.127651255808254,0.017,0.123,8.65271909053065e-14,"MAB21L1"
1.00144647704581e-08,0.127640386290346,0.016,0.07,0.000321975056834998,"GOLGA6L9"
1.0105186766125e-40,0.127439640307992,0.051,0.291,3.24891859717684e-36,"TRAPPC12"
1.44048058090762e-69,0.127298695702805,0.135,0.574,4.63128911567609e-65,"TMSB4XP4"
2.00500204765668e-08,0.127252527465951,0.015,0.066,0.0006446282083421,"HLF"
1.31978677069963e-61,0.127248462480141,0.111,0.497,4.24324644647639e-57,"PPP1CA"
3.57697912179526e-18,0.127197886265257,0.027,0.141,1.1500345574484e-13,"TMEM200B"
3.82901687838607e-28,0.127196642239324,0.047,0.228,1.2310672165699e-23,"AC133644.3"
5.43116991365941e-36,0.127122759670016,0.047,0.264,1.74617543894064e-31,"NSUN2"
6.33095843801957e-21,0.127109218988901,0.028,0.157,2.03546644740767e-16,"RPRD1B"
1.16594887312858e-46,0.126962928832635,0.051,0.316,3.74864222199569e-42,"C1orf21"
8.25168770063628e-27,0.126880677400738,0.053,0.233,2.65300011263157e-22,"MED10"
7.30775495516106e-29,0.126757531471304,0.043,0.223,2.34951629563383e-24,"STARD3"
7.71828637418607e-63,0.126697524873666,0.105,0.488,2.48150625216456e-58,"DLD"
7.16721899565e-31,0.126697183378249,0.049,0.245,2.30433257929143e-26,"AHI1"
8.08109265536946e-15,0.126612177631687,0.028,0.125,2.59815209962784e-10,"SHMT2"
7.87853120471323e-10,0.12652103625922,0.016,0.076,2.53302656762735e-05,"LINC01138"
7.61935721238891e-11,0.126439310781692,0.012,0.075,2.44969953735516e-06,"BMP5"
9.97333843996852e-11,0.126356415122302,0.009,0.067,3.20652804183428e-06,"DNAH1"
0.938694098738965,0.12634884703894,0.834,0.999,1,"MT-ATP6"
5.03528836050246e-67,0.126326009296518,0.126,0.545,1.61889556078515e-62,"HDLBP"
2.73473240875459e-14,0.126271720572982,0.021,0.109,8.79243816738688e-10,"CTC1"
7.75532733591543e-59,0.126012034766718,0.1,0.464,2.49341529177017e-54,"ANKS1A"
2.98427041826316e-57,0.125890686358734,0.074,0.406,9.59472782175788e-53,"SMAD9"
1.47117716814508e-37,0.125868184622886,0.396,0.935,4.72998171330324e-33,"EEF1D"
5.36985179541908e-26,0.125866438748338,0.032,0.189,1.72646105074519e-21,"NR3C2"
1.39528653862387e-68,0.12573323222135,0.159,0.625,4.4859857503296e-64,"ARPC1B"
1.54423893136024e-33,0.125648971947874,0.062,0.281,4.96488258821631e-29,"LGALS9"
8.78371794579948e-55,0.125535802136848,0.067,0.381,2.82405315675399e-50,"NIPSNAP2"
4.11172118623152e-32,0.125311065383612,0.051,0.254,1.3219594785853e-27,"RC3H2"
4.31511406085918e-77,0.125301904364229,0.206,0.755,1.38735232170683e-72,"AC005912.1"
1.33488546448544e-10,0.125296257609782,0.019,0.085,4.29179025686714e-06,"MLH3"
8.61587193094534e-28,0.125289447186391,0.031,0.195,2.77008898451824e-23,"BCAR3"
1.46084152605162e-24,0.125210899308793,0.032,0.182,4.69675159040855e-20,"WASHC4"
8.42361276113383e-29,0.125018730847221,0.035,0.207,2.70827573883214e-24,"GM2A"
1.00436289438344e-12,0.125014008326266,0.02,0.099,3.22912714173219e-08,"PPT2"
1.71204874342094e-07,0.124951074114176,0.011,0.054,0.00550440791497265,"BBS9"
1.60027456781961e-16,0.124755014483273,0.017,0.114,5.14504276299682e-12,"LINC02307"
1.30091772813956e-52,0.124622991674897,0.075,0.391,4.18258058774151e-48,"GLIS2"
5.66758034654065e-36,0.124582792749764,0.413,0.941,1.82218375721628e-31,"TXNIP"
3.79311085803611e-21,0.124515545005241,0.023,0.149,1.21952307196719e-16,"SPNS1"
1.39639607529271e-15,0.124357550455309,0.026,0.125,4.48955302167359e-11,"TUSC3"
8.9549361485784e-26,0.124334098252996,0.032,0.188,2.87910152112944e-21,"LPIN1"
9.45708321781564e-06,0.124333081686559,0.65,0.992,0.304054682535991,"ZFP36"
7.56498003323657e-68,0.124267722445687,0.088,0.472,2.43221673048589e-63,"GLT8D2"
9.02331793777607e-21,0.123955928250501,0.019,0.138,2.90108695017438e-16,"SREK1IP1"
1.75058704043723e-67,0.123846570471707,0.114,0.519,5.62831239370973e-63,"TRIR"
9.36535434864723e-48,0.123652503047921,0.08,0.38,3.01105507663357e-43,"SLC12A2"
1.49543684003954e-42,0.123520704689178,0.053,0.305,4.80797898441114e-38,"AC145285.4"
4.64724582043835e-33,0.123265910212684,0.062,0.279,1.49413600372913e-28,"PARP14"
5.72330494068323e-35,0.123173522740231,0.059,0.283,1.84009977147906e-30,"AP003108.2"
1.10879470988602e-45,0.123084940453882,0.066,0.342,3.56488587175453e-41,"GTF2H1"
2.67395718877988e-29,0.123081438857319,0.041,0.221,8.59703975764621e-25,"OPA1"
1.39604639160238e-32,0.123056569910623,0.035,0.224,4.48842875364082e-28,"PTPN11"
7.51876152373141e-58,0.123031853215722,0.278,0.811,2.41735701749489e-53,"SAT1"
4.39722053140289e-46,0.122979787893214,0.061,0.333,1.41375037305134e-41,"AVPI1"
8.29879922078893e-69,0.122696514867734,0.127,0.557,2.66814693747585e-64,"MAP3K13"
5.35966499174133e-08,0.122544298169764,0.628,0.99,0.00172318589149476,"AC022217.3"
6.23315950353135e-18,0.122538663485841,0.019,0.123,2.00402311198037e-13,"NRSN2"
6.32850944361856e-11,0.122260636839838,0.01,0.071,2.0346790712178e-06,"IQSEC2"
0.072875786455645,0.122164498958507,0.969,1,1,"RPLP1"
2.62059745419144e-59,0.122069366580392,0.093,0.45,8.42548287497091e-55,"LTBP4"
5.50687715963779e-14,0.122053137041277,0.02,0.105,1.77051607559514e-09,"C2orf69"
4.93121184240232e-23,0.122037823003929,0.027,0.165,1.58543391945077e-18,"MCM6"
4.00657238140653e-37,0.122013120115334,0.075,0.323,1.28815308634601e-32,"PLVAP"
3.65484074546691e-29,0.121917587159017,0.04,0.218,1.17506784807507e-24,"IVD"
8.28710356187125e-54,0.121855993040113,0.079,0.402,2.66438666617722e-49,"AC036108.1"
0.000188168541905537,0.121737908204596,0.734,0.993,1,"COL1A2"
2.14691157491133e-19,0.121683162097684,0.02,0.133,6.9025354044974e-15,"TBP"
5.19685958495771e-15,0.121530120100398,0.017,0.106,1.67084232515975e-10,"SLC43A1"
8.54473595487261e-48,0.121522583372511,0.07,0.361,2.74721805685109e-43,"AC068768.1"
9.34732773195996e-09,0.121333237933354,0.009,0.057,0.000300525933910245,"PITPNM1"
5.31879967460197e-27,0.121253274998052,0.03,0.189,1.71004728338128e-22,"GBA"
3.79647194395514e-58,0.121252407263628,0.093,0.445,1.22060369470102e-53,"CAMK2G"
5.17375453401455e-15,0.121222460932747,0.012,0.097,1.66341382023102e-10,"SLC46A1"
7.22777801155131e-20,0.121200030374855,0.022,0.14,2.32380290849386e-15,"EMC1-AS1"
4.78386413759885e-28,0.121188242342344,0.037,0.208,1.53806015887941e-23,"SMG7"
1.37608459618055e-13,0.12111393215564,0.015,0.094,4.42424958518009e-09,"METTL22"
1.23138942157925e-10,0.120947796264239,0.012,0.074,3.95904012931944e-06,"MAPKBP1"
6.7390956799893e-23,0.120857882070754,0.038,0.186,2.16668665207336e-18,"PRPF38B"
5.65800660626994e-58,0.120820494823356,0.098,0.454,1.81910570398185e-53,"PSMF1"
1.22914812127794e-06,0.120755116829463,0.011,0.05,0.0395183412472071,"MAP2K6"
1.81570185905512e-07,0.120722201643686,0.012,0.057,0.00583766304704813,"UNC13D"
3.07087978152479e-19,0.120706629618951,0.017,0.128,9.87318558558034e-15,"PHIP"
7.07043273282047e-37,0.120577587734043,0.062,0.297,2.27321482792911e-32,"USP2-AS1"
3.18314627129591e-37,0.120573137116767,0.04,0.254,1.02341335768435e-32,"PDCD10"
6.46886185912573e-36,0.120490619259631,0.072,0.31,2.07980377632751e-31,"PTBP2"
6.64984560439981e-24,0.120354970971291,0.026,0.167,2.13799186027058e-19,"BPTF"
3.49999145557973e-18,0.120330113698028,0.021,0.129,1.12528225288344e-13,"INPP5B"
1.20375885265913e-33,0.120302860309517,0.035,0.229,3.87020508718437e-29,"SMIM10L1"
4.43854091894046e-20,0.120259536130589,0.02,0.136,1.42703529084855e-15,"DNAH17"
3.24621193718336e-42,0.120207917484932,0.066,0.327,1.04368959992382e-37,"SDHC"
1.71222850430022e-23,0.120098930212518,0.042,0.195,5.50498586417562e-19,"ASNSD1"
4.7760848262603e-21,0.119971234665829,0.037,0.174,1.53555903249095e-16,"DLGAP1"
2.82426278360291e-41,0.119539236934623,0.056,0.304,9.08028727556172e-37,"GORASP1"
1.14477235216094e-33,0.119426653607219,0.041,0.241,3.68055758943264e-29,"MOV10"
5.79784318691197e-18,0.119385640568423,0.03,0.145,1.86406456302407e-13,"AC017083.3"
8.93535558042008e-47,0.119377410161398,0.072,0.359,2.87280617266086e-42,"TMEM256"
1.04762147160797e-49,0.119175624828061,0.069,0.366,3.36820779336679e-45,"AHRR"
1.53598085206184e-13,0.119158222874079,0.025,0.112,4.93833203746402e-09,"C16orf58"
5.07987939604427e-13,0.119124210696922,0.015,0.091,1.63323202462219e-08,"MIR3936HG"
2.7517111928886e-19,0.11906078722125,0.033,0.158,8.84702665625613e-15,"DEDD"
4.90726389475794e-34,0.119041919739664,0.054,0.268,1.57773441480362e-29,"GTF3C1"
2.76908052868374e-18,0.11901197101911,0.025,0.137,8.90287080777109e-14,"RAB40B"
7.45152613402116e-14,0.118921032378551,0.567,0.981,2.39574016734914e-09,"RPL36A-HNRNPH2"
1.61980716802989e-54,0.118841650745817,0.069,0.385,5.20784202593289e-50,"UFD1"
1.85829243356006e-28,0.118620135459927,0.042,0.22,5.97459600313895e-24,"GLMP"
1.99779744277558e-46,0.118430946867383,0.082,0.375,6.42311855826776e-42,"EPB41L2"
9.74279715807498e-26,0.118342074653583,0.038,0.2,3.13240671429269e-21,"SCO2"
1.1442523157309e-65,0.118319073583322,0.11,0.507,3.67888562030642e-61,"ARID5A"
3.59876383001693e-70,0.118283515903773,0.104,0.513,1.15703855898874e-65,"KLC1"
3.27441194853647e-43,0.117977336797219,0.073,0.346,1.05275618557396e-38,"CMTM3"
6.95447447279918e-18,0.117942831529283,0.022,0.13,2.23593308774966e-13,"ANGEL2"
2.83701633477579e-40,0.117877703918072,0.059,0.306,9.12129121793764e-36,"CDC42EP4"
2.21283679335212e-15,0.117855100412509,0.022,0.117,7.11449157430639e-11,"PPWD1"
1.29210320400877e-21,0.117846580177063,0.021,0.146,4.15424101120859e-17,"RCL1"
1.90033664508334e-51,0.117823615051244,0.075,0.383,6.10977234760745e-47,"ZEB2"
5.84071642651777e-60,0.117768157550379,0.072,0.409,1.87784873828973e-55,"SNX2"
6.3888560525858e-17,0.117604199516216,0.019,0.118,2.05408110946686e-12,"FASTKD2"
6.57145197583728e-14,0.117603305167807,0.011,0.089,2.11278752475145e-09,"PDRG1"
3.54860037274235e-18,0.117564978692189,0.02,0.127,1.14091050584039e-13,"MIR3654"
6.39035867633162e-33,0.117515340457204,0.061,0.276,2.05456421802738e-28,"THY1"
1.55315759008929e-32,0.117157820594926,0.033,0.222,4.99355696789609e-28,"MICA"
9.14639881860764e-74,0.117035031679358,0.185,0.696,2.94065868417054e-69,"AL590867.2"
2.31116516396268e-21,0.11692568201192,0.03,0.161,7.43062711865641e-17,"PIK3CA"
3.77042557235757e-30,0.116820804777468,0.435,0.937,1.21222952576868e-25,"SOD2"
1.07374785096601e-59,0.116803525878515,0.073,0.41,3.45220671564081e-55,"LTBP3"
4.29814079507992e-23,0.116753623176527,0.036,0.182,1.38189524702615e-18,"IL15RA"
4.31535606401369e-10,0.116726013848837,0.012,0.071,1.38743012814104e-05,"NDC1"
5.48803591281077e-64,0.116457088601273,0.308,0.88,1.76445842632779e-59,"ATP5MC2"
7.25227834510129e-36,0.11644350187137,0.054,0.278,2.33168001073351e-31,"TRIO"
1.96131364797705e-25,0.116238743935718,0.022,0.167,6.305819509611e-21,"TAF9"
1.46572227200457e-40,0.116165249691413,0.064,0.318,4.71244367672189e-36,"JUP"
1.727574038868e-30,0.116079864903704,0.049,0.244,5.55432329236452e-26,"PYROXD1"
0.254926287370574,0.116064357771991,0.867,1,1,"RPL27A"
2.90781401138974e-58,0.115776538229,0.105,0.468,9.34891282801915e-54,"TMEM173"
3.73270869924407e-20,0.115765229593274,0.025,0.146,1.20010317389396e-15,"SMS"
1.64075995644181e-64,0.115698455400161,0.132,0.548,5.27520733595607e-60,"ZNHIT1"
4.91541793047792e-25,0.11557458504798,0.036,0.191,1.58035601882796e-20,"ZNF219"
1.91292593501331e-42,0.115511895933319,0.072,0.339,6.15024817366131e-38,"LRRC47"
3.01315907135364e-78,0.115444455481968,0.147,0.633,9.68760773030909e-74,"RPS3AP6"
5.64026504899656e-46,0.11524850186558,0.073,0.357,1.81340161590288e-41,"OTUD5"
2.15492903716355e-77,0.115105469041767,0.131,0.592,6.92831234738454e-73,"NFE2L1"
9.07682389929442e-12,0.11498156317562,0.012,0.08,2.91828965186215e-07,"ARHGEF37"
9.77686713939515e-11,0.114947201296008,0.019,0.086,3.14336055398693e-06,"FEM1A"
6.63824203664092e-55,0.11492446201228,0.114,0.474,2.13426119720042e-50,"MGLL"
2.17443592879201e-27,0.114761677454481,0.023,0.179,6.9910289546592e-23,"CSK"
1.69823431340941e-22,0.114720506539301,0.019,0.146,5.45999314104258e-18,"MGAT4A"
7.9417048686778e-54,0.11451515032764,0.137,0.516,2.5533375323286e-49,"PLSCR1"
2.84010813103645e-24,0.114462465986339,0.03,0.176,9.13123165209528e-20,"ADNP-AS1"
9.91717172861173e-56,0.114344763337314,0.085,0.42,3.18846988246596e-51,"SARS"
4.2762365173425e-46,0.114324887376811,0.073,0.358,1.37485280269079e-41,"LMO2"
1.84475452789742e-36,0.114302729761077,0.051,0.273,5.93107028264299e-32,"CHPF"
2.42407132533099e-37,0.11418235200012,0.049,0.274,7.79363171807165e-33,"PA2G4"
3.0907472620503e-09,0.114152305859395,0.009,0.059,9.93706152221792e-05,"TMTC2"
8.18662284096194e-81,0.113999303598377,0.158,0.666,2.63208110959767e-76,"AC004922.1"
2.09738872578202e-27,0.113981480937461,0.046,0.222,6.74331449226176e-23,"CR382285.1"
4.61415952250566e-52,0.113966023559363,0.07,0.378,1.48349842808079e-47,"NOC2L"
6.87636348686892e-10,0.113908453410099,0.015,0.074,2.21081962466322e-05,"MYO1F"
1.14115586125093e-37,0.113891684657641,0.051,0.278,3.66893020950785e-33,"TMED7"
9.1507389276469e-34,0.113885156481863,0.051,0.261,2.94205407262776e-29,"EXOC5"
5.08324138257478e-20,0.113875819085539,0.025,0.146,1.63431293691162e-15,"CPSF2"
7.67626239829598e-52,0.113689521749381,0.063,0.361,2.46799512367614e-47,"TBXA2R"
4.37279686263462e-73,0.113660859832236,0.099,0.513,1.40589791930566e-68,"ATP5F1D"
1.45988444241921e-67,0.113645700893651,0.146,0.589,4.69367447082202e-63,"DDAH2"
6.9644672722088e-28,0.113512053282502,0.033,0.2,2.23914587268785e-23,"VPS45"
2.83349962062893e-53,0.113501055800333,0.079,0.398,9.10998463028406e-49,"AKR1A1"
3.50762471397824e-28,0.113442596389639,0.052,0.237,1.12773642179114e-23,"KDM2A"
9.60055745151706e-84,0.11340100908237,0.127,0.605,3.08667522623725e-79,"ECHDC2"
2.40383594049367e-16,0.113389437629893,0.019,0.115,7.72857293228119e-12,"TYSND1"
2.02252616836029e-64,0.11337903343214,0.088,0.458,6.50262388389516e-60,"FOXF2"
1.15523266535059e-18,0.113267781464149,0.038,0.164,3.71418854236868e-14,"LRIG3"
3.13944124991968e-71,0.113241460465389,0.105,0.521,1.00936175626168e-66,"ATP5PD"
8.12237844239964e-09,0.113085811519256,0.015,0.068,0.000261142589301591,"RTP4"
4.82037502999827e-24,0.113077179739336,0.027,0.17,1.54979877589474e-19,"ZNRD1"
0.23148714176007,0.112885943729341,0.922,1,1,"RPL13A"
8.76262776970266e-69,0.112789324190413,0.155,0.611,2.8172724542371e-64,"AC016876.2"
1.24357810773756e-10,0.112779197261153,0.007,0.064,3.99822797418704e-06,"BMF"
2.81270292751375e-20,0.112510636919618,0.027,0.152,9.04312118224947e-16,"PRPS1"
5.70260211869775e-17,0.112392864032064,0.02,0.121,1.83344360718251e-12,"HS6ST1"
1.09193155246915e-29,0.112350976819689,0.037,0.216,3.51066913434356e-25,"MAPKAPK3"
1.03245649665027e-28,0.112308376204715,0.038,0.214,3.31945088238029e-24,"GOLGA2"
2.03266164316081e-13,0.112156366933604,0.022,0.107,6.53521044892631e-09,"ASB3"
7.29880536783888e-13,0.111960956500057,0.017,0.095,2.34663891381388e-08,"POLE"
1.41931561339345e-42,0.111798324874677,0.059,0.317,4.56324162862127e-38,"ARG2"
8.61641200501596e-21,0.111778941815688,0.027,0.154,2.77026262373268e-16,"BACE1"
1.08969442126822e-12,0.111775802900683,0.02,0.098,3.50347653381946e-08,"ZNF346"
2.70781985765929e-12,0.111747528100741,0.016,0.09,8.70591162436039e-08,"MRTO4"
2.62897949588058e-13,0.111733886145658,0.027,0.115,8.45243197720565e-09,"FAM133B"
1.55890338598298e-18,0.111543207444342,0.021,0.131,5.01203027627389e-14,"NAGLU"
4.89677959455229e-10,0.11143757177595,0.011,0.068,1.57436360744451e-05,"C19orf44"
1.48165910455208e-69,0.111362088533394,0.147,0.596,4.7636821870454e-65,"SPIDR"
1.96110359930061e-15,0.111265049701319,0.025,0.122,6.30514418211139e-11,"TRAPPC8"
1.35675802192463e-66,0.111245293690507,0.299,0.873,4.36211271628988e-62,"TUBB6"
2.41914293097546e-24,0.111170578467618,0.04,0.195,7.77778643737922e-20,"ADGRL4"
5.0062940269973e-44,0.110956979429723,0.367,0.911,1.6095735926199e-39,"EEF2"
1.60176199444964e-12,0.11094429559689,0.014,0.086,5.14982498835503e-08,"PTH1R"
6.20187747602798e-59,0.110931312918096,0.079,0.422,1.99396562731776e-54,"EIF5"
4.25796169840857e-17,0.110895007589227,0.022,0.126,1.36897726565534e-12,"AC093495.1"
7.91953233846745e-16,0.110830251956458,0.025,0.124,2.54620884214067e-11,"GALNT11"
3.1099068912975e-09,0.110821158687362,0.004,0.05,9.99866164621059e-05,"KIAA1324L"
2.95035545413756e-66,0.110723278615508,0.103,0.495,9.48568782059767e-62,"APOLD1"
2.92759476806701e-24,0.110611377979697,0.036,0.188,9.41250993881225e-20,"KMT2C"
8.11883699364959e-18,0.110585882639944,0.03,0.144,2.61028728182828e-13,"CNKSR2"
7.3223285695652e-25,0.110347561440769,0.026,0.172,2.35420185840091e-20,"AD001527.2"
7.34161815858032e-18,0.110212315770954,0.022,0.13,2.36040365416516e-13,"AL160408.2"
3.56509605737108e-40,0.110197909606494,0.054,0.296,1.14621403340538e-35,"PHKG1"
1.8333676140713e-78,0.110066286617092,0.194,0.731,5.89446021600063e-74,"ARMC9"
4.66733706431125e-07,0.110001251820647,0.011,0.052,0.0150059553954671,"AL162417.1"
1.1834954040109e-55,0.109881136927698,0.11,0.468,3.80505607343543e-51,"DUSP6"
4.71253261379769e-30,0.109879910037128,0.042,0.227,1.51512636066209e-25,"ITGB4"
2.52012440625231e-12,0.109865798585508,0.019,0.094,8.10245197854179e-08,"PSTK"
2.448869356757e-47,0.109702847481669,0.066,0.349,7.87335986890943e-43,"LDLRAD4"
4.10814070941523e-13,0.109683868273554,0.574,0.982,1.32080831948409e-08,"RPS2"
4.42309055636433e-14,0.109679041034785,0.017,0.101,1.4220678447767e-09,"AL049869.3"
1.75878565624961e-12,0.10966354006018,0.016,0.091,5.65467176340814e-08,"ATP6V0E2"
2.83920758991383e-10,0.109555607345411,0.01,0.067,9.12833632233196e-06,"INVS"
3.65105843715527e-37,0.109425670373418,0.061,0.294,1.17385179812979e-32,"CUEDC2"
1.56211086869929e-12,0.109424053704523,0.025,0.107,5.02234265395508e-08,"LRIG2"
4.07026621883198e-13,0.109391374423304,0.012,0.087,1.30863129201667e-08,"PRICKLE2-AS1"
5.25992365038961e-45,0.1093822644996,0.054,0.317,1.69111805283676e-40,"SS18"
3.52900661827252e-17,0.109367488584469,0.027,0.136,1.1346109178408e-12,"SMYD3"
2.73288537055964e-39,0.109361513343043,0.063,0.309,8.78649975488628e-35,"MAOA"
4.07582444992664e-79,0.109323661275549,0.184,0.704,1.31041831889591e-74,"SNX3"
9.82722599964752e-11,0.109273100824391,0.012,0.074,3.15955143114667e-06,"BEND5"
2.49056485429562e-11,0.109179579126028,0.014,0.08,8.00741506304586e-07,"ARL5B"
3.04330140675563e-21,0.109075796634471,0.037,0.175,9.78451835286001e-17,"ENTPD4"
1.31785420548574e-27,0.108986170150296,0.052,0.234,4.23703305605721e-23,"BCL3"
2.52484891022217e-19,0.108979582412986,0.02,0.133,8.1176417312553e-15,"BSCL2"
1.13719982827636e-54,0.108470468516206,0.078,0.403,3.65621116789134e-50,"MT-TA"
5.17494463009986e-40,0.108363876220033,0.046,0.279,1.66379644802341e-35,"DDT"
1.22293633163882e-35,0.108189766960391,0.052,0.272,3.93186259985198e-31,"PLSCR4"
5.87076121614002e-38,0.108064871185612,0.056,0.289,1.88750843860118e-33,"TMEM167A"
7.58940651745577e-24,0.108032225413756,0.028,0.172,2.4400700894272e-19,"TSTA3"
4.88116472063797e-28,0.10781465751129,0.04,0.213,1.56934326933231e-23,"AIMP1"
1.23617689579062e-62,0.107736589542503,0.274,0.807,3.97443233765643e-58,"SELENOP"
2.36289508048401e-17,0.107350153770003,0.021,0.125,7.59694397326414e-13,"AC022966.1"
5.98964708605543e-15,0.107307237251119,0.017,0.106,1.92573143463768e-10,"TSPAN16"
6.21711982172064e-69,0.107269585226429,0.121,0.543,1.9988661938814e-64,"AP3S1"
6.31857834996207e-27,0.107238609443508,0.027,0.184,2.0314861252963e-22,"LURAP1L"
5.72160729136761e-15,0.107180843410768,0.027,0.124,1.8395539602476e-10,"POLK"
1.84224619829886e-50,0.107174862925774,0.079,0.388,5.92300575215066e-46,"FBXW4"
1.46207903109228e-78,0.107119062761831,0.161,0.655,4.70073029286479e-74,"CTTN"
0.420208339910638,0.107062090064308,0.92,1,1,"RPS18"
7.04781824142128e-52,0.107058630465631,0.34,0.896,2.26594404279936e-47,"PEA15"
4.20951546155523e-05,0.106921109063104,0.728,0.996,1,"RPL8"
7.27945012873313e-39,0.106695288207116,0.405,0.942,2.34041601088899e-34,"UQCR11"
7.13379964863114e-38,0.106640754947587,0.046,0.27,2.2935879250314e-33,"NUDT21"
3.63292752182906e-17,0.106618723758964,0.021,0.124,1.16802252754326e-12,"CHCHD4"
8.87610163761771e-12,0.106483893573011,0.014,0.082,2.85375543751047e-07,"CARD14"
2.61148210562978e-37,0.106461588491715,0.068,0.309,8.39617611781029e-33,"SCAP"
6.04756693873767e-09,0.106458346152216,0.009,0.058,0.000194435324647355,"TRERF1"
5.67216494399078e-12,0.106443136992313,0.021,0.097,1.82365775114248e-07,"CASP8AP2"
7.92046970780636e-12,0.106381737570163,0.014,0.083,2.54651021575682e-07,"ZNF212"
3.6529030315831e-64,0.106033715012013,0.121,0.525,1.17444485368428e-59,"MYC"
5.5121231959581e-17,0.106011219818046,0.025,0.13,1.77220272873249e-12,"CRNDE"
6.6205851285385e-31,0.105997527060031,0.037,0.222,2.12858432467641e-26,"SLC22A17"
1.52212671498709e-23,0.10599620209026,0.036,0.184,4.89378960135499e-19,"AC018362.3"
1.39916230428431e-45,0.105922640578284,0.057,0.323,4.49844672450448e-41,"SF3B2"
4.54444574284553e-84,0.105725142141707,0.171,0.695,1.46108475078227e-79,"LEPR"
1.09054378599303e-62,0.105512433807548,0.114,0.504,3.50620732634621e-58,"ARFRP1"
2.25989267207287e-24,0.105438949118654,0.038,0.193,7.26578092998148e-20,"AL137186.2"
2.35216654382169e-38,0.105393707571721,0.061,0.3,7.56245065504113e-34,"STARD13"
2.68252975775093e-51,0.105364411775562,0.077,0.387,8.62460142414503e-47,"POLR2A"
6.1452178552814e-41,0.105267246164943,0.054,0.301,1.97574899265152e-36,"AC015813.2"
2.79809073407106e-10,0.105130456830995,0.007,0.063,8.99614151911188e-06,"SNPH"
2.33524069993136e-19,0.105125392250505,0.028,0.149,7.50803237434931e-15,"MTX2"
1.03402302236071e-29,0.105055732646614,0.44,0.938,3.32448741919191e-25,"IER2"
5.74320303341731e-13,0.104978943052181,0.015,0.091,1.846497207274e-08,"THTPA"
2.88588953691817e-62,0.104962009092493,0.09,0.456,9.2784234501456e-58,"PPP2CB"
5.74798084476904e-11,0.104870682311839,0.01,0.071,1.84803332140169e-06,"NPIPA2"
4.89410528414621e-21,0.104870321077633,0.032,0.165,1.57350378990585e-16,"NEGR1"
5.42314750162811e-74,0.104786869612681,0.274,0.86,1.74359615324845e-69,"BSG"
9.27155630808231e-26,0.104736432912278,0.053,0.228,2.98089806861154e-21,"PLD4"
4.75865892162548e-23,0.104693523269535,0.031,0.172,1.52995642989181e-18,"IPO13"
0.155214870869348,0.104579911700664,0.868,0.999,1,"RPS23"
2.0454473215394e-39,0.104500212529722,0.052,0.289,6.57631768348133e-35,"RPS6KA2"
6.15261597119259e-33,0.104426890899793,0.044,0.245,1.97812756089813e-28,"COL4A3BP"
9.19928410137555e-09,0.10440911765409,0.01,0.059,0.000295766183143325,"PIK3IP1-AS1"
8.02790657503596e-11,0.104299586540825,0.01,0.07,2.58105224293981e-06,"PRKD2"
2.99335716732244e-56,0.104263900556455,0.089,0.43,9.62394262865839e-52,"CSE1L"
7.01427305098449e-21,0.104255855507527,0.459,0.959,2.25515892862202e-16,"AC245033.1"
2.60569657712319e-12,0.104237016550095,0.017,0.092,8.37757506510876e-08,"SLC35A3"
3.26693045255064e-24,0.104180960636413,0.03,0.175,1.05035080979956e-19,"THUMPD3-AS1"
1.09627903362129e-39,0.104110738897504,0.064,0.314,3.52464672099581e-35,"MT-TP"
8.44837668590145e-42,0.103990795511248,0.056,0.306,2.71623758828417e-37,"AC008764.1"
9.7151235619298e-18,0.103974197707851,0.014,0.113,3.12350937639605e-13,"ARPIN"
3.6019476919039e-23,0.10395608560363,0.032,0.175,1.15806220242402e-18,"AFDN"
5.64024571990878e-38,0.103852696416718,0.067,0.31,1.81339540140787e-33,"EIF2S3"
5.55117708569602e-29,0.103662463092608,0.043,0.224,1.78475894482213e-24,"SLC24A3"
4.05199651144628e-34,0.1036468642814,0.035,0.231,1.30275739839509e-29,"KCNE4"
2.10370093565377e-73,0.103642190918442,0.14,0.597,6.76360887822043e-69,"GNS"
8.10843117791855e-43,0.103473534130243,0.058,0.315,2.60694170801259e-38,"POGZ"
4.88081013250802e-18,0.103411951761608,0.037,0.158,1.56922926570265e-13,"THAP4"
0.650286762009617,0.103326303401212,0.944,1,1,"RPL31"
1.04871724934951e-22,0.103301315122057,0.044,0.196,3.37173082838362e-18,"LGALS8"
1.11803363705314e-26,0.103297121001112,0.036,0.199,3.59458994648956e-22,"GPATCH2L"
1.24022176763262e-70,0.103123606391475,0.232,0.776,3.98743700511565e-66,"PCNP"
3.65749632688354e-33,0.103013934203855,0.041,0.239,1.17592164405633e-28,"GIMAP5"
6.31123424335693e-11,0.103002528901762,0.012,0.075,2.02912492158169e-06,"KCTD7"
1.37017467798681e-86,0.102985764797558,0.184,0.729,4.40524860719538e-82,"CTNNA1"
6.00025913665032e-37,0.10287898555324,0.054,0.282,1.92914331502444e-32,"TMCO1"
1.56022117471633e-11,0.102877362432604,0.022,0.097,5.01626709883046e-07,"C6orf120"
1.71768848338743e-71,0.102855417633054,0.279,0.858,5.52254024293892e-67,"WDR1"
3.34796467547854e-25,0.102749390050148,0.037,0.195,1.0764041228131e-20,"SRSF1"
7.43697921839893e-47,0.102671423709969,0.083,0.381,2.39106318850744e-42,"AL445183.1"
1.77230360213102e-37,0.102580794091627,0.064,0.304,5.69813331121144e-33,"AL160269.1"
1.25692059310327e-67,0.102537315325039,0.145,0.589,4.04112539888631e-63,"ZYG11B"
8.76999868500622e-59,0.102443553222705,0.08,0.424,2.81964227721635e-54,"RAB5C"
8.56442810311499e-35,0.102279493806957,0.053,0.27,2.7535492794325e-30,"SEC14L1"
4.78381083949849e-33,0.102216095486522,0.043,0.243,1.53804302300716e-28,"FBXW2"
9.48327976595331e-45,0.102032271422026,0.058,0.324,3.04896927755165e-40,"FDPS"
5.21075909051473e-35,0.102016109138052,0.053,0.272,1.67531115519139e-30,"PPP1R42"
3.6403764293372e-23,0.101843963913567,0.035,0.179,1.1704174257962e-18,"MRPL48"
1.57964858260843e-28,0.101711640503602,0.044,0.225,5.07872815794436e-24,"PTCD3"
1.0649617361606e-37,0.101692824710295,0.043,0.264,3.42395847792995e-33,"PIK3C3"
5.25276995983089e-28,0.101652128540269,0.043,0.219,1.68881806978523e-23,"PAN3"
7.31486376772763e-30,0.101636732693098,0.043,0.227,2.35180184996211e-25,"SIGIRR"
4.89178005437349e-30,0.101628532907842,0.04,0.222,1.57275620528162e-25,"ATL2"
6.86646950704191e-17,0.101543250663714,0.021,0.123,2.20763861120904e-12,"DHX36"
1.68168127655405e-32,0.101534594002326,0.047,0.247,5.40677347224893e-28,"SEMA6B"
4.29257098326542e-18,0.101291746636073,0.019,0.124,1.38010449682966e-13,"MTFMT"
5.05127003396026e-16,0.101274441928847,0.025,0.125,1.62403382861856e-11,"FANCL"
6.52803927884042e-18,0.101254203167712,0.02,0.126,2.09882990853998e-13,"AL133410.3"
1.11543568500745e-52,0.101223591418981,0.084,0.406,3.58623727086744e-48,"CAND1"
1.49645004328267e-32,0.10118668039817,0.051,0.255,4.81123653415812e-28,"AC093525.1"
3.67367986769866e-69,0.101146219143604,0.104,0.51,1.1811248142638e-64,"RPL23AP42"
5.10624440761633e-28,0.101022231924753,0.038,0.211,1.64170863949273e-23,"TMED7-TICAM2"
9.96645589925647e-27,0.100890578896008,0.031,0.19,3.20431523616995e-22,"AC091564.4"
4.03876107019581e-68,0.100855719936057,0.069,0.435,1.29850207167866e-63,"CCDC115"
5.35505810694772e-15,0.100847236143546,0.015,0.101,1.72170473196476e-10,"KIAA1257"
6.99446602993117e-36,0.100633918890046,0.036,0.242,2.24879077328317e-31,"TTYH3"
5.65936480664033e-14,0.100566702952906,0.015,0.096,1.81954237898293e-09,"AC091059.1"
1.82405771536919e-61,0.100488112316479,0.119,0.511,5.86452796068349e-57,"EEF1B2P6"
6.54623497027989e-80,0.100461664120219,0.106,0.552,2.10468000529469e-75,"PKIG"
2.54806270769283e-54,0.100420215798288,0.263,0.759,8.19227641150321e-50,"RGS5"
8.65674403314796e-12,0.100382110980181,0.025,0.102,2.7832297740974e-07,"ABHD18"
5.08470396830414e-63,0.10031392639404,0.103,0.486,1.63478317284946e-58,"CSNK1A1"
7.06672549298231e-69,0.100216672515397,0.248,0.81,2.27202291324874e-64,"AC139769.1"
2.61852578143761e-25,0.100200631192866,0.035,0.19,8.41882223990006e-21,"WASH6P"
8.32883147117079e-12,0.100115415728156,0.015,0.085,2.67780260629612e-07,"PSKH1"
