"title","geo_accession","status","submission_date","last_update_date","type","channel_count","source_name_ch1","organism_ch1","characteristics_ch1","growth_protocol_ch1","molecule_ch1","extract_protocol_ch1","label_ch1","label_protocol_ch1","taxid_ch1","hyb_protocol","scan_protocol","description","description.1","data_processing","platform_id","contact_name","contact_email","contact_institute","contact_address","contact_city","contact_state","contact_zip/postal_code","contact_country","supplementary_file","data_row_count"
"03-1L-rep1","GSM251495","Public on Jan 31 2008","Dec 18 2007","Dec 22 2007","RNA","1","Human optic nerve head astrocytes, normal","Homo sapiens","Caucasian American, male, age 49, normal","Four explants from each lamina cribrosa were dissected and placed into 25-cm2 Primaria tissue culture flasks and maintained in DMEM-F12 supplemented with 10% FBS and antibiotics.Cells were kept in a 37oC, 5% CO2 incubator. After 2-4 weeks, primary cultures were purified by using modified immunopanning procedure described by Mi and Barres (1999). Purified cells were expanded after characterization by immunostaining for astrocyte markers GFAP and NCAM as described (Yang and Hernandez, 2003). Second passage cell cultures were stored in RPMI 1640 with 10% DMSO in liquid nitrogen until use.","total RNA","Total RNA was extracted using Qiagen RNeasy mini kits (Qiagen, Valencia, CA). RNA was then purified and quantified by measuring absorbance at 260 nm. Quality and intactness of the RNA was assessed by capillary electrophoresis analysis using an Agilent 2100 Bioanalyzer (Agilent, Palo Alto, CA).","biotin","cRNA was synthesized from 2-5 µg purified RNA by using Superscript Choice system (Gibco BRL Life Technologies, Gaithersburg, MD ) and  T7-(dT)24 primer (GENSET, La Jolla, CA). Using Bioassay High Yield RNA Transcript Labeling Kit (Enzo Diagnostics, Farmingdale, NY), in vitro transcription was carried out by using the cleaned double-stranded cDNA as a template in the presence of biotinylated UTP and CTP.","9606","Purified biotin-labeled cRNA was fragmented before the hybridization. Hybridization of the labeled cRNA to Human Genome U133A and U133A 2.0 chips (Affymetrix, Santa Clara, CA) was carried out by using Genechip Instrument System (Affymetrix) at the Genechip Core Facility of Washington University (Saint Louis, MO).","The arrays were washed and stained with streptavidin-phycoerythrin (Molecular Probes, Eugene, OR) followed by scanning on an Agilent GeneArray Scanner G2500A (Agilent Technologies, Palo Alto, CA), and then scanned by an Affymetrix Genearray Scanner.","03-1La","Caucasian American","The Hu133av2 and Hu133a data were first separately normalized by using RMA method. Then the data were combined based on the common probeset Ids (Hu133a's Probeset Ids) and followed by quantile normalization to reduce the batch effects.","GPL571","Pan,,Du","dupan@northwestern.edu","Northwestern University","676 N ST Clair St, 1200#","Chicago","IL","60611","USA","ftp://ftp.ncbi.nlm.nih.gov/geo/samples/GSM251nnn/GSM251495/suppl/GSM251495.CEL.gz","22277"
"03-1L-rep2","GSM251496","Public on Jan 31 2008","Dec 18 2007","Dec 22 2007","RNA","1","Human optic nerve head astrocytes, normal","Homo sapiens","Caucasian American, male, age 49, normal","Four explants from each lamina cribrosa were dissected and placed into 25-cm2 Primaria tissue culture flasks and maintained in DMEM-F12 supplemented with 10% FBS and antibiotics.Cells were kept in a 37oC, 5% CO2 incubator. After 2-4 weeks, primary cultures were purified by using modified immunopanning procedure described by Mi and Barres (1999). Purified cells were expanded after characterization by immunostaining for astrocyte markers GFAP and NCAM as described (Yang and Hernandez, 2003). Second passage cell cultures were stored in RPMI 1640 with 10% DMSO in liquid nitrogen until use.","total RNA","Total RNA was extracted using Qiagen RNeasy mini kits (Qiagen, Valencia, CA). RNA was then purified and quantified by measuring absorbance at 260 nm. Quality and intactness of the RNA was assessed by capillary electrophoresis analysis using an Agilent 2100 Bioanalyzer (Agilent, Palo Alto, CA).","biotin","cRNA was synthesized from 2-5 µg purified RNA by using Superscript Choice system (Gibco BRL Life Technologies, Gaithersburg, MD ) and  T7-(dT)24 primer (GENSET, La Jolla, CA). Using Bioassay High Yield RNA Transcript Labeling Kit (Enzo Diagnostics, Farmingdale, NY), in vitro transcription was carried out by using the cleaned double-stranded cDNA as a template in the presence of biotinylated UTP and CTP.","9606","Purified biotin-labeled cRNA was fragmented before the hybridization. Hybridization of the labeled cRNA to Human Genome U133A and U133A 2.0 chips (Affymetrix, Santa Clara, CA) was carried out by using Genechip Instrument System (Affymetrix) at the Genechip Core Facility of Washington University (Saint Louis, MO).","The arrays were washed and stained with streptavidin-phycoerythrin (Molecular Probes, Eugene, OR) followed by scanning on an Agilent GeneArray Scanner G2500A (Agilent Technologies, Palo Alto, CA), and then scanned by an Affymetrix Genearray Scanner.","03-1Lc","Caucasian American","The Hu133av2 and Hu133a data were first separately normalized by using RMA method. Then the data were combined based on the common probeset Ids (Hu133a's Probeset Ids) and followed by quantile normalization to reduce the batch effects.","GPL571","Pan,,Du","dupan@northwestern.edu","Northwestern University","676 N ST Clair St, 1200#","Chicago","IL","60611","USA","ftp://ftp.ncbi.nlm.nih.gov/geo/samples/GSM251nnn/GSM251496/suppl/GSM251496.CEL.gz","22277"
"03-11R-rep1","GSM251497","Public on Jan 31 2008","Dec 18 2007","Dec 22 2007","RNA","1","Human optic nerve head astrocytes, normal","Homo sapiens","Caucasian American, female, age 68, normal","Four explants from each lamina cribrosa were dissected and placed into 25-cm2 Primaria tissue culture flasks and maintained in DMEM-F12 supplemented with 10% FBS and antibiotics.Cells were kept in a 37oC, 5% CO2 incubator. After 2-4 weeks, primary cultures were purified by using modified immunopanning procedure described by Mi and Barres (1999). Purified cells were expanded after characterization by immunostaining for astrocyte markers GFAP and NCAM as described (Yang and Hernandez, 2003). Second passage cell cultures were stored in RPMI 1640 with 10% DMSO in liquid nitrogen until use.","total RNA","Total RNA was extracted using Qiagen RNeasy mini kits (Qiagen, Valencia, CA). RNA was then purified and quantified by measuring absorbance at 260 nm. Quality and intactness of the RNA was assessed by capillary electrophoresis analysis using an Agilent 2100 Bioanalyzer (Agilent, Palo Alto, CA).","biotin","cRNA was synthesized from 2-5 µg purified RNA by using Superscript Choice system (Gibco BRL Life Technologies, Gaithersburg, MD ) and  T7-(dT)24 primer (GENSET, La Jolla, CA). Using Bioassay High Yield RNA Transcript Labeling Kit (Enzo Diagnostics, Farmingdale, NY), in vitro transcription was carried out by using the cleaned double-stranded cDNA as a template in the presence of biotinylated UTP and CTP.","9606","Purified biotin-labeled cRNA was fragmented before the hybridization. Hybridization of the labeled cRNA to Human Genome U133A and U133A 2.0 chips (Affymetrix, Santa Clara, CA) was carried out by using Genechip Instrument System (Affymetrix) at the Genechip Core Facility of Washington University (Saint Louis, MO).","The arrays were washed and stained with streptavidin-phycoerythrin (Molecular Probes, Eugene, OR) followed by scanning on an Agilent GeneArray Scanner G2500A (Agilent Technologies, Palo Alto, CA), and then scanned by an Affymetrix Genearray Scanner.","03-11R a","Caucasian American","The Hu133av2 and Hu133a data were first separately normalized by using RMA method. Then the data were combined based on the common probeset Ids (Hu133a's Probeset Ids) and followed by quantile normalization to reduce the batch effects.","GPL571","Pan,,Du","dupan@northwestern.edu","Northwestern University","676 N ST Clair St, 1200#","Chicago","IL","60611","USA","ftp://ftp.ncbi.nlm.nih.gov/geo/samples/GSM251nnn/GSM251497/suppl/GSM251497.CEL.gz","22277"
"03-11R-rep2","GSM251498","Public on Jan 31 2008","Dec 18 2007","Dec 22 2007","RNA","1","Human optic nerve head astrocytes, normal","Homo sapiens","Caucasian American, female, age 68, normal","Four explants from each lamina cribrosa were dissected and placed into 25-cm2 Primaria tissue culture flasks and maintained in DMEM-F12 supplemented with 10% FBS and antibiotics.Cells were kept in a 37oC, 5% CO2 incubator. After 2-4 weeks, primary cultures were purified by using modified immunopanning procedure described by Mi and Barres (1999). Purified cells were expanded after characterization by immunostaining for astrocyte markers GFAP and NCAM as described (Yang and Hernandez, 2003). Second passage cell cultures were stored in RPMI 1640 with 10% DMSO in liquid nitrogen until use.","total RNA","Total RNA was extracted using Qiagen RNeasy mini kits (Qiagen, Valencia, CA). RNA was then purified and quantified by measuring absorbance at 260 nm. Quality and intactness of the RNA was assessed by capillary electrophoresis analysis using an Agilent 2100 Bioanalyzer (Agilent, Palo Alto, CA).","biotin","cRNA was synthesized from 2-5 µg purified RNA by using Superscript Choice system (Gibco BRL Life Technologies, Gaithersburg, MD ) and  T7-(dT)24 primer (GENSET, La Jolla, CA). Using Bioassay High Yield RNA Transcript Labeling Kit (Enzo Diagnostics, Farmingdale, NY), in vitro transcription was carried out by using the cleaned double-stranded cDNA as a template in the presence of biotinylated UTP and CTP.","9606","Purified biotin-labeled cRNA was fragmented before the hybridization. Hybridization of the labeled cRNA to Human Genome U133A and U133A 2.0 chips (Affymetrix, Santa Clara, CA) was carried out by using Genechip Instrument System (Affymetrix) at the Genechip Core Facility of Washington University (Saint Louis, MO).","The arrays were washed and stained with streptavidin-phycoerythrin (Molecular Probes, Eugene, OR) followed by scanning on an Agilent GeneArray Scanner G2500A (Agilent Technologies, Palo Alto, CA), and then scanned by an Affymetrix Genearray Scanner.","03-11R c","Caucasian American","The Hu133av2 and Hu133a data were first separately normalized by using RMA method. Then the data were combined based on the common probeset Ids (Hu133a's Probeset Ids) and followed by quantile normalization to reduce the batch effects.","GPL571","Pan,,Du","dupan@northwestern.edu","Northwestern University","676 N ST Clair St, 1200#","Chicago","IL","60611","USA","ftp://ftp.ncbi.nlm.nih.gov/geo/samples/GSM251nnn/GSM251498/suppl/GSM251498.CEL.gz","22277"
"03-13L-rep1","GSM251499","Public on Jan 31 2008","Dec 18 2007","Dec 22 2007","RNA","1","Human optic nerve head astrocytes, normal","Homo sapiens","Caucasian American, female, age 72, normal","Four explants from each lamina cribrosa were dissected and placed into 25-cm2 Primaria tissue culture flasks and maintained in DMEM-F12 supplemented with 10% FBS and antibiotics.Cells were kept in a 37oC, 5% CO2 incubator. After 2-4 weeks, primary cultures were purified by using modified immunopanning procedure described by Mi and Barres (1999). Purified cells were expanded after characterization by immunostaining for astrocyte markers GFAP and NCAM as described (Yang and Hernandez, 2003). Second passage cell cultures were stored in RPMI 1640 with 10% DMSO in liquid nitrogen until use.","total RNA","Total RNA was extracted using Qiagen RNeasy mini kits (Qiagen, Valencia, CA). RNA was then purified and quantified by measuring absorbance at 260 nm. Quality and intactness of the RNA was assessed by capillary electrophoresis analysis using an Agilent 2100 Bioanalyzer (Agilent, Palo Alto, CA).","biotin","cRNA was synthesized from 2-5 µg purified RNA by using Superscript Choice system (Gibco BRL Life Technologies, Gaithersburg, MD ) and  T7-(dT)24 primer (GENSET, La Jolla, CA). Using Bioassay High Yield RNA Transcript Labeling Kit (Enzo Diagnostics, Farmingdale, NY), in vitro transcription was carried out by using the cleaned double-stranded cDNA as a template in the presence of biotinylated UTP and CTP.","9606","Purified biotin-labeled cRNA was fragmented before the hybridization. Hybridization of the labeled cRNA to Human Genome U133A and U133A 2.0 chips (Affymetrix, Santa Clara, CA) was carried out by using Genechip Instrument System (Affymetrix) at the Genechip Core Facility of Washington University (Saint Louis, MO).","The arrays were washed and stained with streptavidin-phycoerythrin (Molecular Probes, Eugene, OR) followed by scanning on an Agilent GeneArray Scanner G2500A (Agilent Technologies, Palo Alto, CA), and then scanned by an Affymetrix Genearray Scanner.","03-13L a","Caucasian American","The Hu133av2 and Hu133a data were first separately normalized by using RMA method. Then the data were combined based on the common probeset Ids (Hu133a's Probeset Ids) and followed by quantile normalization to reduce the batch effects.","GPL571","Pan,,Du","dupan@northwestern.edu","Northwestern University","676 N ST Clair St, 1200#","Chicago","IL","60611","USA","ftp://ftp.ncbi.nlm.nih.gov/geo/samples/GSM251nnn/GSM251499/suppl/GSM251499.CEL.gz","22277"
"03-13L-rep2","GSM251500","Public on Jan 31 2008","Dec 18 2007","Dec 22 2007","RNA","1","Human optic nerve head astrocytes, normal","Homo sapiens","Caucasian American, female, age 72, normal","Four explants from each lamina cribrosa were dissected and placed into 25-cm2 Primaria tissue culture flasks and maintained in DMEM-F12 supplemented with 10% FBS and antibiotics.Cells were kept in a 37oC, 5% CO2 incubator. After 2-4 weeks, primary cultures were purified by using modified immunopanning procedure described by Mi and Barres (1999). Purified cells were expanded after characterization by immunostaining for astrocyte markers GFAP and NCAM as described (Yang and Hernandez, 2003). Second passage cell cultures were stored in RPMI 1640 with 10% DMSO in liquid nitrogen until use.","total RNA","Total RNA was extracted using Qiagen RNeasy mini kits (Qiagen, Valencia, CA). RNA was then purified and quantified by measuring absorbance at 260 nm. Quality and intactness of the RNA was assessed by capillary electrophoresis analysis using an Agilent 2100 Bioanalyzer (Agilent, Palo Alto, CA).","biotin","cRNA was synthesized from 2-5 µg purified RNA by using Superscript Choice system (Gibco BRL Life Technologies, Gaithersburg, MD ) and  T7-(dT)24 primer (GENSET, La Jolla, CA). Using Bioassay High Yield RNA Transcript Labeling Kit (Enzo Diagnostics, Farmingdale, NY), in vitro transcription was carried out by using the cleaned double-stranded cDNA as a template in the presence of biotinylated UTP and CTP.","9606","Purified biotin-labeled cRNA was fragmented before the hybridization. Hybridization of the labeled cRNA to Human Genome U133A and U133A 2.0 chips (Affymetrix, Santa Clara, CA) was carried out by using Genechip Instrument System (Affymetrix) at the Genechip Core Facility of Washington University (Saint Louis, MO).","The arrays were washed and stained with streptavidin-phycoerythrin (Molecular Probes, Eugene, OR) followed by scanning on an Agilent GeneArray Scanner G2500A (Agilent Technologies, Palo Alto, CA), and then scanned by an Affymetrix Genearray Scanner.","03-13L c","Caucasian American","The Hu133av2 and Hu133a data were first separately normalized by using RMA method. Then the data were combined based on the common probeset Ids (Hu133a's Probeset Ids) and followed by quantile normalization to reduce the batch effects.","GPL571","Pan,,Du","dupan@northwestern.edu","Northwestern University","676 N ST Clair St, 1200#","Chicago","IL","60611","USA","ftp://ftp.ncbi.nlm.nih.gov/geo/samples/GSM251nnn/GSM251500/suppl/GSM251500.CEL.gz","22277"
"04-4L-rep1","GSM251501","Public on Jan 31 2008","Dec 18 2007","Dec 22 2007","RNA","1","Human optic nerve head astrocytes, normal","Homo sapiens","Caucasian American, male, age 42, normal","Four explants from each lamina cribrosa were dissected and placed into 25-cm2 Primaria tissue culture flasks and maintained in DMEM-F12 supplemented with 10% FBS and antibiotics.Cells were kept in a 37oC, 5% CO2 incubator. After 2-4 weeks, primary cultures were purified by using modified immunopanning procedure described by Mi and Barres (1999). Purified cells were expanded after characterization by immunostaining for astrocyte markers GFAP and NCAM as described (Yang and Hernandez, 2003). Second passage cell cultures were stored in RPMI 1640 with 10% DMSO in liquid nitrogen until use.","total RNA","Total RNA was extracted using Qiagen RNeasy mini kits (Qiagen, Valencia, CA). RNA was then purified and quantified by measuring absorbance at 260 nm. Quality and intactness of the RNA was assessed by capillary electrophoresis analysis using an Agilent 2100 Bioanalyzer (Agilent, Palo Alto, CA).","biotin","cRNA was synthesized from 2-5 µg purified RNA by using Superscript Choice system (Gibco BRL Life Technologies, Gaithersburg, MD ) and  T7-(dT)24 primer (GENSET, La Jolla, CA). Using Bioassay High Yield RNA Transcript Labeling Kit (Enzo Diagnostics, Farmingdale, NY), in vitro transcription was carried out by using the cleaned double-stranded cDNA as a template in the presence of biotinylated UTP and CTP.","9606","Purified biotin-labeled cRNA was fragmented before the hybridization. Hybridization of the labeled cRNA to Human Genome U133A and U133A 2.0 chips (Affymetrix, Santa Clara, CA) was carried out by using Genechip Instrument System (Affymetrix) at the Genechip Core Facility of Washington University (Saint Louis, MO).","The arrays were washed and stained with streptavidin-phycoerythrin (Molecular Probes, Eugene, OR) followed by scanning on an Agilent GeneArray Scanner G2500A (Agilent Technologies, Palo Alto, CA), and then scanned by an Affymetrix Genearray Scanner.","04-4L a","Caucasian American","The Hu133av2 and Hu133a data were first separately normalized by using RMA method. Then the data were combined based on the common probeset Ids (Hu133a's Probeset Ids) and followed by quantile normalization to reduce the batch effects.","GPL571","Pan,,Du","dupan@northwestern.edu","Northwestern University","676 N ST Clair St, 1200#","Chicago","IL","60611","USA","ftp://ftp.ncbi.nlm.nih.gov/geo/samples/GSM251nnn/GSM251501/suppl/GSM251501.CEL.gz","22277"
"04-4L-rep2","GSM251502","Public on Jan 31 2008","Dec 18 2007","Dec 22 2007","RNA","1","Human optic nerve head astrocytes, normal","Homo sapiens","Caucasian American, male, age 42, normal","Four explants from each lamina cribrosa were dissected and placed into 25-cm2 Primaria tissue culture flasks and maintained in DMEM-F12 supplemented with 10% FBS and antibiotics.Cells were kept in a 37oC, 5% CO2 incubator. After 2-4 weeks, primary cultures were purified by using modified immunopanning procedure described by Mi and Barres (1999). Purified cells were expanded after characterization by immunostaining for astrocyte markers GFAP and NCAM as described (Yang and Hernandez, 2003). Second passage cell cultures were stored in RPMI 1640 with 10% DMSO in liquid nitrogen until use.","total RNA","Total RNA was extracted using Qiagen RNeasy mini kits (Qiagen, Valencia, CA). RNA was then purified and quantified by measuring absorbance at 260 nm. Quality and intactness of the RNA was assessed by capillary electrophoresis analysis using an Agilent 2100 Bioanalyzer (Agilent, Palo Alto, CA).","biotin","cRNA was synthesized from 2-5 µg purified RNA by using Superscript Choice system (Gibco BRL Life Technologies, Gaithersburg, MD ) and  T7-(dT)24 primer (GENSET, La Jolla, CA). Using Bioassay High Yield RNA Transcript Labeling Kit (Enzo Diagnostics, Farmingdale, NY), in vitro transcription was carried out by using the cleaned double-stranded cDNA as a template in the presence of biotinylated UTP and CTP.","9606","Purified biotin-labeled cRNA was fragmented before the hybridization. Hybridization of the labeled cRNA to Human Genome U133A and U133A 2.0 chips (Affymetrix, Santa Clara, CA) was carried out by using Genechip Instrument System (Affymetrix) at the Genechip Core Facility of Washington University (Saint Louis, MO).","The arrays were washed and stained with streptavidin-phycoerythrin (Molecular Probes, Eugene, OR) followed by scanning on an Agilent GeneArray Scanner G2500A (Agilent Technologies, Palo Alto, CA), and then scanned by an Affymetrix Genearray Scanner.","04-4L b","Caucasian American","The Hu133av2 and Hu133a data were first separately normalized by using RMA method. Then the data were combined based on the common probeset Ids (Hu133a's Probeset Ids) and followed by quantile normalization to reduce the batch effects.","GPL571","Pan,,Du","dupan@northwestern.edu","Northwestern University","676 N ST Clair St, 1200#","Chicago","IL","60611","USA","ftp://ftp.ncbi.nlm.nih.gov/geo/samples/GSM251nnn/GSM251502/suppl/GSM251502.CEL.gz","22277"
"04-6L-rep1","GSM251503","Public on Jan 31 2008","Dec 18 2007","Dec 22 2007","RNA","1","Human optic nerve head astrocytes, normal","Homo sapiens","Caucasian American, male, age 57, normal","Four explants from each lamina cribrosa were dissected and placed into 25-cm2 Primaria tissue culture flasks and maintained in DMEM-F12 supplemented with 10% FBS and antibiotics.Cells were kept in a 37oC, 5% CO2 incubator. After 2-4 weeks, primary cultures were purified by using modified immunopanning procedure described by Mi and Barres (1999). Purified cells were expanded after characterization by immunostaining for astrocyte markers GFAP and NCAM as described (Yang and Hernandez, 2003). Second passage cell cultures were stored in RPMI 1640 with 10% DMSO in liquid nitrogen until use.","total RNA","Total RNA was extracted using Qiagen RNeasy mini kits (Qiagen, Valencia, CA). RNA was then purified and quantified by measuring absorbance at 260 nm. Quality and intactness of the RNA was assessed by capillary electrophoresis analysis using an Agilent 2100 Bioanalyzer (Agilent, Palo Alto, CA).","biotin","cRNA was synthesized from 2-5 µg purified RNA by using Superscript Choice system (Gibco BRL Life Technologies, Gaithersburg, MD ) and  T7-(dT)24 primer (GENSET, La Jolla, CA). Using Bioassay High Yield RNA Transcript Labeling Kit (Enzo Diagnostics, Farmingdale, NY), in vitro transcription was carried out by using the cleaned double-stranded cDNA as a template in the presence of biotinylated UTP and CTP.","9606","Purified biotin-labeled cRNA was fragmented before the hybridization. Hybridization of the labeled cRNA to Human Genome U133A and U133A 2.0 chips (Affymetrix, Santa Clara, CA) was carried out by using Genechip Instrument System (Affymetrix) at the Genechip Core Facility of Washington University (Saint Louis, MO).","The arrays were washed and stained with streptavidin-phycoerythrin (Molecular Probes, Eugene, OR) followed by scanning on an Agilent GeneArray Scanner G2500A (Agilent Technologies, Palo Alto, CA), and then scanned by an Affymetrix Genearray Scanner.","04-6L a","Caucasian American","The Hu133av2 and Hu133a data were first separately normalized by using RMA method. Then the data were combined based on the common probeset Ids (Hu133a's Probeset Ids) and followed by quantile normalization to reduce the batch effects.","GPL571","Pan,,Du","dupan@northwestern.edu","Northwestern University","676 N ST Clair St, 1200#","Chicago","IL","60611","USA","ftp://ftp.ncbi.nlm.nih.gov/geo/samples/GSM251nnn/GSM251503/suppl/GSM251503.CEL.gz","22277"
"04-6L-rep2","GSM251504","Public on Jan 31 2008","Dec 18 2007","Dec 22 2007","RNA","1","Human optic nerve head astrocytes, normal","Homo sapiens","Caucasian American, male, age 57, normal","Four explants from each lamina cribrosa were dissected and placed into 25-cm2 Primaria tissue culture flasks and maintained in DMEM-F12 supplemented with 10% FBS and antibiotics.Cells were kept in a 37oC, 5% CO2 incubator. After 2-4 weeks, primary cultures were purified by using modified immunopanning procedure described by Mi and Barres (1999). Purified cells were expanded after characterization by immunostaining for astrocyte markers GFAP and NCAM as described (Yang and Hernandez, 2003). Second passage cell cultures were stored in RPMI 1640 with 10% DMSO in liquid nitrogen until use.","total RNA","Total RNA was extracted using Qiagen RNeasy mini kits (Qiagen, Valencia, CA). RNA was then purified and quantified by measuring absorbance at 260 nm. Quality and intactness of the RNA was assessed by capillary electrophoresis analysis using an Agilent 2100 Bioanalyzer (Agilent, Palo Alto, CA).","biotin","cRNA was synthesized from 2-5 µg purified RNA by using Superscript Choice system (Gibco BRL Life Technologies, Gaithersburg, MD ) and  T7-(dT)24 primer (GENSET, La Jolla, CA). Using Bioassay High Yield RNA Transcript Labeling Kit (Enzo Diagnostics, Farmingdale, NY), in vitro transcription was carried out by using the cleaned double-stranded cDNA as a template in the presence of biotinylated UTP and CTP.","9606","Purified biotin-labeled cRNA was fragmented before the hybridization. Hybridization of the labeled cRNA to Human Genome U133A and U133A 2.0 chips (Affymetrix, Santa Clara, CA) was carried out by using Genechip Instrument System (Affymetrix) at the Genechip Core Facility of Washington University (Saint Louis, MO).","The arrays were washed and stained with streptavidin-phycoerythrin (Molecular Probes, Eugene, OR) followed by scanning on an Agilent GeneArray Scanner G2500A (Agilent Technologies, Palo Alto, CA), and then scanned by an Affymetrix Genearray Scanner.","04-6L b","Caucasian American","The Hu133av2 and Hu133a data were first separately normalized by using RMA method. Then the data were combined based on the common probeset Ids (Hu133a's Probeset Ids) and followed by quantile normalization to reduce the batch effects.","GPL571","Pan,,Du","dupan@northwestern.edu","Northwestern University","676 N ST Clair St, 1200#","Chicago","IL","60611","USA","ftp://ftp.ncbi.nlm.nih.gov/geo/samples/GSM251nnn/GSM251504/suppl/GSM251504.CEL.gz","22277"
"04-19L-rep1","GSM251505","Public on Jan 31 2008","Dec 18 2007","Dec 22 2007","RNA","1","Human optic nerve head astrocytes, normal","Homo sapiens","Caucasian American, male, age 50, normal","Four explants from each lamina cribrosa were dissected and placed into 25-cm2 Primaria tissue culture flasks and maintained in DMEM-F12 supplemented with 10% FBS and antibiotics.Cells were kept in a 37oC, 5% CO2 incubator. After 2-4 weeks, primary cultures were purified by using modified immunopanning procedure described by Mi and Barres (1999). Purified cells were expanded after characterization by immunostaining for astrocyte markers GFAP and NCAM as described (Yang and Hernandez, 2003). Second passage cell cultures were stored in RPMI 1640 with 10% DMSO in liquid nitrogen until use.","total RNA","Total RNA was extracted using Qiagen RNeasy mini kits (Qiagen, Valencia, CA). RNA was then purified and quantified by measuring absorbance at 260 nm. Quality and intactness of the RNA was assessed by capillary electrophoresis analysis using an Agilent 2100 Bioanalyzer (Agilent, Palo Alto, CA).","biotin","cRNA was synthesized from 2-5 µg purified RNA by using Superscript Choice system (Gibco BRL Life Technologies, Gaithersburg, MD ) and  T7-(dT)24 primer (GENSET, La Jolla, CA). Using Bioassay High Yield RNA Transcript Labeling Kit (Enzo Diagnostics, Farmingdale, NY), in vitro transcription was carried out by using the cleaned double-stranded cDNA as a template in the presence of biotinylated UTP and CTP.","9606","Purified biotin-labeled cRNA was fragmented before the hybridization. Hybridization of the labeled cRNA to Human Genome U133A and U133A 2.0 chips (Affymetrix, Santa Clara, CA) was carried out by using Genechip Instrument System (Affymetrix) at the Genechip Core Facility of Washington University (Saint Louis, MO).","The arrays were washed and stained with streptavidin-phycoerythrin (Molecular Probes, Eugene, OR) followed by scanning on an Agilent GeneArray Scanner G2500A (Agilent Technologies, Palo Alto, CA), and then scanned by an Affymetrix Genearray Scanner.","04-19L a","Caucasian American","The Hu133av2 and Hu133a data were first separately normalized by using RMA method. Then the data were combined based on the common probeset Ids (Hu133a's Probeset Ids) and followed by quantile normalization to reduce the batch effects.","GPL571","Pan,,Du","dupan@northwestern.edu","Northwestern University","676 N ST Clair St, 1200#","Chicago","IL","60611","USA","ftp://ftp.ncbi.nlm.nih.gov/geo/samples/GSM251nnn/GSM251505/suppl/GSM251505.CEL.gz","22277"
"04-19L-rep2","GSM251506","Public on Jan 31 2008","Dec 18 2007","Dec 22 2007","RNA","1","Human optic nerve head astrocytes, normal","Homo sapiens","Caucasian American, male, age 50, normal","Four explants from each lamina cribrosa were dissected and placed into 25-cm2 Primaria tissue culture flasks and maintained in DMEM-F12 supplemented with 10% FBS and antibiotics.Cells were kept in a 37oC, 5% CO2 incubator. After 2-4 weeks, primary cultures were purified by using modified immunopanning procedure described by Mi and Barres (1999). Purified cells were expanded after characterization by immunostaining for astrocyte markers GFAP and NCAM as described (Yang and Hernandez, 2003). Second passage cell cultures were stored in RPMI 1640 with 10% DMSO in liquid nitrogen until use.","total RNA","Total RNA was extracted using Qiagen RNeasy mini kits (Qiagen, Valencia, CA). RNA was then purified and quantified by measuring absorbance at 260 nm. Quality and intactness of the RNA was assessed by capillary electrophoresis analysis using an Agilent 2100 Bioanalyzer (Agilent, Palo Alto, CA).","biotin","cRNA was synthesized from 2-5 µg purified RNA by using Superscript Choice system (Gibco BRL Life Technologies, Gaithersburg, MD ) and  T7-(dT)24 primer (GENSET, La Jolla, CA). Using Bioassay High Yield RNA Transcript Labeling Kit (Enzo Diagnostics, Farmingdale, NY), in vitro transcription was carried out by using the cleaned double-stranded cDNA as a template in the presence of biotinylated UTP and CTP.","9606","Purified biotin-labeled cRNA was fragmented before the hybridization. Hybridization of the labeled cRNA to Human Genome U133A and U133A 2.0 chips (Affymetrix, Santa Clara, CA) was carried out by using Genechip Instrument System (Affymetrix) at the Genechip Core Facility of Washington University (Saint Louis, MO).","The arrays were washed and stained with streptavidin-phycoerythrin (Molecular Probes, Eugene, OR) followed by scanning on an Agilent GeneArray Scanner G2500A (Agilent Technologies, Palo Alto, CA), and then scanned by an Affymetrix Genearray Scanner.","04-19L b","Caucasian American","The Hu133av2 and Hu133a data were first separately normalized by using RMA method. Then the data were combined based on the common probeset Ids (Hu133a's Probeset Ids) and followed by quantile normalization to reduce the batch effects.","GPL571","Pan,,Du","dupan@northwestern.edu","Northwestern University","676 N ST Clair St, 1200#","Chicago","IL","60611","USA","ftp://ftp.ncbi.nlm.nih.gov/geo/samples/GSM251nnn/GSM251506/suppl/GSM251506.CEL.gz","22277"
"05-5L-rep1","GSM251507","Public on Jan 31 2008","Dec 18 2007","Dec 22 2007","RNA","1","Human optic nerve head astrocytes, normal","Homo sapiens","Caucasian American, male, age 56, normal","Four explants from each lamina cribrosa were dissected and placed into 25-cm2 Primaria tissue culture flasks and maintained in DMEM-F12 supplemented with 10% FBS and antibiotics.Cells were kept in a 37oC, 5% CO2 incubator. After 2-4 weeks, primary cultures were purified by using modified immunopanning procedure described by Mi and Barres (1999). Purified cells were expanded after characterization by immunostaining for astrocyte markers GFAP and NCAM as described (Yang and Hernandez, 2003). Second passage cell cultures were stored in RPMI 1640 with 10% DMSO in liquid nitrogen until use.","total RNA","Total RNA was extracted using Qiagen RNeasy mini kits (Qiagen, Valencia, CA). RNA was then purified and quantified by measuring absorbance at 260 nm. Quality and intactness of the RNA was assessed by capillary electrophoresis analysis using an Agilent 2100 Bioanalyzer (Agilent, Palo Alto, CA).","biotin","cRNA was synthesized from 2-5 µg purified RNA by using Superscript Choice system (Gibco BRL Life Technologies, Gaithersburg, MD ) and  T7-(dT)24 primer (GENSET, La Jolla, CA). Using Bioassay High Yield RNA Transcript Labeling Kit (Enzo Diagnostics, Farmingdale, NY), in vitro transcription was carried out by using the cleaned double-stranded cDNA as a template in the presence of biotinylated UTP and CTP.","9606","Purified biotin-labeled cRNA was fragmented before the hybridization. Hybridization of the labeled cRNA to Human Genome U133A and U133A 2.0 chips (Affymetrix, Santa Clara, CA) was carried out by using Genechip Instrument System (Affymetrix) at the Genechip Core Facility of Washington University (Saint Louis, MO).","The arrays were washed and stained with streptavidin-phycoerythrin (Molecular Probes, Eugene, OR) followed by scanning on an Agilent GeneArray Scanner G2500A (Agilent Technologies, Palo Alto, CA), and then scanned by an Affymetrix Genearray Scanner.","05-5L a","Caucasian American","The Hu133av2 and Hu133a data were first separately normalized by using RMA method. Then the data were combined based on the common probeset Ids (Hu133a's Probeset Ids) and followed by quantile normalization to reduce the batch effects.","GPL571","Pan,,Du","dupan@northwestern.edu","Northwestern University","676 N ST Clair St, 1200#","Chicago","IL","60611","USA","ftp://ftp.ncbi.nlm.nih.gov/geo/samples/GSM251nnn/GSM251507/suppl/GSM251507.CEL.gz","22277"
"05-5L-rep2","GSM251508","Public on Jan 31 2008","Dec 18 2007","Dec 22 2007","RNA","1","Human optic nerve head astrocytes, normal","Homo sapiens","Caucasian American, male, age 56, normal","Four explants from each lamina cribrosa were dissected and placed into 25-cm2 Primaria tissue culture flasks and maintained in DMEM-F12 supplemented with 10% FBS and antibiotics.Cells were kept in a 37oC, 5% CO2 incubator. After 2-4 weeks, primary cultures were purified by using modified immunopanning procedure described by Mi and Barres (1999). Purified cells were expanded after characterization by immunostaining for astrocyte markers GFAP and NCAM as described (Yang and Hernandez, 2003). Second passage cell cultures were stored in RPMI 1640 with 10% DMSO in liquid nitrogen until use.","total RNA","Total RNA was extracted using Qiagen RNeasy mini kits (Qiagen, Valencia, CA). RNA was then purified and quantified by measuring absorbance at 260 nm. Quality and intactness of the RNA was assessed by capillary electrophoresis analysis using an Agilent 2100 Bioanalyzer (Agilent, Palo Alto, CA).","biotin","cRNA was synthesized from 2-5 µg purified RNA by using Superscript Choice system (Gibco BRL Life Technologies, Gaithersburg, MD ) and  T7-(dT)24 primer (GENSET, La Jolla, CA). Using Bioassay High Yield RNA Transcript Labeling Kit (Enzo Diagnostics, Farmingdale, NY), in vitro transcription was carried out by using the cleaned double-stranded cDNA as a template in the presence of biotinylated UTP and CTP.","9606","Purified biotin-labeled cRNA was fragmented before the hybridization. Hybridization of the labeled cRNA to Human Genome U133A and U133A 2.0 chips (Affymetrix, Santa Clara, CA) was carried out by using Genechip Instrument System (Affymetrix) at the Genechip Core Facility of Washington University (Saint Louis, MO).","The arrays were washed and stained with streptavidin-phycoerythrin (Molecular Probes, Eugene, OR) followed by scanning on an Agilent GeneArray Scanner G2500A (Agilent Technologies, Palo Alto, CA), and then scanned by an Affymetrix Genearray Scanner.","05-5L b","Caucasian American","The Hu133av2 and Hu133a data were first separately normalized by using RMA method. Then the data were combined based on the common probeset Ids (Hu133a's Probeset Ids) and followed by quantile normalization to reduce the batch effects.","GPL571","Pan,,Du","dupan@northwestern.edu","Northwestern University","676 N ST Clair St, 1200#","Chicago","IL","60611","USA","ftp://ftp.ncbi.nlm.nih.gov/geo/samples/GSM251nnn/GSM251508/suppl/GSM251508.CEL.gz","22277"
"04-2R-rep1","GSM251509","Public on Jan 31 2008","Dec 18 2007","Dec 22 2007","RNA","1","Human optic nerve head astrocytes, normal","Homo sapiens","Caucasian American, male, age 65, normal","Four explants from each lamina cribrosa were dissected and placed into 25-cm2 Primaria tissue culture flasks and maintained in DMEM-F12 supplemented with 10% FBS and antibiotics.Cells were kept in a 37oC, 5% CO2 incubator. After 2-4 weeks, primary cultures were purified by using modified immunopanning procedure described by Mi and Barres (1999). Purified cells were expanded after characterization by immunostaining for astrocyte markers GFAP and NCAM as described (Yang and Hernandez, 2003). Second passage cell cultures were stored in RPMI 1640 with 10% DMSO in liquid nitrogen until use.","total RNA","Total RNA was extracted using Qiagen RNeasy mini kits (Qiagen, Valencia, CA). RNA was then purified and quantified by measuring absorbance at 260 nm. Quality and intactness of the RNA was assessed by capillary electrophoresis analysis using an Agilent 2100 Bioanalyzer (Agilent, Palo Alto, CA).","biotin","cRNA was synthesized from 2-5 µg purified RNA by using Superscript Choice system (Gibco BRL Life Technologies, Gaithersburg, MD ) and  T7-(dT)24 primer (GENSET, La Jolla, CA). Using Bioassay High Yield RNA Transcript Labeling Kit (Enzo Diagnostics, Farmingdale, NY), in vitro transcription was carried out by using the cleaned double-stranded cDNA as a template in the presence of biotinylated UTP and CTP.","9606","Purified biotin-labeled cRNA was fragmented before the hybridization. Hybridization of the labeled cRNA to Human Genome U133A and U133A 2.0 chips (Affymetrix, Santa Clara, CA) was carried out by using Genechip Instrument System (Affymetrix) at the Genechip Core Facility of Washington University (Saint Louis, MO).","The arrays were washed and stained with streptavidin-phycoerythrin (Molecular Probes, Eugene, OR) followed by scanning on an Agilent GeneArray Scanner G2500A (Agilent Technologies, Palo Alto, CA), and then scanned by an Affymetrix Genearray Scanner.","04-2R a","Caucasian American","The Hu133av2 and Hu133a data were first separately normalized by using RMA method. Then the data were combined based on the common probeset Ids (Hu133a's Probeset Ids) and followed by quantile normalization to reduce the batch effects.","GPL571","Pan,,Du","dupan@northwestern.edu","Northwestern University","676 N ST Clair St, 1200#","Chicago","IL","60611","USA","ftp://ftp.ncbi.nlm.nih.gov/geo/samples/GSM251nnn/GSM251509/suppl/GSM251509.CEL.gz","22277"
"04-2R-rep2","GSM251510","Public on Jan 31 2008","Dec 18 2007","Dec 22 2007","RNA","1","Human optic nerve head astrocytes, normal","Homo sapiens","Caucasian American, male, age 65, normal","Four explants from each lamina cribrosa were dissected and placed into 25-cm2 Primaria tissue culture flasks and maintained in DMEM-F12 supplemented with 10% FBS and antibiotics.Cells were kept in a 37oC, 5% CO2 incubator. After 2-4 weeks, primary cultures were purified by using modified immunopanning procedure described by Mi and Barres (1999). Purified cells were expanded after characterization by immunostaining for astrocyte markers GFAP and NCAM as described (Yang and Hernandez, 2003). Second passage cell cultures were stored in RPMI 1640 with 10% DMSO in liquid nitrogen until use.","total RNA","Total RNA was extracted using Qiagen RNeasy mini kits (Qiagen, Valencia, CA). RNA was then purified and quantified by measuring absorbance at 260 nm. Quality and intactness of the RNA was assessed by capillary electrophoresis analysis using an Agilent 2100 Bioanalyzer (Agilent, Palo Alto, CA).","biotin","cRNA was synthesized from 2-5 µg purified RNA by using Superscript Choice system (Gibco BRL Life Technologies, Gaithersburg, MD ) and  T7-(dT)24 primer (GENSET, La Jolla, CA). Using Bioassay High Yield RNA Transcript Labeling Kit (Enzo Diagnostics, Farmingdale, NY), in vitro transcription was carried out by using the cleaned double-stranded cDNA as a template in the presence of biotinylated UTP and CTP.","9606","Purified biotin-labeled cRNA was fragmented before the hybridization. Hybridization of the labeled cRNA to Human Genome U133A and U133A 2.0 chips (Affymetrix, Santa Clara, CA) was carried out by using Genechip Instrument System (Affymetrix) at the Genechip Core Facility of Washington University (Saint Louis, MO).","The arrays were washed and stained with streptavidin-phycoerythrin (Molecular Probes, Eugene, OR) followed by scanning on an Agilent GeneArray Scanner G2500A (Agilent Technologies, Palo Alto, CA), and then scanned by an Affymetrix Genearray Scanner.","04-2R b","Caucasian American","The Hu133av2 and Hu133a data were first separately normalized by using RMA method. Then the data were combined based on the common probeset Ids (Hu133a's Probeset Ids) and followed by quantile normalization to reduce the batch effects.","GPL571","Pan,,Du","dupan@northwestern.edu","Northwestern University","676 N ST Clair St, 1200#","Chicago","IL","60611","USA","ftp://ftp.ncbi.nlm.nih.gov/geo/samples/GSM251nnn/GSM251510/suppl/GSM251510.CEL.gz","22277"
"05-11R-rep1","GSM251511","Public on Jan 31 2008","Dec 18 2007","Dec 22 2007","RNA","1","Human optic nerve head astrocytes, normal","Homo sapiens","Caucasian American, male, age 68, normal","Four explants from each lamina cribrosa were dissected and placed into 25-cm2 Primaria tissue culture flasks and maintained in DMEM-F12 supplemented with 10% FBS and antibiotics.Cells were kept in a 37oC, 5% CO2 incubator. After 2-4 weeks, primary cultures were purified by using modified immunopanning procedure described by Mi and Barres (1999). Purified cells were expanded after characterization by immunostaining for astrocyte markers GFAP and NCAM as described (Yang and Hernandez, 2003). Second passage cell cultures were stored in RPMI 1640 with 10% DMSO in liquid nitrogen until use.","total RNA","Total RNA was extracted using Qiagen RNeasy mini kits (Qiagen, Valencia, CA). RNA was then purified and quantified by measuring absorbance at 260 nm. Quality and intactness of the RNA was assessed by capillary electrophoresis analysis using an Agilent 2100 Bioanalyzer (Agilent, Palo Alto, CA).","biotin","cRNA was synthesized from 2-5 µg purified RNA by using Superscript Choice system (Gibco BRL Life Technologies, Gaithersburg, MD ) and  T7-(dT)24 primer (GENSET, La Jolla, CA). Using Bioassay High Yield RNA Transcript Labeling Kit (Enzo Diagnostics, Farmingdale, NY), in vitro transcription was carried out by using the cleaned double-stranded cDNA as a template in the presence of biotinylated UTP and CTP.","9606","Purified biotin-labeled cRNA was fragmented before the hybridization. Hybridization of the labeled cRNA to Human Genome U133A and U133A 2.0 chips (Affymetrix, Santa Clara, CA) was carried out by using Genechip Instrument System (Affymetrix) at the Genechip Core Facility of Washington University (Saint Louis, MO).","The arrays were washed and stained with streptavidin-phycoerythrin (Molecular Probes, Eugene, OR) followed by scanning on an Agilent GeneArray Scanner G2500A (Agilent Technologies, Palo Alto, CA), and then scanned by an Affymetrix Genearray Scanner.","05-11R a","Caucasian American","The Hu133av2 and Hu133a data were first separately normalized by using RMA method. Then the data were combined based on the common probeset Ids (Hu133a's Probeset Ids) and followed by quantile normalization to reduce the batch effects.","GPL571","Pan,,Du","dupan@northwestern.edu","Northwestern University","676 N ST Clair St, 1200#","Chicago","IL","60611","USA","ftp://ftp.ncbi.nlm.nih.gov/geo/samples/GSM251nnn/GSM251511/suppl/GSM251511.CEL.gz","22277"
"05-11R-rep2","GSM251512","Public on Jan 31 2008","Dec 18 2007","Dec 22 2007","RNA","1","Human optic nerve head astrocytes, normal","Homo sapiens","Caucasian American, male, age 68, normal","Four explants from each lamina cribrosa were dissected and placed into 25-cm2 Primaria tissue culture flasks and maintained in DMEM-F12 supplemented with 10% FBS and antibiotics.Cells were kept in a 37oC, 5% CO2 incubator. After 2-4 weeks, primary cultures were purified by using modified immunopanning procedure described by Mi and Barres (1999). Purified cells were expanded after characterization by immunostaining for astrocyte markers GFAP and NCAM as described (Yang and Hernandez, 2003). Second passage cell cultures were stored in RPMI 1640 with 10% DMSO in liquid nitrogen until use.","total RNA","Total RNA was extracted using Qiagen RNeasy mini kits (Qiagen, Valencia, CA). RNA was then purified and quantified by measuring absorbance at 260 nm. Quality and intactness of the RNA was assessed by capillary electrophoresis analysis using an Agilent 2100 Bioanalyzer (Agilent, Palo Alto, CA).","biotin","cRNA was synthesized from 2-5 µg purified RNA by using Superscript Choice system (Gibco BRL Life Technologies, Gaithersburg, MD ) and  T7-(dT)24 primer (GENSET, La Jolla, CA). Using Bioassay High Yield RNA Transcript Labeling Kit (Enzo Diagnostics, Farmingdale, NY), in vitro transcription was carried out by using the cleaned double-stranded cDNA as a template in the presence of biotinylated UTP and CTP.","9606","Purified biotin-labeled cRNA was fragmented before the hybridization. Hybridization of the labeled cRNA to Human Genome U133A and U133A 2.0 chips (Affymetrix, Santa Clara, CA) was carried out by using Genechip Instrument System (Affymetrix) at the Genechip Core Facility of Washington University (Saint Louis, MO).","The arrays were washed and stained with streptavidin-phycoerythrin (Molecular Probes, Eugene, OR) followed by scanning on an Agilent GeneArray Scanner G2500A (Agilent Technologies, Palo Alto, CA), and then scanned by an Affymetrix Genearray Scanner.","05-11R b","Caucasian American","The Hu133av2 and Hu133a data were first separately normalized by using RMA method. Then the data were combined based on the common probeset Ids (Hu133a's Probeset Ids) and followed by quantile normalization to reduce the batch effects.","GPL571","Pan,,Du","dupan@northwestern.edu","Northwestern University","676 N ST Clair St, 1200#","Chicago","IL","60611","USA","ftp://ftp.ncbi.nlm.nih.gov/geo/samples/GSM251nnn/GSM251512/suppl/GSM251512.CEL.gz","22277"
"03-6R-rep1","GSM251513","Public on Jan 31 2008","Dec 18 2007","Dec 22 2007","RNA","1","Human optic nerve head astrocytes, normal","Homo sapiens","African American, male, age 45, normal","Four explants from each lamina cribrosa were dissected and placed into 25-cm2 Primaria tissue culture flasks and maintained in DMEM-F12 supplemented with 10% FBS and antibiotics.Cells were kept in a 37oC, 5% CO2 incubator. After 2-4 weeks, primary cultures were purified by using modified immunopanning procedure described by Mi and Barres (1999). Purified cells were expanded after characterization by immunostaining for astrocyte markers GFAP and NCAM as described (Yang and Hernandez, 2003). Second passage cell cultures were stored in RPMI 1640 with 10% DMSO in liquid nitrogen until use.","total RNA","Total RNA was extracted using Qiagen RNeasy mini kits (Qiagen, Valencia, CA). RNA was then purified and quantified by measuring absorbance at 260 nm. Quality and intactness of the RNA was assessed by capillary electrophoresis analysis using an Agilent 2100 Bioanalyzer (Agilent, Palo Alto, CA).","biotin","cRNA was synthesized from 2-5 µg purified RNA by using Superscript Choice system (Gibco BRL Life Technologies, Gaithersburg, MD ) and  T7-(dT)24 primer (GENSET, La Jolla, CA). Using Bioassay High Yield RNA Transcript Labeling Kit (Enzo Diagnostics, Farmingdale, NY), in vitro transcription was carried out by using the cleaned double-stranded cDNA as a template in the presence of biotinylated UTP and CTP.","9606","Purified biotin-labeled cRNA was fragmented before the hybridization. Hybridization of the labeled cRNA to Human Genome U133A and U133A 2.0 chips (Affymetrix, Santa Clara, CA) was carried out by using Genechip Instrument System (Affymetrix) at the Genechip Core Facility of Washington University (Saint Louis, MO).","The arrays were washed and stained with streptavidin-phycoerythrin (Molecular Probes, Eugene, OR) followed by scanning on an Agilent GeneArray Scanner G2500A (Agilent Technologies, Palo Alto, CA), and then scanned by an Affymetrix Genearray Scanner.","03-6R a","African American","The Hu133av2 and Hu133a data were first separately normalized by using RMA method. Then the data were combined based on the common probeset Ids (Hu133a's Probeset Ids) and followed by quantile normalization to reduce the batch effects.","GPL571","Pan,,Du","dupan@northwestern.edu","Northwestern University","676 N ST Clair St, 1200#","Chicago","IL","60611","USA","ftp://ftp.ncbi.nlm.nih.gov/geo/samples/GSM251nnn/GSM251513/suppl/GSM251513.CEL.gz","22277"
"03-6R-rep2","GSM251514","Public on Jan 31 2008","Dec 18 2007","Dec 22 2007","RNA","1","Human optic nerve head astrocytes, normal","Homo sapiens","African American, male, age 45, normal","Four explants from each lamina cribrosa were dissected and placed into 25-cm2 Primaria tissue culture flasks and maintained in DMEM-F12 supplemented with 10% FBS and antibiotics.Cells were kept in a 37oC, 5% CO2 incubator. After 2-4 weeks, primary cultures were purified by using modified immunopanning procedure described by Mi and Barres (1999). Purified cells were expanded after characterization by immunostaining for astrocyte markers GFAP and NCAM as described (Yang and Hernandez, 2003). Second passage cell cultures were stored in RPMI 1640 with 10% DMSO in liquid nitrogen until use.","total RNA","Total RNA was extracted using Qiagen RNeasy mini kits (Qiagen, Valencia, CA). RNA was then purified and quantified by measuring absorbance at 260 nm. Quality and intactness of the RNA was assessed by capillary electrophoresis analysis using an Agilent 2100 Bioanalyzer (Agilent, Palo Alto, CA).","biotin","cRNA was synthesized from 2-5 µg purified RNA by using Superscript Choice system (Gibco BRL Life Technologies, Gaithersburg, MD ) and  T7-(dT)24 primer (GENSET, La Jolla, CA). Using Bioassay High Yield RNA Transcript Labeling Kit (Enzo Diagnostics, Farmingdale, NY), in vitro transcription was carried out by using the cleaned double-stranded cDNA as a template in the presence of biotinylated UTP and CTP.","9606","Purified biotin-labeled cRNA was fragmented before the hybridization. Hybridization of the labeled cRNA to Human Genome U133A and U133A 2.0 chips (Affymetrix, Santa Clara, CA) was carried out by using Genechip Instrument System (Affymetrix) at the Genechip Core Facility of Washington University (Saint Louis, MO).","The arrays were washed and stained with streptavidin-phycoerythrin (Molecular Probes, Eugene, OR) followed by scanning on an Agilent GeneArray Scanner G2500A (Agilent Technologies, Palo Alto, CA), and then scanned by an Affymetrix Genearray Scanner.","03-6R c","African American","The Hu133av2 and Hu133a data were first separately normalized by using RMA method. Then the data were combined based on the common probeset Ids (Hu133a's Probeset Ids) and followed by quantile normalization to reduce the batch effects.","GPL571","Pan,,Du","dupan@northwestern.edu","Northwestern University","676 N ST Clair St, 1200#","Chicago","IL","60611","USA","ftp://ftp.ncbi.nlm.nih.gov/geo/samples/GSM251nnn/GSM251514/suppl/GSM251514.CEL.gz","22277"
"03-19L-rep1","GSM251515","Public on Jan 31 2008","Dec 18 2007","Dec 22 2007","RNA","1","Human optic nerve head astrocytes, normal","Homo sapiens","African American, male, age 56, normal","Four explants from each lamina cribrosa were dissected and placed into 25-cm2 Primaria tissue culture flasks and maintained in DMEM-F12 supplemented with 10% FBS and antibiotics.Cells were kept in a 37oC, 5% CO2 incubator. After 2-4 weeks, primary cultures were purified by using modified immunopanning procedure described by Mi and Barres (1999). Purified cells were expanded after characterization by immunostaining for astrocyte markers GFAP and NCAM as described (Yang and Hernandez, 2003). Second passage cell cultures were stored in RPMI 1640 with 10% DMSO in liquid nitrogen until use.","total RNA","Total RNA was extracted using Qiagen RNeasy mini kits (Qiagen, Valencia, CA). RNA was then purified and quantified by measuring absorbance at 260 nm. Quality and intactness of the RNA was assessed by capillary electrophoresis analysis using an Agilent 2100 Bioanalyzer (Agilent, Palo Alto, CA).","biotin","cRNA was synthesized from 2-5 µg purified RNA by using Superscript Choice system (Gibco BRL Life Technologies, Gaithersburg, MD ) and  T7-(dT)24 primer (GENSET, La Jolla, CA). Using Bioassay High Yield RNA Transcript Labeling Kit (Enzo Diagnostics, Farmingdale, NY), in vitro transcription was carried out by using the cleaned double-stranded cDNA as a template in the presence of biotinylated UTP and CTP.","9606","Purified biotin-labeled cRNA was fragmented before the hybridization. Hybridization of the labeled cRNA to Human Genome U133A and U133A 2.0 chips (Affymetrix, Santa Clara, CA) was carried out by using Genechip Instrument System (Affymetrix) at the Genechip Core Facility of Washington University (Saint Louis, MO).","The arrays were washed and stained with streptavidin-phycoerythrin (Molecular Probes, Eugene, OR) followed by scanning on an Agilent GeneArray Scanner G2500A (Agilent Technologies, Palo Alto, CA), and then scanned by an Affymetrix Genearray Scanner.","03-19L a","African American","The Hu133av2 and Hu133a data were first separately normalized by using RMA method. Then the data were combined based on the common probeset Ids (Hu133a's Probeset Ids) and followed by quantile normalization to reduce the batch effects.","GPL571","Pan,,Du","dupan@northwestern.edu","Northwestern University","676 N ST Clair St, 1200#","Chicago","IL","60611","USA","ftp://ftp.ncbi.nlm.nih.gov/geo/samples/GSM251nnn/GSM251515/suppl/GSM251515.CEL.gz","22277"
"03-19L-rep2","GSM251516","Public on Jan 31 2008","Dec 18 2007","Dec 22 2007","RNA","1","Human optic nerve head astrocytes, normal","Homo sapiens","African American, male, age 56, normal","Four explants from each lamina cribrosa were dissected and placed into 25-cm2 Primaria tissue culture flasks and maintained in DMEM-F12 supplemented with 10% FBS and antibiotics.Cells were kept in a 37oC, 5% CO2 incubator. After 2-4 weeks, primary cultures were purified by using modified immunopanning procedure described by Mi and Barres (1999). Purified cells were expanded after characterization by immunostaining for astrocyte markers GFAP and NCAM as described (Yang and Hernandez, 2003). Second passage cell cultures were stored in RPMI 1640 with 10% DMSO in liquid nitrogen until use.","total RNA","Total RNA was extracted using Qiagen RNeasy mini kits (Qiagen, Valencia, CA). RNA was then purified and quantified by measuring absorbance at 260 nm. Quality and intactness of the RNA was assessed by capillary electrophoresis analysis using an Agilent 2100 Bioanalyzer (Agilent, Palo Alto, CA).","biotin","cRNA was synthesized from 2-5 µg purified RNA by using Superscript Choice system (Gibco BRL Life Technologies, Gaithersburg, MD ) and  T7-(dT)24 primer (GENSET, La Jolla, CA). Using Bioassay High Yield RNA Transcript Labeling Kit (Enzo Diagnostics, Farmingdale, NY), in vitro transcription was carried out by using the cleaned double-stranded cDNA as a template in the presence of biotinylated UTP and CTP.","9606","Purified biotin-labeled cRNA was fragmented before the hybridization. Hybridization of the labeled cRNA to Human Genome U133A and U133A 2.0 chips (Affymetrix, Santa Clara, CA) was carried out by using Genechip Instrument System (Affymetrix) at the Genechip Core Facility of Washington University (Saint Louis, MO).","The arrays were washed and stained with streptavidin-phycoerythrin (Molecular Probes, Eugene, OR) followed by scanning on an Agilent GeneArray Scanner G2500A (Agilent Technologies, Palo Alto, CA), and then scanned by an Affymetrix Genearray Scanner.","03-19L c","African American","The Hu133av2 and Hu133a data were first separately normalized by using RMA method. Then the data were combined based on the common probeset Ids (Hu133a's Probeset Ids) and followed by quantile normalization to reduce the batch effects.","GPL571","Pan,,Du","dupan@northwestern.edu","Northwestern University","676 N ST Clair St, 1200#","Chicago","IL","60611","USA","ftp://ftp.ncbi.nlm.nih.gov/geo/samples/GSM251nnn/GSM251516/suppl/GSM251516.CEL.gz","22277"
"04-15L-rep1","GSM251517","Public on Jan 31 2008","Dec 18 2007","Dec 22 2007","RNA","1","Human optic nerve head astrocytes, normal","Homo sapiens","African American, female, age 70, normal","Four explants from each lamina cribrosa were dissected and placed into 25-cm2 Primaria tissue culture flasks and maintained in DMEM-F12 supplemented with 10% FBS and antibiotics.Cells were kept in a 37oC, 5% CO2 incubator. After 2-4 weeks, primary cultures were purified by using modified immunopanning procedure described by Mi and Barres (1999). Purified cells were expanded after characterization by immunostaining for astrocyte markers GFAP and NCAM as described (Yang and Hernandez, 2003). Second passage cell cultures were stored in RPMI 1640 with 10% DMSO in liquid nitrogen until use.","total RNA","Total RNA was extracted using Qiagen RNeasy mini kits (Qiagen, Valencia, CA). RNA was then purified and quantified by measuring absorbance at 260 nm. Quality and intactness of the RNA was assessed by capillary electrophoresis analysis using an Agilent 2100 Bioanalyzer (Agilent, Palo Alto, CA).","biotin","cRNA was synthesized from 2-5 µg purified RNA by using Superscript Choice system (Gibco BRL Life Technologies, Gaithersburg, MD ) and  T7-(dT)24 primer (GENSET, La Jolla, CA). Using Bioassay High Yield RNA Transcript Labeling Kit (Enzo Diagnostics, Farmingdale, NY), in vitro transcription was carried out by using the cleaned double-stranded cDNA as a template in the presence of biotinylated UTP and CTP.","9606","Purified biotin-labeled cRNA was fragmented before the hybridization. Hybridization of the labeled cRNA to Human Genome U133A and U133A 2.0 chips (Affymetrix, Santa Clara, CA) was carried out by using Genechip Instrument System (Affymetrix) at the Genechip Core Facility of Washington University (Saint Louis, MO).","The arrays were washed and stained with streptavidin-phycoerythrin (Molecular Probes, Eugene, OR) followed by scanning on an Agilent GeneArray Scanner G2500A (Agilent Technologies, Palo Alto, CA), and then scanned by an Affymetrix Genearray Scanner.","04-15L a","African American","The Hu133av2 and Hu133a data were first separately normalized by using RMA method. Then the data were combined based on the common probeset Ids (Hu133a's Probeset Ids) and followed by quantile normalization to reduce the batch effects.","GPL571","Pan,,Du","dupan@northwestern.edu","Northwestern University","676 N ST Clair St, 1200#","Chicago","IL","60611","USA","ftp://ftp.ncbi.nlm.nih.gov/geo/samples/GSM251nnn/GSM251517/suppl/GSM251517.CEL.gz","22277"
"04-15L-rep2","GSM251518","Public on Jan 31 2008","Dec 18 2007","Dec 22 2007","RNA","1","Human optic nerve head astrocytes, normal","Homo sapiens","African American, female, age 70, normal","Four explants from each lamina cribrosa were dissected and placed into 25-cm2 Primaria tissue culture flasks and maintained in DMEM-F12 supplemented with 10% FBS and antibiotics.Cells were kept in a 37oC, 5% CO2 incubator. After 2-4 weeks, primary cultures were purified by using modified immunopanning procedure described by Mi and Barres (1999). Purified cells were expanded after characterization by immunostaining for astrocyte markers GFAP and NCAM as described (Yang and Hernandez, 2003). Second passage cell cultures were stored in RPMI 1640 with 10% DMSO in liquid nitrogen until use.","total RNA","Total RNA was extracted using Qiagen RNeasy mini kits (Qiagen, Valencia, CA). RNA was then purified and quantified by measuring absorbance at 260 nm. Quality and intactness of the RNA was assessed by capillary electrophoresis analysis using an Agilent 2100 Bioanalyzer (Agilent, Palo Alto, CA).","biotin","cRNA was synthesized from 2-5 µg purified RNA by using Superscript Choice system (Gibco BRL Life Technologies, Gaithersburg, MD ) and  T7-(dT)24 primer (GENSET, La Jolla, CA). Using Bioassay High Yield RNA Transcript Labeling Kit (Enzo Diagnostics, Farmingdale, NY), in vitro transcription was carried out by using the cleaned double-stranded cDNA as a template in the presence of biotinylated UTP and CTP.","9606","Purified biotin-labeled cRNA was fragmented before the hybridization. Hybridization of the labeled cRNA to Human Genome U133A and U133A 2.0 chips (Affymetrix, Santa Clara, CA) was carried out by using Genechip Instrument System (Affymetrix) at the Genechip Core Facility of Washington University (Saint Louis, MO).","The arrays were washed and stained with streptavidin-phycoerythrin (Molecular Probes, Eugene, OR) followed by scanning on an Agilent GeneArray Scanner G2500A (Agilent Technologies, Palo Alto, CA), and then scanned by an Affymetrix Genearray Scanner.","04-15L b","African American","The Hu133av2 and Hu133a data were first separately normalized by using RMA method. Then the data were combined based on the common probeset Ids (Hu133a's Probeset Ids) and followed by quantile normalization to reduce the batch effects.","GPL571","Pan,,Du","dupan@northwestern.edu","Northwestern University","676 N ST Clair St, 1200#","Chicago","IL","60611","USA","ftp://ftp.ncbi.nlm.nih.gov/geo/samples/GSM251nnn/GSM251518/suppl/GSM251518.CEL.gz","22277"
"04-21R-rep1","GSM251519","Public on Jan 31 2008","Dec 18 2007","Dec 22 2007","RNA","1","Human optic nerve head astrocytes, normal","Homo sapiens","African American, male, age 57, normal","Four explants from each lamina cribrosa were dissected and placed into 25-cm2 Primaria tissue culture flasks and maintained in DMEM-F12 supplemented with 10% FBS and antibiotics.Cells were kept in a 37oC, 5% CO2 incubator. After 2-4 weeks, primary cultures were purified by using modified immunopanning procedure described by Mi and Barres (1999). Purified cells were expanded after characterization by immunostaining for astrocyte markers GFAP and NCAM as described (Yang and Hernandez, 2003). Second passage cell cultures were stored in RPMI 1640 with 10% DMSO in liquid nitrogen until use.","total RNA","Total RNA was extracted using Qiagen RNeasy mini kits (Qiagen, Valencia, CA). RNA was then purified and quantified by measuring absorbance at 260 nm. Quality and intactness of the RNA was assessed by capillary electrophoresis analysis using an Agilent 2100 Bioanalyzer (Agilent, Palo Alto, CA).","biotin","cRNA was synthesized from 2-5 µg purified RNA by using Superscript Choice system (Gibco BRL Life Technologies, Gaithersburg, MD ) and  T7-(dT)24 primer (GENSET, La Jolla, CA). Using Bioassay High Yield RNA Transcript Labeling Kit (Enzo Diagnostics, Farmingdale, NY), in vitro transcription was carried out by using the cleaned double-stranded cDNA as a template in the presence of biotinylated UTP and CTP.","9606","Purified biotin-labeled cRNA was fragmented before the hybridization. Hybridization of the labeled cRNA to Human Genome U133A and U133A 2.0 chips (Affymetrix, Santa Clara, CA) was carried out by using Genechip Instrument System (Affymetrix) at the Genechip Core Facility of Washington University (Saint Louis, MO).","The arrays were washed and stained with streptavidin-phycoerythrin (Molecular Probes, Eugene, OR) followed by scanning on an Agilent GeneArray Scanner G2500A (Agilent Technologies, Palo Alto, CA), and then scanned by an Affymetrix Genearray Scanner.","04-21R a","African American","The Hu133av2 and Hu133a data were first separately normalized by using RMA method. Then the data were combined based on the common probeset Ids (Hu133a's Probeset Ids) and followed by quantile normalization to reduce the batch effects.","GPL571","Pan,,Du","dupan@northwestern.edu","Northwestern University","676 N ST Clair St, 1200#","Chicago","IL","60611","USA","ftp://ftp.ncbi.nlm.nih.gov/geo/samples/GSM251nnn/GSM251519/suppl/GSM251519.CEL.gz","22277"
"04-21R-rep2","GSM251520","Public on Jan 31 2008","Dec 18 2007","Dec 22 2007","RNA","1","Human optic nerve head astrocytes, normal","Homo sapiens","African American, male, age 57, normal","Four explants from each lamina cribrosa were dissected and placed into 25-cm2 Primaria tissue culture flasks and maintained in DMEM-F12 supplemented with 10% FBS and antibiotics.Cells were kept in a 37oC, 5% CO2 incubator. After 2-4 weeks, primary cultures were purified by using modified immunopanning procedure described by Mi and Barres (1999). Purified cells were expanded after characterization by immunostaining for astrocyte markers GFAP and NCAM as described (Yang and Hernandez, 2003). Second passage cell cultures were stored in RPMI 1640 with 10% DMSO in liquid nitrogen until use.","total RNA","Total RNA was extracted using Qiagen RNeasy mini kits (Qiagen, Valencia, CA). RNA was then purified and quantified by measuring absorbance at 260 nm. Quality and intactness of the RNA was assessed by capillary electrophoresis analysis using an Agilent 2100 Bioanalyzer (Agilent, Palo Alto, CA).","biotin","cRNA was synthesized from 2-5 µg purified RNA by using Superscript Choice system (Gibco BRL Life Technologies, Gaithersburg, MD ) and  T7-(dT)24 primer (GENSET, La Jolla, CA). Using Bioassay High Yield RNA Transcript Labeling Kit (Enzo Diagnostics, Farmingdale, NY), in vitro transcription was carried out by using the cleaned double-stranded cDNA as a template in the presence of biotinylated UTP and CTP.","9606","Purified biotin-labeled cRNA was fragmented before the hybridization. Hybridization of the labeled cRNA to Human Genome U133A and U133A 2.0 chips (Affymetrix, Santa Clara, CA) was carried out by using Genechip Instrument System (Affymetrix) at the Genechip Core Facility of Washington University (Saint Louis, MO).","The arrays were washed and stained with streptavidin-phycoerythrin (Molecular Probes, Eugene, OR) followed by scanning on an Agilent GeneArray Scanner G2500A (Agilent Technologies, Palo Alto, CA), and then scanned by an Affymetrix Genearray Scanner.","04-21R b","African American","The Hu133av2 and Hu133a data were first separately normalized by using RMA method. Then the data were combined based on the common probeset Ids (Hu133a's Probeset Ids) and followed by quantile normalization to reduce the batch effects.","GPL571","Pan,,Du","dupan@northwestern.edu","Northwestern University","676 N ST Clair St, 1200#","Chicago","IL","60611","USA","ftp://ftp.ncbi.nlm.nih.gov/geo/samples/GSM251nnn/GSM251520/suppl/GSM251520.CEL.gz","22277"
"05-4L-rep1","GSM251521","Public on Jan 31 2008","Dec 18 2007","Dec 22 2007","RNA","1","Human optic nerve head astrocytes, normal","Homo sapiens","African American, female, age 47, normal","Four explants from each lamina cribrosa were dissected and placed into 25-cm2 Primaria tissue culture flasks and maintained in DMEM-F12 supplemented with 10% FBS and antibiotics.Cells were kept in a 37oC, 5% CO2 incubator. After 2-4 weeks, primary cultures were purified by using modified immunopanning procedure described by Mi and Barres (1999). Purified cells were expanded after characterization by immunostaining for astrocyte markers GFAP and NCAM as described (Yang and Hernandez, 2003). Second passage cell cultures were stored in RPMI 1640 with 10% DMSO in liquid nitrogen until use.","total RNA","Total RNA was extracted using Qiagen RNeasy mini kits (Qiagen, Valencia, CA). RNA was then purified and quantified by measuring absorbance at 260 nm. Quality and intactness of the RNA was assessed by capillary electrophoresis analysis using an Agilent 2100 Bioanalyzer (Agilent, Palo Alto, CA).","biotin","cRNA was synthesized from 2-5 µg purified RNA by using Superscript Choice system (Gibco BRL Life Technologies, Gaithersburg, MD ) and  T7-(dT)24 primer (GENSET, La Jolla, CA). Using Bioassay High Yield RNA Transcript Labeling Kit (Enzo Diagnostics, Farmingdale, NY), in vitro transcription was carried out by using the cleaned double-stranded cDNA as a template in the presence of biotinylated UTP and CTP.","9606","Purified biotin-labeled cRNA was fragmented before the hybridization. Hybridization of the labeled cRNA to Human Genome U133A and U133A 2.0 chips (Affymetrix, Santa Clara, CA) was carried out by using Genechip Instrument System (Affymetrix) at the Genechip Core Facility of Washington University (Saint Louis, MO).","The arrays were washed and stained with streptavidin-phycoerythrin (Molecular Probes, Eugene, OR) followed by scanning on an Agilent GeneArray Scanner G2500A (Agilent Technologies, Palo Alto, CA), and then scanned by an Affymetrix Genearray Scanner.","05-4L a","African American","The Hu133av2 and Hu133a data were first separately normalized by using RMA method. Then the data were combined based on the common probeset Ids (Hu133a's Probeset Ids) and followed by quantile normalization to reduce the batch effects.","GPL571","Pan,,Du","dupan@northwestern.edu","Northwestern University","676 N ST Clair St, 1200#","Chicago","IL","60611","USA","ftp://ftp.ncbi.nlm.nih.gov/geo/samples/GSM251nnn/GSM251521/suppl/GSM251521.CEL.gz","22277"
"05-4L-rep2","GSM251522","Public on Jan 31 2008","Dec 18 2007","Dec 22 2007","RNA","1","Human optic nerve head astrocytes, normal","Homo sapiens","African American, female, age 47, normal","Four explants from each lamina cribrosa were dissected and placed into 25-cm2 Primaria tissue culture flasks and maintained in DMEM-F12 supplemented with 10% FBS and antibiotics.Cells were kept in a 37oC, 5% CO2 incubator. After 2-4 weeks, primary cultures were purified by using modified immunopanning procedure described by Mi and Barres (1999). Purified cells were expanded after characterization by immunostaining for astrocyte markers GFAP and NCAM as described (Yang and Hernandez, 2003). Second passage cell cultures were stored in RPMI 1640 with 10% DMSO in liquid nitrogen until use.","total RNA","Total RNA was extracted using Qiagen RNeasy mini kits (Qiagen, Valencia, CA). RNA was then purified and quantified by measuring absorbance at 260 nm. Quality and intactness of the RNA was assessed by capillary electrophoresis analysis using an Agilent 2100 Bioanalyzer (Agilent, Palo Alto, CA).","biotin","cRNA was synthesized from 2-5 µg purified RNA by using Superscript Choice system (Gibco BRL Life Technologies, Gaithersburg, MD ) and  T7-(dT)24 primer (GENSET, La Jolla, CA). Using Bioassay High Yield RNA Transcript Labeling Kit (Enzo Diagnostics, Farmingdale, NY), in vitro transcription was carried out by using the cleaned double-stranded cDNA as a template in the presence of biotinylated UTP and CTP.","9606","Purified biotin-labeled cRNA was fragmented before the hybridization. Hybridization of the labeled cRNA to Human Genome U133A and U133A 2.0 chips (Affymetrix, Santa Clara, CA) was carried out by using Genechip Instrument System (Affymetrix) at the Genechip Core Facility of Washington University (Saint Louis, MO).","The arrays were washed and stained with streptavidin-phycoerythrin (Molecular Probes, Eugene, OR) followed by scanning on an Agilent GeneArray Scanner G2500A (Agilent Technologies, Palo Alto, CA), and then scanned by an Affymetrix Genearray Scanner.","05-4L b","African American","The Hu133av2 and Hu133a data were first separately normalized by using RMA method. Then the data were combined based on the common probeset Ids (Hu133a's Probeset Ids) and followed by quantile normalization to reduce the batch effects.","GPL571","Pan,,Du","dupan@northwestern.edu","Northwestern University","676 N ST Clair St, 1200#","Chicago","IL","60611","USA","ftp://ftp.ncbi.nlm.nih.gov/geo/samples/GSM251nnn/GSM251522/suppl/GSM251522.CEL.gz","22277"
"05-7L-rep1","GSM251523","Public on Jan 31 2008","Dec 18 2007","Dec 22 2007","RNA","1","Human optic nerve head astrocytes, normal","Homo sapiens","African American, male, age 70, normal","Four explants from each lamina cribrosa were dissected and placed into 25-cm2 Primaria tissue culture flasks and maintained in DMEM-F12 supplemented with 10% FBS and antibiotics.Cells were kept in a 37oC, 5% CO2 incubator. After 2-4 weeks, primary cultures were purified by using modified immunopanning procedure described by Mi and Barres (1999). Purified cells were expanded after characterization by immunostaining for astrocyte markers GFAP and NCAM as described (Yang and Hernandez, 2003). Second passage cell cultures were stored in RPMI 1640 with 10% DMSO in liquid nitrogen until use.","total RNA","Total RNA was extracted using Qiagen RNeasy mini kits (Qiagen, Valencia, CA). RNA was then purified and quantified by measuring absorbance at 260 nm. Quality and intactness of the RNA was assessed by capillary electrophoresis analysis using an Agilent 2100 Bioanalyzer (Agilent, Palo Alto, CA).","biotin","cRNA was synthesized from 2-5 µg purified RNA by using Superscript Choice system (Gibco BRL Life Technologies, Gaithersburg, MD ) and  T7-(dT)24 primer (GENSET, La Jolla, CA). Using Bioassay High Yield RNA Transcript Labeling Kit (Enzo Diagnostics, Farmingdale, NY), in vitro transcription was carried out by using the cleaned double-stranded cDNA as a template in the presence of biotinylated UTP and CTP.","9606","Purified biotin-labeled cRNA was fragmented before the hybridization. Hybridization of the labeled cRNA to Human Genome U133A and U133A 2.0 chips (Affymetrix, Santa Clara, CA) was carried out by using Genechip Instrument System (Affymetrix) at the Genechip Core Facility of Washington University (Saint Louis, MO).","The arrays were washed and stained with streptavidin-phycoerythrin (Molecular Probes, Eugene, OR) followed by scanning on an Agilent GeneArray Scanner G2500A (Agilent Technologies, Palo Alto, CA), and then scanned by an Affymetrix Genearray Scanner.","05-7L a","African American","The Hu133av2 and Hu133a data were first separately normalized by using RMA method. Then the data were combined based on the common probeset Ids (Hu133a's Probeset Ids) and followed by quantile normalization to reduce the batch effects.","GPL571","Pan,,Du","dupan@northwestern.edu","Northwestern University","676 N ST Clair St, 1200#","Chicago","IL","60611","USA","ftp://ftp.ncbi.nlm.nih.gov/geo/samples/GSM251nnn/GSM251523/suppl/GSM251523.CEL.gz","22277"
"05-7L-rep2","GSM251524","Public on Jan 31 2008","Dec 18 2007","Dec 22 2007","RNA","1","Human optic nerve head astrocytes, normal","Homo sapiens","African American, male, age 70, normal","Four explants from each lamina cribrosa were dissected and placed into 25-cm2 Primaria tissue culture flasks and maintained in DMEM-F12 supplemented with 10% FBS and antibiotics.Cells were kept in a 37oC, 5% CO2 incubator. After 2-4 weeks, primary cultures were purified by using modified immunopanning procedure described by Mi and Barres (1999). Purified cells were expanded after characterization by immunostaining for astrocyte markers GFAP and NCAM as described (Yang and Hernandez, 2003). Second passage cell cultures were stored in RPMI 1640 with 10% DMSO in liquid nitrogen until use.","total RNA","Total RNA was extracted using Qiagen RNeasy mini kits (Qiagen, Valencia, CA). RNA was then purified and quantified by measuring absorbance at 260 nm. Quality and intactness of the RNA was assessed by capillary electrophoresis analysis using an Agilent 2100 Bioanalyzer (Agilent, Palo Alto, CA).","biotin","cRNA was synthesized from 2-5 µg purified RNA by using Superscript Choice system (Gibco BRL Life Technologies, Gaithersburg, MD ) and  T7-(dT)24 primer (GENSET, La Jolla, CA). Using Bioassay High Yield RNA Transcript Labeling Kit (Enzo Diagnostics, Farmingdale, NY), in vitro transcription was carried out by using the cleaned double-stranded cDNA as a template in the presence of biotinylated UTP and CTP.","9606","Purified biotin-labeled cRNA was fragmented before the hybridization. Hybridization of the labeled cRNA to Human Genome U133A and U133A 2.0 chips (Affymetrix, Santa Clara, CA) was carried out by using Genechip Instrument System (Affymetrix) at the Genechip Core Facility of Washington University (Saint Louis, MO).","The arrays were washed and stained with streptavidin-phycoerythrin (Molecular Probes, Eugene, OR) followed by scanning on an Agilent GeneArray Scanner G2500A (Agilent Technologies, Palo Alto, CA), and then scanned by an Affymetrix Genearray Scanner.","05-7L b","African American","The Hu133av2 and Hu133a data were first separately normalized by using RMA method. Then the data were combined based on the common probeset Ids (Hu133a's Probeset Ids) and followed by quantile normalization to reduce the batch effects.","GPL571","Pan,,Du","dupan@northwestern.edu","Northwestern University","676 N ST Clair St, 1200#","Chicago","IL","60611","USA","ftp://ftp.ncbi.nlm.nih.gov/geo/samples/GSM251nnn/GSM251524/suppl/GSM251524.CEL.gz","22277"
"05-8R-rep1","GSM251525","Public on Jan 31 2008","Dec 18 2007","Dec 22 2007","RNA","1","Human optic nerve head astrocytes, normal","Homo sapiens","African American, male, age 62, normal","Four explants from each lamina cribrosa were dissected and placed into 25-cm2 Primaria tissue culture flasks and maintained in DMEM-F12 supplemented with 10% FBS and antibiotics.Cells were kept in a 37oC, 5% CO2 incubator. After 2-4 weeks, primary cultures were purified by using modified immunopanning procedure described by Mi and Barres (1999). Purified cells were expanded after characterization by immunostaining for astrocyte markers GFAP and NCAM as described (Yang and Hernandez, 2003). Second passage cell cultures were stored in RPMI 1640 with 10% DMSO in liquid nitrogen until use.","total RNA","Total RNA was extracted using Qiagen RNeasy mini kits (Qiagen, Valencia, CA). RNA was then purified and quantified by measuring absorbance at 260 nm. Quality and intactness of the RNA was assessed by capillary electrophoresis analysis using an Agilent 2100 Bioanalyzer (Agilent, Palo Alto, CA).","biotin","cRNA was synthesized from 2-5 µg purified RNA by using Superscript Choice system (Gibco BRL Life Technologies, Gaithersburg, MD ) and  T7-(dT)24 primer (GENSET, La Jolla, CA). Using Bioassay High Yield RNA Transcript Labeling Kit (Enzo Diagnostics, Farmingdale, NY), in vitro transcription was carried out by using the cleaned double-stranded cDNA as a template in the presence of biotinylated UTP and CTP.","9606","Purified biotin-labeled cRNA was fragmented before the hybridization. Hybridization of the labeled cRNA to Human Genome U133A and U133A 2.0 chips (Affymetrix, Santa Clara, CA) was carried out by using Genechip Instrument System (Affymetrix) at the Genechip Core Facility of Washington University (Saint Louis, MO).","The arrays were washed and stained with streptavidin-phycoerythrin (Molecular Probes, Eugene, OR) followed by scanning on an Agilent GeneArray Scanner G2500A (Agilent Technologies, Palo Alto, CA), and then scanned by an Affymetrix Genearray Scanner.","05-8R a","African American","The Hu133av2 and Hu133a data were first separately normalized by using RMA method. Then the data were combined based on the common probeset Ids (Hu133a's Probeset Ids) and followed by quantile normalization to reduce the batch effects.","GPL571","Pan,,Du","dupan@northwestern.edu","Northwestern University","676 N ST Clair St, 1200#","Chicago","IL","60611","USA","ftp://ftp.ncbi.nlm.nih.gov/geo/samples/GSM251nnn/GSM251525/suppl/GSM251525.CEL.gz","22277"
"05-8R-rep2","GSM251526","Public on Jan 31 2008","Dec 18 2007","Dec 22 2007","RNA","1","Human optic nerve head astrocytes, normal","Homo sapiens","African American, male, age 62, normal","Four explants from each lamina cribrosa were dissected and placed into 25-cm2 Primaria tissue culture flasks and maintained in DMEM-F12 supplemented with 10% FBS and antibiotics.Cells were kept in a 37oC, 5% CO2 incubator. After 2-4 weeks, primary cultures were purified by using modified immunopanning procedure described by Mi and Barres (1999). Purified cells were expanded after characterization by immunostaining for astrocyte markers GFAP and NCAM as described (Yang and Hernandez, 2003). Second passage cell cultures were stored in RPMI 1640 with 10% DMSO in liquid nitrogen until use.","total RNA","Total RNA was extracted using Qiagen RNeasy mini kits (Qiagen, Valencia, CA). RNA was then purified and quantified by measuring absorbance at 260 nm. Quality and intactness of the RNA was assessed by capillary electrophoresis analysis using an Agilent 2100 Bioanalyzer (Agilent, Palo Alto, CA).","biotin","cRNA was synthesized from 2-5 µg purified RNA by using Superscript Choice system (Gibco BRL Life Technologies, Gaithersburg, MD ) and  T7-(dT)24 primer (GENSET, La Jolla, CA). Using Bioassay High Yield RNA Transcript Labeling Kit (Enzo Diagnostics, Farmingdale, NY), in vitro transcription was carried out by using the cleaned double-stranded cDNA as a template in the presence of biotinylated UTP and CTP.","9606","Purified biotin-labeled cRNA was fragmented before the hybridization. Hybridization of the labeled cRNA to Human Genome U133A and U133A 2.0 chips (Affymetrix, Santa Clara, CA) was carried out by using Genechip Instrument System (Affymetrix) at the Genechip Core Facility of Washington University (Saint Louis, MO).","The arrays were washed and stained with streptavidin-phycoerythrin (Molecular Probes, Eugene, OR) followed by scanning on an Agilent GeneArray Scanner G2500A (Agilent Technologies, Palo Alto, CA), and then scanned by an Affymetrix Genearray Scanner.","05-8R b","African American","The Hu133av2 and Hu133a data were first separately normalized by using RMA method. Then the data were combined based on the common probeset Ids (Hu133a's Probeset Ids) and followed by quantile normalization to reduce the batch effects.","GPL571","Pan,,Du","dupan@northwestern.edu","Northwestern University","676 N ST Clair St, 1200#","Chicago","IL","60611","USA","ftp://ftp.ncbi.nlm.nih.gov/geo/samples/GSM251nnn/GSM251526/suppl/GSM251526.CEL.gz","22277"
"05-13L-rep1","GSM251527","Public on Jan 31 2008","Dec 18 2007","Dec 22 2007","RNA","1","Human optic nerve head astrocytes, normal","Homo sapiens","African American, male, age 73, normal","Four explants from each lamina cribrosa were dissected and placed into 25-cm2 Primaria tissue culture flasks and maintained in DMEM-F12 supplemented with 10% FBS and antibiotics.Cells were kept in a 37oC, 5% CO2 incubator. After 2-4 weeks, primary cultures were purified by using modified immunopanning procedure described by Mi and Barres (1999). Purified cells were expanded after characterization by immunostaining for astrocyte markers GFAP and NCAM as described (Yang and Hernandez, 2003). Second passage cell cultures were stored in RPMI 1640 with 10% DMSO in liquid nitrogen until use.","total RNA","Total RNA was extracted using Qiagen RNeasy mini kits (Qiagen, Valencia, CA). RNA was then purified and quantified by measuring absorbance at 260 nm. Quality and intactness of the RNA was assessed by capillary electrophoresis analysis using an Agilent 2100 Bioanalyzer (Agilent, Palo Alto, CA).","biotin","cRNA was synthesized from 2-5 µg purified RNA by using Superscript Choice system (Gibco BRL Life Technologies, Gaithersburg, MD ) and  T7-(dT)24 primer (GENSET, La Jolla, CA). Using Bioassay High Yield RNA Transcript Labeling Kit (Enzo Diagnostics, Farmingdale, NY), in vitro transcription was carried out by using the cleaned double-stranded cDNA as a template in the presence of biotinylated UTP and CTP.","9606","Purified biotin-labeled cRNA was fragmented before the hybridization. Hybridization of the labeled cRNA to Human Genome U133A and U133A 2.0 chips (Affymetrix, Santa Clara, CA) was carried out by using Genechip Instrument System (Affymetrix) at the Genechip Core Facility of Washington University (Saint Louis, MO).","The arrays were washed and stained with streptavidin-phycoerythrin (Molecular Probes, Eugene, OR) followed by scanning on an Agilent GeneArray Scanner G2500A (Agilent Technologies, Palo Alto, CA), and then scanned by an Affymetrix Genearray Scanner.","05-13L a","African American","The Hu133av2 and Hu133a data were first separately normalized by using RMA method. Then the data were combined based on the common probeset Ids (Hu133a's Probeset Ids) and followed by quantile normalization to reduce the batch effects.","GPL571","Pan,,Du","dupan@northwestern.edu","Northwestern University","676 N ST Clair St, 1200#","Chicago","IL","60611","USA","ftp://ftp.ncbi.nlm.nih.gov/geo/samples/GSM251nnn/GSM251527/suppl/GSM251527.CEL.gz","22277"
"05-13L-rep2","GSM251528","Public on Jan 31 2008","Dec 18 2007","Dec 22 2007","RNA","1","Human optic nerve head astrocytes, normal","Homo sapiens","African American, male, age 73, normal","Four explants from each lamina cribrosa were dissected and placed into 25-cm2 Primaria tissue culture flasks and maintained in DMEM-F12 supplemented with 10% FBS and antibiotics.Cells were kept in a 37oC, 5% CO2 incubator. After 2-4 weeks, primary cultures were purified by using modified immunopanning procedure described by Mi and Barres (1999). Purified cells were expanded after characterization by immunostaining for astrocyte markers GFAP and NCAM as described (Yang and Hernandez, 2003). Second passage cell cultures were stored in RPMI 1640 with 10% DMSO in liquid nitrogen until use.","total RNA","Total RNA was extracted using Qiagen RNeasy mini kits (Qiagen, Valencia, CA). RNA was then purified and quantified by measuring absorbance at 260 nm. Quality and intactness of the RNA was assessed by capillary electrophoresis analysis using an Agilent 2100 Bioanalyzer (Agilent, Palo Alto, CA).","biotin","cRNA was synthesized from 2-5 µg purified RNA by using Superscript Choice system (Gibco BRL Life Technologies, Gaithersburg, MD ) and  T7-(dT)24 primer (GENSET, La Jolla, CA). Using Bioassay High Yield RNA Transcript Labeling Kit (Enzo Diagnostics, Farmingdale, NY), in vitro transcription was carried out by using the cleaned double-stranded cDNA as a template in the presence of biotinylated UTP and CTP.","9606","Purified biotin-labeled cRNA was fragmented before the hybridization. Hybridization of the labeled cRNA to Human Genome U133A and U133A 2.0 chips (Affymetrix, Santa Clara, CA) was carried out by using Genechip Instrument System (Affymetrix) at the Genechip Core Facility of Washington University (Saint Louis, MO).","The arrays were washed and stained with streptavidin-phycoerythrin (Molecular Probes, Eugene, OR) followed by scanning on an Agilent GeneArray Scanner G2500A (Agilent Technologies, Palo Alto, CA), and then scanned by an Affymetrix Genearray Scanner.","05-13L b","African American","The Hu133av2 and Hu133a data were first separately normalized by using RMA method. Then the data were combined based on the common probeset Ids (Hu133a's Probeset Ids) and followed by quantile normalization to reduce the batch effects.","GPL571","Pan,,Du","dupan@northwestern.edu","Northwestern University","676 N ST Clair St, 1200#","Chicago","IL","60611","USA","ftp://ftp.ncbi.nlm.nih.gov/geo/samples/GSM251nnn/GSM251528/suppl/GSM251528.CEL.gz","22277"
"05-14L-rep1","GSM251529","Public on Jan 31 2008","Dec 18 2007","Dec 22 2007","RNA","1","Human optic nerve head astrocytes, normal","Homo sapiens","African American, male, age 38, normal","Four explants from each lamina cribrosa were dissected and placed into 25-cm2 Primaria tissue culture flasks and maintained in DMEM-F12 supplemented with 10% FBS and antibiotics.Cells were kept in a 37oC, 5% CO2 incubator. After 2-4 weeks, primary cultures were purified by using modified immunopanning procedure described by Mi and Barres (1999). Purified cells were expanded after characterization by immunostaining for astrocyte markers GFAP and NCAM as described (Yang and Hernandez, 2003). Second passage cell cultures were stored in RPMI 1640 with 10% DMSO in liquid nitrogen until use.","total RNA","Total RNA was extracted using Qiagen RNeasy mini kits (Qiagen, Valencia, CA). RNA was then purified and quantified by measuring absorbance at 260 nm. Quality and intactness of the RNA was assessed by capillary electrophoresis analysis using an Agilent 2100 Bioanalyzer (Agilent, Palo Alto, CA).","biotin","cRNA was synthesized from 2-5 µg purified RNA by using Superscript Choice system (Gibco BRL Life Technologies, Gaithersburg, MD ) and  T7-(dT)24 primer (GENSET, La Jolla, CA). Using Bioassay High Yield RNA Transcript Labeling Kit (Enzo Diagnostics, Farmingdale, NY), in vitro transcription was carried out by using the cleaned double-stranded cDNA as a template in the presence of biotinylated UTP and CTP.","9606","Purified biotin-labeled cRNA was fragmented before the hybridization. Hybridization of the labeled cRNA to Human Genome U133A and U133A 2.0 chips (Affymetrix, Santa Clara, CA) was carried out by using Genechip Instrument System (Affymetrix) at the Genechip Core Facility of Washington University (Saint Louis, MO).","The arrays were washed and stained with streptavidin-phycoerythrin (Molecular Probes, Eugene, OR) followed by scanning on an Agilent GeneArray Scanner G2500A (Agilent Technologies, Palo Alto, CA), and then scanned by an Affymetrix Genearray Scanner.","05-14L a","African American","The Hu133av2 and Hu133a data were first separately normalized by using RMA method. Then the data were combined based on the common probeset Ids (Hu133a's Probeset Ids) and followed by quantile normalization to reduce the batch effects.","GPL571","Pan,,Du","dupan@northwestern.edu","Northwestern University","676 N ST Clair St, 1200#","Chicago","IL","60611","USA","ftp://ftp.ncbi.nlm.nih.gov/geo/samples/GSM251nnn/GSM251529/suppl/GSM251529.CEL.gz","22277"
"05-14L-rep2","GSM251530","Public on Jan 31 2008","Dec 18 2007","Dec 22 2007","RNA","1","Human optic nerve head astrocytes, normal","Homo sapiens","African American, male, age 38, normal","Four explants from each lamina cribrosa were dissected and placed into 25-cm2 Primaria tissue culture flasks and maintained in DMEM-F12 supplemented with 10% FBS and antibiotics.Cells were kept in a 37oC, 5% CO2 incubator. After 2-4 weeks, primary cultures were purified by using modified immunopanning procedure described by Mi and Barres (1999). Purified cells were expanded after characterization by immunostaining for astrocyte markers GFAP and NCAM as described (Yang and Hernandez, 2003). Second passage cell cultures were stored in RPMI 1640 with 10% DMSO in liquid nitrogen until use.","total RNA","Total RNA was extracted using Qiagen RNeasy mini kits (Qiagen, Valencia, CA). RNA was then purified and quantified by measuring absorbance at 260 nm. Quality and intactness of the RNA was assessed by capillary electrophoresis analysis using an Agilent 2100 Bioanalyzer (Agilent, Palo Alto, CA).","biotin","cRNA was synthesized from 2-5 µg purified RNA by using Superscript Choice system (Gibco BRL Life Technologies, Gaithersburg, MD ) and  T7-(dT)24 primer (GENSET, La Jolla, CA). Using Bioassay High Yield RNA Transcript Labeling Kit (Enzo Diagnostics, Farmingdale, NY), in vitro transcription was carried out by using the cleaned double-stranded cDNA as a template in the presence of biotinylated UTP and CTP.","9606","Purified biotin-labeled cRNA was fragmented before the hybridization. Hybridization of the labeled cRNA to Human Genome U133A and U133A 2.0 chips (Affymetrix, Santa Clara, CA) was carried out by using Genechip Instrument System (Affymetrix) at the Genechip Core Facility of Washington University (Saint Louis, MO).","The arrays were washed and stained with streptavidin-phycoerythrin (Molecular Probes, Eugene, OR) followed by scanning on an Agilent GeneArray Scanner G2500A (Agilent Technologies, Palo Alto, CA), and then scanned by an Affymetrix Genearray Scanner.","05-14L b","African American","The Hu133av2 and Hu133a data were first separately normalized by using RMA method. Then the data were combined based on the common probeset Ids (Hu133a's Probeset Ids) and followed by quantile normalization to reduce the batch effects.","GPL571","Pan,,Du","dupan@northwestern.edu","Northwestern University","676 N ST Clair St, 1200#","Chicago","IL","60611","USA","ftp://ftp.ncbi.nlm.nih.gov/geo/samples/GSM251nnn/GSM251530/suppl/GSM251530.CEL.gz","22277"
"04-20L-rep1","GSM251922","Public on Jan 31 2008","Dec 19 2007","Dec 22 2007","RNA","1","Human optic nerve head astrocytes, glaucoma","Homo sapiens","African American, male, age 67, glaucoma","Four explants from each lamina cribrosa were dissected and placed into 25-cm2 Primaria tissue culture flasks and maintained in DMEM-F12 supplemented with 10% FBS and antibiotics.Cells were kept in a 37oC, 5% CO2 incubator. After 2-4 weeks, primary cultures were purified by using modified immunopanning procedure described by Mi and Barres (1999). Purified cells were expanded after characterization by immunostaining for astrocyte markers GFAP and NCAM as described (Yang and Hernandez, 2003). Second passage cell cultures were stored in RPMI 1640 with 10% DMSO in liquid nitrogen until use.","total RNA","Total RNA was extracted using Qiagen RNeasy mini kits (Qiagen, Valencia, CA). RNA was then purified and quantified by measuring absorbance at 260 nm. Quality and intactness of the RNA was assessed by capillary electrophoresis analysis using an Agilent 2100 Bioanalyzer (Agilent, Palo Alto, CA).","biotin","cRNA was synthesized from 2-5 µg purified RNA by using Superscript Choice system (Gibco BRL Life Technologies, Gaithersburg, MD ) and  T7-(dT)24 primer (GENSET, La Jolla, CA). Using Bioassay High Yield RNA Transcript Labeling Kit (Enzo Diagnostics, Farmingdale, NY), in vitro transcription was carried out by using the cleaned double-stranded cDNA as a template in the presence of biotinylated UTP and CTP.","9606","Purified biotin-labeled cRNA was fragmented before the hybridization. Hybridization of the labeled cRNA to Human Genome U133A 2.0 and U95 chips (Affymetrix, Santa Clara, CA) was carried out by using Genechip Instrument System (Affymetrix) at the Genechip Core Facility of Washington University (Saint Louis, MO).","The arrays were washed and stained with streptavidin-phycoerythrin (Molecular Probes, Eugene, OR) followed by scanning on an Agilent GeneArray Scanner G2500A (Agilent Technologies, Palo Alto, CA), and then scanned by an Affymetrix Genearray Scanner.","04-20L a","African American with glaucoma","RMA normalized using affy Bioconductor package","GPL571","Pan,,Du","dupan@northwestern.edu","Northwestern University","676 N ST Clair St, 1200#","Chicago","IL","60611","USA","ftp://ftp.ncbi.nlm.nih.gov/geo/samples/GSM251nnn/GSM251922/suppl/GSM251922.CEL.gz","22277"
"04-20L-rep2","GSM251923","Public on Jan 31 2008","Dec 19 2007","Dec 22 2007","RNA","1","Human optic nerve head astrocytes, glaucoma","Homo sapiens","African American, male, age 67, glaucoma","Four explants from each lamina cribrosa were dissected and placed into 25-cm2 Primaria tissue culture flasks and maintained in DMEM-F12 supplemented with 10% FBS and antibiotics.Cells were kept in a 37oC, 5% CO2 incubator. After 2-4 weeks, primary cultures were purified by using modified immunopanning procedure described by Mi and Barres (1999). Purified cells were expanded after characterization by immunostaining for astrocyte markers GFAP and NCAM as described (Yang and Hernandez, 2003). Second passage cell cultures were stored in RPMI 1640 with 10% DMSO in liquid nitrogen until use.","total RNA","Total RNA was extracted using Qiagen RNeasy mini kits (Qiagen, Valencia, CA). RNA was then purified and quantified by measuring absorbance at 260 nm. Quality and intactness of the RNA was assessed by capillary electrophoresis analysis using an Agilent 2100 Bioanalyzer (Agilent, Palo Alto, CA).","biotin","cRNA was synthesized from 2-5 µg purified RNA by using Superscript Choice system (Gibco BRL Life Technologies, Gaithersburg, MD ) and  T7-(dT)24 primer (GENSET, La Jolla, CA). Using Bioassay High Yield RNA Transcript Labeling Kit (Enzo Diagnostics, Farmingdale, NY), in vitro transcription was carried out by using the cleaned double-stranded cDNA as a template in the presence of biotinylated UTP and CTP.","9606","Purified biotin-labeled cRNA was fragmented before the hybridization. Hybridization of the labeled cRNA to Human Genome U133A 2.0 and U95 chips (Affymetrix, Santa Clara, CA) was carried out by using Genechip Instrument System (Affymetrix) at the Genechip Core Facility of Washington University (Saint Louis, MO).","The arrays were washed and stained with streptavidin-phycoerythrin (Molecular Probes, Eugene, OR) followed by scanning on an Agilent GeneArray Scanner G2500A (Agilent Technologies, Palo Alto, CA), and then scanned by an Affymetrix Genearray Scanner.","04-20L b","African American with glaucoma","RMA normalized using affy Bioconductor package","GPL571","Pan,,Du","dupan@northwestern.edu","Northwestern University","676 N ST Clair St, 1200#","Chicago","IL","60611","USA","ftp://ftp.ncbi.nlm.nih.gov/geo/samples/GSM251nnn/GSM251923/suppl/GSM251923.CEL.gz","22277"
"04-24R-rep1","GSM251924","Public on Jan 31 2008","Dec 19 2007","Dec 22 2007","RNA","1","Human optic nerve head astrocytes, glaucoma","Homo sapiens","African American, female, age 53, glaucoma","Four explants from each lamina cribrosa were dissected and placed into 25-cm2 Primaria tissue culture flasks and maintained in DMEM-F12 supplemented with 10% FBS and antibiotics.Cells were kept in a 37oC, 5% CO2 incubator. After 2-4 weeks, primary cultures were purified by using modified immunopanning procedure described by Mi and Barres (1999). Purified cells were expanded after characterization by immunostaining for astrocyte markers GFAP and NCAM as described (Yang and Hernandez, 2003). Second passage cell cultures were stored in RPMI 1640 with 10% DMSO in liquid nitrogen until use.","total RNA","Total RNA was extracted using Qiagen RNeasy mini kits (Qiagen, Valencia, CA). RNA was then purified and quantified by measuring absorbance at 260 nm. Quality and intactness of the RNA was assessed by capillary electrophoresis analysis using an Agilent 2100 Bioanalyzer (Agilent, Palo Alto, CA).","biotin","cRNA was synthesized from 2-5 µg purified RNA by using Superscript Choice system (Gibco BRL Life Technologies, Gaithersburg, MD ) and  T7-(dT)24 primer (GENSET, La Jolla, CA). Using Bioassay High Yield RNA Transcript Labeling Kit (Enzo Diagnostics, Farmingdale, NY), in vitro transcription was carried out by using the cleaned double-stranded cDNA as a template in the presence of biotinylated UTP and CTP.","9606","Purified biotin-labeled cRNA was fragmented before the hybridization. Hybridization of the labeled cRNA to Human Genome U133A 2.0 and U95 chips (Affymetrix, Santa Clara, CA) was carried out by using Genechip Instrument System (Affymetrix) at the Genechip Core Facility of Washington University (Saint Louis, MO).","The arrays were washed and stained with streptavidin-phycoerythrin (Molecular Probes, Eugene, OR) followed by scanning on an Agilent GeneArray Scanner G2500A (Agilent Technologies, Palo Alto, CA), and then scanned by an Affymetrix Genearray Scanner.","04-24R a","African American with glaucoma","RMA normalized using affy Bioconductor package","GPL571","Pan,,Du","dupan@northwestern.edu","Northwestern University","676 N ST Clair St, 1200#","Chicago","IL","60611","USA","ftp://ftp.ncbi.nlm.nih.gov/geo/samples/GSM251nnn/GSM251924/suppl/GSM251924.CEL.gz","22277"
"04-24R-rep2","GSM251925","Public on Jan 31 2008","Dec 19 2007","Dec 22 2007","RNA","1","Human optic nerve head astrocytes, glaucoma","Homo sapiens","African American, female, age 53, glaucoma","Four explants from each lamina cribrosa were dissected and placed into 25-cm2 Primaria tissue culture flasks and maintained in DMEM-F12 supplemented with 10% FBS and antibiotics.Cells were kept in a 37oC, 5% CO2 incubator. After 2-4 weeks, primary cultures were purified by using modified immunopanning procedure described by Mi and Barres (1999). Purified cells were expanded after characterization by immunostaining for astrocyte markers GFAP and NCAM as described (Yang and Hernandez, 2003). Second passage cell cultures were stored in RPMI 1640 with 10% DMSO in liquid nitrogen until use.","total RNA","Total RNA was extracted using Qiagen RNeasy mini kits (Qiagen, Valencia, CA). RNA was then purified and quantified by measuring absorbance at 260 nm. Quality and intactness of the RNA was assessed by capillary electrophoresis analysis using an Agilent 2100 Bioanalyzer (Agilent, Palo Alto, CA).","biotin","cRNA was synthesized from 2-5 µg purified RNA by using Superscript Choice system (Gibco BRL Life Technologies, Gaithersburg, MD ) and  T7-(dT)24 primer (GENSET, La Jolla, CA). Using Bioassay High Yield RNA Transcript Labeling Kit (Enzo Diagnostics, Farmingdale, NY), in vitro transcription was carried out by using the cleaned double-stranded cDNA as a template in the presence of biotinylated UTP and CTP.","9606","Purified biotin-labeled cRNA was fragmented before the hybridization. Hybridization of the labeled cRNA to Human Genome U133A 2.0 and U95 chips (Affymetrix, Santa Clara, CA) was carried out by using Genechip Instrument System (Affymetrix) at the Genechip Core Facility of Washington University (Saint Louis, MO).","The arrays were washed and stained with streptavidin-phycoerythrin (Molecular Probes, Eugene, OR) followed by scanning on an Agilent GeneArray Scanner G2500A (Agilent Technologies, Palo Alto, CA), and then scanned by an Affymetrix Genearray Scanner.","04-24R b","African American with glaucoma","RMA normalized using affy Bioconductor package","GPL571","Pan,,Du","dupan@northwestern.edu","Northwestern University","676 N ST Clair St, 1200#","Chicago","IL","60611","USA","ftp://ftp.ncbi.nlm.nih.gov/geo/samples/GSM251nnn/GSM251925/suppl/GSM251925.CEL.gz","22277"
"05-16L-rep1","GSM251926","Public on Jan 31 2008","Dec 19 2007","Dec 22 2007","RNA","1","Human optic nerve head astrocytes, glaucoma","Homo sapiens","African American, female, age 56, glaucoma","Four explants from each lamina cribrosa were dissected and placed into 25-cm2 Primaria tissue culture flasks and maintained in DMEM-F12 supplemented with 10% FBS and antibiotics.Cells were kept in a 37oC, 5% CO2 incubator. After 2-4 weeks, primary cultures were purified by using modified immunopanning procedure described by Mi and Barres (1999). Purified cells were expanded after characterization by immunostaining for astrocyte markers GFAP and NCAM as described (Yang and Hernandez, 2003). Second passage cell cultures were stored in RPMI 1640 with 10% DMSO in liquid nitrogen until use.","total RNA","Total RNA was extracted using Qiagen RNeasy mini kits (Qiagen, Valencia, CA). RNA was then purified and quantified by measuring absorbance at 260 nm. Quality and intactness of the RNA was assessed by capillary electrophoresis analysis using an Agilent 2100 Bioanalyzer (Agilent, Palo Alto, CA).","biotin","cRNA was synthesized from 2-5 µg purified RNA by using Superscript Choice system (Gibco BRL Life Technologies, Gaithersburg, MD ) and  T7-(dT)24 primer (GENSET, La Jolla, CA). Using Bioassay High Yield RNA Transcript Labeling Kit (Enzo Diagnostics, Farmingdale, NY), in vitro transcription was carried out by using the cleaned double-stranded cDNA as a template in the presence of biotinylated UTP and CTP.","9606","Purified biotin-labeled cRNA was fragmented before the hybridization. Hybridization of the labeled cRNA to Human Genome U133A 2.0 and U95 chips (Affymetrix, Santa Clara, CA) was carried out by using Genechip Instrument System (Affymetrix) at the Genechip Core Facility of Washington University (Saint Louis, MO).","The arrays were washed and stained with streptavidin-phycoerythrin (Molecular Probes, Eugene, OR) followed by scanning on an Agilent GeneArray Scanner G2500A (Agilent Technologies, Palo Alto, CA), and then scanned by an Affymetrix Genearray Scanner.","05-16L a","African American with glaucoma","RMA normalized using affy Bioconductor package","GPL571","Pan,,Du","dupan@northwestern.edu","Northwestern University","676 N ST Clair St, 1200#","Chicago","IL","60611","USA","ftp://ftp.ncbi.nlm.nih.gov/geo/samples/GSM251nnn/GSM251926/suppl/GSM251926.CEL.gz","22277"
"05-16L-rep2","GSM251927","Public on Jan 31 2008","Dec 19 2007","Dec 22 2007","RNA","1","Human optic nerve head astrocytes, glaucoma","Homo sapiens","African American, female, age 56, glaucoma","Four explants from each lamina cribrosa were dissected and placed into 25-cm2 Primaria tissue culture flasks and maintained in DMEM-F12 supplemented with 10% FBS and antibiotics.Cells were kept in a 37oC, 5% CO2 incubator. After 2-4 weeks, primary cultures were purified by using modified immunopanning procedure described by Mi and Barres (1999). Purified cells were expanded after characterization by immunostaining for astrocyte markers GFAP and NCAM as described (Yang and Hernandez, 2003). Second passage cell cultures were stored in RPMI 1640 with 10% DMSO in liquid nitrogen until use.","total RNA","Total RNA was extracted using Qiagen RNeasy mini kits (Qiagen, Valencia, CA). RNA was then purified and quantified by measuring absorbance at 260 nm. Quality and intactness of the RNA was assessed by capillary electrophoresis analysis using an Agilent 2100 Bioanalyzer (Agilent, Palo Alto, CA).","biotin","cRNA was synthesized from 2-5 µg purified RNA by using Superscript Choice system (Gibco BRL Life Technologies, Gaithersburg, MD ) and  T7-(dT)24 primer (GENSET, La Jolla, CA). Using Bioassay High Yield RNA Transcript Labeling Kit (Enzo Diagnostics, Farmingdale, NY), in vitro transcription was carried out by using the cleaned double-stranded cDNA as a template in the presence of biotinylated UTP and CTP.","9606","Purified biotin-labeled cRNA was fragmented before the hybridization. Hybridization of the labeled cRNA to Human Genome U133A 2.0 and U95 chips (Affymetrix, Santa Clara, CA) was carried out by using Genechip Instrument System (Affymetrix) at the Genechip Core Facility of Washington University (Saint Louis, MO).","The arrays were washed and stained with streptavidin-phycoerythrin (Molecular Probes, Eugene, OR) followed by scanning on an Agilent GeneArray Scanner G2500A (Agilent Technologies, Palo Alto, CA), and then scanned by an Affymetrix Genearray Scanner.","05-16L b","African American with glaucoma","RMA normalized using affy Bioconductor package","GPL571","Pan,,Du","dupan@northwestern.edu","Northwestern University","676 N ST Clair St, 1200#","Chicago","IL","60611","USA","ftp://ftp.ncbi.nlm.nih.gov/geo/samples/GSM251nnn/GSM251927/suppl/GSM251927.CEL.gz","22277"
